
/* Generated on Sat Sep  5 10:55:56 2026 from -i */
/* Re-sized : False */
/* Rotated : 0.0 deg */

#include "arm_2d.h"

#if defined(__clang__)
#   pragma clang diagnostic push
#   pragma clang diagnostic ignored "-Wunknown-warning-option"
#   pragma clang diagnostic ignored "-Wreserved-identifier"
#   pragma clang diagnostic ignored "-Wmissing-variable-declarations"
#   pragma clang diagnostic ignored "-Wcast-qual"
#elif defined(__IS_COMPILER_ARM_COMPILER_5__)
#   pragma diag_suppress=1296
#endif



ARM_SECTION("arm2d.asset.c_bmpPlatformerMidFarRGB565")
const uint16_t c_bmpPlatformerMidFarRGB565[1040*114] = {
/* -0- */
0x0000, 0x0000, 0x0000, 0x0000, 0x0000, 0x0000, 0x0000, 0x0000, 0x0000, 0x0000, 0x0000, 0x0000, 0x0000, 0x0000, 0x0000, 0x0000,
0x0000, 0x0000, 0x0000, 0x0000, 0x0000, 0x0000, 0x0000, 0x0000, 0x0000, 0x0000, 0x0000, 0x0000, 0x0000, 0x0000, 0x0000, 0x0000,
0x0000, 0x0000, 0x0000, 0x0000, 0x0000, 0x0000, 0x0000, 0x0000, 0x0000, 0x0000, 0x0000, 0x0000, 0x0000, 0x0000, 0x0000, 0x0000,
0x0000, 0x0000, 0x0000, 0x0000, 0x0000, 0x0000, 0x0000, 0x0000, 0x0000, 0x0000, 0x0000, 0x0000, 0x0000, 0x0000, 0x0000, 0x0000,
0x0000, 0x0000, 0x0000, 0x0000, 0x0000, 0x0000, 0x0000, 0x0000, 0x0000, 0x0000, 0x0000, 0x0000, 0x0000, 0x0000, 0x0000, 0x0000,
0x0000, 0x0000, 0x0000, 0x0000, 0x0000, 0x0000, 0x0000, 0x0000, 0x0000, 0x0000, 0x0000, 0x0000, 0x0000, 0x0000, 0x0000, 0x0000,
0x0000, 0x0000, 0x0000, 0x0000, 0x0000, 0x0000, 0x0000, 0x0000, 0x0000, 0x0000, 0x0000, 0x0000, 0x0000, 0x0000, 0x0000, 0x0000,
0x0000, 0x0000, 0x0000, 0x0000, 0x0000, 0x0000, 0x0000, 0x0000, 0x0000, 0x0000, 0x0000, 0x0000, 0x0000, 0x0000, 0x0000, 0x0000,
0x0000, 0x0000, 0x0000, 0x0000, 0x0000, 0x0000, 0x0000, 0x0000, 0x0000, 0x0000, 0x0000, 0x0000, 0x0000, 0x0000, 0x0000, 0x0000,
0x0000, 0x0000, 0x0000, 0x0000, 0x0000, 0x0000, 0x0000, 0x0000, 0x0000, 0x0000, 0x0000, 0x0000, 0x0000, 0x0000, 0x0000, 0x0000,
0x0000, 0x0000, 0x0000, 0x0000, 0x0000, 0x0000, 0x0000, 0x0000, 0x0000, 0x0000, 0x0000, 0x0000, 0x0000, 0x0000, 0x0000, 0x0000,
0x0000, 0x0000, 0x0000, 0x0000, 0x0000, 0x0000, 0x0000, 0x0000, 0x0000, 0x0000, 0x0000, 0x0000, 0x0000, 0x0000, 0x0000, 0x0000,
0x0000, 0x0000, 0x0000, 0x0000, 0x0000, 0x0000, 0x0000, 0x0000, 0x0000, 0x0000, 0x0000, 0x0000, 0x0000, 0x0000, 0x0000, 0x0000,
0x0000, 0x0000, 0x0000, 0x0000, 0x0000, 0x0000, 0x0000, 0x0000, 0x0000, 0x0000, 0x0000, 0x0000, 0x0000, 0x0000, 0x0000, 0x0000,
0x0000, 0x0000, 0x0000, 0x0000, 0x0000, 0x0000, 0x0000, 0x0000, 0x0000, 0x0000, 0x0000, 0x0000, 0x0000, 0x0000, 0x0000, 0x0000,
0x0000, 0x0000, 0x0000, 0x0000, 0x0000, 0x0000, 0x0000, 0x0000, 0x0000, 0x0000, 0x0000, 0x0000, 0x0000, 0x0000, 0x0000, 0x0000,
0x0000, 0x0000, 0x0000, 0x0000, 0x0000, 0x0000, 0x0000, 0x0000, 0x0000, 0x0000, 0x0000, 0x0000, 0x0000, 0x0000, 0x0000, 0x0000,
0x0000, 0x0000, 0x0000, 0x0000, 0x0000, 0x0000, 0x0000, 0x0000, 0x0000, 0x0000, 0x0000, 0x0000, 0x0000, 0x0000, 0x0000, 0x0000,
0x0000, 0x0000, 0x0000, 0x0000, 0x0000, 0x0000, 0x0000, 0x0000, 0x0000, 0x0000, 0x0000, 0x0000, 0x0000, 0x0000, 0x0000, 0x0000,
0x0000, 0x0000, 0x0000, 0x0000, 0x0000, 0x0000, 0x0000, 0x0000, 0x0000, 0x0000, 0x0000, 0x0000, 0x0000, 0x0000, 0x0000, 0x0000,
0x0000, 0x0000, 0x0000, 0x0000, 0x0000, 0x0000, 0x0000, 0x0000, 0x0000, 0x0000, 0x5555, 0x0000, 0x0000, 0x0000, 0x0000, 0x5557,
0x54f5, 0x54d5, 0x54f5, 0x54d5, 0x54d5, 0x54f5, 0x54d5, 0x5494, 0x0000, 0x0000, 0x0000, 0x5555, 0x3bef, 0x7bef, 0x0000, 0x0000,
0x0000, 0x0000, 0x0000, 0x0000, 0x0000, 0x0000, 0x0000, 0x0000, 0x0000, 0x0000, 0x0000, 0x0000, 0x0000, 0x0000, 0x0000, 0x0000,
0x0000, 0x0000, 0x0000, 0x0000, 0x0000, 0x0000, 0x0000, 0x0000, 0x0000, 0x0000, 0x0000, 0x0000, 0x0000, 0x0000, 0x0000, 0x0000,
0x0000, 0x0000, 0x0000, 0x0000, 0x0000, 0x0000, 0x0000, 0x0000, 0x0000, 0x0000, 0x0000, 0x0000, 0x0000, 0x0000, 0x0000, 0x0000,
0x0000, 0x0000, 0x0000, 0x0000, 0x0000, 0x0000, 0x0000, 0x0000, 0x0000, 0x0000, 0x0000, 0x0000, 0x0000, 0x0000, 0x0000, 0x0000,
0x0000, 0x0000, 0x0000, 0x0000, 0x0000, 0x0000, 0x0000, 0x0000, 0x0000, 0x0000, 0x0000, 0x0000, 0x0000, 0x0000, 0x0000, 0x0000,
0x0000, 0x0000, 0x0000, 0x0000, 0x0000, 0x0000, 0x0000, 0x0000, 0x0000, 0x0000, 0x0000, 0x0000, 0x0000, 0x0000, 0x0000, 0x0000,
0x0000, 0x0000, 0x0000, 0x0000, 0x0000, 0x0000, 0x0000, 0x0000, 0x0000, 0x0000, 0x0000, 0x0000, 0x0000, 0x0000, 0x0000, 0x0000,
0x0000, 0x0000, 0x0000, 0x0000, 0x0000, 0x0000, 0x0000, 0x0000, 0x0000, 0x0000, 0x0000, 0x0000, 0x0000, 0x0000, 0x0000, 0x0000,
0x0000, 0x0000, 0x0000, 0x0000, 0x0000, 0x0000, 0x0000, 0x0000, 0x0000, 0x0000, 0x0000, 0x0000, 0x0000, 0x0000, 0x0000, 0x0000,
0x0000, 0x0000, 0x0000, 0x0000, 0x0000, 0x0000, 0x0000, 0x0000, 0x0000, 0x0000, 0x0000, 0x0000, 0x0000, 0x0000, 0x0000, 0x0000,
0x0000, 0x0000, 0x0000, 0x0000, 0x0000, 0x0000, 0x0000, 0x0000, 0x0000, 0x0000, 0x0000, 0x0000, 0x0000, 0x0000, 0x0000, 0x0000,
0x0000, 0x0000, 0x0000, 0x0000, 0x0000, 0x0000, 0x0000, 0x0000, 0x0000, 0x0000, 0x0000, 0x0000, 0x0000, 0x0000, 0x0000, 0x0000,
0x0000, 0x0000, 0x0000, 0x0000, 0x0000, 0x0000, 0x0000, 0x0000, 0x0000, 0x0000, 0x0000, 0x0000, 0x0000, 0x0000, 0x0000, 0x0000,
0x0000, 0x0000, 0x0000, 0x0000, 0x0000, 0x0000, 0x0000, 0x0000, 0x0000, 0x0000, 0x0000, 0x0000, 0x0000, 0x0000, 0x0000, 0x0000,
0x0000, 0x0000, 0x0000, 0x0000, 0x0000, 0x0000, 0x0000, 0x0000, 0x0000, 0x0000, 0x0000, 0x0000, 0x0000, 0x0000, 0x0000, 0x0000,
0x0000, 0x0000, 0x0000, 0x0000, 0x0000, 0x0000, 0x0000, 0x0000, 0x0000, 0x0000, 0x0000, 0x0000, 0x0000, 0x0000, 0x0000, 0x0000,
0x0000, 0x0000, 0x0000, 0x0000, 0x0000, 0x0000, 0x0000, 0x0000, 0x0000, 0x0000, 0x0000, 0x0000, 0x0000, 0x0000, 0x0000, 0x0000,
0x0000, 0x0000, 0x0000, 0x0000, 0x0000, 0x0000, 0x0000, 0x0000, 0x0000, 0x0000, 0x0000, 0x0000, 0x0000, 0x0000, 0x0000, 0x0000,
0x0000, 0x0000, 0x0000, 0x0000, 0x0000, 0x0000, 0x0000, 0x0000, 0x0000, 0x0000, 0x0000, 0x0000, 0x0000, 0x0000, 0x0000, 0x0000,
0x0000, 0x0000, 0x0000, 0x0000, 0x0000, 0x0000, 0x0000, 0x0000, 0x0000, 0x0000, 0x0000, 0x0000, 0x0000, 0x0000, 0x0000, 0x0000,
0x0000, 0x0000, 0x0000, 0x0000, 0x0000, 0x0000, 0x0000, 0x0000, 0x0000, 0x0000, 0x0000, 0x0000, 0x0000, 0x0000, 0x0000, 0x0000,
0x0000, 0x0000, 0x0000, 0x0000, 0x0000, 0x0000, 0x0000, 0x0000, 0x0000, 0x0000, 0x0000, 0x0000, 0x0000, 0x0000, 0x0000, 0x0000,
0x0000, 0x0000, 0x0000, 0x0000, 0x0000, 0x0000, 0x0000, 0x0000, 0x0000, 0x0000, 0x0000, 0x0000, 0x0000, 0x0000, 0x0000, 0x0000,
0x0000, 0x0000, 0x0000, 0x0000, 0x0000, 0x0000, 0x0000, 0x0000, 0x0000, 0x0000, 0x0000, 0x0000, 0x0000, 0x0000, 0x0000, 0x0000,
0x0000, 0x0000, 0x0000, 0x0000, 0x0000, 0x0000, 0x0000, 0x0000, 0x0000, 0x0000, 0x0000, 0x0000, 0x0000, 0x0000, 0x0000, 0x0000,
0x0000, 0x0000, 0x0000, 0x0000, 0x0000, 0x0000, 0x0000, 0x0000, 0x0000, 0x0000, 0x0000, 0x0000, 0x0000, 0x0000, 0x0000, 0x0000,
0x0000, 0x0000, 0x0000, 0x0000, 0x0000, 0x0000, 0x0000, 0x0000, 0x0000, 0x0000, 0x0000, 0x0000, 0x0000, 0x0000, 0x0000, 0x0000,
0x0000, 0x0000, 0x0000, 0x0000, 0x0000, 0x0000, 0x0000, 0x0000, 0x0000, 0x0000, 0x0000, 0x0000, 0x0000, 0x0000, 0x0000, 0x0000,
0x0000, 0x0000, 0x0000, 0x0000, 0x0000, 0x0000, 0x0000, 0x0000, 0x0000, 0x0000, 0x0000, 0x0000, 0x0000, 0x0000, 0x0000, 0x0000,
0x0000, 0x0000, 0x0000, 0x0000, 0x0000, 0x0000, 0x0000, 0x0000, 0x0000, 0x0000, 0x0000, 0x0000, 0x0000, 0x0000, 0x0000, 0x0000,
0x0000, 0x0000, 0x0000, 0x0000, 0x0000, 0x0000, 0x0000, 0x0000, 0x0000, 0x0000, 0x0000, 0x0000, 0x0000, 0x0000, 0x0000, 0x0000,
0x0000, 0x0000, 0x0000, 0x0000, 0x0000, 0x0000, 0x0000, 0x0000, 0x0000, 0x0000, 0x0000, 0x0000, 0x0000, 0x0000, 0x0000, 0x0000,
0x0000, 0x0000, 0x0000, 0x0000, 0x0000, 0x0000, 0x0000, 0x0000, 0x0000, 0x0000, 0x0000, 0x0000, 0x0000, 0x0000, 0x0000, 0x0000,
0x0000, 0x0000, 0x0000, 0x0000, 0x0000, 0x0000, 0x0000, 0x0000, 0x0000, 0x0000, 0x0000, 0x0000, 0x0000, 0x0000, 0x0000, 0x0000,
0x0000, 0x0000, 0x0000, 0x0000, 0x0000, 0x0000, 0x0000, 0x0000, 0x0000, 0x0000, 0x0000, 0x0000, 0x0000, 0x0000, 0x0000, 0x0000,
0x0000, 0x0000, 0x0000, 0x0000, 0x0000, 0x0000, 0x0000, 0x0000, 0x0000, 0x0000, 0x0000, 0x0000, 0x0000, 0x0000, 0x0000, 0x0000,
0x0000, 0x0000, 0x0000, 0x0000, 0x0000, 0x0000, 0x0000, 0x0000, 0x0000, 0x0000, 0x0000, 0x0000, 0x0000, 0x0000, 0x0000, 0x0000,
0x0000, 0x0000, 0x0000, 0x0000, 0x0000, 0x0000, 0x0000, 0x0000, 0x0000, 0x0000, 0x0000, 0x0000, 0x0000, 0x0000, 0x0000, 0x0000,
0x0000, 0x0000, 0x0000, 0x0000, 0x0000, 0x0000, 0x0000, 0x0000, 0x0000, 0x0000, 0x0000, 0x0000, 0x0000, 0x0000, 0x0000, 0x0000,
0x0000, 0x0000, 0x0000, 0x0000, 0x0000, 0x0000, 0x0000, 0x0000, 0x0000, 0x0000, 0x0000, 0x0000, 0x0000, 0x0000, 0x0000, 0x0000,
0x0000, 0x0000, 0x0000, 0x0000, 0x0000, 0x0000, 0x0000, 0x0000, 0x0000, 0x0000, 0x0000, 0x0000, 0x0000, 0x0000, 0x0000, 0x0000,
0x0000, 0x0000, 0x0000, 0x0000, 0x0000, 0x0000, 0x0000, 0x0000, 0x0000, 0x0000, 0x0000, 0x0000, 0x0000, 0x0000, 0x0000, 0x0000,
0x0000, 0x0000, 0x0000, 0x0000, 0x0000, 0x0000, 0x0000, 0x0000, 0x0000, 0x0000, 0x0000, 0x0000, 0x0000, 0x0000, 0x0000, 0x0000,

/* -1- */
0x0000, 0x0000, 0x0000, 0x0000, 0x0000, 0x0000, 0x0000, 0x0000, 0x0000, 0x0000, 0x0000, 0x0000, 0x0000, 0x0000, 0x0000, 0x0000,
0x0000, 0x0000, 0x0000, 0x0000, 0x0000, 0x0000, 0x0000, 0x0000, 0x0000, 0x0000, 0x0000, 0x0000, 0x0000, 0x0000, 0x0000, 0x0000,
0x0000, 0x0000, 0x0000, 0x0000, 0x0000, 0x0000, 0x0000, 0x0000, 0x0000, 0x0000, 0x0000, 0x0000, 0x0000, 0x0000, 0x0000, 0x0000,
0x0000, 0x0000, 0x0000, 0x0000, 0x0000, 0x0000, 0x0000, 0x0000, 0x0000, 0x0000, 0x0000, 0x0000, 0x0000, 0x0000, 0x0000, 0x0000,
0x0000, 0x0000, 0x0000, 0x0000, 0x0000, 0x0000, 0x0000, 0x0000, 0x0000, 0x0000, 0x0000, 0x0000, 0x0000, 0x0000, 0x0000, 0x0000,
0x0000, 0x0000, 0x0000, 0x0000, 0x0000, 0x0000, 0x0000, 0x0000, 0x0000, 0x0000, 0x0000, 0x0000, 0x0000, 0x0000, 0x0000, 0x0000,
0x0000, 0x0000, 0x0000, 0x0000, 0x0000, 0x0000, 0x0000, 0x0000, 0x0000, 0x0000, 0x0000, 0x0000, 0x0000, 0x0000, 0x0000, 0x0000,
0x0000, 0x0000, 0x0000, 0x0000, 0x0000, 0x0000, 0x0000, 0x0000, 0x0000, 0x0000, 0x0000, 0x0000, 0x0000, 0x0000, 0x0000, 0x0000,
0x0000, 0x0000, 0x0000, 0x0000, 0x0000, 0x0000, 0x0000, 0x0000, 0x0000, 0x0000, 0x0000, 0x0000, 0x0000, 0x0000, 0x0000, 0x0000,
0x0000, 0x0000, 0x0000, 0x0000, 0x0000, 0x0000, 0x0000, 0x0000, 0x0000, 0x0000, 0x0000, 0x0000, 0x0000, 0x0000, 0x0000, 0x0000,
0x0000, 0x0000, 0x0000, 0x0000, 0x0000, 0x0000, 0x0000, 0x0000, 0x0000, 0x0000, 0x0000, 0x0000, 0x0000, 0x0000, 0x0000, 0x0000,
0x0000, 0x0000, 0x0000, 0x0000, 0x0000, 0x0000, 0x0000, 0x0000, 0x0000, 0x0000, 0x0000, 0x0000, 0x0000, 0x0000, 0x0000, 0x0000,
0x0000, 0x0000, 0x0000, 0x0000, 0x0000, 0x0000, 0x0000, 0x0000, 0x0000, 0x0000, 0x0000, 0x0000, 0x0000, 0x0000, 0x0000, 0x0000,
0x0000, 0x0000, 0x0000, 0x0000, 0x0000, 0x0000, 0x0000, 0x0000, 0x0000, 0x0000, 0x0000, 0x0000, 0x0000, 0x0000, 0x0000, 0x0000,
0x0000, 0x0000, 0x0000, 0x0000, 0x0000, 0x0000, 0x0000, 0x0000, 0x0000, 0x0000, 0x0000, 0x0000, 0x0000, 0x0000, 0x0000, 0x0000,
0x0000, 0x0000, 0x0000, 0x0000, 0x0000, 0x0000, 0x0000, 0x0000, 0x0000, 0x0000, 0x0000, 0x0000, 0x0000, 0x0000, 0x0000, 0x0000,
0x0000, 0x0000, 0x0000, 0x0000, 0x0000, 0x0000, 0x0000, 0x0000, 0x0000, 0x0000, 0x0000, 0x0000, 0x0000, 0x0000, 0x0000, 0x0000,
0x0000, 0x0000, 0x0000, 0x0000, 0x0000, 0x0000, 0x0000, 0x0000, 0x0000, 0x0000, 0x0000, 0x0000, 0x0000, 0x0000, 0x0000, 0x0000,
0x0000, 0x0000, 0x0000, 0x0000, 0x0000, 0x0000, 0x0000, 0x0000, 0x0000, 0x0000, 0x0000, 0x0000, 0x0000, 0x0000, 0x0000, 0x0000,
0x0000, 0x0000, 0x0000, 0x0000, 0x0000, 0x0000, 0x0000, 0x0000, 0x0000, 0x0000, 0x0000, 0x0000, 0x0000, 0x0000, 0x0000, 0x0000,
0x0000, 0x0000, 0x0000, 0x0000, 0x0000, 0x07ff, 0xffff, 0x0000, 0x001f, 0x0000, 0x0000, 0x54d5, 0x5cf5, 0x54d5, 0x54b4, 0x54d5,
0x54f5, 0x54f5, 0x54f5, 0x54d5, 0x54d5, 0x54f5, 0x54f5, 0x54b4, 0x5494, 0x5495, 0x54f4, 0x0000, 0x0000, 0x0000, 0x0000, 0x0000,
0x07ff, 0x0000, 0x0000, 0x0000, 0x0000, 0x0000, 0x0000, 0x0000, 0x0000, 0x0000, 0x0000, 0x0000, 0x0000, 0x0000, 0x0000, 0x0000,
0x0000, 0x0000, 0x0000, 0x0000, 0x0000, 0x0000, 0x0000, 0x0000, 0x0000, 0x0000, 0x0000, 0x0000, 0x0000, 0x0000, 0x0000, 0x0000,
0x0000, 0x0000, 0x0000, 0x0000, 0x0000, 0x0000, 0x0000, 0x0000, 0x0000, 0x0000, 0x0000, 0x0000, 0x0000, 0x0000, 0x0000, 0x0000,
0x0000, 0x0000, 0x0000, 0x0000, 0x0000, 0x0000, 0x0000, 0x0000, 0x0000, 0x0000, 0x0000, 0x0000, 0x0000, 0x0000, 0x0000, 0x0000,
0x0000, 0x0000, 0x0000, 0x0000, 0x0000, 0x0000, 0x0000, 0x0000, 0x0000, 0x0000, 0x0000, 0x0000, 0x0000, 0x0000, 0x0000, 0x0000,
0x0000, 0x0000, 0x0000, 0x0000, 0x0000, 0x0000, 0x0000, 0x0000, 0x0000, 0x0000, 0x0000, 0x0000, 0x0000, 0x0000, 0x0000, 0x0000,
0x0000, 0x0000, 0x0000, 0x0000, 0x0000, 0x0000, 0x0000, 0x0000, 0x0000, 0x0000, 0x0000, 0x0000, 0x0000, 0x0000, 0x0000, 0x0000,
0x0000, 0x0000, 0x0000, 0x0000, 0x0000, 0x0000, 0x0000, 0x0000, 0x0000, 0x0000, 0x0000, 0x0000, 0x0000, 0x0000, 0x0000, 0x0000,
0x0000, 0x0000, 0x0000, 0x0000, 0x0000, 0x0000, 0x0000, 0x0000, 0x0000, 0x0000, 0x0000, 0x0000, 0x0000, 0x0000, 0x0000, 0x0000,
0x0000, 0x0000, 0x0000, 0x0000, 0x0000, 0x0000, 0x0000, 0x0000, 0x0000, 0x0000, 0x0000, 0x0000, 0x0000, 0x0000, 0x0000, 0x0000,
0x0000, 0x0000, 0x0000, 0x0000, 0x0000, 0x0000, 0x0000, 0x0000, 0x0000, 0x0000, 0x0000, 0x0000, 0x0000, 0x0000, 0x0000, 0x0000,
0x0000, 0x0000, 0x0000, 0x0000, 0x0000, 0x0000, 0x0000, 0x0000, 0x0000, 0x0000, 0x0000, 0x0000, 0x0000, 0x0000, 0x0000, 0x0000,
0x0000, 0x0000, 0x0000, 0x0000, 0x0000, 0x0000, 0x0000, 0x0000, 0x0000, 0x0000, 0x0000, 0x0000, 0x0000, 0x0000, 0x0000, 0x0000,
0x0000, 0x0000, 0x0000, 0x0000, 0x0000, 0x0000, 0x0000, 0x0000, 0x0000, 0x0000, 0x0000, 0x0000, 0x0000, 0x0000, 0x0000, 0x0000,
0x0000, 0x0000, 0x0000, 0x0000, 0x0000, 0x0000, 0x0000, 0x0000, 0x0000, 0x0000, 0x0000, 0x0000, 0x0000, 0x0000, 0x0000, 0x0000,
0x0000, 0x0000, 0x0000, 0x0000, 0x0000, 0x0000, 0x0000, 0x0000, 0x0000, 0x0000, 0x0000, 0x0000, 0x0000, 0x0000, 0x0000, 0x0000,
0x0000, 0x0000, 0x0000, 0x0000, 0x0000, 0x0000, 0x0000, 0x0000, 0x0000, 0x0000, 0x0000, 0x0000, 0x0000, 0x0000, 0x0000, 0x0000,
0x0000, 0x0000, 0x0000, 0x0000, 0x0000, 0x0000, 0x0000, 0x0000, 0x0000, 0x0000, 0x0000, 0x0000, 0x0000, 0x0000, 0x0000, 0x0000,
0x0000, 0x0000, 0x0000, 0x0000, 0x0000, 0x0000, 0x0000, 0x0000, 0x0000, 0x0000, 0x0000, 0x0000, 0x0000, 0x0000, 0x0000, 0x0000,
0x0000, 0x0000, 0x0000, 0x0000, 0x0000, 0x0000, 0x0000, 0x0000, 0x0000, 0x0000, 0x0000, 0x0000, 0x0000, 0x0000, 0x0000, 0x0000,
0x0000, 0x0000, 0x0000, 0x0000, 0x0000, 0x0000, 0x0000, 0x0000, 0x0000, 0x0000, 0x0000, 0x0000, 0x0000, 0x0000, 0x0000, 0x0000,
0x0000, 0x0000, 0x0000, 0x0000, 0x0000, 0x0000, 0x0000, 0x0000, 0x0000, 0x0000, 0x0000, 0x0000, 0x0000, 0x0000, 0x0000, 0x0000,
0x0000, 0x0000, 0x0000, 0x0000, 0x0000, 0x0000, 0x0000, 0x0000, 0x0000, 0x0000, 0x0000, 0x0000, 0x0000, 0x0000, 0x0000, 0x0000,
0x0000, 0x0000, 0x0000, 0x0000, 0x0000, 0x0000, 0x0000, 0x0000, 0x0000, 0x0000, 0x0000, 0x0000, 0x0000, 0x0000, 0x0000, 0x0000,
0x0000, 0x0000, 0x0000, 0x0000, 0x0000, 0x0000, 0x0000, 0x0000, 0x0000, 0x0000, 0x0000, 0x0000, 0x0000, 0x0000, 0x0000, 0x0000,
0x0000, 0x0000, 0x0000, 0x0000, 0x0000, 0x0000, 0x0000, 0x0000, 0x0000, 0x0000, 0x0000, 0x0000, 0x0000, 0x0000, 0x0000, 0x0000,
0x0000, 0x0000, 0x0000, 0x0000, 0x0000, 0x0000, 0x0000, 0x0000, 0x0000, 0x0000, 0x0000, 0x0000, 0x0000, 0x0000, 0x0000, 0x0000,
0x0000, 0x0000, 0x0000, 0x0000, 0x0000, 0x0000, 0x0000, 0x0000, 0x0000, 0x0000, 0x0000, 0x0000, 0x0000, 0x0000, 0x0000, 0x0000,
0x0000, 0x0000, 0x0000, 0x0000, 0x0000, 0x0000, 0x0000, 0x0000, 0x0000, 0x0000, 0x0000, 0x0000, 0x0000, 0x0000, 0x0000, 0x0000,
0x0000, 0x0000, 0x0000, 0x0000, 0x0000, 0x0000, 0x0000, 0x0000, 0x0000, 0x0000, 0x0000, 0x0000, 0x0000, 0x0000, 0x0000, 0x0000,
0x0000, 0x0000, 0x0000, 0x0000, 0x0000, 0x0000, 0x0000, 0x0000, 0x0000, 0x0000, 0x0000, 0x0000, 0x0000, 0x0000, 0x0000, 0x0000,
0x0000, 0x0000, 0x0000, 0x0000, 0x0000, 0x0000, 0x0000, 0x0000, 0x0000, 0x0000, 0x0000, 0x0000, 0x0000, 0x0000, 0x0000, 0x0000,
0x0000, 0x0000, 0x0000, 0x0000, 0x0000, 0x0000, 0x0000, 0x0000, 0x0000, 0x0000, 0x0000, 0x0000, 0x0000, 0x0000, 0x0000, 0x0000,
0x0000, 0x0000, 0x0000, 0x0000, 0x0000, 0x0000, 0x0000, 0x0000, 0x0000, 0x0000, 0x0000, 0x0000, 0x0000, 0x0000, 0x0000, 0x0000,
0x0000, 0x0000, 0x0000, 0x0000, 0x0000, 0x0000, 0x0000, 0x0000, 0x0000, 0x0000, 0x0000, 0x0000, 0x0000, 0x0000, 0x0000, 0x0000,
0x0000, 0x0000, 0x0000, 0x0000, 0x0000, 0x0000, 0x0000, 0x0000, 0x0000, 0x0000, 0x0000, 0x0000, 0x0000, 0x0000, 0x0000, 0x0000,
0x0000, 0x0000, 0x0000, 0x0000, 0x0000, 0x0000, 0x0000, 0x0000, 0x0000, 0x0000, 0x0000, 0x0000, 0x0000, 0x0000, 0x0000, 0x0000,
0x0000, 0x0000, 0x0000, 0x0000, 0x0000, 0x0000, 0x0000, 0x0000, 0x0000, 0x0000, 0x0000, 0x0000, 0x0000, 0x0000, 0x0000, 0x0000,
0x0000, 0x0000, 0x0000, 0x0000, 0x0000, 0x0000, 0x0000, 0x0000, 0x0000, 0x0000, 0x0000, 0x0000, 0x0000, 0x0000, 0x0000, 0x0000,
0x0000, 0x0000, 0x0000, 0x0000, 0x0000, 0x0000, 0x0000, 0x0000, 0x0000, 0x0000, 0x0000, 0x0000, 0x0000, 0x0000, 0x0000, 0x0000,
0x0000, 0x0000, 0x0000, 0x0000, 0x0000, 0x0000, 0x0000, 0x0000, 0x0000, 0x0000, 0x0000, 0x0000, 0x0000, 0x0000, 0x0000, 0x0000,
0x0000, 0x0000, 0x0000, 0x0000, 0x0000, 0x0000, 0x0000, 0x0000, 0x0000, 0x0000, 0x0000, 0x0000, 0x0000, 0x0000, 0x0000, 0x0000,
0x0000, 0x0000, 0x0000, 0x0000, 0x0000, 0x0000, 0x0000, 0x0000, 0x0000, 0x0000, 0x0000, 0x0000, 0x0000, 0x0000, 0x0000, 0x0000,

/* -2- */
0x0000, 0x0000, 0x0000, 0x0000, 0x0000, 0x0000, 0x0000, 0x0000, 0x0000, 0x0000, 0x0000, 0x0000, 0x0000, 0x0000, 0x0000, 0x0000,
0x0000, 0x0000, 0x0000, 0x0000, 0x0000, 0x0000, 0x0000, 0x0000, 0x0000, 0x0000, 0x0000, 0x0000, 0x0000, 0x0000, 0x0000, 0x0000,
0x0000, 0x0000, 0x0000, 0x0000, 0x0000, 0x0000, 0x0000, 0x0000, 0x0000, 0x0000, 0x0000, 0x0000, 0x0000, 0x0000, 0x0000, 0x0000,
0x0000, 0x0000, 0x0000, 0x0000, 0x0000, 0x0000, 0x0000, 0x0000, 0x0000, 0x0000, 0x0000, 0x0000, 0x0000, 0x0000, 0x0000, 0x0000,
0x0000, 0x0000, 0x0000, 0x0000, 0x0000, 0x0000, 0x0000, 0x0000, 0x0000, 0x0000, 0x0000, 0x0000, 0x0000, 0x0000, 0x0000, 0x0000,
0x0000, 0x0000, 0x0000, 0x0000, 0x0000, 0x0000, 0x0000, 0x0000, 0x0000, 0x0000, 0x0000, 0x0000, 0x0000, 0x0000, 0x0000, 0x0000,
0x0000, 0x0000, 0x0000, 0x0000, 0x0000, 0x0000, 0x0000, 0x0000, 0x0000, 0x0000, 0x0000, 0x0000, 0x0000, 0x0000, 0x0000, 0x0000,
0x0000, 0x0000, 0x0000, 0x0000, 0x0000, 0x0000, 0x0000, 0x0000, 0x0000, 0x0000, 0x0000, 0x0000, 0x0000, 0x0000, 0x0000, 0x0000,
0x0000, 0x0000, 0x0000, 0x0000, 0x0000, 0x0000, 0x0000, 0x0000, 0x0000, 0x0000, 0x0000, 0x0000, 0x0000, 0x0000, 0x0000, 0x0000,
0x0000, 0x0000, 0x0000, 0x0000, 0x0000, 0x0000, 0x0000, 0x0000, 0x0000, 0x0000, 0x0000, 0x0000, 0x0000, 0x0000, 0x0000, 0x0000,
0x0000, 0x0000, 0x0000, 0x0000, 0x0000, 0x0000, 0x0000, 0x0000, 0x0000, 0x0000, 0x0000, 0x0000, 0x0000, 0x0000, 0x0000, 0x0000,
0x0000, 0x0000, 0x0000, 0x0000, 0x0000, 0x0000, 0x0000, 0x0000, 0x0000, 0x0000, 0x0000, 0x0000, 0x0000, 0x0000, 0x0000, 0x0000,
0x0000, 0x0000, 0x0000, 0x0000, 0x0000, 0x0000, 0x0000, 0x0000, 0x0000, 0x0000, 0x0000, 0x0000, 0x0000, 0x0000, 0x0000, 0x0000,
0x0000, 0x0000, 0x0000, 0x0000, 0x0000, 0x0000, 0x0000, 0x0000, 0x0000, 0x0000, 0x0000, 0x0000, 0x0000, 0x0000, 0x0000, 0x0000,
0x0000, 0x0000, 0x0000, 0x0000, 0x0000, 0x0000, 0x0000, 0x0000, 0x0000, 0x0000, 0x0000, 0x0000, 0x0000, 0x0000, 0x0000, 0x0000,
0x0000, 0x0000, 0x0000, 0x0000, 0x0000, 0x0000, 0x0000, 0x0000, 0x0000, 0x0000, 0x0000, 0x0000, 0x0000, 0x0000, 0x0000, 0x0000,
0x0000, 0x0000, 0x0000, 0x0000, 0x0000, 0x0000, 0x0000, 0x0000, 0x0000, 0x0000, 0x0000, 0x0000, 0x0000, 0x0000, 0x0000, 0x0000,
0x0000, 0x0000, 0x0000, 0x0000, 0x0000, 0x0000, 0x0000, 0x0000, 0x0000, 0x0000, 0x0000, 0x0000, 0x0000, 0x0000, 0x0000, 0x0000,
0x0000, 0x0000, 0x0000, 0x0000, 0x0000, 0x0000, 0x0000, 0x0000, 0x0000, 0x0000, 0x0000, 0x0000, 0x0000, 0x0000, 0x0000, 0x0000,
0x0000, 0x0000, 0x0000, 0x0000, 0x0000, 0x0000, 0x0000, 0x0000, 0x0000, 0x0000, 0x0000, 0x0000, 0x0000, 0x0000, 0x0000, 0x0000,
0x07ff, 0x7bff, 0x7bff, 0x7bff, 0x5555, 0x0000, 0x0000, 0x0000, 0x0000, 0x3bef, 0x54d5, 0x54f5, 0x54f5, 0x54f5, 0x54f5, 0x54f5,
0x54f5, 0x54f5, 0x54f5, 0x54f5, 0x54f5, 0x54f5, 0x54d5, 0x54b5, 0x54d5, 0x54d5, 0x54d5, 0x54d5, 0x54d5, 0x4c53, 0x332c, 0x0000,
0x0000, 0x07ff, 0x5555, 0x5555, 0x0000, 0x0000, 0x0000, 0x0000, 0x0000, 0x0000, 0x0000, 0x0000, 0x0000, 0x0000, 0x0000, 0x0000,
0x0000, 0x0000, 0x0000, 0x0000, 0x0000, 0x0000, 0x0000, 0x0000, 0x0000, 0x0000, 0x0000, 0x0000, 0x0000, 0x0000, 0x0000, 0x0000,
0x0000, 0x0000, 0x0000, 0x0000, 0x0000, 0x0000, 0x0000, 0x0000, 0x0000, 0x0000, 0x0000, 0x0000, 0x0000, 0x0000, 0x0000, 0x0000,
0x0000, 0x0000, 0x0000, 0x0000, 0x0000, 0x0000, 0x0000, 0x0000, 0x0000, 0x0000, 0x0000, 0x0000, 0x0000, 0x0000, 0x0000, 0x0000,
0x0000, 0x0000, 0x0000, 0x0000, 0x0000, 0x0000, 0x0000, 0x0000, 0x0000, 0x0000, 0x0000, 0x0000, 0x0000, 0x0000, 0x0000, 0x0000,
0x0000, 0x0000, 0x0000, 0x0000, 0x0000, 0x0000, 0x0000, 0x0000, 0x0000, 0x0000, 0x0000, 0x0000, 0x0000, 0x0000, 0x0000, 0x0000,
0x0000, 0x0000, 0x0000, 0x0000, 0x0000, 0x0000, 0x0000, 0x0000, 0x0000, 0x0000, 0x0000, 0x0000, 0x0000, 0x0000, 0x0000, 0x0000,
0x0000, 0x0000, 0x0000, 0x0000, 0x0000, 0x0000, 0x0000, 0x0000, 0x0000, 0x0000, 0x0000, 0x0000, 0x0000, 0x0000, 0x0000, 0x0000,
0x0000, 0x0000, 0x0000, 0x0000, 0x0000, 0x0000, 0x0000, 0x0000, 0x0000, 0x0000, 0x0000, 0x0000, 0x0000, 0x0000, 0x0000, 0x0000,
0x0000, 0x0000, 0x0000, 0x0000, 0x0000, 0x0000, 0x0000, 0x0000, 0x0000, 0x0000, 0x0000, 0x0000, 0x0000, 0x0000, 0x0000, 0x0000,
0x0000, 0x0000, 0x0000, 0x0000, 0x0000, 0x0000, 0x0000, 0x0000, 0x0000, 0x0000, 0x0000, 0x0000, 0x0000, 0x0000, 0x0000, 0x0000,
0x0000, 0x0000, 0x0000, 0x0000, 0x0000, 0x0000, 0x0000, 0x0000, 0x0000, 0x0000, 0x0000, 0x0000, 0x0000, 0x0000, 0x0000, 0x0000,
0x0000, 0x0000, 0x0000, 0x0000, 0x0000, 0x0000, 0x0000, 0x0000, 0x0000, 0x0000, 0x0000, 0x0000, 0x0000, 0x0000, 0x0000, 0x0000,
0x0000, 0x0000, 0x0000, 0x0000, 0x0000, 0x0000, 0x0000, 0x0000, 0x0000, 0x0000, 0x0000, 0x0000, 0x0000, 0x0000, 0x0000, 0x0000,
0x0000, 0x0000, 0x0000, 0x0000, 0x0000, 0x0000, 0x0000, 0x0000, 0x0000, 0x0000, 0x0000, 0x0000, 0x0000, 0x0000, 0x0000, 0x0000,
0x0000, 0x0000, 0x0000, 0x0000, 0x0000, 0x0000, 0x0000, 0x0000, 0x0000, 0x0000, 0x0000, 0x0000, 0x0000, 0x0000, 0x0000, 0x0000,
0x0000, 0x0000, 0x0000, 0x0000, 0x0000, 0x0000, 0x0000, 0x0000, 0x0000, 0x0000, 0x0000, 0x0000, 0x0000, 0x0000, 0x0000, 0x0000,
0x0000, 0x0000, 0x0000, 0x0000, 0x0000, 0x0000, 0x0000, 0x0000, 0x0000, 0x0000, 0x0000, 0x0000, 0x0000, 0x0000, 0x0000, 0x0000,
0x0000, 0x0000, 0x0000, 0x0000, 0x0000, 0x0000, 0x0000, 0x0000, 0x0000, 0x0000, 0x0000, 0x0000, 0x0000, 0x0000, 0x0000, 0x0000,
0x0000, 0x0000, 0x0000, 0x0000, 0x0000, 0x0000, 0x0000, 0x0000, 0x0000, 0x0000, 0x0000, 0x0000, 0x0000, 0x0000, 0x0000, 0x0000,
0x0000, 0x0000, 0x0000, 0x0000, 0x0000, 0x0000, 0x0000, 0x0000, 0x0000, 0x0000, 0x0000, 0x0000, 0x0000, 0x0000, 0x0000, 0x0000,
0x0000, 0x0000, 0x0000, 0x0000, 0x0000, 0x0000, 0x0000, 0x0000, 0x0000, 0x0000, 0x0000, 0x0000, 0x0000, 0x0000, 0x0000, 0x0000,
0x0000, 0x0000, 0x0000, 0x0000, 0x0000, 0x0000, 0x0000, 0x0000, 0x0000, 0x0000, 0x0000, 0x0000, 0x0000, 0x0000, 0x0000, 0x0000,
0x0000, 0x0000, 0x0000, 0x0000, 0x0000, 0x0000, 0x0000, 0x0000, 0x0000, 0x0000, 0x0000, 0x0000, 0x0000, 0x0000, 0x0000, 0x0000,
0x0000, 0x0000, 0x0000, 0x0000, 0x0000, 0x0000, 0x0000, 0x0000, 0x0000, 0x0000, 0x0000, 0x0000, 0x0000, 0x0000, 0x0000, 0x0000,
0x0000, 0x0000, 0x0000, 0x0000, 0x0000, 0x0000, 0x0000, 0x0000, 0x0000, 0x0000, 0x0000, 0x0000, 0x0000, 0x0000, 0x0000, 0x0000,
0x0000, 0x0000, 0x0000, 0x0000, 0x0000, 0x0000, 0x0000, 0x0000, 0x0000, 0x0000, 0x0000, 0x0000, 0x0000, 0x0000, 0x0000, 0x0000,
0x0000, 0x0000, 0x0000, 0x0000, 0x0000, 0x0000, 0x0000, 0x0000, 0x0000, 0x0000, 0x0000, 0x0000, 0x0000, 0x0000, 0x0000, 0x0000,
0x0000, 0x0000, 0x0000, 0x0000, 0x0000, 0x0000, 0x0000, 0x0000, 0x0000, 0x0000, 0x0000, 0x0000, 0x0000, 0x0000, 0x0000, 0x0000,
0x0000, 0x0000, 0x0000, 0x0000, 0x0000, 0x0000, 0x0000, 0x0000, 0x0000, 0x0000, 0x0000, 0x0000, 0x0000, 0x0000, 0x0000, 0x0000,
0x0000, 0x0000, 0x0000, 0x0000, 0x0000, 0x0000, 0x0000, 0x0000, 0x0000, 0x0000, 0x0000, 0x0000, 0x0000, 0x0000, 0x0000, 0x0000,
0x0000, 0x0000, 0x0000, 0x0000, 0x0000, 0x0000, 0x0000, 0x0000, 0x0000, 0x0000, 0x0000, 0x0000, 0x0000, 0x0000, 0x0000, 0x0000,
0x0000, 0x0000, 0x0000, 0x0000, 0x0000, 0x0000, 0x0000, 0x0000, 0x0000, 0x0000, 0x0000, 0x0000, 0x0000, 0x0000, 0x0000, 0x0000,
0x0000, 0x0000, 0x0000, 0x0000, 0x0000, 0x0000, 0x0000, 0x0000, 0x0000, 0x0000, 0x0000, 0x0000, 0x0000, 0x0000, 0x0000, 0x0000,
0x0000, 0x0000, 0x0000, 0x0000, 0x0000, 0x0000, 0x0000, 0x0000, 0x0000, 0x0000, 0x0000, 0x0000, 0x0000, 0x0000, 0x0000, 0x0000,
0x0000, 0x0000, 0x0000, 0x0000, 0x0000, 0x0000, 0x0000, 0x0000, 0x0000, 0x0000, 0x0000, 0x0000, 0x0000, 0x0000, 0x0000, 0x0000,
0x0000, 0x0000, 0x0000, 0x0000, 0x0000, 0x0000, 0x0000, 0x0000, 0x0000, 0x0000, 0x0000, 0x0000, 0x0000, 0x0000, 0x0000, 0x0000,
0x0000, 0x0000, 0x0000, 0x0000, 0x0000, 0x0000, 0x0000, 0x0000, 0x0000, 0x0000, 0x0000, 0x0000, 0x0000, 0x0000, 0x0000, 0x0000,
0x0000, 0x0000, 0x0000, 0x0000, 0x0000, 0x0000, 0x0000, 0x0000, 0x0000, 0x0000, 0x0000, 0x0000, 0x0000, 0x0000, 0x0000, 0x0000,
0x0000, 0x0000, 0x0000, 0x0000, 0x0000, 0x0000, 0x0000, 0x0000, 0x0000, 0x0000, 0x0000, 0x0000, 0x0000, 0x0000, 0x0000, 0x0000,
0x0000, 0x0000, 0x0000, 0x0000, 0x0000, 0x0000, 0x0000, 0x0000, 0x0000, 0x0000, 0x0000, 0x0000, 0x0000, 0x0000, 0x0000, 0x0000,
0x0000, 0x0000, 0x0000, 0x0000, 0x0000, 0x0000, 0x0000, 0x0000, 0x0000, 0x0000, 0x0000, 0x0000, 0x0000, 0x0000, 0x0000, 0x0000,
0x0000, 0x0000, 0x0000, 0x0000, 0x0000, 0x0000, 0x0000, 0x0000, 0x0000, 0x0000, 0x0000, 0x0000, 0x0000, 0x0000, 0x0000, 0x0000,

/* -3- */
0x0000, 0x0000, 0x0000, 0x0000, 0x0000, 0x0000, 0x0000, 0x0000, 0x0000, 0x0000, 0x0000, 0x0000, 0x0000, 0x0000, 0x0000, 0x0000,
0x0000, 0x0000, 0x0000, 0x0000, 0x0000, 0x0000, 0x0000, 0x0000, 0x0000, 0x0000, 0x0000, 0x0000, 0x0000, 0x0000, 0x0000, 0x0000,
0x0000, 0x0000, 0x0000, 0x0000, 0x0000, 0x0000, 0x0000, 0x0000, 0x0000, 0x0000, 0x0000, 0x0000, 0x0000, 0x0000, 0x0000, 0x0000,
0x0000, 0x0000, 0x0000, 0x0000, 0x0000, 0x0000, 0x0000, 0x0000, 0x0000, 0x0000, 0x0000, 0x0000, 0x0000, 0x0000, 0x0000, 0x0000,
0x0000, 0x0000, 0x0000, 0x0000, 0x0000, 0x0000, 0x0000, 0x0000, 0x0000, 0x0000, 0x0000, 0x0000, 0x0000, 0x0000, 0x0000, 0x0000,
0x0000, 0x0000, 0x0000, 0x0000, 0x0000, 0x0000, 0x0000, 0x0000, 0x0000, 0x0000, 0x0000, 0x0000, 0x0000, 0x0000, 0x0000, 0x0000,
0x0000, 0x0000, 0x0000, 0x0000, 0x0000, 0x0000, 0x0000, 0x0000, 0x0000, 0x0000, 0x0000, 0x0000, 0x0000, 0x0000, 0x0000, 0x0000,
0x0000, 0x0000, 0x0000, 0x0000, 0x0000, 0x0000, 0x0000, 0x0000, 0x0000, 0x0000, 0x0000, 0x0000, 0x0000, 0x0000, 0x0000, 0x0000,
0x0000, 0x0000, 0x0000, 0x0000, 0x0000, 0x0000, 0x0000, 0x0000, 0x0000, 0x0000, 0x0000, 0x0000, 0x0000, 0x0000, 0x0000, 0x0000,
0x0000, 0x0000, 0x0000, 0x0000, 0x0000, 0x0000, 0x0000, 0x0000, 0x0000, 0x0000, 0x0000, 0x0000, 0x0000, 0x0000, 0x0000, 0x0000,
0x0000, 0x0000, 0x0000, 0x0000, 0x0000, 0x0000, 0x0000, 0x0000, 0x0000, 0x0000, 0x0000, 0x0000, 0x0000, 0x0000, 0x0000, 0x0000,
0x0000, 0x0000, 0x0000, 0x0000, 0x0000, 0x0000, 0x0000, 0x0000, 0x0000, 0x0000, 0x0000, 0x0000, 0x0000, 0x0000, 0x0000, 0x0000,
0x0000, 0x0000, 0x0000, 0x0000, 0x0000, 0x0000, 0x0000, 0x0000, 0x0000, 0x0000, 0x0000, 0x0000, 0x0000, 0x0000, 0x0000, 0x0000,
0x0000, 0x0000, 0x0000, 0x0000, 0x0000, 0x0000, 0x0000, 0x0000, 0x0000, 0x0000, 0x0000, 0x0000, 0x0000, 0x0000, 0x0000, 0x0000,
0x0000, 0x0000, 0x0000, 0x0000, 0x0000, 0x0000, 0x0000, 0x0000, 0x0000, 0x0000, 0x0000, 0x0000, 0x0000, 0x0000, 0x0000, 0x0000,
0x0000, 0x0000, 0x0000, 0x0000, 0x0000, 0x0000, 0x0000, 0x0000, 0x0000, 0x0000, 0x0000, 0x0000, 0x0000, 0x0000, 0x0000, 0x0000,
0x0000, 0x0000, 0x0000, 0x0000, 0x0000, 0x0000, 0x0000, 0x0000, 0x0000, 0x0000, 0x0000, 0x0000, 0x0000, 0x0000, 0x0000, 0x0000,
0x0000, 0x0000, 0x0000, 0x0000, 0x0000, 0x0000, 0x0000, 0x0000, 0x0000, 0x0000, 0x0000, 0x0000, 0x0000, 0x0000, 0x0000, 0x0000,
0x0000, 0x0000, 0x0000, 0x0000, 0x0000, 0x0000, 0x0000, 0x0000, 0x0000, 0x0000, 0x0000, 0x0000, 0x0000, 0x0000, 0x0000, 0x0000,
0x0000, 0x0000, 0x0000, 0x0000, 0x0000, 0x0000, 0x0000, 0x0000, 0x0000, 0x0000, 0x0000, 0x0000, 0x0000, 0x07ff, 0x001f, 0x07ff,
0x0000, 0x0000, 0x0000, 0x0000, 0x0000, 0x54b5, 0x54d5, 0x54d5, 0x54d5, 0x54d5, 0x54d5, 0x54f5, 0x54d5, 0x54f5, 0x54f5, 0x54f5,
0x5cf5, 0x5cf5, 0x5d15, 0x5d15, 0x5cf5, 0x54f5, 0x54f5, 0x54f5, 0x54d5, 0x54d5, 0x54d5, 0x54f6, 0x54f6, 0x54b5, 0x54b5, 0x54b5,
0x4c94, 0x0000, 0x0000, 0x0000, 0x0000, 0x07ff, 0x07ff, 0x07ff, 0x0000, 0x0000, 0x0000, 0x0000, 0x0000, 0x0000, 0x0000, 0x0000,
0x0000, 0x0000, 0x0000, 0x0000, 0x0000, 0x0000, 0x0000, 0x0000, 0x0000, 0x0000, 0x0000, 0x0000, 0x0000, 0x0000, 0x0000, 0x0000,
0x0000, 0x0000, 0x0000, 0x0000, 0x0000, 0x0000, 0x0000, 0x0000, 0x0000, 0x0000, 0x0000, 0x0000, 0x0000, 0x0000, 0x0000, 0x0000,
0x0000, 0x0000, 0x0000, 0x0000, 0x0000, 0x0000, 0x0000, 0x0000, 0x0000, 0x0000, 0x0000, 0x0000, 0x0000, 0x0000, 0x0000, 0x0000,
0x0000, 0x0000, 0x0000, 0x0000, 0x0000, 0x0000, 0x0000, 0x0000, 0x0000, 0x0000, 0x0000, 0x0000, 0x0000, 0x0000, 0x0000, 0x0000,
0x0000, 0x0000, 0x0000, 0x0000, 0x0000, 0x0000, 0x0000, 0x0000, 0x0000, 0x0000, 0x0000, 0x0000, 0x0000, 0x0000, 0x0000, 0x0000,
0x0000, 0x0000, 0x0000, 0x0000, 0x0000, 0x0000, 0x0000, 0x0000, 0x0000, 0x0000, 0x0000, 0x0000, 0x0000, 0x0000, 0x0000, 0x0000,
0x0000, 0x0000, 0x0000, 0x0000, 0x0000, 0x0000, 0x0000, 0x0000, 0x0000, 0x0000, 0x0000, 0x0000, 0x0000, 0x0000, 0x0000, 0x0000,
0x0000, 0x0000, 0x0000, 0x0000, 0x0000, 0x0000, 0x0000, 0x0000, 0x0000, 0x0000, 0x0000, 0x0000, 0x0000, 0x0000, 0x0000, 0x0000,
0x0000, 0x0000, 0x0000, 0x0000, 0x0000, 0x0000, 0x0000, 0x0000, 0x0000, 0x0000, 0x0000, 0x0000, 0x0000, 0x0000, 0x0000, 0x0000,
0x0000, 0x0000, 0x0000, 0x0000, 0x0000, 0x0000, 0x0000, 0x0000, 0x0000, 0x0000, 0x0000, 0x0000, 0x0000, 0x0000, 0x0000, 0x0000,
0x0000, 0x0000, 0x0000, 0x0000, 0x0000, 0x0000, 0x0000, 0x0000, 0x0000, 0x0000, 0x0000, 0x0000, 0x0000, 0x0000, 0x0000, 0x0000,
0x0000, 0x0000, 0x0000, 0x0000, 0x0000, 0x0000, 0x0000, 0x0000, 0x0000, 0x0000, 0x0000, 0x0000, 0x0000, 0x0000, 0x0000, 0x0000,
0x0000, 0x0000, 0x0000, 0x0000, 0x0000, 0x0000, 0x0000, 0x0000, 0x0000, 0x0000, 0x0000, 0x0000, 0x0000, 0x0000, 0x0000, 0x0000,
0x0000, 0x0000, 0x0000, 0x0000, 0x0000, 0x0000, 0x0000, 0x0000, 0x0000, 0x0000, 0x0000, 0x0000, 0x0000, 0x0000, 0x0000, 0x0000,
0x0000, 0x0000, 0x0000, 0x0000, 0x0000, 0x0000, 0x0000, 0x0000, 0x0000, 0x0000, 0x0000, 0x0000, 0x0000, 0x0000, 0x0000, 0x0000,
0x0000, 0x0000, 0x0000, 0x0000, 0x0000, 0x0000, 0x0000, 0x0000, 0x0000, 0x0000, 0x0000, 0x0000, 0x0000, 0x0000, 0x0000, 0x0000,
0x0000, 0x0000, 0x0000, 0x07ff, 0x07ff, 0x07ff, 0x07ff, 0x07ff, 0x07ff, 0x07ff, 0x0000, 0x0000, 0x0000, 0x0000, 0x0000, 0x0000,
0x0000, 0x0000, 0x0000, 0x0000, 0x0000, 0x0000, 0x0000, 0x0000, 0x0000, 0x0000, 0x0000, 0x0000, 0x0000, 0x0000, 0x0000, 0x0000,
0x0000, 0x0000, 0x0000, 0x0000, 0x0000, 0x0000, 0x0000, 0x0000, 0x0000, 0x0000, 0x0000, 0x0000, 0x0000, 0x0000, 0x0000, 0x0000,
0x0000, 0x0000, 0x0000, 0x0000, 0x0000, 0x0000, 0x0000, 0x0000, 0x0000, 0x0000, 0x0000, 0x0000, 0x0000, 0x0000, 0x0000, 0x0000,
0x0000, 0x0000, 0x0000, 0x0000, 0x0000, 0x0000, 0x0000, 0x0000, 0x0000, 0x0000, 0x0000, 0x0000, 0x0000, 0x0000, 0x0000, 0x0000,
0x0000, 0x0000, 0x0000, 0x0000, 0x0000, 0x0000, 0x0000, 0x0000, 0x0000, 0x0000, 0x0000, 0x0000, 0x0000, 0x0000, 0x0000, 0x0000,
0x0000, 0x0000, 0x0000, 0x0000, 0x0000, 0x0000, 0x0000, 0x0000, 0x0000, 0x0000, 0x0000, 0x0000, 0x0000, 0x0000, 0x0000, 0x0000,
0x0000, 0x0000, 0x0000, 0x0000, 0x0000, 0x0000, 0x0000, 0x0000, 0x0000, 0x0000, 0x0000, 0x0000, 0x0000, 0x0000, 0x0000, 0x0000,
0x0000, 0x0000, 0x0000, 0x0000, 0x0000, 0x0000, 0x0000, 0x0000, 0x0000, 0x0000, 0x0000, 0x0000, 0x0000, 0x0000, 0x0000, 0x0000,
0x0000, 0x0000, 0x0000, 0x0000, 0x0000, 0x0000, 0x0000, 0x0000, 0x0000, 0x0000, 0x0000, 0x0000, 0x0000, 0x0000, 0x0000, 0x0000,
0x0000, 0x0000, 0x0000, 0x0000, 0x0000, 0x0000, 0x0000, 0x0000, 0x0000, 0x0000, 0x0000, 0x0000, 0x0000, 0x0000, 0x0000, 0x0000,
0x0000, 0x0000, 0x0000, 0x0000, 0x0000, 0x0000, 0x0000, 0x0000, 0x0000, 0x0000, 0x0000, 0x0000, 0x0000, 0x0000, 0x0000, 0x0000,
0x0000, 0x0000, 0x0000, 0x0000, 0x0000, 0x0000, 0x0000, 0x0000, 0x0000, 0x0000, 0x0000, 0x0000, 0x0000, 0x0000, 0x0000, 0x0000,
0x0000, 0x0000, 0x0000, 0x0000, 0x0000, 0x0000, 0x0000, 0x0000, 0x0000, 0x0000, 0x0000, 0x0000, 0x0000, 0x0000, 0x0000, 0x0000,
0x0000, 0x0000, 0x0000, 0x0000, 0x0000, 0x0000, 0x0000, 0x0000, 0x0000, 0x0000, 0x0000, 0x0000, 0x0000, 0x0000, 0x0000, 0x0000,
0x0000, 0x0000, 0x0000, 0x0000, 0x0000, 0x0000, 0x0000, 0x0000, 0x0000, 0x0000, 0x0000, 0x0000, 0x0000, 0x0000, 0x0000, 0x0000,
0x0000, 0x0000, 0x0000, 0x0000, 0x0000, 0x0000, 0x0000, 0x0000, 0x0000, 0x0000, 0x0000, 0x0000, 0x0000, 0x0000, 0x0000, 0x0000,
0x0000, 0x0000, 0x0000, 0x0000, 0x0000, 0x0000, 0x0000, 0x0000, 0x0000, 0x0000, 0x0000, 0x0000, 0x0000, 0x0000, 0x0000, 0x0000,
0x0000, 0x0000, 0x0000, 0x0000, 0x0000, 0x0000, 0x0000, 0x0000, 0x0000, 0x0000, 0x0000, 0x0000, 0x0000, 0x0000, 0x0000, 0x0000,
0x0000, 0x0000, 0x0000, 0x0000, 0x0000, 0x0000, 0x0000, 0x0000, 0x0000, 0x0000, 0x0000, 0x0000, 0x0000, 0x0000, 0x0000, 0x0000,
0x0000, 0x0000, 0x0000, 0x0000, 0x0000, 0x0000, 0x0000, 0x0000, 0x0000, 0x0000, 0x0000, 0x0000, 0x0000, 0x0000, 0x0000, 0x0000,
0x0000, 0x0000, 0x0000, 0x0000, 0x0000, 0x0000, 0x0000, 0x0000, 0x0000, 0x0000, 0x0000, 0x0000, 0x0000, 0x0000, 0x0000, 0x0000,
0x0000, 0x0000, 0x0000, 0x0000, 0x0000, 0x0000, 0x0000, 0x0000, 0x0000, 0x0000, 0x0000, 0x0000, 0x0000, 0x0000, 0x0000, 0x0000,
0x0000, 0x0000, 0x0000, 0x0000, 0x0000, 0x0000, 0x0000, 0x0000, 0x0000, 0x0000, 0x0000, 0x0000, 0x0000, 0x0000, 0x0000, 0x0000,
0x0000, 0x0000, 0x0000, 0x0000, 0x0000, 0x0000, 0x0000, 0x0000, 0x0000, 0x0000, 0x0000, 0x0000, 0x0000, 0x0000, 0x0000, 0x0000,
0x0000, 0x0000, 0x0000, 0x0000, 0x0000, 0x0000, 0x0000, 0x0000, 0x0000, 0x0000, 0x0000, 0x0000, 0x0000, 0x07ff, 0x001f, 0x07ff,

/* -4- */
0x0000, 0x0000, 0x0000, 0x0000, 0x0000, 0x0000, 0x0000, 0x0000, 0x0000, 0x0000, 0x0000, 0x0000, 0x0000, 0x0000, 0x0000, 0x0000,
0x0000, 0x0000, 0x0000, 0x0000, 0x0000, 0x0000, 0x0000, 0x0000, 0x0000, 0x0000, 0x0000, 0x0000, 0x0000, 0x0000, 0x0000, 0x0000,
0x0000, 0x0000, 0x0000, 0x0000, 0x0000, 0x0000, 0x0000, 0x0000, 0x0000, 0x0000, 0x0000, 0x0000, 0x0000, 0x0000, 0x0000, 0x0000,
0x0000, 0x0000, 0x0000, 0x0000, 0x0000, 0x0000, 0x0000, 0x0000, 0x0000, 0x0000, 0x0000, 0x0000, 0x0000, 0x0000, 0x0000, 0x0000,
0x0000, 0x0000, 0x0000, 0x0000, 0x0000, 0x0000, 0x0000, 0x0000, 0x0000, 0x0000, 0x0000, 0x0000, 0x0000, 0x0000, 0x0000, 0x0000,
0x0000, 0x0000, 0x0000, 0x0000, 0x0000, 0x0000, 0x0000, 0x0000, 0x0000, 0x0000, 0x0000, 0x0000, 0x0000, 0x0000, 0x0000, 0x0000,
0x0000, 0x0000, 0x0000, 0x0000, 0x0000, 0x0000, 0x0000, 0x0000, 0x0000, 0x0000, 0x0000, 0x0000, 0x0000, 0x0000, 0x0000, 0x0000,
0x0000, 0x0000, 0x0000, 0x0000, 0x0000, 0x0000, 0x0000, 0x0000, 0x0000, 0x0000, 0x0000, 0x0000, 0x0000, 0x0000, 0x0000, 0x0000,
0x0000, 0x0000, 0x0000, 0x0000, 0x0000, 0x0000, 0x0000, 0x0000, 0x0000, 0x0000, 0x0000, 0x0000, 0x0000, 0x0000, 0x0000, 0x0000,
0x0000, 0x0000, 0x0000, 0x0000, 0x0000, 0x0000, 0x0000, 0x0000, 0x0000, 0x0000, 0x0000, 0x0000, 0x0000, 0x0000, 0x0000, 0x0000,
0x0000, 0x0000, 0x0000, 0x0000, 0x0000, 0x0000, 0x0000, 0x0000, 0x0000, 0x0000, 0x0000, 0x0000, 0x0000, 0x0000, 0x0000, 0x0000,
0x0000, 0x0000, 0x0000, 0x0000, 0x0000, 0x0000, 0x0000, 0x0000, 0x0000, 0x0000, 0x0000, 0x0000, 0x0000, 0x0000, 0x0000, 0x0000,
0x0000, 0x0000, 0x0000, 0x0000, 0x0000, 0x0000, 0x0000, 0x0000, 0x0000, 0x0000, 0x0000, 0x0000, 0x0000, 0x0000, 0x0000, 0x0000,
0x0000, 0x0000, 0x0000, 0x0000, 0x0000, 0x0000, 0x0000, 0x0000, 0x0000, 0x0000, 0x0000, 0x0000, 0x0000, 0x0000, 0x0000, 0x0000,
0x0000, 0x0000, 0x0000, 0x0000, 0x0000, 0x0000, 0x0000, 0x0000, 0x0000, 0x0000, 0x0000, 0x0000, 0x0000, 0x0000, 0x0000, 0x0000,
0x0000, 0x0000, 0x0000, 0x0000, 0x0000, 0x0000, 0x0000, 0x0000, 0x0000, 0x0000, 0x0000, 0x0000, 0x0000, 0x0000, 0x0000, 0x0000,
0x0000, 0x0000, 0x0000, 0x0000, 0x0000, 0x0000, 0x0000, 0x0000, 0x0000, 0x0000, 0x0000, 0x0000, 0x0000, 0x0000, 0x0000, 0x0000,
0x0000, 0x0000, 0x0000, 0x0000, 0x0000, 0x0000, 0x0000, 0x0000, 0x0000, 0x0000, 0x0000, 0x0000, 0x0000, 0x0000, 0x0000, 0x0000,
0x0000, 0x0000, 0x0000, 0x0000, 0x0000, 0x0000, 0x0000, 0x0000, 0x0000, 0x0000, 0x0000, 0x0000, 0x0000, 0x0000, 0x0000, 0x0000,
0x0000, 0x0000, 0x0000, 0x0000, 0x0000, 0x0000, 0x0000, 0x0000, 0x0000, 0x0000, 0x0000, 0x0000, 0x0000, 0x0000, 0x0000, 0x0000,
0x5494, 0x54f5, 0x54f5, 0x54f5, 0x54f5, 0x54d5, 0x5d16, 0x54d5, 0x54f5, 0x54f5, 0x54f5, 0x54f5, 0x54f5, 0x54f5, 0x5cf5, 0x54f5,
0x5cf5, 0x5cf5, 0x5cf5, 0x5cf5, 0x5cf5, 0x5cf5, 0x5cf5, 0x5cf5, 0x5cf5, 0x54f5, 0x54f5, 0x54d5, 0x54d5, 0x54d5, 0x54b5, 0x54b5,
0x4cb5, 0x54b4, 0x54b5, 0x54b5, 0x4cd3, 0x0000, 0x0000, 0x0000, 0x0000, 0x0000, 0x0000, 0x0000, 0x0000, 0x0000, 0x0000, 0x0000,
0x0000, 0x0000, 0x0000, 0x0000, 0x0000, 0x0000, 0x0000, 0x0000, 0x0000, 0x0000, 0x0000, 0x0000, 0x0000, 0x0000, 0x0000, 0x0000,
0x0000, 0x0000, 0x0000, 0x0000, 0x0000, 0x0000, 0x0000, 0x0000, 0x0000, 0x0000, 0x0000, 0x0000, 0x0000, 0x0000, 0x0000, 0x0000,
0x0000, 0x0000, 0x0000, 0x0000, 0x0000, 0x0000, 0x0000, 0x0000, 0x0000, 0x0000, 0x0000, 0x0000, 0x0000, 0x0000, 0x0000, 0x0000,
0x0000, 0x0000, 0x0000, 0x0000, 0x0000, 0x0000, 0x0000, 0x0000, 0x0000, 0x0000, 0x0000, 0x0000, 0x0000, 0x0000, 0x0000, 0x0000,
0x0000, 0x0000, 0x0000, 0x0000, 0x0000, 0x0000, 0x0000, 0x0000, 0x0000, 0x0000, 0x0000, 0x0000, 0x0000, 0x0000, 0x0000, 0x0000,
0x0000, 0x0000, 0x0000, 0x0000, 0x0000, 0x0000, 0x0000, 0x0000, 0x0000, 0x0000, 0x0000, 0x0000, 0x0000, 0x0000, 0x0000, 0x0000,
0x0000, 0x0000, 0x0000, 0x0000, 0x0000, 0x0000, 0x0000, 0x0000, 0x0000, 0x0000, 0x0000, 0x0000, 0x0000, 0x0000, 0x0000, 0x0000,
0x0000, 0x0000, 0x0000, 0x0000, 0x0000, 0x0000, 0x0000, 0x0000, 0x0000, 0x0000, 0x0000, 0x0000, 0x0000, 0x0000, 0x0000, 0x0000,
0x0000, 0x0000, 0x0000, 0x0000, 0x0000, 0x0000, 0x0000, 0x0000, 0x0000, 0x0000, 0x0000, 0x0000, 0x0000, 0x0000, 0x0000, 0x0000,
0x0000, 0x0000, 0x0000, 0x0000, 0x0000, 0x0000, 0x0000, 0x0000, 0x0000, 0x0000, 0x0000, 0x0000, 0x0000, 0x0000, 0x0000, 0x0000,
0x0000, 0x0000, 0x0000, 0x0000, 0x0000, 0x0000, 0x0000, 0x0000, 0x0000, 0x0000, 0x0000, 0x0000, 0x0000, 0x0000, 0x0000, 0x0000,
0x0000, 0x0000, 0x0000, 0x0000, 0x0000, 0x0000, 0x0000, 0x0000, 0x0000, 0x0000, 0x0000, 0x0000, 0x0000, 0x0000, 0x0000, 0x0000,
0x0000, 0x0000, 0x0000, 0x0000, 0x0000, 0x0000, 0x0000, 0x0000, 0x0000, 0x0000, 0x0000, 0x0000, 0x0000, 0x0000, 0x0000, 0x0000,
0x0000, 0x0000, 0x0000, 0x0000, 0x0000, 0x0000, 0x0000, 0x0000, 0x0000, 0x0000, 0x0000, 0x0000, 0x0000, 0x0000, 0x0000, 0x0000,
0x0000, 0x0000, 0x0000, 0x0000, 0x0000, 0x0000, 0x0000, 0x0000, 0x0000, 0x0000, 0x0000, 0x0000, 0x0000, 0x0000, 0x0000, 0x0000,
0x0000, 0x0000, 0x0000, 0x0000, 0x0000, 0x0000, 0x0000, 0x0000, 0x0000, 0x0000, 0x0000, 0x0000, 0x0000, 0x0000, 0x0000, 0x0000,
0x0000, 0x0000, 0x0000, 0x0000, 0x0000, 0x0000, 0x0000, 0x0000, 0x0000, 0x0000, 0x0000, 0x0000, 0x0000, 0x0000, 0x0000, 0x0000,
0x0000, 0x0000, 0x0000, 0x0000, 0x0000, 0x0000, 0x0000, 0x0000, 0x0000, 0x0000, 0x0000, 0x0000, 0x0000, 0x0000, 0x0000, 0x0000,
0x0000, 0x0000, 0x0000, 0x0000, 0x0000, 0x0000, 0x0000, 0x0000, 0x0000, 0x0000, 0x0000, 0x0000, 0x0000, 0x0000, 0x0000, 0x0000,
0x0000, 0x0000, 0x0000, 0x0000, 0x0000, 0x0000, 0x0000, 0x0000, 0x0000, 0x0000, 0x0000, 0x0000, 0x0000, 0x0000, 0x0000, 0x0000,
0x0000, 0x0000, 0x0000, 0x0000, 0x0000, 0x0000, 0x0000, 0x0000, 0x0000, 0x0000, 0x0000, 0x0000, 0x0000, 0x0000, 0x0000, 0x0000,
0x0000, 0x0000, 0x0000, 0x0000, 0x0000, 0x0000, 0x0000, 0x0000, 0x0000, 0x0000, 0x0000, 0x0000, 0x0000, 0x0000, 0x0000, 0x0000,
0x0000, 0x0000, 0x0000, 0x0000, 0x0000, 0x0000, 0x0000, 0x0000, 0x0000, 0x0000, 0x0000, 0x0000, 0x0000, 0x0000, 0x0000, 0x0000,
0x0000, 0x0000, 0x0000, 0x0000, 0x0000, 0x0000, 0x0000, 0x0000, 0x0000, 0x0000, 0x0000, 0x0000, 0x0000, 0x0000, 0x0000, 0x0000,
0x0000, 0x0000, 0x0000, 0x0000, 0x0000, 0x0000, 0x0000, 0x0000, 0x0000, 0x0000, 0x0000, 0x0000, 0x0000, 0x0000, 0x0000, 0x0000,
0x0000, 0x0000, 0x0000, 0x0000, 0x0000, 0x0000, 0x0000, 0x0000, 0x0000, 0x0000, 0x0000, 0x0000, 0x0000, 0x0000, 0x0000, 0x0000,
0x0000, 0x0000, 0x0000, 0x0000, 0x0000, 0x0000, 0x0000, 0x0000, 0x0000, 0x0000, 0x0000, 0x0000, 0x0000, 0x0000, 0x0000, 0x0000,
0x0000, 0x0000, 0x0000, 0x0000, 0x0000, 0x0000, 0x0000, 0x0000, 0x0000, 0x0000, 0x0000, 0x0000, 0x0000, 0x0000, 0x0000, 0x0000,
0x0000, 0x0000, 0x0000, 0x0000, 0x0000, 0x0000, 0x0000, 0x0000, 0x0000, 0x0000, 0x0000, 0x0000, 0x0000, 0x0000, 0x0000, 0x0000,
0x0000, 0x0000, 0x0000, 0x0000, 0x0000, 0x0000, 0x0000, 0x0000, 0x0000, 0x0000, 0x0000, 0x0000, 0x0000, 0x0000, 0x0000, 0x0000,
0x0000, 0x0000, 0x0000, 0x0000, 0x0000, 0x0000, 0x0000, 0x0000, 0x0000, 0x0000, 0x0000, 0x0000, 0x0000, 0x0000, 0x0000, 0x0000,
0x0000, 0x0000, 0x0000, 0x0000, 0x0000, 0x0000, 0x0000, 0x0000, 0x0000, 0x0000, 0x0000, 0x0000, 0x0000, 0x0000, 0x0000, 0x0000,
0x0000, 0x0000, 0x0000, 0x0000, 0x0000, 0x0000, 0x0000, 0x0000, 0x0000, 0x0000, 0x0000, 0x0000, 0x0000, 0x0000, 0x0000, 0x0000,
0x0000, 0x0000, 0x0000, 0x0000, 0x0000, 0x0000, 0x0000, 0x0000, 0x0000, 0x0000, 0x0000, 0x0000, 0x0000, 0x0000, 0x0000, 0x0000,
0x0000, 0x0000, 0x0000, 0x0000, 0x0000, 0x0000, 0x0000, 0x0000, 0x0000, 0x0000, 0x0000, 0x0000, 0x0000, 0x0000, 0x0000, 0x0000,
0x0000, 0x0000, 0x0000, 0x0000, 0x0000, 0x0000, 0x0000, 0x0000, 0x0000, 0x0000, 0x0000, 0x0000, 0x0000, 0x0000, 0x0000, 0x0000,
0x0000, 0x0000, 0x0000, 0x0000, 0x0000, 0x0000, 0x0000, 0x0000, 0x0000, 0x0000, 0x0000, 0x0000, 0x0000, 0x0000, 0x0000, 0x0000,
0x0000, 0x0000, 0x0000, 0x0000, 0x0000, 0x0000, 0x0000, 0x0000, 0x0000, 0x0000, 0x0000, 0x0000, 0x0000, 0x0000, 0x0000, 0x0000,
0x0000, 0x0000, 0x0000, 0x0000, 0x0000, 0x0000, 0x0000, 0x0000, 0x0000, 0x0000, 0x0000, 0x0000, 0x0000, 0x0000, 0x0000, 0x0000,
0x0000, 0x0000, 0x0000, 0x0000, 0x0000, 0x0000, 0x0000, 0x0000, 0x0000, 0x0000, 0x0000, 0x0000, 0x0000, 0x0000, 0x0000, 0x0000,
0x0000, 0x0000, 0x0000, 0x0000, 0x0000, 0x0000, 0x0000, 0x0000, 0x0000, 0x0000, 0x0000, 0x0000, 0x0000, 0x0000, 0x0000, 0x0000,
0x0000, 0x0000, 0x0000, 0x0000, 0x0000, 0x0000, 0x0000, 0x0000, 0x0000, 0x0000, 0x0000, 0x0000, 0x0000, 0x0000, 0x0000, 0x0000,

/* -5- */
0x0000, 0x0000, 0x0000, 0x0000, 0x0000, 0x0000, 0x0000, 0x0000, 0x0000, 0x0000, 0x0000, 0x0000, 0x0000, 0x0000, 0x0000, 0x0000,
0x0000, 0x0000, 0x0000, 0x0000, 0x0000, 0x0000, 0x0000, 0x0000, 0x0000, 0x0000, 0x0000, 0x0000, 0x0000, 0x0000, 0x0000, 0x0000,
0x0000, 0x0000, 0x0000, 0x0000, 0x0000, 0x0000, 0x0000, 0x0000, 0x0000, 0x0000, 0x0000, 0x0000, 0x0000, 0x0000, 0x0000, 0x0000,
0x0000, 0x0000, 0x0000, 0x0000, 0x0000, 0x0000, 0x0000, 0x0000, 0x0000, 0x0000, 0x0000, 0x0000, 0x0000, 0x0000, 0x0000, 0x0000,
0x0000, 0x0000, 0x0000, 0x0000, 0x0000, 0x0000, 0x0000, 0x0000, 0x0000, 0x0000, 0x0000, 0x0000, 0x0000, 0x0000, 0x0000, 0x0000,
0x0000, 0x0000, 0x0000, 0x0000, 0x0000, 0x0000, 0x0000, 0x0000, 0x0000, 0x0000, 0x0000, 0x0000, 0x0000, 0x0000, 0x0000, 0x0000,
0x0000, 0x0000, 0x0000, 0x0000, 0x0000, 0x0000, 0x0000, 0x0000, 0x0000, 0x0000, 0x0000, 0x0000, 0x0000, 0x0000, 0x0000, 0x0000,
0x0000, 0x0000, 0x0000, 0x0000, 0x0000, 0x0000, 0x0000, 0x0000, 0x0000, 0x0000, 0x0000, 0x0000, 0x0000, 0x0000, 0x0000, 0x0000,
0x0000, 0x0000, 0x0000, 0x0000, 0x0000, 0x0000, 0x0000, 0x0000, 0x0000, 0x0000, 0x0000, 0x0000, 0x0000, 0x0000, 0x0000, 0x0000,
0x0000, 0x0000, 0x0000, 0x0000, 0x0000, 0x0000, 0x0000, 0x0000, 0x0000, 0x0000, 0x0000, 0x0000, 0x0000, 0x0000, 0x0000, 0x0000,
0x0000, 0x0000, 0x0000, 0x0000, 0x0000, 0x0000, 0x0000, 0x0000, 0x0000, 0x0000, 0x0000, 0x0000, 0x0000, 0x0000, 0x0000, 0x0000,
0x0000, 0x0000, 0x0000, 0x0000, 0x0000, 0x0000, 0x0000, 0x0000, 0x0000, 0x0000, 0x0000, 0x0000, 0x0000, 0x0000, 0x0000, 0x0000,
0x0000, 0x0000, 0x0000, 0x0000, 0x0000, 0x0000, 0x0000, 0x0000, 0x0000, 0x0000, 0x0000, 0x0000, 0x0000, 0x0000, 0x0000, 0x0000,
0x0000, 0x0000, 0x0000, 0x0000, 0x0000, 0x0000, 0x0000, 0x0000, 0x0000, 0x0000, 0x0000, 0x0000, 0x0000, 0x0000, 0x0000, 0x0000,
0x0000, 0x0000, 0x0000, 0x0000, 0x0000, 0x0000, 0x0000, 0x0000, 0x0000, 0x0000, 0x0000, 0x0000, 0x0000, 0x0000, 0x0000, 0x0000,
0x0000, 0x0000, 0x0000, 0x0000, 0x0000, 0x0000, 0x0000, 0x0000, 0x0000, 0x0000, 0x0000, 0x0000, 0x0000, 0x0000, 0x0000, 0x0000,
0x0000, 0x0000, 0x0000, 0x0000, 0x0000, 0x0000, 0x0000, 0x0000, 0x0000, 0x0000, 0x0000, 0x0000, 0x0000, 0x0000, 0x0000, 0x0000,
0x0000, 0x0000, 0x0000, 0x0000, 0x0000, 0x0000, 0x0000, 0x0000, 0x0000, 0x0000, 0x0000, 0x0000, 0x0000, 0x0000, 0x0000, 0x0000,
0x0000, 0x0000, 0x0000, 0x0000, 0x0000, 0x0000, 0x0000, 0x0000, 0x0000, 0x0000, 0x0000, 0x0000, 0x0000, 0x0000, 0x0000, 0x0000,
0x0000, 0x0000, 0x0000, 0x0000, 0x0000, 0x0000, 0x0000, 0x7fff, 0x5555, 0x5555, 0x5555, 0x7fff, 0x3bf7, 0x5d17, 0x54d5, 0x54d3,
0x54d5, 0x54f6, 0x54f5, 0x54d5, 0x54d5, 0x54f5, 0x54f5, 0x54f5, 0x54f5, 0x5cf5, 0x5cf5, 0x54f5, 0x5cf5, 0x5cf5, 0x54f5, 0x5cf5,
0x5cf5, 0x5cf5, 0x5cf5, 0x5cf5, 0x5cf5, 0x5cf5, 0x5cf5, 0x5d15, 0x5d16, 0x54f5, 0x5cf5, 0x54f6, 0x54f6, 0x54d5, 0x54d5, 0x54b5,
0x54b5, 0x54d5, 0x54d5, 0x54b5, 0x5494, 0x54b5, 0x5494, 0x4cb4, 0x4cd6, 0x7bef, 0x5555, 0x5555, 0x5555, 0x7bff, 0x0000, 0x0000,
0x0000, 0x0000, 0x0000, 0x0000, 0x0000, 0x0000, 0x0000, 0x0000, 0x0000, 0x0000, 0x0000, 0x0000, 0x0000, 0x0000, 0x0000, 0x0000,
0x0000, 0x0000, 0x0000, 0x0000, 0x0000, 0x0000, 0x0000, 0x0000, 0x0000, 0x0000, 0x0000, 0x0000, 0x0000, 0x0000, 0x0000, 0x0000,
0x0000, 0x0000, 0x0000, 0x0000, 0x0000, 0x0000, 0x0000, 0x0000, 0x0000, 0x0000, 0x0000, 0x0000, 0x0000, 0x0000, 0x0000, 0x0000,
0x0000, 0x0000, 0x0000, 0x0000, 0x0000, 0x0000, 0x0000, 0x0000, 0x0000, 0x0000, 0x0000, 0x0000, 0x0000, 0x0000, 0x0000, 0x0000,
0x0000, 0x0000, 0x0000, 0x0000, 0x0000, 0x0000, 0x0000, 0x0000, 0x0000, 0x0000, 0x0000, 0x0000, 0x0000, 0x0000, 0x0000, 0x0000,
0x0000, 0x0000, 0x0000, 0x0000, 0x0000, 0x0000, 0x0000, 0x0000, 0x0000, 0x0000, 0x0000, 0x0000, 0x0000, 0x0000, 0x0000, 0x0000,
0x0000, 0x0000, 0x0000, 0x0000, 0x0000, 0x0000, 0x0000, 0x0000, 0x0000, 0x0000, 0x0000, 0x0000, 0x0000, 0x0000, 0x0000, 0x0000,
0x0000, 0x0000, 0x0000, 0x0000, 0x0000, 0x0000, 0x0000, 0x0000, 0x0000, 0x0000, 0x0000, 0x0000, 0x0000, 0x0000, 0x0000, 0x0000,
0x0000, 0x0000, 0x0000, 0x0000, 0x0000, 0x0000, 0x0000, 0x0000, 0x0000, 0x0000, 0x0000, 0x0000, 0x0000, 0x0000, 0x0000, 0x0000,
0x0000, 0x0000, 0x0000, 0x0000, 0x0000, 0x0000, 0x0000, 0x0000, 0x0000, 0x0000, 0x0000, 0x0000, 0x0000, 0x0000, 0x0000, 0x0000,
0x0000, 0x0000, 0x0000, 0x0000, 0x0000, 0x0000, 0x0000, 0x0000, 0x0000, 0x0000, 0x0000, 0x0000, 0x0000, 0x0000, 0x0000, 0x0000,
0x0000, 0x0000, 0x0000, 0x0000, 0x0000, 0x0000, 0x0000, 0x0000, 0x0000, 0x0000, 0x0000, 0x0000, 0x0000, 0x0000, 0x0000, 0x0000,
0x0000, 0x0000, 0x0000, 0x0000, 0x0000, 0x0000, 0x0000, 0x0000, 0x0000, 0x0000, 0x0000, 0x0000, 0x0000, 0x0000, 0x0000, 0x0000,
0x0000, 0x0000, 0x0000, 0x0000, 0x0000, 0x0000, 0x0000, 0x0000, 0x0000, 0x0000, 0x0000, 0x0000, 0x0000, 0x0000, 0x0000, 0x0000,
0x0000, 0x0000, 0x0000, 0x0000, 0x0000, 0x0000, 0x0000, 0x0000, 0x0000, 0x0000, 0x0000, 0x0000, 0x0000, 0x0000, 0x0000, 0x0000,
0x0000, 0x0000, 0x0000, 0x0000, 0x0000, 0x0000, 0x0000, 0x0000, 0x0000, 0x0000, 0x0000, 0x0000, 0x0000, 0x0000, 0x7bef, 0x5555,
0x5555, 0x5555, 0x4c92, 0x5454, 0x54b4, 0x54b3, 0x54d4, 0x54d4, 0x5cd4, 0x5cd4, 0x07ff, 0x0000, 0x07ff, 0x07ff, 0x7bef, 0x7bef,
0x0000, 0x0000, 0x0000, 0x0000, 0x0000, 0x0000, 0x0000, 0x0000, 0x0000, 0x0000, 0x0000, 0x0000, 0x0000, 0x0000, 0x0000, 0x0000,
0x0000, 0x0000, 0x0000, 0x0000, 0x0000, 0x0000, 0x0000, 0x0000, 0x0000, 0x0000, 0x0000, 0x0000, 0x0000, 0x0000, 0x0000, 0x0000,
0x0000, 0x0000, 0x0000, 0x0000, 0x0000, 0x0000, 0x0000, 0x0000, 0x0000, 0x0000, 0x0000, 0x0000, 0x0000, 0x0000, 0x0000, 0x0000,
0x0000, 0x0000, 0x0000, 0x0000, 0x0000, 0x0000, 0x0000, 0x0000, 0x0000, 0x0000, 0x0000, 0x0000, 0x0000, 0x0000, 0x0000, 0x0000,
0x0000, 0x0000, 0x0000, 0x0000, 0x0000, 0x0000, 0x0000, 0x0000, 0x0000, 0x0000, 0x0000, 0x0000, 0x0000, 0x0000, 0x0000, 0x0000,
0x0000, 0x0000, 0x0000, 0x0000, 0x0000, 0x0000, 0x0000, 0x0000, 0x0000, 0x0000, 0x0000, 0x0000, 0x0000, 0x0000, 0x0000, 0x0000,
0x0000, 0x0000, 0x0000, 0x0000, 0x0000, 0x0000, 0x0000, 0x0000, 0x0000, 0x0000, 0x0000, 0x0000, 0x0000, 0x0000, 0x0000, 0x0000,
0x0000, 0x0000, 0x0000, 0x0000, 0x0000, 0x0000, 0x0000, 0x0000, 0x0000, 0x0000, 0x0000, 0x0000, 0x0000, 0x0000, 0x0000, 0x0000,
0x0000, 0x0000, 0x0000, 0x0000, 0x0000, 0x0000, 0x0000, 0x0000, 0x0000, 0x0000, 0x0000, 0x0000, 0x0000, 0x0000, 0x0000, 0x0000,
0x0000, 0x0000, 0x0000, 0x0000, 0x0000, 0x0000, 0x0000, 0x0000, 0x0000, 0x0000, 0x0000, 0x0000, 0x0000, 0x0000, 0x0000, 0x0000,
0x0000, 0x0000, 0x0000, 0x0000, 0x0000, 0x0000, 0x0000, 0x0000, 0x0000, 0x0000, 0x0000, 0x0000, 0x0000, 0x0000, 0x0000, 0x0000,
0x0000, 0x0000, 0x0000, 0x0000, 0x0000, 0x0000, 0x0000, 0x0000, 0x0000, 0x0000, 0x0000, 0x0000, 0x0000, 0x0000, 0x0000, 0x0000,
0x0000, 0x0000, 0x0000, 0x0000, 0x0000, 0x0000, 0x0000, 0x0000, 0x0000, 0x0000, 0x0000, 0x0000, 0x0000, 0x0000, 0x0000, 0x0000,
0x0000, 0x0000, 0x0000, 0x0000, 0x0000, 0x0000, 0x0000, 0x0000, 0x0000, 0x0000, 0x0000, 0x0000, 0x0000, 0x0000, 0x0000, 0x0000,
0x0000, 0x0000, 0x0000, 0x0000, 0x0000, 0x0000, 0x0000, 0x0000, 0x0000, 0x0000, 0x0000, 0x0000, 0x0000, 0x0000, 0x0000, 0x0000,
0x0000, 0x0000, 0x0000, 0x0000, 0x0000, 0x0000, 0x0000, 0x0000, 0x0000, 0x0000, 0x0000, 0x0000, 0x0000, 0x0000, 0x0000, 0x0000,
0x0000, 0x0000, 0x0000, 0x0000, 0x0000, 0x0000, 0x0000, 0x0000, 0x0000, 0x0000, 0x0000, 0x0000, 0x0000, 0x0000, 0x0000, 0x0000,
0x0000, 0x0000, 0x0000, 0x0000, 0x0000, 0x0000, 0x0000, 0x0000, 0x0000, 0x0000, 0x0000, 0x0000, 0x0000, 0x0000, 0x0000, 0x0000,
0x0000, 0x0000, 0x0000, 0x0000, 0x0000, 0x0000, 0x0000, 0x0000, 0x0000, 0x0000, 0x0000, 0x0000, 0x0000, 0x0000, 0x0000, 0x0000,
0x0000, 0x0000, 0x0000, 0x0000, 0x0000, 0x0000, 0x0000, 0x0000, 0x0000, 0x0000, 0x0000, 0x0000, 0x0000, 0x0000, 0x0000, 0x0000,
0x0000, 0x0000, 0x0000, 0x0000, 0x0000, 0x0000, 0x0000, 0x0000, 0x0000, 0x0000, 0x0000, 0x0000, 0x0000, 0x0000, 0x0000, 0x0000,
0x0000, 0x0000, 0x0000, 0x0000, 0x0000, 0x0000, 0x0000, 0x0000, 0x0000, 0x0000, 0x0000, 0x0000, 0x0000, 0x0000, 0x0000, 0x0000,
0x0000, 0x0000, 0x0000, 0x0000, 0x0000, 0x0000, 0x0000, 0x0000, 0x0000, 0x0000, 0x0000, 0x0000, 0x0000, 0x0000, 0x0000, 0x0000,
0x0000, 0x0000, 0x0000, 0x0000, 0x0000, 0x0000, 0x0000, 0x0000, 0x0000, 0x0000, 0x0000, 0x0000, 0x0000, 0x0000, 0x0000, 0x0000,
0x0000, 0x0000, 0x0000, 0x0000, 0x0000, 0x0000, 0x0000, 0x7fff, 0x5555, 0x5555, 0x5555, 0x7fff, 0x3bf7, 0x5d17, 0x54d5, 0x54d3,

/* -6- */
0x0000, 0x0000, 0x0000, 0x0000, 0x0000, 0x0000, 0x0000, 0x0000, 0x0000, 0x0000, 0x0000, 0x0000, 0x0000, 0x0000, 0x0000, 0x0000,
0x0000, 0x0000, 0x0000, 0x0000, 0x0000, 0x0000, 0x0000, 0x0000, 0x0000, 0x0000, 0x0000, 0x0000, 0x0000, 0x0000, 0x0000, 0x0000,
0x0000, 0x0000, 0x0000, 0x0000, 0x0000, 0x0000, 0x0000, 0x0000, 0x0000, 0x0000, 0x0000, 0x0000, 0x0000, 0x0000, 0x0000, 0x0000,
0x0000, 0x0000, 0x0000, 0x0000, 0x0000, 0x0000, 0x0000, 0x0000, 0x0000, 0x0000, 0x0000, 0x0000, 0x0000, 0x0000, 0x0000, 0x0000,
0x0000, 0x0000, 0x0000, 0x0000, 0x0000, 0x0000, 0x0000, 0x0000, 0x0000, 0x0000, 0x0000, 0x0000, 0x0000, 0x0000, 0x0000, 0x0000,
0x0000, 0x0000, 0x0000, 0x0000, 0x0000, 0x0000, 0x0000, 0x0000, 0x0000, 0x0000, 0x0000, 0x0000, 0x0000, 0x0000, 0x0000, 0x0000,
0x0000, 0x0000, 0x0000, 0x0000, 0x0000, 0x0000, 0x0000, 0x0000, 0x0000, 0x0000, 0x0000, 0x0000, 0x0000, 0x0000, 0x0000, 0x0000,
0x0000, 0x0000, 0x0000, 0x0000, 0x0000, 0x0000, 0x0000, 0x0000, 0x0000, 0x0000, 0x0000, 0x0000, 0x0000, 0x0000, 0x0000, 0x0000,
0x0000, 0x0000, 0x0000, 0x0000, 0x0000, 0x0000, 0x0000, 0x0000, 0x0000, 0x0000, 0x0000, 0x0000, 0x0000, 0x0000, 0x0000, 0x0000,
0x0000, 0x0000, 0x0000, 0x0000, 0x0000, 0x0000, 0x0000, 0x0000, 0x0000, 0x0000, 0x0000, 0x0000, 0x0000, 0x0000, 0x0000, 0x0000,
0x0000, 0x0000, 0x0000, 0x0000, 0x0000, 0x0000, 0x0000, 0x0000, 0x0000, 0x0000, 0x0000, 0x0000, 0x0000, 0x0000, 0x0000, 0x0000,
0x0000, 0x0000, 0x0000, 0x0000, 0x0000, 0x0000, 0x0000, 0x0000, 0x0000, 0x0000, 0x0000, 0x0000, 0x0000, 0x0000, 0x0000, 0x0000,
0x0000, 0x0000, 0x0000, 0x0000, 0x0000, 0x0000, 0x0000, 0x0000, 0x0000, 0x0000, 0x0000, 0x0000, 0x0000, 0x0000, 0x0000, 0x0000,
0x0000, 0x0000, 0x0000, 0x0000, 0x0000, 0x0000, 0x0000, 0x0000, 0x0000, 0x0000, 0x0000, 0x0000, 0x0000, 0x0000, 0x0000, 0x0000,
0x0000, 0x0000, 0x0000, 0x0000, 0x0000, 0x0000, 0x0000, 0x0000, 0x0000, 0x0000, 0x0000, 0x0000, 0x0000, 0x0000, 0x0000, 0x0000,
0x0000, 0x0000, 0x0000, 0x0000, 0x0000, 0x0000, 0x0000, 0x0000, 0x0000, 0x0000, 0x0000, 0x0000, 0x0000, 0x0000, 0x0000, 0x0000,
0x0000, 0x0000, 0x0000, 0x0000, 0x0000, 0x0000, 0x0000, 0x0000, 0x0000, 0x0000, 0x0000, 0x0000, 0x0000, 0x0000, 0x0000, 0x0000,
0x0000, 0x0000, 0x0000, 0x0000, 0x0000, 0x0000, 0x0000, 0x0000, 0x0000, 0x0000, 0x0000, 0x0000, 0x0000, 0x0000, 0x0000, 0x0000,
0x0000, 0x0000, 0x0000, 0x0000, 0x0000, 0x0000, 0x0000, 0x0000, 0x0000, 0x0000, 0x0000, 0x0000, 0x0000, 0x0000, 0x0000, 0x0000,
0x0000, 0x0000, 0x0000, 0x07ff, 0x5555, 0x5555, 0x7bff, 0x0000, 0x0000, 0x0000, 0x0000, 0x0000, 0x54d5, 0x54f5, 0x54f5, 0x54f5,
0x54f5, 0x54f5, 0x54f5, 0x54f5, 0x54f5, 0x54f5, 0x5cf5, 0x5cf5, 0x5cf5, 0x5cf5, 0x5cf5, 0x5cf5, 0x5cf5, 0x5cf5, 0x5cf5, 0x5cf5,
0x5cf5, 0x5cf5, 0x5cf5, 0x5cf5, 0x5cf5, 0x5cf5, 0x5cf5, 0x5d16, 0x5cf6, 0x5cf6, 0x5cf5, 0x54f5, 0x54f5, 0x54f5, 0x54d5, 0x54b5,
0x54b5, 0x54b5, 0x54b5, 0x54b5, 0x54b5, 0x54b5, 0x54d5, 0x54b5, 0x4cb5, 0x0000, 0x0000, 0x0000, 0x0000, 0x0000, 0x0000, 0x5555,
0x5555, 0x5555, 0x7bff, 0x0000, 0x0000, 0x0000, 0x0000, 0x0000, 0x0000, 0x0000, 0x0000, 0x0000, 0x0000, 0x0000, 0x0000, 0x0000,
0x0000, 0x0000, 0x0000, 0x0000, 0x0000, 0x07ff, 0x5555, 0x5555, 0x5555, 0x5555, 0x5555, 0x5555, 0x5555, 0x5555, 0x5555, 0x5555,
0x5555, 0x0000, 0x0000, 0x0000, 0x0000, 0x0000, 0x0000, 0x0000, 0x0000, 0x0000, 0x0000, 0x0000, 0x0000, 0x0000, 0x0000, 0x0000,
0x0000, 0x0000, 0x0000, 0x0000, 0x0000, 0x0000, 0x0000, 0x0000, 0x0000, 0x0000, 0x0000, 0x0000, 0x0000, 0x0000, 0x0000, 0x0000,
0x0000, 0x0000, 0x0000, 0x0000, 0x0000, 0x0000, 0x0000, 0x0000, 0x0000, 0x0000, 0x0000, 0x0000, 0x0000, 0x0000, 0x0000, 0x0000,
0x0000, 0x0000, 0x0000, 0x0000, 0x0000, 0x0000, 0x0000, 0x0000, 0x0000, 0x0000, 0x0000, 0x0000, 0x0000, 0x0000, 0x0000, 0x0000,
0x0000, 0x0000, 0x0000, 0x0000, 0x0000, 0x0000, 0x0000, 0x0000, 0x0000, 0x0000, 0x0000, 0x0000, 0x0000, 0x0000, 0x0000, 0x0000,
0x0000, 0x0000, 0x0000, 0x0000, 0x0000, 0x0000, 0x0000, 0x0000, 0x0000, 0x0000, 0x0000, 0x0000, 0x0000, 0x0000, 0x0000, 0x0000,
0x0000, 0x0000, 0x0000, 0x0000, 0x0000, 0x0000, 0x0000, 0x0000, 0x0000, 0x0000, 0x0000, 0x0000, 0x0000, 0x0000, 0x0000, 0x0000,
0x0000, 0x0000, 0x0000, 0x0000, 0x0000, 0x0000, 0x0000, 0x0000, 0x0000, 0x0000, 0x0000, 0x0000, 0x0000, 0x0000, 0x0000, 0x0000,
0x0000, 0x0000, 0x0000, 0x0000, 0x0000, 0x0000, 0x0000, 0x0000, 0x0000, 0x0000, 0x0000, 0x0000, 0x0000, 0x0000, 0x0000, 0x0000,
0x0000, 0x0000, 0x0000, 0x0000, 0x0000, 0x0000, 0x0000, 0x0000, 0x0000, 0x0000, 0x0000, 0x0000, 0x0000, 0x0000, 0x0000, 0x0000,
0x0000, 0x0000, 0x0000, 0x0000, 0x0000, 0x0000, 0x0000, 0x0000, 0x0000, 0x0000, 0x0000, 0x0000, 0x0000, 0x0000, 0x0000, 0x0000,
0x0000, 0x0000, 0x0000, 0x0000, 0x0000, 0x0000, 0x0000, 0x0000, 0x0000, 0x0000, 0x0000, 0x0000, 0x0000, 0x0000, 0x0000, 0x0000,
0x0000, 0x0000, 0x0000, 0x0000, 0x0000, 0x0000, 0x0000, 0x0000, 0x0000, 0x0000, 0x0000, 0x0000, 0x0000, 0x0000, 0x0000, 0x0000,
0x0000, 0x0000, 0x0000, 0x0000, 0x0000, 0x0000, 0x0000, 0x0000, 0x0000, 0x0000, 0x7bff, 0x5555, 0x5555, 0x5555, 0x0000, 0x0000,
0x0000, 0x0000, 0x5cf6, 0x54f6, 0x54f5, 0x54f5, 0x5cf6, 0x5d16, 0x5cf6, 0x5d16, 0x54d5, 0x0000, 0x0000, 0x0000, 0x0000, 0x0000,
0x07ff, 0x5555, 0x5555, 0x5555, 0x0000, 0x0000, 0x0000, 0x0000, 0x0000, 0x0000, 0x0000, 0x0000, 0x0000, 0x0000, 0x0000, 0x0000,
0x0000, 0x0000, 0x0000, 0x0000, 0x0000, 0x0000, 0x0000, 0x0000, 0x0000, 0x0000, 0x0000, 0x0000, 0x0000, 0x0000, 0x0000, 0x0000,
0x0000, 0x0000, 0x0000, 0x0000, 0x0000, 0x0000, 0x0000, 0x0000, 0x0000, 0x0000, 0x0000, 0x0000, 0x0000, 0x0000, 0x0000, 0x0000,
0x0000, 0x0000, 0x0000, 0x0000, 0x0000, 0x0000, 0x0000, 0x0000, 0x0000, 0x0000, 0x0000, 0x0000, 0x0000, 0x0000, 0x0000, 0x0000,
0x0000, 0x0000, 0x0000, 0x0000, 0x0000, 0x0000, 0x0000, 0x0000, 0x0000, 0x0000, 0x0000, 0x0000, 0x0000, 0x0000, 0x0000, 0x0000,
0x0000, 0x0000, 0x0000, 0x0000, 0x0000, 0x0000, 0x0000, 0x0000, 0x0000, 0x0000, 0x0000, 0x0000, 0x0000, 0x0000, 0x0000, 0x0000,
0x0000, 0x0000, 0x0000, 0x0000, 0x0000, 0x0000, 0x0000, 0x0000, 0x0000, 0x0000, 0x0000, 0x0000, 0x0000, 0x0000, 0x0000, 0x0000,
0x0000, 0x0000, 0x0000, 0x0000, 0x0000, 0x0000, 0x0000, 0x0000, 0x0000, 0x0000, 0x0000, 0x0000, 0x0000, 0x0000, 0x0000, 0x0000,
0x0000, 0x0000, 0x0000, 0x0000, 0x0000, 0x0000, 0x0000, 0x0000, 0x0000, 0x0000, 0x0000, 0x0000, 0x0000, 0x0000, 0x0000, 0x0000,
0x0000, 0x0000, 0x0000, 0x0000, 0x0000, 0x0000, 0x0000, 0x0000, 0x0000, 0x0000, 0x0000, 0x0000, 0x0000, 0x0000, 0x0000, 0x0000,
0x0000, 0x0000, 0x0000, 0x0000, 0x0000, 0x0000, 0x0000, 0x0000, 0x0000, 0x0000, 0x0000, 0x0000, 0x0000, 0x0000, 0x0000, 0x0000,
0x0000, 0x0000, 0x0000, 0x0000, 0x0000, 0x0000, 0x0000, 0x0000, 0x0000, 0x0000, 0x0000, 0x0000, 0x0000, 0x0000, 0x0000, 0x0000,
0x0000, 0x0000, 0x0000, 0x0000, 0x0000, 0x0000, 0x0000, 0x0000, 0x0000, 0x0000, 0x0000, 0x0000, 0x0000, 0x0000, 0x0000, 0x0000,
0x0000, 0x0000, 0x0000, 0x0000, 0x0000, 0x0000, 0x0000, 0x0000, 0x0000, 0x0000, 0x0000, 0x0000, 0x0000, 0x0000, 0x0000, 0x0000,
0x0000, 0x0000, 0x0000, 0x0000, 0x0000, 0x0000, 0x0000, 0x0000, 0x0000, 0x0000, 0x0000, 0x0000, 0x0000, 0x0000, 0x0000, 0x0000,
0x0000, 0x0000, 0x0000, 0x0000, 0x0000, 0x0000, 0x0000, 0x0000, 0x0000, 0x0000, 0x0000, 0x0000, 0x0000, 0x0000, 0x0000, 0x0000,
0x0000, 0x0000, 0x0000, 0x0000, 0x0000, 0x0000, 0x0000, 0x0000, 0x0000, 0x0000, 0x0000, 0x0000, 0x0000, 0x0000, 0x0000, 0x0000,
0x0000, 0x0000, 0x0000, 0x0000, 0x0000, 0x0000, 0x0000, 0x0000, 0x0000, 0x0000, 0x0000, 0x0000, 0x0000, 0x0000, 0x0000, 0x0000,
0x0000, 0x0000, 0x0000, 0x0000, 0x0000, 0x0000, 0x0000, 0x0000, 0x0000, 0x0000, 0x0000, 0x0000, 0x0000, 0x0000, 0x0000, 0x0000,
0x0000, 0x0000, 0x0000, 0x0000, 0x0000, 0x0000, 0x0000, 0x0000, 0x0000, 0x0000, 0x0000, 0x0000, 0x0000, 0x0000, 0x0000, 0x0000,
0x0000, 0x0000, 0x0000, 0x0000, 0x0000, 0x0000, 0x0000, 0x0000, 0x0000, 0x0000, 0x0000, 0x0000, 0x0000, 0x0000, 0x0000, 0x0000,
0x0000, 0x0000, 0x0000, 0x0000, 0x0000, 0x0000, 0x0000, 0x0000, 0x0000, 0x0000, 0x0000, 0x0000, 0x0000, 0x0000, 0x0000, 0x0000,
0x0000, 0x0000, 0x0000, 0x0000, 0x0000, 0x0000, 0x0000, 0x0000, 0x0000, 0x0000, 0x0000, 0x0000, 0x0000, 0x0000, 0x0000, 0x0000,
0x0000, 0x0000, 0x0000, 0x0000, 0x0000, 0x0000, 0x0000, 0x0000, 0x0000, 0x0000, 0x0000, 0x0000, 0x0000, 0x0000, 0x0000, 0x0000,
0x0000, 0x0000, 0x0000, 0x07ff, 0x5555, 0x5555, 0x7bff, 0x0000, 0x0000, 0x0000, 0x0000, 0x0000, 0x54d5, 0x54f5, 0x54f5, 0x54f5,

/* -7- */
0x0000, 0x0000, 0x0000, 0x0000, 0x0000, 0x0000, 0x0000, 0x0000, 0x0000, 0x0000, 0x0000, 0x0000, 0x0000, 0x0000, 0x0000, 0x0000,
0x0000, 0x0000, 0x0000, 0x0000, 0x0000, 0x0000, 0x0000, 0x0000, 0x0000, 0x0000, 0x0000, 0x0000, 0x0000, 0x0000, 0x0000, 0x0000,
0x0000, 0x0000, 0x0000, 0x0000, 0x0000, 0x0000, 0x0000, 0x0000, 0x0000, 0x0000, 0x0000, 0x0000, 0x0000, 0x0000, 0x0000, 0x0000,
0x0000, 0x0000, 0x0000, 0x0000, 0x0000, 0x0000, 0x0000, 0x0000, 0x0000, 0x0000, 0x0000, 0x0000, 0x0000, 0x0000, 0x0000, 0x0000,
0x0000, 0x0000, 0x0000, 0x0000, 0x0000, 0x0000, 0x0000, 0x0000, 0x0000, 0x0000, 0x0000, 0x0000, 0x0000, 0x0000, 0x0000, 0x0000,
0x0000, 0x0000, 0x0000, 0x0000, 0x0000, 0x0000, 0x0000, 0x0000, 0x0000, 0x0000, 0x0000, 0x0000, 0x0000, 0x0000, 0x0000, 0x0000,
0x0000, 0x0000, 0x0000, 0x0000, 0x0000, 0x0000, 0x0000, 0x0000, 0x0000, 0x0000, 0x0000, 0x0000, 0x0000, 0x0000, 0x0000, 0x0000,
0x0000, 0x0000, 0x0000, 0x0000, 0x0000, 0x0000, 0x0000, 0x0000, 0x0000, 0x0000, 0x0000, 0x0000, 0x0000, 0x0000, 0x0000, 0x0000,
0x0000, 0x0000, 0x0000, 0x0000, 0x0000, 0x0000, 0x0000, 0x0000, 0x0000, 0x0000, 0x0000, 0x0000, 0x0000, 0x0000, 0x0000, 0x0000,
0x0000, 0x0000, 0x0000, 0x0000, 0x0000, 0x0000, 0x0000, 0x0000, 0x0000, 0x0000, 0x0000, 0x0000, 0x0000, 0x0000, 0x0000, 0x0000,
0x0000, 0x0000, 0x0000, 0x0000, 0x0000, 0x0000, 0x0000, 0x0000, 0x0000, 0x0000, 0x0000, 0x0000, 0x0000, 0x0000, 0x0000, 0x0000,
0x0000, 0x0000, 0x0000, 0x0000, 0x0000, 0x0000, 0x0000, 0x0000, 0x0000, 0x0000, 0x0000, 0x0000, 0x0000, 0x0000, 0x0000, 0x0000,
0x0000, 0x0000, 0x0000, 0x0000, 0x0000, 0x0000, 0x0000, 0x0000, 0x0000, 0x0000, 0x0000, 0x0000, 0x0000, 0x0000, 0x0000, 0x0000,
0x0000, 0x0000, 0x0000, 0x0000, 0x0000, 0x0000, 0x0000, 0x0000, 0x0000, 0x0000, 0x0000, 0x0000, 0x0000, 0x0000, 0x0000, 0x0000,
0x0000, 0x0000, 0x0000, 0x0000, 0x0000, 0x0000, 0x0000, 0x0000, 0x0000, 0x0000, 0x0000, 0x0000, 0x0000, 0x0000, 0x0000, 0x0000,
0x0000, 0x0000, 0x0000, 0x0000, 0x0000, 0x0000, 0x0000, 0x0000, 0x0000, 0x0000, 0x0000, 0x0000, 0x0000, 0x0000, 0x0000, 0x0000,
0x0000, 0x0000, 0x0000, 0x0000, 0x0000, 0x0000, 0x0000, 0x0000, 0x0000, 0x0000, 0x0000, 0x0000, 0x0000, 0x0000, 0x0000, 0x0000,
0x0000, 0x0000, 0x0000, 0x0000, 0x0000, 0x0000, 0x0000, 0x0000, 0x0000, 0x0000, 0x0000, 0x0000, 0x0000, 0x0000, 0x0000, 0x0000,
0x0000, 0x0000, 0x0000, 0x0000, 0x0000, 0x0000, 0x0000, 0x0000, 0x0000, 0x0000, 0x0000, 0x0000, 0x0000, 0x0000, 0x0000, 0x0000,
0x0000, 0x0000, 0x07ff, 0x0000, 0x0000, 0x0000, 0x0000, 0x5cf6, 0x5d36, 0x5d16, 0x54f5, 0x54d5, 0x54d5, 0x54f5, 0x54f5, 0x54f5,
0x54f5, 0x54f5, 0x5cf5, 0x5cf5, 0x5cf5, 0x5cf5, 0x5cf5, 0x5cf5, 0x54f5, 0x5cf5, 0x5cf5, 0x5cf5, 0x5cf5, 0x5cf5, 0x5cf5, 0x5cf5,
0x5cf5, 0x5cf5, 0x5cf5, 0x5cf5, 0x5cf5, 0x5cf5, 0x5d16, 0x5cf6, 0x5cf5, 0x5cf5, 0x5cf5, 0x54f5, 0x54f5, 0x54f5, 0x54f5, 0x54d5,
0x54d5, 0x54d5, 0x54b5, 0x54b5, 0x54b5, 0x54d5, 0x54b5, 0x54b5, 0x54b5, 0x54d5, 0x54d5, 0x54d5, 0x54f5, 0x4cd5, 0x0000, 0x0000,
0x0000, 0x0000, 0x0000, 0x0000, 0x07ff, 0x07ff, 0x07ff, 0x001f, 0x0000, 0x0000, 0x0000, 0x0000, 0x0000, 0x0000, 0x0000, 0x0000,
0x07ff, 0x07ff, 0x07ff, 0x0000, 0x0000, 0x0000, 0x0000, 0x0000, 0x0000, 0x0000, 0x0000, 0x0000, 0x0000, 0x0000, 0x0000, 0x0000,
0x0000, 0x0000, 0x07ff, 0x07ff, 0x07ff, 0x07ff, 0x0000, 0x0000, 0x0000, 0x0000, 0x0000, 0x0000, 0x0000, 0x0000, 0x0000, 0x0000,
0x0000, 0x0000, 0x0000, 0x0000, 0x0000, 0x0000, 0x0000, 0x0000, 0x0000, 0x0000, 0x0000, 0x0000, 0x0000, 0x0000, 0x0000, 0x0000,
0x0000, 0x0000, 0x0000, 0x0000, 0x0000, 0x0000, 0x0000, 0x0000, 0x0000, 0x0000, 0x0000, 0x0000, 0x0000, 0x0000, 0x0000, 0x0000,
0x0000, 0x0000, 0x0000, 0x0000, 0x0000, 0x0000, 0x0000, 0x0000, 0x0000, 0x0000, 0x0000, 0x0000, 0x0000, 0x0000, 0x0000, 0x0000,
0x0000, 0x0000, 0x0000, 0x0000, 0x0000, 0x0000, 0x0000, 0x0000, 0x0000, 0x0000, 0x0000, 0x0000, 0x0000, 0x0000, 0x0000, 0x0000,
0x0000, 0x0000, 0x0000, 0x0000, 0x0000, 0x0000, 0x0000, 0x0000, 0x0000, 0x0000, 0x0000, 0x0000, 0x0000, 0x0000, 0x0000, 0x0000,
0x0000, 0x0000, 0x0000, 0x0000, 0x0000, 0x0000, 0x0000, 0x0000, 0x0000, 0x0000, 0x0000, 0x0000, 0x0000, 0x0000, 0x0000, 0x0000,
0x0000, 0x0000, 0x0000, 0x0000, 0x0000, 0x0000, 0x0000, 0x0000, 0x0000, 0x0000, 0x0000, 0x0000, 0x0000, 0x0000, 0x0000, 0x0000,
0x0000, 0x0000, 0x0000, 0x0000, 0x0000, 0x0000, 0x0000, 0x0000, 0x0000, 0x0000, 0x0000, 0x0000, 0x0000, 0x0000, 0x0000, 0x0000,
0x0000, 0x0000, 0x0000, 0x0000, 0x0000, 0x0000, 0x0000, 0x0000, 0x0000, 0x0000, 0x0000, 0x0000, 0x0000, 0x0000, 0x0000, 0x0000,
0x0000, 0x0000, 0x0000, 0x0000, 0x0000, 0x0000, 0x0000, 0x0000, 0x0000, 0x0000, 0x0000, 0x0000, 0x0000, 0x0000, 0x0000, 0x0000,
0x0000, 0x0000, 0x0000, 0x0000, 0x0000, 0x0000, 0x0000, 0x0000, 0x0000, 0x0000, 0x0000, 0x0000, 0x0000, 0x0000, 0x0000, 0x0000,
0x0000, 0x0000, 0x0000, 0x0000, 0x0000, 0x0000, 0x0000, 0x0000, 0x0000, 0x0000, 0x0000, 0x0000, 0x0000, 0x0000, 0x0000, 0x0000,
0x0000, 0x0000, 0x0000, 0x0000, 0x0000, 0x0000, 0x0000, 0x07ff, 0x07ff, 0x001f, 0x0000, 0x0000, 0x0000, 0x0000, 0x5d16, 0x5cf6,
0x5cf6, 0x54f5, 0x54f5, 0x54f6, 0x5cf6, 0x5cf6, 0x5cf6, 0x5d16, 0x54f6, 0x54f6, 0x54f6, 0x54d6, 0x5cf6, 0x54d6, 0x5494, 0x4c94,
0x0000, 0x0000, 0x0000, 0x0000, 0x0000, 0x07ff, 0x07ff, 0x001f, 0x0000, 0x0000, 0x0000, 0x0000, 0x0000, 0x0000, 0x0000, 0x0000,
0x0000, 0x0000, 0x0000, 0x0000, 0x0000, 0x0000, 0x0000, 0x0000, 0x0000, 0x0000, 0x0000, 0x0000, 0x0000, 0x0000, 0x0000, 0x0000,
0x0000, 0x0000, 0x0000, 0x0000, 0x0000, 0x0000, 0x0000, 0x0000, 0x0000, 0x0000, 0x0000, 0x0000, 0x0000, 0x0000, 0x0000, 0x0000,
0x0000, 0x0000, 0x0000, 0x0000, 0x0000, 0x0000, 0x0000, 0x0000, 0x0000, 0x0000, 0x0000, 0x0000, 0x0000, 0x0000, 0x0000, 0x0000,
0x0000, 0x0000, 0x0000, 0x0000, 0x0000, 0x0000, 0x0000, 0x0000, 0x0000, 0x0000, 0x0000, 0x0000, 0x0000, 0x0000, 0x0000, 0x0000,
0x0000, 0x0000, 0x0000, 0x0000, 0x0000, 0x0000, 0x0000, 0x0000, 0x0000, 0x0000, 0x0000, 0x0000, 0x0000, 0x0000, 0x0000, 0x0000,
0x0000, 0x0000, 0x0000, 0x0000, 0x0000, 0x0000, 0x0000, 0x0000, 0x0000, 0x0000, 0x0000, 0x0000, 0x0000, 0x0000, 0x0000, 0x0000,
0x0000, 0x0000, 0x0000, 0x0000, 0x0000, 0x0000, 0x0000, 0x0000, 0x0000, 0x0000, 0x0000, 0x0000, 0x0000, 0x0000, 0x0000, 0x0000,
0x0000, 0x0000, 0x0000, 0x0000, 0x0000, 0x0000, 0x0000, 0x0000, 0x0000, 0x0000, 0x0000, 0x0000, 0x0000, 0x0000, 0x0000, 0x0000,
0x0000, 0x0000, 0x0000, 0x0000, 0x0000, 0x0000, 0x0000, 0x0000, 0x0000, 0x0000, 0x0000, 0x0000, 0x0000, 0x0000, 0x0000, 0x0000,
0x0000, 0x0000, 0x0000, 0x0000, 0x0000, 0x0000, 0x0000, 0x0000, 0x0000, 0x0000, 0x0000, 0x0000, 0x0000, 0x0000, 0x0000, 0x0000,
0x0000, 0x0000, 0x0000, 0x0000, 0x0000, 0x0000, 0x0000, 0x0000, 0x0000, 0x0000, 0x0000, 0x0000, 0x0000, 0x0000, 0x0000, 0x0000,
0x0000, 0x0000, 0x0000, 0x0000, 0x0000, 0x0000, 0x0000, 0x0000, 0x0000, 0x0000, 0x0000, 0x0000, 0x0000, 0x0000, 0x0000, 0x0000,
0x0000, 0x0000, 0x0000, 0x0000, 0x0000, 0x0000, 0x0000, 0x0000, 0x0000, 0x0000, 0x0000, 0x0000, 0x0000, 0x0000, 0x0000, 0x0000,
0x0000, 0x0000, 0x0000, 0x0000, 0x0000, 0x0000, 0x0000, 0x0000, 0x0000, 0x0000, 0x0000, 0x0000, 0x0000, 0x0000, 0x0000, 0x0000,
0x0000, 0x0000, 0x0000, 0x0000, 0x0000, 0x0000, 0x0000, 0x0000, 0x0000, 0x0000, 0x0000, 0x0000, 0x0000, 0x0000, 0x0000, 0x0000,
0x0000, 0x0000, 0x0000, 0x0000, 0x0000, 0x0000, 0x0000, 0x0000, 0x0000, 0x0000, 0x0000, 0x0000, 0x0000, 0x0000, 0x0000, 0x0000,
0x0000, 0x0000, 0x0000, 0x0000, 0x0000, 0x0000, 0x0000, 0x0000, 0x0000, 0x0000, 0x0000, 0x0000, 0x0000, 0x0000, 0x0000, 0x0000,
0x0000, 0x0000, 0x0000, 0x0000, 0x0000, 0x0000, 0x0000, 0x0000, 0x0000, 0x0000, 0x0000, 0x0000, 0x0000, 0x0000, 0x0000, 0x0000,
0x0000, 0x0000, 0x0000, 0x0000, 0x0000, 0x0000, 0x0000, 0x0000, 0x0000, 0x0000, 0x0000, 0x0000, 0x0000, 0x0000, 0x0000, 0x0000,
0x0000, 0x0000, 0x0000, 0x0000, 0x0000, 0x0000, 0x0000, 0x0000, 0x0000, 0x0000, 0x0000, 0x0000, 0x0000, 0x0000, 0x0000, 0x0000,
0x0000, 0x0000, 0x0000, 0x0000, 0x0000, 0x0000, 0x0000, 0x0000, 0x0000, 0x0000, 0x0000, 0x0000, 0x0000, 0x0000, 0x0000, 0x0000,
0x0000, 0x0000, 0x0000, 0x0000, 0x0000, 0x0000, 0x0000, 0x0000, 0x0000, 0x0000, 0x0000, 0x0000, 0x0000, 0x0000, 0x0000, 0x0000,
0x0000, 0x0000, 0x0000, 0x0000, 0x0000, 0x0000, 0x0000, 0x0000, 0x0000, 0x0000, 0x0000, 0x0000, 0x0000, 0x0000, 0x0000, 0x0000,
0x0000, 0x0000, 0x07ff, 0x0000, 0x0000, 0x0000, 0x0000, 0x5cf6, 0x5d36, 0x5d16, 0x54f5, 0x54d5, 0x54d5, 0x54f5, 0x54f5, 0x54f5,

/* -8- */
0x0000, 0x0000, 0x0000, 0x0000, 0x0000, 0x0000, 0x0000, 0x0000, 0x0000, 0x0000, 0x0000, 0x0000, 0x0000, 0x0000, 0x0000, 0x0000,
0x0000, 0x0000, 0x0000, 0x0000, 0x0000, 0x0000, 0x0000, 0x0000, 0x0000, 0x0000, 0x0000, 0x0000, 0x0000, 0x0000, 0x0000, 0x0000,
0x0000, 0x0000, 0x0000, 0x0000, 0x0000, 0x0000, 0x0000, 0x0000, 0x0000, 0x0000, 0x0000, 0x0000, 0x0000, 0x0000, 0x0000, 0x0000,
0x0000, 0x0000, 0x0000, 0x0000, 0x0000, 0x0000, 0x0000, 0x0000, 0x0000, 0x0000, 0x0000, 0x0000, 0x0000, 0x0000, 0x0000, 0x0000,
0x0000, 0x0000, 0x0000, 0x0000, 0x0000, 0x0000, 0x0000, 0x0000, 0x0000, 0x0000, 0x0000, 0x0000, 0x0000, 0x0000, 0x0000, 0x0000,
0x0000, 0x0000, 0x0000, 0x0000, 0x0000, 0x0000, 0x0000, 0x0000, 0x0000, 0x0000, 0x0000, 0x0000, 0x0000, 0x0000, 0x0000, 0x0000,
0x0000, 0x0000, 0x0000, 0x0000, 0x0000, 0x0000, 0x0000, 0x0000, 0x0000, 0x0000, 0x0000, 0x0000, 0x0000, 0x0000, 0x0000, 0x0000,
0x0000, 0x0000, 0x0000, 0x0000, 0x0000, 0x0000, 0x0000, 0x0000, 0x0000, 0x0000, 0x0000, 0x0000, 0x0000, 0x0000, 0x0000, 0x0000,
0x0000, 0x0000, 0x0000, 0x0000, 0x0000, 0x0000, 0x0000, 0x0000, 0x0000, 0x0000, 0x0000, 0x0000, 0x0000, 0x0000, 0x0000, 0x0000,
0x0000, 0x0000, 0x0000, 0x0000, 0x0000, 0x0000, 0x0000, 0x0000, 0x0000, 0x0000, 0x0000, 0x0000, 0x0000, 0x0000, 0x0000, 0x0000,
0x0000, 0x0000, 0x0000, 0x0000, 0x0000, 0x0000, 0x0000, 0x0000, 0x0000, 0x0000, 0x0000, 0x0000, 0x0000, 0x0000, 0x0000, 0x0000,
0x0000, 0x0000, 0x0000, 0x0000, 0x0000, 0x0000, 0x0000, 0x0000, 0x0000, 0x0000, 0x0000, 0x0000, 0x0000, 0x0000, 0x0000, 0x0000,
0x0000, 0x0000, 0x0000, 0x0000, 0x0000, 0x0000, 0x0000, 0x0000, 0x0000, 0x0000, 0x0000, 0x0000, 0x0000, 0x0000, 0x0000, 0x0000,
0x0000, 0x0000, 0x0000, 0x0000, 0x0000, 0x0000, 0x0000, 0x0000, 0x0000, 0x0000, 0x0000, 0x0000, 0x0000, 0x0000, 0x0000, 0x0000,
0x0000, 0x0000, 0x0000, 0x0000, 0x0000, 0x0000, 0x0000, 0x0000, 0x0000, 0x0000, 0x0000, 0x0000, 0x0000, 0x0000, 0x0000, 0x0000,
0x0000, 0x0000, 0x0000, 0x0000, 0x0000, 0x0000, 0x0000, 0x0000, 0x0000, 0x0000, 0x0000, 0x0000, 0x0000, 0x0000, 0x0000, 0x0000,
0x0000, 0x0000, 0x0000, 0x0000, 0x0000, 0x0000, 0x0000, 0x0000, 0x0000, 0x0000, 0x0000, 0x0000, 0x0000, 0x0000, 0x0000, 0x0000,
0x0000, 0x0000, 0x0000, 0x0000, 0x0000, 0x0000, 0x0000, 0x0000, 0x0000, 0x0000, 0x0000, 0x0000, 0x0000, 0x0000, 0x0000, 0x0000,
0x0000, 0x0000, 0x0000, 0x0000, 0x0000, 0x0000, 0x0000, 0x0000, 0x0000, 0x0000, 0x0000, 0x0000, 0x0000, 0x0000, 0x0000, 0x0000,
0x0000, 0x0000, 0x0000, 0x54b5, 0x54d5, 0x54d5, 0x54f5, 0x5cf6, 0x5d36, 0x5d16, 0x5d16, 0x5d16, 0x54f5, 0x54f5, 0x5cf5, 0x5cf5,
0x5d15, 0x5cf5, 0x5cf5, 0x5cf5, 0x5cf5, 0x5d15, 0x5cf5, 0x5cf5, 0x5cf5, 0x5cf5, 0x5cf5, 0x5cf5, 0x5cf5, 0x5cf5, 0x5cf5, 0x5cf5,
0x5d15, 0x5cf5, 0x5d15, 0x5d15, 0x5d15, 0x5d15, 0x5d16, 0x5d16, 0x5cf6, 0x5cf5, 0x5cf5, 0x54f5, 0x54f5, 0x54d5, 0x54d5, 0x54d5,
0x54d5, 0x54f5, 0x54d5, 0x54b5, 0x54d5, 0x54d5, 0x54d5, 0x54d5, 0x54b5, 0x54d5, 0x54f6, 0x54f6, 0x54f6, 0x4cb4, 0x54b4, 0x54b4,
0x54d5, 0x54b5, 0x4cb5, 0x3bef, 0x0000, 0x0000, 0x0000, 0x0000, 0x0000, 0x0000, 0x0000, 0x0000, 0x0000, 0x0000, 0x07ff, 0x0000,
0x0000, 0x0000, 0x0000, 0x7bef, 0x4cd3, 0x4cb3, 0x54d5, 0x54d5, 0x54d4, 0x54d5, 0x54b4, 0x54b4, 0x54b4, 0x54b4, 0x54b5, 0x54b5,
0x4cb4, 0x4b72, 0x0000, 0x0000, 0x0000, 0x0000, 0x0000, 0x0000, 0x0000, 0x0000, 0x0000, 0x0000, 0x0000, 0x0000, 0x0000, 0x0000,
0x0000, 0x0000, 0x0000, 0x0000, 0x0000, 0x0000, 0x0000, 0x0000, 0x0000, 0x0000, 0x0000, 0x0000, 0x0000, 0x0000, 0x0000, 0x0000,
0x0000, 0x0000, 0x0000, 0x0000, 0x0000, 0x0000, 0x0000, 0x0000, 0x0000, 0x0000, 0x0000, 0x0000, 0x0000, 0x0000, 0x0000, 0x0000,
0x0000, 0x0000, 0x0000, 0x0000, 0x0000, 0x0000, 0x0000, 0x0000, 0x0000, 0x0000, 0x0000, 0x0000, 0x0000, 0x0000, 0x0000, 0x0000,
0x0000, 0x0000, 0x0000, 0x0000, 0x0000, 0x0000, 0x0000, 0x0000, 0x0000, 0x0000, 0x0000, 0x0000, 0x0000, 0x0000, 0x0000, 0x0000,
0x0000, 0x0000, 0x0000, 0x0000, 0x0000, 0x0000, 0x0000, 0x0000, 0x0000, 0x0000, 0x0000, 0x0000, 0x0000, 0x0000, 0x0000, 0x0000,
0x0000, 0x0000, 0x0000, 0x0000, 0x0000, 0x0000, 0x0000, 0x0000, 0x0000, 0x0000, 0x0000, 0x0000, 0x0000, 0x0000, 0x0000, 0x0000,
0x0000, 0x0000, 0x0000, 0x0000, 0x0000, 0x0000, 0x0000, 0x0000, 0x0000, 0x0000, 0x0000, 0x0000, 0x0000, 0x0000, 0x0000, 0x0000,
0x0000, 0x0000, 0x0000, 0x0000, 0x0000, 0x0000, 0x0000, 0x0000, 0x0000, 0x0000, 0x0000, 0x0000, 0x0000, 0x0000, 0x0000, 0x0000,
0x0000, 0x0000, 0x0000, 0x0000, 0x0000, 0x0000, 0x0000, 0x0000, 0x0000, 0x0000, 0x0000, 0x0000, 0x0000, 0x0000, 0x0000, 0x0000,
0x0000, 0x0000, 0x0000, 0x0000, 0x0000, 0x0000, 0x0000, 0x0000, 0x0000, 0x0000, 0x0000, 0x0000, 0x0000, 0x0000, 0x0000, 0x0000,
0x0000, 0x0000, 0x0000, 0x0000, 0x0000, 0x0000, 0x0000, 0x0000, 0x0000, 0x0000, 0x0000, 0x0000, 0x0000, 0x0000, 0x0000, 0x0000,
0x0000, 0x0000, 0x0000, 0x0000, 0x0000, 0x0000, 0x0000, 0x0000, 0x0000, 0x0000, 0x0000, 0x0000, 0x0000, 0x0000, 0x0000, 0x0000,
0x0000, 0x0000, 0x0000, 0x0000, 0x0000, 0x07ff, 0x001f, 0x0000, 0x0000, 0x0000, 0x5d16, 0x5d15, 0x5cf5, 0x5cd5, 0x54f5, 0x5d36,
0x5d16, 0x5d16, 0x5cf6, 0x5cf6, 0x5cf6, 0x5cf6, 0x5cf6, 0x5d16, 0x54f6, 0x54f6, 0x5cf6, 0x5d16, 0x5d16, 0x5cf6, 0x54d5, 0x54d5,
0x54d5, 0x54b5, 0x54d5, 0x54b5, 0x4bf4, 0x0000, 0x0000, 0x0000, 0x0000, 0x0000, 0x0000, 0x0000, 0x0000, 0x0000, 0x0000, 0x0000,
0x0000, 0x0000, 0x0000, 0x0000, 0x0000, 0x0000, 0x0000, 0x0000, 0x0000, 0x0000, 0x0000, 0x0000, 0x0000, 0x0000, 0x0000, 0x0000,
0x0000, 0x0000, 0x0000, 0x0000, 0x0000, 0x0000, 0x0000, 0x0000, 0x0000, 0x0000, 0x0000, 0x0000, 0x0000, 0x0000, 0x0000, 0x0000,
0x0000, 0x0000, 0x0000, 0x0000, 0x0000, 0x0000, 0x0000, 0x0000, 0x0000, 0x0000, 0x0000, 0x0000, 0x0000, 0x0000, 0x0000, 0x0000,
0x0000, 0x0000, 0x0000, 0x0000, 0x0000, 0x0000, 0x0000, 0x0000, 0x0000, 0x0000, 0x0000, 0x0000, 0x0000, 0x0000, 0x0000, 0x0000,
0x0000, 0x0000, 0x0000, 0x0000, 0x0000, 0x0000, 0x0000, 0x0000, 0x0000, 0x0000, 0x0000, 0x0000, 0x0000, 0x0000, 0x0000, 0x0000,
0x0000, 0x0000, 0x0000, 0x0000, 0x0000, 0x0000, 0x0000, 0x0000, 0x0000, 0x0000, 0x0000, 0x0000, 0x0000, 0x0000, 0x0000, 0x0000,
0x0000, 0x0000, 0x0000, 0x0000, 0x0000, 0x0000, 0x0000, 0x0000, 0x0000, 0x0000, 0x0000, 0x0000, 0x0000, 0x0000, 0x0000, 0x0000,
0x0000, 0x0000, 0x0000, 0x0000, 0x0000, 0x0000, 0x0000, 0x0000, 0x0000, 0x0000, 0x0000, 0x0000, 0x0000, 0x0000, 0x0000, 0x0000,
0x0000, 0x0000, 0x0000, 0x0000, 0x0000, 0x0000, 0x0000, 0x0000, 0x0000, 0x0000, 0x0000, 0x0000, 0x0000, 0x0000, 0x0000, 0x0000,
0x0000, 0x0000, 0x0000, 0x0000, 0x0000, 0x0000, 0x0000, 0x0000, 0x0000, 0x0000, 0x0000, 0x0000, 0x0000, 0x0000, 0x0000, 0x0000,
0x0000, 0x0000, 0x0000, 0x0000, 0x0000, 0x0000, 0x0000, 0x0000, 0x0000, 0x0000, 0x0000, 0x0000, 0x0000, 0x0000, 0x0000, 0x0000,
0x0000, 0x0000, 0x0000, 0x0000, 0x0000, 0x0000, 0x0000, 0x0000, 0x0000, 0x0000, 0x0000, 0x0000, 0x0000, 0x0000, 0x0000, 0x0000,
0x0000, 0x0000, 0x0000, 0x0000, 0x0000, 0x0000, 0x0000, 0x0000, 0x0000, 0x0000, 0x0000, 0x0000, 0x0000, 0x0000, 0x0000, 0x0000,
0x0000, 0x0000, 0x0000, 0x0000, 0x0000, 0x0000, 0x0000, 0x0000, 0x0000, 0x0000, 0x0000, 0x0000, 0x0000, 0x0000, 0x0000, 0x0000,
0x0000, 0x0000, 0x0000, 0x0000, 0x0000, 0x0000, 0x0000, 0x0000, 0x0000, 0x0000, 0x0000, 0x0000, 0x0000, 0x0000, 0x0000, 0x0000,
0x0000, 0x0000, 0x0000, 0x0000, 0x0000, 0x0000, 0x0000, 0x0000, 0x0000, 0x0000, 0x0000, 0x0000, 0x0000, 0x0000, 0x0000, 0x0000,
0x0000, 0x0000, 0x0000, 0x0000, 0x0000, 0x0000, 0x0000, 0x0000, 0x0000, 0x0000, 0x0000, 0x0000, 0x0000, 0x0000, 0x0000, 0x0000,
0x0000, 0x0000, 0x0000, 0x0000, 0x0000, 0x0000, 0x0000, 0x0000, 0x0000, 0x0000, 0x0000, 0x0000, 0x0000, 0x0000, 0x0000, 0x0000,
0x0000, 0x0000, 0x0000, 0x0000, 0x0000, 0x0000, 0x0000, 0x0000, 0x0000, 0x0000, 0x0000, 0x0000, 0x0000, 0x0000, 0x0000, 0x0000,
0x0000, 0x0000, 0x0000, 0x0000, 0x0000, 0x0000, 0x0000, 0x0000, 0x0000, 0x0000, 0x0000, 0x0000, 0x0000, 0x0000, 0x0000, 0x0000,
0x0000, 0x0000, 0x0000, 0x0000, 0x0000, 0x0000, 0x0000, 0x0000, 0x0000, 0x0000, 0x0000, 0x0000, 0x0000, 0x0000, 0x0000, 0x0000,
0x0000, 0x0000, 0x0000, 0x0000, 0x0000, 0x0000, 0x0000, 0x0000, 0x0000, 0x0000, 0x0000, 0x0000, 0x0000, 0x0000, 0x0000, 0x0000,
0x0000, 0x0000, 0x0000, 0x0000, 0x0000, 0x0000, 0x0000, 0x0000, 0x0000, 0x0000, 0x0000, 0x0000, 0x0000, 0x0000, 0x0000, 0x0000,
0x0000, 0x0000, 0x0000, 0x54b5, 0x54d5, 0x54d5, 0x54f5, 0x5cf6, 0x5d36, 0x5d16, 0x5d16, 0x5d16, 0x54f5, 0x54f5, 0x5cf5, 0x5cf5,

/* -9- */
0x0000, 0x0000, 0x0000, 0x0000, 0x0000, 0x0000, 0x0000, 0x0000, 0x0000, 0x0000, 0x0000, 0x0000, 0x0000, 0x0000, 0x0000, 0x0000,
0x0000, 0x0000, 0x0000, 0x0000, 0x0000, 0x0000, 0x0000, 0x0000, 0x0000, 0x0000, 0x0000, 0x0000, 0x0000, 0x0000, 0x0000, 0x0000,
0x0000, 0x0000, 0x0000, 0x0000, 0x0000, 0x0000, 0x0000, 0x0000, 0x0000, 0x0000, 0x0000, 0x0000, 0x0000, 0x0000, 0x0000, 0x0000,
0x0000, 0x0000, 0x0000, 0x0000, 0x0000, 0x0000, 0x0000, 0x0000, 0x0000, 0x0000, 0x0000, 0x0000, 0x0000, 0x0000, 0x0000, 0x0000,
0x0000, 0x0000, 0x0000, 0x0000, 0x0000, 0x0000, 0x0000, 0x0000, 0x0000, 0x0000, 0x0000, 0x0000, 0x0000, 0x0000, 0x0000, 0x0000,
0x0000, 0x0000, 0x0000, 0x0000, 0x0000, 0x0000, 0x0000, 0x0000, 0x0000, 0x0000, 0x0000, 0x0000, 0x0000, 0x0000, 0x0000, 0x0000,
0x0000, 0x0000, 0x0000, 0x0000, 0x0000, 0x0000, 0x0000, 0x0000, 0x0000, 0x0000, 0x0000, 0x0000, 0x0000, 0x0000, 0x0000, 0x0000,
0x0000, 0x0000, 0x0000, 0x0000, 0x0000, 0x0000, 0x0000, 0x0000, 0x0000, 0x0000, 0x0000, 0x0000, 0x0000, 0x0000, 0x0000, 0x0000,
0x0000, 0x0000, 0x0000, 0x0000, 0x0000, 0x0000, 0x0000, 0x0000, 0x0000, 0x0000, 0x0000, 0x0000, 0x0000, 0x0000, 0x0000, 0x0000,
0x0000, 0x0000, 0x0000, 0x0000, 0x0000, 0x0000, 0x0000, 0x0000, 0x0000, 0x0000, 0x0000, 0x0000, 0x0000, 0x0000, 0x0000, 0x0000,
0x0000, 0x0000, 0x0000, 0x0000, 0x0000, 0x0000, 0x0000, 0x0000, 0x0000, 0x0000, 0x0000, 0x0000, 0x0000, 0x0000, 0x0000, 0x0000,
0x0000, 0x0000, 0x0000, 0x0000, 0x0000, 0x0000, 0x0000, 0x0000, 0x0000, 0x0000, 0x0000, 0x0000, 0x0000, 0x0000, 0x0000, 0x0000,
0x0000, 0x0000, 0x0000, 0x0000, 0x0000, 0x0000, 0x0000, 0x0000, 0x0000, 0x0000, 0x0000, 0x0000, 0x0000, 0x0000, 0x0000, 0x0000,
0x0000, 0x0000, 0x0000, 0x0000, 0x0000, 0x0000, 0x0000, 0x0000, 0x0000, 0x0000, 0x0000, 0x0000, 0x0000, 0x0000, 0x0000, 0x0000,
0x0000, 0x0000, 0x0000, 0x0000, 0x0000, 0x0000, 0x0000, 0x0000, 0x0000, 0x0000, 0x0000, 0x0000, 0x0000, 0x0000, 0x0000, 0x0000,
0x0000, 0x0000, 0x0000, 0x0000, 0x0000, 0x0000, 0x0000, 0x0000, 0x0000, 0x0000, 0x0000, 0x0000, 0x0000, 0x0000, 0x0000, 0x0000,
0x0000, 0x0000, 0x0000, 0x0000, 0x0000, 0x0000, 0x0000, 0x0000, 0x0000, 0x0000, 0x0000, 0x0000, 0x0000, 0x0000, 0x0000, 0x0000,
0x0000, 0x0000, 0x0000, 0x0000, 0x0000, 0x0000, 0x0000, 0x0000, 0x0000, 0x0000, 0x0000, 0x0000, 0x0000, 0x0000, 0x0000, 0x0000,
0x0000, 0x0000, 0x0000, 0x0000, 0x0000, 0x0000, 0x0000, 0x0000, 0x0000, 0x0000, 0x07ff, 0x7fff, 0x7bef, 0x7bef, 0x7bef, 0x7bef,
0x54d5, 0x5494, 0x54b4, 0x54d5, 0x54f5, 0x54f5, 0x54f5, 0x5cf5, 0x5cf5, 0x5cf5, 0x5cf5, 0x54f5, 0x54f5, 0x5cf5, 0x5cf5, 0x5cf5,
0x5cf5, 0x5cf5, 0x5cf5, 0x5cf5, 0x5cf5, 0x5cf5, 0x5cf5, 0x5cf5, 0x5cf5, 0x5cf5, 0x5cf5, 0x5cf5, 0x5cf5, 0x5d15, 0x5cf5, 0x5d15,
0x5d15, 0x5d15, 0x5d15, 0x5d15, 0x5d15, 0x5d15, 0x5d16, 0x5d16, 0x5d16, 0x5d15, 0x5cf5, 0x54f5, 0x54f5, 0x54d5, 0x54d5, 0x54d5,
0x54d5, 0x54f5, 0x54f5, 0x54d5, 0x54d5, 0x54d5, 0x54d5, 0x54d5, 0x54b5, 0x54b5, 0x54b5, 0x54b5, 0x54d5, 0x54d5, 0x54d5, 0x54d5,
0x54d5, 0x54d5, 0x54b5, 0x5494, 0x5494, 0x54b4, 0x54f5, 0x64f6, 0x7bef, 0x07ff, 0x07ff, 0x7bef, 0x7bef, 0x07ff, 0x0000, 0x5555,
0x54d5, 0x5c95, 0x54f3, 0x54b4, 0x54b4, 0x54d4, 0x54f5, 0x54d5, 0x54d5, 0x54d5, 0x54d5, 0x54f5, 0x54d5, 0x54d5, 0x54d5, 0x54d5,
0x4cb5, 0x4c93, 0x4c94, 0x5494, 0x4c74, 0x54b5, 0x54b5, 0xffff, 0x7bef, 0x7bef, 0x7bff, 0x5555, 0x03ef, 0x0000, 0x0000, 0x0000,
0x0000, 0x0000, 0x0000, 0x0000, 0x0000, 0x0000, 0x0000, 0x0000, 0x0000, 0x0000, 0x0000, 0x0000, 0x0000, 0x0000, 0x0000, 0x0000,
0x0000, 0x0000, 0x0000, 0x0000, 0x0000, 0x0000, 0x0000, 0x0000, 0x0000, 0x0000, 0x0000, 0x0000, 0x0000, 0x0000, 0x0000, 0x0000,
0x0000, 0x0000, 0x0000, 0x0000, 0x0000, 0x0000, 0x0000, 0x0000, 0x0000, 0x0000, 0x0000, 0x0000, 0x0000, 0x0000, 0x0000, 0x0000,
0x0000, 0x0000, 0x0000, 0x0000, 0x0000, 0x0000, 0x0000, 0x0000, 0x0000, 0x0000, 0x0000, 0x0000, 0x0000, 0x0000, 0x0000, 0x0000,
0x0000, 0x0000, 0x0000, 0x0000, 0x0000, 0x0000, 0x0000, 0x0000, 0x0000, 0x0000, 0x0000, 0x0000, 0x0000, 0x0000, 0x0000, 0x0000,
0x0000, 0x0000, 0x0000, 0x0000, 0x0000, 0x0000, 0x0000, 0x0000, 0x0000, 0x0000, 0x0000, 0x0000, 0x0000, 0x0000, 0x0000, 0x0000,
0x0000, 0x0000, 0x0000, 0x0000, 0x0000, 0x0000, 0x0000, 0x0000, 0x0000, 0x0000, 0x0000, 0x0000, 0x0000, 0x0000, 0x0000, 0x0000,
0x0000, 0x0000, 0x0000, 0x0000, 0x0000, 0x0000, 0x0000, 0x0000, 0x0000, 0x0000, 0x0000, 0x0000, 0x0000, 0x0000, 0x0000, 0x0000,
0x0000, 0x0000, 0x0000, 0x0000, 0x0000, 0x0000, 0x0000, 0x0000, 0x0000, 0x0000, 0x0000, 0x0000, 0x0000, 0x0000, 0x0000, 0x0000,
0x0000, 0x0000, 0x0000, 0x0000, 0x0000, 0x0000, 0x0000, 0x0000, 0x0000, 0x0000, 0x0000, 0x0000, 0x0000, 0x0000, 0x0000, 0x0000,
0x0000, 0x0000, 0x0000, 0x0000, 0x0000, 0x0000, 0x0000, 0x0000, 0x0000, 0x0000, 0x0000, 0x0000, 0x0000, 0x0000, 0x0000, 0x0000,
0x0000, 0x0000, 0x0000, 0x0000, 0x0000, 0x0000, 0x0000, 0x0000, 0x0000, 0x0000, 0x0000, 0x0000, 0x0000, 0x0000, 0x0000, 0x0000,
0x0000, 0x0000, 0x5555, 0x5555, 0x7bef, 0x0000, 0x0000, 0x5d36, 0x5d36, 0x5cb5, 0x5d16, 0x5d36, 0x5d16, 0x5d16, 0x5cf5, 0x5cf5,
0x5cf5, 0x5cf6, 0x5cf6, 0x5cf6, 0x5d16, 0x5d16, 0x5d15, 0x5d16, 0x5d16, 0x5d16, 0x5cf6, 0x5cf6, 0x5cf6, 0x5cf6, 0x5cd6, 0x54d6,
0x54f6, 0x54f6, 0x54f6, 0x54d6, 0x4c94, 0x4c74, 0x5d36, 0x64f6, 0xffff, 0xffff, 0x7fff, 0x03ef, 0x0000, 0x0000, 0x0000, 0x0000,
0x0000, 0x0000, 0x0000, 0x0000, 0x0000, 0x0000, 0x0000, 0x0000, 0x0000, 0x0000, 0x0000, 0x0000, 0x0000, 0x0000, 0x0000, 0x0000,
0x0000, 0x0000, 0x0000, 0x0000, 0x0000, 0x0000, 0x0000, 0x0000, 0x0000, 0x0000, 0x0000, 0x0000, 0x0000, 0x0000, 0x0000, 0x0000,
0x0000, 0x0000, 0x0000, 0x0000, 0x0000, 0x0000, 0x0000, 0x0000, 0x0000, 0x0000, 0x0000, 0x0000, 0x0000, 0x0000, 0x0000, 0x0000,
0x0000, 0x0000, 0x0000, 0x0000, 0x0000, 0x0000, 0x0000, 0x0000, 0x0000, 0x0000, 0x0000, 0x0000, 0x0000, 0x0000, 0x0000, 0x0000,
0x0000, 0x0000, 0x0000, 0x0000, 0x0000, 0x0000, 0x0000, 0x0000, 0x0000, 0x0000, 0x0000, 0x0000, 0x0000, 0x0000, 0x0000, 0x0000,
0x0000, 0x0000, 0x0000, 0x0000, 0x0000, 0x0000, 0x0000, 0x0000, 0x0000, 0x0000, 0x0000, 0x0000, 0x0000, 0x0000, 0x0000, 0x0000,
0x0000, 0x0000, 0x0000, 0x0000, 0x0000, 0x0000, 0x0000, 0x0000, 0x0000, 0x0000, 0x0000, 0x0000, 0x0000, 0x0000, 0x0000, 0x0000,
0x0000, 0x0000, 0x0000, 0x0000, 0x0000, 0x0000, 0x0000, 0x0000, 0x0000, 0x0000, 0x0000, 0x0000, 0x0000, 0x0000, 0x0000, 0x0000,
0x0000, 0x0000, 0x0000, 0x0000, 0x0000, 0x0000, 0x0000, 0x0000, 0x0000, 0x0000, 0x0000, 0x0000, 0x0000, 0x0000, 0x0000, 0x0000,
0x0000, 0x0000, 0x0000, 0x0000, 0x0000, 0x0000, 0x0000, 0x0000, 0x0000, 0x0000, 0x0000, 0x0000, 0x0000, 0x0000, 0x0000, 0x0000,
0x0000, 0x0000, 0x0000, 0x0000, 0x0000, 0x0000, 0x0000, 0x0000, 0x0000, 0x0000, 0x0000, 0x0000, 0x0000, 0x0000, 0x0000, 0x0000,
0x0000, 0x0000, 0x0000, 0x0000, 0x0000, 0x0000, 0x0000, 0x0000, 0x0000, 0x0000, 0x0000, 0x0000, 0x0000, 0x0000, 0x0000, 0x0000,
0x0000, 0x0000, 0x0000, 0x0000, 0x0000, 0x0000, 0x0000, 0x0000, 0x0000, 0x0000, 0x0000, 0x0000, 0x0000, 0x0000, 0x0000, 0x0000,
0x0000, 0x0000, 0x0000, 0x0000, 0x0000, 0x0000, 0x0000, 0x0000, 0x0000, 0x0000, 0x0000, 0x0000, 0x0000, 0x0000, 0x0000, 0x0000,
0x0000, 0x0000, 0x0000, 0x0000, 0x0000, 0x0000, 0x0000, 0x0000, 0x0000, 0x0000, 0x0000, 0x0000, 0x0000, 0x0000, 0x0000, 0x0000,
0x0000, 0x0000, 0x0000, 0x0000, 0x0000, 0x0000, 0x0000, 0x0000, 0x0000, 0x0000, 0x0000, 0x0000, 0x0000, 0x0000, 0x0000, 0x0000,
0x0000, 0x0000, 0x0000, 0x0000, 0x0000, 0x0000, 0x0000, 0x0000, 0x0000, 0x0000, 0x0000, 0x0000, 0x0000, 0x0000, 0x0000, 0x0000,
0x0000, 0x0000, 0x0000, 0x0000, 0x0000, 0x0000, 0x0000, 0x0000, 0x0000, 0x0000, 0x0000, 0x0000, 0x0000, 0x0000, 0x0000, 0x0000,
0x0000, 0x0000, 0x0000, 0x0000, 0x0000, 0x0000, 0x0000, 0x0000, 0x0000, 0x0000, 0x0000, 0x0000, 0x0000, 0x0000, 0x0000, 0x0000,
0x0000, 0x0000, 0x0000, 0x0000, 0x0000, 0x0000, 0x0000, 0x0000, 0x0000, 0x0000, 0x0000, 0x0000, 0x0000, 0x0000, 0x0000, 0x0000,
0x0000, 0x0000, 0x0000, 0x0000, 0x0000, 0x0000, 0x0000, 0x0000, 0x0000, 0x0000, 0x0000, 0x0000, 0x0000, 0x0000, 0x0000, 0x0000,
0x0000, 0x0000, 0x0000, 0x0000, 0x0000, 0x0000, 0x0000, 0x0000, 0x0000, 0x0000, 0x0000, 0x0000, 0x0000, 0x0000, 0x0000, 0x0000,
0x0000, 0x0000, 0x0000, 0x0000, 0x0000, 0x0000, 0x0000, 0x0000, 0x0000, 0x0000, 0x07ff, 0x7fff, 0x7bef, 0x7bef, 0x7bef, 0x7bef,
0x54d5, 0x5494, 0x54b4, 0x54d5, 0x54f5, 0x54f5, 0x54f5, 0x5cf5, 0x5cf5, 0x5cf5, 0x5cf5, 0x54f5, 0x54f5, 0x5cf5, 0x5cf5, 0x5cf5,

/* -10- */
0x0000, 0x0000, 0x0000, 0x0000, 0x0000, 0x0000, 0x0000, 0x0000, 0x0000, 0x0000, 0x0000, 0x0000, 0x0000, 0x0000, 0x0000, 0x0000,
0x0000, 0x0000, 0x0000, 0x0000, 0x0000, 0x0000, 0x0000, 0x0000, 0x0000, 0x0000, 0x0000, 0x0000, 0x0000, 0x0000, 0x0000, 0x0000,
0x0000, 0x0000, 0x0000, 0x0000, 0x0000, 0x0000, 0x0000, 0x0000, 0x0000, 0x0000, 0x0000, 0x0000, 0x0000, 0x0000, 0x0000, 0x0000,
0x0000, 0x0000, 0x0000, 0x0000, 0x0000, 0x0000, 0x0000, 0x0000, 0x0000, 0x0000, 0x0000, 0x0000, 0x0000, 0x0000, 0x0000, 0x0000,
0x0000, 0x0000, 0x0000, 0x0000, 0x0000, 0x0000, 0x0000, 0x0000, 0x0000, 0x0000, 0x0000, 0x0000, 0x0000, 0x0000, 0x0000, 0x0000,
0x0000, 0x0000, 0x0000, 0x0000, 0x0000, 0x0000, 0x0000, 0x0000, 0x0000, 0x0000, 0x0000, 0x0000, 0x0000, 0x0000, 0x0000, 0x0000,
0x0000, 0x0000, 0x0000, 0x0000, 0x0000, 0x0000, 0x0000, 0x0000, 0x0000, 0x0000, 0x0000, 0x0000, 0x0000, 0x0000, 0x0000, 0x0000,
0x0000, 0x0000, 0x7bef, 0x5555, 0x5555, 0x5555, 0x5555, 0x5555, 0x5555, 0x5555, 0x5555, 0x5555, 0x5555, 0x07ff, 0x0000, 0x0000,
0x0000, 0x0000, 0x0000, 0x0000, 0x0000, 0x0000, 0x0000, 0x0000, 0x0000, 0x0000, 0x0000, 0x0000, 0x0000, 0x0000, 0x0000, 0x0000,
0x0000, 0x0000, 0x0000, 0x0000, 0x0000, 0x0000, 0x0000, 0x0000, 0x0000, 0x0000, 0x0000, 0x0000, 0x0000, 0x0000, 0x0000, 0x0000,
0x0000, 0x0000, 0x0000, 0x0000, 0x0000, 0x0000, 0x0000, 0x0000, 0x0000, 0x0000, 0x0000, 0x0000, 0x0000, 0x0000, 0x0000, 0x0000,
0x0000, 0x0000, 0x0000, 0x0000, 0x0000, 0x0000, 0x0000, 0x0000, 0x0000, 0x0000, 0x0000, 0x0000, 0x0000, 0x0000, 0x0000, 0x0000,
0x0000, 0x0000, 0x0000, 0x0000, 0x0000, 0x0000, 0x0000, 0x0000, 0x0000, 0x0000, 0x0000, 0x0000, 0x0000, 0x0000, 0x0000, 0x0000,
0x0000, 0x0000, 0x0000, 0x0000, 0x0000, 0x0000, 0x0000, 0x0000, 0x0000, 0x0000, 0x0000, 0x0000, 0x0000, 0x0000, 0x0000, 0x0000,
0x0000, 0x0000, 0x0000, 0x0000, 0x0000, 0x0000, 0x0000, 0x0000, 0x0000, 0x0000, 0x0000, 0x0000, 0x0000, 0x0000, 0x0000, 0x0000,
0x0000, 0x0000, 0x0000, 0x0000, 0x0000, 0x0000, 0x0000, 0x0000, 0x0000, 0x0000, 0x0000, 0x0000, 0x0000, 0x0000, 0x0000, 0x0000,
0x0000, 0x0000, 0x0000, 0x0000, 0x0000, 0x0000, 0x0000, 0x0000, 0x0000, 0x0000, 0x0000, 0x0000, 0x0000, 0x0000, 0x0000, 0x0000,
0x0000, 0x0000, 0x0000, 0x0000, 0x0000, 0x0000, 0x0000, 0x0000, 0x0000, 0x0000, 0x0000, 0x0000, 0x0000, 0x0000, 0x0000, 0x0000,
0x0000, 0x0000, 0x0000, 0x0000, 0x0000, 0x0000, 0x0000, 0x7fff, 0x5555, 0x5555, 0x0000, 0x0000, 0x0000, 0x0000, 0x0000, 0x5cf5,
0x5cf6, 0x54f5, 0x54f5, 0x54f5, 0x54f5, 0x54f5, 0x5cf5, 0x5cf5, 0x54f5, 0x5cf5, 0x54f5, 0x54f5, 0x5cf5, 0x5cf5, 0x5d15, 0x5d15,
0x5d15, 0x5d15, 0x5cf5, 0x5cf5, 0x5cf5, 0x5cf5, 0x5cf5, 0x5cf5, 0x5cf5, 0x5cf5, 0x5cf5, 0x5d15, 0x5cf5, 0x5cf5, 0x5d15, 0x5d15,
0x5d15, 0x5d15, 0x5d15, 0x5d16, 0x5d15, 0x5d16, 0x5d16, 0x5d16, 0x5cf5, 0x5cf5, 0x5cf5, 0x5cf5, 0x5cf5, 0x54f5, 0x54f5, 0x5cf5,
0x5cf5, 0x54f5, 0x54d5, 0x54d5, 0x54d5, 0x54d5, 0x54d5, 0x54d5, 0x54d5, 0x54d5, 0x54b5, 0x54d5, 0x54d5, 0x54d5, 0x54b5, 0x54b5,
0x54b5, 0x54b5, 0x54d5, 0x54d5, 0x54d5, 0x54d5, 0x54d5, 0x54d5, 0x5472, 0x0000, 0x0000, 0x0000, 0x0000, 0x0000, 0x54d4, 0x5d15,
0x5d15, 0x54f5, 0x54f5, 0x54f5, 0x5cf5, 0x5cf5, 0x5cf5, 0x5cf5, 0x54f5, 0x54f5, 0x54f5, 0x54d5, 0x54d5, 0x54d5, 0x54b5, 0x54b5,
0x54b5, 0x54b4, 0x54b4, 0x54b5, 0x54b5, 0x54b5, 0x4cb5, 0x0000, 0x0000, 0x0000, 0x0000, 0x0000, 0x0000, 0x5555, 0x5555, 0x5555,
0x5555, 0x7bef, 0x0000, 0x0000, 0x0000, 0x0000, 0x0000, 0x0000, 0x0000, 0x0000, 0x0000, 0x0000, 0x0000, 0x0000, 0x0000, 0x0000,
0x0000, 0x0000, 0x0000, 0x0000, 0x0000, 0x0000, 0x0000, 0x0000, 0x0000, 0x0000, 0x0000, 0x0000, 0x0000, 0x0000, 0x0000, 0x0000,
0x0000, 0x0000, 0x0000, 0x0000, 0x0000, 0x0000, 0x0000, 0x0000, 0x0000, 0x0000, 0x0000, 0x0000, 0x0000, 0x0000, 0x0000, 0x0000,
0x0000, 0x0000, 0x0000, 0x0000, 0x0000, 0x0000, 0x0000, 0x0000, 0x0000, 0x0000, 0x0000, 0x0000, 0x0000, 0x0000, 0x0000, 0x0000,
0x0000, 0x0000, 0x0000, 0x0000, 0x0000, 0x0000, 0x0000, 0x0000, 0x0000, 0x0000, 0x0000, 0x0000, 0x0000, 0x0000, 0x0000, 0x0000,
0x0000, 0x0000, 0x0000, 0x0000, 0x0000, 0x0000, 0x0000, 0x0000, 0x0000, 0x0000, 0x0000, 0x0000, 0x0000, 0x0000, 0x0000, 0x0000,
0x0000, 0x0000, 0x0000, 0x0000, 0x0000, 0x0000, 0x0000, 0x0000, 0x0000, 0x0000, 0x0000, 0x0000, 0x0000, 0x0000, 0x0000, 0x0000,
0x0000, 0x0000, 0x0000, 0x0000, 0x0000, 0x0000, 0x0000, 0x0000, 0x0000, 0x0000, 0x0000, 0x0000, 0x0000, 0x0000, 0x0000, 0x0000,
0x0000, 0x0000, 0x0000, 0x0000, 0x0000, 0x0000, 0x0000, 0x0000, 0x0000, 0x0000, 0x0000, 0x0000, 0x0000, 0x0000, 0x0000, 0x0000,
0x0000, 0x0000, 0x0000, 0x0000, 0x0000, 0x0000, 0x0000, 0x0000, 0x0000, 0x0000, 0x0000, 0x0000, 0x0000, 0x0000, 0x0000, 0x0000,
0x0000, 0x0000, 0x0000, 0x0000, 0x0000, 0x0000, 0x0000, 0x0000, 0x0000, 0x0000, 0x0000, 0x0000, 0x0000, 0x0000, 0x0000, 0x0000,
0x0000, 0x0000, 0x0000, 0x0000, 0x0000, 0x0000, 0x0000, 0x0000, 0x0000, 0x0000, 0x0000, 0x0000, 0x0000, 0x0000, 0x0000, 0x7bef,
0x5555, 0x001f, 0x0000, 0x0000, 0x0000, 0x5c94, 0x5cf5, 0x5d16, 0x54f6, 0x54f5, 0x54f5, 0x5cf5, 0x5cf5, 0x5cf5, 0x5d16, 0x5cf6,
0x5d16, 0x5cf5, 0x5cf5, 0x5cf5, 0x5cf6, 0x5cf6, 0x5d16, 0x5cf6, 0x5d16, 0x5d16, 0x5cf6, 0x5cf6, 0x5cf6, 0x5cf6, 0x5cf6, 0x54d6,
0x54d6, 0x54d6, 0x54d6, 0x54d6, 0x54d6, 0x5cd6, 0x54d6, 0x54d6, 0x4c54, 0x0000, 0x0000, 0x0000, 0x7bef, 0x7bff, 0x7bff, 0x7bef,
0x0000, 0x0000, 0x0000, 0x0000, 0x0000, 0x0000, 0x0000, 0x0000, 0x0000, 0x0000, 0x0000, 0x0000, 0x0000, 0x0000, 0x0000, 0x0000,
0x0000, 0x0000, 0x0000, 0x0000, 0x0000, 0x0000, 0x0000, 0x0000, 0x0000, 0x0000, 0x0000, 0x0000, 0x0000, 0x0000, 0x0000, 0x0000,
0x0000, 0x0000, 0x0000, 0x0000, 0x0000, 0x0000, 0x0000, 0x0000, 0x0000, 0x0000, 0x0000, 0x0000, 0x0000, 0x0000, 0x0000, 0x0000,
0x0000, 0x0000, 0x0000, 0x0000, 0x0000, 0x0000, 0x0000, 0x0000, 0x0000, 0x0000, 0x0000, 0x0000, 0x0000, 0x0000, 0x0000, 0x0000,
0x0000, 0x0000, 0x0000, 0x0000, 0x0000, 0x0000, 0x0000, 0x0000, 0x0000, 0x0000, 0x0000, 0x0000, 0x0000, 0x0000, 0x0000, 0x0000,
0x0000, 0x0000, 0x0000, 0x0000, 0x0000, 0x0000, 0x0000, 0x0000, 0x0000, 0x0000, 0x0000, 0x0000, 0x0000, 0x0000, 0x0000, 0x0000,
0x0000, 0x0000, 0x0000, 0x0000, 0x0000, 0x0000, 0x0000, 0x0000, 0x0000, 0x0000, 0x0000, 0x0000, 0x0000, 0x0000, 0x0000, 0x0000,
0x0000, 0x0000, 0x0000, 0x0000, 0x0000, 0x0000, 0x0000, 0x0000, 0x0000, 0x0000, 0x0000, 0x0000, 0x0000, 0x0000, 0x0000, 0x0000,
0x0000, 0x0000, 0x0000, 0x0000, 0x0000, 0x0000, 0x0000, 0x0000, 0x0000, 0x0000, 0x0000, 0x0000, 0x0000, 0x0000, 0x0000, 0x0000,
0x0000, 0x0000, 0x0000, 0x0000, 0x0000, 0x0000, 0x0000, 0x0000, 0x0000, 0x0000, 0x0000, 0x0000, 0x0000, 0x0000, 0x0000, 0x0000,
0x0000, 0x0000, 0x0000, 0x0000, 0x0000, 0x0000, 0x0000, 0x0000, 0x0000, 0x0000, 0x0000, 0x0000, 0x0000, 0x0000, 0x0000, 0x0000,
0x0000, 0x0000, 0x7bef, 0x5555, 0x5555, 0x5555, 0x5555, 0x5555, 0x5555, 0x5555, 0x5555, 0x5555, 0x5555, 0x07ff, 0x0000, 0x0000,
0x0000, 0x0000, 0x0000, 0x0000, 0x0000, 0x0000, 0x0000, 0x0000, 0x0000, 0x0000, 0x0000, 0x0000, 0x0000, 0x0000, 0x0000, 0x0000,
0x0000, 0x0000, 0x0000, 0x0000, 0x0000, 0x0000, 0x0000, 0x0000, 0x0000, 0x0000, 0x0000, 0x0000, 0x0000, 0x0000, 0x0000, 0x0000,
0x0000, 0x0000, 0x0000, 0x0000, 0x0000, 0x0000, 0x0000, 0x0000, 0x0000, 0x0000, 0x0000, 0x0000, 0x0000, 0x0000, 0x0000, 0x0000,
0x0000, 0x0000, 0x0000, 0x0000, 0x0000, 0x0000, 0x0000, 0x0000, 0x0000, 0x0000, 0x0000, 0x0000, 0x0000, 0x0000, 0x0000, 0x0000,
0x0000, 0x0000, 0x0000, 0x0000, 0x0000, 0x0000, 0x0000, 0x0000, 0x0000, 0x0000, 0x0000, 0x0000, 0x0000, 0x0000, 0x0000, 0x0000,
0x0000, 0x0000, 0x0000, 0x0000, 0x0000, 0x0000, 0x0000, 0x0000, 0x0000, 0x0000, 0x0000, 0x0000, 0x0000, 0x0000, 0x0000, 0x0000,
0x0000, 0x0000, 0x0000, 0x0000, 0x0000, 0x0000, 0x0000, 0x0000, 0x0000, 0x0000, 0x0000, 0x0000, 0x0000, 0x0000, 0x0000, 0x0000,
0x0000, 0x0000, 0x0000, 0x0000, 0x0000, 0x0000, 0x0000, 0x0000, 0x0000, 0x0000, 0x0000, 0x0000, 0x0000, 0x0000, 0x0000, 0x0000,
0x0000, 0x0000, 0x0000, 0x0000, 0x0000, 0x0000, 0x0000, 0x0000, 0x0000, 0x0000, 0x0000, 0x0000, 0x0000, 0x0000, 0x0000, 0x0000,
0x0000, 0x0000, 0x0000, 0x0000, 0x0000, 0x0000, 0x0000, 0x0000, 0x0000, 0x0000, 0x0000, 0x0000, 0x0000, 0x0000, 0x0000, 0x0000,
0x0000, 0x0000, 0x0000, 0x0000, 0x0000, 0x0000, 0x0000, 0x7fff, 0x5555, 0x5555, 0x0000, 0x0000, 0x0000, 0x0000, 0x0000, 0x5cf5,
0x5cf6, 0x54f5, 0x54f5, 0x54f5, 0x54f5, 0x54f5, 0x5cf5, 0x5cf5, 0x54f5, 0x5cf5, 0x54f5, 0x54f5, 0x5cf5, 0x5cf5, 0x5d15, 0x5d15,

/* -11- */
0x0000, 0x0000, 0x0000, 0x0000, 0x0000, 0x0000, 0x0000, 0x0000, 0x0000, 0x0000, 0x0000, 0x0000, 0x0000, 0x0000, 0x0000, 0x0000,
0x0000, 0x0000, 0x0000, 0x0000, 0x0000, 0x0000, 0x0000, 0x0000, 0x0000, 0x0000, 0x0000, 0x0000, 0x0000, 0x0000, 0x0000, 0x0000,
0x0000, 0x0000, 0x0000, 0x0000, 0x0000, 0x0000, 0x0000, 0x0000, 0x0000, 0x0000, 0x0000, 0x0000, 0x0000, 0x0000, 0x0000, 0x0000,
0x0000, 0x0000, 0x0000, 0x0000, 0x0000, 0x0000, 0x0000, 0x0000, 0x0000, 0x0000, 0x0000, 0x0000, 0x0000, 0x0000, 0x0000, 0x0000,
0x0000, 0x0000, 0x0000, 0x0000, 0x0000, 0x0000, 0x0000, 0x0000, 0x0000, 0x0000, 0x0000, 0x0000, 0x0000, 0x0000, 0x0000, 0x0000,
0x0000, 0x0000, 0x0000, 0x0000, 0x0000, 0x0000, 0x0000, 0x0000, 0x0000, 0x0000, 0x0000, 0x0000, 0x0000, 0x0000, 0x0000, 0x0000,
0x0000, 0x0000, 0x0000, 0x0000, 0x0000, 0x0000, 0x0000, 0x0000, 0x0000, 0x0000, 0x0000, 0x7bef, 0x7bff, 0x7bff, 0x7bff, 0x7bff,
0x7bef, 0x7bef, 0x0000, 0x0000, 0x0000, 0x0000, 0x0000, 0x0000, 0x0000, 0x0000, 0x0000, 0x0000, 0x0000, 0x0000, 0x5555, 0x7bff,
0x7bff, 0x7bef, 0x7bef, 0x7bef, 0xffff, 0x0000, 0x0000, 0x0000, 0x0000, 0x0000, 0x0000, 0x0000, 0x0000, 0x0000, 0x0000, 0x0000,
0x0000, 0x0000, 0x0000, 0x0000, 0x0000, 0x0000, 0x0000, 0x0000, 0x0000, 0x0000, 0x0000, 0x0000, 0x0000, 0x0000, 0x0000, 0x0000,
0x0000, 0x0000, 0x0000, 0x0000, 0x0000, 0x0000, 0x0000, 0x0000, 0x0000, 0x0000, 0x0000, 0x0000, 0x0000, 0x0000, 0x0000, 0x0000,
0x0000, 0x0000, 0x0000, 0x0000, 0x0000, 0x0000, 0x0000, 0x0000, 0x0000, 0x0000, 0x0000, 0x0000, 0x0000, 0x0000, 0x0000, 0x0000,
0x0000, 0x0000, 0x0000, 0x0000, 0x0000, 0x0000, 0x0000, 0x0000, 0x0000, 0x0000, 0x0000, 0x0000, 0x0000, 0x0000, 0x0000, 0x0000,
0x0000, 0x0000, 0x0000, 0x0000, 0x0000, 0x0000, 0x0000, 0x0000, 0x0000, 0x0000, 0x0000, 0x0000, 0x0000, 0x0000, 0x0000, 0x0000,
0x0000, 0x0000, 0x0000, 0x0000, 0x0000, 0x0000, 0x0000, 0x0000, 0x0000, 0x0000, 0x0000, 0x0000, 0x0000, 0x0000, 0x0000, 0x0000,
0x0000, 0x0000, 0x0000, 0x0000, 0x0000, 0x0000, 0x0000, 0x0000, 0x0000, 0x0000, 0x0000, 0x0000, 0x0000, 0x0000, 0x0000, 0x0000,
0x0000, 0x0000, 0x0000, 0x0000, 0x0000, 0x0000, 0x0000, 0x0000, 0x0000, 0x0000, 0x0000, 0x0000, 0x0000, 0x0000, 0x0000, 0x0000,
0x0000, 0x0000, 0x0000, 0x0000, 0x0000, 0x0000, 0x0000, 0x0000, 0x0000, 0x0000, 0x0000, 0x0000, 0x0000, 0x0000, 0x0000, 0x0000,
0x0000, 0x0000, 0x07ff, 0x07ff, 0x07ff, 0x7bef, 0x0000, 0x0000, 0x0000, 0x0000, 0x5d36, 0x54f5, 0x5cf5, 0x54f5, 0x54f5, 0x54f5,
0x54f5, 0x5cf5, 0x54f5, 0x5cf5, 0x5cf5, 0x5cf5, 0x5d15, 0x5d15, 0x5d15, 0x5cf5, 0x5cf5, 0x5cf5, 0x5cf5, 0x5d15, 0x5d15, 0x5d15,
0x5cf5, 0x5cf5, 0x5cf5, 0x5d15, 0x5d15, 0x5cf5, 0x5cf5, 0x5cf5, 0x5cf5, 0x5cf5, 0x5cf5, 0x5cf5, 0x5d15, 0x5d15, 0x5d15, 0x5d15,
0x5d15, 0x5d15, 0x5d15, 0x5d16, 0x5d16, 0x5d36, 0x5d16, 0x5d16, 0x5cf6, 0x5cf5, 0x5cf5, 0x5cf6, 0x5cf5, 0x5cf6, 0x5cd5, 0x5cd5,
0x5cf6, 0x5cf6, 0x54d5, 0x54b5, 0x54d5, 0x54d5, 0x54d5, 0x54d5, 0x54d5, 0x54d5, 0x54d5, 0x54d5, 0x54d5, 0x54b5, 0x54b5, 0x54b5,
0x54d5, 0x54d5, 0x54d5, 0x54d5, 0x54d5, 0x54d5, 0x54d5, 0x54d5, 0x54d4, 0x5cf5, 0x5cf5, 0x5d15, 0x5d15, 0x5d15, 0x5d15, 0x5d15,
0x5d15, 0x5d15, 0x5d15, 0x5d15, 0x5d15, 0x5d15, 0x5cf5, 0x5cf5, 0x5cf5, 0x5cf5, 0x54f5, 0x54f5, 0x54d5, 0x54d5, 0x54d5, 0x54d5,
0x54b5, 0x54b5, 0x54b5, 0x54b5, 0x54b5, 0x54b5, 0x4cb5, 0x54b5, 0x54b4, 0x54b4, 0x54b5, 0x54b5, 0x4c74, 0x0000, 0x0000, 0x0000,
0x0000, 0x0000, 0x07ff, 0x7bff, 0x7bef, 0x7bef, 0x07ff, 0x0000, 0x0000, 0x0000, 0x0000, 0x0000, 0x0000, 0x0000, 0x0000, 0x0000,
0x0000, 0x0000, 0x0000, 0x0000, 0x0000, 0x0000, 0x0000, 0x0000, 0x0000, 0x0000, 0x0000, 0x0000, 0x0000, 0x0000, 0x0000, 0x0000,
0x0000, 0x0000, 0x0000, 0x0000, 0x0000, 0x0000, 0x0000, 0x0000, 0x0000, 0x0000, 0x0000, 0x0000, 0x0000, 0x0000, 0x0000, 0x0000,
0x0000, 0x0000, 0x0000, 0x0000, 0x0000, 0x0000, 0x0000, 0x0000, 0x0000, 0x0000, 0x0000, 0x0000, 0x0000, 0x0000, 0x0000, 0x0000,
0x0000, 0x0000, 0x0000, 0x0000, 0x0000, 0x0000, 0x0000, 0x0000, 0x0000, 0x0000, 0x0000, 0x0000, 0x0000, 0x0000, 0x0000, 0x0000,
0x0000, 0x0000, 0x0000, 0x0000, 0x0000, 0x0000, 0x0000, 0x0000, 0x0000, 0x0000, 0x0000, 0x0000, 0x0000, 0x0000, 0x0000, 0x0000,
0x0000, 0x0000, 0x0000, 0x0000, 0x0000, 0x0000, 0x0000, 0x0000, 0x0000, 0x0000, 0x0000, 0x0000, 0x0000, 0x0000, 0x0000, 0x0000,
0x0000, 0x0000, 0x0000, 0x0000, 0x0000, 0x0000, 0x0000, 0x0000, 0x0000, 0x0000, 0x0000, 0x0000, 0x0000, 0x0000, 0x0000, 0x0000,
0x0000, 0x0000, 0x0000, 0x0000, 0x0000, 0x0000, 0x0000, 0x0000, 0x0000, 0x0000, 0x0000, 0x0000, 0x0000, 0x0000, 0x0000, 0x0000,
0x0000, 0x0000, 0x0000, 0x0000, 0x0000, 0x0000, 0x0000, 0x0000, 0x0000, 0x0000, 0x0000, 0x0000, 0x0000, 0x0000, 0x0000, 0x0000,
0x0000, 0x0000, 0x0000, 0x0000, 0x0000, 0x0000, 0x0000, 0x0000, 0x0000, 0x0000, 0x0000, 0x0000, 0x0000, 0x0000, 0x0000, 0x0000,
0x0000, 0x0000, 0x0000, 0x0000, 0x0000, 0x0000, 0x0000, 0x0000, 0x0000, 0x0000, 0x0000, 0x07ff, 0x7bef, 0x7bef, 0x07ff, 0x0000,
0x0000, 0x001f, 0x54d5, 0x54f5, 0x54d5, 0x5cf6, 0x5cf6, 0x54f6, 0x54d5, 0x54f5, 0x5cf5, 0x5cf5, 0x5cf6, 0x5cf6, 0x5cf6, 0x5cf6,
0x5cf5, 0x5cf5, 0x5cf5, 0x5cf5, 0x5cf5, 0x5cf5, 0x5cf5, 0x5cf5, 0x5d16, 0x5d16, 0x5d16, 0x5cf6, 0x5cf6, 0x5cd6, 0x5cf6, 0x5cf6,
0x5cf6, 0x5cd6, 0x5cf6, 0x5cf6, 0x5cf6, 0x5cf6, 0x54d6, 0x54d6, 0x54d6, 0x54d6, 0x5cf6, 0x54d5, 0x0000, 0x0000, 0x0000, 0x0000,
0x7bef, 0x07ff, 0x07ff, 0x0000, 0x0000, 0x0000, 0x0000, 0x0000, 0x0000, 0x0000, 0x0000, 0x0000, 0x0000, 0x0000, 0x0000, 0x0000,
0x0000, 0x0000, 0x0000, 0x0000, 0x0000, 0x0000, 0x0000, 0x0000, 0x0000, 0x0000, 0x0000, 0x0000, 0x0000, 0x0000, 0x0000, 0x0000,
0x07ff, 0x07ff, 0x07ff, 0x07ff, 0x07ff, 0x07ff, 0x07ff, 0x07ff, 0x0000, 0x0000, 0x0000, 0x0000, 0x0000, 0x0000, 0x0000, 0x0000,
0x0000, 0x0000, 0x0000, 0x0000, 0x0000, 0x0000, 0x0000, 0x0000, 0x0000, 0x0000, 0x0000, 0x0000, 0x0000, 0x0000, 0x0000, 0x0000,
0x0000, 0x0000, 0x0000, 0x0000, 0x0000, 0x0000, 0x0000, 0x0000, 0x0000, 0x0000, 0x0000, 0x0000, 0x0000, 0x0000, 0x0000, 0x0000,
0x0000, 0x0000, 0x0000, 0x0000, 0x0000, 0x0000, 0x0000, 0x0000, 0x0000, 0x0000, 0x0000, 0x0000, 0x0000, 0x0000, 0x0000, 0x0000,
0x0000, 0x0000, 0x0000, 0x0000, 0x0000, 0x0000, 0x0000, 0x0000, 0x0000, 0x0000, 0x0000, 0x0000, 0x0000, 0x0000, 0x0000, 0x0000,
0x0000, 0x0000, 0x0000, 0x0000, 0x0000, 0x0000, 0x0000, 0x0000, 0x0000, 0x0000, 0x0000, 0x0000, 0x0000, 0x0000, 0x0000, 0x0000,
0x0000, 0x0000, 0x0000, 0x0000, 0x0000, 0x0000, 0x0000, 0x0000, 0x0000, 0x0000, 0x0000, 0x0000, 0x0000, 0x0000, 0x0000, 0x0000,
0x0000, 0x0000, 0x0000, 0x0000, 0x0000, 0x0000, 0x0000, 0x0000, 0x0000, 0x0000, 0x0000, 0x0000, 0x0000, 0x0000, 0x0000, 0x0000,
0x0000, 0x0000, 0x0000, 0x0000, 0x0000, 0x0000, 0x0000, 0x0000, 0x0000, 0x0000, 0x0000, 0x7bef, 0x7bff, 0x7bff, 0x7bff, 0x7bff,
0x7bef, 0x7bef, 0x0000, 0x0000, 0x0000, 0x0000, 0x0000, 0x0000, 0x0000, 0x0000, 0x0000, 0x0000, 0x0000, 0x0000, 0x5555, 0x7bff,
0x7bff, 0x7bef, 0x7bef, 0x7bef, 0xffff, 0x0000, 0x0000, 0x0000, 0x0000, 0x0000, 0x0000, 0x0000, 0x0000, 0x0000, 0x0000, 0x0000,
0x0000, 0x0000, 0x0000, 0x0000, 0x0000, 0x0000, 0x0000, 0x0000, 0x0000, 0x0000, 0x0000, 0x0000, 0x0000, 0x0000, 0x0000, 0x0000,
0x0000, 0x0000, 0x0000, 0x0000, 0x0000, 0x0000, 0x0000, 0x0000, 0x0000, 0x0000, 0x0000, 0x0000, 0x0000, 0x0000, 0x0000, 0x0000,
0x0000, 0x0000, 0x0000, 0x0000, 0x0000, 0x0000, 0x0000, 0x0000, 0x0000, 0x0000, 0x0000, 0x0000, 0x0000, 0x0000, 0x0000, 0x0000,
0x0000, 0x0000, 0x0000, 0x0000, 0x0000, 0x0000, 0x0000, 0x0000, 0x0000, 0x0000, 0x0000, 0x0000, 0x0000, 0x0000, 0x0000, 0x0000,
0x0000, 0x0000, 0x0000, 0x0000, 0x0000, 0x0000, 0x0000, 0x0000, 0x0000, 0x0000, 0x0000, 0x0000, 0x0000, 0x0000, 0x0000, 0x0000,
0x0000, 0x0000, 0x0000, 0x0000, 0x0000, 0x0000, 0x0000, 0x0000, 0x0000, 0x0000, 0x0000, 0x0000, 0x0000, 0x0000, 0x0000, 0x0000,
0x0000, 0x0000, 0x0000, 0x0000, 0x0000, 0x0000, 0x0000, 0x0000, 0x0000, 0x0000, 0x0000, 0x0000, 0x0000, 0x0000, 0x0000, 0x0000,
0x0000, 0x0000, 0x0000, 0x0000, 0x0000, 0x0000, 0x0000, 0x0000, 0x0000, 0x0000, 0x0000, 0x0000, 0x0000, 0x0000, 0x0000, 0x0000,
0x0000, 0x0000, 0x0000, 0x0000, 0x0000, 0x0000, 0x0000, 0x0000, 0x0000, 0x0000, 0x0000, 0x0000, 0x0000, 0x0000, 0x0000, 0x0000,
0x0000, 0x0000, 0x07ff, 0x07ff, 0x07ff, 0x7bef, 0x0000, 0x0000, 0x0000, 0x0000, 0x5d36, 0x54f5, 0x5cf5, 0x54f5, 0x54f5, 0x54f5,
0x54f5, 0x5cf5, 0x54f5, 0x5cf5, 0x5cf5, 0x5cf5, 0x5d15, 0x5d15, 0x5d15, 0x5cf5, 0x5cf5, 0x5cf5, 0x5cf5, 0x5d15, 0x5d15, 0x5d15,

/* -12- */
0x0000, 0x0000, 0x0000, 0x0000, 0x0000, 0x0000, 0x0000, 0x0000, 0x0000, 0x0000, 0x0000, 0x0000, 0x0000, 0x0000, 0x0000, 0x0000,
0x0000, 0x0000, 0x0000, 0x0000, 0x0000, 0x0000, 0x0000, 0x0000, 0x0000, 0x0000, 0x0000, 0x0000, 0x0000, 0x0000, 0x0000, 0x0000,
0x0000, 0x0000, 0x0000, 0x0000, 0x0000, 0x0000, 0x0000, 0x0000, 0x0000, 0x0000, 0x0000, 0x0000, 0x0000, 0x0000, 0x0000, 0x0000,
0x0000, 0x0000, 0x0000, 0x0000, 0x0000, 0x0000, 0x0000, 0x0000, 0x0000, 0x0000, 0x0000, 0x0000, 0x0000, 0x0000, 0x0000, 0x0000,
0x0000, 0x0000, 0x0000, 0x0000, 0x0000, 0x0000, 0x0000, 0x0000, 0x0000, 0x0000, 0x0000, 0x0000, 0x0000, 0x0000, 0x0000, 0x0000,
0x0000, 0x0000, 0x0000, 0x0000, 0x0000, 0x0000, 0x0000, 0x0000, 0x0000, 0x0000, 0x0000, 0x0000, 0x0000, 0x0000, 0x0000, 0x0000,
0x0000, 0x0000, 0x0000, 0x0000, 0x0000, 0x0000, 0x0000, 0x0000, 0x0000, 0x0000, 0x0000, 0x0000, 0x0000, 0x0000, 0x0000, 0x0000,
0x0000, 0x0000, 0x7539, 0x7d7a, 0x753a, 0x755a, 0x7d5a, 0x7d39, 0x7d39, 0x7d39, 0x7539, 0x755a, 0x7d7a, 0x755c, 0x0000, 0x0000,
0x0000, 0x0000, 0x0000, 0x0000, 0x0000, 0x0000, 0x0000, 0x0000, 0x0000, 0x0000, 0x0000, 0x0000, 0x0000, 0x0000, 0x0000, 0x0000,
0x0000, 0x0000, 0x0000, 0x0000, 0x0000, 0x0000, 0x0000, 0x0000, 0x0000, 0x0000, 0x0000, 0x0000, 0x0000, 0x0000, 0x0000, 0x0000,
0x0000, 0x0000, 0x0000, 0x0000, 0x0000, 0x0000, 0x0000, 0x0000, 0x0000, 0x0000, 0x0000, 0x0000, 0x0000, 0x0000, 0x0000, 0x0000,
0x0000, 0x0000, 0x0000, 0x0000, 0x0000, 0x0000, 0x0000, 0x0000, 0x0000, 0x0000, 0x0000, 0x0000, 0x0000, 0x0000, 0x0000, 0x0000,
0x0000, 0x0000, 0x0000, 0x0000, 0x0000, 0x0000, 0x0000, 0x0000, 0x0000, 0x0000, 0x0000, 0x0000, 0x0000, 0x0000, 0x0000, 0x0000,
0x0000, 0x0000, 0x0000, 0x0000, 0x0000, 0x0000, 0x0000, 0x0000, 0x0000, 0x0000, 0x0000, 0x0000, 0x0000, 0x0000, 0x0000, 0x0000,
0x0000, 0x0000, 0x0000, 0x0000, 0x0000, 0x0000, 0x0000, 0x0000, 0x0000, 0x0000, 0x0000, 0x0000, 0x0000, 0x0000, 0x0000, 0x0000,
0x0000, 0x0000, 0x0000, 0x0000, 0x0000, 0x0000, 0x0000, 0x0000, 0x0000, 0x0000, 0x0000, 0x0000, 0x0000, 0x0000, 0x0000, 0x0000,
0x0000, 0x0000, 0x0000, 0x0000, 0x0000, 0x0000, 0x0000, 0x0000, 0x0000, 0x0000, 0x0000, 0x0000, 0x0000, 0x0000, 0x0000, 0x0000,
0x0000, 0x0000, 0x0000, 0x0000, 0x0000, 0x0000, 0x0000, 0x0000, 0x0000, 0x0000, 0x0000, 0x0000, 0x0000, 0x0000, 0x0000, 0x0000,
0x0000, 0x0000, 0x0000, 0x0000, 0x0000, 0x0000, 0x5475, 0x5cf6, 0x5d36, 0x5d16, 0x54f5, 0x54f5, 0x54f5, 0x54f5, 0x54f5, 0x54f5,
0x5cf5, 0x5cf5, 0x5cf5, 0x5cf5, 0x5cf5, 0x5cf5, 0x5d15, 0x5d15, 0x5d15, 0x5d15, 0x5d15, 0x5d15, 0x5d15, 0x5d15, 0x5d15, 0x5d15,
0x5cf6, 0x5cf5, 0x5d15, 0x5d15, 0x5cf5, 0x5cf5, 0x5cf5, 0x5cf5, 0x5cf5, 0x5d16, 0x5cf6, 0x5d16, 0x5d16, 0x5d16, 0x5d16, 0x5d16,
0x5d16, 0x5d16, 0x5d16, 0x5d16, 0x5d16, 0x5d36, 0x5d16, 0x5d16, 0x5cf6, 0x5d15, 0x5cf6, 0x5cf6, 0x5cf6, 0x54f6, 0x5cd6, 0x5cd6,
0x5cf6, 0x5cf6, 0x5cf5, 0x54d6, 0x54d5, 0x54d5, 0x54d5, 0x54d5, 0x54d5, 0x54d5, 0x54d5, 0x54d5, 0x54d5, 0x54d5, 0x54d5, 0x54d5,
0x54d5, 0x54d5, 0x54d5, 0x54d5, 0x54d5, 0x54d5, 0x54d5, 0x54d5, 0x54d5, 0x54d5, 0x54f5, 0x5d15, 0x5d15, 0x5d16, 0x5d15, 0x5d15,
0x5d36, 0x5d35, 0x5d35, 0x5d15, 0x5d15, 0x5d15, 0x5d15, 0x5cf5, 0x5cf5, 0x54f5, 0x54f5, 0x54f5, 0x54f5, 0x5cf5, 0x54f5, 0x54d5,
0x54d5, 0x54b5, 0x54d5, 0x54d5, 0x54d5, 0x54b5, 0x54b5, 0x54d5, 0x54b5, 0x54b5, 0x54b5, 0x4cb5, 0x4c94, 0x5494, 0x54b5, 0x54b5,
0x54d5, 0x54d5, 0x0000, 0x0000, 0x0000, 0x0000, 0x0000, 0x0000, 0x0000, 0x0000, 0x0000, 0x0000, 0x0000, 0x0000, 0x0000, 0x0000,
0x0000, 0x0000, 0x0000, 0x0000, 0x0000, 0x0000, 0x0000, 0x0000, 0x0000, 0x0000, 0x0000, 0x0000, 0x0000, 0x0000, 0x0000, 0x0000,
0x0000, 0x0000, 0x0000, 0x0000, 0x0000, 0x0000, 0x0000, 0x0000, 0x0000, 0x0000, 0x0000, 0x0000, 0x0000, 0x0000, 0x0000, 0x0000,
0x0000, 0x0000, 0x0000, 0x0000, 0x0000, 0x0000, 0x0000, 0x0000, 0x0000, 0x0000, 0x0000, 0x0000, 0x0000, 0x0000, 0x0000, 0x0000,
0x0000, 0x0000, 0x0000, 0x0000, 0x0000, 0x0000, 0x0000, 0x0000, 0x0000, 0x0000, 0x0000, 0x0000, 0x0000, 0x0000, 0x0000, 0x0000,
0x0000, 0x0000, 0x0000, 0x0000, 0x0000, 0x0000, 0x0000, 0x0000, 0x0000, 0x0000, 0x0000, 0x0000, 0x0000, 0x0000, 0x0000, 0x0000,
0x0000, 0x0000, 0x0000, 0x0000, 0x0000, 0x0000, 0x0000, 0x0000, 0x0000, 0x0000, 0x0000, 0x0000, 0x0000, 0x0000, 0x0000, 0x0000,
0x0000, 0x0000, 0x0000, 0x0000, 0x0000, 0x0000, 0x0000, 0x0000, 0x0000, 0x0000, 0x0000, 0x0000, 0x0000, 0x0000, 0x0000, 0x0000,
0x0000, 0x0000, 0x0000, 0x0000, 0x0000, 0x0000, 0x0000, 0x0000, 0x0000, 0x0000, 0x0000, 0x0000, 0x0000, 0x0000, 0x0000, 0x0000,
0x0000, 0x0000, 0x0000, 0x0000, 0x0000, 0x0000, 0x0000, 0x0000, 0x0000, 0x0000, 0x0000, 0x0000, 0x0000, 0x0000, 0x0000, 0x0000,
0x0000, 0x0000, 0x0000, 0x0000, 0x0000, 0x0000, 0x0000, 0x0000, 0x0000, 0x0000, 0x0000, 0x0000, 0x0000, 0x0000, 0x0000, 0x0000,
0x0000, 0x0000, 0x0000, 0x0000, 0x0000, 0x0000, 0x0000, 0x0000, 0x0000, 0x0000, 0x0000, 0x0000, 0x0000, 0x0000, 0x0000, 0x5d16,
0x5d15, 0x5cf5, 0x54f5, 0x54f5, 0x5cf5, 0x5cf6, 0x5cf6, 0x5cf6, 0x54f5, 0x5cf5, 0x5cf6, 0x5cf6, 0x5d16, 0x5d16, 0x5d16, 0x5d16,
0x5cf5, 0x5cf5, 0x5cf6, 0x5cf6, 0x5cf5, 0x5cf5, 0x5cf5, 0x5cf6, 0x5d16, 0x5d16, 0x5d16, 0x5d16, 0x5cf6, 0x5cf6, 0x5cf6, 0x5cf6,
0x5cf6, 0x5cf6, 0x5cd6, 0x5cd6, 0x5cf6, 0x54d6, 0x54d6, 0x54d6, 0x54d6, 0x54f6, 0x54f6, 0x54d5, 0x54d5, 0x54d5, 0x54f6, 0x54f5,
0x0000, 0x0000, 0x0000, 0x0000, 0x0000, 0x0000, 0x0000, 0x0000, 0x0000, 0x0000, 0x0000, 0x0000, 0x0000, 0x0000, 0x0000, 0x0000,
0x0000, 0x0000, 0x0000, 0x0000, 0x0000, 0x0000, 0x0000, 0x0000, 0x0000, 0x0000, 0x0000, 0x0000, 0x0000, 0x0000, 0x0000, 0x0000,
0x0000, 0x0000, 0x0000, 0x0000, 0x0000, 0x0000, 0x0000, 0x0000, 0x0000, 0x0000, 0x0000, 0x0000, 0x0000, 0x0000, 0x0000, 0x0000,
0x0000, 0x0000, 0x0000, 0x0000, 0x0000, 0x0000, 0x0000, 0x0000, 0x0000, 0x0000, 0x0000, 0x0000, 0x0000, 0x0000, 0x0000, 0x0000,
0x0000, 0x0000, 0x0000, 0x0000, 0x0000, 0x0000, 0x0000, 0x0000, 0x0000, 0x0000, 0x0000, 0x0000, 0x0000, 0x0000, 0x0000, 0x0000,
0x0000, 0x0000, 0x0000, 0x0000, 0x0000, 0x0000, 0x0000, 0x0000, 0x0000, 0x0000, 0x0000, 0x0000, 0x0000, 0x0000, 0x0000, 0x0000,
0x0000, 0x0000, 0x0000, 0x0000, 0x0000, 0x0000, 0x0000, 0x0000, 0x0000, 0x0000, 0x0000, 0x0000, 0x0000, 0x0000, 0x0000, 0x0000,
0x0000, 0x0000, 0x0000, 0x0000, 0x0000, 0x0000, 0x0000, 0x0000, 0x0000, 0x0000, 0x0000, 0x0000, 0x0000, 0x0000, 0x0000, 0x0000,
0x0000, 0x0000, 0x0000, 0x0000, 0x0000, 0x0000, 0x0000, 0x0000, 0x0000, 0x0000, 0x0000, 0x0000, 0x0000, 0x0000, 0x0000, 0x0000,
0x0000, 0x0000, 0x0000, 0x0000, 0x0000, 0x0000, 0x0000, 0x0000, 0x0000, 0x0000, 0x0000, 0x0000, 0x0000, 0x0000, 0x0000, 0x0000,
0x0000, 0x0000, 0x0000, 0x0000, 0x0000, 0x0000, 0x0000, 0x0000, 0x0000, 0x0000, 0x0000, 0x0000, 0x0000, 0x0000, 0x0000, 0x0000,
0x0000, 0x0000, 0x7539, 0x7d7a, 0x753a, 0x755a, 0x7d5a, 0x7d39, 0x7d39, 0x7d39, 0x7539, 0x755a, 0x7d7a, 0x755c, 0x0000, 0x0000,
0x0000, 0x0000, 0x0000, 0x0000, 0x0000, 0x0000, 0x0000, 0x0000, 0x0000, 0x0000, 0x0000, 0x0000, 0x0000, 0x0000, 0x0000, 0x0000,
0x0000, 0x0000, 0x0000, 0x0000, 0x0000, 0x0000, 0x0000, 0x0000, 0x0000, 0x0000, 0x0000, 0x0000, 0x0000, 0x0000, 0x0000, 0x0000,
0x0000, 0x0000, 0x0000, 0x0000, 0x0000, 0x0000, 0x0000, 0x0000, 0x0000, 0x0000, 0x0000, 0x0000, 0x0000, 0x0000, 0x0000, 0x0000,
0x0000, 0x0000, 0x0000, 0x0000, 0x0000, 0x0000, 0x0000, 0x0000, 0x0000, 0x0000, 0x0000, 0x0000, 0x0000, 0x0000, 0x0000, 0x0000,
0x0000, 0x0000, 0x0000, 0x0000, 0x0000, 0x0000, 0x0000, 0x0000, 0x0000, 0x0000, 0x0000, 0x0000, 0x0000, 0x0000, 0x0000, 0x0000,
0x0000, 0x0000, 0x0000, 0x0000, 0x0000, 0x0000, 0x0000, 0x0000, 0x0000, 0x0000, 0x0000, 0x0000, 0x0000, 0x0000, 0x0000, 0x0000,
0x0000, 0x0000, 0x0000, 0x0000, 0x0000, 0x0000, 0x0000, 0x0000, 0x0000, 0x0000, 0x0000, 0x0000, 0x0000, 0x0000, 0x0000, 0x0000,
0x0000, 0x0000, 0x0000, 0x0000, 0x0000, 0x0000, 0x0000, 0x0000, 0x0000, 0x0000, 0x0000, 0x0000, 0x0000, 0x0000, 0x0000, 0x0000,
0x0000, 0x0000, 0x0000, 0x0000, 0x0000, 0x0000, 0x0000, 0x0000, 0x0000, 0x0000, 0x0000, 0x0000, 0x0000, 0x0000, 0x0000, 0x0000,
0x0000, 0x0000, 0x0000, 0x0000, 0x0000, 0x0000, 0x0000, 0x0000, 0x0000, 0x0000, 0x0000, 0x0000, 0x0000, 0x0000, 0x0000, 0x0000,
0x0000, 0x0000, 0x0000, 0x0000, 0x0000, 0x0000, 0x5475, 0x5cf6, 0x5d36, 0x5d16, 0x54f5, 0x54f5, 0x54f5, 0x54f5, 0x54f5, 0x54f5,
0x5cf5, 0x5cf5, 0x5cf5, 0x5cf5, 0x5cf5, 0x5cf5, 0x5d15, 0x5d15, 0x5d15, 0x5d15, 0x5d15, 0x5d15, 0x5d15, 0x5d15, 0x5d15, 0x5d15,

/* -13- */
0x0000, 0x0000, 0x0000, 0x0000, 0x0000, 0x0000, 0x0000, 0x0000, 0x0000, 0x0000, 0x0000, 0x0000, 0x0000, 0x0000, 0x0000, 0x0000,
0x0000, 0x0000, 0x0000, 0x0000, 0x0000, 0x0000, 0x0000, 0x0000, 0x0000, 0x0000, 0x0000, 0x0000, 0x0000, 0x0000, 0x0000, 0x0000,
0x0000, 0x0000, 0x0000, 0x0000, 0x0000, 0x0000, 0x0000, 0x0000, 0x0000, 0x0000, 0x0000, 0x0000, 0x0000, 0x0000, 0x0000, 0x0000,
0x0000, 0x0000, 0x0000, 0x0000, 0x0000, 0x0000, 0x0000, 0x0000, 0x0000, 0x0000, 0x0000, 0x0000, 0x0000, 0x0000, 0x0000, 0x0000,
0x0000, 0x0000, 0x0000, 0x0000, 0x0000, 0x0000, 0x0000, 0x0000, 0x0000, 0x0000, 0x0000, 0x0000, 0x0000, 0x0000, 0x0000, 0x0000,
0x0000, 0x0000, 0x0000, 0x0000, 0x0000, 0x0000, 0x0000, 0x0000, 0x0000, 0x0000, 0x0000, 0x0000, 0x0000, 0x0000, 0x0000, 0x0000,
0x0000, 0x0000, 0x0000, 0x0000, 0x0000, 0x7bff, 0x5555, 0x7fff, 0x7fff, 0x5555, 0x7df7, 0x6cf7, 0x6cf7, 0x74f8, 0x6cd7, 0x74f8,
0x6cf8, 0x6cf8, 0x755a, 0x7d5a, 0x755a, 0x7d5a, 0x7d5a, 0x7d5a, 0x7d5a, 0x7d5a, 0x755a, 0x753a, 0x755a, 0x7519, 0x7518, 0x7518,
0x6d18, 0x6cf8, 0x6d38, 0x6cf7, 0x7d17, 0x0000, 0x5555, 0x5555, 0x5555, 0xffff, 0x0000, 0x0000, 0x0000, 0x0000, 0x0000, 0x0000,
0x0000, 0x0000, 0x0000, 0x0000, 0x0000, 0x0000, 0x0000, 0x0000, 0x0000, 0x0000, 0x0000, 0x0000, 0x0000, 0x0000, 0x0000, 0x0000,
0x0000, 0x0000, 0x0000, 0x0000, 0x0000, 0x0000, 0x0000, 0x0000, 0x0000, 0x0000, 0x0000, 0x0000, 0x0000, 0x0000, 0x0000, 0x0000,
0x0000, 0x0000, 0x0000, 0x0000, 0x0000, 0x0000, 0x0000, 0x0000, 0x0000, 0x0000, 0x0000, 0x0000, 0x0000, 0x0000, 0x0000, 0x0000,
0x0000, 0x0000, 0x0000, 0x0000, 0x0000, 0x0000, 0x0000, 0x0000, 0x0000, 0x0000, 0x0000, 0x0000, 0x0000, 0x0000, 0x0000, 0x0000,
0x0000, 0x0000, 0x0000, 0x0000, 0x0000, 0x0000, 0x0000, 0x0000, 0x0000, 0x0000, 0x0000, 0x0000, 0x0000, 0x0000, 0x0000, 0x0000,
0x0000, 0x0000, 0x0000, 0x0000, 0x0000, 0x0000, 0x0000, 0x0000, 0x0000, 0x0000, 0x0000, 0x0000, 0x0000, 0x0000, 0x0000, 0x0000,
0x0000, 0x0000, 0x0000, 0x0000, 0x0000, 0x0000, 0x0000, 0x0000, 0x0000, 0x0000, 0x0000, 0x0000, 0x0000, 0x0000, 0x0000, 0x0000,
0x0000, 0x0000, 0x0000, 0x0000, 0x0000, 0x0000, 0x0000, 0x0000, 0x0000, 0x0000, 0x0000, 0x0000, 0x0000, 0x0000, 0x0000, 0x0000,
0x0000, 0x0000, 0x0000, 0x0000, 0x0000, 0x0000, 0x0000, 0x0000, 0x0000, 0x0000, 0x0000, 0x0000, 0x0000, 0x0000, 0x5555, 0x5555,
0x7fff, 0x7bef, 0x5c92, 0x5493, 0x5474, 0x5493, 0x54d5, 0x5cf6, 0x5d16, 0x5d16, 0x5d16, 0x5d15, 0x5515, 0x54f5, 0x54f6, 0x5d16,
0x5d16, 0x5d16, 0x5d16, 0x5d16, 0x5cf5, 0x5cf5, 0x5d16, 0x5d16, 0x5d16, 0x5d15, 0x5d15, 0x5d15, 0x5d15, 0x5d15, 0x5d15, 0x5d15,
0x5cf6, 0x5cf6, 0x5cf5, 0x5cf5, 0x5cf5, 0x5cf5, 0x5cf5, 0x5cf5, 0x5d16, 0x5d16, 0x5d16, 0x5d16, 0x5d16, 0x5d16, 0x5d16, 0x5d16,
0x5d16, 0x6516, 0x5d16, 0x5d16, 0x5d16, 0x5d16, 0x5d16, 0x5d16, 0x5cf6, 0x5d16, 0x5cf6, 0x54f6, 0x54f6, 0x54f6, 0x54f6, 0x54d6,
0x54d6, 0x5cf6, 0x5cf6, 0x54f5, 0x54f5, 0x54d5, 0x54d5, 0x54d5, 0x54d5, 0x54d5, 0x54d5, 0x54d5, 0x54d5, 0x54d5, 0x54d5, 0x54d5,
0x54d5, 0x54d5, 0x54d5, 0x54d5, 0x54d5, 0x54f5, 0x5cf5, 0x5cf5, 0x5cf5, 0x5cf5, 0x5cf5, 0x5d15, 0x5d15, 0x5d15, 0x6534, 0x6534,
0x6554, 0x6534, 0x5d15, 0x6535, 0x5d15, 0x5d15, 0x5d15, 0x5d15, 0x5d15, 0x5cf5, 0x5cf5, 0x5cf5, 0x5cf5, 0x5cf5, 0x5cf5, 0x5cf5,
0x54d5, 0x54d5, 0x54d5, 0x54d5, 0x54b5, 0x54b5, 0x54b5, 0x54b5, 0x54b5, 0x54b5, 0x54b5, 0x54b5, 0x54b5, 0x54d6, 0x54d5, 0x54d5,
0x54d5, 0x54d5, 0x4c94, 0x4c94, 0x4c94, 0x4c74, 0x5494, 0x5555, 0x3bef, 0x7bff, 0x7bef, 0x0000, 0x0000, 0x0000, 0x0000, 0x0000,
0x0000, 0x0000, 0x0000, 0x0000, 0x0000, 0x0000, 0x0000, 0x0000, 0x0000, 0x0000, 0x0000, 0x0000, 0x0000, 0x0000, 0x0000, 0x0000,
0x0000, 0x0000, 0x0000, 0x0000, 0x0000, 0x0000, 0x0000, 0x0000, 0x0000, 0x0000, 0x0000, 0x0000, 0x0000, 0x0000, 0x0000, 0x0000,
0x0000, 0x0000, 0x0000, 0x0000, 0x0000, 0x0000, 0x0000, 0x0000, 0x0000, 0x0000, 0x0000, 0x0000, 0x0000, 0x0000, 0x0000, 0x0000,
0x0000, 0x0000, 0x0000, 0x0000, 0x0000, 0x0000, 0x0000, 0x0000, 0x0000, 0x0000, 0x0000, 0x0000, 0x0000, 0x0000, 0x0000, 0x0000,
0x0000, 0x0000, 0x0000, 0x0000, 0x0000, 0x0000, 0x0000, 0x0000, 0x0000, 0x0000, 0x0000, 0x0000, 0x0000, 0x0000, 0x0000, 0x0000,
0x0000, 0x0000, 0x0000, 0x0000, 0x0000, 0x0000, 0x0000, 0x0000, 0x0000, 0x0000, 0x0000, 0x0000, 0x0000, 0x0000, 0x0000, 0x0000,
0x0000, 0x0000, 0x0000, 0x0000, 0x0000, 0x0000, 0x0000, 0x0000, 0x0000, 0x0000, 0x0000, 0x0000, 0x0000, 0x0000, 0x0000, 0x0000,
0x0000, 0x0000, 0x0000, 0x0000, 0x0000, 0x0000, 0x0000, 0x0000, 0x0000, 0x0000, 0x0000, 0x0000, 0x0000, 0x0000, 0x0000, 0x0000,
0x0000, 0x0000, 0x0000, 0x0000, 0x0000, 0x0000, 0x0000, 0x0000, 0x0000, 0x0000, 0x0000, 0x0000, 0x0000, 0x0000, 0x0000, 0x0000,
0x0000, 0x0000, 0x0000, 0x0000, 0x0000, 0x0000, 0x0000, 0x0000, 0x0000, 0x0000, 0x0000, 0x0000, 0x0000, 0x0000, 0x0000, 0x0000,
0x0000, 0x0000, 0x0000, 0x0000, 0x0000, 0x0000, 0x0000, 0x7bff, 0x5555, 0x5555, 0xffff, 0x5cf5, 0x54d5, 0x5cd5, 0x5cd5, 0x5d16,
0x5d16, 0x5d16, 0x5cf5, 0x5cf5, 0x5cf6, 0x5cf6, 0x5cf6, 0x5d16, 0x5cf6, 0x5cf6, 0x5cf6, 0x5cf6, 0x5d16, 0x5cf6, 0x5cf6, 0x5cf6,
0x5cf5, 0x5cf5, 0x5cf6, 0x5d15, 0x5d15, 0x5d15, 0x5cf6, 0x5d16, 0x5d16, 0x5d16, 0x5cf6, 0x5d16, 0x5cf6, 0x5cf6, 0x5cf6, 0x5cf6,
0x5cf6, 0x5cf6, 0x5cf6, 0x5cd6, 0x54f6, 0x54f6, 0x54d6, 0x54d6, 0x54d6, 0x5cd6, 0x5cd6, 0x54d6, 0x54d6, 0x54d6, 0x54f6, 0x54d5,
0x5494, 0x54d5, 0x5cb4, 0x3333, 0x7bff, 0x7bff, 0x7bff, 0x7bff, 0x07ff, 0x0000, 0x0000, 0x0000, 0x0000, 0x0000, 0x0000, 0x0000,
0x0000, 0x0000, 0x0000, 0x0000, 0x0000, 0x0000, 0x0000, 0x0000, 0x0000, 0x0000, 0x0000, 0x5555, 0x5555, 0x5555, 0x5555, 0x7bff,
0x4453, 0x5452, 0x4c73, 0x5492, 0x4c71, 0x4c52, 0x5473, 0x5452, 0x5471, 0x7bef, 0x7bff, 0x7bff, 0x7bff, 0x7bff, 0x7bff, 0x7bef,
0x0000, 0x0000, 0x0000, 0x0000, 0x0000, 0x0000, 0x0000, 0x0000, 0x0000, 0x0000, 0x0000, 0x0000, 0x0000, 0x0000, 0x0000, 0x0000,
0x0000, 0x0000, 0x0000, 0x0000, 0x0000, 0x0000, 0x0000, 0x0000, 0x0000, 0x0000, 0x0000, 0x0000, 0x0000, 0x0000, 0x0000, 0x0000,
0x0000, 0x0000, 0x0000, 0x0000, 0x0000, 0x0000, 0x0000, 0x0000, 0x0000, 0x0000, 0x0000, 0x0000, 0x0000, 0x0000, 0x0000, 0x0000,
0x0000, 0x0000, 0x0000, 0x0000, 0x0000, 0x0000, 0x0000, 0x0000, 0x0000, 0x0000, 0x0000, 0x0000, 0x0000, 0x0000, 0x0000, 0x0000,
0x0000, 0x0000, 0x0000, 0x0000, 0x0000, 0x0000, 0x0000, 0x0000, 0x0000, 0x0000, 0x0000, 0x0000, 0x0000, 0x0000, 0x0000, 0x0000,
0x0000, 0x0000, 0x0000, 0x0000, 0x0000, 0x0000, 0x0000, 0x0000, 0x0000, 0x0000, 0x0000, 0x0000, 0x0000, 0x0000, 0x0000, 0x0000,
0x0000, 0x0000, 0x0000, 0x0000, 0x0000, 0x0000, 0x0000, 0x0000, 0x0000, 0x0000, 0x0000, 0x0000, 0x0000, 0x0000, 0x0000, 0x0000,
0x0000, 0x0000, 0x0000, 0x0000, 0x0000, 0x7bff, 0x5555, 0x7fff, 0x7fff, 0x5555, 0x7df7, 0x6cf7, 0x6cf7, 0x74f8, 0x6cd7, 0x74f8,
0x6cf8, 0x6cf8, 0x755a, 0x7d5a, 0x755a, 0x7d5a, 0x7d5a, 0x7d5a, 0x7d5a, 0x7d5a, 0x755a, 0x753a, 0x755a, 0x7519, 0x7518, 0x7518,
0x6d18, 0x6cf8, 0x6d38, 0x6cf7, 0x7d17, 0x0000, 0x5555, 0x5555, 0x5555, 0xffff, 0x0000, 0x0000, 0x0000, 0x0000, 0x0000, 0x0000,
0x0000, 0x0000, 0x0000, 0x0000, 0x0000, 0x0000, 0x0000, 0x0000, 0x0000, 0x0000, 0x0000, 0x0000, 0x0000, 0x0000, 0x0000, 0x0000,
0x0000, 0x0000, 0x0000, 0x0000, 0x0000, 0x0000, 0x0000, 0x0000, 0x0000, 0x0000, 0x0000, 0x0000, 0x0000, 0x0000, 0x0000, 0x0000,
0x0000, 0x0000, 0x0000, 0x0000, 0x0000, 0x0000, 0x0000, 0x0000, 0x0000, 0x0000, 0x0000, 0x0000, 0x0000, 0x0000, 0x0000, 0x0000,
0x0000, 0x0000, 0x0000, 0x0000, 0x0000, 0x0000, 0x0000, 0x0000, 0x0000, 0x0000, 0x0000, 0x0000, 0x0000, 0x0000, 0x0000, 0x0000,
0x0000, 0x0000, 0x0000, 0x0000, 0x0000, 0x0000, 0x0000, 0x0000, 0x0000, 0x0000, 0x0000, 0x0000, 0x0000, 0x0000, 0x0000, 0x0000,
0x0000, 0x0000, 0x0000, 0x0000, 0x0000, 0x0000, 0x0000, 0x0000, 0x0000, 0x0000, 0x0000, 0x0000, 0x0000, 0x0000, 0x0000, 0x0000,
0x0000, 0x0000, 0x0000, 0x0000, 0x0000, 0x0000, 0x0000, 0x0000, 0x0000, 0x0000, 0x0000, 0x0000, 0x0000, 0x0000, 0x0000, 0x0000,
0x0000, 0x0000, 0x0000, 0x0000, 0x0000, 0x0000, 0x0000, 0x0000, 0x0000, 0x0000, 0x0000, 0x0000, 0x0000, 0x0000, 0x0000, 0x0000,
0x0000, 0x0000, 0x0000, 0x0000, 0x0000, 0x0000, 0x0000, 0x0000, 0x0000, 0x0000, 0x0000, 0x0000, 0x0000, 0x0000, 0x5555, 0x5555,
0x7fff, 0x7bef, 0x5c92, 0x5493, 0x5474, 0x5493, 0x54d5, 0x5cf6, 0x5d16, 0x5d16, 0x5d16, 0x5d15, 0x5515, 0x54f5, 0x54f6, 0x5d16,
0x5d16, 0x5d16, 0x5d16, 0x5d16, 0x5cf5, 0x5cf5, 0x5d16, 0x5d16, 0x5d16, 0x5d15, 0x5d15, 0x5d15, 0x5d15, 0x5d15, 0x5d15, 0x5d15,

/* -14- */
0x07ff, 0x0000, 0x0000, 0x0000, 0x0000, 0x0000, 0x0000, 0x0000, 0x0000, 0x0000, 0x0000, 0x0000, 0x0000, 0x0000, 0x0000, 0x0000,
0x0000, 0x0000, 0x0000, 0x0000, 0x0000, 0x0000, 0x0000, 0x0000, 0x0000, 0x0000, 0x0000, 0x0000, 0x0000, 0x0000, 0x0000, 0x0000,
0x0000, 0x0000, 0x0000, 0x0000, 0x0000, 0x0000, 0x0000, 0x0000, 0x0000, 0x0000, 0x0000, 0x0000, 0x0000, 0x0000, 0x0000, 0x0000,
0x0000, 0x0000, 0x0000, 0x0000, 0x0000, 0x0000, 0x0000, 0x0000, 0x0000, 0x0000, 0x0000, 0x0000, 0x0000, 0x0000, 0x0000, 0x0000,
0x0000, 0x0000, 0x0000, 0x0000, 0x0000, 0x0000, 0x0000, 0x0000, 0x0000, 0x0000, 0x0000, 0x0000, 0x0000, 0x0000, 0x0000, 0x0000,
0x0000, 0x0000, 0x0000, 0x0000, 0x0000, 0x0000, 0x0000, 0x0000, 0x0000, 0x0000, 0x0000, 0x0000, 0x0000, 0x0000, 0x0000, 0x0000,
0x7bef, 0x5555, 0x5555, 0x555f, 0x5555, 0x0000, 0x0000, 0x0000, 0x0000, 0x0000, 0x6cf8, 0x7539, 0x753a, 0x7539, 0x7539, 0x7539,
0x7539, 0x7539, 0x753a, 0x753a, 0x755a, 0x755a, 0x7d5a, 0x7d5a, 0x753a, 0x753a, 0x753a, 0x753a, 0x753a, 0x753a, 0x7539, 0x753a,
0x7539, 0x7539, 0x7539, 0x753a, 0x7539, 0x6cf7, 0x0000, 0x0000, 0x0000, 0x0000, 0xad5f, 0x555f, 0xad5f, 0x5555, 0x0000, 0x0000,
0x0000, 0x0000, 0x0000, 0x0000, 0x0000, 0x0000, 0x0000, 0x0000, 0x0000, 0x0000, 0x0000, 0x0000, 0x0000, 0x0000, 0x0000, 0x0000,
0x0000, 0x0000, 0x0000, 0x0000, 0x0000, 0x0000, 0x0000, 0x0000, 0x0000, 0x0000, 0x0000, 0x0000, 0x0000, 0x0000, 0x0000, 0x0000,
0x0000, 0x0000, 0x0000, 0x0000, 0x0000, 0x0000, 0x0000, 0x0000, 0x0000, 0x0000, 0x0000, 0x0000, 0x0000, 0x0000, 0x0000, 0x0000,
0x0000, 0x0000, 0x0000, 0x0000, 0x0000, 0x0000, 0x0000, 0x0000, 0x0000, 0x0000, 0x0000, 0x0000, 0x0000, 0x0000, 0x0000, 0x0000,
0x0000, 0x0000, 0x0000, 0x0000, 0x0000, 0x0000, 0x0000, 0x0000, 0x0000, 0x0000, 0x0000, 0x0000, 0x0000, 0x0000, 0x0000, 0x0000,
0x0000, 0x0000, 0x0000, 0x0000, 0x0000, 0x0000, 0x0000, 0x0000, 0x0000, 0x0000, 0x0000, 0x0000, 0x0000, 0x0000, 0x0000, 0x0000,
0x0000, 0x0000, 0x0000, 0x0000, 0x0000, 0x0000, 0x0000, 0x0000, 0x0000, 0x0000, 0x0000, 0x0000, 0x0000, 0x0000, 0x0000, 0x0000,
0x0000, 0x0000, 0x0000, 0x0000, 0x0000, 0x0000, 0x0000, 0x0000, 0x0000, 0x0000, 0x0000, 0x0000, 0x0000, 0x0000, 0x0000, 0x0000,
0x0000, 0x0000, 0x0000, 0x0000, 0x0000, 0x0000, 0x0000, 0x0000, 0x0000, 0x0000, 0x07ff, 0x5555, 0x5555, 0x5555, 0x0000, 0x0000,
0x0000, 0x5473, 0x54f5, 0x54f5, 0x54d5, 0x54f5, 0x5cf6, 0x5cf5, 0x5cf5, 0x5d16, 0x5d16, 0x5d16, 0x5d16, 0x5d16, 0x5d16, 0x5d16,
0x5d16, 0x5d16, 0x5d16, 0x5d16, 0x5d15, 0x5d16, 0x5d15, 0x5d16, 0x5d16, 0x5d36, 0x5d35, 0x5d35, 0x5d15, 0x5d15, 0x5cf5, 0x5cf5,
0x5cf5, 0x5cf5, 0x5cf5, 0x5cf5, 0x54f5, 0x54f5, 0x5cf6, 0x5d16, 0x5d16, 0x5d16, 0x5d16, 0x5d16, 0x5d16, 0x5d16, 0x6535, 0x6535,
0x5d16, 0x5d16, 0x5d16, 0x5d16, 0x5d16, 0x5d16, 0x5d16, 0x5d16, 0x5cf6, 0x5cf6, 0x5cf6, 0x54d5, 0x54f5, 0x54f6, 0x54f6, 0x54d5,
0x54d6, 0x5cf6, 0x54f6, 0x54d5, 0x54f5, 0x54f6, 0x54f6, 0x54d5, 0x54d5, 0x54d5, 0x54d5, 0x54d5, 0x54d5, 0x54d5, 0x54d5, 0x54d5,
0x54d5, 0x54d5, 0x5cf5, 0x5d15, 0x5cf5, 0x5d15, 0x5cf5, 0x5cf5, 0x5cf5, 0x5d15, 0x5d15, 0x5d15, 0x6d34, 0x7554, 0x5d14, 0x6d34,
0x7573, 0x7553, 0x6d54, 0x6535, 0x5d15, 0x5d15, 0x5d15, 0x5d15, 0x5d15, 0x5cf5, 0x5d15, 0x5cf4, 0x5cf5, 0x5cf5, 0x5cf5, 0x5cf5,
0x54d5, 0x54d5, 0x54f5, 0x54d5, 0x54b5, 0x54b5, 0x54b5, 0x54b5, 0x54b5, 0x54b5, 0x54b5, 0x54b5, 0x54b5, 0x54b5, 0x54b5, 0x54b5,
0x54b5, 0x54b5, 0x54b5, 0x54b5, 0x54b5, 0x54b5, 0x54b5, 0x4432, 0x4c53, 0x4bef, 0x0000, 0xffff, 0x5555, 0x5555, 0x5555, 0x7bef,
0x0000, 0x0000, 0x0000, 0x0000, 0x0000, 0x0000, 0x0000, 0x0000, 0x0000, 0x0000, 0x0000, 0x0000, 0x0000, 0x0000, 0x0000, 0x0000,
0x0000, 0x0000, 0x0000, 0x0000, 0x0000, 0x0000, 0x0000, 0x0000, 0x0000, 0x0000, 0x0000, 0x0000, 0x0000, 0x0000, 0x0000, 0x0000,
0x0000, 0x0000, 0x0000, 0x0000, 0x0000, 0x0000, 0x0000, 0x0000, 0x0000, 0x0000, 0x0000, 0x0000, 0x0000, 0x0000, 0x0000, 0x0000,
0x0000, 0x0000, 0x0000, 0x0000, 0x0000, 0x0000, 0x0000, 0x0000, 0x0000, 0x0000, 0x0000, 0x0000, 0x0000, 0x0000, 0x0000, 0x0000,
0x0000, 0x0000, 0x0000, 0x0000, 0x0000, 0x0000, 0x0000, 0x0000, 0x0000, 0x0000, 0x0000, 0x0000, 0x0000, 0x0000, 0x0000, 0x0000,
0x0000, 0x0000, 0x0000, 0x0000, 0x0000, 0x0000, 0x0000, 0x0000, 0x0000, 0x0000, 0x0000, 0x0000, 0x0000, 0x0000, 0x0000, 0x0000,
0x0000, 0x0000, 0x0000, 0x0000, 0x0000, 0x0000, 0x0000, 0x0000, 0x0000, 0x0000, 0x0000, 0x0000, 0x0000, 0x0000, 0x0000, 0x0000,
0x0000, 0x0000, 0x0000, 0x0000, 0x0000, 0x0000, 0x0000, 0x0000, 0x0000, 0x0000, 0x0000, 0x0000, 0x0000, 0x0000, 0x0000, 0x0000,
0x0000, 0x0000, 0x0000, 0x0000, 0x0000, 0x0000, 0x0000, 0x0000, 0x0000, 0x0000, 0x0000, 0x0000, 0x0000, 0x0000, 0x0000, 0x0000,
0x07ff, 0x7bef, 0x7bef, 0x7bef, 0x7bef, 0xffff, 0x07ff, 0x0000, 0x0000, 0x0000, 0x0000, 0x0000, 0x0000, 0x0000, 0x0000, 0x0000,
0x0000, 0x0000, 0x0000, 0x0000, 0x7bef, 0x555f, 0x5555, 0x0000, 0x0000, 0x0000, 0x54d7, 0x5d16, 0x5d16, 0x5d16, 0x5d16, 0x5d16,
0x5d16, 0x5d16, 0x5d16, 0x5cf5, 0x5cf5, 0x5cf6, 0x5cf6, 0x5cf6, 0x5cf5, 0x5cf5, 0x5cf6, 0x5cf6, 0x5cf6, 0x5d16, 0x5cf6, 0x5cf6,
0x5d16, 0x5d16, 0x5d15, 0x5d15, 0x5d15, 0x5cf5, 0x5cf6, 0x5cf6, 0x5cf6, 0x5cf6, 0x5cf6, 0x5d16, 0x5d16, 0x5d16, 0x5cf6, 0x5cf6,
0x5cf6, 0x5cf6, 0x5cf6, 0x5cf6, 0x5cf6, 0x5cf6, 0x5cf6, 0x5cd6, 0x5cd6, 0x5cf6, 0x5cf6, 0x5cd6, 0x5cd6, 0x54d6, 0x54d6, 0x54d6,
0x54d6, 0x54d6, 0x54f6, 0x54b5, 0x438e, 0x0000, 0x0000, 0x0000, 0x0000, 0x5555, 0x7bff, 0x07ff, 0x07ff, 0x07ff, 0x0000, 0x0000,
0x0000, 0x0000, 0x0000, 0x0000, 0x0000, 0x0000, 0x7bef, 0x7bef, 0x7bef, 0x5555, 0x07ff, 0x0000, 0x0000, 0x0000, 0x0000, 0x52aa,
0x54d5, 0x54f5, 0x54f5, 0x54f5, 0x5cf5, 0x54f5, 0x54f5, 0x54f5, 0x54d5, 0x4bf1, 0x5555, 0x0000, 0x0000, 0x0000, 0x0000, 0x0000,
0x0000, 0x5555, 0x7fff, 0x5555, 0x7bff, 0x7bef, 0x001f, 0x0000, 0x0000, 0x0000, 0x0000, 0x0000, 0x0000, 0x0000, 0x0000, 0x0000,
0x07ff, 0x0000, 0x0000, 0x0000, 0x0000, 0x0000, 0x0000, 0x0000, 0x0000, 0x0000, 0x0000, 0x0000, 0x0000, 0x0000, 0x0000, 0x0000,
0x0000, 0x0000, 0x0000, 0x0000, 0x0000, 0x0000, 0x0000, 0x0000, 0x0000, 0x0000, 0x0000, 0x0000, 0x0000, 0x0000, 0x0000, 0x0000,
0x0000, 0x0000, 0x0000, 0x0000, 0x0000, 0x0000, 0x0000, 0x0000, 0x0000, 0x0000, 0x0000, 0x0000, 0x0000, 0x0000, 0x0000, 0x0000,
0x0000, 0x0000, 0x0000, 0x0000, 0x0000, 0x0000, 0x0000, 0x0000, 0x0000, 0x0000, 0x0000, 0x0000, 0x0000, 0x0000, 0x0000, 0x0000,
0x0000, 0x0000, 0x0000, 0x0000, 0x0000, 0x0000, 0x0000, 0x0000, 0x0000, 0x0000, 0x0000, 0x0000, 0x0000, 0x0000, 0x0000, 0x0000,
0x0000, 0x0000, 0x0000, 0x0000, 0x0000, 0x0000, 0x0000, 0x0000, 0x0000, 0x0000, 0x0000, 0x0000, 0x0000, 0x0000, 0x0000, 0x0000,
0x7bef, 0x5555, 0x5555, 0x555f, 0x5555, 0x0000, 0x0000, 0x0000, 0x0000, 0x0000, 0x6cf8, 0x7539, 0x753a, 0x7539, 0x7539, 0x7539,
0x7539, 0x7539, 0x753a, 0x753a, 0x755a, 0x755a, 0x7d5a, 0x7d5a, 0x753a, 0x753a, 0x753a, 0x753a, 0x753a, 0x753a, 0x7539, 0x753a,
0x7539, 0x7539, 0x7539, 0x753a, 0x7539, 0x6cf7, 0x0000, 0x0000, 0x0000, 0x0000, 0xad5f, 0x555f, 0xad5f, 0x5555, 0x0000, 0x0000,
0x0000, 0x0000, 0x0000, 0x0000, 0x0000, 0x0000, 0x0000, 0x0000, 0x0000, 0x0000, 0x0000, 0x0000, 0x0000, 0x0000, 0x0000, 0x0000,
0x0000, 0x0000, 0x0000, 0x0000, 0x0000, 0x0000, 0x0000, 0x0000, 0x0000, 0x0000, 0x0000, 0x0000, 0x0000, 0x0000, 0x0000, 0x0000,
0x0000, 0x0000, 0x0000, 0x0000, 0x0000, 0x0000, 0x0000, 0x0000, 0x0000, 0x0000, 0x0000, 0x0000, 0x0000, 0x0000, 0x0000, 0x0000,
0x0000, 0x0000, 0x0000, 0x0000, 0x0000, 0x0000, 0x0000, 0x0000, 0x0000, 0x0000, 0x0000, 0x0000, 0x0000, 0x0000, 0x0000, 0x0000,
0x0000, 0x0000, 0x0000, 0x0000, 0x0000, 0x0000, 0x0000, 0x0000, 0x0000, 0x0000, 0x0000, 0x0000, 0x0000, 0x0000, 0x0000, 0x0000,
0x0000, 0x0000, 0x0000, 0x0000, 0x0000, 0x0000, 0x0000, 0x0000, 0x0000, 0x0000, 0x0000, 0x0000, 0x0000, 0x0000, 0x0000, 0x0000,
0x0000, 0x0000, 0x0000, 0x0000, 0x0000, 0x0000, 0x0000, 0x0000, 0x0000, 0x0000, 0x0000, 0x0000, 0x0000, 0x0000, 0x0000, 0x0000,
0x0000, 0x0000, 0x0000, 0x0000, 0x0000, 0x0000, 0x0000, 0x0000, 0x0000, 0x0000, 0x0000, 0x0000, 0x0000, 0x0000, 0x0000, 0x0000,
0x0000, 0x0000, 0x0000, 0x0000, 0x0000, 0x0000, 0x0000, 0x0000, 0x0000, 0x0000, 0x07ff, 0x5555, 0x5555, 0x5555, 0x0000, 0x0000,
0x0000, 0x5473, 0x54f5, 0x54f5, 0x54d5, 0x54f5, 0x5cf6, 0x5cf5, 0x5cf5, 0x5d16, 0x5d16, 0x5d16, 0x5d16, 0x5d16, 0x5d16, 0x5d16,
0x5d16, 0x5d16, 0x5d16, 0x5d16, 0x5d15, 0x5d16, 0x5d15, 0x5d16, 0x5d16, 0x5d36, 0x5d35, 0x5d35, 0x5d15, 0x5d15, 0x5cf5, 0x5cf5,

/* -15- */
0x0000, 0x7bef, 0x7bff, 0x07ff, 0x7bef, 0x7bff, 0x07ff, 0x0000, 0x0000, 0x0000, 0x0000, 0x0000, 0x0000, 0x0000, 0x0000, 0x0000,
0x0000, 0x0000, 0x0000, 0x0000, 0x0000, 0x0000, 0x0000, 0x0000, 0x0000, 0x0000, 0x0000, 0x0000, 0x0000, 0x0000, 0x0000, 0x0000,
0x0000, 0x0000, 0x0000, 0x0000, 0x0000, 0x0000, 0x0000, 0x0000, 0x0000, 0x0000, 0x0000, 0x0000, 0x0000, 0x0000, 0x0000, 0x0000,
0x0000, 0x0000, 0x0000, 0x0000, 0x0000, 0x0000, 0x0000, 0x0000, 0x0000, 0x0000, 0x0000, 0x0000, 0x0000, 0x0000, 0x0000, 0x0000,
0x0000, 0x0000, 0x0000, 0x0000, 0x0000, 0x0000, 0x0000, 0x0000, 0x0000, 0x0000, 0x0000, 0x0000, 0x0000, 0x0000, 0x0000, 0x0000,
0x0000, 0x0000, 0x0000, 0x0000, 0x0000, 0x0000, 0x0000, 0x0000, 0x0000, 0x0000, 0x0000, 0x0000, 0xffff, 0x7fff, 0x7bff, 0x5555,
0x0000, 0x0000, 0x0000, 0x0000, 0x0000, 0x755a, 0x753a, 0x753a, 0x753a, 0x7539, 0x7539, 0x753a, 0x753a, 0x7519, 0x753a, 0x7539,
0x7539, 0x7539, 0x753a, 0x7d5a, 0x7d5a, 0x7d5a, 0x7d7a, 0x7d7a, 0x7d7a, 0x7d5a, 0x7d5a, 0x753a, 0x753a, 0x753a, 0x7539, 0x7539,
0x7539, 0x7539, 0x753a, 0x753a, 0x7539, 0x7539, 0x753a, 0x751a, 0x753a, 0x7518, 0x0000, 0x0000, 0x0000, 0x0000, 0xffff, 0x5555,
0x7fff, 0x7bff, 0x7bef, 0x0000, 0x0000, 0x0000, 0x0000, 0x0000, 0x0000, 0x0000, 0x0000, 0x0000, 0x0000, 0x0000, 0x0000, 0x0000,
0x0000, 0x0000, 0x0000, 0x0000, 0x0000, 0x0000, 0x0000, 0x0000, 0x0000, 0x0000, 0x0000, 0x0000, 0x0000, 0x0000, 0x0000, 0x0000,
0x0000, 0x0000, 0x0000, 0x0000, 0x0000, 0x0000, 0x0000, 0x0000, 0x0000, 0x0000, 0x0000, 0x0000, 0x0000, 0x0000, 0x0000, 0x0000,
0x0000, 0x0000, 0x0000, 0x0000, 0x0000, 0x0000, 0x0000, 0x0000, 0x0000, 0x0000, 0x0000, 0x0000, 0x0000, 0x0000, 0x0000, 0x0000,
0x0000, 0x0000, 0x0000, 0x0000, 0x0000, 0x0000, 0x0000, 0x0000, 0x0000, 0x0000, 0x0000, 0x0000, 0x0000, 0x0000, 0x0000, 0x0000,
0x0000, 0x0000, 0x0000, 0x0000, 0x0000, 0x0000, 0x0000, 0x0000, 0x0000, 0x0000, 0x0000, 0x0000, 0x0000, 0x0000, 0x0000, 0x0000,
0x07ff, 0x7bff, 0x7bff, 0x7bff, 0x7bff, 0x7bff, 0x7bff, 0x7bff, 0x7bff, 0x7bff, 0x7bff, 0x7bff, 0x07ff, 0x0000, 0x0000, 0x0000,
0x0000, 0x0000, 0x0000, 0x0000, 0x0000, 0x0000, 0x0000, 0x0000, 0x0000, 0x0000, 0x0000, 0x0000, 0x0000, 0x0000, 0x0000, 0x0000,
0x0000, 0x0000, 0x0000, 0x0000, 0x0000, 0x07ff, 0x7bef, 0x7bef, 0x7bef, 0x7bef, 0x0000, 0x0000, 0x0000, 0x0000, 0x5cf6, 0x54f6,
0x5cf5, 0x54d5, 0x54f5, 0x54f5, 0x54f5, 0x54f5, 0x5cf5, 0x5cf5, 0x5cf6, 0x5d16, 0x5d16, 0x5cf6, 0x5cf6, 0x5d16, 0x5d16, 0x5d16,
0x5d16, 0x5d16, 0x5d16, 0x5d15, 0x5d15, 0x5d16, 0x5d36, 0x5d36, 0x5d36, 0x5d16, 0x5d15, 0x5d16, 0x5d16, 0x5d16, 0x5cf5, 0x5cf6,
0x5cf6, 0x5cf5, 0x5cf5, 0x54f5, 0x5cf5, 0x5cf5, 0x5d16, 0x5d16, 0x5d16, 0x6536, 0x6536, 0x6536, 0x6535, 0x6535, 0x6536, 0x6516,
0x5d16, 0x5d16, 0x5d16, 0x5d16, 0x5d16, 0x5d16, 0x5d16, 0x5cf6, 0x5cf6, 0x5cf6, 0x5cf6, 0x54f6, 0x54f6, 0x54f6, 0x54f6, 0x5cf6,
0x5cf6, 0x5cf6, 0x5cf6, 0x54f6, 0x54d5, 0x54d5, 0x54d5, 0x54d5, 0x54d5, 0x54d6, 0x5cf6, 0x54d6, 0x54d6, 0x54d5, 0x5cf5, 0x5cf5,
0x5cf5, 0x5cf5, 0x5d15, 0x5d15, 0x5d15, 0x5d15, 0x6534, 0x6534, 0x6d53, 0x6d74, 0x6534, 0x6534, 0x6d54, 0x7553, 0x6d34, 0x6d54,
0x6d54, 0x6534, 0x6535, 0x5d15, 0x6515, 0x6515, 0x5d15, 0x5d15, 0x5d15, 0x5cf5, 0x5cf5, 0x5d15, 0x5d15, 0x5d15, 0x5d15, 0x5cf5,
0x5cf5, 0x54d5, 0x54d5, 0x54d5, 0x54d5, 0x54d5, 0x54d5, 0x54b5, 0x54b5, 0x54b5, 0x54b5, 0x54b5, 0x54b5, 0x54b5, 0x54b5, 0x54b5,
0x54b5, 0x54b5, 0x54b5, 0x54b5, 0x54b5, 0x54b5, 0x54d5, 0x54b5, 0x54b5, 0x4cb5, 0x4cb5, 0x07ff, 0x0000, 0x0000, 0x0000, 0x0000,
0x5555, 0x7bef, 0x7bff, 0x7fff, 0x07ff, 0x0000, 0x0000, 0x0000, 0x0000, 0x0000, 0x0000, 0x0000, 0x0000, 0x0000, 0x0000, 0x7bef,
0x7bff, 0x7fff, 0x7fff, 0x7bff, 0x7bff, 0x7bff, 0x7bff, 0x7bef, 0x0000, 0x0000, 0x0000, 0x0000, 0x0000, 0x0000, 0x0000, 0x0000,
0x0000, 0x0000, 0x0000, 0x0000, 0x0000, 0x0000, 0x0000, 0x0000, 0x0000, 0x0000, 0x0000, 0x0000, 0x0000, 0x0000, 0x0000, 0x0000,
0x0000, 0x0000, 0x0000, 0x0000, 0x0000, 0x0000, 0x0000, 0x0000, 0x0000, 0x0000, 0x0000, 0x0000, 0x0000, 0x0000, 0x0000, 0x0000,
0x0000, 0x0000, 0x0000, 0x0000, 0x0000, 0x0000, 0x0000, 0x0000, 0x0000, 0x0000, 0x0000, 0x0000, 0x0000, 0x0000, 0x0000, 0x0000,
0x0000, 0x0000, 0x0000, 0x0000, 0x0000, 0x0000, 0x0000, 0x0000, 0x0000, 0x0000, 0x0000, 0x0000, 0x0000, 0x0000, 0x0000, 0x0000,
0x0000, 0x0000, 0x0000, 0x0000, 0x0000, 0x0000, 0x0000, 0x0000, 0x0000, 0x0000, 0x0000, 0x0000, 0x0000, 0x0000, 0x0000, 0x0000,
0x0000, 0x0000, 0x0000, 0x0000, 0x0000, 0x0000, 0x0000, 0x0000, 0x0000, 0x0000, 0x0000, 0x0000, 0x0000, 0x0000, 0x0000, 0x0000,
0x0000, 0x0000, 0x0000, 0x0000, 0x0000, 0x0000, 0x0000, 0x0000, 0x0000, 0x0000, 0x0000, 0x0000, 0x7bef, 0x7bef, 0x7bff, 0x7fff,
0x0000, 0x0000, 0x0000, 0x0000, 0x0000, 0x0000, 0x0000, 0x001f, 0x7bef, 0x7bef, 0xffff, 0xffff, 0x07ff, 0x0000, 0x0000, 0x0000,
0x0000, 0x07ff, 0x7bef, 0x5555, 0x0000, 0x0000, 0x0000, 0x5cf6, 0x5d16, 0x5cf6, 0x5cf6, 0x5d16, 0x5d16, 0x5d16, 0x5d16, 0x5d16,
0x5d16, 0x5d16, 0x5cf5, 0x5cf5, 0x5cf5, 0x5cf6, 0x5cf6, 0x5cf6, 0x5cf6, 0x5cf6, 0x5cf6, 0x5cf6, 0x5cf6, 0x5d16, 0x5d16, 0x5d16,
0x5d16, 0x5d15, 0x5d15, 0x5d15, 0x5d15, 0x5cf5, 0x5cf5, 0x5cf6, 0x5cf6, 0x5cf6, 0x5d16, 0x5d16, 0x5d16, 0x5d16, 0x5d16, 0x5cf6,
0x5cf6, 0x5cf6, 0x5cf6, 0x5cf6, 0x5cf6, 0x5cf6, 0x5cd6, 0x5cf6, 0x5cf6, 0x5cd6, 0x5cd6, 0x54d6, 0x54d6, 0x5cd6, 0x5cd6, 0x5cd6,
0x54d6, 0x54d6, 0x54d6, 0x54d6, 0x54d5, 0x54d5, 0x54f6, 0x54d5, 0x5494, 0x0000, 0x0000, 0x0000, 0x0000, 0x0000, 0x0000, 0x001f,
0x0000, 0x0000, 0x7bef, 0x7bef, 0x7bff, 0x7bef, 0x0000, 0x0000, 0x0000, 0x0000, 0x0000, 0x54f5, 0x54f5, 0x54d5, 0x5cf5, 0x5cd5,
0x54f5, 0x5cf5, 0x5cf5, 0x5cd5, 0x5cf5, 0x5cf5, 0x54d5, 0x54d6, 0x54d5, 0x54d5, 0x54d5, 0x54d5, 0x54d5, 0x54d5, 0x54d5, 0x4cb5,
0x4cd3, 0x0000, 0x0000, 0x0000, 0x0000, 0x0000, 0x0000, 0x7bef, 0x7bef, 0x7bef, 0x7bef, 0xffff, 0x7bef, 0x7fff, 0x7fff, 0x5555,
0x0000, 0x7bef, 0x7bff, 0x07ff, 0x7bef, 0x7bff, 0x07ff, 0x0000, 0x0000, 0x0000, 0x0000, 0x0000, 0x0000, 0x0000, 0x0000, 0x0000,
0x0000, 0x0000, 0x0000, 0x0000, 0x0000, 0x0000, 0x0000, 0x0000, 0x0000, 0x0000, 0x0000, 0x0000, 0x0000, 0x0000, 0x0000, 0x0000,
0x0000, 0x0000, 0x0000, 0x0000, 0x0000, 0x0000, 0x0000, 0x0000, 0x0000, 0x0000, 0x0000, 0x0000, 0x0000, 0x0000, 0x0000, 0x0000,
0x0000, 0x0000, 0x0000, 0x0000, 0x0000, 0x0000, 0x0000, 0x0000, 0x0000, 0x0000, 0x0000, 0x0000, 0x0000, 0x0000, 0x0000, 0x0000,
0x0000, 0x0000, 0x0000, 0x0000, 0x0000, 0x0000, 0x0000, 0x0000, 0x0000, 0x0000, 0x0000, 0x0000, 0x0000, 0x0000, 0x0000, 0x0000,
0x0000, 0x0000, 0x0000, 0x0000, 0x0000, 0x0000, 0x0000, 0x0000, 0x0000, 0x0000, 0x0000, 0x0000, 0xffff, 0x7fff, 0x7bff, 0x5555,
0x0000, 0x0000, 0x0000, 0x0000, 0x0000, 0x755a, 0x753a, 0x753a, 0x753a, 0x7539, 0x7539, 0x753a, 0x753a, 0x7519, 0x753a, 0x7539,
0x7539, 0x7539, 0x753a, 0x7d5a, 0x7d5a, 0x7d5a, 0x7d7a, 0x7d7a, 0x7d7a, 0x7d5a, 0x7d5a, 0x753a, 0x753a, 0x753a, 0x7539, 0x7539,
0x7539, 0x7539, 0x753a, 0x753a, 0x7539, 0x7539, 0x753a, 0x751a, 0x753a, 0x7518, 0x0000, 0x0000, 0x0000, 0x0000, 0xffff, 0x5555,
0x7fff, 0x7bff, 0x7bef, 0x0000, 0x0000, 0x0000, 0x0000, 0x0000, 0x0000, 0x0000, 0x0000, 0x0000, 0x0000, 0x0000, 0x0000, 0x0000,
0x0000, 0x0000, 0x0000, 0x0000, 0x0000, 0x0000, 0x0000, 0x0000, 0x0000, 0x0000, 0x0000, 0x0000, 0x0000, 0x0000, 0x0000, 0x0000,
0x0000, 0x0000, 0x0000, 0x0000, 0x0000, 0x0000, 0x0000, 0x0000, 0x0000, 0x0000, 0x0000, 0x0000, 0x0000, 0x0000, 0x0000, 0x0000,
0x0000, 0x0000, 0x0000, 0x0000, 0x0000, 0x0000, 0x0000, 0x0000, 0x0000, 0x0000, 0x0000, 0x0000, 0x0000, 0x0000, 0x0000, 0x0000,
0x0000, 0x0000, 0x0000, 0x0000, 0x0000, 0x0000, 0x0000, 0x0000, 0x0000, 0x0000, 0x0000, 0x0000, 0x0000, 0x0000, 0x0000, 0x0000,
0x0000, 0x0000, 0x0000, 0x0000, 0x0000, 0x0000, 0x0000, 0x0000, 0x0000, 0x0000, 0x0000, 0x0000, 0x0000, 0x0000, 0x0000, 0x0000,
0x07ff, 0x7bff, 0x7bff, 0x7bff, 0x7bff, 0x7bff, 0x7bff, 0x7bff, 0x7bff, 0x7bff, 0x7bff, 0x7bff, 0x07ff, 0x0000, 0x0000, 0x0000,
0x0000, 0x0000, 0x0000, 0x0000, 0x0000, 0x0000, 0x0000, 0x0000, 0x0000, 0x0000, 0x0000, 0x0000, 0x0000, 0x0000, 0x0000, 0x0000,
0x0000, 0x0000, 0x0000, 0x0000, 0x0000, 0x07ff, 0x7bef, 0x7bef, 0x7bef, 0x7bef, 0x0000, 0x0000, 0x0000, 0x0000, 0x5cf6, 0x54f6,
0x5cf5, 0x54d5, 0x54f5, 0x54f5, 0x54f5, 0x54f5, 0x5cf5, 0x5cf5, 0x5cf6, 0x5d16, 0x5d16, 0x5cf6, 0x5cf6, 0x5d16, 0x5d16, 0x5d16,
0x5d16, 0x5d16, 0x5d16, 0x5d15, 0x5d15, 0x5d16, 0x5d36, 0x5d36, 0x5d36, 0x5d16, 0x5d15, 0x5d16, 0x5d16, 0x5d16, 0x5cf5, 0x5cf6,

/* -16- */
0x5474, 0x0000, 0x0000, 0x0000, 0x0000, 0x0000, 0x0000, 0x03ef, 0x07ff, 0x0000, 0x0000, 0x0000, 0x0000, 0x0000, 0x0000, 0x0000,
0x0000, 0x0000, 0x0000, 0x0000, 0x0000, 0x0000, 0x0000, 0x0000, 0x0000, 0x0000, 0x0000, 0x0000, 0x0000, 0x0000, 0x0000, 0x0000,
0x0000, 0x0000, 0x0000, 0x0000, 0x0000, 0x0000, 0x0000, 0x0000, 0x0000, 0x0000, 0x0000, 0x0000, 0x0000, 0x0000, 0x0000, 0x0000,
0x0000, 0x0000, 0x0000, 0x0000, 0x0000, 0x0000, 0x0000, 0x0000, 0x0000, 0x0000, 0x0000, 0x0000, 0x0000, 0x0000, 0x0000, 0x0000,
0x0000, 0x0000, 0x0000, 0x0000, 0x0000, 0x0000, 0x0000, 0x0000, 0x0000, 0x0000, 0x0000, 0x0000, 0x0000, 0x0000, 0x0000, 0x0000,
0x0000, 0x0000, 0x0000, 0x0000, 0x0000, 0x0000, 0x0000, 0xffff, 0x5555, 0x5555, 0x5555, 0xad5f, 0x0000, 0x0000, 0x0000, 0x0000,
0x7d7a, 0x755a, 0x755a, 0x755a, 0x755a, 0x753a, 0x755b, 0x755a, 0x755a, 0x755a, 0x753a, 0x7539, 0x7539, 0x7539, 0x753a, 0x753a,
0x7d5a, 0x755a, 0x755a, 0x7d5a, 0x855a, 0x855a, 0x857a, 0x857a, 0x857a, 0x857a, 0x7d5a, 0x7d5a, 0x7d5a, 0x753a, 0x753a, 0x7539,
0x7539, 0x7539, 0x7539, 0x7519, 0x753a, 0x753a, 0x755a, 0x753a, 0x755b, 0x7519, 0x7539, 0x7539, 0x753a, 0x753a, 0x0000, 0x0000,
0x0000, 0x0000, 0x0000, 0xffff, 0xad5f, 0xad5f, 0x555f, 0x7bef, 0x0000, 0x0000, 0x0000, 0x0000, 0x0000, 0x0000, 0x0000, 0x0000,
0x0000, 0x0000, 0x0000, 0x0000, 0x0000, 0x0000, 0x0000, 0x0000, 0x0000, 0x0000, 0x0000, 0x0000, 0x0000, 0x0000, 0x0000, 0x0000,
0x0000, 0x0000, 0x0000, 0x0000, 0x0000, 0x0000, 0x0000, 0x0000, 0x0000, 0x0000, 0x0000, 0x0000, 0x0000, 0x0000, 0x0000, 0x0000,
0x0000, 0x0000, 0x0000, 0x0000, 0x0000, 0x0000, 0x0000, 0x0000, 0x0000, 0x0000, 0x0000, 0x0000, 0x0000, 0x0000, 0x0000, 0x0000,
0x0000, 0x0000, 0x0000, 0x0000, 0x0000, 0x0000, 0x0000, 0x0000, 0x0000, 0x0000, 0x0000, 0x0000, 0x0000, 0x0000, 0x0000, 0x0000,
0x0000, 0x0000, 0x0000, 0x0000, 0x0000, 0x0000, 0x0000, 0x0000, 0x0000, 0x0000, 0xffff, 0x5555, 0x7fff, 0x5555, 0x5555, 0x0000,
0x0000, 0x0000, 0x0000, 0x0000, 0x0000, 0x0000, 0x0000, 0x0000, 0x0000, 0x0000, 0x0000, 0x0000, 0x0000, 0x5555, 0x5555, 0x5555,
0x5555, 0x5555, 0x7bef, 0x0000, 0x0000, 0x0000, 0x0000, 0x0000, 0x0000, 0x0000, 0x0000, 0x0000, 0x0000, 0x0000, 0x0000, 0x0000,
0x0000, 0x07ff, 0x7bef, 0x7bef, 0x7bef, 0x0000, 0x0000, 0x0000, 0x0000, 0x0000, 0x5cf5, 0x5d16, 0x5cf6, 0x5cf6, 0x54f6, 0x54f6,
0x5cf5, 0x5cf5, 0x5cf5, 0x5cf5, 0x5cf5, 0x5cf5, 0x5cf5, 0x5cf6, 0x5cf5, 0x5d16, 0x5d15, 0x5d16, 0x5d15, 0x5d16, 0x5d16, 0x5d16,
0x5d16, 0x5d16, 0x5d16, 0x6536, 0x6536, 0x6536, 0x5d36, 0x5d36, 0x5d16, 0x5d16, 0x5d16, 0x5d16, 0x5cf5, 0x5cf5, 0x5cf6, 0x5cf5,
0x54f5, 0x54f5, 0x5cf5, 0x5cf5, 0x5d16, 0x5d16, 0x5d16, 0x5d16, 0x5d16, 0x6535, 0x6d35, 0x6d55, 0x6d54, 0x6535, 0x6536, 0x5d16,
0x5d16, 0x5d16, 0x5d16, 0x5d16, 0x5d16, 0x5d16, 0x5d16, 0x5cf6, 0x5cf6, 0x5cf6, 0x5cf6, 0x5cf6, 0x5cf6, 0x5cf6, 0x5cf6, 0x5cf6,
0x5cf6, 0x5cf6, 0x5cf6, 0x54f6, 0x54d6, 0x54d5, 0x54d5, 0x54d6, 0x54d5, 0x5cd5, 0x5cd5, 0x5cf6, 0x5cf6, 0x5cf5, 0x5cf5, 0x5d15,
0x5d15, 0x5d15, 0x5d16, 0x6535, 0x6d53, 0x6d54, 0x6534, 0x6534, 0x7593, 0x7d93, 0x6d54, 0x6d54, 0x6d53, 0x6d53, 0x6d54, 0x7574,
0x6d34, 0x6515, 0x6515, 0x6515, 0x6534, 0x6534, 0x6535, 0x5d15, 0x6515, 0x5cf5, 0x5d15, 0x5d16, 0x5d16, 0x5cf6, 0x5d15, 0x5cf5,
0x5cf5, 0x54f5, 0x54f5, 0x54d5, 0x54d5, 0x54d5, 0x54d5, 0x54d5, 0x54d5, 0x54b5, 0x54b5, 0x54b5, 0x54b5, 0x54b5, 0x54b5, 0x54b5,
0x54b5, 0x54b5, 0x54b5, 0x54b5, 0x54b5, 0x54b5, 0x54d5, 0x54d5, 0x54b5, 0x54b5, 0x4cb5, 0x4cb5, 0x54d5, 0x54b5, 0x54d5, 0x54d4,
0x0000, 0x0000, 0x0000, 0x0000, 0x0000, 0x5555, 0x7bff, 0x5555, 0x5555, 0x5555, 0x7bff, 0x07ff, 0x07ff, 0x07ff, 0x0000, 0x0000,
0x0000, 0x0000, 0x0000, 0x0000, 0x0000, 0x0000, 0x0000, 0x0000, 0x0000, 0x5555, 0x5555, 0x5555, 0x7bff, 0x0000, 0x0000, 0x0000,
0x0000, 0x0000, 0x0000, 0x0000, 0x0000, 0x0000, 0x0000, 0x0000, 0x0000, 0x0000, 0x0000, 0x0000, 0x0000, 0x0000, 0x0000, 0x0000,
0x0000, 0x0000, 0x0000, 0x0000, 0x0000, 0x0000, 0x0000, 0x0000, 0x0000, 0x0000, 0x0000, 0x0000, 0x0000, 0x0000, 0x0000, 0x0000,
0x0000, 0x0000, 0x0000, 0x0000, 0x0000, 0x0000, 0x0000, 0x0000, 0x0000, 0x0000, 0x0000, 0x0000, 0x0000, 0x0000, 0x0000, 0x0000,
0x0000, 0x0000, 0x0000, 0x0000, 0x0000, 0x0000, 0x0000, 0x0000, 0x0000, 0x0000, 0x0000, 0x0000, 0x0000, 0x0000, 0x0000, 0x0000,
0x0000, 0x0000, 0x0000, 0x0000, 0x0000, 0x0000, 0x0000, 0x0000, 0x0000, 0x0000, 0x0000, 0x0000, 0x0000, 0x0000, 0x0000, 0x0000,
0x0000, 0x0000, 0x0000, 0x0000, 0x0000, 0x0000, 0x0000, 0x0000, 0x0000, 0x0000, 0x0000, 0x0000, 0x0000, 0x0000, 0x0000, 0x0000,
0x0000, 0x0000, 0x0000, 0x0000, 0x0000, 0x0000, 0x0000, 0x7bff, 0x7bf7, 0xad5f, 0x7bf7, 0x7bff, 0x0000, 0x0000, 0x0000, 0x0000,
0x6cb6, 0x6518, 0x6cf7, 0x6cd7, 0x6cf8, 0x7518, 0x6d5a, 0x0000, 0x0000, 0x0000, 0x0000, 0x0000, 0x0000, 0x0000, 0x5555, 0x5555,
0x5555, 0x0000, 0x0000, 0x0000, 0x5cf6, 0x5cf6, 0x5cf5, 0x5cf6, 0x5d16, 0x5d16, 0x5d16, 0x5d16, 0x5d16, 0x5d16, 0x5d16, 0x5d16,
0x5d16, 0x5cf6, 0x5cf5, 0x5cf5, 0x5cf6, 0x5cf6, 0x5cf6, 0x5cf6, 0x5cf6, 0x5cf6, 0x5cf6, 0x5cf6, 0x5d16, 0x5d16, 0x5d16, 0x5d16,
0x5d16, 0x5d15, 0x5d15, 0x5d15, 0x5cf5, 0x5cf6, 0x5cf6, 0x5d16, 0x5cf6, 0x5cf6, 0x5d16, 0x5d16, 0x5d16, 0x5d16, 0x5d16, 0x5cf6,
0x5cf6, 0x5cf6, 0x5cf6, 0x5cf6, 0x5cf6, 0x5cf6, 0x5cd6, 0x5cd6, 0x5cf6, 0x5cf6, 0x5cf6, 0x5cf6, 0x5cd6, 0x5cd6, 0x5cd6, 0x5cd6,
0x54d6, 0x5cd6, 0x5cd6, 0x54d6, 0x54d6, 0x54d6, 0x54d6, 0x54d5, 0x54d5, 0x5cf5, 0x5cf5, 0x5cb3, 0x54b5, 0x5cf3, 0x5555, 0x0000,
0x001f, 0x07ff, 0x0000, 0x0000, 0x0000, 0x0000, 0x5d15, 0x5d15, 0x5cf5, 0x5d15, 0x5d15, 0x5cf6, 0x5d16, 0x5cf6, 0x5cf6, 0x5cf6,
0x5d15, 0x5d15, 0x5d15, 0x5d15, 0x5cf5, 0x5cf5, 0x54d5, 0x54d5, 0x54d5, 0x54d5, 0x5cd6, 0x54d6, 0x54f6, 0x54d6, 0x54d6, 0x54b5,
0x54b5, 0x54d5, 0x54b5, 0x4cb5, 0x5495, 0x4cb4, 0x4cd3, 0x0000, 0x0000, 0x0000, 0x0000, 0x0000, 0x0000, 0x0000, 0x0000, 0x0000,
0x5474, 0x0000, 0x0000, 0x0000, 0x0000, 0x0000, 0x0000, 0x03ef, 0x07ff, 0x0000, 0x0000, 0x0000, 0x0000, 0x0000, 0x0000, 0x0000,
0x0000, 0x0000, 0x0000, 0x0000, 0x0000, 0x0000, 0x0000, 0x0000, 0x0000, 0x0000, 0x0000, 0x0000, 0x0000, 0x0000, 0x0000, 0x0000,
0x0000, 0x0000, 0x0000, 0x0000, 0x0000, 0x0000, 0x0000, 0x0000, 0x0000, 0x0000, 0x0000, 0x0000, 0x0000, 0x0000, 0x0000, 0x0000,
0x0000, 0x0000, 0x0000, 0x0000, 0x0000, 0x0000, 0x0000, 0x0000, 0x0000, 0x0000, 0x0000, 0x0000, 0x0000, 0x0000, 0x0000, 0x0000,
0x0000, 0x0000, 0x0000, 0x0000, 0x0000, 0x0000, 0x0000, 0x0000, 0x0000, 0x0000, 0x0000, 0x0000, 0x0000, 0x0000, 0x0000, 0x0000,
0x0000, 0x0000, 0x0000, 0x0000, 0x0000, 0x0000, 0x0000, 0xffff, 0x5555, 0x5555, 0x5555, 0xad5f, 0x0000, 0x0000, 0x0000, 0x0000,
0x7d7a, 0x755a, 0x755a, 0x755a, 0x755a, 0x753a, 0x755b, 0x755a, 0x755a, 0x755a, 0x753a, 0x7539, 0x7539, 0x7539, 0x753a, 0x753a,
0x7d5a, 0x755a, 0x755a, 0x7d5a, 0x855a, 0x855a, 0x857a, 0x857a, 0x857a, 0x857a, 0x7d5a, 0x7d5a, 0x7d5a, 0x753a, 0x753a, 0x7539,
0x7539, 0x7539, 0x7539, 0x7519, 0x753a, 0x753a, 0x755a, 0x753a, 0x755b, 0x7519, 0x7539, 0x7539, 0x753a, 0x753a, 0x0000, 0x0000,
0x0000, 0x0000, 0x0000, 0xffff, 0xad5f, 0xad5f, 0x555f, 0x7bef, 0x0000, 0x0000, 0x0000, 0x0000, 0x0000, 0x0000, 0x0000, 0x0000,
0x0000, 0x0000, 0x0000, 0x0000, 0x0000, 0x0000, 0x0000, 0x0000, 0x0000, 0x0000, 0x0000, 0x0000, 0x0000, 0x0000, 0x0000, 0x0000,
0x0000, 0x0000, 0x0000, 0x0000, 0x0000, 0x0000, 0x0000, 0x0000, 0x0000, 0x0000, 0x0000, 0x0000, 0x0000, 0x0000, 0x0000, 0x0000,
0x0000, 0x0000, 0x0000, 0x0000, 0x0000, 0x0000, 0x0000, 0x0000, 0x0000, 0x0000, 0x0000, 0x0000, 0x0000, 0x0000, 0x0000, 0x0000,
0x0000, 0x0000, 0x0000, 0x0000, 0x0000, 0x0000, 0x0000, 0x0000, 0x0000, 0x0000, 0x0000, 0x0000, 0x0000, 0x0000, 0x0000, 0x0000,
0x0000, 0x0000, 0x0000, 0x0000, 0x0000, 0x0000, 0x0000, 0x0000, 0x0000, 0x0000, 0xffff, 0x5555, 0x7fff, 0x5555, 0x5555, 0x0000,
0x0000, 0x0000, 0x0000, 0x0000, 0x0000, 0x0000, 0x0000, 0x0000, 0x0000, 0x0000, 0x0000, 0x0000, 0x0000, 0x5555, 0x5555, 0x5555,
0x5555, 0x5555, 0x7bef, 0x0000, 0x0000, 0x0000, 0x0000, 0x0000, 0x0000, 0x0000, 0x0000, 0x0000, 0x0000, 0x0000, 0x0000, 0x0000,
0x0000, 0x07ff, 0x7bef, 0x7bef, 0x7bef, 0x0000, 0x0000, 0x0000, 0x0000, 0x0000, 0x5cf5, 0x5d16, 0x5cf6, 0x5cf6, 0x54f6, 0x54f6,
0x5cf5, 0x5cf5, 0x5cf5, 0x5cf5, 0x5cf5, 0x5cf5, 0x5cf5, 0x5cf6, 0x5cf5, 0x5d16, 0x5d15, 0x5d16, 0x5d15, 0x5d16, 0x5d16, 0x5d16,
0x5d16, 0x5d16, 0x5d16, 0x6536, 0x6536, 0x6536, 0x5d36, 0x5d36, 0x5d16, 0x5d16, 0x5d16, 0x5d16, 0x5cf5, 0x5cf5, 0x5cf6, 0x5cf5,

/* -17- */
0x54b5, 0x54b5, 0x54d5, 0x54b4, 0x54b5, 0x54d5, 0x54b5, 0x0000, 0x0000, 0x0000, 0x0000, 0xffff, 0x07ff, 0x0000, 0x0000, 0x0000,
0x0000, 0x0000, 0x0000, 0x0000, 0x0000, 0x0000, 0x0000, 0x0000, 0x0000, 0x0000, 0x0000, 0x0000, 0x0000, 0x0000, 0x0000, 0x0000,
0x0000, 0x0000, 0x0000, 0x0000, 0x0000, 0x0000, 0x0000, 0x0000, 0x0000, 0x0000, 0x0000, 0x0000, 0x0000, 0x0000, 0x0000, 0x0000,
0x0000, 0x0000, 0x0000, 0x0000, 0x0000, 0x0000, 0x0000, 0x0000, 0x0000, 0x0000, 0x0000, 0x0000, 0x0000, 0x0000, 0x0000, 0x0000,
0x0000, 0x0000, 0x0000, 0x0000, 0x0000, 0x0000, 0x0000, 0x0000, 0x0000, 0x0000, 0x0000, 0x0000, 0x0000, 0x0000, 0x0000, 0x0000,
0x0000, 0x0000, 0x0000, 0x0000, 0x7bff, 0x7bff, 0x7fff, 0x0000, 0x0000, 0x0000, 0x0000, 0x0000, 0x7d59, 0x7d39, 0x7539, 0x7539,
0x753a, 0x753a, 0x753a, 0x753a, 0x753a, 0x753a, 0x7539, 0x7539, 0x7539, 0x7539, 0x7539, 0x755a, 0x755a, 0x7d5a, 0x7d5a, 0x7d5a,
0x7d7a, 0x7d5a, 0x7d5a, 0x7d5a, 0x857a, 0x857a, 0x857a, 0x857a, 0x857a, 0x857a, 0x857a, 0x857a, 0x857a, 0x7d5a, 0x7d5a, 0x7d5a,
0x7539, 0x7539, 0x7539, 0x7539, 0x7539, 0x7539, 0x7539, 0x7539, 0x7519, 0x7539, 0x755a, 0x753a, 0x755a, 0x753a, 0x7539, 0x7539,
0x753a, 0x7d3a, 0x7d7a, 0x0000, 0x0000, 0x0000, 0x0000, 0x0000, 0x0000, 0x0000, 0x7bef, 0x7bef, 0x0000, 0x0000, 0x0000, 0x0000,
0x0000, 0x0000, 0x0000, 0x0000, 0x0000, 0x0000, 0x0000, 0x0000, 0x0000, 0x0000, 0x0000, 0x0000, 0x0000, 0x0000, 0x0000, 0x0000,
0x0000, 0x0000, 0x0000, 0x0000, 0x0000, 0x0000, 0x0000, 0x0000, 0x0000, 0x0000, 0x0000, 0x0000, 0x0000, 0x0000, 0x0000, 0x0000,
0x0000, 0x0000, 0x0000, 0x0000, 0x0000, 0x0000, 0x0000, 0x0000, 0x0000, 0x0000, 0x0000, 0x0000, 0x0000, 0x0000, 0x0000, 0x0000,
0x0000, 0x0000, 0x0000, 0x0000, 0x0000, 0x0000, 0x0000, 0x0000, 0x0000, 0x0000, 0x0000, 0x0000, 0x0000, 0x0000, 0x0000, 0x0000,
0x0000, 0x0000, 0x0000, 0x0000, 0x0000, 0x0000, 0x7bff, 0x7bff, 0x7bff, 0x7fff, 0x0000, 0x0000, 0x0000, 0x0000, 0x0000, 0x0000,
0x74f8, 0x7d39, 0x7539, 0x7519, 0x7519, 0x7519, 0x7539, 0x7519, 0x7539, 0x6d39, 0x7539, 0x7539, 0x6d19, 0x0000, 0x0000, 0x0000,
0x0000, 0x0000, 0x0000, 0x0000, 0x0000, 0x0000, 0x0000, 0xffff, 0xffff, 0x7bff, 0x7bef, 0x07ff, 0x0000, 0x0000, 0x07ff, 0x7bff,
0x7bef, 0x0000, 0x0000, 0x0000, 0x0000, 0x5d14, 0x64f6, 0x5cf5, 0x54f5, 0x5d15, 0x5cf6, 0x5d16, 0x5cf6, 0x5d16, 0x5cf5, 0x5cf5,
0x5cf5, 0x5cf5, 0x54f5, 0x5cf5, 0x5cf6, 0x5cf6, 0x5cf6, 0x5d16, 0x5d16, 0x5d16, 0x5d36, 0x5d16, 0x5d16, 0x5d36, 0x5d36, 0x5d36,
0x5d36, 0x5d36, 0x5d16, 0x6536, 0x6536, 0x6536, 0x5d36, 0x5d36, 0x5d16, 0x5d16, 0x5cf6, 0x5cf6, 0x5cf5, 0x5cf5, 0x5cf6, 0x5cf5,
0x5cf5, 0x54f5, 0x5cf6, 0x5d16, 0x5d16, 0x5d16, 0x5d16, 0x5d16, 0x6535, 0x6535, 0x6d55, 0x6d55, 0x6535, 0x6536, 0x5d16, 0x5d16,
0x5d16, 0x5d16, 0x5d16, 0x5d16, 0x5d16, 0x5d16, 0x5d16, 0x5cf6, 0x5cd6, 0x5cf5, 0x54f6, 0x54f6, 0x54f6, 0x5cf6, 0x5cf6, 0x5cf6,
0x5cf6, 0x5cf6, 0x54f6, 0x54d5, 0x54f6, 0x54f6, 0x54d5, 0x54d5, 0x54d5, 0x5cf5, 0x54f5, 0x5d15, 0x6535, 0x6515, 0x5d15, 0x5d15,
0x6535, 0x6d34, 0x6534, 0x7574, 0x85b2, 0x7d93, 0x6d35, 0x7554, 0x7d93, 0x7593, 0x6d54, 0x6d74, 0x7573, 0x7574, 0x7554, 0x6d54,
0x6d35, 0x6535, 0x6534, 0x6534, 0x6534, 0x6534, 0x6515, 0x5d16, 0x5d16, 0x5d16, 0x5d16, 0x5d16, 0x5d16, 0x5cf5, 0x5cf5, 0x5cf5,
0x54f6, 0x54f6, 0x54f5, 0x54d5, 0x54b5, 0x54d5, 0x54d5, 0x54d5, 0x54b5, 0x54b5, 0x54b5, 0x54b5, 0x54b5, 0x54b5, 0x54b5, 0x54b5,
0x54b5, 0x54b5, 0x54b5, 0x54b5, 0x54b5, 0x54b5, 0x54b5, 0x54b5, 0x54b5, 0x54b5, 0x4cb5, 0x54b5, 0x54b5, 0x54b5, 0x54d5, 0x54d5,
0x4cb5, 0x54d5, 0x54d5, 0x54d5, 0x4d36, 0x0000, 0x0000, 0x0000, 0x0000, 0x0000, 0x0000, 0x0000, 0x0000, 0x0000, 0x52aa, 0x54b5,
0x5cf5, 0x5cf6, 0x5cf5, 0x5cd5, 0x5cf6, 0x5d15, 0x5d16, 0x54d6, 0x001f, 0x0000, 0x0000, 0x0000, 0x0000, 0x0000, 0x0000, 0x07ff,
0x07ff, 0x0000, 0x7bef, 0x7fff, 0xffff, 0x7bef, 0x07ff, 0x0000, 0x0000, 0x0000, 0x0000, 0x0000, 0x0000, 0x0000, 0x0000, 0x0000,
0x0000, 0x0000, 0x0000, 0x0000, 0x0000, 0x0000, 0x0000, 0x0000, 0x0000, 0x0000, 0x0000, 0x0000, 0x0000, 0x0000, 0x0000, 0x0000,
0x0000, 0x0000, 0x0000, 0x0000, 0x0000, 0x0000, 0x0000, 0x0000, 0xffff, 0x7fff, 0x7fff, 0x7fff, 0xffff, 0x0000, 0x0000, 0x0000,
0x0000, 0x0000, 0x0000, 0x0000, 0x0000, 0x0000, 0x0000, 0x0000, 0x0000, 0x0000, 0x0000, 0x0000, 0x0000, 0x0000, 0x0000, 0x0000,
0x0000, 0x0000, 0x0000, 0x0000, 0x0000, 0x0000, 0x0000, 0x0000, 0x0000, 0x0000, 0x0000, 0x0000, 0x0000, 0x0000, 0x0000, 0x0000,
0x0000, 0x0000, 0x0000, 0x0000, 0x0000, 0x0000, 0x0000, 0x0000, 0x0000, 0x0000, 0x0000, 0x0000, 0x0000, 0x0000, 0x0000, 0x0000,
0x0000, 0x0000, 0x7bef, 0x5555, 0x5555, 0x7bff, 0xffff, 0x0000, 0x0000, 0x0000, 0x0000, 0x0000, 0x7538, 0x6d18, 0x6d38, 0x6d18,
0x6d39, 0x753a, 0x753a, 0x753a, 0x753a, 0x753a, 0x6d39, 0x64f8, 0x64f7, 0x6d17, 0x7557, 0x64d7, 0x6d77, 0x03e0, 0x0000, 0x0000,
0x0000, 0x5d17, 0x5d16, 0x54f6, 0x54f6, 0x5d37, 0x5d16, 0x5cf6, 0x5cf6, 0x5cf6, 0x5cf6, 0x5d16, 0x5d16, 0x5d16, 0x5d16, 0x5d16,
0x5d16, 0x5cf6, 0x5cf6, 0x5cf6, 0x5cf6, 0x5cf6, 0x5cf6, 0x5cf6, 0x5cf6, 0x5cf6, 0x5cf6, 0x5d16, 0x5d16, 0x5d16, 0x5d16, 0x5d16,
0x5d16, 0x5d16, 0x5d16, 0x5d16, 0x5cf6, 0x5cf6, 0x5cf6, 0x5d16, 0x5cf6, 0x5cf6, 0x5d16, 0x5d16, 0x5d16, 0x5d16, 0x5cf6, 0x5cf6,
0x5cf6, 0x5cf6, 0x5cf6, 0x5cf6, 0x5cf6, 0x5cf6, 0x5cf6, 0x5cd6, 0x5cd6, 0x5cd6, 0x5cf6, 0x5cd6, 0x5cd6, 0x5cd6, 0x5cd6, 0x54d6,
0x54d6, 0x54d6, 0x54d6, 0x54d6, 0x54d6, 0x54d6, 0x54d6, 0x54d6, 0x54d6, 0x54f6, 0x54f6, 0x54d5, 0x54d5, 0x54f5, 0x5cf5, 0x5551,
0x0000, 0x0000, 0x5d15, 0x5d35, 0x5cf4, 0x5cf4, 0x5d15, 0x5515, 0x5d15, 0x5d15, 0x5d16, 0x5d16, 0x5cf5, 0x5cf5, 0x5d15, 0x5d15,
0x5d15, 0x5d15, 0x5d15, 0x5d15, 0x5d15, 0x5d15, 0x5d15, 0x54f5, 0x54d5, 0x54d5, 0x54d5, 0x54d5, 0x54b5, 0x54b5, 0x54b5, 0x54d5,
0x54d5, 0x54b5, 0x54d5, 0x54b5, 0x54b5, 0x4cb5, 0x54b5, 0x54b4, 0x54d5, 0x54b5, 0x54d5, 0x54d5, 0x5cd5, 0x5cf6, 0x5cd5, 0x54d5,
0x54b5, 0x54b5, 0x54d5, 0x54b4, 0x54b5, 0x54d5, 0x54b5, 0x0000, 0x0000, 0x0000, 0x0000, 0xffff, 0x07ff, 0x0000, 0x0000, 0x0000,
0x0000, 0x0000, 0x0000, 0x0000, 0x0000, 0x0000, 0x0000, 0x0000, 0x0000, 0x0000, 0x0000, 0x0000, 0x0000, 0x0000, 0x0000, 0x0000,
0x0000, 0x0000, 0x0000, 0x0000, 0x0000, 0x0000, 0x0000, 0x0000, 0x0000, 0x0000, 0x0000, 0x0000, 0x0000, 0x0000, 0x0000, 0x0000,
0x0000, 0x0000, 0x0000, 0x0000, 0x0000, 0x0000, 0x0000, 0x0000, 0x0000, 0x0000, 0x0000, 0x0000, 0x0000, 0x0000, 0x0000, 0x0000,
0x0000, 0x0000, 0x0000, 0x0000, 0x0000, 0x0000, 0x0000, 0x0000, 0x0000, 0x0000, 0x0000, 0x0000, 0x0000, 0x0000, 0x0000, 0x0000,
0x0000, 0x0000, 0x0000, 0x0000, 0x7bff, 0x7bff, 0x7fff, 0x0000, 0x0000, 0x0000, 0x0000, 0x0000, 0x7d59, 0x7d39, 0x7539, 0x7539,
0x753a, 0x753a, 0x753a, 0x753a, 0x753a, 0x753a, 0x7539, 0x7539, 0x7539, 0x7539, 0x7539, 0x755a, 0x755a, 0x7d5a, 0x7d5a, 0x7d5a,
0x7d7a, 0x7d5a, 0x7d5a, 0x7d5a, 0x857a, 0x857a, 0x857a, 0x857a, 0x857a, 0x857a, 0x857a, 0x857a, 0x857a, 0x7d5a, 0x7d5a, 0x7d5a,
0x7539, 0x7539, 0x7539, 0x7539, 0x7539, 0x7539, 0x7539, 0x7539, 0x7519, 0x7539, 0x755a, 0x753a, 0x755a, 0x753a, 0x7539, 0x7539,
0x753a, 0x7d3a, 0x7d7a, 0x0000, 0x0000, 0x0000, 0x0000, 0x0000, 0x0000, 0x0000, 0x7bef, 0x7bef, 0x0000, 0x0000, 0x0000, 0x0000,
0x0000, 0x0000, 0x0000, 0x0000, 0x0000, 0x0000, 0x0000, 0x0000, 0x0000, 0x0000, 0x0000, 0x0000, 0x0000, 0x0000, 0x0000, 0x0000,
0x0000, 0x0000, 0x0000, 0x0000, 0x0000, 0x0000, 0x0000, 0x0000, 0x0000, 0x0000, 0x0000, 0x0000, 0x0000, 0x0000, 0x0000, 0x0000,
0x0000, 0x0000, 0x0000, 0x0000, 0x0000, 0x0000, 0x0000, 0x0000, 0x0000, 0x0000, 0x0000, 0x0000, 0x0000, 0x0000, 0x0000, 0x0000,
0x0000, 0x0000, 0x0000, 0x0000, 0x0000, 0x0000, 0x0000, 0x0000, 0x0000, 0x0000, 0x0000, 0x0000, 0x0000, 0x0000, 0x0000, 0x0000,
0x0000, 0x0000, 0x0000, 0x0000, 0x0000, 0x0000, 0x7bff, 0x7bff, 0x7bff, 0x7fff, 0x0000, 0x0000, 0x0000, 0x0000, 0x0000, 0x0000,
0x74f8, 0x7d39, 0x7539, 0x7519, 0x7519, 0x7519, 0x7539, 0x7519, 0x7539, 0x6d39, 0x7539, 0x7539, 0x6d19, 0x0000, 0x0000, 0x0000,
0x0000, 0x0000, 0x0000, 0x0000, 0x0000, 0x0000, 0x0000, 0xffff, 0xffff, 0x7bff, 0x7bef, 0x07ff, 0x0000, 0x0000, 0x07ff, 0x7bff,
0x7bef, 0x0000, 0x0000, 0x0000, 0x0000, 0x5d14, 0x64f6, 0x5cf5, 0x54f5, 0x5d15, 0x5cf6, 0x5d16, 0x5cf6, 0x5d16, 0x5cf5, 0x5cf5,
0x5cf5, 0x5cf5, 0x54f5, 0x5cf5, 0x5cf6, 0x5cf6, 0x5cf6, 0x5d16, 0x5d16, 0x5d16, 0x5d36, 0x5d16, 0x5d16, 0x5d36, 0x5d36, 0x5d36,
0x5d36, 0x5d36, 0x5d16, 0x6536, 0x6536, 0x6536, 0x5d36, 0x5d36, 0x5d16, 0x5d16, 0x5cf6, 0x5cf6, 0x5cf5, 0x5cf5, 0x5cf6, 0x5cf5,

/* -18- */
0x5cd6, 0x5cf6, 0x54d5, 0x54d5, 0x54d5, 0x54f6, 0x54d5, 0x4432, 0x4432, 0x3aeb, 0x0000, 0x0000, 0x0000, 0x0000, 0x03ef, 0x7bef,
0x5555, 0x5555, 0x7bff, 0x0000, 0x0000, 0x0000, 0x0000, 0x0000, 0x0000, 0x0000, 0x0000, 0x0000, 0x0000, 0x0000, 0x0000, 0x0000,
0x0000, 0x0000, 0x0000, 0x0000, 0x0000, 0x0000, 0x0000, 0x0000, 0x0000, 0x0000, 0x0000, 0x0000, 0x0000, 0x0000, 0x0000, 0x0000,
0x0000, 0x0000, 0x0000, 0x0000, 0x0000, 0x0000, 0x0000, 0x0000, 0x0000, 0x0000, 0x0000, 0x0000, 0x0000, 0x0000, 0x0000, 0x0000,
0x0000, 0x0000, 0x0000, 0x0000, 0x0000, 0x0000, 0x0000, 0x0000, 0x0000, 0x0000, 0x0000, 0x0000, 0x0000, 0x0000, 0x0000, 0x0000,
0x7bef, 0x7bef, 0x7bff, 0x0000, 0x0000, 0x0000, 0x0000, 0x7d19, 0x7518, 0x7539, 0x7539, 0x7539, 0x7539, 0x753a, 0x753a, 0x753a,
0x753a, 0x753a, 0x7539, 0x753a, 0x6d39, 0x753a, 0x753a, 0x755a, 0x7d5a, 0x755a, 0x7d5a, 0x857a, 0x7d7a, 0x857a, 0x855a, 0x857a,
0x857a, 0x857a, 0x857a, 0x857a, 0x857a, 0x857a, 0x857a, 0x857a, 0x857a, 0x857a, 0x857a, 0x857a, 0x857a, 0x857a, 0x857a, 0x7d7a,
0x7d5a, 0x755a, 0x7d5a, 0x753a, 0x753a, 0x7d59, 0x755a, 0x7559, 0x753a, 0x7539, 0x7539, 0x7519, 0x7539, 0x753a, 0x755a, 0x755a,
0x753a, 0x753a, 0x7539, 0x7519, 0x7518, 0x7539, 0x7539, 0x6d17, 0x0000, 0x0000, 0x0000, 0x0000, 0x7bff, 0x7bff, 0x7bff, 0x7bff,
0x0000, 0x0000, 0x0000, 0x0000, 0x0000, 0x0000, 0x0000, 0x0000, 0x0000, 0x0000, 0x0000, 0x0000, 0x0000, 0x0000, 0x0000, 0x0000,
0x0000, 0x0000, 0x0000, 0x0000, 0x0000, 0x0000, 0x0000, 0x0000, 0x0000, 0x0000, 0x0000, 0x0000, 0x0000, 0x0000, 0x0000, 0x0000,
0x0000, 0x0000, 0x0000, 0x0000, 0x0000, 0x0000, 0x0000, 0x0000, 0x0000, 0x0000, 0x0000, 0x0000, 0x0000, 0x0000, 0x0000, 0x0000,
0x0000, 0x0000, 0x0000, 0x0000, 0x0000, 0x0000, 0x0000, 0x0000, 0x0000, 0x0000, 0x0000, 0x0000, 0x0000, 0x0000, 0x0000, 0x0000,
0x0000, 0x7bef, 0x7bef, 0x7bef, 0x7bff, 0x0000, 0x0000, 0x0000, 0x0000, 0x0000, 0x6cf8, 0x7519, 0x7518, 0x7539, 0x7518, 0x7539,
0x755a, 0x753a, 0x753a, 0x753a, 0x753a, 0x753a, 0x7539, 0x753a, 0x753a, 0x753a, 0x755a, 0x753a, 0x6d39, 0x6d17, 0x6d18, 0x6d38,
0x6d18, 0x7518, 0x6cd7, 0x02a0, 0x0000, 0x3be7, 0x03e0, 0x0000, 0x0000, 0x0000, 0x0000, 0x0000, 0x07ff, 0x5555, 0x0000, 0x0000,
0x0000, 0x5d15, 0x5cf5, 0x5cd4, 0x54b4, 0x54d5, 0x5cf6, 0x54f5, 0x54f5, 0x54f5, 0x54f5, 0x5cf5, 0x5cf6, 0x5cf6, 0x5cf6, 0x5cf5,
0x5cf6, 0x5cf6, 0x54f6, 0x5cf6, 0x5cf6, 0x5d16, 0x5d16, 0x5d36, 0x5d36, 0x5d36, 0x5d16, 0x5d36, 0x6536, 0x6536, 0x5d36, 0x5d16,
0x6536, 0x6536, 0x6536, 0x6536, 0x5d36, 0x5d16, 0x5d16, 0x5d16, 0x5d16, 0x5cf6, 0x5cf6, 0x5cf6, 0x5cf6, 0x5cf6, 0x5cf6, 0x5cf6,
0x5d16, 0x5d16, 0x5d16, 0x5d16, 0x5d16, 0x6536, 0x6516, 0x6535, 0x6535, 0x7575, 0x6d75, 0x6d55, 0x5d15, 0x5d16, 0x5d16, 0x5cf6,
0x5d16, 0x5d16, 0x5d16, 0x5d16, 0x5d16, 0x5cf6, 0x54f6, 0x5cf6, 0x5cf6, 0x5cf5, 0x5cf6, 0x54f6, 0x54f6, 0x54d6, 0x54d6, 0x5cf6,
0x54f6, 0x54d6, 0x54d5, 0x54d6, 0x54d5, 0x54d6, 0x5cf6, 0x5d15, 0x5d15, 0x6535, 0x6535, 0x5d35, 0x6d54, 0x7d93, 0x7d93, 0x7d93,
0x8593, 0x8db2, 0x95d2, 0x85b3, 0x7d93, 0x7d93, 0x8593, 0x8db2, 0x85b3, 0x7573, 0x6d54, 0x6d54, 0x7574, 0x7574, 0x6d54, 0x6534,
0x6535, 0x6534, 0x6534, 0x6534, 0x6534, 0x5d15, 0x5d15, 0x5d15, 0x5d16, 0x5d16, 0x5d16, 0x5cf6, 0x5cf6, 0x5cf6, 0x5cf6, 0x5cf6,
0x54f6, 0x54f6, 0x54d5, 0x54d5, 0x54d5, 0x54d5, 0x54d5, 0x54d5, 0x54b5, 0x54d5, 0x54d5, 0x54b5, 0x54b5, 0x54b5, 0x54b5, 0x54b5,
0x54b5, 0x54d5, 0x54b5, 0x54b5, 0x54b5, 0x54b5, 0x54b5, 0x54b5, 0x54b5, 0x54b5, 0x4cb5, 0x54b5, 0x4cb5, 0x54b5, 0x54b5, 0x54b5,
0x54d5, 0x54d5, 0x54d5, 0x54d5, 0x54d5, 0x54b5, 0x54b4, 0x54b5, 0x54d5, 0x54b5, 0x54d5, 0x54d5, 0x54d5, 0x54d5, 0x54d5, 0x54d5,
0x54d5, 0x54f5, 0x5cf5, 0x5cd5, 0x5cf5, 0x5cd5, 0x5cf6, 0x5cf6, 0x54d5, 0x5cd4, 0x5cd4, 0x5cd5, 0x5cd4, 0x332c, 0x0000, 0x0000,
0x0000, 0x7bef, 0x0000, 0x0000, 0x0000, 0x0000, 0x0000, 0x5555, 0x3bef, 0x5555, 0x7bef, 0x0000, 0x0000, 0x0000, 0x0000, 0x0000,
0x001f, 0x7bef, 0x7bef, 0x7bef, 0x5555, 0x7bef, 0x7bff, 0x7bef, 0x7bef, 0x0000, 0x0000, 0x0000, 0x0000, 0x0000, 0x0000, 0x0000,
0x0000, 0x0000, 0x07ff, 0xffff, 0x7bef, 0x7bef, 0xffff, 0x07ff, 0x0000, 0x0000, 0x0000, 0x0000, 0x0000, 0x7bff, 0x7bef, 0x7bff,
0x7bff, 0x7bff, 0x7bef, 0x7bff, 0x7bef, 0x001f, 0x0000, 0x0000, 0x0000, 0x0000, 0x0000, 0x0000, 0x0000, 0x0000, 0x0000, 0x0000,
0x0000, 0x0000, 0x0000, 0x0000, 0x0000, 0x0000, 0x0000, 0x0000, 0x0000, 0x0000, 0x0000, 0x0000, 0x0000, 0x0000, 0x0000, 0x0000,
0x0000, 0x0000, 0x0000, 0x0000, 0x0000, 0x0000, 0x0000, 0x0000, 0x0000, 0x0000, 0x0000, 0x0000, 0x0000, 0x07ff, 0x7bef, 0x7bef,
0x7bef, 0x7bef, 0x0000, 0x0000, 0x0000, 0x0000, 0x0000, 0x64f6, 0x6d39, 0x6d18, 0x64f7, 0x6d18, 0x755a, 0x753a, 0x755a, 0x755a,
0x753a, 0x753a, 0x753a, 0x7539, 0x7539, 0x7539, 0x7519, 0x6d19, 0x6d19, 0x6d19, 0x6d39, 0x6d39, 0x7539, 0x6d19, 0x6517, 0x5d17,
0x5cf6, 0x5cf6, 0x5d16, 0x5cf6, 0x5cf6, 0x5cf6, 0x5cf6, 0x5cf6, 0x5cf6, 0x5cf6, 0x5cf6, 0x5d16, 0x5d16, 0x5d16, 0x5d16, 0x5d16,
0x5d16, 0x5d16, 0x5d16, 0x5cf6, 0x5cf6, 0x5d16, 0x5d16, 0x5d16, 0x5d16, 0x5d16, 0x5d16, 0x5d16, 0x5d16, 0x5d16, 0x5d16, 0x5d16,
0x5d36, 0x5d16, 0x5d16, 0x5cf6, 0x5cf6, 0x5cf6, 0x5cf6, 0x5cf6, 0x5cf6, 0x5cf6, 0x5d16, 0x5d16, 0x5d16, 0x5d16, 0x5cf6, 0x5cf6,
0x5cf6, 0x5cf6, 0x5cf6, 0x5cf6, 0x5cf6, 0x5cf6, 0x5cf6, 0x5cf6, 0x54d6, 0x5cd6, 0x5cd6, 0x5cf6, 0x54d6, 0x5cd6, 0x5cd6, 0x5cd6,
0x54d6, 0x54d6, 0x54d6, 0x54d6, 0x54d6, 0x54d6, 0x54d6, 0x54f6, 0x54d6, 0x54f6, 0x54f6, 0x54d6, 0x54d5, 0x54d5, 0x54d5, 0x5cf5,
0x5d15, 0x5d15, 0x5515, 0x5515, 0x5515, 0x54f5, 0x54f5, 0x5515, 0x5d15, 0x5d15, 0x5d15, 0x5d16, 0x5d16, 0x5d16, 0x5d36, 0x5d36,
0x5d15, 0x5d15, 0x5d15, 0x5d15, 0x5d15, 0x5d15, 0x5d15, 0x5d15, 0x5d15, 0x5d16, 0x54f5, 0x5cf5, 0x5cf5, 0x54f5, 0x54d5, 0x54d5,
0x54d6, 0x54d5, 0x54b5, 0x54b5, 0x54b5, 0x54b5, 0x54b5, 0x54d5, 0x54d5, 0x54d5, 0x54d5, 0x54d6, 0x54d5, 0x5d16, 0x5cf6, 0x5cf6,
0x5cd6, 0x5cf6, 0x54d5, 0x54d5, 0x54d5, 0x54f6, 0x54d5, 0x4432, 0x4432, 0x3aeb, 0x0000, 0x0000, 0x0000, 0x0000, 0x03ef, 0x7bef,
0x5555, 0x5555, 0x7bff, 0x0000, 0x0000, 0x0000, 0x0000, 0x0000, 0x0000, 0x0000, 0x0000, 0x0000, 0x0000, 0x0000, 0x0000, 0x0000,
0x0000, 0x0000, 0x0000, 0x0000, 0x0000, 0x0000, 0x0000, 0x0000, 0x0000, 0x0000, 0x0000, 0x0000, 0x0000, 0x0000, 0x0000, 0x0000,
0x0000, 0x0000, 0x0000, 0x0000, 0x0000, 0x0000, 0x0000, 0x0000, 0x0000, 0x0000, 0x0000, 0x0000, 0x0000, 0x0000, 0x0000, 0x0000,
0x0000, 0x0000, 0x0000, 0x0000, 0x0000, 0x0000, 0x0000, 0x0000, 0x0000, 0x0000, 0x0000, 0x0000, 0x0000, 0x0000, 0x0000, 0x0000,
0x7bef, 0x7bef, 0x7bff, 0x0000, 0x0000, 0x0000, 0x0000, 0x7d19, 0x7518, 0x7539, 0x7539, 0x7539, 0x7539, 0x753a, 0x753a, 0x753a,
0x753a, 0x753a, 0x7539, 0x753a, 0x6d39, 0x753a, 0x753a, 0x755a, 0x7d5a, 0x755a, 0x7d5a, 0x857a, 0x7d7a, 0x857a, 0x855a, 0x857a,
0x857a, 0x857a, 0x857a, 0x857a, 0x857a, 0x857a, 0x857a, 0x857a, 0x857a, 0x857a, 0x857a, 0x857a, 0x857a, 0x857a, 0x857a, 0x7d7a,
0x7d5a, 0x755a, 0x7d5a, 0x753a, 0x753a, 0x7d59, 0x755a, 0x7559, 0x753a, 0x7539, 0x7539, 0x7519, 0x7539, 0x753a, 0x755a, 0x755a,
0x753a, 0x753a, 0x7539, 0x7519, 0x7518, 0x7539, 0x7539, 0x6d17, 0x0000, 0x0000, 0x0000, 0x0000, 0x7bff, 0x7bff, 0x7bff, 0x7bff,
0x0000, 0x0000, 0x0000, 0x0000, 0x0000, 0x0000, 0x0000, 0x0000, 0x0000, 0x0000, 0x0000, 0x0000, 0x0000, 0x0000, 0x0000, 0x0000,
0x0000, 0x0000, 0x0000, 0x0000, 0x0000, 0x0000, 0x0000, 0x0000, 0x0000, 0x0000, 0x0000, 0x0000, 0x0000, 0x0000, 0x0000, 0x0000,
0x0000, 0x0000, 0x0000, 0x0000, 0x0000, 0x0000, 0x0000, 0x0000, 0x0000, 0x0000, 0x0000, 0x0000, 0x0000, 0x0000, 0x0000, 0x0000,
0x0000, 0x0000, 0x0000, 0x0000, 0x0000, 0x0000, 0x0000, 0x0000, 0x0000, 0x0000, 0x0000, 0x0000, 0x0000, 0x0000, 0x0000, 0x0000,
0x0000, 0x7bef, 0x7bef, 0x7bef, 0x7bff, 0x0000, 0x0000, 0x0000, 0x0000, 0x0000, 0x6cf8, 0x7519, 0x7518, 0x7539, 0x7518, 0x7539,
0x755a, 0x753a, 0x753a, 0x753a, 0x753a, 0x753a, 0x7539, 0x753a, 0x753a, 0x753a, 0x755a, 0x753a, 0x6d39, 0x6d17, 0x6d18, 0x6d38,
0x6d18, 0x7518, 0x6cd7, 0x02a0, 0x0000, 0x3be7, 0x03e0, 0x0000, 0x0000, 0x0000, 0x0000, 0x0000, 0x07ff, 0x5555, 0x0000, 0x0000,
0x0000, 0x5d15, 0x5cf5, 0x5cd4, 0x54b4, 0x54d5, 0x5cf6, 0x54f5, 0x54f5, 0x54f5, 0x54f5, 0x5cf5, 0x5cf6, 0x5cf6, 0x5cf6, 0x5cf5,
0x5cf6, 0x5cf6, 0x54f6, 0x5cf6, 0x5cf6, 0x5d16, 0x5d16, 0x5d36, 0x5d36, 0x5d36, 0x5d16, 0x5d36, 0x6536, 0x6536, 0x5d36, 0x5d16,
0x6536, 0x6536, 0x6536, 0x6536, 0x5d36, 0x5d16, 0x5d16, 0x5d16, 0x5d16, 0x5cf6, 0x5cf6, 0x5cf6, 0x5cf6, 0x5cf6, 0x5cf6, 0x5cf6,

/* -19- */
0x54d5, 0x54d5, 0x54d6, 0x54d5, 0x54d5, 0x54d6, 0x54d5, 0x54d5, 0x54b5, 0x54b5, 0x54d5, 0x54d5, 0x54d5, 0x54d5, 0x5494, 0x0000,
0x0000, 0x0000, 0x0000, 0x0000, 0x7bef, 0x7bef, 0x07ff, 0x0000, 0x0000, 0x0000, 0x0000, 0x0000, 0x0000, 0x0000, 0x0000, 0x0000,
0x0000, 0x0000, 0x0000, 0x0000, 0x0000, 0x0000, 0x0000, 0x0000, 0x0000, 0x0000, 0x0000, 0x0000, 0x0000, 0x0000, 0x0000, 0x0000,
0x0000, 0x0000, 0x0000, 0x0000, 0x0000, 0x0000, 0x0000, 0x0000, 0x0000, 0x0000, 0x0000, 0x0000, 0x0000, 0x0000, 0x0000, 0x0000,
0x0000, 0x0000, 0x0000, 0x0000, 0x0000, 0x0000, 0x0000, 0x0000, 0x0000, 0x0000, 0x0000, 0x0000, 0x07ff, 0x07ff, 0x07ff, 0x0000,
0x0000, 0x0000, 0x0000, 0x7478, 0x74f9, 0x6cf8, 0x6cf8, 0x7519, 0x753a, 0x755a, 0x7d5a, 0x7d5a, 0x755a, 0x753a, 0x753a, 0x753a,
0x753a, 0x753a, 0x755a, 0x755a, 0x755a, 0x7d5a, 0x7d5a, 0x7d5a, 0x855a, 0x7d5a, 0x855a, 0x857a, 0x857a, 0x857a, 0x857a, 0x857a,
0x857a, 0x857a, 0x857a, 0x857a, 0x857a, 0x857a, 0x857a, 0x857a, 0x857a, 0x857a, 0x857a, 0x857a, 0x857a, 0x857a, 0x857a, 0x7d7a,
0x7d7a, 0x7d5a, 0x7d5a, 0x7d5a, 0x7d5a, 0x7d5a, 0x7d59, 0x7559, 0x7d5a, 0x755a, 0x753a, 0x7d5a, 0x7d5a, 0x7d5a, 0x753a, 0x753a,
0x753a, 0x753a, 0x753a, 0x7d7a, 0x7d7b, 0x755a, 0x753a, 0x7519, 0x6d19, 0x7539, 0x7539, 0x7539, 0x0000, 0x0000, 0x0000, 0x0000,
0x0000, 0xffff, 0xffff, 0xffff, 0x07ff, 0x0000, 0x0000, 0x0000, 0x0000, 0x0000, 0x0000, 0x0000, 0x0000, 0x0000, 0x0000, 0x0000,
0x0000, 0x0000, 0x0000, 0x0000, 0x0000, 0x0000, 0x0000, 0x0000, 0x0000, 0x0000, 0x0000, 0x0000, 0x0000, 0x0000, 0x0000, 0x0000,
0x0000, 0x0000, 0x0000, 0x0000, 0x0000, 0x0000, 0x0000, 0x0000, 0x0000, 0x0000, 0x0000, 0x0000, 0x0000, 0x0000, 0x0000, 0x0000,
0x0000, 0x0000, 0x0000, 0x0000, 0x0000, 0x0000, 0x0000, 0x0000, 0x0000, 0x0000, 0x0000, 0x0000, 0x0000, 0x0000, 0x0000, 0x07ff,
0x0000, 0x0000, 0x0000, 0x0000, 0x0000, 0x7475, 0x7518, 0x7518, 0x7518, 0x7519, 0x7539, 0x7d5a, 0x7d5a, 0x755a, 0x7d5a, 0x7d7b,
0x755a, 0x753a, 0x7d5a, 0x753a, 0x7539, 0x753a, 0x753a, 0x753a, 0x753a, 0x753a, 0x753a, 0x753a, 0x753a, 0x755a, 0x755a, 0x755a,
0x755a, 0x755a, 0x6d19, 0x64f8, 0x64f8, 0x6cf9, 0x6cf8, 0x64f7, 0x64f7, 0x6d17, 0x6d18, 0x6cf7, 0x5c54, 0x4c53, 0x5cf6, 0x5cf6,
0x5cd5, 0x5cf6, 0x5cf6, 0x5cf5, 0x5cf6, 0x5cf5, 0x5cf6, 0x5cf5, 0x5cf5, 0x5cf5, 0x5cf6, 0x5cf6, 0x5cf6, 0x5cf6, 0x5d16, 0x5d16,
0x5d16, 0x5d16, 0x5d16, 0x5d16, 0x5d16, 0x5d16, 0x5d16, 0x5d36, 0x5d36, 0x5d16, 0x5d16, 0x6536, 0x6536, 0x5d36, 0x6535, 0x6536,
0x6536, 0x6536, 0x6536, 0x6536, 0x5d36, 0x5d36, 0x5d16, 0x5d16, 0x5d16, 0x5cf6, 0x5cf6, 0x5d16, 0x5cf6, 0x5cf6, 0x5cf6, 0x5cf6,
0x5d16, 0x5d16, 0x5d36, 0x5d36, 0x5d36, 0x6536, 0x6d35, 0x6d55, 0x6d55, 0x6535, 0x6536, 0x5d16, 0x5d16, 0x5cf6, 0x5cf6, 0x5cf6,
0x5d16, 0x5d16, 0x5cf6, 0x5cf6, 0x5cf6, 0x5cf6, 0x5cf6, 0x5cf6, 0x5cf5, 0x5cf6, 0x54d6, 0x54f6, 0x54f6, 0x5cf6, 0x54d6, 0x54d6,
0x54d6, 0x54d6, 0x54f6, 0x54f6, 0x54f6, 0x5cf6, 0x5d16, 0x6535, 0x6d54, 0x6534, 0x6d74, 0x7d94, 0x7d94, 0x7db3, 0x7d93, 0x7d93,
0x85b3, 0x85b3, 0x8db2, 0x8db2, 0x8db2, 0x8db2, 0x8db2, 0x7d93, 0x7574, 0x6d54, 0x6535, 0x6535, 0x6554, 0x6d54, 0x6535, 0x6535,
0x6535, 0x6534, 0x6534, 0x5d15, 0x5d15, 0x5d15, 0x5d15, 0x5d15, 0x5d16, 0x5cf6, 0x5d16, 0x5d16, 0x5cf6, 0x54f5, 0x54d5, 0x54d5,
0x54d5, 0x54d5, 0x54d5, 0x54d5, 0x54d5, 0x54d5, 0x54d5, 0x54d5, 0x54d5, 0x54d5, 0x54d5, 0x54d5, 0x54d5, 0x54b5, 0x54d5, 0x54d5,
0x54b5, 0x54d5, 0x54d5, 0x54d5, 0x54d5, 0x54d5, 0x54d5, 0x54d5, 0x54b5, 0x54b5, 0x54b5, 0x54b5, 0x54b5, 0x54b5, 0x54b5, 0x54b5,
0x54d5, 0x54d5, 0x54d5, 0x54d5, 0x54f5, 0x54d5, 0x54d5, 0x5cf6, 0x5cf6, 0x5cf6, 0x5d16, 0x5d16, 0x5cf6, 0x5d16, 0x5d16, 0x54f5,
0x54f5, 0x54f5, 0x5cf6, 0x5cf6, 0x5cf6, 0x5cf5, 0x5cf5, 0x5cf6, 0x5cf6, 0x5cf6, 0x5cf5, 0x54f5, 0x54d5, 0x54d5, 0x54d5, 0x54d5,
0x54b4, 0x39e7, 0x5cd5, 0x54d5, 0x54d5, 0x54f5, 0x54b4, 0x4bf2, 0x5391, 0x6c92, 0x0000, 0x3def, 0x64d9, 0x5555, 0x5555, 0x555f,
0x0000, 0x0000, 0x0000, 0x39ef, 0x3bf3, 0x02aa, 0x0000, 0x0000, 0x0000, 0x0000, 0xffff, 0x07ff, 0x07ff, 0xffff, 0x07ff, 0xffff,
0xffff, 0x0000, 0x0000, 0x0000, 0x0000, 0x0000, 0x0000, 0x64d9, 0x7d58, 0x8579, 0x7d59, 0x7d59, 0x7d19, 0x52a0, 0x7bef, 0x0000,
0x0000, 0x0000, 0x0000, 0x0000, 0x0000, 0x0000, 0xffff, 0x07ff, 0x07ff, 0x07ff, 0x0000, 0x0000, 0x0000, 0x0000, 0x0000, 0x0000,
0x0000, 0x0000, 0x0000, 0x0000, 0x0000, 0x0000, 0x0000, 0x0000, 0x0000, 0x0000, 0x0000, 0x0000, 0x0000, 0x0000, 0x0000, 0x0000,
0x0000, 0x0000, 0x0000, 0x0000, 0x0000, 0x0000, 0x0000, 0x0000, 0x0000, 0x0000, 0x0000, 0x07ff, 0x07ff, 0x0000, 0x0000, 0x0000,
0x0000, 0x0000, 0x64f6, 0x5d16, 0x5cf6, 0x5cf6, 0x5cd6, 0x5cf6, 0x6538, 0x6d59, 0x7d7a, 0x7d7b, 0x755a, 0x753a, 0x753a, 0x753a,
0x753a, 0x753a, 0x7539, 0x7539, 0x7539, 0x7539, 0x7539, 0x753a, 0x753a, 0x751a, 0x7539, 0x6538, 0x6518, 0x6538, 0x6558, 0x5d37,
0x5d36, 0x5cf6, 0x54f6, 0x5cf6, 0x5cf6, 0x5cf6, 0x5cf6, 0x5cf6, 0x5cf6, 0x5cf6, 0x5cf6, 0x54f6, 0x5cf6, 0x5d16, 0x5d16, 0x5d16,
0x5d16, 0x5cf6, 0x5d16, 0x5d16, 0x5d16, 0x5d16, 0x5d16, 0x5d36, 0x5d36, 0x5d16, 0x5d36, 0x5d36, 0x5d36, 0x6536, 0x6516, 0x5d16,
0x5d16, 0x5d16, 0x5d16, 0x5cf6, 0x5cf6, 0x5cf6, 0x5cf6, 0x5d16, 0x5cf6, 0x5d16, 0x5d16, 0x5d16, 0x5d16, 0x5d16, 0x5d16, 0x5cf6,
0x5cf6, 0x5cf6, 0x5cf6, 0x5cf6, 0x5cf6, 0x5cf6, 0x5cf6, 0x5cf6, 0x5cf6, 0x5cd6, 0x5cd6, 0x54d6, 0x54d6, 0x5cd6, 0x5cf6, 0x54f6,
0x54d6, 0x54d6, 0x54d6, 0x5cd6, 0x5cd6, 0x5cd6, 0x5cd6, 0x5cf6, 0x54f6, 0x54f6, 0x54f6, 0x54f6, 0x54f6, 0x54f6, 0x54f5, 0x5d16,
0x5d37, 0x5d56, 0x5d15, 0x5cf5, 0x54f4, 0x5d14, 0x6535, 0x6515, 0x5d15, 0x5d15, 0x6535, 0x6535, 0x6535, 0x6515, 0x5d15, 0x5d15,
0x5d15, 0x5d15, 0x5d15, 0x5d35, 0x5d15, 0x5d15, 0x5d15, 0x5d15, 0x5d15, 0x5d15, 0x5d15, 0x5d15, 0x5d15, 0x5cf5, 0x5cf5, 0x5cf5,
0x54f5, 0x54d5, 0x54d5, 0x54d6, 0x54d6, 0x54d5, 0x54d5, 0x54d5, 0x54d5, 0x54d5, 0x54d5, 0x54d6, 0x5cd6, 0x5cd6, 0x5cf6, 0x5cf6,
0x54d5, 0x54d5, 0x54d6, 0x54d5, 0x54d5, 0x54d6, 0x54d5, 0x54d5, 0x54b5, 0x54b5, 0x54d5, 0x54d5, 0x54d5, 0x54d5, 0x5494, 0x0000,
0x0000, 0x0000, 0x0000, 0x0000, 0x7bef, 0x7bef, 0x07ff, 0x0000, 0x0000, 0x0000, 0x0000, 0x0000, 0x0000, 0x0000, 0x0000, 0x0000,
0x0000, 0x0000, 0x0000, 0x0000, 0x0000, 0x0000, 0x0000, 0x0000, 0x0000, 0x0000, 0x0000, 0x0000, 0x0000, 0x0000, 0x0000, 0x0000,
0x0000, 0x0000, 0x0000, 0x0000, 0x0000, 0x0000, 0x0000, 0x0000, 0x0000, 0x0000, 0x0000, 0x0000, 0x0000, 0x0000, 0x0000, 0x0000,
0x0000, 0x0000, 0x0000, 0x0000, 0x0000, 0x0000, 0x0000, 0x0000, 0x0000, 0x0000, 0x0000, 0x0000, 0x07ff, 0x07ff, 0x07ff, 0x0000,
0x0000, 0x0000, 0x0000, 0x7478, 0x74f9, 0x6cf8, 0x6cf8, 0x7519, 0x753a, 0x755a, 0x7d5a, 0x7d5a, 0x755a, 0x753a, 0x753a, 0x753a,
0x753a, 0x753a, 0x755a, 0x755a, 0x755a, 0x7d5a, 0x7d5a, 0x7d5a, 0x855a, 0x7d5a, 0x855a, 0x857a, 0x857a, 0x857a, 0x857a, 0x857a,
0x857a, 0x857a, 0x857a, 0x857a, 0x857a, 0x857a, 0x857a, 0x857a, 0x857a, 0x857a, 0x857a, 0x857a, 0x857a, 0x857a, 0x857a, 0x7d7a,
0x7d7a, 0x7d5a, 0x7d5a, 0x7d5a, 0x7d5a, 0x7d5a, 0x7d59, 0x7559, 0x7d5a, 0x755a, 0x753a, 0x7d5a, 0x7d5a, 0x7d5a, 0x753a, 0x753a,
0x753a, 0x753a, 0x753a, 0x7d7a, 0x7d7b, 0x755a, 0x753a, 0x7519, 0x6d19, 0x7539, 0x7539, 0x7539, 0x0000, 0x0000, 0x0000, 0x0000,
0x0000, 0xffff, 0xffff, 0xffff, 0x07ff, 0x0000, 0x0000, 0x0000, 0x0000, 0x0000, 0x0000, 0x0000, 0x0000, 0x0000, 0x0000, 0x0000,
0x0000, 0x0000, 0x0000, 0x0000, 0x0000, 0x0000, 0x0000, 0x0000, 0x0000, 0x0000, 0x0000, 0x0000, 0x0000, 0x0000, 0x0000, 0x0000,
0x0000, 0x0000, 0x0000, 0x0000, 0x0000, 0x0000, 0x0000, 0x0000, 0x0000, 0x0000, 0x0000, 0x0000, 0x0000, 0x0000, 0x0000, 0x0000,
0x0000, 0x0000, 0x0000, 0x0000, 0x0000, 0x0000, 0x0000, 0x0000, 0x0000, 0x0000, 0x0000, 0x0000, 0x0000, 0x0000, 0x0000, 0x07ff,
0x0000, 0x0000, 0x0000, 0x0000, 0x0000, 0x7475, 0x7518, 0x7518, 0x7518, 0x7519, 0x7539, 0x7d5a, 0x7d5a, 0x755a, 0x7d5a, 0x7d7b,
0x755a, 0x753a, 0x7d5a, 0x753a, 0x7539, 0x753a, 0x753a, 0x753a, 0x753a, 0x753a, 0x753a, 0x753a, 0x753a, 0x755a, 0x755a, 0x755a,
0x755a, 0x755a, 0x6d19, 0x64f8, 0x64f8, 0x6cf9, 0x6cf8, 0x64f7, 0x64f7, 0x6d17, 0x6d18, 0x6cf7, 0x5c54, 0x4c53, 0x5cf6, 0x5cf6,
0x5cd5, 0x5cf6, 0x5cf6, 0x5cf5, 0x5cf6, 0x5cf5, 0x5cf6, 0x5cf5, 0x5cf5, 0x5cf5, 0x5cf6, 0x5cf6, 0x5cf6, 0x5cf6, 0x5d16, 0x5d16,
0x5d16, 0x5d16, 0x5d16, 0x5d16, 0x5d16, 0x5d16, 0x5d16, 0x5d36, 0x5d36, 0x5d16, 0x5d16, 0x6536, 0x6536, 0x5d36, 0x6535, 0x6536,
0x6536, 0x6536, 0x6536, 0x6536, 0x5d36, 0x5d36, 0x5d16, 0x5d16, 0x5d16, 0x5cf6, 0x5cf6, 0x5d16, 0x5cf6, 0x5cf6, 0x5cf6, 0x5cf6,

/* -20- */
0x5cd6, 0x54d5, 0x54b5, 0x54d5, 0x54b5, 0x54d5, 0x54d5, 0x54d5, 0x54d6, 0x54d6, 0x54f6, 0x54f6, 0x54f6, 0x54d5, 0x54b5, 0x54b4,
0x54d5, 0x54b5, 0x54d5, 0x0000, 0x0000, 0x0000, 0x0000, 0x0000, 0x0000, 0x0000, 0x0000, 0x0000, 0x0000, 0x0000, 0x0000, 0x0000,
0x0000, 0x0000, 0x0000, 0x0000, 0x0000, 0x0000, 0x0000, 0x0000, 0x0000, 0x0000, 0x0000, 0x0000, 0x0000, 0x0000, 0x0000, 0x0000,
0x0000, 0xffff, 0x0000, 0x7bff, 0xad55, 0xad5f, 0x7bff, 0x0000, 0x0000, 0x0000, 0x0000, 0x0000, 0x0000, 0x0000, 0x0000, 0x0000,
0x0000, 0x0000, 0x0000, 0x0000, 0x0000, 0x0000, 0x0000, 0x0000, 0x001f, 0x001f, 0xffff, 0x0000, 0x0000, 0x0000, 0x0000, 0x0000,
0x6d19, 0x7519, 0x7519, 0x7539, 0x753a, 0x753a, 0x753a, 0x753a, 0x753a, 0x753a, 0x753a, 0x753a, 0x755a, 0x755a, 0x753a, 0x7d5a,
0x7d5a, 0x7d5a, 0x7d5a, 0x7d7a, 0x7d5a, 0x857a, 0x857a, 0x857a, 0x857a, 0x857a, 0x857a, 0x857a, 0x857a, 0x857a, 0x857a, 0x857a,
0x857a, 0x857a, 0x857a, 0x857a, 0x857a, 0x857a, 0x857a, 0x857a, 0x857a, 0x857a, 0x857a, 0x857a, 0x857a, 0x857a, 0x857a, 0x857a,
0x857a, 0x857a, 0x855a, 0x855a, 0x855a, 0x855a, 0x855a, 0x855a, 0x857a, 0x7d5a, 0x7d5a, 0x855a, 0x857a, 0x857a, 0x7d5a, 0x7d5a,
0x7d3a, 0x753a, 0x753a, 0x753a, 0x753a, 0x7539, 0x7539, 0x753a, 0x753a, 0x753a, 0x755a, 0x7539, 0x6d19, 0x7539, 0x7519, 0x7539,
0x7cfb, 0x0000, 0x0000, 0x0000, 0x0000, 0x7bef, 0x7bef, 0x7bef, 0x7bff, 0x07ff, 0x0000, 0x0000, 0x0000, 0x0000, 0x0000, 0x0000,
0x0000, 0x0000, 0x0000, 0x0000, 0x0000, 0x0000, 0x07ff, 0x07ff, 0x07ff, 0x07ff, 0x07ff, 0x07ff, 0x07ff, 0x0000, 0x0000, 0x0000,
0x0000, 0x0000, 0x0000, 0x0000, 0x0000, 0x0000, 0x0000, 0x0000, 0x0000, 0x0000, 0x0000, 0x0000, 0x0000, 0x0000, 0x0000, 0x0000,
0x0000, 0x0000, 0x0000, 0x0000, 0x0000, 0x0000, 0x0000, 0x0000, 0x0000, 0x0000, 0x0000, 0x0000, 0x001f, 0x0000, 0x0000, 0x0000,
0x0000, 0x6d19, 0x7519, 0x7519, 0x7519, 0x7519, 0x753a, 0x753a, 0x753a, 0x753a, 0x753a, 0x7539, 0x753a, 0x755a, 0x753a, 0x755a,
0x7d5a, 0x7d5a, 0x857a, 0x857a, 0x857a, 0x857a, 0x857a, 0x7d7a, 0x755a, 0x7d5a, 0x755a, 0x755a, 0x753a, 0x755a, 0x755a, 0x753a,
0x753a, 0x7539, 0x6d3a, 0x755a, 0x6d3a, 0x6d3a, 0x6d3a, 0x6d39, 0x7539, 0x753a, 0x7539, 0x6d38, 0x5d16, 0x5cd5, 0x5cf6, 0x5d16,
0x5cf6, 0x5cf6, 0x5cf6, 0x5cf6, 0x5cf5, 0x5cf6, 0x5cf6, 0x5cf6, 0x5cf6, 0x5cf6, 0x5d16, 0x5d16, 0x5d16, 0x5d16, 0x5d16, 0x5d16,
0x5d16, 0x5d16, 0x5d16, 0x5d16, 0x5d16, 0x5d16, 0x5d16, 0x5d16, 0x6536, 0x6515, 0x6535, 0x6535, 0x6535, 0x6536, 0x6536, 0x6536,
0x6536, 0x6536, 0x6536, 0x6536, 0x5d16, 0x5d16, 0x5d16, 0x5d16, 0x5d15, 0x5d15, 0x5cf5, 0x5cf5, 0x5cf6, 0x5cf6, 0x5cf6, 0x5d16,
0x5d16, 0x5d16, 0x5d36, 0x6536, 0x6535, 0x6536, 0x6535, 0x6d55, 0x6535, 0x5d16, 0x5d16, 0x5d16, 0x5d16, 0x5cf6, 0x5cf6, 0x5cf6,
0x5cf6, 0x5cf6, 0x5cf6, 0x5cf6, 0x5cf6, 0x5d16, 0x5d16, 0x5cf6, 0x5cf5, 0x5cd6, 0x54d6, 0x54f6, 0x54f6, 0x5cf6, 0x5cf6, 0x54d6,
0x54f6, 0x54f6, 0x5516, 0x5d15, 0x5d15, 0x6535, 0x6535, 0x6535, 0x7573, 0x6d54, 0x7d94, 0x8dd3, 0x85b3, 0x7db4, 0x85b2, 0x85b2,
0x85b3, 0x85b3, 0x85b3, 0x8db3, 0x8db2, 0x8db2, 0x7d93, 0x6d75, 0x6d55, 0x6535, 0x6535, 0x5d35, 0x6535, 0x6535, 0x6534, 0x6534,
0x6535, 0x6535, 0x6535, 0x5d15, 0x5d15, 0x5d16, 0x5d16, 0x5d16, 0x5d16, 0x5d16, 0x5d16, 0x5cf6, 0x5cf6, 0x54d5, 0x54d5, 0x54d5,
0x54d5, 0x54d5, 0x54d5, 0x54d5, 0x54d5, 0x54d5, 0x54d5, 0x54d5, 0x54d5, 0x54d5, 0x54d5, 0x54d5, 0x54d5, 0x54d5, 0x54d5, 0x54d5,
0x54d5, 0x54d5, 0x54b5, 0x54b5, 0x54d5, 0x54d5, 0x54d5, 0x54b5, 0x54b5, 0x54b5, 0x54b5, 0x54d5, 0x54d5, 0x54d5, 0x54d5, 0x54d5,
0x54d5, 0x54d5, 0x54d5, 0x54d5, 0x54d5, 0x54d6, 0x54d6, 0x54d6, 0x54d6, 0x5cf6, 0x5cf6, 0x54f5, 0x5cf5, 0x54f5, 0x5cf5, 0x5cf6,
0x5cf5, 0x5d15, 0x5d15, 0x5cf6, 0x5cf6, 0x5d16, 0x5cf6, 0x5cf6, 0x5cf6, 0x5cf6, 0x54f5, 0x54d5, 0x54d5, 0x54d5, 0x54d5, 0x54d6,
0x54d5, 0x5cd5, 0x5cd5, 0x54f5, 0x54f5, 0x54f5, 0x54f5, 0x54b5, 0x54d5, 0x54b5, 0x5cd5, 0x64f6, 0xf81f, 0x43b1, 0x4434, 0x4bf3,
0x5cb5, 0x6cf7, 0x6d17, 0x6cd7, 0x64b6, 0x7518, 0x7538, 0x6cf7, 0x7518, 0x6c96, 0x0000, 0x0000, 0x0000, 0x0000, 0x0000, 0x0000,
0x0000, 0x7d16, 0x7d37, 0x7d59, 0x8559, 0x8579, 0x8579, 0x8559, 0x8559, 0x8579, 0x8579, 0x857a, 0x7d59, 0x7d58, 0x8559, 0x8579,
0x8d9a, 0x8d79, 0x8579, 0x8579, 0x7d58, 0x7d99, 0x0000, 0x0000, 0x0000, 0x0000, 0x0000, 0xffff, 0x001f, 0x0000, 0x0000, 0x0000,
0x0000, 0x07ff, 0x7bff, 0x7fff, 0x7bff, 0x0000, 0x0000, 0x0000, 0x0000, 0x0000, 0x0000, 0x0000, 0x0000, 0x0000, 0x0000, 0x0000,
0x0000, 0x0000, 0x0000, 0x0000, 0x0000, 0x0000, 0x0000, 0x0000, 0x0000, 0x07ff, 0x0000, 0x0000, 0x0000, 0x5555, 0x54f5, 0x54d5,
0x5cd5, 0x5cb5, 0x5cf6, 0x5d37, 0x5d17, 0x5d17, 0x5d17, 0x5cf6, 0x5cf5, 0x6516, 0x6d38, 0x6d38, 0x6d38, 0x6d38, 0x6d38, 0x753a,
0x753a, 0x753a, 0x753a, 0x753a, 0x7539, 0x753a, 0x7d3a, 0x7539, 0x6d18, 0x6d18, 0x6d18, 0x5cf6, 0x5cf6, 0x5cf6, 0x5cf6, 0x5cf6,
0x5cf6, 0x5cf6, 0x5d16, 0x5cf6, 0x5cf6, 0x5cf6, 0x5cf6, 0x5cf6, 0x5cf6, 0x5cf6, 0x5cf6, 0x5cf6, 0x5cf6, 0x5cf6, 0x5d16, 0x5d16,
0x5d16, 0x5d16, 0x5d16, 0x5d16, 0x5d16, 0x5d36, 0x5d36, 0x5d16, 0x5d36, 0x5d36, 0x6536, 0x6536, 0x6535, 0x6536, 0x6516, 0x5d16,
0x5d16, 0x5d16, 0x5d16, 0x5d16, 0x5d16, 0x5d16, 0x5d16, 0x5d16, 0x5d16, 0x5d15, 0x5d15, 0x5d16, 0x5d16, 0x5d16, 0x5d16, 0x5d16,
0x5cf6, 0x5cf6, 0x5d16, 0x5d16, 0x5cf6, 0x5cf6, 0x5cf6, 0x5cf6, 0x5cf6, 0x5cf6, 0x5cd6, 0x5cd6, 0x5cd6, 0x5cd6, 0x5cf6, 0x5cf6,
0x5cd6, 0x54d6, 0x54d6, 0x5cd6, 0x5cd6, 0x54d6, 0x5cd6, 0x5cd6, 0x5cf6, 0x5cf6, 0x5cf6, 0x54f5, 0x54f5, 0x5cf5, 0x5d15, 0x5d35,
0x6515, 0x5d35, 0x5d15, 0x6514, 0x6533, 0x6d34, 0x6d34, 0x6535, 0x6534, 0x6d34, 0x6d34, 0x6535, 0x6535, 0x6535, 0x6515, 0x6515,
0x6515, 0x6515, 0x6535, 0x6515, 0x5d15, 0x5d15, 0x5d35, 0x5d15, 0x5d15, 0x5d15, 0x5d15, 0x5cf5, 0x5cf6, 0x5cf6, 0x5cf5, 0x5cf5,
0x5cf5, 0x54f5, 0x5cf5, 0x54d6, 0x54d5, 0x54d5, 0x54d5, 0x54d5, 0x54d5, 0x54d5, 0x54d5, 0x5cd6, 0x5cd6, 0x5cf6, 0x5cf6, 0x5cf6,
0x5cd6, 0x54d5, 0x54b5, 0x54d5, 0x54b5, 0x54d5, 0x54d5, 0x54d5, 0x54d6, 0x54d6, 0x54f6, 0x54f6, 0x54f6, 0x54d5, 0x54b5, 0x54b4,
0x54d5, 0x54b5, 0x54d5, 0x0000, 0x0000, 0x0000, 0x0000, 0x0000, 0x0000, 0x0000, 0x0000, 0x0000, 0x0000, 0x0000, 0x0000, 0x0000,
0x0000, 0x0000, 0x0000, 0x0000, 0x0000, 0x0000, 0x0000, 0x0000, 0x0000, 0x0000, 0x0000, 0x0000, 0x0000, 0x0000, 0x0000, 0x0000,
0x0000, 0xffff, 0x0000, 0x7bff, 0xad55, 0xad5f, 0x7bff, 0x0000, 0x0000, 0x0000, 0x0000, 0x0000, 0x0000, 0x0000, 0x0000, 0x0000,
0x0000, 0x0000, 0x0000, 0x0000, 0x0000, 0x0000, 0x0000, 0x0000, 0x001f, 0x001f, 0xffff, 0x0000, 0x0000, 0x0000, 0x0000, 0x0000,
0x6d19, 0x7519, 0x7519, 0x7539, 0x753a, 0x753a, 0x753a, 0x753a, 0x753a, 0x753a, 0x753a, 0x753a, 0x755a, 0x755a, 0x753a, 0x7d5a,
0x7d5a, 0x7d5a, 0x7d5a, 0x7d7a, 0x7d5a, 0x857a, 0x857a, 0x857a, 0x857a, 0x857a, 0x857a, 0x857a, 0x857a, 0x857a, 0x857a, 0x857a,
0x857a, 0x857a, 0x857a, 0x857a, 0x857a, 0x857a, 0x857a, 0x857a, 0x857a, 0x857a, 0x857a, 0x857a, 0x857a, 0x857a, 0x857a, 0x857a,
0x857a, 0x857a, 0x855a, 0x855a, 0x855a, 0x855a, 0x855a, 0x855a, 0x857a, 0x7d5a, 0x7d5a, 0x855a, 0x857a, 0x857a, 0x7d5a, 0x7d5a,
0x7d3a, 0x753a, 0x753a, 0x753a, 0x753a, 0x7539, 0x7539, 0x753a, 0x753a, 0x753a, 0x755a, 0x7539, 0x6d19, 0x7539, 0x7519, 0x7539,
0x7cfb, 0x0000, 0x0000, 0x0000, 0x0000, 0x7bef, 0x7bef, 0x7bef, 0x7bff, 0x07ff, 0x0000, 0x0000, 0x0000, 0x0000, 0x0000, 0x0000,
0x0000, 0x0000, 0x0000, 0x0000, 0x0000, 0x0000, 0x07ff, 0x07ff, 0x07ff, 0x07ff, 0x07ff, 0x07ff, 0x07ff, 0x0000, 0x0000, 0x0000,
0x0000, 0x0000, 0x0000, 0x0000, 0x0000, 0x0000, 0x0000, 0x0000, 0x0000, 0x0000, 0x0000, 0x0000, 0x0000, 0x0000, 0x0000, 0x0000,
0x0000, 0x0000, 0x0000, 0x0000, 0x0000, 0x0000, 0x0000, 0x0000, 0x0000, 0x0000, 0x0000, 0x0000, 0x001f, 0x0000, 0x0000, 0x0000,
0x0000, 0x6d19, 0x7519, 0x7519, 0x7519, 0x7519, 0x753a, 0x753a, 0x753a, 0x753a, 0x753a, 0x7539, 0x753a, 0x755a, 0x753a, 0x755a,
0x7d5a, 0x7d5a, 0x857a, 0x857a, 0x857a, 0x857a, 0x857a, 0x7d7a, 0x755a, 0x7d5a, 0x755a, 0x755a, 0x753a, 0x755a, 0x755a, 0x753a,
0x753a, 0x7539, 0x6d3a, 0x755a, 0x6d3a, 0x6d3a, 0x6d3a, 0x6d39, 0x7539, 0x753a, 0x7539, 0x6d38, 0x5d16, 0x5cd5, 0x5cf6, 0x5d16,
0x5cf6, 0x5cf6, 0x5cf6, 0x5cf6, 0x5cf5, 0x5cf6, 0x5cf6, 0x5cf6, 0x5cf6, 0x5cf6, 0x5d16, 0x5d16, 0x5d16, 0x5d16, 0x5d16, 0x5d16,
0x5d16, 0x5d16, 0x5d16, 0x5d16, 0x5d16, 0x5d16, 0x5d16, 0x5d16, 0x6536, 0x6515, 0x6535, 0x6535, 0x6535, 0x6536, 0x6536, 0x6536,
0x6536, 0x6536, 0x6536, 0x6536, 0x5d16, 0x5d16, 0x5d16, 0x5d16, 0x5d15, 0x5d15, 0x5cf5, 0x5cf5, 0x5cf6, 0x5cf6, 0x5cf6, 0x5d16,

/* -21- */
0x54f6, 0x54d5, 0x54d5, 0x54b5, 0x54b5, 0x54b6, 0x5cd6, 0x54d5, 0x54b5, 0x54d5, 0x54b5, 0x54b5, 0x54b5, 0x54d5, 0x54d5, 0x54d6,
0x54d5, 0x54d5, 0x54d5, 0x54b4, 0x54b5, 0x54d4, 0x4c93, 0x0000, 0x0000, 0x0000, 0x001f, 0x07ff, 0x7bff, 0x52b5, 0x07ff, 0x0000,
0x0000, 0x0000, 0x0000, 0x0000, 0x7bef, 0x0000, 0x0000, 0x0000, 0x07ff, 0x07ff, 0x07ff, 0x7bef, 0x5555, 0x5555, 0x7fff, 0x7bff,
0x0000, 0x0000, 0x0000, 0x0000, 0x0000, 0x0000, 0x0000, 0x7fff, 0xad55, 0xad55, 0xad5f, 0xad5f, 0x7bff, 0x001f, 0x0000, 0x0000,
0x0000, 0x0000, 0x07ff, 0x7bef, 0xffff, 0xffff, 0x7bef, 0x001f, 0x0000, 0x0000, 0x0000, 0x3df7, 0x7d38, 0x7d5a, 0x7cf7, 0x7539,
0x753a, 0x753a, 0x753a, 0x753a, 0x753a, 0x753a, 0x753a, 0x753a, 0x7d5a, 0x7d7a, 0x7d5a, 0x7d7a, 0x7d7a, 0x7d7a, 0x755a, 0x7d7a,
0x857a, 0x857a, 0x857a, 0x857a, 0x7d7a, 0x857a, 0x857a, 0x857a, 0x857a, 0x857a, 0x857a, 0x857a, 0x857a, 0x857a, 0x857a, 0x857a,
0x857a, 0x857a, 0x857a, 0x857a, 0x857a, 0x857a, 0x857a, 0x857a, 0x857a, 0x857a, 0x857a, 0x857a, 0x857a, 0x857a, 0x857a, 0x857a,
0x857a, 0x857a, 0x857a, 0x857a, 0x855a, 0x855a, 0x855a, 0x855a, 0x855a, 0x855a, 0x855a, 0x855a, 0x857a, 0x855a, 0x855a, 0x857a,
0x7d5a, 0x753a, 0x753a, 0x7539, 0x753a, 0x753a, 0x753a, 0x755a, 0x753a, 0x753a, 0x753a, 0x7539, 0x753a, 0x753a, 0x753a, 0x753a,
0x7539, 0x7559, 0x7539, 0x7559, 0x6cf7, 0x0000, 0x0000, 0x0000, 0x0000, 0x0000, 0xad5f, 0xad5f, 0xad5f, 0x555f, 0x7bef, 0x0000,
0x0000, 0x0000, 0xffff, 0x7bef, 0x7bef, 0x0000, 0x0000, 0x0000, 0x0000, 0x0000, 0x0000, 0x0000, 0x0000, 0x0000, 0x07ff, 0x001f,
0x0000, 0x0000, 0x0000, 0x0000, 0x0000, 0x0000, 0x0000, 0x0000, 0x0000, 0x0000, 0x0000, 0x0000, 0x0000, 0x0000, 0x0000, 0x0000,
0x0000, 0x0000, 0x0000, 0x0000, 0x0000, 0x001f, 0x7bef, 0x7bff, 0x7bff, 0x7bff, 0x7bff, 0x7bff, 0x0000, 0x0000, 0x53f5, 0x64d6,
0x6cf8, 0x6d19, 0x6d1a, 0x753a, 0x6d19, 0x6d19, 0x6d19, 0x6d19, 0x6d19, 0x753a, 0x755a, 0x7d5a, 0x7d5a, 0x7d5a, 0x7d7a, 0x7d7a,
0x857a, 0x857a, 0x857a, 0x859a, 0x859a, 0x859a, 0x857a, 0x7d7a, 0x7d7a, 0x7d7a, 0x7d7a, 0x755a, 0x7d5a, 0x7d5a, 0x755a, 0x753a,
0x755a, 0x753a, 0x753a, 0x7539, 0x753a, 0x753a, 0x753a, 0x6d39, 0x6d39, 0x6d39, 0x6517, 0x5cf5, 0x5cf6, 0x5cf6, 0x5cf6, 0x5cf5,
0x5cf6, 0x5cf6, 0x5cf6, 0x5cf5, 0x5cf6, 0x5cf6, 0x5cf6, 0x5d16, 0x5cf6, 0x5d16, 0x5d16, 0x5d16, 0x5d36, 0x5d16, 0x5d16, 0x5d16,
0x5d16, 0x5d16, 0x5d16, 0x6535, 0x5d36, 0x5d16, 0x6536, 0x6536, 0x6535, 0x6d35, 0x6d35, 0x6d35, 0x6d35, 0x6d36, 0x6536, 0x6536,
0x6536, 0x5d36, 0x5d16, 0x5d16, 0x5d16, 0x5d16, 0x5d16, 0x54f5, 0x5cf5, 0x5d15, 0x5cf5, 0x54f5, 0x54f5, 0x5cf5, 0x5d16, 0x5d16,
0x5d16, 0x5d16, 0x5d16, 0x6d55, 0x7555, 0x6536, 0x5d16, 0x5d16, 0x5d16, 0x5d16, 0x5d16, 0x5d16, 0x5cf6, 0x5cf6, 0x5cf5, 0x5d15,
0x5cf5, 0x5cf5, 0x5cf6, 0x5cf6, 0x5d16, 0x5d16, 0x5d16, 0x5d16, 0x5cf6, 0x54d5, 0x54d6, 0x54d6, 0x54d6, 0x54d6, 0x54d6, 0x54f6,
0x5d16, 0x5d16, 0x5516, 0x6535, 0x7d93, 0x7574, 0x6d54, 0x6d54, 0x6d54, 0x8db3, 0x85b3, 0x7594, 0x7594, 0x7db4, 0x9e12, 0xa612,
0x95d3, 0x95d3, 0x7d94, 0x7d93, 0x7d93, 0x7d73, 0x6d34, 0x6535, 0x6d55, 0x6d55, 0x6535, 0x6535, 0x6d35, 0x6535, 0x6534, 0x6534,
0x6535, 0x5d15, 0x5d15, 0x5d16, 0x5d16, 0x5d16, 0x5d16, 0x5d16, 0x5d16, 0x5cf6, 0x5d16, 0x54f6, 0x54d5, 0x54f5, 0x5cf5, 0x5cf5,
0x54d5, 0x54d5, 0x54d5, 0x54d5, 0x54f5, 0x54d5, 0x54d5, 0x54d5, 0x54d5, 0x54d5, 0x54d5, 0x54b5, 0x54b5, 0x54d5, 0x54b5, 0x54d5,
0x54d5, 0x54b5, 0x54b5, 0x54b5, 0x54b5, 0x54b5, 0x54b5, 0x54d5, 0x54d5, 0x54d5, 0x54d5, 0x54d5, 0x54d5, 0x54d5, 0x54d5, 0x54d5,
0x54d5, 0x54d5, 0x5cf5, 0x5cf5, 0x5cf5, 0x54d6, 0x54f5, 0x54d6, 0x5cf6, 0x5cf5, 0x5cf6, 0x5d16, 0x5d16, 0x5d16, 0x5cf6, 0x5d15,
0x5d15, 0x5cf5, 0x5cf5, 0x5cf5, 0x5cf5, 0x5d15, 0x5d15, 0x5d16, 0x5d16, 0x5cf6, 0x5cf5, 0x5cf5, 0x54f5, 0x54d5, 0x54f5, 0x5cf5,
0x5cf5, 0x5cf5, 0x5cd5, 0x54d5, 0x5cd5, 0x54d5, 0x54d5, 0x54d5, 0x54d5, 0x54d5, 0x54d5, 0x54b5, 0x54b6, 0x64f7, 0x6cf8, 0x6d18,
0x7519, 0x7d5a, 0x7d5a, 0x7539, 0x7518, 0x7539, 0x7d5a, 0x7d5a, 0x755a, 0x6d18, 0x6cf8, 0x6cd7, 0x7517, 0x7517, 0x7d37, 0x7d17,
0x7538, 0x7518, 0x7d39, 0x7d59, 0x8579, 0x857a, 0x857a, 0x857a, 0x8579, 0x8579, 0x8579, 0x8579, 0x8559, 0x8579, 0x857a, 0x857a,
0x859a, 0x857a, 0x857a, 0x7d7a, 0x7d59, 0x7d59, 0x8538, 0x751a, 0x7517, 0x8d58, 0xffff, 0x0000, 0x0000, 0x0000, 0x0000, 0x0000,
0x0000, 0x0000, 0x0000, 0x0000, 0x0000, 0x7fff, 0xad55, 0x7fff, 0x7bff, 0x7bff, 0x5555, 0x7fff, 0x7bff, 0x7bff, 0x7bef, 0x7bef,
0xffff, 0x07ff, 0x07ff, 0x07ff, 0x07ff, 0x7bff, 0x7bef, 0x07ff, 0x0000, 0x0000, 0x7bef, 0x5d14, 0x5c94, 0x54f6, 0x54f6, 0x54f6,
0x54d6, 0x54f6, 0x54d6, 0x54f5, 0x5cf5, 0x5cf6, 0x5cf6, 0x5cf6, 0x5cf6, 0x5cf6, 0x5cf6, 0x5cf6, 0x5cf6, 0x54f5, 0x5cf6, 0x6d19,
0x6d39, 0x6d59, 0x7d5a, 0x855a, 0x7d5a, 0x7539, 0x7539, 0x6518, 0x5cf6, 0x5cf6, 0x5cf6, 0x5cf6, 0x5cf6, 0x5d16, 0x5cf6, 0x5cf6,
0x5cf6, 0x5cf6, 0x5cf6, 0x5cf6, 0x5cf6, 0x5cf6, 0x5cf6, 0x5cf6, 0x5cf6, 0x5cf6, 0x5cf6, 0x5d16, 0x5d16, 0x5d16, 0x5d16, 0x5d16,
0x5d16, 0x5d16, 0x5d16, 0x5d16, 0x5d16, 0x5d16, 0x5d16, 0x5d16, 0x6536, 0x6d55, 0x6d55, 0x6d55, 0x6d55, 0x5d16, 0x5d16, 0x5d16,
0x5d16, 0x5d16, 0x5d16, 0x5d16, 0x6515, 0x5d15, 0x5d16, 0x5d16, 0x5d16, 0x5d16, 0x5cf6, 0x5d16, 0x5d16, 0x5d16, 0x5d16, 0x5d16,
0x5cf6, 0x5d16, 0x5d16, 0x5d16, 0x5d16, 0x5cf6, 0x5cf6, 0x5cf6, 0x5cf6, 0x5cd6, 0x5cd6, 0x54d6, 0x5cd6, 0x5cd6, 0x5cd6, 0x5cf6,
0x5cd6, 0x5cd6, 0x5cd6, 0x5cd6, 0x5cd6, 0x5cd6, 0x5cd6, 0x5cd6, 0x5cf6, 0x54d5, 0x5cf5, 0x5d15, 0x5d15, 0x5d15, 0x5d15, 0x5d15,
0x6d55, 0x6d55, 0x5d15, 0x7574, 0x8593, 0x7574, 0x6535, 0x6515, 0x6d54, 0x7573, 0x6d34, 0x5d16, 0x5d15, 0x6535, 0x6d54, 0x6d54,
0x6d55, 0x6535, 0x6535, 0x6536, 0x5d16, 0x5d16, 0x6536, 0x6535, 0x5d15, 0x5d15, 0x5cf5, 0x5cd6, 0x5cd6, 0x5cf6, 0x5cf5, 0x5cf5,
0x5cf5, 0x5cf5, 0x54d5, 0x54d5, 0x54d6, 0x54d6, 0x54d5, 0x54d5, 0x54d5, 0x54d5, 0x54d5, 0x5cd6, 0x5cd6, 0x5cd6, 0x5cd6, 0x5cf6,
0x54f6, 0x54d5, 0x54d5, 0x54b5, 0x54b5, 0x54b6, 0x5cd6, 0x54d5, 0x54b5, 0x54d5, 0x54b5, 0x54b5, 0x54b5, 0x54d5, 0x54d5, 0x54d6,
0x54d5, 0x54d5, 0x54d5, 0x54b4, 0x54b5, 0x54d4, 0x4c93, 0x0000, 0x0000, 0x0000, 0x001f, 0x07ff, 0x7bff, 0x52b5, 0x07ff, 0x0000,
0x0000, 0x0000, 0x0000, 0x0000, 0x7bef, 0x0000, 0x0000, 0x0000, 0x07ff, 0x07ff, 0x07ff, 0x7bef, 0x5555, 0x5555, 0x7fff, 0x7bff,
0x0000, 0x0000, 0x0000, 0x0000, 0x0000, 0x0000, 0x0000, 0x7fff, 0xad55, 0xad55, 0xad5f, 0xad5f, 0x7bff, 0x001f, 0x0000, 0x0000,
0x0000, 0x0000, 0x07ff, 0x7bef, 0xffff, 0xffff, 0x7bef, 0x001f, 0x0000, 0x0000, 0x0000, 0x3df7, 0x7d38, 0x7d5a, 0x7cf7, 0x7539,
0x753a, 0x753a, 0x753a, 0x753a, 0x753a, 0x753a, 0x753a, 0x753a, 0x7d5a, 0x7d7a, 0x7d5a, 0x7d7a, 0x7d7a, 0x7d7a, 0x755a, 0x7d7a,
0x857a, 0x857a, 0x857a, 0x857a, 0x7d7a, 0x857a, 0x857a, 0x857a, 0x857a, 0x857a, 0x857a, 0x857a, 0x857a, 0x857a, 0x857a, 0x857a,
0x857a, 0x857a, 0x857a, 0x857a, 0x857a, 0x857a, 0x857a, 0x857a, 0x857a, 0x857a, 0x857a, 0x857a, 0x857a, 0x857a, 0x857a, 0x857a,
0x857a, 0x857a, 0x857a, 0x857a, 0x855a, 0x855a, 0x855a, 0x855a, 0x855a, 0x855a, 0x855a, 0x855a, 0x857a, 0x855a, 0x855a, 0x857a,
0x7d5a, 0x753a, 0x753a, 0x7539, 0x753a, 0x753a, 0x753a, 0x755a, 0x753a, 0x753a, 0x753a, 0x7539, 0x753a, 0x753a, 0x753a, 0x753a,
0x7539, 0x7559, 0x7539, 0x7559, 0x6cf7, 0x0000, 0x0000, 0x0000, 0x0000, 0x0000, 0xad5f, 0xad5f, 0xad5f, 0x555f, 0x7bef, 0x0000,
0x0000, 0x0000, 0xffff, 0x7bef, 0x7bef, 0x0000, 0x0000, 0x0000, 0x0000, 0x0000, 0x0000, 0x0000, 0x0000, 0x0000, 0x07ff, 0x001f,
0x0000, 0x0000, 0x0000, 0x0000, 0x0000, 0x0000, 0x0000, 0x0000, 0x0000, 0x0000, 0x0000, 0x0000, 0x0000, 0x0000, 0x0000, 0x0000,
0x0000, 0x0000, 0x0000, 0x0000, 0x0000, 0x001f, 0x7bef, 0x7bff, 0x7bff, 0x7bff, 0x7bff, 0x7bff, 0x0000, 0x0000, 0x53f5, 0x64d6,
0x6cf8, 0x6d19, 0x6d1a, 0x753a, 0x6d19, 0x6d19, 0x6d19, 0x6d19, 0x6d19, 0x753a, 0x755a, 0x7d5a, 0x7d5a, 0x7d5a, 0x7d7a, 0x7d7a,
0x857a, 0x857a, 0x857a, 0x859a, 0x859a, 0x859a, 0x857a, 0x7d7a, 0x7d7a, 0x7d7a, 0x7d7a, 0x755a, 0x7d5a, 0x7d5a, 0x755a, 0x753a,
0x755a, 0x753a, 0x753a, 0x7539, 0x753a, 0x753a, 0x753a, 0x6d39, 0x6d39, 0x6d39, 0x6517, 0x5cf5, 0x5cf6, 0x5cf6, 0x5cf6, 0x5cf5,
0x5cf6, 0x5cf6, 0x5cf6, 0x5cf5, 0x5cf6, 0x5cf6, 0x5cf6, 0x5d16, 0x5cf6, 0x5d16, 0x5d16, 0x5d16, 0x5d36, 0x5d16, 0x5d16, 0x5d16,
0x5d16, 0x5d16, 0x5d16, 0x6535, 0x5d36, 0x5d16, 0x6536, 0x6536, 0x6535, 0x6d35, 0x6d35, 0x6d35, 0x6d35, 0x6d36, 0x6536, 0x6536,
0x6536, 0x5d36, 0x5d16, 0x5d16, 0x5d16, 0x5d16, 0x5d16, 0x54f5, 0x5cf5, 0x5d15, 0x5cf5, 0x54f5, 0x54f5, 0x5cf5, 0x5d16, 0x5d16,

/* -22- */
0x5cf6, 0x5cf6, 0x54d5, 0x54d5, 0x54d5, 0x54d5, 0x54d6, 0x54b6, 0x54b5, 0x54d6, 0x54b5, 0x54b5, 0x54d5, 0x54d5, 0x54d5, 0x54d5,
0x54d5, 0x54d5, 0x54d5, 0x54d5, 0x54d5, 0x54d5, 0x54b5, 0x54b4, 0x54b5, 0x4cb4, 0x0000, 0x0000, 0x0000, 0x0000, 0x0000, 0x0000,
0x07ff, 0x7bff, 0x7bff, 0x0000, 0x0000, 0x2bea, 0x438b, 0x7bf7, 0x0000, 0x0000, 0x0000, 0x0000, 0x0000, 0x0000, 0x0000, 0x0000,
0x6d16, 0x7d58, 0x857a, 0x8559, 0x8579, 0x857a, 0x857a, 0x0000, 0x0000, 0x0000, 0x0000, 0x0000, 0x0000, 0x0000, 0x0000, 0x07ff,
0x0000, 0x0000, 0x0000, 0x0000, 0x0000, 0x0000, 0x0000, 0x0000, 0x5555, 0x7cd6, 0x7cf5, 0x7539, 0x755a, 0x753a, 0x753a, 0x753a,
0x753a, 0x7539, 0x7539, 0x755a, 0x755a, 0x7d7a, 0x7d7a, 0x7d7a, 0x7d7a, 0x857a, 0x7d7a, 0x7d7a, 0x857a, 0x859a, 0x859a, 0x857a,
0x857a, 0x857a, 0x857a, 0x7d5a, 0x7d5a, 0x857a, 0x857a, 0x857a, 0x857a, 0x857a, 0x857a, 0x857a, 0x857a, 0x857a, 0x857a, 0x857a,
0x857a, 0x857a, 0x857a, 0x857a, 0x857a, 0x857a, 0x857a, 0x857a, 0x857a, 0x859a, 0x857a, 0x857a, 0x857a, 0x857a, 0x857a, 0x857a,
0x857a, 0x857a, 0x857a, 0x855a, 0x857a, 0x857a, 0x857a, 0x855a, 0x855a, 0x857a, 0x857a, 0x857a, 0x857a, 0x857a, 0x857a, 0x857a,
0x857a, 0x855a, 0x855a, 0x8559, 0x7d5a, 0x753a, 0x753a, 0x755a, 0x755a, 0x753a, 0x755a, 0x7539, 0x7539, 0x753a, 0x753a, 0x753a,
0x753a, 0x755a, 0x753a, 0x753a, 0x7539, 0x6cf8, 0x6d18, 0x6d38, 0x7559, 0x54b5, 0x0000, 0x0000, 0x0000, 0x0000, 0x0000, 0x0000,
0x0000, 0x0000, 0x0000, 0x0000, 0x0000, 0x0000, 0x6596, 0x5d16, 0x54d5, 0x54d5, 0x6557, 0x64d5, 0x5d16, 0x0000, 0x0000, 0x0000,
0x0000, 0x0000, 0x0000, 0x07ff, 0x07ff, 0x07ff, 0x07ff, 0x07ff, 0x07ff, 0x07ff, 0x07ff, 0x07ff, 0x7bff, 0x5555, 0x5555, 0x7fff,
0x7bff, 0x07ff, 0x0000, 0x0000, 0x0000, 0x0000, 0x0000, 0x0000, 0x0000, 0x0000, 0x0000, 0x0000, 0x753a, 0x6d19, 0x7519, 0x7539,
0x7539, 0x6d19, 0x6d19, 0x6d19, 0x6d19, 0x6d19, 0x7519, 0x7d59, 0x7d5a, 0x7d7a, 0x7d7a, 0x857a, 0x857a, 0x857a, 0x7d7a, 0x7d7a,
0x857a, 0x859a, 0x859a, 0x859a, 0x859a, 0x859a, 0x859a, 0x859a, 0x859a, 0x859a, 0x859a, 0x857a, 0x857a, 0x7d5a, 0x7539, 0x753a,
0x7d5a, 0x7d5a, 0x7d5b, 0x7539, 0x6538, 0x6d39, 0x6538, 0x5cf6, 0x5cf6, 0x5cf6, 0x5cf6, 0x5d16, 0x5cf6, 0x5cf6, 0x5cf5, 0x5cf5,
0x5d16, 0x5cf6, 0x5cf6, 0x5cf6, 0x5cf6, 0x5d16, 0x5cf6, 0x5d16, 0x5d16, 0x5d16, 0x5d16, 0x5d36, 0x6535, 0x5d35, 0x5d16, 0x5d16,
0x5d36, 0x5d35, 0x5d35, 0x6535, 0x6535, 0x6535, 0x6d55, 0x6535, 0x6535, 0x6535, 0x6d35, 0x6535, 0x6536, 0x6516, 0x5d16, 0x5d16,
0x5d16, 0x5d16, 0x5d16, 0x5d16, 0x5d16, 0x5d16, 0x5516, 0x5d16, 0x5cf6, 0x5cf6, 0x5cf6, 0x54f6, 0x5d16, 0x5d16, 0x5d15, 0x5d15,
0x5d16, 0x6516, 0x6536, 0x6536, 0x6536, 0x5d16, 0x5d16, 0x5d16, 0x5cf6, 0x5d16, 0x5d16, 0x5cf6, 0x5cf6, 0x5cf6, 0x5d15, 0x5d15,
0x5d15, 0x5d15, 0x6515, 0x5d15, 0x5cf5, 0x5cf5, 0x5cf6, 0x54f5, 0x54f5, 0x54f6, 0x54d6, 0x54d6, 0x54d6, 0x6515, 0x6534, 0x6535,
0x6535, 0x7574, 0x7594, 0x7594, 0x7d94, 0x8db4, 0x8dd3, 0x8dd4, 0x8dd3, 0x95d3, 0x95d3, 0x8dd4, 0x8df4, 0x9e13, 0xa613, 0xa633,
0xa613, 0xa613, 0x8dd4, 0x8dd3, 0x95d3, 0x8dd3, 0x8dd3, 0x85b3, 0x6d75, 0x7594, 0x7d94, 0x7573, 0x6d54, 0x6535, 0x6535, 0x5d15,
0x5d15, 0x5d16, 0x5d16, 0x5d16, 0x5d16, 0x5d16, 0x5d16, 0x5d16, 0x5d16, 0x5d16, 0x5cf5, 0x5cf6, 0x5cf5, 0x54f5, 0x54f5, 0x54d5,
0x54d5, 0x54d5, 0x54f5, 0x54f5, 0x54d5, 0x54d5, 0x54f5, 0x54d5, 0x54d5, 0x54d5, 0x54d5, 0x54d5, 0x54d5, 0x54b5, 0x54d5, 0x54d5,
0x54b5, 0x54b5, 0x54d5, 0x54b5, 0x54b5, 0x54b5, 0x54b5, 0x54d5, 0x54d5, 0x54d5, 0x54d5, 0x54d5, 0x54d5, 0x54d5, 0x54d5, 0x54d5,
0x54f5, 0x5cf5, 0x54d5, 0x5cf5, 0x5cf5, 0x5cf5, 0x5cf5, 0x5cf6, 0x5cf5, 0x5cf5, 0x5cf6, 0x5d16, 0x5d16, 0x5cf6, 0x5cf6, 0x5cf5,
0x5d15, 0x5cf6, 0x5cf6, 0x5cf6, 0x5d16, 0x5d15, 0x5d15, 0x5d15, 0x5cf5, 0x5cf5, 0x5cf5, 0x5cf5, 0x5d15, 0x6515, 0x6534, 0x6535,
0x6535, 0x5d15, 0x5d15, 0x5d15, 0x5d15, 0x5cd5, 0x54d5, 0x54d5, 0x54b5, 0x54b5, 0x54b5, 0x54d5, 0x54d6, 0x5cd6, 0x5cf7, 0x5cf7,
0x64f7, 0x5cd7, 0x6d18, 0x7d5a, 0x7d5a, 0x7d5a, 0x7d5a, 0x7d5a, 0x7539, 0x755a, 0x7d5a, 0x7d5a, 0x7d5a, 0x7d7a, 0x7d7a, 0x857a,
0x7d7a, 0x7d7a, 0x857a, 0x8579, 0x8579, 0x857a, 0x859a, 0x859a, 0x859a, 0x8579, 0x857a, 0x8d9a, 0x857a, 0x859a, 0x857a, 0x857a,
0x857a, 0x857a, 0x857a, 0x7d7a, 0x7d7a, 0x857a, 0x859a, 0x859a, 0x857a, 0x859a, 0x857a, 0x7d39, 0x7555, 0x7cf3, 0x7def, 0x632c,
0x5555, 0x7555, 0x7d38, 0x7d59, 0x7d59, 0x0000, 0x0000, 0x0000, 0x0000, 0x0000, 0x0000, 0x0000, 0x0000, 0x0000, 0x0000, 0x0000,
0x0000, 0x0000, 0x0000, 0x0000, 0x0000, 0x0000, 0x0000, 0x0000, 0x5555, 0x5cf6, 0x54f6, 0x5cf6, 0x5cf6, 0x54d6, 0x54d6, 0x54f5,
0x54d6, 0x54d5, 0x54f5, 0x5cf6, 0x5cf6, 0x5cf6, 0x5cf6, 0x5cf6, 0x5cf6, 0x5cf6, 0x5cf6, 0x5cf6, 0x5cf6, 0x5cd6, 0x5cd6, 0x5cd6,
0x5cd6, 0x54f6, 0x6d38, 0x7559, 0x7559, 0x5d16, 0x54f5, 0x5cf6, 0x5cf6, 0x5cf6, 0x5cf6, 0x5cf6, 0x5cf6, 0x5cf6, 0x5cf6, 0x5cf6,
0x5cf6, 0x5cf6, 0x5cf6, 0x5cf6, 0x5cf6, 0x5cf6, 0x5cf6, 0x5cf6, 0x5d16, 0x5d16, 0x5d16, 0x5d16, 0x5d16, 0x5d16, 0x5d16, 0x5cf6,
0x5d16, 0x6516, 0x6536, 0x5d16, 0x5d16, 0x6516, 0x6536, 0x6536, 0x6535, 0x6d55, 0x6d55, 0x6536, 0x5d16, 0x5d16, 0x5cf6, 0x5cf6,
0x5d16, 0x5d16, 0x5d16, 0x5d16, 0x5d15, 0x5d16, 0x5d16, 0x5d16, 0x5cf6, 0x5cf6, 0x5cf6, 0x5cf6, 0x5cf6, 0x5cf6, 0x5d16, 0x5d16,
0x5d16, 0x5d16, 0x5d16, 0x5d16, 0x5d16, 0x5cf6, 0x5cf6, 0x5cf6, 0x5cd6, 0x5cd6, 0x5cd6, 0x5cf6, 0x5cf6, 0x5cd6, 0x5cd6, 0x5cf6,
0x5cf6, 0x54f6, 0x5cf6, 0x54d6, 0x54d6, 0x54d6, 0x54f5, 0x5d15, 0x5cf5, 0x5cf5, 0x5d15, 0x5d15, 0x5d15, 0x7d94, 0x85b3, 0x7d94,
0x6535, 0x6d54, 0x7d94, 0x85b3, 0x85b3, 0x85b4, 0x6d75, 0x6d55, 0x6d54, 0x6d54, 0x6535, 0x5d36, 0x6535, 0x6555, 0x6d54, 0x6555,
0x5d15, 0x5d16, 0x5d36, 0x5d36, 0x5d36, 0x6536, 0x6536, 0x5d16, 0x5cf6, 0x5cf6, 0x5cf6, 0x5cf6, 0x5cf6, 0x5cf6, 0x5cf6, 0x5cf6,
0x5cf6, 0x5cf6, 0x5cf6, 0x54d6, 0x54d6, 0x54f6, 0x54d6, 0x54d5, 0x54d5, 0x54d5, 0x54d6, 0x5cd6, 0x5cd6, 0x5cd6, 0x5cd6, 0x5cd6,
0x5cf6, 0x5cf6, 0x54d5, 0x54d5, 0x54d5, 0x54d5, 0x54d6, 0x54b6, 0x54b5, 0x54d6, 0x54b5, 0x54b5, 0x54d5, 0x54d5, 0x54d5, 0x54d5,
0x54d5, 0x54d5, 0x54d5, 0x54d5, 0x54d5, 0x54d5, 0x54b5, 0x54b4, 0x54b5, 0x4cb4, 0x0000, 0x0000, 0x0000, 0x0000, 0x0000, 0x0000,
0x07ff, 0x7bff, 0x7bff, 0x0000, 0x0000, 0x2bea, 0x438b, 0x7bf7, 0x0000, 0x0000, 0x0000, 0x0000, 0x0000, 0x0000, 0x0000, 0x0000,
0x6d16, 0x7d58, 0x857a, 0x8559, 0x8579, 0x857a, 0x857a, 0x0000, 0x0000, 0x0000, 0x0000, 0x0000, 0x0000, 0x0000, 0x0000, 0x07ff,
0x0000, 0x0000, 0x0000, 0x0000, 0x0000, 0x0000, 0x0000, 0x0000, 0x5555, 0x7cd6, 0x7cf5, 0x7539, 0x755a, 0x753a, 0x753a, 0x753a,
0x753a, 0x7539, 0x7539, 0x755a, 0x755a, 0x7d7a, 0x7d7a, 0x7d7a, 0x7d7a, 0x857a, 0x7d7a, 0x7d7a, 0x857a, 0x859a, 0x859a, 0x857a,
0x857a, 0x857a, 0x857a, 0x7d5a, 0x7d5a, 0x857a, 0x857a, 0x857a, 0x857a, 0x857a, 0x857a, 0x857a, 0x857a, 0x857a, 0x857a, 0x857a,
0x857a, 0x857a, 0x857a, 0x857a, 0x857a, 0x857a, 0x857a, 0x857a, 0x857a, 0x859a, 0x857a, 0x857a, 0x857a, 0x857a, 0x857a, 0x857a,
0x857a, 0x857a, 0x857a, 0x855a, 0x857a, 0x857a, 0x857a, 0x855a, 0x855a, 0x857a, 0x857a, 0x857a, 0x857a, 0x857a, 0x857a, 0x857a,
0x857a, 0x855a, 0x855a, 0x8559, 0x7d5a, 0x753a, 0x753a, 0x755a, 0x755a, 0x753a, 0x755a, 0x7539, 0x7539, 0x753a, 0x753a, 0x753a,
0x753a, 0x755a, 0x753a, 0x753a, 0x7539, 0x6cf8, 0x6d18, 0x6d38, 0x7559, 0x54b5, 0x0000, 0x0000, 0x0000, 0x0000, 0x0000, 0x0000,
0x0000, 0x0000, 0x0000, 0x0000, 0x0000, 0x0000, 0x6596, 0x5d16, 0x54d5, 0x54d5, 0x6557, 0x64d5, 0x5d16, 0x0000, 0x0000, 0x0000,
0x0000, 0x0000, 0x0000, 0x07ff, 0x07ff, 0x07ff, 0x07ff, 0x07ff, 0x07ff, 0x07ff, 0x07ff, 0x07ff, 0x7bff, 0x5555, 0x5555, 0x7fff,
0x7bff, 0x07ff, 0x0000, 0x0000, 0x0000, 0x0000, 0x0000, 0x0000, 0x0000, 0x0000, 0x0000, 0x0000, 0x753a, 0x6d19, 0x7519, 0x7539,
0x7539, 0x6d19, 0x6d19, 0x6d19, 0x6d19, 0x6d19, 0x7519, 0x7d59, 0x7d5a, 0x7d7a, 0x7d7a, 0x857a, 0x857a, 0x857a, 0x7d7a, 0x7d7a,
0x857a, 0x859a, 0x859a, 0x859a, 0x859a, 0x859a, 0x859a, 0x859a, 0x859a, 0x859a, 0x859a, 0x857a, 0x857a, 0x7d5a, 0x7539, 0x753a,
0x7d5a, 0x7d5a, 0x7d5b, 0x7539, 0x6538, 0x6d39, 0x6538, 0x5cf6, 0x5cf6, 0x5cf6, 0x5cf6, 0x5d16, 0x5cf6, 0x5cf6, 0x5cf5, 0x5cf5,
0x5d16, 0x5cf6, 0x5cf6, 0x5cf6, 0x5cf6, 0x5d16, 0x5cf6, 0x5d16, 0x5d16, 0x5d16, 0x5d16, 0x5d36, 0x6535, 0x5d35, 0x5d16, 0x5d16,
0x5d36, 0x5d35, 0x5d35, 0x6535, 0x6535, 0x6535, 0x6d55, 0x6535, 0x6535, 0x6535, 0x6d35, 0x6535, 0x6536, 0x6516, 0x5d16, 0x5d16,
0x5d16, 0x5d16, 0x5d16, 0x5d16, 0x5d16, 0x5d16, 0x5516, 0x5d16, 0x5cf6, 0x5cf6, 0x5cf6, 0x54f6, 0x5d16, 0x5d16, 0x5d15, 0x5d15,

/* -23- */
0x54f6, 0x54f6, 0x5cf6, 0x54f6, 0x5cf6, 0x54d5, 0x54d6, 0x54d5, 0x54d6, 0x54d6, 0x54d6, 0x54d6, 0x54d6, 0x54d6, 0x54f6, 0x5cf6,
0x5cf5, 0x5cf5, 0x5cd5, 0x54d5, 0x54d5, 0x54b5, 0x54b5, 0x54b5, 0x54b5, 0x54d5, 0x54d5, 0x54f6, 0x54d5, 0x4c94, 0x4bef, 0x5000,
0x0000, 0x0000, 0x0000, 0x0000, 0x5471, 0x4c4c, 0x3be9, 0x4c4f, 0x5431, 0x4410, 0x4c51, 0x5472, 0x6cf7, 0x857a, 0x859a, 0x857a,
0x7d79, 0x8579, 0x8d9a, 0x8dbb, 0x8d9a, 0x859a, 0x857a, 0x857a, 0x859a, 0x859a, 0x859a, 0x7d9a, 0x7559, 0x01e7, 0x0000, 0x0000,
0x0000, 0x0000, 0x74f6, 0x7519, 0x74f8, 0x74f7, 0x7519, 0x755a, 0x7539, 0x7539, 0x7539, 0x753a, 0x755a, 0x753a, 0x753a, 0x753a,
0x753a, 0x7d5a, 0x7d5a, 0x7d5a, 0x7d7a, 0x7d7a, 0x7d7a, 0x7d7a, 0x7d7a, 0x7d7a, 0x857a, 0x859a, 0x859a, 0x859a, 0x859a, 0x857a,
0x857a, 0x857a, 0x859a, 0x859a, 0x859a, 0x859a, 0x857a, 0x8d9a, 0x859a, 0x8dba, 0x8dba, 0x859a, 0x857a, 0x857a, 0x857a, 0x857a,
0x857a, 0x857a, 0x857a, 0x857a, 0x859a, 0x859a, 0x857a, 0x859a, 0x859a, 0x859a, 0x857a, 0x857a, 0x857a, 0x857a, 0x857a, 0x857a,
0x857a, 0x857a, 0x857a, 0x857a, 0x857a, 0x857a, 0x857a, 0x857a, 0x857a, 0x857a, 0x857a, 0x857a, 0x857a, 0x857a, 0x857a, 0x857a,
0x857a, 0x857a, 0x857a, 0x857a, 0x857a, 0x7d5a, 0x7d5a, 0x7d5a, 0x753a, 0x753a, 0x753a, 0x753a, 0x753a, 0x753a, 0x755a, 0x755a,
0x755a, 0x753a, 0x753a, 0x753a, 0x7539, 0x7539, 0x7539, 0x7539, 0x753a, 0x7539, 0x7539, 0x6d38, 0x6d18, 0x6d38, 0x64f7, 0x0000,
0x0000, 0x0000, 0x5cf4, 0x54d5, 0x54d5, 0x5cf5, 0x54f5, 0x54d5, 0x54d5, 0x54d5, 0x54d5, 0x54d5, 0x54d5, 0x54b5, 0x4bf3, 0x4bef,
0x3bef, 0x0000, 0x0000, 0x0000, 0x0000, 0x0000, 0x0000, 0x0000, 0x0000, 0x0000, 0x0000, 0x0000, 0x0000, 0x0000, 0x0000, 0x0000,
0x0000, 0x0000, 0x0000, 0x0000, 0x3bef, 0x2bef, 0x6cf7, 0x7539, 0x755a, 0x755a, 0x755a, 0x7539, 0x6d19, 0x6d3a, 0x6d39, 0x6d3a,
0x6d3a, 0x7539, 0x753a, 0x755a, 0x755a, 0x7d5a, 0x7d5a, 0x857a, 0x857a, 0x7d7a, 0x857a, 0x857a, 0x857a, 0x8d9a, 0x859a, 0x859a,
0x859a, 0x859a, 0x859a, 0x859a, 0x857a, 0x859a, 0x859a, 0x859a, 0x859a, 0x859a, 0x859a, 0x859a, 0x859a, 0x7d7a, 0x7d5a, 0x7d5a,
0x6d38, 0x6d38, 0x6d39, 0x6518, 0x5cf6, 0x5d16, 0x5d16, 0x5cf6, 0x5cf6, 0x5cf6, 0x5cf6, 0x5d16, 0x5cf6, 0x5cf6, 0x5cf6, 0x5cf6,
0x5d16, 0x5d16, 0x5d16, 0x5d16, 0x5d16, 0x5d16, 0x5d16, 0x5d36, 0x5d35, 0x5d35, 0x5d36, 0x5d35, 0x6535, 0x6535, 0x5d16, 0x5d35,
0x6d54, 0x6d54, 0x6535, 0x6555, 0x7574, 0x6d54, 0x6d55, 0x6d55, 0x6535, 0x6535, 0x6535, 0x6535, 0x6536, 0x6516, 0x5d16, 0x5d16,
0x5d16, 0x5cf6, 0x5cf6, 0x5d16, 0x5d16, 0x5d16, 0x5516, 0x5d16, 0x5cf6, 0x5cf6, 0x5cf5, 0x54f6, 0x5d16, 0x5d16, 0x5d15, 0x5d16,
0x5d16, 0x5d15, 0x5d15, 0x5d16, 0x5d16, 0x5d16, 0x5d16, 0x5cf6, 0x5cf6, 0x54f6, 0x54f6, 0x54f6, 0x6515, 0x6535, 0x6d34, 0x6515,
0x5d15, 0x5cf5, 0x6515, 0x5d15, 0x5cf5, 0x54f5, 0x5cf5, 0x5cf6, 0x54d6, 0x54f6, 0x5cf6, 0x5d15, 0x6535, 0x6d54, 0x6d54, 0x7574,
0x7574, 0x85b4, 0x8db3, 0x8dd4, 0x8dd4, 0x9df4, 0xa613, 0x9e13, 0xa613, 0xa614, 0xa614, 0xa614, 0x9e14, 0x9e14, 0x9e14, 0x9df4,
0xa614, 0xa614, 0x9df4, 0x95f3, 0x95f3, 0x95f3, 0x8dd3, 0x85b3, 0x85b4, 0x85d3, 0x85b3, 0x6d54, 0x6535, 0x5d15, 0x5d15, 0x5d15,
0x5d15, 0x5d16, 0x5d15, 0x5d16, 0x5d16, 0x5d16, 0x5cf6, 0x5cf6, 0x5cf6, 0x5cf5, 0x5cf5, 0x54f5, 0x54d5, 0x54f5, 0x54f5, 0x54d5,
0x54f5, 0x54f5, 0x54f5, 0x54f5, 0x54d5, 0x54d5, 0x54d5, 0x54d5, 0x54f5, 0x54f5, 0x54f5, 0x54d5, 0x54d5, 0x54d5, 0x54b5, 0x54b5,
0x54b5, 0x54d5, 0x54d5, 0x54d5, 0x54b5, 0x54d5, 0x54d5, 0x54d5, 0x54b5, 0x54d5, 0x54d5, 0x54d5, 0x54d5, 0x54d5, 0x54d5, 0x54d5,
0x5cf5, 0x5cf5, 0x5cf6, 0x5cf5, 0x5cf5, 0x5d15, 0x5d15, 0x5d15, 0x5d15, 0x5cf5, 0x5cf5, 0x5d15, 0x5d16, 0x5d15, 0x5d16, 0x5d16,
0x5d16, 0x5d16, 0x5d16, 0x5d16, 0x5d36, 0x5d35, 0x5d15, 0x5d15, 0x5d15, 0x5d15, 0x5d15, 0x6d54, 0x6534, 0x6534, 0x6534, 0x6535,
0x6535, 0x6515, 0x5d15, 0x5d35, 0x5d35, 0x5cf5, 0x5cf5, 0x54d5, 0x54d5, 0x54d5, 0x54d5, 0x54d5, 0x54d5, 0x54b5, 0x54b5, 0x54b5,
0x54b5, 0x54b5, 0x5cd6, 0x6d18, 0x6d18, 0x6d18, 0x7d79, 0x8dbb, 0x859b, 0x859a, 0x859a, 0x857a, 0x857a, 0x7d7a, 0x7d7a, 0x857a,
0x857a, 0x857a, 0x859a, 0x859a, 0x859a, 0x8d9a, 0x8d9a, 0x8d9a, 0x8dba, 0x8d9a, 0x8dba, 0x8dba, 0x8dba, 0x8dba, 0x8dba, 0x8dba,
0x859a, 0x859a, 0x8d9a, 0x859a, 0x8d9a, 0x8d9a, 0x857a, 0x857a, 0x7d7a, 0x7d7a, 0x7d7a, 0x7d5a, 0x7d7a, 0x7d7a, 0x7d7a, 0x857a,
0x857a, 0x7d7a, 0x7d7a, 0x7d5a, 0x7559, 0x7d59, 0x7d59, 0x7d59, 0x7d5a, 0x7d7a, 0x7558, 0x7538, 0x6d38, 0x6d37, 0x6557, 0x5d16,
0x6495, 0x6cb6, 0x5455, 0x5475, 0x5475, 0x5cf6, 0x5d36, 0x5d16, 0x5cf6, 0x5cf6, 0x5cf6, 0x54f6, 0x54f6, 0x54f6, 0x54f5, 0x54f5,
0x54d6, 0x54f6, 0x54f6, 0x54f6, 0x5cf6, 0x5cf6, 0x5cf6, 0x5cf6, 0x5cf6, 0x5cf6, 0x5cf6, 0x5cf6, 0x5cd6, 0x5cd6, 0x5cd6, 0x5cd6,
0x5cd6, 0x5cf6, 0x5cf6, 0x5cf6, 0x5cf6, 0x5cf6, 0x5cf6, 0x5cf6, 0x5cf5, 0x5cf6, 0x5cf6, 0x5cf6, 0x5cf6, 0x5cf6, 0x5cf6, 0x5cf6,
0x5d16, 0x5d16, 0x5d16, 0x5cf6, 0x5cf6, 0x5d16, 0x5d16, 0x5d16, 0x5d16, 0x5d16, 0x5d16, 0x6536, 0x5d16, 0x5d16, 0x5d16, 0x5d16,
0x5d16, 0x6516, 0x6535, 0x6535, 0x6d35, 0x6536, 0x6536, 0x6536, 0x6535, 0x6d55, 0x6535, 0x5d16, 0x5cf6, 0x5cf6, 0x5cf6, 0x5cf6,
0x5cf6, 0x5d16, 0x5d16, 0x5d16, 0x5d16, 0x5d16, 0x5d16, 0x5d16, 0x5cf6, 0x5cf6, 0x5cf6, 0x54f6, 0x5cf6, 0x5d16, 0x5d16, 0x5cf6,
0x5cf6, 0x5d16, 0x5d16, 0x5cf6, 0x54f6, 0x5cf6, 0x5cf6, 0x54f6, 0x54d6, 0x5cd6, 0x5cf6, 0x5cf6, 0x5cf6, 0x5cd6, 0x5cf6, 0x5cf6,
0x54f6, 0x54f6, 0x54f6, 0x6515, 0x6515, 0x5d15, 0x5d15, 0x6554, 0x7d73, 0x7d93, 0x7574, 0x7573, 0x85b3, 0x8df3, 0x8df3, 0x85d4,
0x7d95, 0x85d4, 0x95d3, 0x8dd3, 0x8db3, 0x7594, 0x6555, 0x6d74, 0x7574, 0x6d74, 0x6535, 0x6535, 0x6d34, 0x6d54, 0x6d54, 0x6535,
0x5d16, 0x5d15, 0x5d15, 0x5d16, 0x5d16, 0x5d16, 0x5d16, 0x5cf6, 0x5cf6, 0x5cf6, 0x5cf6, 0x5cf6, 0x5cf6, 0x5cf6, 0x5cf6, 0x54f6,
0x54d6, 0x54f6, 0x54f5, 0x54f6, 0x54f6, 0x54f6, 0x54f6, 0x54f6, 0x54f6, 0x54d6, 0x54d6, 0x5cf6, 0x5cf6, 0x5cd6, 0x5cd6, 0x5cd6,
0x54f6, 0x54f6, 0x5cf6, 0x54f6, 0x5cf6, 0x54d5, 0x54d6, 0x54d5, 0x54d6, 0x54d6, 0x54d6, 0x54d6, 0x54d6, 0x54d6, 0x54f6, 0x5cf6,
0x5cf5, 0x5cf5, 0x5cd5, 0x54d5, 0x54d5, 0x54b5, 0x54b5, 0x54b5, 0x54b5, 0x54d5, 0x54d5, 0x54f6, 0x54d5, 0x4c94, 0x4bef, 0x5000,
0x0000, 0x0000, 0x0000, 0x0000, 0x5471, 0x4c4c, 0x3be9, 0x4c4f, 0x5431, 0x4410, 0x4c51, 0x5472, 0x6cf7, 0x857a, 0x859a, 0x857a,
0x7d79, 0x8579, 0x8d9a, 0x8dbb, 0x8d9a, 0x859a, 0x857a, 0x857a, 0x859a, 0x859a, 0x859a, 0x7d9a, 0x7559, 0x01e7, 0x0000, 0x0000,
0x0000, 0x0000, 0x74f6, 0x7519, 0x74f8, 0x74f7, 0x7519, 0x755a, 0x7539, 0x7539, 0x7539, 0x753a, 0x755a, 0x753a, 0x753a, 0x753a,
0x753a, 0x7d5a, 0x7d5a, 0x7d5a, 0x7d7a, 0x7d7a, 0x7d7a, 0x7d7a, 0x7d7a, 0x7d7a, 0x857a, 0x859a, 0x859a, 0x859a, 0x859a, 0x857a,
0x857a, 0x857a, 0x859a, 0x859a, 0x859a, 0x859a, 0x857a, 0x8d9a, 0x859a, 0x8dba, 0x8dba, 0x859a, 0x857a, 0x857a, 0x857a, 0x857a,
0x857a, 0x857a, 0x857a, 0x857a, 0x859a, 0x859a, 0x857a, 0x859a, 0x859a, 0x859a, 0x857a, 0x857a, 0x857a, 0x857a, 0x857a, 0x857a,
0x857a, 0x857a, 0x857a, 0x857a, 0x857a, 0x857a, 0x857a, 0x857a, 0x857a, 0x857a, 0x857a, 0x857a, 0x857a, 0x857a, 0x857a, 0x857a,
0x857a, 0x857a, 0x857a, 0x857a, 0x857a, 0x7d5a, 0x7d5a, 0x7d5a, 0x753a, 0x753a, 0x753a, 0x753a, 0x753a, 0x753a, 0x755a, 0x755a,
0x755a, 0x753a, 0x753a, 0x753a, 0x7539, 0x7539, 0x7539, 0x7539, 0x753a, 0x7539, 0x7539, 0x6d38, 0x6d18, 0x6d38, 0x64f7, 0x0000,
0x0000, 0x0000, 0x5cf4, 0x54d5, 0x54d5, 0x5cf5, 0x54f5, 0x54d5, 0x54d5, 0x54d5, 0x54d5, 0x54d5, 0x54d5, 0x54b5, 0x4bf3, 0x4bef,
0x3bef, 0x0000, 0x0000, 0x0000, 0x0000, 0x0000, 0x0000, 0x0000, 0x0000, 0x0000, 0x0000, 0x0000, 0x0000, 0x0000, 0x0000, 0x0000,
0x0000, 0x0000, 0x0000, 0x0000, 0x3bef, 0x2bef, 0x6cf7, 0x7539, 0x755a, 0x755a, 0x755a, 0x7539, 0x6d19, 0x6d3a, 0x6d39, 0x6d3a,
0x6d3a, 0x7539, 0x753a, 0x755a, 0x755a, 0x7d5a, 0x7d5a, 0x857a, 0x857a, 0x7d7a, 0x857a, 0x857a, 0x857a, 0x8d9a, 0x859a, 0x859a,
0x859a, 0x859a, 0x859a, 0x859a, 0x857a, 0x859a, 0x859a, 0x859a, 0x859a, 0x859a, 0x859a, 0x859a, 0x859a, 0x7d7a, 0x7d5a, 0x7d5a,
0x6d38, 0x6d38, 0x6d39, 0x6518, 0x5cf6, 0x5d16, 0x5d16, 0x5cf6, 0x5cf6, 0x5cf6, 0x5cf6, 0x5d16, 0x5cf6, 0x5cf6, 0x5cf6, 0x5cf6,
0x5d16, 0x5d16, 0x5d16, 0x5d16, 0x5d16, 0x5d16, 0x5d16, 0x5d36, 0x5d35, 0x5d35, 0x5d36, 0x5d35, 0x6535, 0x6535, 0x5d16, 0x5d35,
0x6d54, 0x6d54, 0x6535, 0x6555, 0x7574, 0x6d54, 0x6d55, 0x6d55, 0x6535, 0x6535, 0x6535, 0x6535, 0x6536, 0x6516, 0x5d16, 0x5d16,
0x5d16, 0x5cf6, 0x5cf6, 0x5d16, 0x5d16, 0x5d16, 0x5516, 0x5d16, 0x5cf6, 0x5cf6, 0x5cf5, 0x54f6, 0x5d16, 0x5d16, 0x5d15, 0x5d16,

/* -24- */
0x5cf6, 0x5cf6, 0x5cf6, 0x5cf6, 0x5cf6, 0x54f6, 0x54d6, 0x54f6, 0x54d5, 0x54d6, 0x54d6, 0x54d6, 0x54f6, 0x54f5, 0x5cf6, 0x5d16,
0x5d15, 0x5cf5, 0x54d5, 0x54d5, 0x54d5, 0x54b5, 0x54d5, 0x54d5, 0x54d5, 0x54d5, 0x54f6, 0x54f6, 0x54f6, 0x54d5, 0x54d5, 0x54d5,
0x5cf6, 0x64f5, 0x64d4, 0x64d6, 0x5c91, 0x4c4a, 0x440a, 0x236a, 0x5c93, 0x7538, 0x7538, 0x7d59, 0x857a, 0x8dbb, 0x8ddb, 0x8dbb,
0x8d9a, 0x8d9a, 0x8d9a, 0x8d9a, 0x8d9a, 0x8d9a, 0x8d9a, 0x95db, 0x8ddb, 0x8ddb, 0x8dbb, 0x85bb, 0x7d59, 0x7d59, 0x7d59, 0x7d59,
0x7d59, 0x7559, 0x755a, 0x7d7a, 0x7d5a, 0x7d5a, 0x7559, 0x7d7a, 0x755a, 0x755a, 0x755a, 0x755a, 0x7d5a, 0x7d5a, 0x7d5a, 0x7d5a,
0x7d5a, 0x857a, 0x857a, 0x857a, 0x857a, 0x857a, 0x857a, 0x857a, 0x857a, 0x859a, 0x859a, 0x8d9a, 0x859a, 0x859a, 0x859a, 0x859a,
0x859a, 0x859a, 0x8dba, 0x8dba, 0x8dba, 0x859a, 0x8599, 0x8db9, 0x8db9, 0x8db9, 0x8dba, 0x859a, 0x859a, 0x859a, 0x859a, 0x8d9a,
0x8dba, 0x859a, 0x859a, 0x8dba, 0x8dba, 0x8dba, 0x8dba, 0x8dba, 0x8dba, 0x85ba, 0x859a, 0x859a, 0x859a, 0x8d9a, 0x859a, 0x859a,
0x859a, 0x859a, 0x859a, 0x859a, 0x859a, 0x859a, 0x859a, 0x859a, 0x859a, 0x857a, 0x857a, 0x857a, 0x857a, 0x857a, 0x857a, 0x857a,
0x857a, 0x857a, 0x857a, 0x857a, 0x857a, 0x857a, 0x857a, 0x857a, 0x7d5a, 0x7d5a, 0x7d5a, 0x7d5a, 0x7d5a, 0x7d5a, 0x7d5a, 0x7d5a,
0x755a, 0x755a, 0x753a, 0x753a, 0x7539, 0x7539, 0x7539, 0x7519, 0x7519, 0x755a, 0x757a, 0x755a, 0x755a, 0x7539, 0x64f7, 0x5cd6,
0x5cd6, 0x54d5, 0x5cf5, 0x5cf6, 0x5cf5, 0x5cf5, 0x54d5, 0x54d5, 0x54d5, 0x54d5, 0x54d5, 0x54d5, 0x54d5, 0x54b5, 0x54b5, 0x54d5,
0x54b5, 0x54d5, 0x54d5, 0x54b5, 0x4c73, 0x5473, 0x5434, 0x5c54, 0x5c94, 0x5cb6, 0x5cb4, 0x5453, 0x64d6, 0x64f8, 0x64f7, 0x64f7,
0x64f7, 0x7539, 0x753a, 0x7d59, 0x7559, 0x7539, 0x7539, 0x757a, 0x757b, 0x757b, 0x7d7b, 0x757b, 0x753a, 0x7539, 0x753a, 0x7d5a,
0x7d5a, 0x7d7a, 0x7d7a, 0x7d7a, 0x7d7a, 0x857a, 0x859a, 0x859a, 0x857a, 0x857a, 0x859a, 0x8d9a, 0x8d9a, 0x8d9a, 0x859a, 0x859a,
0x859a, 0x859a, 0x859a, 0x859a, 0x859a, 0x859a, 0x859a, 0x859a, 0x859a, 0x859a, 0x859a, 0x7d7a, 0x7d79, 0x7559, 0x7559, 0x7538,
0x5cf6, 0x5cf6, 0x5d16, 0x5cf6, 0x5cf6, 0x5cf6, 0x5cf6, 0x5cf6, 0x5cf6, 0x5cf6, 0x5cf6, 0x5d16, 0x5d16, 0x5d16, 0x5d16, 0x5cf6,
0x5cf6, 0x5d16, 0x5d16, 0x5d16, 0x5d16, 0x5d36, 0x5d36, 0x5d36, 0x6536, 0x6535, 0x6d54, 0x6d54, 0x6d54, 0x6535, 0x5d36, 0x6555,
0x7574, 0x7d73, 0x6d54, 0x7574, 0x8593, 0x7574, 0x6534, 0x6535, 0x6535, 0x6515, 0x6535, 0x6535, 0x5d15, 0x5d16, 0x5d16, 0x5d16,
0x5cf6, 0x5d16, 0x5cf6, 0x5d16, 0x5d16, 0x5d16, 0x5516, 0x5d16, 0x5cf6, 0x5cf6, 0x5d15, 0x5d16, 0x5d16, 0x5d15, 0x5d16, 0x5d16,
0x5d16, 0x5d16, 0x5d16, 0x5d16, 0x5d15, 0x5cf6, 0x54f6, 0x54f5, 0x5cf5, 0x5cf5, 0x5d15, 0x6515, 0x6d34, 0x7553, 0x6d34, 0x6514,
0x5cf5, 0x5cf5, 0x5cf5, 0x5cf5, 0x54f5, 0x54f5, 0x54f6, 0x5cf6, 0x6535, 0x6d55, 0x6d75, 0x7d94, 0x7d94, 0x7594, 0x7d94, 0x85b4,
0x8dd4, 0x8db4, 0x95d4, 0x9df3, 0xa613, 0x9df4, 0xa614, 0xa614, 0xa634, 0xa634, 0xa634, 0xae34, 0xa614, 0x9df4, 0x9e15, 0xa614,
0x9df4, 0x9df4, 0x9df4, 0x9df3, 0x9dd3, 0x95d3, 0x8db3, 0x8db3, 0x8dd3, 0x7d94, 0x7574, 0x6554, 0x5d35, 0x5d15, 0x5d15, 0x5d15,
0x6515, 0x6535, 0x6535, 0x6d55, 0x6535, 0x5d16, 0x5d15, 0x5cf5, 0x54f5, 0x54d5, 0x54d5, 0x54d5, 0x54f5, 0x5cf5, 0x54f5, 0x54f5,
0x54d5, 0x54d5, 0x54d5, 0x54d5, 0x54d5, 0x54d5, 0x54d5, 0x54d5, 0x54d5, 0x54d5, 0x54f5, 0x54d5, 0x54d5, 0x54d5, 0x54d5, 0x54d5,
0x54d5, 0x54d5, 0x54d5, 0x54d5, 0x54d5, 0x54d5, 0x54f5, 0x54d5, 0x54d5, 0x54d5, 0x54d5, 0x54d5, 0x54d5, 0x54d5, 0x54d5, 0x54f5,
0x5cf5, 0x5cf5, 0x5cf6, 0x5cf6, 0x5cf5, 0x5cf5, 0x5d16, 0x5d15, 0x5d15, 0x5d15, 0x5d15, 0x5d16, 0x5d16, 0x5d15, 0x5d15, 0x5d16,
0x5d16, 0x5d16, 0x5d16, 0x5d16, 0x5d36, 0x5d36, 0x5d16, 0x5d35, 0x6d75, 0x6d74, 0x7554, 0x7d93, 0x7573, 0x6d54, 0x6d53, 0x6534,
0x6534, 0x6514, 0x6514, 0x5d15, 0x5d15, 0x5d15, 0x5d15, 0x5cf5, 0x54f5, 0x54f5, 0x54d5, 0x54d5, 0x54d6, 0x54d6, 0x54d5, 0x54d5,
0x54b5, 0x54d5, 0x54b5, 0x54d5, 0x54d5, 0x54f5, 0x6537, 0x7d99, 0x7d79, 0x7d79, 0x8d9a, 0x8d9a, 0x8d9a, 0x8d9a, 0x859a, 0x8d9a,
0x8d9a, 0x8d9a, 0x8d9a, 0x8d9a, 0x8d9a, 0x8dba, 0x8dba, 0x8dba, 0x8dba, 0x8dba, 0x95ba, 0x95ba, 0x8dba, 0x8dba, 0x8dba, 0x8dba,
0x8dba, 0x8dba, 0x8dba, 0x8dba, 0x8dbb, 0x8dba, 0x859a, 0x859a, 0x859a, 0x859a, 0x857a, 0x857a, 0x859b, 0x85bb, 0x85bb, 0x85bb,
0x859b, 0x859b, 0x7d7a, 0x7d7a, 0x7d7a, 0x85bb, 0x859b, 0x859b, 0x7d9b, 0x7d9b, 0x7d9a, 0x7d59, 0x7d79, 0x7d79, 0x7559, 0x7579,
0x6d58, 0x6d58, 0x6d38, 0x6537, 0x6516, 0x5d16, 0x5d37, 0x5d36, 0x5d16, 0x5cf6, 0x5cf6, 0x5cf6, 0x5cf5, 0x54f6, 0x54f6, 0x54f6,
0x54f6, 0x54f6, 0x54f5, 0x5cf6, 0x5cf6, 0x5cf6, 0x5cf6, 0x5cf6, 0x5cf6, 0x5cf6, 0x5cf6, 0x5cf6, 0x5cf6, 0x5cf6, 0x5cd6, 0x5cd6,
0x5cf6, 0x5cf6, 0x5cf6, 0x5cf6, 0x5cf6, 0x5cf6, 0x5cf6, 0x5cf6, 0x5cf6, 0x5cf6, 0x5cf6, 0x5cf6, 0x5cf6, 0x5cf6, 0x5cf6, 0x5d16,
0x5d16, 0x5d16, 0x5d16, 0x5d16, 0x5d16, 0x5d16, 0x5d36, 0x5d16, 0x5d16, 0x6515, 0x6535, 0x6d35, 0x6516, 0x5d16, 0x5d16, 0x5d16,
0x6515, 0x6535, 0x6535, 0x6d55, 0x6d55, 0x6535, 0x6535, 0x6535, 0x6535, 0x6516, 0x5d16, 0x5d16, 0x5cf6, 0x5cf5, 0x5cf6, 0x5cf6,
0x5cf6, 0x5d16, 0x5d16, 0x5d16, 0x5d16, 0x5d16, 0x5d16, 0x5d16, 0x5cf6, 0x5cf6, 0x5cf6, 0x54f6, 0x5cf6, 0x5d16, 0x5cf6, 0x5cf6,
0x5cf6, 0x5d16, 0x5d16, 0x54f6, 0x54f6, 0x54f6, 0x54f6, 0x54f6, 0x54f6, 0x54f6, 0x54f6, 0x54f6, 0x5cf6, 0x5cf6, 0x5cf5, 0x5d15,
0x6535, 0x5d35, 0x6515, 0x6d35, 0x6d55, 0x7574, 0x6d75, 0x7594, 0x8db3, 0x8dd2, 0x95d2, 0x95d2, 0x95f3, 0x85d3, 0x7db3, 0x8dd3,
0x9df3, 0x9df3, 0x8dd3, 0x85b4, 0x7d94, 0x6d74, 0x6d74, 0x7d93, 0x85b3, 0x7573, 0x6534, 0x6534, 0x6d54, 0x6d54, 0x6d34, 0x6535,
0x5d15, 0x5d15, 0x5d15, 0x5d15, 0x5d15, 0x5cf6, 0x5cf6, 0x5cf6, 0x5cf6, 0x5d16, 0x5d16, 0x54f6, 0x54f6, 0x54f6, 0x5cf6, 0x54d5,
0x54d5, 0x54f5, 0x54f5, 0x54f5, 0x54f6, 0x5516, 0x54f5, 0x54f6, 0x5516, 0x5516, 0x5516, 0x5516, 0x5516, 0x54f6, 0x54f6, 0x54f6,
0x5cf6, 0x5cf6, 0x5cf6, 0x5cf6, 0x5cf6, 0x54f6, 0x54d6, 0x54f6, 0x54d5, 0x54d6, 0x54d6, 0x54d6, 0x54f6, 0x54f5, 0x5cf6, 0x5d16,
0x5d15, 0x5cf5, 0x54d5, 0x54d5, 0x54d5, 0x54b5, 0x54d5, 0x54d5, 0x54d5, 0x54d5, 0x54f6, 0x54f6, 0x54f6, 0x54d5, 0x54d5, 0x54d5,
0x5cf6, 0x64f5, 0x64d4, 0x64d6, 0x5c91, 0x4c4a, 0x440a, 0x236a, 0x5c93, 0x7538, 0x7538, 0x7d59, 0x857a, 0x8dbb, 0x8ddb, 0x8dbb,
0x8d9a, 0x8d9a, 0x8d9a, 0x8d9a, 0x8d9a, 0x8d9a, 0x8d9a, 0x95db, 0x8ddb, 0x8ddb, 0x8dbb, 0x85bb, 0x7d59, 0x7d59, 0x7d59, 0x7d59,
0x7d59, 0x7559, 0x755a, 0x7d7a, 0x7d5a, 0x7d5a, 0x7559, 0x7d7a, 0x755a, 0x755a, 0x755a, 0x755a, 0x7d5a, 0x7d5a, 0x7d5a, 0x7d5a,
0x7d5a, 0x857a, 0x857a, 0x857a, 0x857a, 0x857a, 0x857a, 0x857a, 0x857a, 0x859a, 0x859a, 0x8d9a, 0x859a, 0x859a, 0x859a, 0x859a,
0x859a, 0x859a, 0x8dba, 0x8dba, 0x8dba, 0x859a, 0x8599, 0x8db9, 0x8db9, 0x8db9, 0x8dba, 0x859a, 0x859a, 0x859a, 0x859a, 0x8d9a,
0x8dba, 0x859a, 0x859a, 0x8dba, 0x8dba, 0x8dba, 0x8dba, 0x8dba, 0x8dba, 0x85ba, 0x859a, 0x859a, 0x859a, 0x8d9a, 0x859a, 0x859a,
0x859a, 0x859a, 0x859a, 0x859a, 0x859a, 0x859a, 0x859a, 0x859a, 0x859a, 0x857a, 0x857a, 0x857a, 0x857a, 0x857a, 0x857a, 0x857a,
0x857a, 0x857a, 0x857a, 0x857a, 0x857a, 0x857a, 0x857a, 0x857a, 0x7d5a, 0x7d5a, 0x7d5a, 0x7d5a, 0x7d5a, 0x7d5a, 0x7d5a, 0x7d5a,
0x755a, 0x755a, 0x753a, 0x753a, 0x7539, 0x7539, 0x7539, 0x7519, 0x7519, 0x755a, 0x757a, 0x755a, 0x755a, 0x7539, 0x64f7, 0x5cd6,
0x5cd6, 0x54d5, 0x5cf5, 0x5cf6, 0x5cf5, 0x5cf5, 0x54d5, 0x54d5, 0x54d5, 0x54d5, 0x54d5, 0x54d5, 0x54d5, 0x54b5, 0x54b5, 0x54d5,
0x54b5, 0x54d5, 0x54d5, 0x54b5, 0x4c73, 0x5473, 0x5434, 0x5c54, 0x5c94, 0x5cb6, 0x5cb4, 0x5453, 0x64d6, 0x64f8, 0x64f7, 0x64f7,
0x64f7, 0x7539, 0x753a, 0x7d59, 0x7559, 0x7539, 0x7539, 0x757a, 0x757b, 0x757b, 0x7d7b, 0x757b, 0x753a, 0x7539, 0x753a, 0x7d5a,
0x7d5a, 0x7d7a, 0x7d7a, 0x7d7a, 0x7d7a, 0x857a, 0x859a, 0x859a, 0x857a, 0x857a, 0x859a, 0x8d9a, 0x8d9a, 0x8d9a, 0x859a, 0x859a,
0x859a, 0x859a, 0x859a, 0x859a, 0x859a, 0x859a, 0x859a, 0x859a, 0x859a, 0x859a, 0x859a, 0x7d7a, 0x7d79, 0x7559, 0x7559, 0x7538,
0x5cf6, 0x5cf6, 0x5d16, 0x5cf6, 0x5cf6, 0x5cf6, 0x5cf6, 0x5cf6, 0x5cf6, 0x5cf6, 0x5cf6, 0x5d16, 0x5d16, 0x5d16, 0x5d16, 0x5cf6,
0x5cf6, 0x5d16, 0x5d16, 0x5d16, 0x5d16, 0x5d36, 0x5d36, 0x5d36, 0x6536, 0x6535, 0x6d54, 0x6d54, 0x6d54, 0x6535, 0x5d36, 0x6555,
0x7574, 0x7d73, 0x6d54, 0x7574, 0x8593, 0x7574, 0x6534, 0x6535, 0x6535, 0x6515, 0x6535, 0x6535, 0x5d15, 0x5d16, 0x5d16, 0x5d16,
0x5cf6, 0x5d16, 0x5cf6, 0x5d16, 0x5d16, 0x5d16, 0x5516, 0x5d16, 0x5cf6, 0x5cf6, 0x5d15, 0x5d16, 0x5d16, 0x5d15, 0x5d16, 0x5d16,

/* -25- */
0x5cf6, 0x5cf6, 0x5cf6, 0x5cf6, 0x5cf6, 0x5cf6, 0x5cf6, 0x54f6, 0x54d6, 0x54d6, 0x54d5, 0x54f5, 0x5cf6, 0x54f6, 0x5cf6, 0x5d16,
0x5cf5, 0x5cf5, 0x54f5, 0x54d5, 0x54d5, 0x54d5, 0x54d5, 0x54d5, 0x54d5, 0x54d5, 0x54d5, 0x54d5, 0x54d5, 0x54d5, 0x54d6, 0x5cf6,
0x5cf6, 0x6517, 0x6517, 0x6d17, 0x5cb1, 0x5449, 0x43ea, 0x12a9, 0x6cd5, 0x95db, 0x8d9a, 0x8dba, 0x8d9a, 0x8d9a, 0x8d9a, 0x8d9a,
0x8d9a, 0x8d9a, 0x8dba, 0x8dba, 0x8dba, 0x8d9a, 0x859a, 0x859a, 0x859a, 0x859a, 0x859a, 0x857a, 0x859a, 0x85ba, 0x7d7a, 0x7d7a,
0x757a, 0x757a, 0x755a, 0x755a, 0x7d5a, 0x7d7a, 0x7d5a, 0x7d7a, 0x857a, 0x857a, 0x7d5a, 0x7d7a, 0x7d7a, 0x857a, 0x857a, 0x857a,
0x857a, 0x857a, 0x857a, 0x857a, 0x857a, 0x859a, 0x8d9a, 0x8d9a, 0x8d9a, 0x8d9a, 0x8d9a, 0x8d9a, 0x8d9a, 0x859a, 0x859a, 0x859a,
0x8dba, 0x8dda, 0x8dda, 0x859a, 0x859a, 0x8db9, 0x8db9, 0x8db9, 0x8db9, 0x8db9, 0x95d9, 0x95da, 0x8dba, 0x859a, 0x8dba, 0x8dba,
0x8dba, 0x8dba, 0x859a, 0x8599, 0x8599, 0x8dba, 0x8dba, 0x8dba, 0x8dba, 0x8dba, 0x8d9a, 0x859a, 0x859a, 0x8dba, 0x8d9a, 0x859a,
0x859a, 0x859a, 0x85ba, 0x8dba, 0x8dba, 0x859a, 0x859a, 0x859a, 0x85ba, 0x859a, 0x859a, 0x859a, 0x859a, 0x859a, 0x859a, 0x859a,
0x859a, 0x859a, 0x859a, 0x857a, 0x857a, 0x857a, 0x857a, 0x857a, 0x857a, 0x857a, 0x857a, 0x857a, 0x857a, 0x857a, 0x857a, 0x7d7a,
0x7d7a, 0x7d7a, 0x7d7a, 0x7559, 0x755a, 0x7d5a, 0x7539, 0x7539, 0x753a, 0x7d39, 0x7539, 0x7539, 0x7539, 0x6d39, 0x5cf6, 0x5cf6,
0x5cf6, 0x5cf6, 0x5cd5, 0x5cf5, 0x5cd5, 0x5cf5, 0x5cf5, 0x5cf5, 0x5cf5, 0x5cf5, 0x5cf5, 0x54f5, 0x54d5, 0x54d5, 0x54b5, 0x54d5,
0x54b5, 0x54b5, 0x54b5, 0x54b5, 0x54d5, 0x5cf6, 0x5cd6, 0x64d6, 0x6d18, 0x6d17, 0x6d17, 0x64f7, 0x6d39, 0x755a, 0x753a, 0x753a,
0x7539, 0x753a, 0x755a, 0x755a, 0x755a, 0x755a, 0x753a, 0x753a, 0x755a, 0x755a, 0x7d5a, 0x7d7a, 0x7d5a, 0x857a, 0x857a, 0x857a,
0x857a, 0x859a, 0x859a, 0x857a, 0x857a, 0x859a, 0x857a, 0x857a, 0x857a, 0x857a, 0x857a, 0x857a, 0x857a, 0x859a, 0x8d9a, 0x8dba,
0x8dba, 0x8dba, 0x8dba, 0x8d9a, 0x8dba, 0x8d9a, 0x859a, 0x857a, 0x7d7a, 0x7d7a, 0x7d79, 0x6d57, 0x6516, 0x5cf6, 0x5cf6, 0x5cf6,
0x5cf6, 0x5cf6, 0x5d16, 0x5cf6, 0x5cf6, 0x5cf6, 0x5d16, 0x5cf6, 0x5cf6, 0x5cf6, 0x5d16, 0x5d16, 0x5d16, 0x5d16, 0x5d16, 0x5cf5,
0x5cf6, 0x5d16, 0x5d16, 0x5d16, 0x5d16, 0x5d36, 0x6536, 0x5d36, 0x6536, 0x7574, 0x7d93, 0x7d73, 0x7d73, 0x6535, 0x5d16, 0x6535,
0x7574, 0x7d93, 0x7d93, 0x8db2, 0x7d73, 0x6514, 0x5d14, 0x5d15, 0x5d16, 0x5d15, 0x5d15, 0x6535, 0x5d16, 0x5d16, 0x5cf6, 0x5cf6,
0x5cf6, 0x5d16, 0x5cf6, 0x5d16, 0x5d16, 0x5516, 0x54f6, 0x5d16, 0x5cf6, 0x5d16, 0x5d16, 0x5d36, 0x5516, 0x5cf6, 0x5cf6, 0x5cf6,
0x54f6, 0x5d16, 0x5d16, 0x5d16, 0x5d15, 0x5d15, 0x5d15, 0x54f6, 0x6d34, 0x6d53, 0x6d54, 0x7d93, 0x8593, 0x7d73, 0x6d34, 0x6514,
0x6515, 0x5cf5, 0x64f5, 0x5cf5, 0x54f5, 0x54d5, 0x54d5, 0x5d16, 0x7db5, 0x8df4, 0x85d4, 0x85b4, 0x7db5, 0x9dd4, 0x9df4, 0x95d5,
0x8dd5, 0x8db5, 0x8db5, 0x95d4, 0x9e14, 0x95f5, 0x9e15, 0x9e15, 0x95f5, 0x9616, 0x9e15, 0xb634, 0xb654, 0xb634, 0xb634, 0xb635,
0x95f4, 0x8dd4, 0x95d3, 0x95f3, 0x9df3, 0x9dd3, 0x8db3, 0x8593, 0x8594, 0x7575, 0x6d55, 0x6d55, 0x6515, 0x54f5, 0x5d14, 0x6d34,
0x6d54, 0x7574, 0x7574, 0x7574, 0x6d54, 0x5d15, 0x6535, 0x6d34, 0x6515, 0x5cf5, 0x5cf5, 0x54d5, 0x54f5, 0x5cf5, 0x54d5, 0x54d5,
0x54d5, 0x54d5, 0x54d5, 0x54f5, 0x54f5, 0x54d5, 0x54d5, 0x54d5, 0x54d5, 0x54d5, 0x54f5, 0x54d5, 0x54d5, 0x54d5, 0x54d5, 0x54d5,
0x54d5, 0x54d5, 0x54d5, 0x54d5, 0x54d5, 0x54f5, 0x54f6, 0x54f5, 0x54d5, 0x54d5, 0x54d5, 0x54d5, 0x54f5, 0x54f5, 0x54f6, 0x5cf6,
0x5cf5, 0x54f5, 0x5cf5, 0x5cf6, 0x5d16, 0x5d16, 0x5d16, 0x5d16, 0x5d16, 0x5d16, 0x5d16, 0x5d16, 0x5d16, 0x5d16, 0x5d16, 0x5d16,
0x5d16, 0x5d16, 0x5d16, 0x5d16, 0x5d15, 0x6535, 0x6536, 0x5d36, 0x7574, 0x8db2, 0x8db3, 0x7d73, 0x7553, 0x7573, 0x7d73, 0x6d34,
0x6514, 0x6d34, 0x6514, 0x5d15, 0x5d15, 0x5cf5, 0x5cf5, 0x5cf5, 0x5d15, 0x5cf5, 0x54d5, 0x54d5, 0x54d5, 0x54d6, 0x54d5, 0x54d5,
0x54d5, 0x54d5, 0x54d5, 0x54d5, 0x5cd5, 0x5cf6, 0x54d6, 0x54d5, 0x54d5, 0x54d5, 0x7d79, 0x859a, 0x859a, 0x8dba, 0x8dba, 0x8d9a,
0x8dba, 0x8dba, 0x8dba, 0x8dba, 0x8dba, 0x8dba, 0x8dba, 0x8dba, 0x8dba, 0x8dba, 0x95ba, 0x95ba, 0x8dba, 0x8dba, 0x8dba, 0x8dba,
0x95ba, 0x95ba, 0x8dba, 0x95ba, 0x8dba, 0x8dba, 0x8dba, 0x8dba, 0x8dba, 0x95ba, 0x8dba, 0x8dba, 0x8dba, 0x8dba, 0x8dba, 0x8dba,
0x8dba, 0x8dba, 0x859a, 0x859a, 0x859a, 0x859a, 0x859a, 0x7d7a, 0x7d7a, 0x7d7a, 0x7d7a, 0x857a, 0x857a, 0x859a, 0x859a, 0x859a,
0x6d38, 0x6516, 0x5d16, 0x5d36, 0x5d16, 0x5d16, 0x5cf6, 0x5cf6, 0x5cf6, 0x5cf6, 0x5cf6, 0x5cf6, 0x54f6, 0x54f6, 0x54f6, 0x54f6,
0x54f6, 0x5cf5, 0x5cf5, 0x5cf6, 0x5d15, 0x5d15, 0x5d16, 0x5cf6, 0x5cf6, 0x5cf6, 0x5cf6, 0x5cf6, 0x5cf6, 0x5cf6, 0x5cf6, 0x5cf6,
0x5cf6, 0x5cf6, 0x5cf6, 0x5cf6, 0x5cf6, 0x5cf6, 0x5cf6, 0x5cf6, 0x5cf6, 0x5cf6, 0x5cf6, 0x5cf6, 0x5cf6, 0x5d16, 0x5d16, 0x5d16,
0x5d16, 0x5d16, 0x5d16, 0x5d16, 0x5d16, 0x5d16, 0x6536, 0x5d36, 0x6535, 0x7534, 0x6d35, 0x6d35, 0x6536, 0x5d16, 0x5d16, 0x5d16,
0x6535, 0x6d34, 0x6d54, 0x6535, 0x5d15, 0x6516, 0x6536, 0x6535, 0x6536, 0x5d16, 0x5cf6, 0x5d16, 0x5d16, 0x5d16, 0x5cf6, 0x5cf6,
0x5cf6, 0x5d16, 0x5d16, 0x5d16, 0x5d36, 0x5d16, 0x5d16, 0x5d16, 0x5d16, 0x5cf6, 0x5d16, 0x5d16, 0x5d16, 0x5d16, 0x5cf6, 0x5d16,
0x5d16, 0x5d16, 0x5d16, 0x54f6, 0x5cf6, 0x54f6, 0x54f6, 0x54f6, 0x54f6, 0x54f6, 0x5cf6, 0x5d16, 0x5d16, 0x5d16, 0x5d15, 0x6d55,
0x7d95, 0x7595, 0x7595, 0x6534, 0x6d54, 0x8df3, 0x8df4, 0x85b4, 0x6d55, 0x7d74, 0x9df3, 0x95d3, 0x8dd3, 0x6d94, 0x8dd3, 0x95f2,
0x95f3, 0x95f3, 0x8594, 0x6d74, 0x6d54, 0x7d94, 0x8dd3, 0x85b3, 0x7d93, 0x7573, 0x7574, 0x6d54, 0x6d54, 0x6d34, 0x6534, 0x5d15,
0x5d15, 0x5d15, 0x5d15, 0x5d15, 0x5cf5, 0x5cf6, 0x5cf6, 0x5d16, 0x5516, 0x5d16, 0x5516, 0x5516, 0x54f6, 0x54f6, 0x5cf6, 0x5cf6,
0x54f6, 0x54f6, 0x54f5, 0x54f6, 0x54f6, 0x54f6, 0x54f5, 0x5515, 0x5515, 0x5515, 0x54f6, 0x5516, 0x5516, 0x54f6, 0x54f6, 0x54f6,
0x5cf6, 0x5cf6, 0x5cf6, 0x5cf6, 0x5cf6, 0x5cf6, 0x5cf6, 0x54f6, 0x54d6, 0x54d6, 0x54d5, 0x54f5, 0x5cf6, 0x54f6, 0x5cf6, 0x5d16,
0x5cf5, 0x5cf5, 0x54f5, 0x54d5, 0x54d5, 0x54d5, 0x54d5, 0x54d5, 0x54d5, 0x54d5, 0x54d5, 0x54d5, 0x54d5, 0x54d5, 0x54d6, 0x5cf6,
0x5cf6, 0x6517, 0x6517, 0x6d17, 0x5cb1, 0x5449, 0x43ea, 0x12a9, 0x6cd5, 0x95db, 0x8d9a, 0x8dba, 0x8d9a, 0x8d9a, 0x8d9a, 0x8d9a,
0x8d9a, 0x8d9a, 0x8dba, 0x8dba, 0x8dba, 0x8d9a, 0x859a, 0x859a, 0x859a, 0x859a, 0x859a, 0x857a, 0x859a, 0x85ba, 0x7d7a, 0x7d7a,
0x757a, 0x757a, 0x755a, 0x755a, 0x7d5a, 0x7d7a, 0x7d5a, 0x7d7a, 0x857a, 0x857a, 0x7d5a, 0x7d7a, 0x7d7a, 0x857a, 0x857a, 0x857a,
0x857a, 0x857a, 0x857a, 0x857a, 0x857a, 0x859a, 0x8d9a, 0x8d9a, 0x8d9a, 0x8d9a, 0x8d9a, 0x8d9a, 0x8d9a, 0x859a, 0x859a, 0x859a,
0x8dba, 0x8dda, 0x8dda, 0x859a, 0x859a, 0x8db9, 0x8db9, 0x8db9, 0x8db9, 0x8db9, 0x95d9, 0x95da, 0x8dba, 0x859a, 0x8dba, 0x8dba,
0x8dba, 0x8dba, 0x859a, 0x8599, 0x8599, 0x8dba, 0x8dba, 0x8dba, 0x8dba, 0x8dba, 0x8d9a, 0x859a, 0x859a, 0x8dba, 0x8d9a, 0x859a,
0x859a, 0x859a, 0x85ba, 0x8dba, 0x8dba, 0x859a, 0x859a, 0x859a, 0x85ba, 0x859a, 0x859a, 0x859a, 0x859a, 0x859a, 0x859a, 0x859a,
0x859a, 0x859a, 0x859a, 0x857a, 0x857a, 0x857a, 0x857a, 0x857a, 0x857a, 0x857a, 0x857a, 0x857a, 0x857a, 0x857a, 0x857a, 0x7d7a,
0x7d7a, 0x7d7a, 0x7d7a, 0x7559, 0x755a, 0x7d5a, 0x7539, 0x7539, 0x753a, 0x7d39, 0x7539, 0x7539, 0x7539, 0x6d39, 0x5cf6, 0x5cf6,
0x5cf6, 0x5cf6, 0x5cd5, 0x5cf5, 0x5cd5, 0x5cf5, 0x5cf5, 0x5cf5, 0x5cf5, 0x5cf5, 0x5cf5, 0x54f5, 0x54d5, 0x54d5, 0x54b5, 0x54d5,
0x54b5, 0x54b5, 0x54b5, 0x54b5, 0x54d5, 0x5cf6, 0x5cd6, 0x64d6, 0x6d18, 0x6d17, 0x6d17, 0x64f7, 0x6d39, 0x755a, 0x753a, 0x753a,
0x7539, 0x753a, 0x755a, 0x755a, 0x755a, 0x755a, 0x753a, 0x753a, 0x755a, 0x755a, 0x7d5a, 0x7d7a, 0x7d5a, 0x857a, 0x857a, 0x857a,
0x857a, 0x859a, 0x859a, 0x857a, 0x857a, 0x859a, 0x857a, 0x857a, 0x857a, 0x857a, 0x857a, 0x857a, 0x857a, 0x859a, 0x8d9a, 0x8dba,
0x8dba, 0x8dba, 0x8dba, 0x8d9a, 0x8dba, 0x8d9a, 0x859a, 0x857a, 0x7d7a, 0x7d7a, 0x7d79, 0x6d57, 0x6516, 0x5cf6, 0x5cf6, 0x5cf6,
0x5cf6, 0x5cf6, 0x5d16, 0x5cf6, 0x5cf6, 0x5cf6, 0x5d16, 0x5cf6, 0x5cf6, 0x5cf6, 0x5d16, 0x5d16, 0x5d16, 0x5d16, 0x5d16, 0x5cf5,
0x5cf6, 0x5d16, 0x5d16, 0x5d16, 0x5d16, 0x5d36, 0x6536, 0x5d36, 0x6536, 0x7574, 0x7d93, 0x7d73, 0x7d73, 0x6535, 0x5d16, 0x6535,
0x7574, 0x7d93, 0x7d93, 0x8db2, 0x7d73, 0x6514, 0x5d14, 0x5d15, 0x5d16, 0x5d15, 0x5d15, 0x6535, 0x5d16, 0x5d16, 0x5cf6, 0x5cf6,
0x5cf6, 0x5d16, 0x5cf6, 0x5d16, 0x5d16, 0x5516, 0x54f6, 0x5d16, 0x5cf6, 0x5d16, 0x5d16, 0x5d36, 0x5516, 0x5cf6, 0x5cf6, 0x5cf6,

/* -26- */
0x5cf6, 0x5cf6, 0x5cf6, 0x5cf6, 0x5cf6, 0x54d5, 0x54d5, 0x54f6, 0x54f6, 0x54f6, 0x54f6, 0x5cf6, 0x5cf6, 0x5cf6, 0x54f6, 0x5cf6,
0x54f6, 0x5cf6, 0x54d6, 0x54d6, 0x54d6, 0x54f5, 0x54d5, 0x54d5, 0x54d5, 0x54d5, 0x54d5, 0x54d5, 0x54d5, 0x54d5, 0x54d5, 0x54d5,
0x5cd6, 0x5cd6, 0x5cf6, 0x548e, 0x5469, 0x5c8a, 0x43e9, 0x1aea, 0x22eb, 0x4c32, 0x95db, 0x8dba, 0x8dba, 0x8dba, 0x8dba, 0x8dba,
0x8dbb, 0x8dba, 0x8dbb, 0x8dbb, 0x8d9a, 0x859a, 0x859a, 0x859a, 0x859a, 0x7d5a, 0x755a, 0x755a, 0x755a, 0x755a, 0x755a, 0x755a,
0x755a, 0x755a, 0x757a, 0x859a, 0x859a, 0x859a, 0x857a, 0x857a, 0x857a, 0x857a, 0x857a, 0x7d7a, 0x857a, 0x857a, 0x857a, 0x857a,
0x857a, 0x857a, 0x859a, 0x8dba, 0x8d9a, 0x8d9a, 0x859a, 0x859a, 0x8d9a, 0x8d9a, 0x859a, 0x8d9a, 0x8d9a, 0x8d9a, 0x95da, 0x95da,
0x95da, 0x95da, 0x8dda, 0x8dda, 0x8dba, 0x8dba, 0x8dba, 0x8db9, 0x8db9, 0x8db9, 0x95d9, 0x8dda, 0x8dba, 0x8dba, 0x8dba, 0x8dba,
0x8dba, 0x8dba, 0x6d37, 0x5cf6, 0x5cf6, 0x5cf6, 0x5cf6, 0x5cf6, 0x5cd6, 0x7559, 0x8dba, 0x8dba, 0x8dba, 0x8dba, 0x8dba, 0x8dba,
0x8d9a, 0x859a, 0x859a, 0x859a, 0x8d9a, 0x8dba, 0x8dba, 0x8dba, 0x859a, 0x8dba, 0x8dba, 0x85ba, 0x8dba, 0x859a, 0x859a, 0x8dba,
0x85ba, 0x859a, 0x859a, 0x859a, 0x859a, 0x859a, 0x859a, 0x859a, 0x857a, 0x7d7a, 0x857a, 0x857a, 0x857a, 0x857a, 0x859a, 0x859a,
0x857a, 0x857a, 0x857a, 0x7d7a, 0x7d7a, 0x7d7a, 0x7d5a, 0x7d5a, 0x7d5a, 0x7d59, 0x6516, 0x6516, 0x6516, 0x5d16, 0x5cf6, 0x5cf5,
0x5cf5, 0x5cf5, 0x5cf5, 0x5cf5, 0x5cf5, 0x5cf5, 0x5cf5, 0x5cf5, 0x5cf5, 0x5cf5, 0x5cf5, 0x5cf5, 0x5cf6, 0x5cf5, 0x54d5, 0x54d5,
0x54b5, 0x54b5, 0x54d5, 0x54d5, 0x54d5, 0x54d5, 0x54d5, 0x54d5, 0x54d5, 0x54b5, 0x64f8, 0x755a, 0x755a, 0x755a, 0x755a, 0x755a,
0x753a, 0x7539, 0x7539, 0x755a, 0x755a, 0x755a, 0x755a, 0x755a, 0x7d7a, 0x857a, 0x857a, 0x857a, 0x857a, 0x857a, 0x857a, 0x859a,
0x859a, 0x859a, 0x859a, 0x8d9a, 0x8d9a, 0x859a, 0x859a, 0x857a, 0x857a, 0x857a, 0x857a, 0x857a, 0x859a, 0x859a, 0x8d9a, 0x8d9a,
0x8dba, 0x8dba, 0x8dba, 0x8dba, 0x8dba, 0x8dba, 0x859a, 0x6d38, 0x5cf6, 0x5cf6, 0x5cf6, 0x5d16, 0x5d16, 0x5cf6, 0x5cf6, 0x5cf6,
0x5cf6, 0x5cf6, 0x5cf6, 0x5cf6, 0x5cf6, 0x5cf6, 0x5d16, 0x5cf6, 0x5cf6, 0x5d16, 0x5d16, 0x5d16, 0x5d16, 0x5d16, 0x5d16, 0x5d16,
0x5d16, 0x5d16, 0x5d16, 0x5d16, 0x5d16, 0x5d36, 0x5d36, 0x5d36, 0x7575, 0x85b4, 0x7d94, 0x6d55, 0x6535, 0x6535, 0x7594, 0x8db2,
0x8db2, 0x85b2, 0x7574, 0x6d54, 0x6d34, 0x6d54, 0x7574, 0x6d34, 0x5d15, 0x6535, 0x6535, 0x5d35, 0x5d16, 0x5d16, 0x5d16, 0x5cf6,
0x5d16, 0x5cf6, 0x5cf6, 0x5cf6, 0x5d16, 0x5d16, 0x5d16, 0x5cf6, 0x54f6, 0x5cf6, 0x5d16, 0x5516, 0x5516, 0x54f5, 0x5cf5, 0x5cf5,
0x5cf5, 0x54f6, 0x54d5, 0x54d6, 0x6515, 0x8dd3, 0x8dd4, 0x8dd4, 0x8dd4, 0x8db3, 0x8593, 0x6d34, 0x6514, 0x6514, 0x6514, 0x6515,
0x6515, 0x5cf5, 0x5cf6, 0x5d15, 0x54f5, 0x6d55, 0x85b4, 0x85b4, 0x8dd5, 0x95f4, 0x95f5, 0x9e15, 0x9df5, 0xa5f5, 0x9e15, 0x95f6,
0x9e16, 0x9e16, 0x9e15, 0x9e15, 0x9e15, 0x9616, 0x9616, 0x9e16, 0xae54, 0xae33, 0xb634, 0xb634, 0xb634, 0xb635, 0xb655, 0xae35,
0xa615, 0xa635, 0x9df4, 0x95f3, 0x8dd4, 0x7d95, 0x7d75, 0x7575, 0x7575, 0x7575, 0x6516, 0x5d15, 0x6535, 0x6d35, 0x8593, 0x8593,
0x6515, 0x5d15, 0x6d54, 0x7d93, 0x8594, 0x7d74, 0x7554, 0x7d74, 0x7d54, 0x7d73, 0x7554, 0x54d5, 0x54b5, 0x54b5, 0x54b5, 0x54d5,
0x54d5, 0x54d5, 0x54d5, 0x54d5, 0x54d5, 0x54d5, 0x54d5, 0x54d5, 0x54d5, 0x54d5, 0x54d5, 0x54d5, 0x54d5, 0x5cd5, 0x54d5, 0x54d5,
0x54d5, 0x54d5, 0x54d5, 0x54d5, 0x54d5, 0x54d5, 0x54d5, 0x54d5, 0x54d5, 0x54b5, 0x54d5, 0x54d5, 0x54d5, 0x54d5, 0x5cf6, 0x5cf6,
0x5d16, 0x5d16, 0x5d16, 0x5d16, 0x5d16, 0x5d16, 0x5d16, 0x5d16, 0x5d16, 0x5d16, 0x5d16, 0x5d16, 0x5d16, 0x5d36, 0x5d16, 0x6515,
0x5d16, 0x5d16, 0x5d16, 0x5516, 0x6535, 0x6535, 0x6d35, 0x7d93, 0x85b3, 0x85b2, 0x85b2, 0x8592, 0x85b2, 0x8d92, 0x7d93, 0x6d54,
0x7554, 0x6d34, 0x5d15, 0x5cf5, 0x5cf5, 0x54f5, 0x54d5, 0x54f5, 0x54f5, 0x54f5, 0x54f5, 0x54d5, 0x54d5, 0x54d5, 0x54d5, 0x54d5,
0x54d5, 0x54d5, 0x54d5, 0x54d5, 0x54d5, 0x54d6, 0x54d6, 0x54d6, 0x54d6, 0x54d6, 0x54d6, 0x54d6, 0x54d6, 0x6d38, 0x95db, 0x8dba,
0x8dda, 0x95da, 0x95da, 0x95da, 0x95da, 0x95da, 0x8dba, 0x8dba, 0x95ba, 0x95ba, 0x95ba, 0x95ba, 0x95da, 0x95da, 0x95db, 0x95db,
0x95db, 0x95da, 0x95da, 0x95da, 0x8dda, 0x8dba, 0x8dba, 0x8dba, 0x8dba, 0x8dba, 0x8dda, 0x8dda, 0x8dda, 0x95da, 0x95da, 0x95da,
0x8dda, 0x8dba, 0x8dba, 0x8dba, 0x8dba, 0x8dba, 0x859a, 0x8d9a, 0x8d9a, 0x8d9a, 0x859a, 0x8dbb, 0x7d79, 0x6516, 0x6516, 0x6516,
0x5d16, 0x5d16, 0x5d16, 0x5d16, 0x5d16, 0x5d16, 0x5cf5, 0x5cf5, 0x5cf5, 0x5cf5, 0x5cf5, 0x5cf6, 0x5cf6, 0x5cf6, 0x5cf6, 0x5cf6,
0x5cf6, 0x5d15, 0x5d15, 0x5d15, 0x6515, 0x5d15, 0x5cf6, 0x5cf6, 0x5cf6, 0x5cf6, 0x5cf6, 0x5d16, 0x5cf6, 0x5cd6, 0x5cd6, 0x5cd6,
0x5cf6, 0x5cf6, 0x5cf6, 0x5cf6, 0x5cd6, 0x5cf6, 0x5cf6, 0x5cf6, 0x5cf6, 0x5cd6, 0x5cf6, 0x5cf6, 0x5d16, 0x5d16, 0x5d16, 0x5d16,
0x5d16, 0x5d16, 0x5d16, 0x6536, 0x6536, 0x5d16, 0x6516, 0x6536, 0x6d35, 0x7535, 0x6d35, 0x6516, 0x5d16, 0x6516, 0x6d55, 0x6d55,
0x6d55, 0x6d55, 0x6515, 0x5d16, 0x5d16, 0x5d16, 0x5d16, 0x5d16, 0x5d16, 0x5d16, 0x5d16, 0x5d16, 0x5d16, 0x5d16, 0x5d15, 0x6515,
0x5d16, 0x5d16, 0x5d16, 0x5d16, 0x5d16, 0x5d16, 0x5d16, 0x5d16, 0x5d16, 0x5cf6, 0x5cf6, 0x54f6, 0x5d16, 0x5d16, 0x5d16, 0x5d16,
0x5d16, 0x5d16, 0x54f6, 0x54f6, 0x54f6, 0x54f5, 0x54f6, 0x4cd6, 0x4cd6, 0x54d6, 0x6554, 0x6d75, 0x6555, 0x6d55, 0x85b3, 0x8db4,
0x85b4, 0x8db4, 0x8db4, 0x8dd4, 0x95f3, 0x9e13, 0x9e13, 0x9e14, 0x9e14, 0xa613, 0x95f4, 0x85d4, 0x8dd4, 0x95f3, 0x9df2, 0x9df2,
0x95d3, 0x95d3, 0x8dd3, 0x8dd3, 0x95d3, 0x8db3, 0x7574, 0x7574, 0x7574, 0x7574, 0x6d54, 0x6d54, 0x6d34, 0x5d15, 0x5d15, 0x5d16,
0x5d16, 0x5d16, 0x5d16, 0x5d16, 0x5d16, 0x5cf6, 0x5cf6, 0x5d16, 0x5d16, 0x5516, 0x54f6, 0x5cf6, 0x5cf6, 0x5cf6, 0x5cf6, 0x5cf6,
0x5516, 0x54f6, 0x54f6, 0x54f6, 0x54f6, 0x54f6, 0x5516, 0x5d16, 0x5d16, 0x5517, 0x5516, 0x54f6, 0x54f5, 0x54f5, 0x54f5, 0x54f5,
0x5cf6, 0x5cf6, 0x5cf6, 0x5cf6, 0x5cf6, 0x54d5, 0x54d5, 0x54f6, 0x54f6, 0x54f6, 0x54f6, 0x5cf6, 0x5cf6, 0x5cf6, 0x54f6, 0x5cf6,
0x54f6, 0x5cf6, 0x54d6, 0x54d6, 0x54d6, 0x54f5, 0x54d5, 0x54d5, 0x54d5, 0x54d5, 0x54d5, 0x54d5, 0x54d5, 0x54d5, 0x54d5, 0x54d5,
0x5cd6, 0x5cd6, 0x5cf6, 0x548e, 0x5469, 0x5c8a, 0x43e9, 0x1aea, 0x22eb, 0x4c32, 0x95db, 0x8dba, 0x8dba, 0x8dba, 0x8dba, 0x8dba,
0x8dbb, 0x8dba, 0x8dbb, 0x8dbb, 0x8d9a, 0x859a, 0x859a, 0x859a, 0x859a, 0x7d5a, 0x755a, 0x755a, 0x755a, 0x755a, 0x755a, 0x755a,
0x755a, 0x755a, 0x757a, 0x859a, 0x859a, 0x859a, 0x857a, 0x857a, 0x857a, 0x857a, 0x857a, 0x7d7a, 0x857a, 0x857a, 0x857a, 0x857a,
0x857a, 0x857a, 0x859a, 0x8dba, 0x8d9a, 0x8d9a, 0x859a, 0x859a, 0x8d9a, 0x8d9a, 0x859a, 0x8d9a, 0x8d9a, 0x8d9a, 0x95da, 0x95da,
0x95da, 0x95da, 0x8dda, 0x8dda, 0x8dba, 0x8dba, 0x8dba, 0x8db9, 0x8db9, 0x8db9, 0x95d9, 0x8dda, 0x8dba, 0x8dba, 0x8dba, 0x8dba,
0x8dba, 0x8dba, 0x6d37, 0x5cf6, 0x5cf6, 0x5cf6, 0x5cf6, 0x5cf6, 0x5cd6, 0x7559, 0x8dba, 0x8dba, 0x8dba, 0x8dba, 0x8dba, 0x8dba,
0x8d9a, 0x859a, 0x859a, 0x859a, 0x8d9a, 0x8dba, 0x8dba, 0x8dba, 0x859a, 0x8dba, 0x8dba, 0x85ba, 0x8dba, 0x859a, 0x859a, 0x8dba,
0x85ba, 0x859a, 0x859a, 0x859a, 0x859a, 0x859a, 0x859a, 0x859a, 0x857a, 0x7d7a, 0x857a, 0x857a, 0x857a, 0x857a, 0x859a, 0x859a,
0x857a, 0x857a, 0x857a, 0x7d7a, 0x7d7a, 0x7d7a, 0x7d5a, 0x7d5a, 0x7d5a, 0x7d59, 0x6516, 0x6516, 0x6516, 0x5d16, 0x5cf6, 0x5cf5,
0x5cf5, 0x5cf5, 0x5cf5, 0x5cf5, 0x5cf5, 0x5cf5, 0x5cf5, 0x5cf5, 0x5cf5, 0x5cf5, 0x5cf5, 0x5cf5, 0x5cf6, 0x5cf5, 0x54d5, 0x54d5,
0x54b5, 0x54b5, 0x54d5, 0x54d5, 0x54d5, 0x54d5, 0x54d5, 0x54d5, 0x54d5, 0x54b5, 0x64f8, 0x755a, 0x755a, 0x755a, 0x755a, 0x755a,
0x753a, 0x7539, 0x7539, 0x755a, 0x755a, 0x755a, 0x755a, 0x755a, 0x7d7a, 0x857a, 0x857a, 0x857a, 0x857a, 0x857a, 0x857a, 0x859a,
0x859a, 0x859a, 0x859a, 0x8d9a, 0x8d9a, 0x859a, 0x859a, 0x857a, 0x857a, 0x857a, 0x857a, 0x857a, 0x859a, 0x859a, 0x8d9a, 0x8d9a,
0x8dba, 0x8dba, 0x8dba, 0x8dba, 0x8dba, 0x8dba, 0x859a, 0x6d38, 0x5cf6, 0x5cf6, 0x5cf6, 0x5d16, 0x5d16, 0x5cf6, 0x5cf6, 0x5cf6,
0x5cf6, 0x5cf6, 0x5cf6, 0x5cf6, 0x5cf6, 0x5cf6, 0x5d16, 0x5cf6, 0x5cf6, 0x5d16, 0x5d16, 0x5d16, 0x5d16, 0x5d16, 0x5d16, 0x5d16,
0x5d16, 0x5d16, 0x5d16, 0x5d16, 0x5d16, 0x5d36, 0x5d36, 0x5d36, 0x7575, 0x85b4, 0x7d94, 0x6d55, 0x6535, 0x6535, 0x7594, 0x8db2,
0x8db2, 0x85b2, 0x7574, 0x6d54, 0x6d34, 0x6d54, 0x7574, 0x6d34, 0x5d15, 0x6535, 0x6535, 0x5d35, 0x5d16, 0x5d16, 0x5d16, 0x5cf6,
0x5d16, 0x5cf6, 0x5cf6, 0x5cf6, 0x5d16, 0x5d16, 0x5d16, 0x5cf6, 0x54f6, 0x5cf6, 0x5d16, 0x5516, 0x5516, 0x54f5, 0x5cf5, 0x5cf5,

/* -27- */
0x5cf6, 0x5cf6, 0x5cf6, 0x5cf6, 0x54f6, 0x54d6, 0x54d6, 0x5cf6, 0x54f6, 0x54f6, 0x54f6, 0x5cf6, 0x54f6, 0x5cf6, 0x54f6, 0x54d6,
0x54d6, 0x54d6, 0x54d6, 0x54d6, 0x54d5, 0x54d5, 0x54f5, 0x54d5, 0x5cf5, 0x54f5, 0x54f5, 0x54d5, 0x54d5, 0x54d5, 0x54d5, 0x54d5,
0x5cd5, 0x5cf6, 0x5d16, 0x54ad, 0x5c88, 0x5caa, 0x4409, 0x232a, 0x12a9, 0x2b6d, 0x6d58, 0x6537, 0x7558, 0x8dbb, 0x8dbb, 0x8dbb,
0x8dbb, 0x8dbb, 0x859a, 0x859a, 0x859a, 0x7d7a, 0x755a, 0x7d5a, 0x7d5a, 0x753a, 0x753a, 0x753a, 0x753a, 0x753a, 0x7d5a, 0x7d7a,
0x7d7a, 0x7d7a, 0x7d7a, 0x859a, 0x859a, 0x859a, 0x859a, 0x859a, 0x857a, 0x857a, 0x857a, 0x859a, 0x859a, 0x859a, 0x859a, 0x859a,
0x859a, 0x859a, 0x8d9a, 0x8dba, 0x8dba, 0x8dba, 0x8dba, 0x859a, 0x8dba, 0x8dba, 0x8dba, 0x8dba, 0x8dba, 0x8dda, 0x95da, 0x95da,
0x95da, 0x95da, 0x95da, 0x95da, 0x95da, 0x95da, 0x95ba, 0x8dda, 0x8dba, 0x8db9, 0x8dda, 0x8dda, 0x8dba, 0x7558, 0x6d37, 0x6d57,
0x6d37, 0x6d37, 0x5d16, 0x5d15, 0x5cf5, 0x5cf5, 0x5cf5, 0x54f5, 0x54d5, 0x5cf6, 0x6d37, 0x6d37, 0x6d37, 0x6d17, 0x7558, 0x8599,
0x8dba, 0x8d9a, 0x8dba, 0x8dba, 0x8dba, 0x8dba, 0x8dba, 0x8dda, 0x8dba, 0x8dda, 0x8dda, 0x8dda, 0x8dda, 0x8dba, 0x8dba, 0x8dba,
0x85ba, 0x859a, 0x859a, 0x8d9a, 0x859a, 0x859a, 0x859a, 0x859a, 0x859a, 0x859a, 0x859a, 0x859a, 0x857a, 0x857a, 0x859a, 0x859a,
0x859a, 0x8d9a, 0x8d9a, 0x857a, 0x857a, 0x7d9a, 0x6d58, 0x6537, 0x6517, 0x6516, 0x5d15, 0x5cf6, 0x5cf5, 0x5cf5, 0x5cf5, 0x5cf5,
0x5cf5, 0x5cf5, 0x5cf5, 0x5cf5, 0x5cf5, 0x5cf5, 0x5cf5, 0x5cf5, 0x5cf5, 0x5cf5, 0x5cf6, 0x5d16, 0x5cf6, 0x5cf6, 0x5d16, 0x5cf5,
0x5cd5, 0x54d5, 0x54d5, 0x54d5, 0x54d5, 0x54b5, 0x54d5, 0x54d5, 0x54b5, 0x54b5, 0x5cd6, 0x5cf7, 0x5cf7, 0x5cf7, 0x5cf7, 0x6d38,
0x7d7a, 0x7d7a, 0x755a, 0x7d5a, 0x857a, 0x857a, 0x859a, 0x857a, 0x857a, 0x857a, 0x857a, 0x857a, 0x857a, 0x857a, 0x859a, 0x859a,
0x859a, 0x859a, 0x8dba, 0x8dba, 0x8dba, 0x8d9a, 0x8d9a, 0x857a, 0x8599, 0x859a, 0x857a, 0x859a, 0x859a, 0x859a, 0x859a, 0x859a,
0x859a, 0x8dba, 0x8dba, 0x7578, 0x6517, 0x6517, 0x6517, 0x5d16, 0x5cf6, 0x5cf6, 0x5cf6, 0x5d16, 0x5d16, 0x5d16, 0x5d16, 0x5d16,
0x5d16, 0x5d16, 0x5cf6, 0x5cf6, 0x5cf6, 0x5cf6, 0x5d16, 0x5d16, 0x5d16, 0x5d36, 0x5d16, 0x5d16, 0x5d16, 0x5d16, 0x5d16, 0x5d36,
0x5d36, 0x5d16, 0x5d16, 0x6535, 0x6d54, 0x6d74, 0x6d74, 0x7574, 0x7d94, 0x7d94, 0x6d75, 0x6d75, 0x7574, 0x7d95, 0x8dd3, 0x95f2,
0x95f2, 0x95d2, 0x7574, 0x6d54, 0x6d54, 0x6d54, 0x6535, 0x6535, 0x5d15, 0x5d15, 0x5d15, 0x5d16, 0x5d16, 0x5d16, 0x5cf6, 0x5cf5,
0x5d16, 0x5cf6, 0x54f6, 0x54f6, 0x5cf6, 0x5cf6, 0x5cf6, 0x54f6, 0x54d6, 0x5cf6, 0x54f5, 0x54f5, 0x54f5, 0x54d5, 0x4cd5, 0x4cd5,
0x4cd5, 0x6535, 0x85b4, 0x7d95, 0x85b5, 0x9df3, 0x9df4, 0x9df4, 0x95d4, 0x95d4, 0x8dd3, 0x7d94, 0x7d74, 0x7554, 0x6d35, 0x5cf5,
0x54f6, 0x5cf6, 0x54d6, 0x7576, 0x85b5, 0x8dd5, 0x9e14, 0x9e15, 0x9e36, 0x9e15, 0x9e15, 0x9e15, 0x9df5, 0xa616, 0x9df6, 0x95f6,
0x9e36, 0xa636, 0xa636, 0x9e36, 0x9e36, 0x9e36, 0x9e36, 0xa636, 0xb654, 0xb654, 0xb634, 0xae35, 0xae36, 0xae37, 0x64d0, 0x64ef,
0xae56, 0xa615, 0x9df5, 0x8dd5, 0x7d76, 0x6d56, 0x7576, 0x6d56, 0x6d56, 0x7556, 0x6d56, 0x6d56, 0x7576, 0x7575, 0x8594, 0x8594,
0x7575, 0x7d74, 0x85b4, 0x8db4, 0x8594, 0x7d74, 0x7d74, 0x7d74, 0x7d74, 0x7d74, 0x7d74, 0x6d34, 0x6d34, 0x6d34, 0x6514, 0x5cf4,
0x54d5, 0x54b5, 0x54b5, 0x54b5, 0x4cb5, 0x54d5, 0x54b5, 0x54d5, 0x54d5, 0x54b5, 0x54b5, 0x54b5, 0x54b5, 0x54d5, 0x5cd5, 0x54d5,
0x54d5, 0x5cd5, 0x54d5, 0x54d5, 0x54d5, 0x54d5, 0x54d5, 0x54b5, 0x54b5, 0x54b5, 0x54d5, 0x54d5, 0x54d5, 0x5cf6, 0x5cf6, 0x5cf6,
0x5d16, 0x5d15, 0x5d15, 0x5d15, 0x5d16, 0x5d16, 0x5d16, 0x5d16, 0x5d16, 0x5d15, 0x5d16, 0x5d16, 0x5d16, 0x5d16, 0x5d16, 0x6515,
0x5d36, 0x5536, 0x6536, 0x8553, 0x7d95, 0x7d94, 0x7d93, 0x8db2, 0x85b2, 0x85b2, 0x8592, 0x7d93, 0x7574, 0x7d73, 0x7554, 0x6535,
0x6535, 0x6535, 0x5cf5, 0x54f5, 0x5cf5, 0x5cf5, 0x54f5, 0x54f5, 0x54d5, 0x54f5, 0x54f5, 0x54d5, 0x54d5, 0x54d5, 0x54d5, 0x54f5,
0x54f5, 0x54d5, 0x54d5, 0x54d5, 0x54d5, 0x54d6, 0x54d6, 0x54d6, 0x54d6, 0x54d6, 0x54d5, 0x54d5, 0x54b5, 0x5cd6, 0x6517, 0x64f7,
0x64f6, 0x6d17, 0x95da, 0x95fb, 0x95da, 0x95da, 0x8dba, 0x8dda, 0x95da, 0x95da, 0x95da, 0x95db, 0x95da, 0x95da, 0x95db, 0x95db,
0x95da, 0x95da, 0x95da, 0x95db, 0x95da, 0x95da, 0x95da, 0x95da, 0x95da, 0x95da, 0x95da, 0x95da, 0x95da, 0x95fa, 0x95fa, 0x95da,
0x95da, 0x95da, 0x8dda, 0x8dda, 0x95da, 0x8dda, 0x95da, 0x95da, 0x8dba, 0x6d37, 0x6537, 0x6537, 0x6516, 0x5cf6, 0x5d16, 0x5d16,
0x5d16, 0x5d16, 0x5d16, 0x5d16, 0x5cf6, 0x5cf5, 0x5cf5, 0x5cf6, 0x5d15, 0x5d15, 0x5d15, 0x5cf5, 0x5cf5, 0x5d15, 0x5d15, 0x5d15,
0x5d16, 0x5d15, 0x6535, 0x6536, 0x6536, 0x5d15, 0x5cf6, 0x5cf6, 0x5d16, 0x5d16, 0x5d16, 0x5d16, 0x5cf6, 0x5cf6, 0x5cf6, 0x5cf6,
0x5cf6, 0x5cf6, 0x5cf6, 0x5cd6, 0x5cd6, 0x5cf6, 0x54f6, 0x54f6, 0x5cf6, 0x5cf6, 0x5cf6, 0x5d16, 0x5d16, 0x5d16, 0x5d16, 0x5d16,
0x5d16, 0x5d36, 0x5d36, 0x6536, 0x6536, 0x6d36, 0x6d35, 0x6d55, 0x6d35, 0x6535, 0x5d16, 0x5d16, 0x5d16, 0x6535, 0x6d55, 0x6d35,
0x6d35, 0x6d35, 0x5d16, 0x5d16, 0x5d16, 0x5d16, 0x5d16, 0x5d16, 0x5d16, 0x5cf6, 0x5cf6, 0x5d16, 0x5d16, 0x5d16, 0x6515, 0x6515,
0x5d16, 0x5d16, 0x5d16, 0x5d16, 0x5d16, 0x5d16, 0x5d16, 0x5d16, 0x5d16, 0x5cf6, 0x5516, 0x5516, 0x54f6, 0x54d6, 0x54f6, 0x54f6,
0x54f6, 0x54f6, 0x54f6, 0x54f6, 0x54d6, 0x54d6, 0x54f6, 0x6d55, 0x6d55, 0x6d55, 0x7d94, 0x85b4, 0x7db5, 0x85b5, 0x8dd4, 0x95d4,
0x95d4, 0x95f4, 0x9df4, 0xa635, 0xae55, 0xa635, 0xae55, 0xae55, 0xae55, 0xae55, 0xa635, 0x9e35, 0x9e35, 0xa634, 0xa613, 0xa5f4,
0x95d5, 0x95d5, 0x95d4, 0x95d4, 0x95d3, 0x8dd3, 0x8594, 0x6d54, 0x6d55, 0x6535, 0x6515, 0x6515, 0x6515, 0x5d15, 0x5d16, 0x5d16,
0x5cf6, 0x5cf6, 0x5cf5, 0x5cf5, 0x5cf6, 0x54f6, 0x54f6, 0x54f6, 0x54f6, 0x54f6, 0x54d6, 0x5cd6, 0x5cd6, 0x5cf6, 0x5d16, 0x5d16,
0x5d16, 0x54f6, 0x54f6, 0x54f6, 0x5516, 0x5517, 0x54f3, 0x4cae, 0x548f, 0x4c6e, 0x54b1, 0x5516, 0x54f6, 0x54f5, 0x54f5, 0x54f5,
0x5cf6, 0x5cf6, 0x5cf6, 0x5cf6, 0x54f6, 0x54d6, 0x54d6, 0x5cf6, 0x54f6, 0x54f6, 0x54f6, 0x5cf6, 0x54f6, 0x5cf6, 0x54f6, 0x54d6,
0x54d6, 0x54d6, 0x54d6, 0x54d6, 0x54d5, 0x54d5, 0x54f5, 0x54d5, 0x5cf5, 0x54f5, 0x54f5, 0x54d5, 0x54d5, 0x54d5, 0x54d5, 0x54d5,
0x5cd5, 0x5cf6, 0x5d16, 0x54ad, 0x5c88, 0x5caa, 0x4409, 0x232a, 0x12a9, 0x2b6d, 0x6d58, 0x6537, 0x7558, 0x8dbb, 0x8dbb, 0x8dbb,
0x8dbb, 0x8dbb, 0x859a, 0x859a, 0x859a, 0x7d7a, 0x755a, 0x7d5a, 0x7d5a, 0x753a, 0x753a, 0x753a, 0x753a, 0x753a, 0x7d5a, 0x7d7a,
0x7d7a, 0x7d7a, 0x7d7a, 0x859a, 0x859a, 0x859a, 0x859a, 0x859a, 0x857a, 0x857a, 0x857a, 0x859a, 0x859a, 0x859a, 0x859a, 0x859a,
0x859a, 0x859a, 0x8d9a, 0x8dba, 0x8dba, 0x8dba, 0x8dba, 0x859a, 0x8dba, 0x8dba, 0x8dba, 0x8dba, 0x8dba, 0x8dda, 0x95da, 0x95da,
0x95da, 0x95da, 0x95da, 0x95da, 0x95da, 0x95da, 0x95ba, 0x8dda, 0x8dba, 0x8db9, 0x8dda, 0x8dda, 0x8dba, 0x7558, 0x6d37, 0x6d57,
0x6d37, 0x6d37, 0x5d16, 0x5d15, 0x5cf5, 0x5cf5, 0x5cf5, 0x54f5, 0x54d5, 0x5cf6, 0x6d37, 0x6d37, 0x6d37, 0x6d17, 0x7558, 0x8599,
0x8dba, 0x8d9a, 0x8dba, 0x8dba, 0x8dba, 0x8dba, 0x8dba, 0x8dda, 0x8dba, 0x8dda, 0x8dda, 0x8dda, 0x8dda, 0x8dba, 0x8dba, 0x8dba,
0x85ba, 0x859a, 0x859a, 0x8d9a, 0x859a, 0x859a, 0x859a, 0x859a, 0x859a, 0x859a, 0x859a, 0x859a, 0x857a, 0x857a, 0x859a, 0x859a,
0x859a, 0x8d9a, 0x8d9a, 0x857a, 0x857a, 0x7d9a, 0x6d58, 0x6537, 0x6517, 0x6516, 0x5d15, 0x5cf6, 0x5cf5, 0x5cf5, 0x5cf5, 0x5cf5,
0x5cf5, 0x5cf5, 0x5cf5, 0x5cf5, 0x5cf5, 0x5cf5, 0x5cf5, 0x5cf5, 0x5cf5, 0x5cf5, 0x5cf6, 0x5d16, 0x5cf6, 0x5cf6, 0x5d16, 0x5cf5,
0x5cd5, 0x54d5, 0x54d5, 0x54d5, 0x54d5, 0x54b5, 0x54d5, 0x54d5, 0x54b5, 0x54b5, 0x5cd6, 0x5cf7, 0x5cf7, 0x5cf7, 0x5cf7, 0x6d38,
0x7d7a, 0x7d7a, 0x755a, 0x7d5a, 0x857a, 0x857a, 0x859a, 0x857a, 0x857a, 0x857a, 0x857a, 0x857a, 0x857a, 0x857a, 0x859a, 0x859a,
0x859a, 0x859a, 0x8dba, 0x8dba, 0x8dba, 0x8d9a, 0x8d9a, 0x857a, 0x8599, 0x859a, 0x857a, 0x859a, 0x859a, 0x859a, 0x859a, 0x859a,
0x859a, 0x8dba, 0x8dba, 0x7578, 0x6517, 0x6517, 0x6517, 0x5d16, 0x5cf6, 0x5cf6, 0x5cf6, 0x5d16, 0x5d16, 0x5d16, 0x5d16, 0x5d16,
0x5d16, 0x5d16, 0x5cf6, 0x5cf6, 0x5cf6, 0x5cf6, 0x5d16, 0x5d16, 0x5d16, 0x5d36, 0x5d16, 0x5d16, 0x5d16, 0x5d16, 0x5d16, 0x5d36,
0x5d36, 0x5d16, 0x5d16, 0x6535, 0x6d54, 0x6d74, 0x6d74, 0x7574, 0x7d94, 0x7d94, 0x6d75, 0x6d75, 0x7574, 0x7d95, 0x8dd3, 0x95f2,
0x95f2, 0x95d2, 0x7574, 0x6d54, 0x6d54, 0x6d54, 0x6535, 0x6535, 0x5d15, 0x5d15, 0x5d15, 0x5d16, 0x5d16, 0x5d16, 0x5cf6, 0x5cf5,
0x5d16, 0x5cf6, 0x54f6, 0x54f6, 0x5cf6, 0x5cf6, 0x5cf6, 0x54f6, 0x54d6, 0x5cf6, 0x54f5, 0x54f5, 0x54f5, 0x54d5, 0x4cd5, 0x4cd5,

/* -28- */
0x5cf6, 0x54f6, 0x5cf6, 0x5cf6, 0x5cf6, 0x54f6, 0x54f6, 0x54d6, 0x54d6, 0x54d5, 0x54d5, 0x54d5, 0x54d5, 0x54d5, 0x54d5, 0x54d6,
0x54d6, 0x5cf6, 0x54f6, 0x54d6, 0x54d6, 0x54d5, 0x54f5, 0x5cf5, 0x54f5, 0x54f5, 0x54f5, 0x54f5, 0x54d5, 0x54d5, 0x54f5, 0x5cd5,
0x5cf5, 0x5cf5, 0x5cf6, 0x548d, 0x5c88, 0x5469, 0x43e9, 0x2b4a, 0x1aa9, 0x2b2c, 0x54f5, 0x54d5, 0x5cf6, 0x6d38, 0x6d38, 0x6d18,
0x6d18, 0x7539, 0x753a, 0x753a, 0x753a, 0x753a, 0x753a, 0x753a, 0x753a, 0x755a, 0x755a, 0x755a, 0x7d5a, 0x7d7a, 0x857a, 0x857a,
0x857a, 0x859a, 0x859a, 0x859a, 0x859a, 0x859a, 0x859a, 0x859a, 0x859a, 0x857a, 0x859a, 0x8d9a, 0x859a, 0x8dba, 0x8dda, 0x8dba,
0x8dba, 0x8dba, 0x8dba, 0x8dba, 0x8dba, 0x8dba, 0x8dda, 0x8dba, 0x8dda, 0x8dda, 0x8dda, 0x8dda, 0x95da, 0x95da, 0x95da, 0x95da,
0x95da, 0x95da, 0x95da, 0x95da, 0x95da, 0x8dda, 0x8dd9, 0x8dda, 0x85b9, 0x6d37, 0x6537, 0x6537, 0x6d37, 0x5d16, 0x5d16, 0x5d16,
0x5d16, 0x5d16, 0x5d16, 0x5d16, 0x6516, 0x5d16, 0x5d16, 0x5cf5, 0x5cf6, 0x54d6, 0x54f5, 0x54f6, 0x5cf6, 0x5cd6, 0x6516, 0x7558,
0x7579, 0x7559, 0x7d79, 0x7d79, 0x8579, 0x8dba, 0x8dba, 0x95da, 0x95da, 0x8dda, 0x95da, 0x95da, 0x95da, 0x95da, 0x8dda, 0x8dba,
0x85ba, 0x859a, 0x8dba, 0x8dba, 0x859a, 0x859a, 0x8dba, 0x8dba, 0x8dba, 0x8dba, 0x8dba, 0x859a, 0x859a, 0x859a, 0x859a, 0x859a,
0x7d79, 0x7d79, 0x7d79, 0x7579, 0x7579, 0x6537, 0x5d16, 0x5d16, 0x5cf5, 0x5cf5, 0x5d15, 0x5cf6, 0x5cf6, 0x5cf6, 0x5cf5, 0x5cf5,
0x5cf5, 0x5cf5, 0x5cf5, 0x5cf6, 0x5cf6, 0x5d15, 0x5d15, 0x5d15, 0x5d15, 0x5d16, 0x5d16, 0x5d16, 0x5cf6, 0x5d16, 0x5d16, 0x5d16,
0x5cf6, 0x54d6, 0x54d6, 0x5cd5, 0x5cd5, 0x5cd5, 0x54d5, 0x54d5, 0x54b5, 0x54d5, 0x54d5, 0x54d5, 0x54d5, 0x54d5, 0x54d5, 0x5cf6,
0x6d38, 0x6d38, 0x6d38, 0x6d38, 0x7d59, 0x857a, 0x859a, 0x859a, 0x859a, 0x857a, 0x859a, 0x859a, 0x859a, 0x859a, 0x859a, 0x859a,
0x8dba, 0x8dba, 0x8dba, 0x8dba, 0x8dba, 0x8dba, 0x859a, 0x859a, 0x859a, 0x8599, 0x8d9a, 0x8d9a, 0x8d9a, 0x859a, 0x859a, 0x7538,
0x6517, 0x6517, 0x6517, 0x5d16, 0x5cf6, 0x5cf6, 0x5cf5, 0x5cf6, 0x5cf6, 0x5cf6, 0x5cf6, 0x5cf6, 0x5cf6, 0x5d16, 0x5d16, 0x5d16,
0x5d16, 0x5d16, 0x5d16, 0x5d16, 0x5d16, 0x5d16, 0x5d16, 0x5d16, 0x5d16, 0x5d16, 0x5d16, 0x5d16, 0x5d16, 0x5d16, 0x5d16, 0x5d36,
0x5d16, 0x6536, 0x6d34, 0x6d54, 0x7573, 0x7593, 0x7593, 0x7593, 0x7d94, 0x7d94, 0x6555, 0x7d94, 0x9df3, 0x95f3, 0x95f3, 0x95f3,
0x95f3, 0x8dd3, 0x7594, 0x6d54, 0x7574, 0x6d34, 0x5d15, 0x5d15, 0x5d15, 0x5d15, 0x5cf5, 0x5cf5, 0x5cf6, 0x5cf6, 0x54f5, 0x54f5,
0x54f5, 0x5d16, 0x54f6, 0x54f6, 0x54f6, 0x54d6, 0x54d6, 0x54d6, 0x54d6, 0x54d5, 0x54d5, 0x4cb5, 0x54d5, 0x6d35, 0x7574, 0x7d95,
0x7575, 0x8dd5, 0xa634, 0x9e15, 0x9e14, 0x9df4, 0x9df4, 0x95f4, 0x95d4, 0x95d4, 0x95d4, 0x95f4, 0x95f4, 0x7d95, 0x7d95, 0x6535,
0x54f6, 0x6516, 0x7556, 0x8dd5, 0x9e15, 0x95f5, 0x95f5, 0x9e36, 0xa657, 0xa636, 0x9e36, 0x95f6, 0x95f6, 0x9e16, 0x9e16, 0xa636,
0xa656, 0xa656, 0xa636, 0xa656, 0xa656, 0xae56, 0xb675, 0xb655, 0xb656, 0xb656, 0xae36, 0xa616, 0x9df6, 0xa638, 0x4c2c, 0x43ea,
0x85b4, 0x8dd5, 0x8dd6, 0x85b6, 0x85b6, 0x7d96, 0x7d96, 0x7d97, 0x7d76, 0x7576, 0x7d96, 0x7d96, 0x7d96, 0x7d95, 0x7d75, 0x7d95,
0x95d5, 0x9e15, 0x9e14, 0x95f4, 0x85b5, 0x8595, 0x8595, 0x8595, 0x85b5, 0x85b5, 0x85b5, 0x85b4, 0x85b4, 0x7574, 0x7d74, 0x7d74,
0x6515, 0x64f5, 0x5cf5, 0x5cf5, 0x5cf5, 0x54b5, 0x54b5, 0x54b5, 0x54b5, 0x54b5, 0x54b5, 0x54b5, 0x54b5, 0x54d5, 0x5cd5, 0x5cd5,
0x54d5, 0x54d5, 0x54d5, 0x54d5, 0x54d5, 0x54d5, 0x54d5, 0x54d5, 0x54d5, 0x54d5, 0x54d5, 0x54f5, 0x54f5, 0x5d16, 0x5d15, 0x5d16,
0x5d16, 0x5d16, 0x5d16, 0x5d15, 0x5d15, 0x5d15, 0x5cf6, 0x5cf6, 0x5d16, 0x5d15, 0x5d15, 0x5d16, 0x5d16, 0x5d36, 0x5d16, 0x6535,
0x6555, 0x6555, 0x6d75, 0xe5cf, 0x9593, 0x8db3, 0x8db3, 0x8db2, 0x8db2, 0x8db2, 0x85b3, 0x7574, 0x6535, 0x6535, 0x5d15, 0x54f5,
0x54f5, 0x54f5, 0x5cf5, 0x54f5, 0x5cf5, 0x5cf5, 0x5cf5, 0x54f5, 0x54d5, 0x54f5, 0x54f5, 0x54f5, 0x54f5, 0x54f5, 0x54f5, 0x54f5,
0x54f5, 0x54f5, 0x54f5, 0x54d5, 0x54d6, 0x54d6, 0x54d6, 0x54d6, 0x54d6, 0x54d6, 0x54d6, 0x54d5, 0x54d6, 0x54d5, 0x54b5, 0x54b5,
0x54b5, 0x54b5, 0x6517, 0x6d37, 0x6d37, 0x7d79, 0x8dba, 0x95da, 0x95da, 0x95da, 0x95da, 0x95da, 0x95da, 0x95da, 0x95da, 0x95da,
0x95da, 0x95fa, 0x95fa, 0x95fa, 0x95fa, 0x95fa, 0x95fa, 0x95fb, 0x95fb, 0x95fa, 0x95fa, 0x95fa, 0x95fa, 0x95fa, 0x95fa, 0x95da,
0x95fa, 0x95da, 0x95da, 0x95da, 0x8599, 0x7578, 0x7558, 0x7558, 0x6d38, 0x5cf6, 0x5cf6, 0x5cf6, 0x5cf6, 0x5d16, 0x5cf6, 0x5cf6,
0x5d16, 0x5d16, 0x5d16, 0x5d16, 0x5d16, 0x5d16, 0x5d15, 0x5d15, 0x5d15, 0x5d15, 0x5d15, 0x5d15, 0x5d15, 0x6515, 0x6535, 0x6535,
0x5d15, 0x6515, 0x6515, 0x6536, 0x6535, 0x5d16, 0x5d16, 0x5d15, 0x6535, 0x6536, 0x5d36, 0x5d16, 0x5cf6, 0x5cf6, 0x5cf5, 0x5cf6,
0x5cf6, 0x5cf6, 0x5cf6, 0x5cd6, 0x5cd6, 0x5cf6, 0x54f6, 0x5cf6, 0x5cf6, 0x5d16, 0x5d16, 0x5d16, 0x5d16, 0x5d16, 0x5d16, 0x5d16,
0x5d36, 0x5d36, 0x5d36, 0x6536, 0x6556, 0x6d56, 0x6d56, 0x6d36, 0x6536, 0x5d16, 0x5cf6, 0x5cf6, 0x5d15, 0x6535, 0x6d55, 0x6535,
0x6535, 0x5d16, 0x5d16, 0x5d16, 0x5d16, 0x5d16, 0x5d16, 0x5d16, 0x5d16, 0x5cf6, 0x5cf5, 0x5d16, 0x6516, 0x6516, 0x6515, 0x5d15,
0x5d16, 0x5d16, 0x5d16, 0x5d16, 0x5d16, 0x5d16, 0x5d36, 0x5d16, 0x5d16, 0x5cf6, 0x54f6, 0x5cf6, 0x54f6, 0x54d6, 0x54b5, 0x54d5,
0x54d5, 0x54d6, 0x54d6, 0x5d15, 0x6535, 0x6d35, 0x6556, 0x8dd4, 0x95f4, 0x95f5, 0x9df4, 0x9df4, 0x95f5, 0x95f5, 0x8df5, 0x95d5,
0x95f4, 0x9e15, 0xae54, 0xae55, 0xae55, 0xae55, 0xae78, 0xae78, 0xa657, 0xa656, 0xae56, 0xae55, 0xae55, 0xae35, 0xae55, 0xa615,
0x95f6, 0x95f6, 0x95f6, 0x8dd5, 0x8dd4, 0x85b4, 0x7575, 0x6d55, 0x6535, 0x5d15, 0x5cf5, 0x5cf5, 0x54f5, 0x5cf5, 0x5cf5, 0x5cf5,
0x5cf5, 0x54d5, 0x54d5, 0x54d5, 0x54d5, 0x54d5, 0x54f5, 0x5d15, 0x5cf5, 0x54d6, 0x5cf6, 0x5cf6, 0x5cf6, 0x5cf6, 0x5cf6, 0x5cf6,
0x54f6, 0x54f6, 0x5516, 0x54f5, 0x54f3, 0x5514, 0x4cae, 0x4c48, 0x4c49, 0x43e8, 0x442c, 0x54f4, 0x54d3, 0x54f5, 0x54f6, 0x54f5,
0x5cf6, 0x54f6, 0x5cf6, 0x5cf6, 0x5cf6, 0x54f6, 0x54f6, 0x54d6, 0x54d6, 0x54d5, 0x54d5, 0x54d5, 0x54d5, 0x54d5, 0x54d5, 0x54d6,
0x54d6, 0x5cf6, 0x54f6, 0x54d6, 0x54d6, 0x54d5, 0x54f5, 0x5cf5, 0x54f5, 0x54f5, 0x54f5, 0x54f5, 0x54d5, 0x54d5, 0x54f5, 0x5cd5,
0x5cf5, 0x5cf5, 0x5cf6, 0x548d, 0x5c88, 0x5469, 0x43e9, 0x2b4a, 0x1aa9, 0x2b2c, 0x54f5, 0x54d5, 0x5cf6, 0x6d38, 0x6d38, 0x6d18,
0x6d18, 0x7539, 0x753a, 0x753a, 0x753a, 0x753a, 0x753a, 0x753a, 0x753a, 0x755a, 0x755a, 0x755a, 0x7d5a, 0x7d7a, 0x857a, 0x857a,
0x857a, 0x859a, 0x859a, 0x859a, 0x859a, 0x859a, 0x859a, 0x859a, 0x859a, 0x857a, 0x859a, 0x8d9a, 0x859a, 0x8dba, 0x8dda, 0x8dba,
0x8dba, 0x8dba, 0x8dba, 0x8dba, 0x8dba, 0x8dba, 0x8dda, 0x8dba, 0x8dda, 0x8dda, 0x8dda, 0x8dda, 0x95da, 0x95da, 0x95da, 0x95da,
0x95da, 0x95da, 0x95da, 0x95da, 0x95da, 0x8dda, 0x8dd9, 0x8dda, 0x85b9, 0x6d37, 0x6537, 0x6537, 0x6d37, 0x5d16, 0x5d16, 0x5d16,
0x5d16, 0x5d16, 0x5d16, 0x5d16, 0x6516, 0x5d16, 0x5d16, 0x5cf5, 0x5cf6, 0x54d6, 0x54f5, 0x54f6, 0x5cf6, 0x5cd6, 0x6516, 0x7558,
0x7579, 0x7559, 0x7d79, 0x7d79, 0x8579, 0x8dba, 0x8dba, 0x95da, 0x95da, 0x8dda, 0x95da, 0x95da, 0x95da, 0x95da, 0x8dda, 0x8dba,
0x85ba, 0x859a, 0x8dba, 0x8dba, 0x859a, 0x859a, 0x8dba, 0x8dba, 0x8dba, 0x8dba, 0x8dba, 0x859a, 0x859a, 0x859a, 0x859a, 0x859a,
0x7d79, 0x7d79, 0x7d79, 0x7579, 0x7579, 0x6537, 0x5d16, 0x5d16, 0x5cf5, 0x5cf5, 0x5d15, 0x5cf6, 0x5cf6, 0x5cf6, 0x5cf5, 0x5cf5,
0x5cf5, 0x5cf5, 0x5cf5, 0x5cf6, 0x5cf6, 0x5d15, 0x5d15, 0x5d15, 0x5d15, 0x5d16, 0x5d16, 0x5d16, 0x5cf6, 0x5d16, 0x5d16, 0x5d16,
0x5cf6, 0x54d6, 0x54d6, 0x5cd5, 0x5cd5, 0x5cd5, 0x54d5, 0x54d5, 0x54b5, 0x54d5, 0x54d5, 0x54d5, 0x54d5, 0x54d5, 0x54d5, 0x5cf6,
0x6d38, 0x6d38, 0x6d38, 0x6d38, 0x7d59, 0x857a, 0x859a, 0x859a, 0x859a, 0x857a, 0x859a, 0x859a, 0x859a, 0x859a, 0x859a, 0x859a,
0x8dba, 0x8dba, 0x8dba, 0x8dba, 0x8dba, 0x8dba, 0x859a, 0x859a, 0x859a, 0x8599, 0x8d9a, 0x8d9a, 0x8d9a, 0x859a, 0x859a, 0x7538,
0x6517, 0x6517, 0x6517, 0x5d16, 0x5cf6, 0x5cf6, 0x5cf5, 0x5cf6, 0x5cf6, 0x5cf6, 0x5cf6, 0x5cf6, 0x5cf6, 0x5d16, 0x5d16, 0x5d16,
0x5d16, 0x5d16, 0x5d16, 0x5d16, 0x5d16, 0x5d16, 0x5d16, 0x5d16, 0x5d16, 0x5d16, 0x5d16, 0x5d16, 0x5d16, 0x5d16, 0x5d16, 0x5d36,
0x5d16, 0x6536, 0x6d34, 0x6d54, 0x7573, 0x7593, 0x7593, 0x7593, 0x7d94, 0x7d94, 0x6555, 0x7d94, 0x9df3, 0x95f3, 0x95f3, 0x95f3,
0x95f3, 0x8dd3, 0x7594, 0x6d54, 0x7574, 0x6d34, 0x5d15, 0x5d15, 0x5d15, 0x5d15, 0x5cf5, 0x5cf5, 0x5cf6, 0x5cf6, 0x54f5, 0x54f5,
0x54f5, 0x5d16, 0x54f6, 0x54f6, 0x54f6, 0x54d6, 0x54d6, 0x54d6, 0x54d6, 0x54d5, 0x54d5, 0x4cb5, 0x54d5, 0x6d35, 0x7574, 0x7d95,

/* -29- */
0x54d5, 0x54f6, 0x54f6, 0x54f6, 0x54d5, 0x54d5, 0x54d5, 0x54d5, 0x54b5, 0x54b5, 0x54b5, 0x54d5, 0x54d5, 0x54d5, 0x54d5, 0x54d5,
0x54d5, 0x5cf5, 0x5cf5, 0x54d5, 0x54d5, 0x54d5, 0x54d5, 0x54d5, 0x54d5, 0x54d5, 0x54d5, 0x54d5, 0x5cf6, 0x5cf6, 0x54f6, 0x54f6,
0x54d6, 0x54d5, 0x4c6e, 0x546a, 0x5c89, 0x4c28, 0x43c9, 0x232a, 0x1aa9, 0x232c, 0x54d6, 0x54b5, 0x54b5, 0x4cb5, 0x54b5, 0x54b5,
0x54b5, 0x64f7, 0x7539, 0x6d39, 0x6d39, 0x7539, 0x7d7a, 0x7d7a, 0x7d7a, 0x7d7a, 0x857a, 0x859a, 0x857a, 0x859a, 0x859a, 0x859a,
0x859a, 0x859a, 0x859a, 0x859a, 0x859a, 0x8dba, 0x8dba, 0x8dba, 0x8dba, 0x8dba, 0x8dba, 0x8dba, 0x8dba, 0x8dba, 0x8dda, 0x8dda,
0x8dba, 0x8dba, 0x8dba, 0x8dba, 0x85ba, 0x95da, 0x95da, 0x95fa, 0x95fa, 0x95da, 0x95da, 0x95da, 0x95da, 0x95da, 0x95da, 0x95da,
0x95da, 0x95fa, 0x95fa, 0x95da, 0x95fa, 0x7d98, 0x6557, 0x6537, 0x6536, 0x5d16, 0x5d16, 0x5d16, 0x5d16, 0x5d16, 0x5d16, 0x5d16,
0x5d16, 0x5d16, 0x5d16, 0x5d16, 0x5d16, 0x6516, 0x5d16, 0x5d15, 0x5cf5, 0x5cf6, 0x5cf6, 0x5cf6, 0x5cf6, 0x5cf6, 0x5cf6, 0x5cf6,
0x5cd6, 0x5cf6, 0x5cd6, 0x5cd6, 0x7538, 0x8db9, 0x85b9, 0x8dba, 0x8dba, 0x95da, 0x95da, 0x95da, 0x95da, 0x95da, 0x95da, 0x95da,
0x8dda, 0x8dda, 0x8dda, 0x8dda, 0x8dba, 0x8dba, 0x8dba, 0x8dda, 0x8dba, 0x8dda, 0x8dba, 0x8dba, 0x8dba, 0x85ba, 0x85ba, 0x859a,
0x6d37, 0x64f6, 0x5cf6, 0x5cf6, 0x5cf6, 0x5cf6, 0x5d16, 0x5d16, 0x5cf6, 0x5cf6, 0x5cf6, 0x5cf6, 0x5cf5, 0x5cf5, 0x5cf5, 0x5cf5,
0x5cf6, 0x5cf5, 0x5d15, 0x5d15, 0x5d15, 0x5d15, 0x6515, 0x5d15, 0x5d16, 0x5d16, 0x5d16, 0x5d16, 0x5d16, 0x5d16, 0x5d16, 0x5cf6,
0x54f5, 0x5cf5, 0x54f5, 0x5cd5, 0x54d5, 0x54d5, 0x54d5, 0x54d5, 0x54d5, 0x54d5, 0x54d6, 0x54d6, 0x54d6, 0x54d6, 0x54d5, 0x54d5,
0x54d5, 0x54d5, 0x54d5, 0x5cd6, 0x64f6, 0x7558, 0x859a, 0x859a, 0x859a, 0x859a, 0x859a, 0x8dba, 0x8dba, 0x8dba, 0x8dba, 0x8dba,
0x8dba, 0x8dba, 0x8dba, 0x8dba, 0x8dba, 0x85ba, 0x859a, 0x859a, 0x8d9a, 0x8dba, 0x8dba, 0x6d57, 0x6d37, 0x6517, 0x6d37, 0x5d16,
0x54f6, 0x5cf6, 0x5cf5, 0x5cf6, 0x5d16, 0x5d16, 0x5d16, 0x5d16, 0x5d16, 0x5cf6, 0x5cf6, 0x5cf5, 0x5cf5, 0x5d15, 0x6516, 0x5d36,
0x5d35, 0x5d36, 0x6516, 0x6516, 0x5d16, 0x5d16, 0x5d36, 0x5d16, 0x5d16, 0x5d16, 0x5d16, 0x5d16, 0x5d16, 0x5d15, 0x5d15, 0x5d15,
0x5d15, 0x6535, 0x6d53, 0x6d53, 0x6d54, 0x6d54, 0x6534, 0x6d74, 0x85b3, 0x85b3, 0x85b3, 0x8593, 0x95d2, 0x8dd3, 0x8dd3, 0x8dd3,
0x85b4, 0x7594, 0x6d54, 0x6514, 0x5cf4, 0x5d15, 0x5cf5, 0x5cf5, 0x5cf5, 0x5cf5, 0x5cf5, 0x54f5, 0x54f5, 0x54f5, 0x54f6, 0x54f6,
0x54f5, 0x54f5, 0x54f6, 0x54f6, 0x54f6, 0x54d6, 0x54d6, 0x54f5, 0x5cd5, 0x54d5, 0x64f5, 0x7555, 0x7575, 0x8db5, 0xa614, 0xae34,
0xa634, 0x9e15, 0x9e15, 0xae35, 0xb655, 0xae34, 0xa634, 0x95f4, 0x8dd5, 0x8dd5, 0x8db5, 0x85b5, 0x85b5, 0x7576, 0x7d95, 0x7d96,
0x7db6, 0x8dd6, 0x95f5, 0x95f5, 0x95f5, 0x9e15, 0x9e15, 0x9e15, 0x9e15, 0x9e15, 0x9e16, 0x9df6, 0x9df6, 0xa616, 0xa636, 0xa636,
0xa636, 0xa636, 0xae36, 0xb656, 0xb656, 0xb656, 0xb656, 0xb656, 0xb656, 0xb656, 0xae36, 0xa617, 0x95d4, 0x64ce, 0x544b, 0x2b49,
0x3bce, 0x95f5, 0x95d5, 0x95f6, 0x9df6, 0x95f6, 0x95d6, 0x95f6, 0x95f6, 0x95d6, 0x8dd6, 0x85b5, 0x95d5, 0x95f5, 0x95f5, 0x95f5,
0x9e16, 0x9e36, 0x9df5, 0x9e15, 0x9df5, 0x95f6, 0x8db6, 0x8db5, 0x8dd5, 0x8dd5, 0x8db5, 0x85b5, 0x85b5, 0x85b5, 0x8db4, 0x8dd4,
0x8db4, 0x8db4, 0x7d74, 0x7574, 0x8594, 0x6515, 0x64f5, 0x5cd5, 0x54b5, 0x5cb5, 0x5cb5, 0x5cd5, 0x5cd5, 0x5cd5, 0x5cd5, 0x54d5,
0x54d5, 0x54d6, 0x5cf6, 0x54f6, 0x54d5, 0x54d5, 0x54d5, 0x54f5, 0x54f5, 0x54f5, 0x54f5, 0x54f5, 0x54f5, 0x5cf5, 0x5cf5, 0x5cf5,
0x5cf5, 0x5cf6, 0x5d16, 0x5d15, 0x5d15, 0x54f5, 0x5d15, 0x54f6, 0x5cf6, 0x5d15, 0x5d16, 0x5d16, 0x5d36, 0x5d36, 0x5d36, 0x6555,
0x6575, 0x6d74, 0x9512, 0xe4ed, 0xac6e, 0x8512, 0x8593, 0x8db3, 0x8db3, 0x8db3, 0x8593, 0x6d35, 0x6535, 0x5d14, 0x5cf4, 0x54f5,
0x54f5, 0x54f5, 0x54d5, 0x54f5, 0x54f5, 0x54f5, 0x54f5, 0x54f5, 0x54f5, 0x5cf5, 0x54f5, 0x54d5, 0x54f5, 0x54f5, 0x54f5, 0x54d5,
0x54d5, 0x54d5, 0x54d5, 0x54d5, 0x54d5, 0x54d6, 0x54d6, 0x54d6, 0x54d6, 0x54d6, 0x54d6, 0x54d6, 0x54b5, 0x54b5, 0x54b6, 0x54d6,
0x54d6, 0x54d5, 0x54b5, 0x54b5, 0x54b5, 0x6517, 0x7558, 0x6d58, 0x8599, 0x95fa, 0x95da, 0x95da, 0x95da, 0x95da, 0x95da, 0x95fa,
0x95da, 0x95da, 0x95fa, 0x95fa, 0x95fa, 0x95fa, 0x95fa, 0x95fa, 0x9dfa, 0x9dfb, 0x9dfa, 0x9e1b, 0x9dfb, 0x95da, 0x95da, 0x95da,
0x8dda, 0x8dba, 0x8dba, 0x85b9, 0x6d57, 0x5cf6, 0x5cf6, 0x5cf6, 0x5cf6, 0x5cf6, 0x5cf6, 0x5cf6, 0x5cf6, 0x5cf6, 0x5cf6, 0x5cf6,
0x5cf6, 0x5d16, 0x6516, 0x6536, 0x6536, 0x6536, 0x6535, 0x6535, 0x6535, 0x5d15, 0x6535, 0x6534, 0x6d34, 0x6d54, 0x6535, 0x6535,
0x6535, 0x5d15, 0x6515, 0x5d15, 0x5d15, 0x5d36, 0x5d35, 0x5d35, 0x5d35, 0x5d16, 0x5d16, 0x5d16, 0x5d16, 0x5d16, 0x54f5, 0x5cf6,
0x5cf6, 0x5cf6, 0x5cf6, 0x5cf6, 0x5cf6, 0x5cf6, 0x5cf6, 0x5cf6, 0x5d16, 0x5d16, 0x5d16, 0x5d16, 0x5d16, 0x5d16, 0x5d16, 0x5d36,
0x5d16, 0x5d16, 0x5d16, 0x5d36, 0x6536, 0x6536, 0x5d36, 0x5d16, 0x5d16, 0x5d16, 0x5d15, 0x5d16, 0x5d16, 0x5d35, 0x6535, 0x6535,
0x5d15, 0x5d15, 0x5d16, 0x5d15, 0x5d15, 0x5d15, 0x5d16, 0x5d35, 0x5d15, 0x5d15, 0x5d15, 0x5d16, 0x5d15, 0x5d15, 0x5d15, 0x5d15,
0x5d16, 0x5d16, 0x5d16, 0x5d15, 0x5d16, 0x5d16, 0x5d16, 0x5d16, 0x5d16, 0x54f6, 0x54f5, 0x54f6, 0x54d6, 0x54d6, 0x54d5, 0x54d5,
0x5cd5, 0x5cf5, 0x5cf5, 0x7574, 0x7d94, 0x95f4, 0x95f5, 0x8df5, 0x8dd5, 0xa614, 0xa614, 0x95f4, 0x95f5, 0x8df5, 0x8dd5, 0x95f5,
0x9e15, 0x9e15, 0xa635, 0xa615, 0xa615, 0xae36, 0xae57, 0xae56, 0xae56, 0xae55, 0xae55, 0xae35, 0xae35, 0xa615, 0xa615, 0xa614,
0x95f5, 0x8db4, 0x8dd5, 0x7d96, 0x7596, 0x6556, 0x5d15, 0x5d15, 0x5d15, 0x5cf4, 0x5d14, 0x54f5, 0x5cf5, 0x6d34, 0x6515, 0x5d15,
0x6515, 0x5cf5, 0x6535, 0x6535, 0x54f4, 0x5cf5, 0x5d15, 0x6535, 0x5d15, 0x5d15, 0x5cf6, 0x5cf6, 0x5cf6, 0x5cf6, 0x5cf6, 0x54f6,
0x54f5, 0x54f5, 0x54f6, 0x5cd0, 0x5ca9, 0x5cca, 0x5ca9, 0x5ca9, 0x548a, 0x4c2a, 0x442a, 0x444b, 0x4c6c, 0x4c90, 0x54d4, 0x54f5,
0x54d5, 0x54f6, 0x54f6, 0x54f6, 0x54d5, 0x54d5, 0x54d5, 0x54d5, 0x54b5, 0x54b5, 0x54b5, 0x54d5, 0x54d5, 0x54d5, 0x54d5, 0x54d5,
0x54d5, 0x5cf5, 0x5cf5, 0x54d5, 0x54d5, 0x54d5, 0x54d5, 0x54d5, 0x54d5, 0x54d5, 0x54d5, 0x54d5, 0x5cf6, 0x5cf6, 0x54f6, 0x54f6,
0x54d6, 0x54d5, 0x4c6e, 0x546a, 0x5c89, 0x4c28, 0x43c9, 0x232a, 0x1aa9, 0x232c, 0x54d6, 0x54b5, 0x54b5, 0x4cb5, 0x54b5, 0x54b5,
0x54b5, 0x64f7, 0x7539, 0x6d39, 0x6d39, 0x7539, 0x7d7a, 0x7d7a, 0x7d7a, 0x7d7a, 0x857a, 0x859a, 0x857a, 0x859a, 0x859a, 0x859a,
0x859a, 0x859a, 0x859a, 0x859a, 0x859a, 0x8dba, 0x8dba, 0x8dba, 0x8dba, 0x8dba, 0x8dba, 0x8dba, 0x8dba, 0x8dba, 0x8dda, 0x8dda,
0x8dba, 0x8dba, 0x8dba, 0x8dba, 0x85ba, 0x95da, 0x95da, 0x95fa, 0x95fa, 0x95da, 0x95da, 0x95da, 0x95da, 0x95da, 0x95da, 0x95da,
0x95da, 0x95fa, 0x95fa, 0x95da, 0x95fa, 0x7d98, 0x6557, 0x6537, 0x6536, 0x5d16, 0x5d16, 0x5d16, 0x5d16, 0x5d16, 0x5d16, 0x5d16,
0x5d16, 0x5d16, 0x5d16, 0x5d16, 0x5d16, 0x6516, 0x5d16, 0x5d15, 0x5cf5, 0x5cf6, 0x5cf6, 0x5cf6, 0x5cf6, 0x5cf6, 0x5cf6, 0x5cf6,
0x5cd6, 0x5cf6, 0x5cd6, 0x5cd6, 0x7538, 0x8db9, 0x85b9, 0x8dba, 0x8dba, 0x95da, 0x95da, 0x95da, 0x95da, 0x95da, 0x95da, 0x95da,
0x8dda, 0x8dda, 0x8dda, 0x8dda, 0x8dba, 0x8dba, 0x8dba, 0x8dda, 0x8dba, 0x8dda, 0x8dba, 0x8dba, 0x8dba, 0x85ba, 0x85ba, 0x859a,
0x6d37, 0x64f6, 0x5cf6, 0x5cf6, 0x5cf6, 0x5cf6, 0x5d16, 0x5d16, 0x5cf6, 0x5cf6, 0x5cf6, 0x5cf6, 0x5cf5, 0x5cf5, 0x5cf5, 0x5cf5,
0x5cf6, 0x5cf5, 0x5d15, 0x5d15, 0x5d15, 0x5d15, 0x6515, 0x5d15, 0x5d16, 0x5d16, 0x5d16, 0x5d16, 0x5d16, 0x5d16, 0x5d16, 0x5cf6,
0x54f5, 0x5cf5, 0x54f5, 0x5cd5, 0x54d5, 0x54d5, 0x54d5, 0x54d5, 0x54d5, 0x54d5, 0x54d6, 0x54d6, 0x54d6, 0x54d6, 0x54d5, 0x54d5,
0x54d5, 0x54d5, 0x54d5, 0x5cd6, 0x64f6, 0x7558, 0x859a, 0x859a, 0x859a, 0x859a, 0x859a, 0x8dba, 0x8dba, 0x8dba, 0x8dba, 0x8dba,
0x8dba, 0x8dba, 0x8dba, 0x8dba, 0x8dba, 0x85ba, 0x859a, 0x859a, 0x8d9a, 0x8dba, 0x8dba, 0x6d57, 0x6d37, 0x6517, 0x6d37, 0x5d16,
0x54f6, 0x5cf6, 0x5cf5, 0x5cf6, 0x5d16, 0x5d16, 0x5d16, 0x5d16, 0x5d16, 0x5cf6, 0x5cf6, 0x5cf5, 0x5cf5, 0x5d15, 0x6516, 0x5d36,
0x5d35, 0x5d36, 0x6516, 0x6516, 0x5d16, 0x5d16, 0x5d36, 0x5d16, 0x5d16, 0x5d16, 0x5d16, 0x5d16, 0x5d16, 0x5d15, 0x5d15, 0x5d15,
0x5d15, 0x6535, 0x6d53, 0x6d53, 0x6d54, 0x6d54, 0x6534, 0x6d74, 0x85b3, 0x85b3, 0x85b3, 0x8593, 0x95d2, 0x8dd3, 0x8dd3, 0x8dd3,
0x85b4, 0x7594, 0x6d54, 0x6514, 0x5cf4, 0x5d15, 0x5cf5, 0x5cf5, 0x5cf5, 0x5cf5, 0x5cf5, 0x54f5, 0x54f5, 0x54f5, 0x54f6, 0x54f6,
0x54f5, 0x54f5, 0x54f6, 0x54f6, 0x54f6, 0x54d6, 0x54d6, 0x54f5, 0x5cd5, 0x54d5, 0x64f5, 0x7555, 0x7575, 0x8db5, 0xa614, 0xae34,

/* -30- */
0x548f, 0x54d4, 0x5cd6, 0x54d5, 0x54d5, 0x4cb5, 0x4cb5, 0x4cb5, 0x54d5, 0x54d5, 0x5cd5, 0x6515, 0x5cf5, 0x4cb5, 0x6d34, 0x7554,
0x5cf4, 0x54d5, 0x54d5, 0x5d15, 0x6515, 0x54d5, 0x54d5, 0x54d5, 0x54d5, 0x5cd5, 0x54d5, 0x54d5, 0x5cd6, 0x5cf6, 0x5cf6, 0x54f6,
0x54d6, 0x54d5, 0x4c49, 0x5c89, 0x64aa, 0x43e8, 0x3ba9, 0x230a, 0x1a89, 0x22ec, 0x54b5, 0x4cb5, 0x54b5, 0x54b5, 0x54d5, 0x54d6,
0x54d6, 0x5cd6, 0x5cd6, 0x5cd5, 0x54b5, 0x64f6, 0x7d7a, 0x859b, 0x8dbb, 0x8dbb, 0x8dba, 0x859a, 0x859a, 0x859a, 0x857a, 0x7d7a,
0x85ba, 0x8dba, 0x85ba, 0x8dba, 0x8dba, 0x8dba, 0x8dba, 0x8dba, 0x8dba, 0x8dba, 0x8dba, 0x95da, 0x95da, 0x95da, 0x95da, 0x95da,
0x8dda, 0x8dda, 0x95da, 0x95da, 0x95da, 0x95fa, 0x95fa, 0x95fa, 0x95fa, 0x95fa, 0x95fa, 0x95fa, 0x9dfa, 0x95fa, 0x95fa, 0x8dda,
0x7578, 0x6d78, 0x6d57, 0x6d57, 0x6d57, 0x6536, 0x5d36, 0x5d36, 0x5d16, 0x5d15, 0x6536, 0x6536, 0x6516, 0x5d16, 0x5d16, 0x5d16,
0x5d16, 0x5d16, 0x5d16, 0x5d16, 0x5d16, 0x6516, 0x5d16, 0x6535, 0x6515, 0x6535, 0x6535, 0x5d15, 0x5cf6, 0x5cf6, 0x5cf6, 0x5cf6,
0x5cf6, 0x5cf6, 0x5cf6, 0x5cf6, 0x5cf6, 0x5cf6, 0x5d16, 0x5d16, 0x6d58, 0x95fa, 0x95fa, 0x8dda, 0x8dda, 0x95da, 0x95da, 0x95da,
0x95da, 0x95da, 0x95da, 0x8dda, 0x8dba, 0x8dba, 0x8dba, 0x8dba, 0x8dda, 0x95da, 0x95da, 0x95db, 0x7578, 0x6516, 0x6516, 0x5d16,
0x5d16, 0x5d16, 0x5cf6, 0x5cf6, 0x5cf6, 0x5cf6, 0x5d16, 0x5cf6, 0x5cf6, 0x5cf6, 0x5d16, 0x5d16, 0x5cf6, 0x5cf5, 0x5cf5, 0x5cf5,
0x5d16, 0x5d16, 0x5d15, 0x5d15, 0x5d15, 0x6515, 0x6535, 0x5d15, 0x5d16, 0x5d16, 0x5d16, 0x5d16, 0x5d16, 0x5d16, 0x5d16, 0x5d16,
0x5d16, 0x5d15, 0x5cf6, 0x5cd6, 0x54d6, 0x5cd5, 0x5cd5, 0x5cf5, 0x5cf6, 0x54d5, 0x54d6, 0x54d6, 0x54d6, 0x54d5, 0x54d5, 0x54d5,
0x54d6, 0x5cd6, 0x5cd6, 0x5cd6, 0x5cd6, 0x5cd6, 0x5cf6, 0x5cf6, 0x5cd6, 0x54d6, 0x7558, 0x8dba, 0x8dba, 0x8dda, 0x95da, 0x95da,
0x95da, 0x95da, 0x95da, 0x8dda, 0x8dba, 0x7d79, 0x6517, 0x6517, 0x6517, 0x6537, 0x6517, 0x5d16, 0x5d16, 0x5cf5, 0x5cf6, 0x5cf6,
0x5cf5, 0x5d16, 0x5d16, 0x5d16, 0x5d16, 0x5d16, 0x6516, 0x6516, 0x5d16, 0x5d16, 0x6516, 0x5d15, 0x5d15, 0x5d15, 0x6515, 0x6536,
0x6536, 0x6536, 0x5d16, 0x6516, 0x6536, 0x5d16, 0x6516, 0x5d36, 0x5d36, 0x5d36, 0x5d16, 0x5d16, 0x5d16, 0x5d15, 0x5d35, 0x5d14,
0x6515, 0x6515, 0x5d15, 0x54f4, 0x54f5, 0x5d15, 0x6535, 0x5d14, 0x6514, 0x6513, 0x7572, 0x95f2, 0x8dd2, 0x8593, 0x6535, 0x6535,
0x6556, 0x6556, 0x5d15, 0x5d15, 0x5d15, 0x5cf5, 0x5cf5, 0x5cf5, 0x54f5, 0x54f5, 0x5cf5, 0x5cd4, 0x5cf4, 0x5d14, 0x54d5, 0x54d5,
0x54d5, 0x54d5, 0x54d5, 0x54d5, 0x54d5, 0x54d5, 0x54d5, 0x7d95, 0x95d5, 0x8dd5, 0x95d5, 0x9df5, 0x95f5, 0x95f5, 0x9e14, 0x9e14,
0x9e15, 0xa635, 0xb655, 0xbe75, 0xbe74, 0xbe74, 0xbe74, 0xae34, 0xa635, 0xa614, 0x95d5, 0x7d96, 0x7596, 0x7d96, 0x7596, 0x7d96,
0x8dd6, 0x8dd6, 0x95d5, 0x95d5, 0x95d4, 0x9df4, 0x9df4, 0x9df4, 0x9e14, 0xa635, 0x9e15, 0x9e16, 0xa616, 0x9e16, 0x95f7, 0x9df7,
0x9e17, 0xae36, 0xb655, 0xbe55, 0xbe55, 0xb656, 0xae36, 0xa637, 0x9e17, 0x9e17, 0x9e17, 0xae58, 0x95f4, 0x444a, 0x4c6a, 0x33ab,
0x43ef, 0xa656, 0x9df5, 0x9df5, 0x9df6, 0x9df5, 0x9df5, 0x95d6, 0x8db6, 0x7d96, 0x8dd6, 0xa636, 0xa636, 0xa635, 0xae56, 0xae56,
0xae57, 0xa657, 0x95d5, 0x95d5, 0x95d5, 0x95d5, 0x95f5, 0x9df5, 0x9df4, 0x9df4, 0x9df5, 0x85b6, 0x8595, 0x85b4, 0x85b4, 0x85b4,
0x8db4, 0x8db4, 0x85b4, 0x85b4, 0x8db3, 0x8dd4, 0x8dd4, 0x85b4, 0x8594, 0x85b3, 0x6d34, 0x5cf5, 0x5cd5, 0x54d5, 0x54b5, 0x54b5,
0x54d5, 0x54d5, 0x54f6, 0x54f6, 0x54d5, 0x54d5, 0x54f6, 0x54f6, 0x54d5, 0x54d5, 0x54d5, 0x54f6, 0x54f6, 0x54d5, 0x54f5, 0x54f5,
0x54f6, 0x54f6, 0x54f6, 0x54f5, 0x54f5, 0x54f5, 0x54f5, 0x54f5, 0x54f6, 0x5d15, 0x5d16, 0x5516, 0x5516, 0x5d16, 0x6d55, 0x5d56,
0x6575, 0xb4b0, 0xf50f, 0xf52f, 0xcc2c, 0x836e, 0x7d54, 0x7db4, 0x6d55, 0x6d55, 0x6d35, 0x6d35, 0x6535, 0x5cf5, 0x5cf5, 0x54f5,
0x5d14, 0x6514, 0x54f5, 0x4cd5, 0x54d5, 0x54d5, 0x54f5, 0x54f5, 0x54f5, 0x54f5, 0x54d5, 0x54f5, 0x54f5, 0x54f5, 0x54d5, 0x54b5,
0x54b5, 0x54d5, 0x54d5, 0x54d6, 0x54d5, 0x54d5, 0x54d5, 0x54d6, 0x54d6, 0x54d6, 0x54d6, 0x54d6, 0x54d5, 0x54d5, 0x54b6, 0x54b5,
0x54b5, 0x54b5, 0x54d6, 0x54d6, 0x54d6, 0x54d5, 0x54d5, 0x54b6, 0x5cf6, 0x6d37, 0x6517, 0x7558, 0x95fa, 0x95fb, 0x95fb, 0x95fa,
0x95fa, 0x95db, 0x95fa, 0x95fa, 0x95fa, 0x95fa, 0x95fa, 0x9dfb, 0x9e1b, 0x9e1b, 0xa63c, 0x6d14, 0x64f3, 0x9dfb, 0x7d79, 0x7578,
0x6537, 0x5cf6, 0x5cf6, 0x5cf6, 0x5d16, 0x6516, 0x5d16, 0x5cf6, 0x5cf6, 0x5cf6, 0x5cf6, 0x5cf6, 0x5cf6, 0x5d16, 0x5d16, 0x5d16,
0x5d16, 0x6536, 0x6535, 0x5d36, 0x6536, 0x6d55, 0x7574, 0x6d55, 0x5d35, 0x5d15, 0x6d54, 0x7573, 0x7553, 0x6535, 0x6535, 0x6d35,
0x7554, 0x6d55, 0x5d16, 0x5d16, 0x5d16, 0x5d35, 0x6535, 0x5d35, 0x5d16, 0x5d16, 0x5d16, 0x5d16, 0x5d16, 0x5d16, 0x5cf6, 0x5cf6,
0x5d16, 0x5d16, 0x5cf6, 0x5cf6, 0x5cf6, 0x5d16, 0x5d16, 0x5d16, 0x5d16, 0x5d16, 0x5d16, 0x5d16, 0x5d16, 0x5d16, 0x5d16, 0x5d16,
0x5516, 0x5d16, 0x5d15, 0x54f5, 0x5d16, 0x5d36, 0x5d16, 0x5d16, 0x5d16, 0x5d15, 0x5d15, 0x5d16, 0x5d16, 0x5d15, 0x5d15, 0x5515,
0x5d15, 0x5d16, 0x5d16, 0x5d15, 0x5d15, 0x5515, 0x54f5, 0x6535, 0x6534, 0x5d15, 0x5d16, 0x6d55, 0x7d94, 0x6d54, 0x5cf5, 0x5d15,
0x5d15, 0x5d15, 0x5d16, 0x5d16, 0x54f6, 0x5cf6, 0x5cf6, 0x5cf6, 0x54f6, 0x54d5, 0x54d5, 0x54d6, 0x54d6, 0x54f6, 0x54d6, 0x54d5,
0x85d4, 0x8df4, 0x8dd4, 0x8dd4, 0x95f5, 0x8dd5, 0x8dd5, 0x8df5, 0x8df6, 0x8df6, 0x8dd6, 0x9e15, 0xa635, 0xa635, 0xa635, 0xa635,
0xa635, 0xa635, 0x9e15, 0xa635, 0xae35, 0xae35, 0xae55, 0xb674, 0xb674, 0xb674, 0xb674, 0xae34, 0xa614, 0x8dd5, 0x85d5, 0x85b4,
0x85b4, 0x85b4, 0x7575, 0x6576, 0x6556, 0x6556, 0x6555, 0x6535, 0x6534, 0x7d73, 0x7574, 0x7554, 0x7575, 0x7d74, 0x6d35, 0x5cf5,
0x5cf5, 0x6535, 0x6d55, 0x6d34, 0x8594, 0x8dd5, 0x85b5, 0x6d75, 0x6535, 0x6d55, 0x6d55, 0x7574, 0x7534, 0x5cf6, 0x5d16, 0x5d17,
0x5517, 0x5515, 0x5ccc, 0x5cab, 0x5cc9, 0x6d2a, 0x8589, 0x7529, 0x4c69, 0x4c4a, 0x442a, 0x3c0a, 0x3c09, 0x3389, 0x4450, 0x6516,
0x548f, 0x54d4, 0x5cd6, 0x54d5, 0x54d5, 0x4cb5, 0x4cb5, 0x4cb5, 0x54d5, 0x54d5, 0x5cd5, 0x6515, 0x5cf5, 0x4cb5, 0x6d34, 0x7554,
0x5cf4, 0x54d5, 0x54d5, 0x5d15, 0x6515, 0x54d5, 0x54d5, 0x54d5, 0x54d5, 0x5cd5, 0x54d5, 0x54d5, 0x5cd6, 0x5cf6, 0x5cf6, 0x54f6,
0x54d6, 0x54d5, 0x4c49, 0x5c89, 0x64aa, 0x43e8, 0x3ba9, 0x230a, 0x1a89, 0x22ec, 0x54b5, 0x4cb5, 0x54b5, 0x54b5, 0x54d5, 0x54d6,
0x54d6, 0x5cd6, 0x5cd6, 0x5cd5, 0x54b5, 0x64f6, 0x7d7a, 0x859b, 0x8dbb, 0x8dbb, 0x8dba, 0x859a, 0x859a, 0x859a, 0x857a, 0x7d7a,
0x85ba, 0x8dba, 0x85ba, 0x8dba, 0x8dba, 0x8dba, 0x8dba, 0x8dba, 0x8dba, 0x8dba, 0x8dba, 0x95da, 0x95da, 0x95da, 0x95da, 0x95da,
0x8dda, 0x8dda, 0x95da, 0x95da, 0x95da, 0x95fa, 0x95fa, 0x95fa, 0x95fa, 0x95fa, 0x95fa, 0x95fa, 0x9dfa, 0x95fa, 0x95fa, 0x8dda,
0x7578, 0x6d78, 0x6d57, 0x6d57, 0x6d57, 0x6536, 0x5d36, 0x5d36, 0x5d16, 0x5d15, 0x6536, 0x6536, 0x6516, 0x5d16, 0x5d16, 0x5d16,
0x5d16, 0x5d16, 0x5d16, 0x5d16, 0x5d16, 0x6516, 0x5d16, 0x6535, 0x6515, 0x6535, 0x6535, 0x5d15, 0x5cf6, 0x5cf6, 0x5cf6, 0x5cf6,
0x5cf6, 0x5cf6, 0x5cf6, 0x5cf6, 0x5cf6, 0x5cf6, 0x5d16, 0x5d16, 0x6d58, 0x95fa, 0x95fa, 0x8dda, 0x8dda, 0x95da, 0x95da, 0x95da,
0x95da, 0x95da, 0x95da, 0x8dda, 0x8dba, 0x8dba, 0x8dba, 0x8dba, 0x8dda, 0x95da, 0x95da, 0x95db, 0x7578, 0x6516, 0x6516, 0x5d16,
0x5d16, 0x5d16, 0x5cf6, 0x5cf6, 0x5cf6, 0x5cf6, 0x5d16, 0x5cf6, 0x5cf6, 0x5cf6, 0x5d16, 0x5d16, 0x5cf6, 0x5cf5, 0x5cf5, 0x5cf5,
0x5d16, 0x5d16, 0x5d15, 0x5d15, 0x5d15, 0x6515, 0x6535, 0x5d15, 0x5d16, 0x5d16, 0x5d16, 0x5d16, 0x5d16, 0x5d16, 0x5d16, 0x5d16,
0x5d16, 0x5d15, 0x5cf6, 0x5cd6, 0x54d6, 0x5cd5, 0x5cd5, 0x5cf5, 0x5cf6, 0x54d5, 0x54d6, 0x54d6, 0x54d6, 0x54d5, 0x54d5, 0x54d5,
0x54d6, 0x5cd6, 0x5cd6, 0x5cd6, 0x5cd6, 0x5cd6, 0x5cf6, 0x5cf6, 0x5cd6, 0x54d6, 0x7558, 0x8dba, 0x8dba, 0x8dda, 0x95da, 0x95da,
0x95da, 0x95da, 0x95da, 0x8dda, 0x8dba, 0x7d79, 0x6517, 0x6517, 0x6517, 0x6537, 0x6517, 0x5d16, 0x5d16, 0x5cf5, 0x5cf6, 0x5cf6,
0x5cf5, 0x5d16, 0x5d16, 0x5d16, 0x5d16, 0x5d16, 0x6516, 0x6516, 0x5d16, 0x5d16, 0x6516, 0x5d15, 0x5d15, 0x5d15, 0x6515, 0x6536,
0x6536, 0x6536, 0x5d16, 0x6516, 0x6536, 0x5d16, 0x6516, 0x5d36, 0x5d36, 0x5d36, 0x5d16, 0x5d16, 0x5d16, 0x5d15, 0x5d35, 0x5d14,
0x6515, 0x6515, 0x5d15, 0x54f4, 0x54f5, 0x5d15, 0x6535, 0x5d14, 0x6514, 0x6513, 0x7572, 0x95f2, 0x8dd2, 0x8593, 0x6535, 0x6535,
0x6556, 0x6556, 0x5d15, 0x5d15, 0x5d15, 0x5cf5, 0x5cf5, 0x5cf5, 0x54f5, 0x54f5, 0x5cf5, 0x5cd4, 0x5cf4, 0x5d14, 0x54d5, 0x54d5,
0x54d5, 0x54d5, 0x54d5, 0x54d5, 0x54d5, 0x54d5, 0x54d5, 0x7d95, 0x95d5, 0x8dd5, 0x95d5, 0x9df5, 0x95f5, 0x95f5, 0x9e14, 0x9e14,

/* -31- */
0x3bec, 0x54b3, 0x54d5, 0x54d5, 0x54d5, 0x5cd4, 0x5cf4, 0x5cf5, 0x5d14, 0x7554, 0x7d74, 0x7d94, 0x7d94, 0x7574, 0x85b4, 0x85b3,
0x6d53, 0x6d53, 0x6d34, 0x6d34, 0x6514, 0x6514, 0x6d34, 0x6d14, 0x6515, 0x5cf6, 0x5cf5, 0x54d6, 0x54d6, 0x5cf6, 0x5cf6, 0x5cf6,
0x5cf6, 0x5cf4, 0x546a, 0x5c89, 0x6489, 0x3ba9, 0x230a, 0x22ea, 0x1a89, 0x22ec, 0x4cb5, 0x54b5, 0x54d5, 0x54d5, 0x54d5, 0x5cd6,
0x5cd6, 0x54d5, 0x54d5, 0x54d5, 0x54d5, 0x54d6, 0x5cf7, 0x6517, 0x6517, 0x6517, 0x6d18, 0x7d7a, 0x859a, 0x8dba, 0x8dba, 0x8dba,
0x8dba, 0x8dba, 0x8dba, 0x8dba, 0x8dda, 0x8dda, 0x8dda, 0x8dda, 0x8dda, 0x8dba, 0x8dba, 0x95da, 0x95da, 0x95da, 0x95da, 0x95da,
0x95da, 0x95da, 0x95da, 0x95da, 0x95fa, 0x95fa, 0x95da, 0x95fa, 0x9dfa, 0x9dfa, 0x9e1a, 0x95d9, 0x7578, 0x6d57, 0x7557, 0x6d57,
0x5d37, 0x5d16, 0x5d36, 0x5d16, 0x5d36, 0x5d36, 0x5d35, 0x5d35, 0x6535, 0x6d55, 0x6d55, 0x6d55, 0x6555, 0x5d16, 0x6516, 0x5d16,
0x5d16, 0x5d36, 0x5d36, 0x6536, 0x6535, 0x6535, 0x6535, 0x6535, 0x6535, 0x6535, 0x6535, 0x6515, 0x5d15, 0x6515, 0x5d16, 0x5d16,
0x5cf6, 0x5cf6, 0x5cf6, 0x5cf6, 0x5cf6, 0x5cf6, 0x5cf6, 0x5cf6, 0x5d17, 0x6537, 0x6d37, 0x6517, 0x7558, 0x95da, 0x95da, 0x8dda,
0x8dda, 0x95da, 0x95da, 0x95da, 0x8dda, 0x95da, 0x95da, 0x8dba, 0x6d38, 0x6517, 0x6d37, 0x6d37, 0x6517, 0x5cf6, 0x5cf6, 0x5cf6,
0x5cf6, 0x5cf6, 0x5cf6, 0x5cf6, 0x5d16, 0x5d16, 0x5d16, 0x5d16, 0x5cf6, 0x5cf6, 0x5d16, 0x5d16, 0x5d16, 0x5cf6, 0x5d16, 0x5d15,
0x5d16, 0x5d15, 0x5d15, 0x6515, 0x6515, 0x6535, 0x6535, 0x5d15, 0x5d15, 0x5d15, 0x5d15, 0x5d15, 0x5d15, 0x5d16, 0x5d16, 0x5d15,
0x5cf6, 0x5cf6, 0x5cd6, 0x5cd6, 0x5cf6, 0x5cd6, 0x5cd6, 0x5cf6, 0x5cf6, 0x5cf5, 0x5cf6, 0x54d6, 0x54d6, 0x54d5, 0x54d5, 0x54d5,
0x54d5, 0x54d6, 0x54d6, 0x54d6, 0x54d6, 0x54d6, 0x54d5, 0x54d5, 0x54d5, 0x4cb5, 0x54d6, 0x64f7, 0x6517, 0x6d17, 0x6d17, 0x7557,
0x95d9, 0x95b8, 0x6d57, 0x6d37, 0x6d37, 0x6517, 0x54f6, 0x54f5, 0x54d5, 0x54f5, 0x5cf6, 0x5cf5, 0x5cf5, 0x5cf5, 0x6516, 0x6516,
0x6516, 0x5d16, 0x5d16, 0x5d16, 0x5d16, 0x5d16, 0x5d16, 0x6536, 0x5d36, 0x5d36, 0x6535, 0x6535, 0x6535, 0x6516, 0x6516, 0x5d16,
0x6516, 0x5d16, 0x5d16, 0x5d16, 0x5d36, 0x6536, 0x6536, 0x5d16, 0x5d16, 0x5d36, 0x5d16, 0x5d16, 0x5d16, 0x5d16, 0x5d15, 0x5d15,
0x5cf5, 0x5d15, 0x6534, 0x6d54, 0x6d74, 0x7db4, 0x85b4, 0x85b4, 0x8db3, 0x8dd3, 0x95f2, 0x9df2, 0x9df1, 0x95d2, 0x8593, 0x6d74,
0x7594, 0x7d94, 0x7d94, 0x7573, 0x7554, 0x6534, 0x6d54, 0x6d54, 0x6d34, 0x6514, 0x5cf4, 0x5cd5, 0x5cd4, 0x5cd4, 0x54d5, 0x4cd5,
0x4cd5, 0x54d5, 0x4cd5, 0x6515, 0x85b5, 0x8595, 0x7d95, 0x8dd5, 0x9df5, 0xa614, 0xa615, 0xa635, 0xa615, 0xa635, 0xae35, 0xae34,
0x9e15, 0xa635, 0xae55, 0xae35, 0xae55, 0xae55, 0xae55, 0xae54, 0xa635, 0x9df6, 0x8dd6, 0x7596, 0x7db6, 0x8dd6, 0x9e16, 0x9e16,
0xa615, 0xa615, 0x9e15, 0x9e15, 0x9df4, 0x95d5, 0x95d5, 0x95d5, 0x95f6, 0x95f6, 0x95f6, 0x95f6, 0x95f6, 0x9df6, 0xa616, 0xa636,
0xa636, 0xb655, 0xbe55, 0xbe35, 0xbe56, 0xb636, 0xb636, 0xae36, 0xa616, 0xa636, 0xa636, 0xae57, 0x95f3, 0x444b, 0x4c6b, 0x33cc,
0x2b6d, 0x5c70, 0xa616, 0xa616, 0x9df6, 0x8dd5, 0x8dd6, 0x8db6, 0x85b6, 0x8dd6, 0x95f6, 0xa636, 0x9e16, 0xa636, 0xa616, 0x9e16,
0x9df7, 0x9df7, 0x9dd5, 0x9df4, 0x9df4, 0x9df4, 0x9df4, 0x9df5, 0x9df4, 0x9df4, 0x95d5, 0x8db6, 0x85b6, 0x8dd5, 0x95f4, 0x95d4,
0x95d5, 0x8db5, 0x95d5, 0x95d4, 0x95d4, 0x95f4, 0x95d4, 0x8dd4, 0x8dd4, 0x8dd4, 0x7d94, 0x7534, 0x6d34, 0x6d34, 0x6d14, 0x6d34,
0x64f5, 0x54d5, 0x54d5, 0x54f5, 0x54f6, 0x54d5, 0x54f6, 0x54d5, 0x54d5, 0x54d5, 0x54d5, 0x54d5, 0x54d5, 0x54d5, 0x54f6, 0x5cf6,
0x6515, 0x6515, 0x5d15, 0x6534, 0x6d34, 0x6535, 0x5d15, 0x54f6, 0x54f6, 0x5cf5, 0x54f5, 0x54f5, 0x54f5, 0x54f6, 0x6535, 0x7d74,
0xa574, 0xed92, 0xf634, 0xfeb6, 0xddb2, 0x936d, 0x73d0, 0x7534, 0x6d75, 0x6535, 0x5d15, 0x5d15, 0x6515, 0x6d34, 0x7554, 0x7554,
0x6514, 0x6534, 0x5d14, 0x5cf4, 0x6514, 0x5cf5, 0x54f5, 0x54d5, 0x54d5, 0x54d5, 0x54d5, 0x54d5, 0x54d5, 0x54f5, 0x54f5, 0x54d5,
0x54d6, 0x54d6, 0x54d6, 0x54d5, 0x54d5, 0x54d5, 0x54d5, 0x54d6, 0x54d6, 0x54d5, 0x54d5, 0x54d6, 0x54d5, 0x54d6, 0x54d6, 0x54d6,
0x54d6, 0x54d6, 0x54d5, 0x54d5, 0x54d5, 0x54d6, 0x54d6, 0x54d6, 0x54d6, 0x54d5, 0x54d5, 0x5cf6, 0x6d58, 0x6d58, 0x7558, 0x8dda,
0x9dfb, 0x9dfb, 0x9dfa, 0x95fa, 0x95fa, 0x95fa, 0x8dda, 0x8599, 0x8599, 0x8599, 0x8dba, 0x4c6f, 0x3c2e, 0x7558, 0x64f6, 0x54d5,
0x5cf6, 0x54f6, 0x5cf6, 0x5cf6, 0x5cf6, 0x5cf6, 0x5cf6, 0x5cf6, 0x5cf6, 0x5cf6, 0x5cf6, 0x5cf6, 0x5d16, 0x5d16, 0x5d16, 0x5d16,
0x6536, 0x6536, 0x6535, 0x6535, 0x6d55, 0x7574, 0x7d74, 0x6d55, 0x6d55, 0x7574, 0x7573, 0x7553, 0x7553, 0x6d34, 0x6d54, 0x7d74,
0x7554, 0x6d54, 0x6535, 0x6535, 0x6516, 0x6535, 0x6535, 0x5d35, 0x5d16, 0x5d16, 0x5d16, 0x5d16, 0x5d16, 0x5d16, 0x5cf6, 0x5cf6,
0x5d16, 0x5d16, 0x5d16, 0x5cf6, 0x5cf6, 0x5d16, 0x5d16, 0x5d16, 0x5d16, 0x5d16, 0x5d16, 0x5d16, 0x5d16, 0x5d16, 0x5d16, 0x5d16,
0x5d16, 0x5d16, 0x5d16, 0x5d16, 0x5d16, 0x5d16, 0x5d16, 0x5d16, 0x5d16, 0x5d15, 0x5d15, 0x5d16, 0x5d16, 0x5d16, 0x5d15, 0x5515,
0x54f6, 0x54f6, 0x5cf6, 0x54f5, 0x5cf4, 0x6d54, 0x7554, 0x7574, 0x7573, 0x6534, 0x6534, 0x7573, 0x8db3, 0x7d74, 0x6514, 0x6d14,
0x6514, 0x5d15, 0x5d15, 0x5cf6, 0x5cf6, 0x54f6, 0x54f6, 0x54d6, 0x4cb5, 0x54b6, 0x6d55, 0x7574, 0x7d75, 0x85b5, 0x85b5, 0x8db5,
0x9e15, 0x9e15, 0x9e15, 0x9e15, 0x9e15, 0x9df5, 0x9df5, 0x95f5, 0x95f6, 0x9616, 0x8df6, 0x95f6, 0x9e15, 0x9e15, 0xa635, 0xa635,
0xa636, 0xae56, 0xae56, 0xb655, 0xb655, 0xae55, 0xae54, 0xae54, 0xa635, 0xa635, 0xa635, 0xa634, 0xa614, 0x95f5, 0x85b6, 0x8dd5,
0x95d5, 0x85b4, 0x7d95, 0x85b5, 0x85b4, 0x85b4, 0x85b4, 0x85b4, 0x8594, 0x8db4, 0x85b4, 0x8595, 0x7575, 0x7575, 0x7575, 0x6d35,
0x6d75, 0x7d94, 0x8594, 0x8594, 0x95d4, 0x9e14, 0x95f5, 0x7d95, 0x7d95, 0x7d95, 0x7575, 0x7d94, 0x7d74, 0x6d56, 0x6536, 0x5cf3,
0x54d2, 0x5cf0, 0x64c9, 0x6ceb, 0x6d0b, 0x64c9, 0x6d08, 0x64a8, 0x4c29, 0x4c2a, 0x442a, 0x3be9, 0x3be9, 0x2b4a, 0x33cd, 0x442f,
0x3bec, 0x54b3, 0x54d5, 0x54d5, 0x54d5, 0x5cd4, 0x5cf4, 0x5cf5, 0x5d14, 0x7554, 0x7d74, 0x7d94, 0x7d94, 0x7574, 0x85b4, 0x85b3,
0x6d53, 0x6d53, 0x6d34, 0x6d34, 0x6514, 0x6514, 0x6d34, 0x6d14, 0x6515, 0x5cf6, 0x5cf5, 0x54d6, 0x54d6, 0x5cf6, 0x5cf6, 0x5cf6,
0x5cf6, 0x5cf4, 0x546a, 0x5c89, 0x6489, 0x3ba9, 0x230a, 0x22ea, 0x1a89, 0x22ec, 0x4cb5, 0x54b5, 0x54d5, 0x54d5, 0x54d5, 0x5cd6,
0x5cd6, 0x54d5, 0x54d5, 0x54d5, 0x54d5, 0x54d6, 0x5cf7, 0x6517, 0x6517, 0x6517, 0x6d18, 0x7d7a, 0x859a, 0x8dba, 0x8dba, 0x8dba,
0x8dba, 0x8dba, 0x8dba, 0x8dba, 0x8dda, 0x8dda, 0x8dda, 0x8dda, 0x8dda, 0x8dba, 0x8dba, 0x95da, 0x95da, 0x95da, 0x95da, 0x95da,
0x95da, 0x95da, 0x95da, 0x95da, 0x95fa, 0x95fa, 0x95da, 0x95fa, 0x9dfa, 0x9dfa, 0x9e1a, 0x95d9, 0x7578, 0x6d57, 0x7557, 0x6d57,
0x5d37, 0x5d16, 0x5d36, 0x5d16, 0x5d36, 0x5d36, 0x5d35, 0x5d35, 0x6535, 0x6d55, 0x6d55, 0x6d55, 0x6555, 0x5d16, 0x6516, 0x5d16,
0x5d16, 0x5d36, 0x5d36, 0x6536, 0x6535, 0x6535, 0x6535, 0x6535, 0x6535, 0x6535, 0x6535, 0x6515, 0x5d15, 0x6515, 0x5d16, 0x5d16,
0x5cf6, 0x5cf6, 0x5cf6, 0x5cf6, 0x5cf6, 0x5cf6, 0x5cf6, 0x5cf6, 0x5d17, 0x6537, 0x6d37, 0x6517, 0x7558, 0x95da, 0x95da, 0x8dda,
0x8dda, 0x95da, 0x95da, 0x95da, 0x8dda, 0x95da, 0x95da, 0x8dba, 0x6d38, 0x6517, 0x6d37, 0x6d37, 0x6517, 0x5cf6, 0x5cf6, 0x5cf6,
0x5cf6, 0x5cf6, 0x5cf6, 0x5cf6, 0x5d16, 0x5d16, 0x5d16, 0x5d16, 0x5cf6, 0x5cf6, 0x5d16, 0x5d16, 0x5d16, 0x5cf6, 0x5d16, 0x5d15,
0x5d16, 0x5d15, 0x5d15, 0x6515, 0x6515, 0x6535, 0x6535, 0x5d15, 0x5d15, 0x5d15, 0x5d15, 0x5d15, 0x5d15, 0x5d16, 0x5d16, 0x5d15,
0x5cf6, 0x5cf6, 0x5cd6, 0x5cd6, 0x5cf6, 0x5cd6, 0x5cd6, 0x5cf6, 0x5cf6, 0x5cf5, 0x5cf6, 0x54d6, 0x54d6, 0x54d5, 0x54d5, 0x54d5,
0x54d5, 0x54d6, 0x54d6, 0x54d6, 0x54d6, 0x54d6, 0x54d5, 0x54d5, 0x54d5, 0x4cb5, 0x54d6, 0x64f7, 0x6517, 0x6d17, 0x6d17, 0x7557,
0x95d9, 0x95b8, 0x6d57, 0x6d37, 0x6d37, 0x6517, 0x54f6, 0x54f5, 0x54d5, 0x54f5, 0x5cf6, 0x5cf5, 0x5cf5, 0x5cf5, 0x6516, 0x6516,
0x6516, 0x5d16, 0x5d16, 0x5d16, 0x5d16, 0x5d16, 0x5d16, 0x6536, 0x5d36, 0x5d36, 0x6535, 0x6535, 0x6535, 0x6516, 0x6516, 0x5d16,
0x6516, 0x5d16, 0x5d16, 0x5d16, 0x5d36, 0x6536, 0x6536, 0x5d16, 0x5d16, 0x5d36, 0x5d16, 0x5d16, 0x5d16, 0x5d16, 0x5d15, 0x5d15,
0x5cf5, 0x5d15, 0x6534, 0x6d54, 0x6d74, 0x7db4, 0x85b4, 0x85b4, 0x8db3, 0x8dd3, 0x95f2, 0x9df2, 0x9df1, 0x95d2, 0x8593, 0x6d74,
0x7594, 0x7d94, 0x7d94, 0x7573, 0x7554, 0x6534, 0x6d54, 0x6d54, 0x6d34, 0x6514, 0x5cf4, 0x5cd5, 0x5cd4, 0x5cd4, 0x54d5, 0x4cd5,
0x4cd5, 0x54d5, 0x4cd5, 0x6515, 0x85b5, 0x8595, 0x7d95, 0x8dd5, 0x9df5, 0xa614, 0xa615, 0xa635, 0xa615, 0xa635, 0xae35, 0xae34,

/* -32- */
0x2b6b, 0x4451, 0x54b5, 0x5cf5, 0x6514, 0x8593, 0x95b3, 0x7574, 0x7575, 0x8db3, 0x8dd4, 0x95f3, 0x95d3, 0x95f3, 0x8dd3, 0x85b3,
0x95d3, 0x95d2, 0x95d2, 0x7d73, 0x6534, 0x7d74, 0x7d73, 0x7d73, 0x7554, 0x5cf5, 0x5cf5, 0x54d5, 0x54d5, 0x5cf5, 0x5cf6, 0x5cf6,
0x5cf6, 0x5cf4, 0x546b, 0x5449, 0x64a9, 0x440a, 0x232a, 0x22ea, 0x1a6a, 0x22ec, 0x4473, 0x54d5, 0x5cf6, 0x54d5, 0x54d5, 0x54d5,
0x54d5, 0x54d5, 0x54d5, 0x54d5, 0x54d5, 0x54d5, 0x54b5, 0x4cb5, 0x4cb5, 0x4c94, 0x54b5, 0x6d18, 0x7d79, 0x7d79, 0x8599, 0x8599,
0x8dba, 0x8dda, 0x8dda, 0x95da, 0x8dda, 0x95da, 0x95da, 0x95da, 0x95da, 0x95da, 0x8dda, 0x8dda, 0x8dda, 0x8dda, 0x8dda, 0x95da,
0x95da, 0x95da, 0x95da, 0x95fa, 0x9dfa, 0x9dfa, 0x95da, 0x7d98, 0x7578, 0x7578, 0x7578, 0x6d57, 0x5d16, 0x5cf6, 0x5d16, 0x5d16,
0x5d36, 0x6536, 0x6536, 0x6536, 0x6556, 0x6d55, 0x6d75, 0x6d55, 0x6d35, 0x6d55, 0x6d55, 0x6555, 0x6555, 0x5d36, 0x5d16, 0x5d16,
0x5d36, 0x6536, 0x6536, 0x6d55, 0x6d55, 0x6d55, 0x6d55, 0x6d55, 0x6535, 0x6535, 0x6535, 0x6536, 0x6535, 0x6535, 0x6536, 0x5d16,
0x6516, 0x6516, 0x6516, 0x5cf6, 0x5cf6, 0x5cf6, 0x5cf6, 0x5cf6, 0x5cf6, 0x54f6, 0x54f6, 0x54f6, 0x5cf6, 0x6517, 0x6517, 0x6517,
0x64f7, 0x7579, 0x95da, 0x95da, 0x8599, 0x6517, 0x6d17, 0x6517, 0x54d5, 0x54d5, 0x54f5, 0x5cf5, 0x5cf6, 0x5d16, 0x5d16, 0x5cf6,
0x5cf6, 0x5cf5, 0x5d15, 0x5d15, 0x6535, 0x6536, 0x6536, 0x5d16, 0x5d16, 0x5d16, 0x5d16, 0x5d16, 0x5d16, 0x5d16, 0x5d16, 0x5d15,
0x6516, 0x6515, 0x6515, 0x6515, 0x6515, 0x6515, 0x6515, 0x5d15, 0x6515, 0x5d15, 0x5d15, 0x5d15, 0x5d15, 0x5d15, 0x5d15, 0x5cf5,
0x54d6, 0x5cd6, 0x5cd6, 0x5cf6, 0x5d15, 0x5cf6, 0x5cd6, 0x54d6, 0x5cd6, 0x5cf5, 0x5cf6, 0x54d6, 0x54d5, 0x54d5, 0x54d5, 0x54d6,
0x54d6, 0x54f6, 0x54d6, 0x54d6, 0x54d6, 0x54d5, 0x54d5, 0x54d5, 0x54d5, 0x54d5, 0x54d5, 0x54d5, 0x54d5, 0x5cd5, 0x54b4, 0x5cd5,
0x7d77, 0x7576, 0x54f5, 0x54f5, 0x54f5, 0x54f5, 0x5cf5, 0x5cf6, 0x5cf6, 0x54f5, 0x54f5, 0x5cf5, 0x5cf5, 0x5d15, 0x6515, 0x6535,
0x6536, 0x5d36, 0x5d16, 0x5d16, 0x5d16, 0x5d16, 0x6516, 0x6515, 0x6515, 0x6515, 0x6535, 0x6535, 0x5d36, 0x6516, 0x5d16, 0x5d16,
0x5d16, 0x5d16, 0x5d16, 0x5d16, 0x5d16, 0x5d16, 0x5d16, 0x5d16, 0x5d16, 0x5d16, 0x5d36, 0x5d16, 0x5d16, 0x5d16, 0x5d15, 0x5d15,
0x5d15, 0x5d16, 0x8dd3, 0x95f3, 0x95d2, 0x9e13, 0xb653, 0xb653, 0xb673, 0xbe73, 0xb653, 0xae32, 0xae32, 0xae52, 0xa653, 0x8dd3,
0x95f2, 0x95f2, 0x9e12, 0x95d3, 0x7d74, 0x7574, 0x85b4, 0x8594, 0x7d74, 0x6514, 0x5cf5, 0x5cf5, 0x54d5, 0x5cf5, 0x54d5, 0x54f5,
0x5cf6, 0x7575, 0x7556, 0x8596, 0xae55, 0xa635, 0xa615, 0x9e15, 0xa635, 0xbe94, 0xb674, 0xbe75, 0xb675, 0xb675, 0xbe75, 0xae55,
0xa635, 0xa635, 0xa635, 0xa636, 0x9e16, 0x9e16, 0x9e16, 0x9e35, 0x95f6, 0x85b7, 0x85b7, 0x85d6, 0x8dd6, 0x95f7, 0xae55, 0xb655,
0xb654, 0xb654, 0xae55, 0xae55, 0xb655, 0x95d6, 0x8dd6, 0x8dd7, 0x8dd7, 0x8dd7, 0x85d7, 0x8dd7, 0x8dd7, 0xa617, 0xbe75, 0xbe75,
0xbe74, 0xbe75, 0xbe75, 0xbe56, 0x95d5, 0x9df5, 0xb636, 0xb635, 0xbe54, 0xb655, 0xae35, 0xa636, 0x8d92, 0x440a, 0x3bea, 0x336b,
0x12ab, 0x1acb, 0x9df6, 0xae37, 0xa616, 0x85b6, 0x85b6, 0x85b6, 0x8dd7, 0xa636, 0x9e16, 0x9df6, 0x9e16, 0x95f6, 0x8dd6, 0x8db6,
0x8db6, 0x8db6, 0x9df5, 0xa635, 0xa635, 0xae14, 0x9df5, 0x9df5, 0x9df5, 0x9df5, 0x95d5, 0x95f6, 0x95d6, 0xa616, 0xae35, 0xae15,
0x9df5, 0x8dd7, 0xa5f6, 0xae15, 0xa5f4, 0x9df4, 0x95f4, 0x9df4, 0x95f4, 0x8dd4, 0x8dd5, 0x8db4, 0x8db3, 0x8593, 0x7d54, 0x7d74,
0x6d35, 0x5cf5, 0x5cf5, 0x5cf5, 0x5cf5, 0x54d5, 0x54d5, 0x54d5, 0x54d5, 0x54d5, 0x54d5, 0x5cf5, 0x5cf5, 0x5cf5, 0x5cf5, 0x5d15,
0x7574, 0x7574, 0x7574, 0x7d94, 0x7d94, 0x6d55, 0x5d15, 0x54f5, 0x5cf6, 0x6516, 0x5d16, 0x4cf5, 0x4cf5, 0x4cf6, 0x6d76, 0xa5b4,
0xbe37, 0xffbd, 0xeed8, 0xeed7, 0xef39, 0x9472, 0x632f, 0x7d34, 0x85b5, 0x7d75, 0x5d15, 0x5cf6, 0x6515, 0x8db2, 0x95f2, 0x95d3,
0x7553, 0x6514, 0x6d54, 0x7d74, 0x7d74, 0x6515, 0x54f5, 0x54f5, 0x54d5, 0x54d5, 0x54d5, 0x54b5, 0x54b5, 0x54d5, 0x54d5, 0x54d5,
0x54d5, 0x54d5, 0x54d5, 0x54d5, 0x54b5, 0x54b5, 0x54d5, 0x54d6, 0x54d5, 0x54f5, 0x54f5, 0x54d5, 0x54d5, 0x54d6, 0x54d6, 0x54d5,
0x54d5, 0x54d5, 0x54d5, 0x54d6, 0x54d6, 0x54d6, 0x54d6, 0x54d6, 0x54d6, 0x54d6, 0x54d6, 0x54d6, 0x54d6, 0x54d6, 0x54d6, 0x6d37,
0x6d58, 0x6d58, 0x85ba, 0x95fb, 0x95fb, 0x95fb, 0x85b9, 0x5d16, 0x5cf6, 0x5cf6, 0x54d5, 0x444e, 0x2bac, 0x3bf1, 0x5cd5, 0x5cf6,
0x5cf6, 0x5cf6, 0x5cf6, 0x5cf6, 0x5cf6, 0x5cf6, 0x5cf6, 0x5cf6, 0x5cf6, 0x5d16, 0x5d16, 0x5d16, 0x5d16, 0x5d16, 0x5d15, 0x5d15,
0x5d35, 0x5d36, 0x6535, 0x7574, 0x7574, 0x7574, 0x6d54, 0x6535, 0x7594, 0x85b3, 0x8593, 0x6d54, 0x7574, 0x7d73, 0x8593, 0x7d93,
0x7554, 0x6d54, 0x7554, 0x6d35, 0x6516, 0x6535, 0x5d35, 0x5d35, 0x5d16, 0x5d16, 0x5d16, 0x5d16, 0x5d16, 0x5d16, 0x5d16, 0x5cf6,
0x5d16, 0x5d16, 0x5d16, 0x5d16, 0x5d16, 0x5d16, 0x5d16, 0x5d16, 0x5d16, 0x5d16, 0x5d16, 0x5d16, 0x5d16, 0x5516, 0x5d16, 0x5d16,
0x5d16, 0x5d16, 0x5d16, 0x5d36, 0x5d16, 0x5d16, 0x5cf6, 0x5cf6, 0x5cf6, 0x5cf6, 0x54f5, 0x54f6, 0x54f6, 0x54f6, 0x5d15, 0x5515,
0x54f5, 0x54f5, 0x5d15, 0x5cf5, 0x5d15, 0x95d3, 0xa613, 0xa613, 0x95d3, 0x7d73, 0x7d93, 0x85b3, 0x85b3, 0x7d74, 0x6514, 0x6d33,
0x6514, 0x6515, 0x5cf5, 0x5cf6, 0x5cf6, 0x5cf6, 0x5cf6, 0x5cf6, 0x5cf6, 0x5cf6, 0x8dd5, 0xa614, 0x9e15, 0xa635, 0xa635, 0xae55,
0xb675, 0xb655, 0xb656, 0xb656, 0xae35, 0xae35, 0xae36, 0xa636, 0xa615, 0xae35, 0x9e16, 0x9616, 0x9e16, 0x9e16, 0xa635, 0xa635,
0xa636, 0xa615, 0x8dd4, 0xae35, 0xae55, 0xae55, 0xae55, 0xa635, 0x9e16, 0x95f6, 0x9e16, 0xa636, 0xa636, 0x9e16, 0x7db7, 0x95f6,
0x9e15, 0x8dd5, 0x95f4, 0x9e14, 0x9df4, 0x9df4, 0x95f4, 0x95f4, 0x95d4, 0x8db4, 0x8594, 0x7d95, 0x6d55, 0x6d75, 0x7d96, 0x8db4,
0x9e14, 0x9df4, 0x9e14, 0xa615, 0xa614, 0x95d5, 0x9df5, 0x9dd5, 0x9df5, 0x9df4, 0x8db4, 0x85b4, 0x8db4, 0x85b5, 0x6d35, 0x43ec,
0x440b, 0x4c2a, 0x64a7, 0x858f, 0x85b0, 0x5468, 0x4c49, 0x5449, 0x4409, 0x4c2a, 0x4c2a, 0x440a, 0x3bea, 0x234b, 0x2b8a, 0x2b6a,
0x2b6b, 0x4451, 0x54b5, 0x5cf5, 0x6514, 0x8593, 0x95b3, 0x7574, 0x7575, 0x8db3, 0x8dd4, 0x95f3, 0x95d3, 0x95f3, 0x8dd3, 0x85b3,
0x95d3, 0x95d2, 0x95d2, 0x7d73, 0x6534, 0x7d74, 0x7d73, 0x7d73, 0x7554, 0x5cf5, 0x5cf5, 0x54d5, 0x54d5, 0x5cf5, 0x5cf6, 0x5cf6,
0x5cf6, 0x5cf4, 0x546b, 0x5449, 0x64a9, 0x440a, 0x232a, 0x22ea, 0x1a6a, 0x22ec, 0x4473, 0x54d5, 0x5cf6, 0x54d5, 0x54d5, 0x54d5,
0x54d5, 0x54d5, 0x54d5, 0x54d5, 0x54d5, 0x54d5, 0x54b5, 0x4cb5, 0x4cb5, 0x4c94, 0x54b5, 0x6d18, 0x7d79, 0x7d79, 0x8599, 0x8599,
0x8dba, 0x8dda, 0x8dda, 0x95da, 0x8dda, 0x95da, 0x95da, 0x95da, 0x95da, 0x95da, 0x8dda, 0x8dda, 0x8dda, 0x8dda, 0x8dda, 0x95da,
0x95da, 0x95da, 0x95da, 0x95fa, 0x9dfa, 0x9dfa, 0x95da, 0x7d98, 0x7578, 0x7578, 0x7578, 0x6d57, 0x5d16, 0x5cf6, 0x5d16, 0x5d16,
0x5d36, 0x6536, 0x6536, 0x6536, 0x6556, 0x6d55, 0x6d75, 0x6d55, 0x6d35, 0x6d55, 0x6d55, 0x6555, 0x6555, 0x5d36, 0x5d16, 0x5d16,
0x5d36, 0x6536, 0x6536, 0x6d55, 0x6d55, 0x6d55, 0x6d55, 0x6d55, 0x6535, 0x6535, 0x6535, 0x6536, 0x6535, 0x6535, 0x6536, 0x5d16,
0x6516, 0x6516, 0x6516, 0x5cf6, 0x5cf6, 0x5cf6, 0x5cf6, 0x5cf6, 0x5cf6, 0x54f6, 0x54f6, 0x54f6, 0x5cf6, 0x6517, 0x6517, 0x6517,
0x64f7, 0x7579, 0x95da, 0x95da, 0x8599, 0x6517, 0x6d17, 0x6517, 0x54d5, 0x54d5, 0x54f5, 0x5cf5, 0x5cf6, 0x5d16, 0x5d16, 0x5cf6,
0x5cf6, 0x5cf5, 0x5d15, 0x5d15, 0x6535, 0x6536, 0x6536, 0x5d16, 0x5d16, 0x5d16, 0x5d16, 0x5d16, 0x5d16, 0x5d16, 0x5d16, 0x5d15,
0x6516, 0x6515, 0x6515, 0x6515, 0x6515, 0x6515, 0x6515, 0x5d15, 0x6515, 0x5d15, 0x5d15, 0x5d15, 0x5d15, 0x5d15, 0x5d15, 0x5cf5,
0x54d6, 0x5cd6, 0x5cd6, 0x5cf6, 0x5d15, 0x5cf6, 0x5cd6, 0x54d6, 0x5cd6, 0x5cf5, 0x5cf6, 0x54d6, 0x54d5, 0x54d5, 0x54d5, 0x54d6,
0x54d6, 0x54f6, 0x54d6, 0x54d6, 0x54d6, 0x54d5, 0x54d5, 0x54d5, 0x54d5, 0x54d5, 0x54d5, 0x54d5, 0x54d5, 0x5cd5, 0x54b4, 0x5cd5,
0x7d77, 0x7576, 0x54f5, 0x54f5, 0x54f5, 0x54f5, 0x5cf5, 0x5cf6, 0x5cf6, 0x54f5, 0x54f5, 0x5cf5, 0x5cf5, 0x5d15, 0x6515, 0x6535,
0x6536, 0x5d36, 0x5d16, 0x5d16, 0x5d16, 0x5d16, 0x6516, 0x6515, 0x6515, 0x6515, 0x6535, 0x6535, 0x5d36, 0x6516, 0x5d16, 0x5d16,
0x5d16, 0x5d16, 0x5d16, 0x5d16, 0x5d16, 0x5d16, 0x5d16, 0x5d16, 0x5d16, 0x5d16, 0x5d36, 0x5d16, 0x5d16, 0x5d16, 0x5d15, 0x5d15,
0x5d15, 0x5d16, 0x8dd3, 0x95f3, 0x95d2, 0x9e13, 0xb653, 0xb653, 0xb673, 0xbe73, 0xb653, 0xae32, 0xae32, 0xae52, 0xa653, 0x8dd3,
0x95f2, 0x95f2, 0x9e12, 0x95d3, 0x7d74, 0x7574, 0x85b4, 0x8594, 0x7d74, 0x6514, 0x5cf5, 0x5cf5, 0x54d5, 0x5cf5, 0x54d5, 0x54f5,
0x5cf6, 0x7575, 0x7556, 0x8596, 0xae55, 0xa635, 0xa615, 0x9e15, 0xa635, 0xbe94, 0xb674, 0xbe75, 0xb675, 0xb675, 0xbe75, 0xae55,

/* -33- */
0x2b6b, 0x234b, 0x3bef, 0x6d13, 0x8db4, 0x95d4, 0x95d4, 0x8dd5, 0x8db5, 0x85b4, 0x85b5, 0x8dd4, 0x8dd4, 0x8dd4, 0x8dd4, 0x8dd4,
0x9dd3, 0x9dd3, 0x7d53, 0x6d34, 0x6d35, 0x6d34, 0x5cf3, 0x6513, 0x6d74, 0x6d75, 0x7574, 0x7d75, 0x6d35, 0x5d15, 0x6516, 0x54f6,
0x54b5, 0x4c91, 0x4c4a, 0x64a9, 0x6ce9, 0x4c4a, 0x2baa, 0x33ea, 0x22cb, 0x1a8b, 0x22ec, 0x4c74, 0x5cf6, 0x54d5, 0x54d5, 0x54d5,
0x54d5, 0x54d5, 0x54d5, 0x54b5, 0x54b5, 0x54b5, 0x54d5, 0x54d5, 0x54b5, 0x54b5, 0x54b5, 0x54b5, 0x54b5, 0x5cd5, 0x5cd5, 0x5cd6,
0x8dba, 0x8dda, 0x8dda, 0x95da, 0x95da, 0x95da, 0x95da, 0x8dda, 0x8dda, 0x8dda, 0x8dda, 0x8dda, 0x8dda, 0x8dda, 0x95da, 0x95fa,
0x95fa, 0x95fa, 0x95d9, 0x7d78, 0x7557, 0x7578, 0x7578, 0x5d16, 0x54f6, 0x54f6, 0x54f6, 0x54f6, 0x5d16, 0x5d16, 0x5d16, 0x6536,
0x6536, 0x6556, 0x6556, 0x6556, 0x7575, 0x7574, 0x7574, 0x7574, 0x6d35, 0x5d35, 0x5d16, 0x5d36, 0x5d36, 0x5d16, 0x5d16, 0x5d36,
0x5d36, 0x5d36, 0x6536, 0x6d55, 0x6d55, 0x6d55, 0x6d75, 0x6555, 0x7574, 0x6535, 0x5d16, 0x5d16, 0x5d36, 0x5d16, 0x5d16, 0x5d16,
0x6536, 0x6536, 0x6516, 0x5d16, 0x5cf6, 0x5cf6, 0x5cf6, 0x5cf6, 0x5cf6, 0x5cf6, 0x5cf6, 0x5cf6, 0x5cf6, 0x5cf6, 0x5cf6, 0x5cf6,
0x5cd6, 0x5cf6, 0x6517, 0x6516, 0x5cf6, 0x54d5, 0x54d5, 0x54d5, 0x5cf5, 0x5cf5, 0x5cf5, 0x5d16, 0x5d16, 0x5d16, 0x5d16, 0x5d16,
0x5d16, 0x6515, 0x6535, 0x6d35, 0x6d55, 0x5d36, 0x5d16, 0x5d15, 0x5d15, 0x5d16, 0x5d16, 0x5d16, 0x5d16, 0x5d15, 0x5d15, 0x6515,
0x6516, 0x6516, 0x6535, 0x5d15, 0x5d15, 0x5d16, 0x5d16, 0x5d16, 0x5d15, 0x5d15, 0x5d16, 0x5d16, 0x5d15, 0x5d15, 0x5d15, 0x5cf6,
0x5cf6, 0x5cf6, 0x5cd6, 0x5cf6, 0x5cf5, 0x5cf6, 0x5cf6, 0x5cf6, 0x54d6, 0x54d6, 0x5cf6, 0x54f6, 0x54f6, 0x54d6, 0x54d6, 0x54d6,
0x54d6, 0x54d5, 0x54d5, 0x54d5, 0x54d5, 0x54d5, 0x54d5, 0x54d5, 0x54d5, 0x4cd5, 0x5cf4, 0x7553, 0x6d53, 0x6d34, 0x6d34, 0x6534,
0x5d15, 0x5d15, 0x5d35, 0x6535, 0x5d15, 0x5d15, 0x5d15, 0x5d15, 0x6515, 0x5d15, 0x5d15, 0x5d15, 0x5d15, 0x6d54, 0x7554, 0x6d54,
0x6555, 0x5d35, 0x5d15, 0x6515, 0x5d15, 0x5d15, 0x5d15, 0x6514, 0x6514, 0x5d14, 0x6515, 0x6515, 0x5d16, 0x6516, 0x5d16, 0x5d16,
0x5d36, 0x5d16, 0x5d16, 0x5cf6, 0x5d16, 0x5d16, 0x5cf6, 0x5cf6, 0x5d16, 0x5cf6, 0x5cf6, 0x54f6, 0x54f6, 0x6d55, 0x7d95, 0x8dd5,
0x9e14, 0x9e14, 0x9e14, 0x9e15, 0x9df4, 0xa615, 0xae35, 0xb635, 0xae34, 0xb654, 0xb655, 0xb656, 0xae56, 0xa635, 0xa635, 0xa635,
0xa634, 0x95f3, 0x8dd4, 0x8dd4, 0x85d5, 0x85b5, 0x7575, 0x6515, 0x54d5, 0x54d5, 0x54b5, 0x4cb5, 0x5cf5, 0x95f6, 0x95f6, 0x95f6,
0x95f6, 0xa636, 0xae36, 0xae36, 0xa636, 0xae36, 0xb676, 0xb676, 0xb676, 0xb676, 0xb676, 0xae56, 0xae56, 0xa656, 0xa656, 0xa656,
0xae56, 0xae55, 0xae55, 0x9e16, 0x95d7, 0x8dd6, 0x85b6, 0x85b6, 0x85b6, 0x85d7, 0x8dd7, 0x9e16, 0xa616, 0xa617, 0x9df6, 0x9df6,
0xae36, 0xae56, 0xae57, 0xae56, 0xae56, 0xa637, 0xa637, 0xa637, 0xae37, 0xae37, 0xa637, 0x9df7, 0x9e17, 0x9e17, 0x9e17, 0xa617,
0xa636, 0xa636, 0xa636, 0xae37, 0x442c, 0x5caf, 0xae58, 0xa616, 0xae36, 0xa617, 0xa637, 0x7534, 0x4c4d, 0x4c2a, 0x338a, 0x230b,
0x1a8a, 0x22ec, 0x95d5, 0x9e16, 0x9df6, 0xa617, 0xa617, 0xa617, 0xae37, 0xae37, 0xae56, 0xae56, 0xa636, 0x9e36, 0xa636, 0xa636,
0xa636, 0xa636, 0xa636, 0xa616, 0xa616, 0x9df6, 0x8dd6, 0x8dd6, 0x85b6, 0x85b7, 0x8dd6, 0x95f7, 0x95f7, 0x95f7, 0x95f7, 0x95f7,
0x95f7, 0x95d7, 0x95d7, 0x95f7, 0x95d7, 0x95f6, 0x95d6, 0x95f6, 0x95f6, 0x8dd6, 0x8dd5, 0x95d5, 0x95d5, 0x8db5, 0x8595, 0x8595,
0x85b4, 0x85b4, 0x7575, 0x6d55, 0x6515, 0x5cf5, 0x54d5, 0x54d5, 0x54b5, 0x4cb5, 0x54d5, 0x6d55, 0x6d54, 0x6d74, 0x6d55, 0x6d55,
0x7d94, 0x7d94, 0x7d95, 0x7d95, 0x7d95, 0x7d95, 0x7575, 0x7575, 0x6d14, 0x5cd2, 0x64f3, 0x7575, 0x7576, 0x7576, 0x8db6, 0x95f6,
0xb679, 0xffff, 0xcd71, 0xbcac, 0xde55, 0x9578, 0x74f5, 0x95d5, 0x9e16, 0x95f5, 0x95f5, 0x95d5, 0x8db4, 0x95d3, 0x8dd3, 0x7d94,
0x7d74, 0x7d74, 0x7d94, 0x8594, 0x7575, 0x6535, 0x7573, 0x5cf5, 0x5cf5, 0x6d33, 0x54d4, 0x4c95, 0x4cb5, 0x4cb5, 0x54b5, 0x54d5,
0x54d5, 0x54d5, 0x54d5, 0x54d5, 0x54d5, 0x54d5, 0x54b5, 0x54b5, 0x54d5, 0x54f5, 0x54d5, 0x54d6, 0x54d5, 0x54d6, 0x54d6, 0x54d5,
0x54d5, 0x54d5, 0x54b5, 0x54d5, 0x54d5, 0x54d6, 0x54d6, 0x54d6, 0x54d6, 0x54d6, 0x54d6, 0x54d6, 0x5cd6, 0x5cd6, 0x54d6, 0x54d5,
0x54d5, 0x54f6, 0x5cf6, 0x4c31, 0x5493, 0x6537, 0x5d17, 0x5d16, 0x5d16, 0x5cf6, 0x54b2, 0x440d, 0x232a, 0x2b2d, 0x5cf5, 0x54d5,
0x5cf6, 0x5cf6, 0x5cf6, 0x5cf6, 0x5cf6, 0x5cf6, 0x5d16, 0x5d16, 0x6516, 0x6516, 0x5d16, 0x5d16, 0x5d16, 0x5d15, 0x5d15, 0x5d15,
0x6d54, 0x6d55, 0x6d74, 0x6d74, 0x6d54, 0x6534, 0x7574, 0x7574, 0x7d93, 0x8db3, 0x8dd3, 0x8db3, 0x8dd3, 0x85b3, 0x7d94, 0x7d74,
0x6d54, 0x6535, 0x6515, 0x6516, 0x5d16, 0x5d16, 0x5d16, 0x5d16, 0x5d16, 0x5d16, 0x5d16, 0x5d16, 0x5d16, 0x5d16, 0x5d16, 0x5d16,
0x5d16, 0x5d16, 0x5d16, 0x5d16, 0x5d16, 0x5d16, 0x5d16, 0x5d16, 0x5cf6, 0x5d16, 0x5cf6, 0x54f6, 0x54f6, 0x54f6, 0x54f6, 0x54f6,
0x5d16, 0x5d16, 0x5d16, 0x5d16, 0x5d16, 0x54f6, 0x5cf6, 0x5cf6, 0x54d5, 0x54d5, 0x54d5, 0x4cd5, 0x4cd5, 0x54f6, 0x54f5, 0x54f6,
0x85b6, 0x9e15, 0x95f5, 0x95f4, 0x95f4, 0x9df4, 0x9df4, 0x9e14, 0x9e15, 0x95d4, 0x8db4, 0x95d3, 0x8db3, 0x7d74, 0x7d74, 0x7554,
0x5cf5, 0x5cd5, 0x5cd5, 0x5cd6, 0x54d6, 0x7d96, 0x9e16, 0x9616, 0x95f6, 0x95f6, 0x9e16, 0x9e16, 0xa637, 0xae57, 0xae57, 0xae56,
0xb676, 0xb677, 0xb657, 0xae57, 0xae56, 0xae36, 0x9e17, 0xa616, 0xae36, 0xb656, 0xb676, 0xae56, 0xa636, 0xa635, 0x9e15, 0x9df5,
0xa657, 0x7552, 0x2baa, 0x9e15, 0xae56, 0xa636, 0xa636, 0xae36, 0xae36, 0x95d7, 0x8db6, 0x8dd6, 0x8dd6, 0x8db7, 0x85b7, 0x85b7,
0x8db6, 0x8dd6, 0x95f6, 0x9e15, 0x9e16, 0x9e17, 0x9e17, 0x8dd6, 0x85b6, 0x7d95, 0x8595, 0x85b5, 0x8dd5, 0x8dd6, 0x8dd6, 0x95f5,
0xa635, 0xa635, 0xa636, 0xae56, 0xa636, 0x8db7, 0x95d7, 0x95d6, 0x95d5, 0x95f5, 0x95f6, 0x9616, 0x8e16, 0x64ad, 0x43eb, 0x3bca,
0x3baa, 0x3bea, 0x5c88, 0x6d09, 0x6d0a, 0x5ca9, 0x5489, 0x4c69, 0x4c4a, 0x3bea, 0x3bcb, 0x442a, 0x2b8b, 0x232b, 0x232a, 0x232a,
0x2b6b, 0x234b, 0x3bef, 0x6d13, 0x8db4, 0x95d4, 0x95d4, 0x8dd5, 0x8db5, 0x85b4, 0x85b5, 0x8dd4, 0x8dd4, 0x8dd4, 0x8dd4, 0x8dd4,
0x9dd3, 0x9dd3, 0x7d53, 0x6d34, 0x6d35, 0x6d34, 0x5cf3, 0x6513, 0x6d74, 0x6d75, 0x7574, 0x7d75, 0x6d35, 0x5d15, 0x6516, 0x54f6,
0x54b5, 0x4c91, 0x4c4a, 0x64a9, 0x6ce9, 0x4c4a, 0x2baa, 0x33ea, 0x22cb, 0x1a8b, 0x22ec, 0x4c74, 0x5cf6, 0x54d5, 0x54d5, 0x54d5,
0x54d5, 0x54d5, 0x54d5, 0x54b5, 0x54b5, 0x54b5, 0x54d5, 0x54d5, 0x54b5, 0x54b5, 0x54b5, 0x54b5, 0x54b5, 0x5cd5, 0x5cd5, 0x5cd6,
0x8dba, 0x8dda, 0x8dda, 0x95da, 0x95da, 0x95da, 0x95da, 0x8dda, 0x8dda, 0x8dda, 0x8dda, 0x8dda, 0x8dda, 0x8dda, 0x95da, 0x95fa,
0x95fa, 0x95fa, 0x95d9, 0x7d78, 0x7557, 0x7578, 0x7578, 0x5d16, 0x54f6, 0x54f6, 0x54f6, 0x54f6, 0x5d16, 0x5d16, 0x5d16, 0x6536,
0x6536, 0x6556, 0x6556, 0x6556, 0x7575, 0x7574, 0x7574, 0x7574, 0x6d35, 0x5d35, 0x5d16, 0x5d36, 0x5d36, 0x5d16, 0x5d16, 0x5d36,
0x5d36, 0x5d36, 0x6536, 0x6d55, 0x6d55, 0x6d55, 0x6d75, 0x6555, 0x7574, 0x6535, 0x5d16, 0x5d16, 0x5d36, 0x5d16, 0x5d16, 0x5d16,
0x6536, 0x6536, 0x6516, 0x5d16, 0x5cf6, 0x5cf6, 0x5cf6, 0x5cf6, 0x5cf6, 0x5cf6, 0x5cf6, 0x5cf6, 0x5cf6, 0x5cf6, 0x5cf6, 0x5cf6,
0x5cd6, 0x5cf6, 0x6517, 0x6516, 0x5cf6, 0x54d5, 0x54d5, 0x54d5, 0x5cf5, 0x5cf5, 0x5cf5, 0x5d16, 0x5d16, 0x5d16, 0x5d16, 0x5d16,
0x5d16, 0x6515, 0x6535, 0x6d35, 0x6d55, 0x5d36, 0x5d16, 0x5d15, 0x5d15, 0x5d16, 0x5d16, 0x5d16, 0x5d16, 0x5d15, 0x5d15, 0x6515,
0x6516, 0x6516, 0x6535, 0x5d15, 0x5d15, 0x5d16, 0x5d16, 0x5d16, 0x5d15, 0x5d15, 0x5d16, 0x5d16, 0x5d15, 0x5d15, 0x5d15, 0x5cf6,
0x5cf6, 0x5cf6, 0x5cd6, 0x5cf6, 0x5cf5, 0x5cf6, 0x5cf6, 0x5cf6, 0x54d6, 0x54d6, 0x5cf6, 0x54f6, 0x54f6, 0x54d6, 0x54d6, 0x54d6,
0x54d6, 0x54d5, 0x54d5, 0x54d5, 0x54d5, 0x54d5, 0x54d5, 0x54d5, 0x54d5, 0x4cd5, 0x5cf4, 0x7553, 0x6d53, 0x6d34, 0x6d34, 0x6534,
0x5d15, 0x5d15, 0x5d35, 0x6535, 0x5d15, 0x5d15, 0x5d15, 0x5d15, 0x6515, 0x5d15, 0x5d15, 0x5d15, 0x5d15, 0x6d54, 0x7554, 0x6d54,
0x6555, 0x5d35, 0x5d15, 0x6515, 0x5d15, 0x5d15, 0x5d15, 0x6514, 0x6514, 0x5d14, 0x6515, 0x6515, 0x5d16, 0x6516, 0x5d16, 0x5d16,
0x5d36, 0x5d16, 0x5d16, 0x5cf6, 0x5d16, 0x5d16, 0x5cf6, 0x5cf6, 0x5d16, 0x5cf6, 0x5cf6, 0x54f6, 0x54f6, 0x6d55, 0x7d95, 0x8dd5,
0x9e14, 0x9e14, 0x9e14, 0x9e15, 0x9df4, 0xa615, 0xae35, 0xb635, 0xae34, 0xb654, 0xb655, 0xb656, 0xae56, 0xa635, 0xa635, 0xa635,
0xa634, 0x95f3, 0x8dd4, 0x8dd4, 0x85d5, 0x85b5, 0x7575, 0x6515, 0x54d5, 0x54d5, 0x54b5, 0x4cb5, 0x5cf5, 0x95f6, 0x95f6, 0x95f6,
0x95f6, 0xa636, 0xae36, 0xae36, 0xa636, 0xae36, 0xb676, 0xb676, 0xb676, 0xb676, 0xb676, 0xae56, 0xae56, 0xa656, 0xa656, 0xa656,

/* -34- */
0x2b4a, 0x2b6a, 0x2329, 0x544e, 0x95d5, 0x95f5, 0x9e15, 0x9e15, 0x95f5, 0x9df5, 0x9df5, 0xa613, 0xa613, 0xa613, 0x95f5, 0x95f5,
0x9df6, 0x9e36, 0x85b5, 0x5cae, 0x548c, 0x546b, 0x4c4b, 0x440b, 0x3c0c, 0x6511, 0x9616, 0x8dd5, 0x8db5, 0x85b5, 0x85b5, 0x7d95,
0x6d13, 0x43ea, 0x5449, 0x5c89, 0x5449, 0x43ea, 0x33ca, 0x33ab, 0x1aca, 0x126a, 0x1249, 0x4c52, 0x54f6, 0x54d5, 0x54d5, 0x54d5,
0x54d5, 0x54d5, 0x54d6, 0x54d6, 0x54d6, 0x54f6, 0x54d5, 0x54d5, 0x54d5, 0x54d5, 0x54d5, 0x54d5, 0x5cd5, 0x5cd5, 0x5cd5, 0x5cd5,
0x5cf6, 0x64f6, 0x5cf6, 0x7558, 0x85b9, 0x85b9, 0x85ba, 0x95da, 0x95fa, 0x95da, 0x95fa, 0x95fa, 0x95d9, 0x8599, 0x7558, 0x7557,
0x7558, 0x7578, 0x7558, 0x5d17, 0x54f7, 0x5516, 0x54f6, 0x5d16, 0x5d16, 0x5d16, 0x5d16, 0x5d36, 0x5d36, 0x5d16, 0x5d16, 0x6d55,
0x6d55, 0x6556, 0x6556, 0x6d75, 0x7d94, 0x7d94, 0x7d94, 0x7d74, 0x7574, 0x7555, 0x6d55, 0x6536, 0x6536, 0x6536, 0x6556, 0x6555,
0x6555, 0x6536, 0x6d55, 0x7d75, 0x7575, 0x7575, 0x6555, 0x6d55, 0x8593, 0x8594, 0x7d94, 0x7575, 0x6536, 0x7575, 0x7d74, 0x6d55,
0x6d35, 0x6535, 0x6536, 0x6536, 0x6536, 0x5d36, 0x5d16, 0x5d16, 0x5d16, 0x5d16, 0x5d16, 0x5d16, 0x5cf6, 0x5cf6, 0x5cf6, 0x5cf5,
0x54f5, 0x54f5, 0x54d5, 0x54d5, 0x54d5, 0x54f5, 0x54f5, 0x5cf5, 0x5d15, 0x6515, 0x5d15, 0x5d15, 0x5d16, 0x6515, 0x6535, 0x6d35,
0x6535, 0x6d55, 0x6d55, 0x6d55, 0x6d55, 0x5d16, 0x5d16, 0x5d15, 0x5d35, 0x5d35, 0x5d16, 0x5d36, 0x6535, 0x6535, 0x6515, 0x5d15,
0x5d15, 0x6515, 0x6535, 0x6535, 0x6515, 0x6516, 0x5d16, 0x5d16, 0x5d16, 0x5d16, 0x5d16, 0x5cf6, 0x5d15, 0x5d16, 0x5d16, 0x5d16,
0x5d16, 0x5cf6, 0x5cf6, 0x5cf6, 0x54d5, 0x54f5, 0x5cd5, 0x5cf6, 0x5cf6, 0x54d6, 0x5cd6, 0x54f6, 0x54f6, 0x5cf6, 0x54d6, 0x54d6,
0x54d5, 0x54d5, 0x54d5, 0x5d16, 0x54f5, 0x54d5, 0x5d35, 0x6d53, 0x7574, 0x7574, 0x7574, 0x7573, 0x7573, 0x7574, 0x7574, 0x7574,
0x6554, 0x6534, 0x6534, 0x6534, 0x6535, 0x6535, 0x5d35, 0x6d55, 0x7594, 0x7d94, 0x7d94, 0x6554, 0x6534, 0x7d94, 0x7d94, 0x7574,
0x6555, 0x5d35, 0x7d94, 0x8db3, 0x6d34, 0x6535, 0x6534, 0x6534, 0x5cf5, 0x5cf5, 0x5d15, 0x5d15, 0x5d16, 0x5d16, 0x5d16, 0x5d16,
0x5d16, 0x5d16, 0x5d16, 0x5d16, 0x5cf6, 0x5cf6, 0x54f6, 0x54d6, 0x54d6, 0x4cd6, 0x6536, 0x8dd5, 0x8dd6, 0x95f6, 0x9e15, 0xa615,
0xa634, 0xa615, 0x9df5, 0xa616, 0xa635, 0xae56, 0xae56, 0xb635, 0xae34, 0xa615, 0x9df6, 0x9e16, 0xa616, 0x9e16, 0xa636, 0xa635,
0xa634, 0x95f4, 0x7576, 0x7596, 0x7596, 0x7576, 0x6516, 0x5cf5, 0x54d5, 0x54b5, 0x7535, 0x8596, 0x85b6, 0x9e16, 0x9e16, 0x9e16,
0x9e16, 0xae35, 0xae36, 0xb636, 0xb656, 0xb677, 0xbe97, 0xb676, 0xa636, 0xa616, 0xa616, 0x9e17, 0xa636, 0x9e16, 0x9e16, 0x9e16,
0x9e16, 0x9616, 0x95f6, 0x8dd6, 0x8db6, 0x85b6, 0x7d76, 0x85b6, 0x8dd6, 0x95f6, 0x95f7, 0x95f7, 0x95f7, 0x9df7, 0xae16, 0xa617,
0xa637, 0xa617, 0xa637, 0xae57, 0xae57, 0xa637, 0xae37, 0x9e17, 0x9e17, 0xae57, 0xae37, 0x9df7, 0x95f7, 0x9df7, 0x9e17, 0x9df7,
0x9e17, 0x8df7, 0x8df7, 0x8595, 0x43e9, 0x336a, 0x64d4, 0x9e17, 0x9e17, 0x9e17, 0xa638, 0x6d33, 0x442b, 0x5c8a, 0x33ab, 0x234c,
0x230b, 0x22eb, 0x4c53, 0x7d96, 0x95d6, 0x95d6, 0x95d6, 0x95f6, 0x9df7, 0x9df7, 0x95f7, 0x95f7, 0x9e18, 0x9e18, 0x9e37, 0x9e17,
0x95f7, 0x95f7, 0x95f6, 0x95f6, 0x8dd6, 0x8db6, 0x8596, 0x7d96, 0x8596, 0x95d6, 0x9df6, 0x95d6, 0x95d6, 0x8dd6, 0x8dd6, 0x8dd6,
0x8dd7, 0x8db6, 0x8dd6, 0x95d7, 0x95d7, 0x95d7, 0x8dd7, 0x8dd7, 0x8dd7, 0x95d6, 0x95d5, 0x95d5, 0x95d5, 0x8db6, 0x8db6, 0x8db5,
0x8db4, 0x8db4, 0x8594, 0x8594, 0x7d74, 0x7d75, 0x6d35, 0x6d35, 0x6d35, 0x6d35, 0x7555, 0x7d75, 0x85b4, 0x8dd4, 0x8595, 0x8595,
0x8db4, 0x8db4, 0x8db5, 0x8db5, 0x8db5, 0x85b6, 0x7db5, 0x4c90, 0x3bec, 0x33ab, 0x3bed, 0x6d33, 0x8d94, 0x95f6, 0x8dd6, 0x85b5,
0xae78, 0xffff, 0xe6d9, 0xde56, 0xeef9, 0x9557, 0x74d5, 0x9df6, 0xae56, 0xa636, 0xa636, 0x9e15, 0x9df5, 0x9e14, 0x95f4, 0x8dd4,
0x8db4, 0x8594, 0x8594, 0x7d95, 0x6d76, 0x6535, 0x6535, 0x6d55, 0x7d74, 0x7d73, 0x7553, 0x6d34, 0x6d34, 0x7554, 0x6d34, 0x4cb5,
0x54b5, 0x54b5, 0x54b5, 0x54b5, 0x54b5, 0x54b5, 0x54b5, 0x54b5, 0x54d5, 0x54d5, 0x54d5, 0x54d6, 0x54f5, 0x54f6, 0x54f6, 0x54d5,
0x54d5, 0x54d5, 0x54d5, 0x54d5, 0x54d5, 0x54d5, 0x54d5, 0x54d5, 0x54d6, 0x54d6, 0x54d6, 0x54d6, 0x54d6, 0x54d6, 0x54d6, 0x54d6,
0x54f6, 0x54f6, 0x54d4, 0x2b6c, 0x33f0, 0x5516, 0x54f6, 0x5cf6, 0x5cf6, 0x54b4, 0x440b, 0x440b, 0x2b6b, 0x22ec, 0x4432, 0x5cf6,
0x5cf5, 0x5cf5, 0x5d16, 0x5d16, 0x5d16, 0x5d16, 0x5d16, 0x6516, 0x5d16, 0x5d16, 0x5d36, 0x5d16, 0x6555, 0x6d74, 0x6d74, 0x6d54,
0x6534, 0x6534, 0x6554, 0x6534, 0x6534, 0x6d54, 0x95d3, 0x9e13, 0x9df2, 0x9df2, 0x8db3, 0x85b3, 0x8db3, 0x7d93, 0x6d34, 0x6d54,
0x6d35, 0x5d15, 0x5d16, 0x5d15, 0x5d15, 0x5d16, 0x5d16, 0x5d16, 0x5d16, 0x5d16, 0x5d16, 0x5d16, 0x5d16, 0x5d16, 0x5d16, 0x5d16,
0x5d16, 0x5d16, 0x5d16, 0x5d16, 0x5d16, 0x5d16, 0x5d16, 0x5d16, 0x5cf6, 0x5d16, 0x5d16, 0x5516, 0x54f6, 0x54f6, 0x54f6, 0x5516,
0x54f6, 0x54f6, 0x54f6, 0x54f6, 0x54f6, 0x54d6, 0x5cd6, 0x54d5, 0x54b5, 0x4cb5, 0x54d5, 0x6515, 0x7576, 0x8db6, 0x8db5, 0x8db6,
0x9df5, 0xa615, 0xa615, 0xa5f5, 0xa614, 0x9df4, 0x9df5, 0x9e15, 0x9e16, 0x95f5, 0x8dd4, 0x85b5, 0x6d55, 0x6515, 0x6515, 0x6515,
0x54b5, 0x6d36, 0x8596, 0x85b6, 0x8596, 0x95d6, 0x9e16, 0x9e16, 0xa616, 0xae36, 0xae36, 0xa637, 0xae37, 0xae57, 0xae57, 0xae56,
0xa657, 0xa637, 0xa617, 0xa637, 0xae36, 0xa616, 0xa617, 0xa616, 0xa636, 0xae36, 0xae56, 0xae56, 0xa636, 0xa636, 0xa616, 0xa636,
0x7d52, 0x4c4a, 0x3388, 0x4c0e, 0x95f6, 0x95f6, 0x9e17, 0x9e17, 0x9e17, 0x9df7, 0x9df6, 0x8dd6, 0x95f6, 0x9e16, 0x9e16, 0x9df6,
0x95f6, 0x95d6, 0x95f6, 0x9df6, 0x9e16, 0x95f7, 0x95f7, 0x95f6, 0x95f6, 0x95f6, 0x9df6, 0x95f5, 0x9df5, 0x9df6, 0x95f6, 0x95f5,
0x9e35, 0xa636, 0xa657, 0x9e37, 0x95f6, 0x8dd7, 0x95d6, 0x9df4, 0x9e14, 0x95f5, 0x95f5, 0x9637, 0x85b2, 0x5c6a, 0x3bc9, 0x3bea,
0x3bea, 0x3c0b, 0x442a, 0x5c89, 0x64c9, 0x64e9, 0x4c4a, 0x3c0a, 0x442a, 0x338b, 0x2b4c, 0x33ab, 0x2b4b, 0x1aeb, 0x230a, 0x22ea,
0x2b4a, 0x2b6a, 0x2329, 0x544e, 0x95d5, 0x95f5, 0x9e15, 0x9e15, 0x95f5, 0x9df5, 0x9df5, 0xa613, 0xa613, 0xa613, 0x95f5, 0x95f5,
0x9df6, 0x9e36, 0x85b5, 0x5cae, 0x548c, 0x546b, 0x4c4b, 0x440b, 0x3c0c, 0x6511, 0x9616, 0x8dd5, 0x8db5, 0x85b5, 0x85b5, 0x7d95,
0x6d13, 0x43ea, 0x5449, 0x5c89, 0x5449, 0x43ea, 0x33ca, 0x33ab, 0x1aca, 0x126a, 0x1249, 0x4c52, 0x54f6, 0x54d5, 0x54d5, 0x54d5,
0x54d5, 0x54d5, 0x54d6, 0x54d6, 0x54d6, 0x54f6, 0x54d5, 0x54d5, 0x54d5, 0x54d5, 0x54d5, 0x54d5, 0x5cd5, 0x5cd5, 0x5cd5, 0x5cd5,
0x5cf6, 0x64f6, 0x5cf6, 0x7558, 0x85b9, 0x85b9, 0x85ba, 0x95da, 0x95fa, 0x95da, 0x95fa, 0x95fa, 0x95d9, 0x8599, 0x7558, 0x7557,
0x7558, 0x7578, 0x7558, 0x5d17, 0x54f7, 0x5516, 0x54f6, 0x5d16, 0x5d16, 0x5d16, 0x5d16, 0x5d36, 0x5d36, 0x5d16, 0x5d16, 0x6d55,
0x6d55, 0x6556, 0x6556, 0x6d75, 0x7d94, 0x7d94, 0x7d94, 0x7d74, 0x7574, 0x7555, 0x6d55, 0x6536, 0x6536, 0x6536, 0x6556, 0x6555,
0x6555, 0x6536, 0x6d55, 0x7d75, 0x7575, 0x7575, 0x6555, 0x6d55, 0x8593, 0x8594, 0x7d94, 0x7575, 0x6536, 0x7575, 0x7d74, 0x6d55,
0x6d35, 0x6535, 0x6536, 0x6536, 0x6536, 0x5d36, 0x5d16, 0x5d16, 0x5d16, 0x5d16, 0x5d16, 0x5d16, 0x5cf6, 0x5cf6, 0x5cf6, 0x5cf5,
0x54f5, 0x54f5, 0x54d5, 0x54d5, 0x54d5, 0x54f5, 0x54f5, 0x5cf5, 0x5d15, 0x6515, 0x5d15, 0x5d15, 0x5d16, 0x6515, 0x6535, 0x6d35,
0x6535, 0x6d55, 0x6d55, 0x6d55, 0x6d55, 0x5d16, 0x5d16, 0x5d15, 0x5d35, 0x5d35, 0x5d16, 0x5d36, 0x6535, 0x6535, 0x6515, 0x5d15,
0x5d15, 0x6515, 0x6535, 0x6535, 0x6515, 0x6516, 0x5d16, 0x5d16, 0x5d16, 0x5d16, 0x5d16, 0x5cf6, 0x5d15, 0x5d16, 0x5d16, 0x5d16,
0x5d16, 0x5cf6, 0x5cf6, 0x5cf6, 0x54d5, 0x54f5, 0x5cd5, 0x5cf6, 0x5cf6, 0x54d6, 0x5cd6, 0x54f6, 0x54f6, 0x5cf6, 0x54d6, 0x54d6,
0x54d5, 0x54d5, 0x54d5, 0x5d16, 0x54f5, 0x54d5, 0x5d35, 0x6d53, 0x7574, 0x7574, 0x7574, 0x7573, 0x7573, 0x7574, 0x7574, 0x7574,
0x6554, 0x6534, 0x6534, 0x6534, 0x6535, 0x6535, 0x5d35, 0x6d55, 0x7594, 0x7d94, 0x7d94, 0x6554, 0x6534, 0x7d94, 0x7d94, 0x7574,
0x6555, 0x5d35, 0x7d94, 0x8db3, 0x6d34, 0x6535, 0x6534, 0x6534, 0x5cf5, 0x5cf5, 0x5d15, 0x5d15, 0x5d16, 0x5d16, 0x5d16, 0x5d16,
0x5d16, 0x5d16, 0x5d16, 0x5d16, 0x5cf6, 0x5cf6, 0x54f6, 0x54d6, 0x54d6, 0x4cd6, 0x6536, 0x8dd5, 0x8dd6, 0x95f6, 0x9e15, 0xa615,
0xa634, 0xa615, 0x9df5, 0xa616, 0xa635, 0xae56, 0xae56, 0xb635, 0xae34, 0xa615, 0x9df6, 0x9e16, 0xa616, 0x9e16, 0xa636, 0xa635,
0xa634, 0x95f4, 0x7576, 0x7596, 0x7596, 0x7576, 0x6516, 0x5cf5, 0x54d5, 0x54b5, 0x7535, 0x8596, 0x85b6, 0x9e16, 0x9e16, 0x9e16,
0x9e16, 0xae35, 0xae36, 0xb636, 0xb656, 0xb677, 0xbe97, 0xb676, 0xa636, 0xa616, 0xa616, 0x9e17, 0xa636, 0x9e16, 0x9e16, 0x9e16,

/* -35- */
0x33aa, 0x43e9, 0x4c08, 0x6ccf, 0x9e16, 0x6d32, 0x54b0, 0x7553, 0xa616, 0x9df5, 0xa615, 0xb633, 0xb632, 0xae32, 0x9df6, 0x9617,
0x8592, 0x7d90, 0x7d6f, 0x64a9, 0x64c7, 0x5c88, 0x4c48, 0x440a, 0x3bca, 0x440c, 0x5490, 0x8db4, 0x95f5, 0x95d5, 0x95d4, 0x9df5,
0x8593, 0x4409, 0x5c89, 0x5c69, 0x3bc9, 0x3bca, 0x33aa, 0x1aab, 0x1aab, 0x1aab, 0x1a6a, 0x5493, 0x6557, 0x5cf6, 0x54f6, 0x54f6,
0x5cf6, 0x5d15, 0x5cd0, 0x4c8f, 0x4c6f, 0x4c70, 0x54d6, 0x54d5, 0x54d5, 0x54d5, 0x54b5, 0x54b5, 0x54b5, 0x54b5, 0x54b5, 0x54d5,
0x54d5, 0x54d5, 0x54d5, 0x5cf6, 0x6537, 0x6537, 0x6537, 0x6d58, 0x7578, 0x7578, 0x7598, 0x7d98, 0x7d98, 0x7557, 0x5cf6, 0x5cf6,
0x54d2, 0x54d0, 0x54d1, 0x4c90, 0x4c90, 0x54d2, 0x6537, 0x5d36, 0x5d16, 0x5d36, 0x6556, 0x6556, 0x6536, 0x6d56, 0x6d56, 0x6555,
0x6d55, 0x7575, 0x7575, 0x7d95, 0x8594, 0x8594, 0x7d94, 0x8594, 0x8594, 0x7555, 0x6536, 0x6536, 0x6536, 0x6536, 0x5d36, 0x6556,
0x6d75, 0x7575, 0x7575, 0x7575, 0x7575, 0x7d94, 0x8594, 0x8db4, 0x95d3, 0x95d3, 0x95d4, 0x8db4, 0x85b4, 0x95d4, 0x8db4, 0x6d55,
0x6535, 0x6555, 0x6555, 0x6555, 0x6555, 0x6536, 0x5d36, 0x5d16, 0x5d16, 0x5d16, 0x5d16, 0x5d16, 0x5d16, 0x5d16, 0x5d15, 0x5cf5,
0x54f5, 0x5515, 0x5cf5, 0x5cf5, 0x5d15, 0x5d15, 0x5d15, 0x6515, 0x6515, 0x5d15, 0x6535, 0x6535, 0x6515, 0x6535, 0x6d34, 0x6d54,
0x6d54, 0x6d55, 0x6535, 0x6536, 0x6536, 0x5d16, 0x5d15, 0x6515, 0x6535, 0x5d15, 0x5d16, 0x5d36, 0x6535, 0x6515, 0x5d15, 0x6515,
0x6535, 0x6535, 0x6515, 0x5d16, 0x5d16, 0x5d16, 0x5d16, 0x5d16, 0x5d16, 0x5d16, 0x5d16, 0x5d16, 0x5d16, 0x5cf6, 0x5cf6, 0x5cf6,
0x5cf6, 0x54f6, 0x5cf5, 0x5cd5, 0x54d5, 0x54d5, 0x54d5, 0x54d5, 0x54d6, 0x54d6, 0x54d6, 0x54f6, 0x54f6, 0x54f5, 0x5cf5, 0x54f5,
0x54f5, 0x5cf5, 0x6d55, 0x6d55, 0x7d94, 0x85d3, 0x8df3, 0x95f3, 0x9e34, 0xae74, 0x5c90, 0x3c0f, 0x7d93, 0x7d94, 0x7d94, 0x7573,
0x7573, 0x7573, 0x7553, 0x7553, 0x6535, 0x6535, 0x7574, 0x8593, 0x7db4, 0x85b4, 0x7db4, 0x7d94, 0x6d54, 0x6534, 0x6534, 0x6535,
0x7594, 0x85b4, 0x8dd3, 0x95d3, 0x8db3, 0x8db3, 0x8db3, 0x8db3, 0x8593, 0x8593, 0x5d14, 0x54f5, 0x5d15, 0x6515, 0x54f6, 0x5cf6,
0x5cf6, 0x5cf6, 0x5cf6, 0x54f6, 0x54d6, 0x54d6, 0x6515, 0x8595, 0x85b5, 0x8595, 0x95d5, 0xa635, 0x9e15, 0x9e15, 0x9e15, 0x9e15,
0xa636, 0xae57, 0xae57, 0xa657, 0xae56, 0xa636, 0xa636, 0xa636, 0xa635, 0x9e16, 0xa636, 0x9e16, 0x9e16, 0xa615, 0x95f6, 0x85b6,
0x7d96, 0x7576, 0x6d57, 0x6d57, 0x6d77, 0x6d77, 0x7d97, 0x85b6, 0x8db6, 0x8db6, 0x9df6, 0x9e36, 0x9e16, 0xae35, 0xae35, 0xae35,
0xae35, 0xb635, 0xb636, 0xb656, 0xb676, 0xae56, 0xa636, 0xa636, 0xa616, 0xa636, 0xae36, 0xae56, 0xa636, 0xa636, 0xa616, 0x95d6,
0x8dd7, 0x8dd7, 0x85b7, 0x85b7, 0x85b7, 0x85b7, 0x8dd7, 0x85d7, 0x85d7, 0x9616, 0x9e16, 0x9e17, 0x9e17, 0xa617, 0xae36, 0xa616,
0xa637, 0xa637, 0x95f7, 0x95f7, 0x95f7, 0x95f7, 0x95f7, 0x95f7, 0x95f7, 0x95f7, 0x95f7, 0x8dd7, 0x8db7, 0x8dd7, 0x8dd7, 0x95f7,
0x9e17, 0x9e17, 0x8dd6, 0x6d11, 0x442a, 0x1b09, 0x5452, 0x9617, 0x8dd7, 0x8dd7, 0x9618, 0x64f3, 0x3bea, 0x5c8a, 0x546a, 0x43cb,
0x230c, 0x1acb, 0x3bd1, 0x7d56, 0x8d95, 0x8db6, 0x95d6, 0x9dd6, 0x9df6, 0x95d7, 0x95f8, 0x8dd7, 0x7573, 0x7573, 0x7532, 0x8dd6,
0x9e18, 0x95f7, 0x95f7, 0x8dd6, 0x8dd6, 0x95d6, 0x8dd6, 0x8dd6, 0x95d6, 0x95d5, 0x95d6, 0x95f6, 0x95d7, 0x95d7, 0x95f7, 0x95f7,
0x95f7, 0x8dd6, 0x95f6, 0x95d6, 0x85b6, 0x85b6, 0x8597, 0x85b7, 0x8db7, 0x8dd6, 0x8dd6, 0x8db6, 0x8db6, 0x8db6, 0x8596, 0x8596,
0x8db5, 0x95d5, 0x8db4, 0x8db4, 0x8db4, 0x8db4, 0x95d5, 0x95d5, 0x95f5, 0x95d5, 0x8db5, 0x8595, 0x8db5, 0x9df5, 0x9df5, 0x9df5,
0x95d5, 0x95f5, 0x95f6, 0x95f6, 0x8db5, 0x5cef, 0x548c, 0x5cab, 0x546b, 0x3beb, 0x3beb, 0x3bed, 0x440e, 0x5c90, 0x9e37, 0x95f6,
0xbe99, 0xffff, 0xf77d, 0xe6fc, 0xef5c, 0x8d57, 0x74b5, 0x9dd7, 0xa637, 0x9e38, 0x9e18, 0x95f7, 0x95d7, 0x9df6, 0x95d6, 0x95d6,
0x7d96, 0x6d56, 0x7576, 0x6d76, 0x6d76, 0x7596, 0x7d95, 0x8594, 0x8594, 0x8593, 0x85b3, 0x8db3, 0x85b3, 0x8594, 0x8593, 0x7554,
0x7554, 0x5cf5, 0x5cf5, 0x64f4, 0x5cf4, 0x5cf5, 0x5cd5, 0x54d5, 0x4cd5, 0x4cd5, 0x54d5, 0x54f6, 0x54f6, 0x54f6, 0x54d6, 0x54d5,
0x54d5, 0x54d6, 0x54f6, 0x54f5, 0x54f5, 0x54d5, 0x5cf5, 0x5cf5, 0x54d6, 0x54d6, 0x54d6, 0x54d6, 0x5cf6, 0x5cf6, 0x5cf6, 0x5d16,
0x5d16, 0x5cf6, 0x546f, 0x3c0e, 0x33cf, 0x4432, 0x5d16, 0x5cf6, 0x5d16, 0x5cf6, 0x442d, 0x3bec, 0x33ac, 0x1aac, 0x336f, 0x6536,
0x5cf5, 0x5d15, 0x5d15, 0x5d15, 0x5cf6, 0x5d16, 0x5d16, 0x5d16, 0x6516, 0x5d16, 0x5d36, 0x5d36, 0x5d36, 0x6535, 0x6535, 0x6555,
0x85b3, 0x85b3, 0x8dd3, 0x8dd3, 0x8db3, 0x95d3, 0x95d3, 0x8dd3, 0x8db3, 0x8db3, 0x8db3, 0x8db3, 0x7d93, 0x8593, 0x6d34, 0x6514,
0x5d15, 0x5d15, 0x5d15, 0x5d15, 0x5d15, 0x5d15, 0x6535, 0x5d15, 0x5d16, 0x5cf6, 0x5cf5, 0x5d15, 0x5d15, 0x5cf6, 0x54f6, 0x5cf6,
0x5cf6, 0x5d16, 0x5d15, 0x5d15, 0x5d16, 0x5d16, 0x5516, 0x5516, 0x5516, 0x54f6, 0x5cf6, 0x5cf6, 0x54f6, 0x54f6, 0x54f6, 0x54d6,
0x4cd6, 0x4cd6, 0x54d6, 0x4cd6, 0x4cd6, 0x4cb6, 0x54d6, 0x7d95, 0x85b5, 0x85b5, 0x85b5, 0x8db5, 0x9df5, 0xa615, 0xa615, 0xae15,
0xadf5, 0xa5f5, 0xa5f5, 0xa5f5, 0xa615, 0xa615, 0xa615, 0x9e16, 0x8dd6, 0x7d96, 0x7d96, 0x6d56, 0x5d15, 0x6535, 0x7575, 0x7575,
0x7556, 0x8db6, 0x9e16, 0x9df6, 0xa636, 0xae56, 0xa636, 0xa636, 0xb656, 0xbe76, 0xbe76, 0xb676, 0xb656, 0xa637, 0x9e37, 0x9e17,
0x9617, 0x9e18, 0x9e17, 0x9df7, 0x9df6, 0x9e17, 0x9df7, 0x9df7, 0x9e17, 0x9e17, 0x9df7, 0x9e17, 0x9df7, 0x95f7, 0x9df7, 0xae58,
0x7d30, 0x4407, 0x33a9, 0x230b, 0x8db6, 0x95f7, 0x95d7, 0x8dd7, 0x8dd7, 0x95d7, 0x8dd6, 0x8db6, 0x8dd6, 0x9df6, 0x9df6, 0x9df6,
0x95f7, 0x95f7, 0x95f7, 0x95f7, 0x95f7, 0x8df7, 0x8dd6, 0x9e16, 0xa615, 0xa615, 0xa5f5, 0x9df6, 0x9df6, 0xa5f6, 0x95d6, 0x95f6,
0x85b6, 0x6d54, 0x6d53, 0x85b6, 0x95f7, 0x8db6, 0x95d6, 0xa614, 0x9e14, 0x9e16, 0x8df5, 0x6d30, 0x6d2d, 0x7d8d, 0x5caa, 0x5489,
0x43ea, 0x2b8c, 0x2bac, 0x4c2a, 0x5c89, 0x5469, 0x440a, 0x2b6b, 0x1b0b, 0x230b, 0x234b, 0x2bab, 0x338a, 0x336a, 0x3ba9, 0x43a9,
0x33aa, 0x43e9, 0x4c08, 0x6ccf, 0x9e16, 0x6d32, 0x54b0, 0x7553, 0xa616, 0x9df5, 0xa615, 0xb633, 0xb632, 0xae32, 0x9df6, 0x9617,
0x8592, 0x7d90, 0x7d6f, 0x64a9, 0x64c7, 0x5c88, 0x4c48, 0x440a, 0x3bca, 0x440c, 0x5490, 0x8db4, 0x95f5, 0x95d5, 0x95d4, 0x9df5,
0x8593, 0x4409, 0x5c89, 0x5c69, 0x3bc9, 0x3bca, 0x33aa, 0x1aab, 0x1aab, 0x1aab, 0x1a6a, 0x5493, 0x6557, 0x5cf6, 0x54f6, 0x54f6,
0x5cf6, 0x5d15, 0x5cd0, 0x4c8f, 0x4c6f, 0x4c70, 0x54d6, 0x54d5, 0x54d5, 0x54d5, 0x54b5, 0x54b5, 0x54b5, 0x54b5, 0x54b5, 0x54d5,
0x54d5, 0x54d5, 0x54d5, 0x5cf6, 0x6537, 0x6537, 0x6537, 0x6d58, 0x7578, 0x7578, 0x7598, 0x7d98, 0x7d98, 0x7557, 0x5cf6, 0x5cf6,
0x54d2, 0x54d0, 0x54d1, 0x4c90, 0x4c90, 0x54d2, 0x6537, 0x5d36, 0x5d16, 0x5d36, 0x6556, 0x6556, 0x6536, 0x6d56, 0x6d56, 0x6555,
0x6d55, 0x7575, 0x7575, 0x7d95, 0x8594, 0x8594, 0x7d94, 0x8594, 0x8594, 0x7555, 0x6536, 0x6536, 0x6536, 0x6536, 0x5d36, 0x6556,
0x6d75, 0x7575, 0x7575, 0x7575, 0x7575, 0x7d94, 0x8594, 0x8db4, 0x95d3, 0x95d3, 0x95d4, 0x8db4, 0x85b4, 0x95d4, 0x8db4, 0x6d55,
0x6535, 0x6555, 0x6555, 0x6555, 0x6555, 0x6536, 0x5d36, 0x5d16, 0x5d16, 0x5d16, 0x5d16, 0x5d16, 0x5d16, 0x5d16, 0x5d15, 0x5cf5,
0x54f5, 0x5515, 0x5cf5, 0x5cf5, 0x5d15, 0x5d15, 0x5d15, 0x6515, 0x6515, 0x5d15, 0x6535, 0x6535, 0x6515, 0x6535, 0x6d34, 0x6d54,
0x6d54, 0x6d55, 0x6535, 0x6536, 0x6536, 0x5d16, 0x5d15, 0x6515, 0x6535, 0x5d15, 0x5d16, 0x5d36, 0x6535, 0x6515, 0x5d15, 0x6515,
0x6535, 0x6535, 0x6515, 0x5d16, 0x5d16, 0x5d16, 0x5d16, 0x5d16, 0x5d16, 0x5d16, 0x5d16, 0x5d16, 0x5d16, 0x5cf6, 0x5cf6, 0x5cf6,
0x5cf6, 0x54f6, 0x5cf5, 0x5cd5, 0x54d5, 0x54d5, 0x54d5, 0x54d5, 0x54d6, 0x54d6, 0x54d6, 0x54f6, 0x54f6, 0x54f5, 0x5cf5, 0x54f5,
0x54f5, 0x5cf5, 0x6d55, 0x6d55, 0x7d94, 0x85d3, 0x8df3, 0x95f3, 0x9e34, 0xae74, 0x5c90, 0x3c0f, 0x7d93, 0x7d94, 0x7d94, 0x7573,
0x7573, 0x7573, 0x7553, 0x7553, 0x6535, 0x6535, 0x7574, 0x8593, 0x7db4, 0x85b4, 0x7db4, 0x7d94, 0x6d54, 0x6534, 0x6534, 0x6535,
0x7594, 0x85b4, 0x8dd3, 0x95d3, 0x8db3, 0x8db3, 0x8db3, 0x8db3, 0x8593, 0x8593, 0x5d14, 0x54f5, 0x5d15, 0x6515, 0x54f6, 0x5cf6,
0x5cf6, 0x5cf6, 0x5cf6, 0x54f6, 0x54d6, 0x54d6, 0x6515, 0x8595, 0x85b5, 0x8595, 0x95d5, 0xa635, 0x9e15, 0x9e15, 0x9e15, 0x9e15,
0xa636, 0xae57, 0xae57, 0xa657, 0xae56, 0xa636, 0xa636, 0xa636, 0xa635, 0x9e16, 0xa636, 0x9e16, 0x9e16, 0xa615, 0x95f6, 0x85b6,
0x7d96, 0x7576, 0x6d57, 0x6d57, 0x6d77, 0x6d77, 0x7d97, 0x85b6, 0x8db6, 0x8db6, 0x9df6, 0x9e36, 0x9e16, 0xae35, 0xae35, 0xae35,
0xae35, 0xb635, 0xb636, 0xb656, 0xb676, 0xae56, 0xa636, 0xa636, 0xa616, 0xa636, 0xae36, 0xae56, 0xa636, 0xa636, 0xa616, 0x95d6,

/* -36- */
0x5c4a, 0x648a, 0x5c4a, 0x6cd0, 0x7d74, 0x444e, 0x3c0a, 0x4c8e, 0x8594, 0x9df6, 0x9df6, 0xa615, 0x9e15, 0x95f5, 0x95d7, 0x85d5,
0x64ec, 0x5ca9, 0x64e9, 0x64c9, 0x6cc9, 0x64a9, 0x4c49, 0x3bea, 0x3bea, 0x2b8a, 0x232a, 0x5c90, 0x8593, 0x95f6, 0x95f5, 0x9e16,
0x8db4, 0x4449, 0x64c9, 0x7509, 0x4c2a, 0x43e9, 0x43ea, 0x230a, 0x1acb, 0x1aab, 0x124a, 0x5493, 0x6d77, 0x6536, 0x5d15, 0x54f5,
0x54d4, 0x5d11, 0x5ca9, 0x4c2a, 0x440a, 0x3bcc, 0x4c94, 0x54b4, 0x54b5, 0x54b5, 0x54d5, 0x54d5, 0x54b5, 0x54d5, 0x54d5, 0x5cd5,
0x5cd5, 0x54d5, 0x54d5, 0x54d5, 0x54d5, 0x54d5, 0x54b5, 0x54b5, 0x54d6, 0x54f6, 0x54f6, 0x5cf6, 0x5cf6, 0x5cf6, 0x5cf6, 0x5cd4,
0x5ccc, 0x5ca9, 0x5cab, 0x444a, 0x4429, 0x4c6c, 0x5cf3, 0x5cf4, 0x6537, 0x6537, 0x6d77, 0x6d76, 0x6576, 0x6d76, 0x7595, 0x6d75,
0x7575, 0x7d95, 0x7d94, 0x85b5, 0x85b5, 0x8594, 0x8594, 0x7d75, 0x7d55, 0x6536, 0x5d36, 0x6536, 0x6536, 0x6535, 0x6556, 0x6555,
0x7575, 0x7575, 0x6d55, 0x6d75, 0x7575, 0x8dd4, 0x9df3, 0x9df3, 0x9df4, 0x95f4, 0x8dd4, 0x95f4, 0x95f4, 0x9e14, 0x8dd4, 0x6d75,
0x7575, 0x7575, 0x7575, 0x6d75, 0x6535, 0x5d16, 0x5d16, 0x5d16, 0x5cf6, 0x5cf6, 0x5cf6, 0x5d16, 0x5d16, 0x5cf5, 0x6514, 0x6534,
0x5d14, 0x5d14, 0x5cf5, 0x5d14, 0x6535, 0x6535, 0x6535, 0x6535, 0x6534, 0x6534, 0x6d54, 0x7574, 0x7554, 0x6d34, 0x7554, 0x6d54,
0x6d54, 0x6d55, 0x5d36, 0x5d16, 0x6516, 0x6516, 0x6516, 0x5d15, 0x6515, 0x5d16, 0x6536, 0x6535, 0x5d35, 0x6515, 0x6515, 0x6535,
0x6536, 0x6535, 0x6516, 0x5d16, 0x5d16, 0x5d16, 0x5d16, 0x5d16, 0x5d16, 0x5d16, 0x5d16, 0x5d16, 0x5d16, 0x54f6, 0x54f6, 0x5cf6,
0x54f6, 0x54f6, 0x5cf6, 0x5490, 0x4c4c, 0x442f, 0x4cb4, 0x54d5, 0x54d5, 0x5cf6, 0x5cf6, 0x5d16, 0x5d16, 0x6515, 0x6d35, 0x6d35,
0x6d34, 0x6d54, 0x85b4, 0x8594, 0x95f3, 0xae53, 0x9e13, 0x9e13, 0xa613, 0x9dd1, 0x43cc, 0x2b4c, 0x7511, 0x8593, 0x8db3, 0x8593,
0x7d73, 0x7d73, 0x7554, 0x7554, 0x6515, 0x5d15, 0x6d55, 0x7d74, 0x7d94, 0x7d94, 0x7d94, 0x7d74, 0x6534, 0x6534, 0x6554, 0x6d74,
0x95f3, 0x95f3, 0x8dd3, 0x95d3, 0x9df3, 0x9df2, 0x9df3, 0x95f3, 0x95f3, 0x95d3, 0x6d54, 0x6514, 0x6d34, 0x6d14, 0x5cf6, 0x54f6,
0x54d6, 0x54d6, 0x54d6, 0x6515, 0x6d35, 0x6515, 0x7d75, 0xa615, 0xa635, 0xa635, 0xa615, 0xa616, 0x9e16, 0x9e16, 0x9e16, 0x9e16,
0xae57, 0xae78, 0xa658, 0xae57, 0xae56, 0xa636, 0xa636, 0xa636, 0xa636, 0xa656, 0xa636, 0xa616, 0x95f6, 0x9df5, 0x85b6, 0x7576,
0x7576, 0x6d56, 0x7576, 0x7596, 0x7d96, 0x85d7, 0x9e17, 0xa636, 0xa636, 0xa636, 0x9e16, 0x9e16, 0x9e16, 0xb655, 0xb655, 0xb655,
0xae56, 0xae36, 0xae36, 0xae37, 0xae56, 0xa636, 0x9e16, 0x9e16, 0xa636, 0xa635, 0xa636, 0xa636, 0x9e16, 0x9e16, 0x9e16, 0x8dd7,
0x85b7, 0x8dd7, 0x85d7, 0x85b7, 0x85b7, 0x8dd7, 0x9e37, 0x95f7, 0x8df7, 0x9e16, 0x9e16, 0xa637, 0xa636, 0xa637, 0xa636, 0x9e17,
0x9e17, 0x9e17, 0x8dd7, 0x8dd7, 0x8dd6, 0x8dd7, 0x8dd7, 0x8dd7, 0x8dd7, 0x85b7, 0x85b7, 0x8db7, 0x8dd7, 0x8dd7, 0x8dd7, 0x9e17,
0xa637, 0xae58, 0x85b6, 0x3c0b, 0x4c6a, 0x2b8b, 0x338f, 0x6d14, 0x8dd7, 0x85b6, 0x8df7, 0x5cd2, 0x3baa, 0x5c4a, 0x43ea, 0x336b,
0x22eb, 0x128b, 0x5432, 0x95b6, 0x9dd6, 0x9dd6, 0xa5f6, 0x9df6, 0x9df7, 0x95f8, 0x8596, 0x7552, 0x4449, 0x444a, 0x442a, 0x64d0,
0x8596, 0x95f7, 0x9df7, 0x9df6, 0x9df6, 0xa616, 0x95d6, 0x9df6, 0x9e16, 0x8db6, 0x8db6, 0x8dd6, 0x8db6, 0x8594, 0x85b4, 0x8dd5,
0x95f7, 0x95f7, 0x9e16, 0x95d6, 0x8db6, 0x85b6, 0x85b7, 0x85b7, 0x8dd6, 0x8dd6, 0x8dd6, 0x8db6, 0x8db6, 0x85b6, 0x85b6, 0x8db6,
0x8dd6, 0x9df6, 0x95d6, 0x95d6, 0x8596, 0x7d96, 0x95d6, 0x9df6, 0x9df6, 0x9df6, 0x95f6, 0x8dd5, 0x8db5, 0x8db5, 0x95d6, 0x95f7,
0x9df7, 0x95f7, 0x8595, 0x8dd6, 0x7d93, 0x548a, 0x548a, 0x754b, 0x650b, 0x3c2b, 0x444b, 0x2b8b, 0x236b, 0x33ac, 0x8db5, 0xa617,
0xc6ba, 0xffff, 0xd6bb, 0xad77, 0xe71c, 0x9577, 0x74b5, 0x7d35, 0x7d75, 0x7d96, 0x7d75, 0x85d7, 0x8dd7, 0x95d7, 0x95d7, 0x95d7,
0x7d96, 0x7d96, 0x7596, 0x7596, 0x7d96, 0x85d5, 0x9df5, 0x8db5, 0x8594, 0x8db4, 0x8dd4, 0x95f4, 0x95d4, 0x8594, 0x8594, 0x8db3,
0x8db4, 0x6d55, 0x6d34, 0x7554, 0x6534, 0x6d34, 0x6d34, 0x5d15, 0x6515, 0x5cf5, 0x5cf5, 0x54f6, 0x54f6, 0x54f6, 0x54d5, 0x54d5,
0x54d5, 0x54d6, 0x54f6, 0x54f5, 0x54f6, 0x54d5, 0x5cf5, 0x5cf5, 0x5cf6, 0x5cf6, 0x54f6, 0x54d5, 0x5cf6, 0x5d16, 0x5d16, 0x5d16,
0x5d16, 0x5cf5, 0x4c2c, 0x3c0e, 0x232d, 0x336f, 0x5d16, 0x54d5, 0x54d5, 0x54b3, 0x442d, 0x33ed, 0x2b8e, 0x1aec, 0x33b0, 0x6536,
0x5cf5, 0x5cf6, 0x5cf6, 0x5cf6, 0x54f5, 0x54f5, 0x5d16, 0x5d16, 0x5d16, 0x5d16, 0x5d16, 0x5d36, 0x5d36, 0x6d55, 0x6d55, 0x7d95,
0x95f3, 0x95f3, 0x9e13, 0xa632, 0xa612, 0x9e13, 0x95f3, 0x95d3, 0x8db3, 0x8db3, 0x8dd3, 0x85b3, 0x7d74, 0x7d93, 0x7554, 0x6535,
0x6515, 0x5cf6, 0x5cf5, 0x6514, 0x6d14, 0x6514, 0x5d15, 0x5d15, 0x5cf6, 0x5cf6, 0x5d15, 0x5d14, 0x5d15, 0x5cf6, 0x5cf6, 0x5cf6,
0x5d16, 0x5d16, 0x5d16, 0x5d16, 0x5d16, 0x5d16, 0x54f6, 0x5516, 0x5d16, 0x54f6, 0x5cd6, 0x5cf6, 0x5cf6, 0x54f6, 0x54d5, 0x54d5,
0x5d16, 0x5d16, 0x5516, 0x6535, 0x6d35, 0x6d35, 0x7576, 0x9e36, 0xa655, 0xae35, 0xae35, 0xa635, 0xa616, 0xa616, 0xa615, 0xa615,
0xae15, 0xa5f5, 0x9df6, 0xa5f5, 0x9df6, 0x95f6, 0x95f6, 0x8dd6, 0x7d96, 0x7576, 0x7576, 0x7576, 0x7576, 0x85b6, 0x9e16, 0x9e16,
0x9e16, 0x9e16, 0x9e16, 0x9e16, 0xa636, 0xb676, 0xae57, 0xae57, 0xae37, 0xb656, 0xae57, 0xae37, 0xa637, 0x9e17, 0x9e17, 0x95f7,
0x95f7, 0x9e37, 0x9e17, 0x9e17, 0x9e17, 0x9df7, 0x9df7, 0x9e17, 0x9e17, 0x95f7, 0x95f7, 0x95f7, 0x95f7, 0x95d7, 0x95f7, 0x95d5,
0x750e, 0x4429, 0x33ca, 0x230b, 0x6cf3, 0x9e17, 0x95f7, 0x95f7, 0x8dd7, 0x8dd7, 0x8dd6, 0x85b6, 0x85b6, 0x95d6, 0x95d6, 0x95d7,
0x95d7, 0x8dd6, 0x95d6, 0x95f6, 0x95f7, 0x95f7, 0x9df7, 0x9e16, 0xa615, 0xa615, 0x9df6, 0x85b7, 0x8db7, 0x95d7, 0x8db7, 0x85b6,
0x6d12, 0x4c4c, 0x442c, 0x64f2, 0x8db5, 0x95d7, 0x95d7, 0x95f7, 0x9df7, 0x8dd6, 0x7572, 0x4c4a, 0x5c8a, 0x7d6d, 0x7d4a, 0x64a9,
0x43ea, 0x336b, 0x230c, 0x43ca, 0x5449, 0x3bcb, 0x33ab, 0x338b, 0x232b, 0x33ab, 0x3bca, 0x3beb, 0x3c0a, 0x3bca, 0x5448, 0x5c68,
0x5c4a, 0x648a, 0x5c4a, 0x6cd0, 0x7d74, 0x444e, 0x3c0a, 0x4c8e, 0x8594, 0x9df6, 0x9df6, 0xa615, 0x9e15, 0x95f5, 0x95d7, 0x85d5,
0x64ec, 0x5ca9, 0x64e9, 0x64c9, 0x6cc9, 0x64a9, 0x4c49, 0x3bea, 0x3bea, 0x2b8a, 0x232a, 0x5c90, 0x8593, 0x95f6, 0x95f5, 0x9e16,
0x8db4, 0x4449, 0x64c9, 0x7509, 0x4c2a, 0x43e9, 0x43ea, 0x230a, 0x1acb, 0x1aab, 0x124a, 0x5493, 0x6d77, 0x6536, 0x5d15, 0x54f5,
0x54d4, 0x5d11, 0x5ca9, 0x4c2a, 0x440a, 0x3bcc, 0x4c94, 0x54b4, 0x54b5, 0x54b5, 0x54d5, 0x54d5, 0x54b5, 0x54d5, 0x54d5, 0x5cd5,
0x5cd5, 0x54d5, 0x54d5, 0x54d5, 0x54d5, 0x54d5, 0x54b5, 0x54b5, 0x54d6, 0x54f6, 0x54f6, 0x5cf6, 0x5cf6, 0x5cf6, 0x5cf6, 0x5cd4,
0x5ccc, 0x5ca9, 0x5cab, 0x444a, 0x4429, 0x4c6c, 0x5cf3, 0x5cf4, 0x6537, 0x6537, 0x6d77, 0x6d76, 0x6576, 0x6d76, 0x7595, 0x6d75,
0x7575, 0x7d95, 0x7d94, 0x85b5, 0x85b5, 0x8594, 0x8594, 0x7d75, 0x7d55, 0x6536, 0x5d36, 0x6536, 0x6536, 0x6535, 0x6556, 0x6555,
0x7575, 0x7575, 0x6d55, 0x6d75, 0x7575, 0x8dd4, 0x9df3, 0x9df3, 0x9df4, 0x95f4, 0x8dd4, 0x95f4, 0x95f4, 0x9e14, 0x8dd4, 0x6d75,
0x7575, 0x7575, 0x7575, 0x6d75, 0x6535, 0x5d16, 0x5d16, 0x5d16, 0x5cf6, 0x5cf6, 0x5cf6, 0x5d16, 0x5d16, 0x5cf5, 0x6514, 0x6534,
0x5d14, 0x5d14, 0x5cf5, 0x5d14, 0x6535, 0x6535, 0x6535, 0x6535, 0x6534, 0x6534, 0x6d54, 0x7574, 0x7554, 0x6d34, 0x7554, 0x6d54,
0x6d54, 0x6d55, 0x5d36, 0x5d16, 0x6516, 0x6516, 0x6516, 0x5d15, 0x6515, 0x5d16, 0x6536, 0x6535, 0x5d35, 0x6515, 0x6515, 0x6535,
0x6536, 0x6535, 0x6516, 0x5d16, 0x5d16, 0x5d16, 0x5d16, 0x5d16, 0x5d16, 0x5d16, 0x5d16, 0x5d16, 0x5d16, 0x54f6, 0x54f6, 0x5cf6,
0x54f6, 0x54f6, 0x5cf6, 0x5490, 0x4c4c, 0x442f, 0x4cb4, 0x54d5, 0x54d5, 0x5cf6, 0x5cf6, 0x5d16, 0x5d16, 0x6515, 0x6d35, 0x6d35,
0x6d34, 0x6d54, 0x85b4, 0x8594, 0x95f3, 0xae53, 0x9e13, 0x9e13, 0xa613, 0x9dd1, 0x43cc, 0x2b4c, 0x7511, 0x8593, 0x8db3, 0x8593,
0x7d73, 0x7d73, 0x7554, 0x7554, 0x6515, 0x5d15, 0x6d55, 0x7d74, 0x7d94, 0x7d94, 0x7d94, 0x7d74, 0x6534, 0x6534, 0x6554, 0x6d74,
0x95f3, 0x95f3, 0x8dd3, 0x95d3, 0x9df3, 0x9df2, 0x9df3, 0x95f3, 0x95f3, 0x95d3, 0x6d54, 0x6514, 0x6d34, 0x6d14, 0x5cf6, 0x54f6,
0x54d6, 0x54d6, 0x54d6, 0x6515, 0x6d35, 0x6515, 0x7d75, 0xa615, 0xa635, 0xa635, 0xa615, 0xa616, 0x9e16, 0x9e16, 0x9e16, 0x9e16,
0xae57, 0xae78, 0xa658, 0xae57, 0xae56, 0xa636, 0xa636, 0xa636, 0xa636, 0xa656, 0xa636, 0xa616, 0x95f6, 0x9df5, 0x85b6, 0x7576,
0x7576, 0x6d56, 0x7576, 0x7596, 0x7d96, 0x85d7, 0x9e17, 0xa636, 0xa636, 0xa636, 0x9e16, 0x9e16, 0x9e16, 0xb655, 0xb655, 0xb655,
0xae56, 0xae36, 0xae36, 0xae37, 0xae56, 0xa636, 0x9e16, 0x9e16, 0xa636, 0xa635, 0xa636, 0xa636, 0x9e16, 0x9e16, 0x9e16, 0x8dd7,

/* -37- */
0x33ad, 0x6cad, 0x4c2c, 0x3bce, 0x43ee, 0x442c, 0x5cc9, 0x33ea, 0x33cd, 0x95d6, 0x95f7, 0x8df7, 0x8df7, 0x8df7, 0x8e18, 0x64ce,
0x4c49, 0x6ceb, 0x9e2c, 0x8dac, 0x5c69, 0x4c29, 0x5449, 0x3baa, 0x338a, 0x2b8a, 0x338b, 0x1aca, 0x4c0e, 0x9e36, 0x95f6, 0x9e17,
0x8dd4, 0x446a, 0x64ea, 0x6d09, 0x4c4a, 0x4409, 0x4409, 0x3ba8, 0x22c9, 0x1229, 0x1208, 0x5472, 0x7596, 0x6d75, 0x7595, 0x5d14,
0x4c4f, 0x546b, 0x64cb, 0x5c6c, 0x3bcc, 0x2b6b, 0x2b8d, 0x2b8e, 0x3c11, 0x54f6, 0x54d5, 0x54d6, 0x54d5, 0x54d5, 0x5cd5, 0x5cf6,
0x5cf6, 0x54d5, 0x54d6, 0x54d6, 0x54d5, 0x54d6, 0x54d5, 0x54d6, 0x54d6, 0x54d6, 0x54f6, 0x54f6, 0x5cf6, 0x5cf5, 0x5cf5, 0x64ce,
0x64aa, 0x5cac, 0x5ccc, 0x444b, 0x442b, 0x442b, 0x33ca, 0x43ed, 0x6515, 0x6536, 0x6d56, 0x7596, 0x7596, 0x7d95, 0x8db4, 0x8db5,
0x8595, 0x8594, 0x8594, 0x8595, 0x7d95, 0x7575, 0x7575, 0x6d36, 0x5cf6, 0x5cf6, 0x6516, 0x6536, 0x6556, 0x7d95, 0x8594, 0x7d94,
0x6d75, 0x6d55, 0x6555, 0x85b4, 0x9df4, 0x95d4, 0x95d3, 0x95f4, 0x9df5, 0x9df5, 0x9df5, 0x9df5, 0x9df5, 0x95f4, 0x95d4, 0x95d4,
0x8dd5, 0x8db4, 0x7d95, 0x6535, 0x5cf6, 0x5cd6, 0x54d6, 0x54d6, 0x54f6, 0x5d16, 0x6536, 0x5d16, 0x5d16, 0x5d15, 0x6d34, 0x7553,
0x7573, 0x7573, 0x6514, 0x54f4, 0x5d15, 0x6d54, 0x7d94, 0x6534, 0x6554, 0x7d93, 0x7d93, 0x7d74, 0x7574, 0x6d54, 0x7574, 0x7574,
0x6535, 0x5d36, 0x5d36, 0x6536, 0x6536, 0x6536, 0x5d16, 0x5d16, 0x5d16, 0x5d16, 0x6516, 0x6556, 0x6536, 0x6536, 0x6d35, 0x6515,
0x5cf6, 0x5d16, 0x6516, 0x6516, 0x5d16, 0x5d16, 0x5d16, 0x5d16, 0x5d16, 0x5cf6, 0x5cf6, 0x5cf6, 0x54f6, 0x54f6, 0x5cf6, 0x5cf6,
0x54f6, 0x54d4, 0x54d3, 0x4c6d, 0x442a, 0x33ac, 0x338f, 0x54b4, 0x5d16, 0x5cf6, 0x6516, 0x6536, 0x6556, 0x8dd4, 0x85b4, 0x85b4,
0xa613, 0xa612, 0x9df2, 0x9df2, 0x9dd3, 0x9df3, 0x9e14, 0x9df4, 0x95d5, 0x4c4d, 0x2b8b, 0x232c, 0x232e, 0x8594, 0x95f4, 0x8db4,
0x7555, 0x6d35, 0x6d35, 0x6515, 0x6515, 0x5d15, 0x5d15, 0x6534, 0x5d15, 0x5d15, 0x5d35, 0x7594, 0x7594, 0x9df4, 0xae33, 0xae13,
0xa613, 0x9df3, 0x9e13, 0x9df3, 0x9df3, 0x95d3, 0x85b4, 0x8db4, 0x85b4, 0x7d94, 0x8594, 0x7554, 0x6514, 0x5d15, 0x54f5, 0x54f5,
0x5cf5, 0x5cf6, 0x54d6, 0x8596, 0xa635, 0x9df5, 0x9df6, 0x9df6, 0xa636, 0xae55, 0xb655, 0xb676, 0xb656, 0xb656, 0xb656, 0xae56,
0xae56, 0x9e16, 0x8dd6, 0xa637, 0xb656, 0xae56, 0xae56, 0xae36, 0xa636, 0xa635, 0x95d6, 0x8db6, 0x8596, 0x8596, 0x7d96, 0x7d76,
0x7d96, 0x7d96, 0x95f6, 0xa636, 0xa636, 0xa636, 0xa636, 0xae56, 0xae36, 0xae37, 0xae37, 0xae57, 0xae56, 0xae56, 0xae36, 0xa616,
0x9e17, 0x9e17, 0x9e17, 0x95f7, 0x9e36, 0xae56, 0xa636, 0x9e17, 0x95d7, 0x95d6, 0x8dd7, 0x95d7, 0x8dd7, 0x85b7, 0x85b7, 0x85b7,
0x8dd7, 0x8dd7, 0x85b7, 0x85b7, 0x85b7, 0x9e16, 0x9e16, 0xa616, 0xa616, 0xa616, 0x9df6, 0x9df6, 0x9e17, 0x9df7, 0x9e17, 0x9e17,
0x8dd7, 0x8dd7, 0x8dd7, 0x9e17, 0xa617, 0x9df7, 0x9e17, 0x95d7, 0x8db7, 0x8db7, 0x8dd7, 0x9df7, 0x9df7, 0xa617, 0xa637, 0xae36,
0xa616, 0x9e17, 0x7d74, 0x440b, 0x4c4a, 0x336b, 0x0a6b, 0x3baf, 0xa638, 0x9df7, 0x9e38, 0x6cf2, 0x3bca, 0x4c2b, 0x338c, 0x232c,
0x230b, 0x126a, 0x5410, 0x9596, 0x95d6, 0x9dd7, 0x9df7, 0x8dd8, 0x8dd7, 0x8df7, 0x750f, 0x5caa, 0x548b, 0x4c4b, 0x4c2b, 0x3baa,
0x2b6c, 0x8595, 0x95f7, 0x95d6, 0x95d6, 0x95d6, 0x8db6, 0x8dd6, 0x8db6, 0x8dd7, 0x8dd7, 0x8dd7, 0x7552, 0x4429, 0x3bc8, 0x546c,
0x8df7, 0x95f6, 0x95f6, 0x95f7, 0x9e17, 0x9e17, 0x9e17, 0x9df6, 0x9e16, 0xa636, 0x9e16, 0x9e16, 0x95f6, 0x8db7, 0x95f7, 0x9e16,
0x9e16, 0x9df6, 0x9e16, 0x8dd6, 0x6516, 0x6536, 0x7557, 0x6d56, 0x6d36, 0x95f6, 0xa636, 0x9e16, 0xa616, 0xa615, 0x95d5, 0x8db6,
0x95d7, 0x8db6, 0x5caf, 0x5cce, 0x5ccd, 0x7d8c, 0x85ac, 0x5cec, 0x4c8b, 0x448c, 0x33cc, 0x232b, 0x2b4b, 0x2b8b, 0x1aea, 0x9554,
0xdf1b, 0xf7de, 0xdf1c, 0xc65a, 0xef5d, 0x9598, 0x6cf5, 0x544c, 0x3ba9, 0x338a, 0x2b8b, 0x7555, 0x95f7, 0x95f7, 0x95d6, 0x9df6,
0xa616, 0x9e16, 0x9e16, 0x95f6, 0x9df4, 0xa614, 0x9df4, 0x9df5, 0xa615, 0xa614, 0xa634, 0xa634, 0xa615, 0x9df5, 0x95d5, 0x8db4,
0x8dd5, 0x95d5, 0x9df4, 0x9df3, 0x7d94, 0x8594, 0x8593, 0x8593, 0x7d73, 0x6d54, 0x6516, 0x54d6, 0x54d6, 0x54d5, 0x54d5, 0x54d5,
0x54d6, 0x54d6, 0x54d6, 0x54d5, 0x54d5, 0x54d5, 0x54d5, 0x54f6, 0x54b4, 0x440f, 0x4410, 0x54f5, 0x54f6, 0x54f5, 0x5cf5, 0x54f5,
0x54f5, 0x54d3, 0x4c0b, 0x33ad, 0x1aec, 0x2b4f, 0x54d5, 0x54d6, 0x4c72, 0x43cb, 0x4c2c, 0x442c, 0x234d, 0x12ab, 0x3390, 0x6536,
0x5cd5, 0x5cf6, 0x5cf6, 0x5cf6, 0x5cf6, 0x54f6, 0x54f5, 0x5cf6, 0x5d16, 0x5d15, 0x5d15, 0x5d15, 0x6535, 0x95f4, 0xa614, 0x9e13,
0x95f3, 0x8dd3, 0x8dd3, 0x9df3, 0xa612, 0xa613, 0xae13, 0xae33, 0xa613, 0x9df4, 0x7d74, 0x6d14, 0x6d35, 0x7555, 0x7555, 0x6d55,
0x6516, 0x54d6, 0x7554, 0x85b3, 0x85b3, 0x7554, 0x5cf5, 0x5cf5, 0x54f5, 0x5cf5, 0x6515, 0x5d15, 0x5d15, 0x5d16, 0x5d16, 0x5d16,
0x5d36, 0x5d16, 0x54f6, 0x54f6, 0x54d6, 0x54f6, 0x54f6, 0x54d6, 0x54f6, 0x5cf6, 0x5cf6, 0x54d6, 0x54d6, 0x54b5, 0x54b5, 0x54b5,
0x85b6, 0x85d6, 0x7597, 0x95f5, 0xae35, 0xa635, 0xa635, 0xa636, 0xa635, 0xb654, 0xb654, 0xb655, 0xb655, 0xb656, 0xb656, 0xa636,
0xae56, 0xae36, 0x9df6, 0x9df6, 0x8db6, 0x7556, 0x7556, 0x7536, 0x7536, 0x6d36, 0x95f6, 0xae57, 0xae57, 0xae57, 0xae57, 0xae57,
0xae57, 0xae57, 0xae77, 0xae77, 0xae57, 0xae57, 0x9e37, 0x95d7, 0x95d7, 0x95d7, 0x95d7, 0x95d7, 0x95d7, 0x95d7, 0x95d7, 0x95f7,
0x9e37, 0x9e37, 0x9e17, 0x95f7, 0x9df7, 0xa637, 0xa617, 0xa617, 0x9e17, 0x8dd7, 0x95f7, 0xa637, 0xa616, 0xa616, 0xa638, 0x74f0,
0x5449, 0x546a, 0x33cb, 0x1aca, 0x1acb, 0x95d6, 0x9e16, 0x9e16, 0xa636, 0xa616, 0x9df6, 0x95d6, 0x95d6, 0x95f6, 0x95f7, 0x9e18,
0x85b5, 0x546a, 0x546a, 0x546d, 0x8e18, 0x9e59, 0x9e18, 0x9df7, 0x9e16, 0x9e16, 0x8db7, 0x7d97, 0x8597, 0x7d96, 0x7d97, 0x64b0,
0x544a, 0x5cab, 0x4c6c, 0x2bcc, 0x4c6f, 0x95f8, 0x8dd8, 0x8db7, 0x8dd9, 0x6cf2, 0x4c29, 0x5c6a, 0x5449, 0x5c49, 0x7529, 0x6ce9,
0x5c8a, 0x544a, 0x2b6c, 0x3bab, 0x440a, 0x2b4c, 0x2b8c, 0x444c, 0x3c0b, 0x54ab, 0x54aa, 0x442a, 0x4409, 0x336a, 0x43c9, 0x43c8,
0x33ad, 0x6cad, 0x4c2c, 0x3bce, 0x43ee, 0x442c, 0x5cc9, 0x33ea, 0x33cd, 0x95d6, 0x95f7, 0x8df7, 0x8df7, 0x8df7, 0x8e18, 0x64ce,
0x4c49, 0x6ceb, 0x9e2c, 0x8dac, 0x5c69, 0x4c29, 0x5449, 0x3baa, 0x338a, 0x2b8a, 0x338b, 0x1aca, 0x4c0e, 0x9e36, 0x95f6, 0x9e17,
0x8dd4, 0x446a, 0x64ea, 0x6d09, 0x4c4a, 0x4409, 0x4409, 0x3ba8, 0x22c9, 0x1229, 0x1208, 0x5472, 0x7596, 0x6d75, 0x7595, 0x5d14,
0x4c4f, 0x546b, 0x64cb, 0x5c6c, 0x3bcc, 0x2b6b, 0x2b8d, 0x2b8e, 0x3c11, 0x54f6, 0x54d5, 0x54d6, 0x54d5, 0x54d5, 0x5cd5, 0x5cf6,
0x5cf6, 0x54d5, 0x54d6, 0x54d6, 0x54d5, 0x54d6, 0x54d5, 0x54d6, 0x54d6, 0x54d6, 0x54f6, 0x54f6, 0x5cf6, 0x5cf5, 0x5cf5, 0x64ce,
0x64aa, 0x5cac, 0x5ccc, 0x444b, 0x442b, 0x442b, 0x33ca, 0x43ed, 0x6515, 0x6536, 0x6d56, 0x7596, 0x7596, 0x7d95, 0x8db4, 0x8db5,
0x8595, 0x8594, 0x8594, 0x8595, 0x7d95, 0x7575, 0x7575, 0x6d36, 0x5cf6, 0x5cf6, 0x6516, 0x6536, 0x6556, 0x7d95, 0x8594, 0x7d94,
0x6d75, 0x6d55, 0x6555, 0x85b4, 0x9df4, 0x95d4, 0x95d3, 0x95f4, 0x9df5, 0x9df5, 0x9df5, 0x9df5, 0x9df5, 0x95f4, 0x95d4, 0x95d4,
0x8dd5, 0x8db4, 0x7d95, 0x6535, 0x5cf6, 0x5cd6, 0x54d6, 0x54d6, 0x54f6, 0x5d16, 0x6536, 0x5d16, 0x5d16, 0x5d15, 0x6d34, 0x7553,
0x7573, 0x7573, 0x6514, 0x54f4, 0x5d15, 0x6d54, 0x7d94, 0x6534, 0x6554, 0x7d93, 0x7d93, 0x7d74, 0x7574, 0x6d54, 0x7574, 0x7574,
0x6535, 0x5d36, 0x5d36, 0x6536, 0x6536, 0x6536, 0x5d16, 0x5d16, 0x5d16, 0x5d16, 0x6516, 0x6556, 0x6536, 0x6536, 0x6d35, 0x6515,
0x5cf6, 0x5d16, 0x6516, 0x6516, 0x5d16, 0x5d16, 0x5d16, 0x5d16, 0x5d16, 0x5cf6, 0x5cf6, 0x5cf6, 0x54f6, 0x54f6, 0x5cf6, 0x5cf6,
0x54f6, 0x54d4, 0x54d3, 0x4c6d, 0x442a, 0x33ac, 0x338f, 0x54b4, 0x5d16, 0x5cf6, 0x6516, 0x6536, 0x6556, 0x8dd4, 0x85b4, 0x85b4,
0xa613, 0xa612, 0x9df2, 0x9df2, 0x9dd3, 0x9df3, 0x9e14, 0x9df4, 0x95d5, 0x4c4d, 0x2b8b, 0x232c, 0x232e, 0x8594, 0x95f4, 0x8db4,
0x7555, 0x6d35, 0x6d35, 0x6515, 0x6515, 0x5d15, 0x5d15, 0x6534, 0x5d15, 0x5d15, 0x5d35, 0x7594, 0x7594, 0x9df4, 0xae33, 0xae13,
0xa613, 0x9df3, 0x9e13, 0x9df3, 0x9df3, 0x95d3, 0x85b4, 0x8db4, 0x85b4, 0x7d94, 0x8594, 0x7554, 0x6514, 0x5d15, 0x54f5, 0x54f5,
0x5cf5, 0x5cf6, 0x54d6, 0x8596, 0xa635, 0x9df5, 0x9df6, 0x9df6, 0xa636, 0xae55, 0xb655, 0xb676, 0xb656, 0xb656, 0xb656, 0xae56,
0xae56, 0x9e16, 0x8dd6, 0xa637, 0xb656, 0xae56, 0xae56, 0xae36, 0xa636, 0xa635, 0x95d6, 0x8db6, 0x8596, 0x8596, 0x7d96, 0x7d76,
0x7d96, 0x7d96, 0x95f6, 0xa636, 0xa636, 0xa636, 0xa636, 0xae56, 0xae36, 0xae37, 0xae37, 0xae57, 0xae56, 0xae56, 0xae36, 0xa616,
0x9e17, 0x9e17, 0x9e17, 0x95f7, 0x9e36, 0xae56, 0xa636, 0x9e17, 0x95d7, 0x95d6, 0x8dd7, 0x95d7, 0x8dd7, 0x85b7, 0x85b7, 0x85b7,

/* -38- */
0x340e, 0x3c2e, 0x442d, 0x4c4b, 0x4c4a, 0x4c29, 0x4428, 0x33c9, 0x2b4b, 0x2b2c, 0x5493, 0x8618, 0x7db6, 0x64ce, 0x64ed, 0x64ac,
0x546a, 0x5c6a, 0x7d2a, 0x7d6b, 0x5c8a, 0x544a, 0x442a, 0x33aa, 0x338a, 0x2b4b, 0x232b, 0x2b4b, 0x2b6b, 0x3bad, 0x85b5, 0x9e17,
0x85b4, 0x446a, 0x548a, 0x546a, 0x440a, 0x3be9, 0x3ba9, 0x3389, 0x1aa9, 0x1229, 0x1229, 0x1a8b, 0x5cb3, 0x7596, 0x5cae, 0x546d,
0x6d2e, 0x8dce, 0x546b, 0x442c, 0x3bec, 0x2bac, 0x2b8d, 0x236d, 0x3c11, 0x5d37, 0x5cf6, 0x54f6, 0x5d16, 0x54f5, 0x54d5, 0x54d5,
0x5cf6, 0x54f5, 0x54b3, 0x54d5, 0x54d6, 0x54d5, 0x54d5, 0x54d6, 0x54d6, 0x54d6, 0x54f6, 0x54f6, 0x54b0, 0x548b, 0x548c, 0x64ab,
0x74ec, 0x852c, 0x4c2b, 0x440b, 0x440a, 0x43ea, 0x336b, 0x334b, 0x22ea, 0x4c52, 0x7dd8, 0x7596, 0x7d96, 0x8db5, 0x95d5, 0x8595,
0x7556, 0x7556, 0x8576, 0x8596, 0x6d56, 0x6536, 0x6516, 0x6d36, 0x7d76, 0x7d96, 0x6d34, 0x4431, 0x3c31, 0x8594, 0x95d4, 0x85d4,
0x8dd5, 0x95d5, 0x95d5, 0x95f5, 0x9df5, 0x95f5, 0x95f6, 0x95f6, 0x9e18, 0x95f7, 0x8dd6, 0x95f6, 0x95d6, 0x95d6, 0x8596, 0x6515,
0x6515, 0x64f5, 0x5cd5, 0x54d6, 0x54d5, 0x54d6, 0x6d35, 0x8595, 0x8595, 0x7d95, 0x7d96, 0x85b5, 0x8db5, 0x8dd4, 0x85b4, 0x6d54,
0x6514, 0x5d14, 0x6d54, 0x7574, 0x7d94, 0x8594, 0x6d54, 0x54f4, 0x5d14, 0x7d93, 0x8593, 0x6534, 0x5cf5, 0x5d15, 0x6516, 0x5d16,
0x5d36, 0x5d36, 0x5d36, 0x6536, 0x6516, 0x6516, 0x6516, 0x5d16, 0x5d16, 0x5d16, 0x5d16, 0x5d16, 0x5d16, 0x5d16, 0x5cf5, 0x5d15,
0x5d16, 0x5cf6, 0x5cf6, 0x54f6, 0x54f6, 0x5d16, 0x5d16, 0x54f6, 0x54d6, 0x54d6, 0x54f6, 0x5cf6, 0x5cf6, 0x54d6, 0x54d5, 0x4cb5,
0x54d4, 0x548d, 0x7530, 0x6d0e, 0x4c6c, 0x33ed, 0x2bae, 0x2baf, 0x54b2, 0x9e55, 0x8df4, 0x8df4, 0x8df5, 0x95f4, 0x8dd5, 0x95f5,
0xa614, 0xa634, 0xae34, 0xae34, 0xae34, 0xa615, 0x95f7, 0x95f7, 0x9618, 0x4c8e, 0x33eb, 0x234e, 0x2b6f, 0x95f6, 0xa636, 0x9e17,
0x7d96, 0x7576, 0x7576, 0x7556, 0x6d56, 0x440f, 0x338c, 0x4410, 0x85d6, 0x7db5, 0x85b5, 0x8dd4, 0x95d4, 0x9df4, 0x95d5, 0x9df5,
0x9e15, 0x9e15, 0x9df5, 0x9df4, 0x8dd5, 0x8dd5, 0x7d96, 0x7d96, 0x7d96, 0x7576, 0x6536, 0x5cf5, 0x6d55, 0x8db5, 0x8db6, 0x85b6,
0x9df6, 0x9e37, 0x9e17, 0x9e16, 0xa636, 0xa636, 0xae56, 0xae36, 0xa637, 0xa636, 0xa636, 0x9e17, 0x9e17, 0x9e17, 0xa617, 0x9e17,
0x95f7, 0x95d7, 0x95d7, 0x95f6, 0x9e16, 0x95f6, 0x95d6, 0x8dd6, 0x8db6, 0x8596, 0x8596, 0x8596, 0x85b7, 0x95f7, 0xa617, 0x9e17,
0xa637, 0xa637, 0xa637, 0xa637, 0xa637, 0xa637, 0xa637, 0xa637, 0xa617, 0xa617, 0x9e17, 0x9e17, 0x9df6, 0x95f6, 0x95f6, 0x95f7,
0x8dd7, 0x8dd7, 0x95d7, 0x95d7, 0x95f7, 0x95f6, 0x95f7, 0x95f7, 0x9e17, 0x9df7, 0x8db7, 0x85b7, 0x85b7, 0x95f7, 0x9df7, 0x95f7,
0x85b7, 0x85b7, 0x9e17, 0x9e17, 0x9e17, 0x9e17, 0xa637, 0x9e16, 0x9e16, 0xa616, 0x9df7, 0x9e17, 0xa617, 0x9df7, 0x95f7, 0x95d7,
0x95f7, 0x9df7, 0x9e17, 0x9e17, 0x9df7, 0x8dd7, 0x8dd7, 0x9df7, 0xa617, 0x9e17, 0x9e17, 0x95f7, 0xa617, 0xa616, 0x9e17, 0x9e17,
0x95f7, 0x9e18, 0x7d74, 0x43ea, 0x33aa, 0x22ea, 0x124a, 0x43ae, 0xae58, 0x9e17, 0xae78, 0x7d73, 0x3c0b, 0x4c4c, 0x33cd, 0x2b6d,
0x232c, 0x1aab, 0x1a8b, 0x43f1, 0x8dd8, 0x7d97, 0x85b8, 0x6d55, 0x4c6d, 0x546d, 0x752d, 0x95ef, 0x64cb, 0x4c2b, 0x4c4a, 0x3bcb,
0x230b, 0x2b6d, 0x338e, 0x7d96, 0x95f8, 0x85b7, 0x85b7, 0x8db7, 0x8dd7, 0x6d10, 0x64ed, 0x64ed, 0x64cc, 0x546a, 0x43e9, 0x43eb,
0x440d, 0x43ed, 0x8dd6, 0xa639, 0x95f7, 0x95f7, 0x95d7, 0x95d7, 0x95f7, 0x95f7, 0x95f7, 0x8df7, 0x95f7, 0x8df7, 0x8df7, 0x9617,
0x9e16, 0x9e16, 0x7d95, 0x6534, 0x5d14, 0x54b3, 0x4c72, 0x5cd4, 0x5d16, 0x6536, 0x85b7, 0x95f7, 0x95d7, 0x95d6, 0x95d6, 0x8dd7,
0x95f8, 0x8df7, 0x4c8e, 0x4c6c, 0x4c8c, 0x6d0c, 0x7d6c, 0x5cec, 0x444c, 0x33ac, 0x234b, 0x1aeb, 0x2b4a, 0x2b6a, 0x1aea, 0x334c,
0x84f3, 0xffff, 0xd6db, 0x7c72, 0xb616, 0x6cd0, 0x4c4c, 0x4c49, 0x4c28, 0x4409, 0x3bcb, 0x33ce, 0x3bee, 0x4c72, 0x95f7, 0x95f7,
0x95f6, 0x95f7, 0x95f7, 0x95f7, 0x8dd6, 0x85b6, 0x8596, 0x8db6, 0x95f7, 0x8dd6, 0x8dd6, 0x8dd6, 0x8596, 0x85b7, 0x8db6, 0x95d4,
0x95f6, 0x9e16, 0xa636, 0x9e16, 0x95f6, 0x9df6, 0x9dd6, 0x8db5, 0x8595, 0x8595, 0x7d95, 0x8595, 0x7d75, 0x6d14, 0x7553, 0x7534,
0x5cd5, 0x4cb5, 0x54d5, 0x54d5, 0x54d5, 0x54d6, 0x54f5, 0x54b5, 0x4c72, 0x33cd, 0x33ae, 0x3bd0, 0x4c72, 0x5d36, 0x5cf5, 0x5d16,
0x5cf4, 0x4c2c, 0x4c2b, 0x33cd, 0x232d, 0x22ed, 0x54b4, 0x5d16, 0x4c72, 0x43cb, 0x4c2b, 0x440b, 0x2b4b, 0x1a8b, 0x22cc, 0x4c53,
0x54d5, 0x54d5, 0x5cf6, 0x6517, 0x5d14, 0x4c2d, 0x440c, 0x440e, 0x4c72, 0x8dd4, 0x95d4, 0x8db4, 0x95d5, 0x9e15, 0x9e15, 0x9e15,
0x9e35, 0xa635, 0x9e35, 0x9e15, 0xa635, 0xa615, 0x95f5, 0x8dd5, 0x8dd5, 0x85b6, 0x7d96, 0x7576, 0x7576, 0x6d56, 0x6d36, 0x6d36,
0x7556, 0x7d76, 0x8595, 0x8db4, 0x8594, 0x6515, 0x6515, 0x6535, 0x5d15, 0x6d55, 0x6515, 0x5cd6, 0x5cf6, 0x5cf6, 0x5cf6, 0x5cf6,
0x5516, 0x5516, 0x54f6, 0x54d6, 0x54d6, 0x54d6, 0x54d6, 0x54d6, 0x54d6, 0x54b6, 0x5cf6, 0x6d56, 0x85b6, 0x8db6, 0x8db6, 0x8db6,
0xa616, 0xa616, 0xa616, 0xa616, 0xa616, 0xa636, 0xae56, 0xae56, 0xae56, 0xb655, 0xae36, 0x9e16, 0x9e17, 0xa637, 0xa637, 0x95f7,
0x8dd7, 0x8db7, 0x85b7, 0x85b7, 0x7d96, 0x85b6, 0x8dd6, 0x95f7, 0x95f7, 0x95f7, 0xa637, 0xae57, 0xae57, 0xae77, 0xae77, 0xae77,
0xa657, 0xa637, 0x9e17, 0x9617, 0x9617, 0x95f7, 0x95d7, 0x8dd7, 0x8dd7, 0x95d7, 0x95d7, 0x8dd7, 0x8dd7, 0x8dd7, 0xa637, 0xa637,
0x95d7, 0x8dd7, 0x8dd7, 0x85b7, 0x8dd7, 0x95f7, 0x95d7, 0x8dd7, 0x95f7, 0xa617, 0x9e17, 0x9e17, 0xa617, 0xa617, 0xae38, 0x7510,
0x5c89, 0x64cb, 0x2bab, 0x1aca, 0x22ec, 0x95f7, 0x9df7, 0x95f7, 0x95f7, 0x9e17, 0x95f7, 0x95f7, 0x95d6, 0x9e18, 0x6d12, 0x548c,
0x5cac, 0x5469, 0x5469, 0x43eb, 0x4c71, 0x5491, 0x7d76, 0x8e18, 0x85d8, 0x85b7, 0x85b8, 0x85d9, 0x7574, 0x546d, 0x4c6d, 0x546b,
0x6cca, 0x6ccb, 0x442b, 0x2bcc, 0x33cd, 0x2bce, 0x54b3, 0x8df8, 0x85d8, 0x64f1, 0x5469, 0x5c89, 0x5469, 0x64ca, 0x6d29, 0x6d49,
0x5cca, 0x4c6b, 0x33ac, 0x2b6c, 0x230b, 0x234b, 0x4c8a, 0x5caa, 0x5ca9, 0x3c0b, 0x3c0b, 0x64e9, 0x4c69, 0x3baa, 0x2329, 0x230a,
0x340e, 0x3c2e, 0x442d, 0x4c4b, 0x4c4a, 0x4c29, 0x4428, 0x33c9, 0x2b4b, 0x2b2c, 0x5493, 0x8618, 0x7db6, 0x64ce, 0x64ed, 0x64ac,
0x546a, 0x5c6a, 0x7d2a, 0x7d6b, 0x5c8a, 0x544a, 0x442a, 0x33aa, 0x338a, 0x2b4b, 0x232b, 0x2b4b, 0x2b6b, 0x3bad, 0x85b5, 0x9e17,
0x85b4, 0x446a, 0x548a, 0x546a, 0x440a, 0x3be9, 0x3ba9, 0x3389, 0x1aa9, 0x1229, 0x1229, 0x1a8b, 0x5cb3, 0x7596, 0x5cae, 0x546d,
0x6d2e, 0x8dce, 0x546b, 0x442c, 0x3bec, 0x2bac, 0x2b8d, 0x236d, 0x3c11, 0x5d37, 0x5cf6, 0x54f6, 0x5d16, 0x54f5, 0x54d5, 0x54d5,
0x5cf6, 0x54f5, 0x54b3, 0x54d5, 0x54d6, 0x54d5, 0x54d5, 0x54d6, 0x54d6, 0x54d6, 0x54f6, 0x54f6, 0x54b0, 0x548b, 0x548c, 0x64ab,
0x74ec, 0x852c, 0x4c2b, 0x440b, 0x440a, 0x43ea, 0x336b, 0x334b, 0x22ea, 0x4c52, 0x7dd8, 0x7596, 0x7d96, 0x8db5, 0x95d5, 0x8595,
0x7556, 0x7556, 0x8576, 0x8596, 0x6d56, 0x6536, 0x6516, 0x6d36, 0x7d76, 0x7d96, 0x6d34, 0x4431, 0x3c31, 0x8594, 0x95d4, 0x85d4,
0x8dd5, 0x95d5, 0x95d5, 0x95f5, 0x9df5, 0x95f5, 0x95f6, 0x95f6, 0x9e18, 0x95f7, 0x8dd6, 0x95f6, 0x95d6, 0x95d6, 0x8596, 0x6515,
0x6515, 0x64f5, 0x5cd5, 0x54d6, 0x54d5, 0x54d6, 0x6d35, 0x8595, 0x8595, 0x7d95, 0x7d96, 0x85b5, 0x8db5, 0x8dd4, 0x85b4, 0x6d54,
0x6514, 0x5d14, 0x6d54, 0x7574, 0x7d94, 0x8594, 0x6d54, 0x54f4, 0x5d14, 0x7d93, 0x8593, 0x6534, 0x5cf5, 0x5d15, 0x6516, 0x5d16,
0x5d36, 0x5d36, 0x5d36, 0x6536, 0x6516, 0x6516, 0x6516, 0x5d16, 0x5d16, 0x5d16, 0x5d16, 0x5d16, 0x5d16, 0x5d16, 0x5cf5, 0x5d15,
0x5d16, 0x5cf6, 0x5cf6, 0x54f6, 0x54f6, 0x5d16, 0x5d16, 0x54f6, 0x54d6, 0x54d6, 0x54f6, 0x5cf6, 0x5cf6, 0x54d6, 0x54d5, 0x4cb5,
0x54d4, 0x548d, 0x7530, 0x6d0e, 0x4c6c, 0x33ed, 0x2bae, 0x2baf, 0x54b2, 0x9e55, 0x8df4, 0x8df4, 0x8df5, 0x95f4, 0x8dd5, 0x95f5,
0xa614, 0xa634, 0xae34, 0xae34, 0xae34, 0xa615, 0x95f7, 0x95f7, 0x9618, 0x4c8e, 0x33eb, 0x234e, 0x2b6f, 0x95f6, 0xa636, 0x9e17,
0x7d96, 0x7576, 0x7576, 0x7556, 0x6d56, 0x440f, 0x338c, 0x4410, 0x85d6, 0x7db5, 0x85b5, 0x8dd4, 0x95d4, 0x9df4, 0x95d5, 0x9df5,
0x9e15, 0x9e15, 0x9df5, 0x9df4, 0x8dd5, 0x8dd5, 0x7d96, 0x7d96, 0x7d96, 0x7576, 0x6536, 0x5cf5, 0x6d55, 0x8db5, 0x8db6, 0x85b6,
0x9df6, 0x9e37, 0x9e17, 0x9e16, 0xa636, 0xa636, 0xae56, 0xae36, 0xa637, 0xa636, 0xa636, 0x9e17, 0x9e17, 0x9e17, 0xa617, 0x9e17,
0x95f7, 0x95d7, 0x95d7, 0x95f6, 0x9e16, 0x95f6, 0x95d6, 0x8dd6, 0x8db6, 0x8596, 0x8596, 0x8596, 0x85b7, 0x95f7, 0xa617, 0x9e17,
0xa637, 0xa637, 0xa637, 0xa637, 0xa637, 0xa637, 0xa637, 0xa637, 0xa617, 0xa617, 0x9e17, 0x9e17, 0x9df6, 0x95f6, 0x95f6, 0x95f7,
0x8dd7, 0x8dd7, 0x95d7, 0x95d7, 0x95f7, 0x95f6, 0x95f7, 0x95f7, 0x9e17, 0x9df7, 0x8db7, 0x85b7, 0x85b7, 0x95f7, 0x9df7, 0x95f7,

/* -39- */
0x446d, 0x4c8c, 0x548b, 0x5caa, 0x5ca9, 0x4429, 0x4409, 0x33c9, 0x2b4b, 0x1acb, 0x2b4d, 0x5d15, 0x75b6, 0x4c4b, 0x4c49, 0x546a,
0x4c4a, 0x4c2a, 0x4c4a, 0x546a, 0x546a, 0x4c2a, 0x33aa, 0x3bea, 0x3bea, 0x2b6b, 0x1aeb, 0x2b4b, 0x2b4b, 0x22ea, 0x6d13, 0x9618,
0x7d95, 0x4c4a, 0x440a, 0x43ea, 0x440a, 0x3bca, 0x3389, 0x3389, 0x1ac9, 0x124a, 0x1a6a, 0x1249, 0x54b3, 0x75b6, 0x64ec, 0x548b,
0x6d4e, 0x95ee, 0x4c6c, 0x442c, 0x440c, 0x2b8c, 0x234c, 0x234d, 0x33af, 0x3c11, 0x4c73, 0x5d16, 0x5d16, 0x5d16, 0x5d15, 0x5d15,
0x5cf5, 0x4c70, 0x442d, 0x4c91, 0x54f6, 0x54f6, 0x54d6, 0x54d6, 0x54f6, 0x54f6, 0x54f5, 0x5517, 0x54f2, 0x4c6b, 0x4c6c, 0x4c6b,
0x6ceb, 0x858c, 0x4c4b, 0x4c4b, 0x4c6b, 0x440b, 0x2b4b, 0x230b, 0x1aeb, 0x2b4c, 0x4451, 0x7577, 0x7576, 0x7d96, 0x8575, 0x7536,
0x6d37, 0x7557, 0x7d76, 0x7576, 0x7d96, 0x8596, 0x8596, 0x8596, 0x8db5, 0x8594, 0x7532, 0x4430, 0x33d0, 0x5cb2, 0x7d73, 0x95f5,
0x95f5, 0x9df5, 0x9e15, 0x95d6, 0x8dd6, 0x95d7, 0x95d7, 0x95f6, 0x95d6, 0x95d6, 0x8596, 0x7577, 0x6d36, 0x6516, 0x5cd6, 0x5495,
0x64f5, 0x6d16, 0x7556, 0x7d76, 0x7d76, 0x8596, 0x8db5, 0x95f5, 0x9df5, 0x95d5, 0x8dd6, 0x95d5, 0x95d4, 0x9df4, 0x9df4, 0x8db4,
0x85b4, 0x85b4, 0x95d4, 0x8dd4, 0x8db4, 0x8db4, 0x85b4, 0x8594, 0x85b4, 0x85b4, 0x7d94, 0x7574, 0x7d74, 0x7575, 0x7575, 0x6d35,
0x6536, 0x5d36, 0x6536, 0x5d16, 0x54f6, 0x5cf6, 0x5cf6, 0x5cf6, 0x5d16, 0x5d16, 0x5d16, 0x5d16, 0x5cf6, 0x5cf5, 0x5cf5, 0x5cf5,
0x5cf6, 0x5d16, 0x6515, 0x6535, 0x5d15, 0x6d55, 0x6535, 0x6515, 0x6d35, 0x6d56, 0x6d56, 0x6d35, 0x7556, 0x7d76, 0x7d96, 0x7d76,
0x4c2d, 0x546c, 0x7d91, 0x6d0e, 0x444d, 0x3bee, 0x2b8e, 0x232d, 0x338e, 0x5c90, 0x95f4, 0x95f4, 0x9e14, 0xa615, 0x9df5, 0x9e16,
0xa616, 0x9e16, 0xa636, 0xae36, 0xae36, 0xa616, 0x9618, 0x8df7, 0x7d96, 0x4c8d, 0x3c0c, 0x2b6e, 0x1aed, 0x5cb3, 0xa637, 0x95f6,
0x85b6, 0x85b6, 0x85b6, 0x7575, 0x6513, 0x3bed, 0x2b6b, 0x2b8d, 0x5cb3, 0x95f6, 0x95f5, 0x95d5, 0x95d5, 0x95d5, 0x8dd6, 0x8dd6,
0x95f6, 0x8dd7, 0x95f6, 0x9df5, 0x8596, 0x7d97, 0x7577, 0x7577, 0x7576, 0x7576, 0x8596, 0x8596, 0x95b6, 0x9df6, 0xa616, 0xa617,
0xa617, 0xa617, 0xa637, 0xa617, 0x9e17, 0xa617, 0xa616, 0x9e17, 0x95f7, 0x95f7, 0x95f7, 0x8dd7, 0x8dd7, 0x95d7, 0x9df7, 0x95f6,
0x95d7, 0x8dd6, 0x8dd6, 0x95d6, 0x95d6, 0x8dd7, 0x85b7, 0x8dd7, 0x8dd6, 0x8db6, 0x8dd6, 0x95f7, 0x95f7, 0xa637, 0xae37, 0xae57,
0xae57, 0xae57, 0xa637, 0xa617, 0xa617, 0x9e17, 0x95f8, 0x8dd7, 0x95f8, 0x95f7, 0x95f7, 0x95f7, 0x95d7, 0x9e16, 0x95f6, 0x95f7,
0x8df7, 0x95f7, 0x9e17, 0x9e17, 0x95f7, 0x95d7, 0x95d7, 0x8dd7, 0x8dd7, 0x8dd7, 0x8db7, 0x8dd7, 0x95d7, 0x9df7, 0x9df7, 0x9df7,
0x8dd7, 0x95f7, 0xa617, 0xa637, 0xa637, 0xa637, 0xa637, 0x9df7, 0x95f7, 0x95f7, 0x95f7, 0x9e17, 0x95f7, 0x95f7, 0x95f7, 0x95f7,
0x9df7, 0x9df7, 0x9df7, 0x9df7, 0x9df7, 0x95f7, 0x95f7, 0x9df7, 0x9e17, 0x9e17, 0x9e17, 0x95d7, 0x95f7, 0x95f7, 0x95f7, 0x9617,
0x9e18, 0x85d7, 0x5cd1, 0x4c2b, 0x3c0b, 0x232b, 0x128b, 0x334e, 0x7d76, 0x85b7, 0x85b6, 0x6d10, 0x4c4b, 0x4c4b, 0x2bad, 0x236c,
0x236c, 0x22ec, 0x1a8b, 0x3bb0, 0x7db8, 0x7576, 0x6d56, 0x5cd3, 0x440c, 0x3bcb, 0x6cec, 0x95ee, 0x64ab, 0x4c0b, 0x4c2b, 0x33cb,
0x232c, 0x232c, 0x234c, 0x4c71, 0x7597, 0x85d8, 0x85b8, 0x7d97, 0x7595, 0x6d0e, 0x64cb, 0x64aa, 0x64aa, 0x64aa, 0x440a, 0x440a,
0x3baa, 0x2b4b, 0x4c2f, 0x5cb2, 0x85b7, 0x8dd7, 0x85b7, 0x8dd7, 0x8dd7, 0x7d97, 0x7d97, 0x7557, 0x6d36, 0x6d35, 0x6d36, 0x7556,
0x8596, 0x95d7, 0x8595, 0x6514, 0x6514, 0x4cb2, 0x4451, 0x54b4, 0x54d5, 0x54f5, 0x6d36, 0x85b7, 0x8dd7, 0x8db7, 0x85b7, 0x85b7,
0x6d12, 0x5cb0, 0x442c, 0x440b, 0x440b, 0x440a, 0x4c4b, 0x548b, 0x3bcb, 0x1acb, 0x230b, 0x232b, 0x232b, 0x230b, 0x2b4c, 0x12aa,
0x540f, 0xef9d, 0xc699, 0x6c6e, 0x6cec, 0x5caa, 0x5469, 0x5ca9, 0x5c89, 0x546a, 0x3beb, 0x2b6c, 0x2b2a, 0x2b6b, 0x5491, 0x8dd7,
0x8df7, 0x8dd7, 0x95f7, 0x95f7, 0x8db6, 0x7d96, 0x7d76, 0x7d97, 0x7d97, 0x7db7, 0x8596, 0x7d96, 0x8596, 0x85b6, 0x8db6, 0x95f5,
0x95f6, 0x9df6, 0x9e16, 0x9e16, 0x95f7, 0x95f7, 0x9e17, 0x95f6, 0x8df6, 0x8dd6, 0x8dd5, 0x95f5, 0x8dd5, 0x85b5, 0x8dd5, 0x85d5,
0x7d95, 0x7d95, 0x7d74, 0x6514, 0x54f6, 0x5d16, 0x5d13, 0x5471, 0x4c4f, 0x3c2e, 0x33cf, 0x2b6e, 0x4411, 0x5d15, 0x6d36, 0x6d57,
0x6514, 0x4c0b, 0x4c2c, 0x33ad, 0x230d, 0x22cc, 0x3bb0, 0x5cd6, 0x5493, 0x43eb, 0x4c4b, 0x33ac, 0x230c, 0x22ec, 0x1a8b, 0x2b4f,
0x6537, 0x5d16, 0x5cd3, 0x54b0, 0x4c8e, 0x4c4c, 0x4c2b, 0x3bec, 0x33cf, 0x64b1, 0x7d33, 0x9df4, 0x9df5, 0x9e16, 0xa636, 0xa636,
0xa636, 0xa636, 0xa616, 0x9e16, 0x9e16, 0x8dd6, 0x8dd6, 0x8dd6, 0x8dd6, 0x85b6, 0x7597, 0x6d77, 0x7d96, 0x8596, 0x8596, 0x85b6,
0x95d6, 0x95f6, 0x95d6, 0x9616, 0x8dd6, 0x7d75, 0x7555, 0x7d75, 0x85b5, 0x85b5, 0x7d95, 0x7556, 0x7556, 0x7577, 0x6536, 0x6516,
0x5cf6, 0x54f6, 0x54d5, 0x54d5, 0x5d16, 0x7556, 0x7556, 0x7576, 0x7576, 0x7556, 0x7d76, 0x85b6, 0x95f6, 0x9e16, 0x9e16, 0xa636,
0xa636, 0xae16, 0xae36, 0xa636, 0xa616, 0xae37, 0xa637, 0x9e17, 0x9df7, 0x9df7, 0x95f7, 0x8db7, 0x8db7, 0x95d7, 0x95f7, 0x8dd7,
0x8dd7, 0x8dd7, 0x8dd7, 0x8dd7, 0x8dd7, 0x95f7, 0x9e17, 0x9e17, 0x9e37, 0xa637, 0xa657, 0xa657, 0x9e17, 0x95f7, 0x9df7, 0x9df7,
0x95f7, 0x95d7, 0x95f7, 0x95d7, 0x95d7, 0x95f7, 0x95f7, 0x95d7, 0x95d7, 0x9df7, 0x9df7, 0x95f7, 0x9e17, 0x9e17, 0xa657, 0xa637,
0x95d7, 0x95d7, 0x95f7, 0x95d7, 0x95f7, 0x95f7, 0x95d7, 0x95f8, 0x9df7, 0xa617, 0xa617, 0x9df7, 0x9e17, 0x9e17, 0x9e18, 0x6d0f,
0x5469, 0x5cab, 0x2b8c, 0x1b0b, 0x1acb, 0x64d4, 0x9e19, 0x95f8, 0x95f8, 0x9618, 0x95f8, 0x8df8, 0x85b6, 0x6d52, 0x64ee, 0x6cec,
0x5caa, 0x5c89, 0x5c89, 0x440b, 0x2b6b, 0x336a, 0x5450, 0x6d14, 0x7db7, 0x7d97, 0x7576, 0x7575, 0x6532, 0x5c8c, 0x6d0d, 0x6ceb,
0x7d2a, 0x64ab, 0x33cc, 0x33ec, 0x2bac, 0x232c, 0x2b8e, 0x4c71, 0x7577, 0x6d32, 0x5489, 0x548a, 0x4c69, 0x4c6a, 0x4c8a, 0x4c8a,
0x4c6b, 0x3beb, 0x2b6b, 0x3baa, 0x334a, 0x338a, 0x5489, 0x5ca9, 0x5ca9, 0x43ea, 0x33ab, 0x4c69, 0x442a, 0x338a, 0x234a, 0x234b,
0x446d, 0x4c8c, 0x548b, 0x5caa, 0x5ca9, 0x4429, 0x4409, 0x33c9, 0x2b4b, 0x1acb, 0x2b4d, 0x5d15, 0x75b6, 0x4c4b, 0x4c49, 0x546a,
0x4c4a, 0x4c2a, 0x4c4a, 0x546a, 0x546a, 0x4c2a, 0x33aa, 0x3bea, 0x3bea, 0x2b6b, 0x1aeb, 0x2b4b, 0x2b4b, 0x22ea, 0x6d13, 0x9618,
0x7d95, 0x4c4a, 0x440a, 0x43ea, 0x440a, 0x3bca, 0x3389, 0x3389, 0x1ac9, 0x124a, 0x1a6a, 0x1249, 0x54b3, 0x75b6, 0x64ec, 0x548b,
0x6d4e, 0x95ee, 0x4c6c, 0x442c, 0x440c, 0x2b8c, 0x234c, 0x234d, 0x33af, 0x3c11, 0x4c73, 0x5d16, 0x5d16, 0x5d16, 0x5d15, 0x5d15,
0x5cf5, 0x4c70, 0x442d, 0x4c91, 0x54f6, 0x54f6, 0x54d6, 0x54d6, 0x54f6, 0x54f6, 0x54f5, 0x5517, 0x54f2, 0x4c6b, 0x4c6c, 0x4c6b,
0x6ceb, 0x858c, 0x4c4b, 0x4c4b, 0x4c6b, 0x440b, 0x2b4b, 0x230b, 0x1aeb, 0x2b4c, 0x4451, 0x7577, 0x7576, 0x7d96, 0x8575, 0x7536,
0x6d37, 0x7557, 0x7d76, 0x7576, 0x7d96, 0x8596, 0x8596, 0x8596, 0x8db5, 0x8594, 0x7532, 0x4430, 0x33d0, 0x5cb2, 0x7d73, 0x95f5,
0x95f5, 0x9df5, 0x9e15, 0x95d6, 0x8dd6, 0x95d7, 0x95d7, 0x95f6, 0x95d6, 0x95d6, 0x8596, 0x7577, 0x6d36, 0x6516, 0x5cd6, 0x5495,
0x64f5, 0x6d16, 0x7556, 0x7d76, 0x7d76, 0x8596, 0x8db5, 0x95f5, 0x9df5, 0x95d5, 0x8dd6, 0x95d5, 0x95d4, 0x9df4, 0x9df4, 0x8db4,
0x85b4, 0x85b4, 0x95d4, 0x8dd4, 0x8db4, 0x8db4, 0x85b4, 0x8594, 0x85b4, 0x85b4, 0x7d94, 0x7574, 0x7d74, 0x7575, 0x7575, 0x6d35,
0x6536, 0x5d36, 0x6536, 0x5d16, 0x54f6, 0x5cf6, 0x5cf6, 0x5cf6, 0x5d16, 0x5d16, 0x5d16, 0x5d16, 0x5cf6, 0x5cf5, 0x5cf5, 0x5cf5,
0x5cf6, 0x5d16, 0x6515, 0x6535, 0x5d15, 0x6d55, 0x6535, 0x6515, 0x6d35, 0x6d56, 0x6d56, 0x6d35, 0x7556, 0x7d76, 0x7d96, 0x7d76,
0x4c2d, 0x546c, 0x7d91, 0x6d0e, 0x444d, 0x3bee, 0x2b8e, 0x232d, 0x338e, 0x5c90, 0x95f4, 0x95f4, 0x9e14, 0xa615, 0x9df5, 0x9e16,
0xa616, 0x9e16, 0xa636, 0xae36, 0xae36, 0xa616, 0x9618, 0x8df7, 0x7d96, 0x4c8d, 0x3c0c, 0x2b6e, 0x1aed, 0x5cb3, 0xa637, 0x95f6,
0x85b6, 0x85b6, 0x85b6, 0x7575, 0x6513, 0x3bed, 0x2b6b, 0x2b8d, 0x5cb3, 0x95f6, 0x95f5, 0x95d5, 0x95d5, 0x95d5, 0x8dd6, 0x8dd6,
0x95f6, 0x8dd7, 0x95f6, 0x9df5, 0x8596, 0x7d97, 0x7577, 0x7577, 0x7576, 0x7576, 0x8596, 0x8596, 0x95b6, 0x9df6, 0xa616, 0xa617,
0xa617, 0xa617, 0xa637, 0xa617, 0x9e17, 0xa617, 0xa616, 0x9e17, 0x95f7, 0x95f7, 0x95f7, 0x8dd7, 0x8dd7, 0x95d7, 0x9df7, 0x95f6,
0x95d7, 0x8dd6, 0x8dd6, 0x95d6, 0x95d6, 0x8dd7, 0x85b7, 0x8dd7, 0x8dd6, 0x8db6, 0x8dd6, 0x95f7, 0x95f7, 0xa637, 0xae37, 0xae57,
0xae57, 0xae57, 0xa637, 0xa617, 0xa617, 0x9e17, 0x95f8, 0x8dd7, 0x95f8, 0x95f7, 0x95f7, 0x95f7, 0x95d7, 0x9e16, 0x95f6, 0x95f7,
0x8df7, 0x95f7, 0x9e17, 0x9e17, 0x95f7, 0x95d7, 0x95d7, 0x8dd7, 0x8dd7, 0x8dd7, 0x8db7, 0x8dd7, 0x95d7, 0x9df7, 0x9df7, 0x9df7,

/* -40- */
0x4c6b, 0x64aa, 0x5c89, 0x4c2a, 0x338a, 0x338a, 0x33aa, 0x33ca, 0x2b8b, 0x232c, 0x1b2c, 0x1b2d, 0x6551, 0x756c, 0x752b, 0x544a,
0x4c4a, 0x4c4a, 0x3beb, 0x33cb, 0x33cc, 0x3bec, 0x3c0b, 0x33aa, 0x2b8a, 0x2b4a, 0x2b2a, 0x230a, 0x2b0a, 0x22ea, 0x336d, 0x64f4,
0x6d96, 0x4c4b, 0x43ea, 0x2b4a, 0x43c9, 0x3b8a, 0x22ea, 0x230a, 0x1a8a, 0x1a6a, 0x1a8b, 0x126a, 0x5cb1, 0x7593, 0x64ca, 0x5cab,
0x444c, 0x442c, 0x4c4b, 0x3c0c, 0x2b8c, 0x2b6c, 0x2b6c, 0x2b6c, 0x232d, 0x22cc, 0x338e, 0x54f4, 0x6536, 0x6535, 0x6536, 0x6513,
0x5cae, 0x548c, 0x4c4e, 0x3bce, 0x4431, 0x54b5, 0x54f6, 0x54f6, 0x54f6, 0x54f6, 0x54ae, 0x5ccc, 0x5ced, 0x548e, 0x340e, 0x442c,
0x5cca, 0x5cca, 0x4c6b, 0x3c0c, 0x3c0c, 0x33cc, 0x234c, 0x232c, 0x232c, 0x232a, 0x43e9, 0x5cd1, 0x6d35, 0x7556, 0x7536, 0x7556,
0x7d77, 0x7d97, 0x85b7, 0x7d97, 0x8db7, 0x9df6, 0x9df6, 0xa5f6, 0x95b5, 0x5cf2, 0x5cd2, 0x4471, 0x3c31, 0x2390, 0x5453, 0xa616,
0x9df6, 0x9df6, 0x9df6, 0x8dd6, 0x85b7, 0x85b7, 0x8db6, 0x8db6, 0x8596, 0x8596, 0x7d96, 0x7557, 0x7d77, 0x8597, 0x8577, 0x8596,
0x8596, 0x95d6, 0x9df6, 0x9e16, 0x9e16, 0x9e16, 0x9df6, 0x95f6, 0x95f6, 0x95f6, 0x95f6, 0x9df6, 0x9df6, 0x95f5, 0x9df5, 0x9e15,
0xa616, 0xa616, 0x95f6, 0x8dd5, 0x8db4, 0x8575, 0x7d75, 0x8db4, 0x95f4, 0x8dd5, 0x8db5, 0x85b5, 0x85b5, 0x8db4, 0x8db4, 0x8db4,
0x8595, 0x7d96, 0x7d96, 0x7575, 0x6d34, 0x6514, 0x6d34, 0x8594, 0x85b4, 0x6555, 0x5d15, 0x54f5, 0x6d55, 0x7575, 0x7555, 0x6d56,
0x7d76, 0x7d96, 0x8595, 0x7d95, 0x7554, 0x6d34, 0x8595, 0x95f6, 0x9df6, 0x9df6, 0x9df6, 0x95d6, 0x95f6, 0x9e37, 0x8dd6, 0x7553,
0x4c6d, 0x4c2c, 0x440c, 0x544d, 0x33ac, 0x2b2c, 0x232c, 0x230c, 0x1acb, 0x230d, 0x95b4, 0x9df5, 0x9df5, 0xa616, 0x95d6, 0x95f7,
0x95d7, 0x9df7, 0x95f7, 0x8dd7, 0x8dd7, 0x9df7, 0xa617, 0x8dd6, 0x3c2e, 0x4c4c, 0x33cc, 0x230d, 0x126b, 0x5451, 0xa637, 0x95d6,
0x9e16, 0x95f6, 0x9e17, 0x7d74, 0x4c6e, 0x548d, 0x442d, 0x236c, 0x2b4f, 0x95f6, 0x95f6, 0x95d6, 0x95d6, 0x95d6, 0x8db6, 0x8597,
0x7d97, 0x7d97, 0x7d77, 0x7d76, 0x7577, 0x7db7, 0x8dd7, 0x8dd7, 0x8dd7, 0x8dd7, 0xa617, 0xa617, 0xa5f7, 0x95d7, 0x95b7, 0x9db7,
0x9db7, 0x9db7, 0x95b7, 0x9597, 0x8d97, 0x95b7, 0x9db6, 0x95b6, 0x8db7, 0x95f6, 0x95d6, 0x8dd7, 0x8dd7, 0x8dd7, 0x95f6, 0x95f6,
0x95f6, 0x8dd6, 0x8dd6, 0x8dd7, 0x8dd7, 0x8dd7, 0x95f7, 0xa637, 0xa637, 0xa637, 0xa637, 0xa637, 0xa617, 0x9e17, 0x9e17, 0x9e17,
0x9e17, 0x9e17, 0x95d7, 0x95d7, 0x95d7, 0x7d76, 0x6516, 0x5cf5, 0x6536, 0x95f7, 0x95f7, 0x95d7, 0x95f7, 0x9e17, 0x9e37, 0x9e37,
0x9e37, 0x9e17, 0x95f7, 0x95d7, 0x8db7, 0x8db7, 0x8dd7, 0x95d7, 0x95f7, 0x95d7, 0x9df7, 0xa617, 0x9e17, 0x9e17, 0x9e17, 0x9df7,
0x9e17, 0x9e17, 0x9df7, 0x9df7, 0x9e17, 0x9df8, 0x9e17, 0x9df7, 0x8dd7, 0x6d56, 0x6515, 0x6536, 0x95f7, 0x9617, 0x95f7, 0x95f7,
0x95d7, 0x95d7, 0x95d6, 0x9dd7, 0x9df7, 0x9df7, 0x9df7, 0x95f7, 0x95f7, 0x95d7, 0x95d7, 0x95d7, 0x95d7, 0x95d7, 0x95f7, 0x9e17,
0xae59, 0x7553, 0x442b, 0x548c, 0x33cc, 0x232c, 0x1aec, 0x1b0d, 0x4c95, 0x7577, 0x5cb2, 0x440b, 0x544b, 0x43eb, 0x2b8c, 0x234c,
0x22eb, 0x1acb, 0x1a8b, 0x43d1, 0x7598, 0x6d56, 0x4c6f, 0x4c6d, 0x54ce, 0x3c0c, 0x4c4c, 0x5cab, 0x5ceb, 0x4c6c, 0x2b6d, 0x2b6d,
0x236c, 0x2b6b, 0x3bea, 0x2b6a, 0x4452, 0x7db8, 0x7db8, 0x64f0, 0x4c6b, 0x54ab, 0x85ae, 0x64cc, 0x5c6a, 0x5c6a, 0x4c0a, 0x3bcb,
0x336b, 0x2b2b, 0x230a, 0x234b, 0x7556, 0x7d97, 0x7d97, 0x7d97, 0x7d96, 0x6d56, 0x6536, 0x54b2, 0x54b2, 0x54b4, 0x4472, 0x4492,
0x4cd3, 0x5d35, 0x6534, 0x5d14, 0x5d14, 0x4cb3, 0x3c52, 0x4472, 0x4c93, 0x4cb3, 0x54d4, 0x6d36, 0x7556, 0x7d97, 0x8df8, 0x85b6,
0x548b, 0x442b, 0x754c, 0x5cab, 0x440a, 0x4c2a, 0x440a, 0x3bac, 0x2b0c, 0x2b2b, 0x3bab, 0x3bab, 0x33ab, 0x2b2b, 0x22eb, 0x22cb,
0x332c, 0x5430, 0xae16, 0x5c4c, 0x4c09, 0x960c, 0x6d0a, 0x5489, 0x544a, 0x440b, 0x3beb, 0x2b4c, 0x2b6b, 0x33a9, 0x33a9, 0x64d1,
0x85b6, 0x8dd7, 0x8dd7, 0x85b7, 0x8596, 0x8576, 0x8576, 0x7d56, 0x6d57, 0x7577, 0x85b7, 0x95d6, 0x95d6, 0x8dd6, 0x95d6, 0x95f6,
0x95f6, 0x95f6, 0x9df6, 0x85b6, 0x6d56, 0x6d56, 0x7597, 0x9e17, 0x9df6, 0x95d7, 0x95d7, 0x9e16, 0x9e36, 0x9e16, 0x9616, 0x9616,
0x9616, 0x9df6, 0x95f6, 0x8dd6, 0x8dd7, 0x7554, 0x446d, 0x54ce, 0x5ccd, 0x3c2e, 0x33ef, 0x33af, 0x2b6f, 0x3390, 0x6d56, 0x6d36,
0x5cd3, 0x3beb, 0x33cd, 0x2b6d, 0x230d, 0x22cc, 0x1aab, 0x4432, 0x5492, 0x43eb, 0x4c2b, 0x338d, 0x230c, 0x22cc, 0x1aab, 0x3390,
0x6d77, 0x6d56, 0x4c6d, 0x4c6b, 0x6ced, 0x5c6d, 0x544c, 0x440d, 0x33af, 0x2b6e, 0x338f, 0x7d54, 0x95f6, 0x95f7, 0x9e17, 0x95f7,
0x95d6, 0x95d6, 0x8dd6, 0x8db6, 0x8db6, 0x8db6, 0x8dd6, 0x9df6, 0x95d6, 0x7d76, 0x7576, 0x6d57, 0x85b7, 0x95d6, 0x8db6, 0x8dd6,
0x95d6, 0x9df7, 0x95f6, 0x8dd6, 0x8596, 0x7556, 0x8d96, 0x95d6, 0x95d5, 0x8db6, 0x8db6, 0x8dd6, 0x8dd6, 0x85d7, 0x7d96, 0x6514,
0x4c93, 0x4cb3, 0x7576, 0x85b7, 0x85b7, 0xa637, 0xae37, 0xa637, 0xa637, 0xa637, 0x9e17, 0x9e17, 0x9e17, 0x95f7, 0x95f7, 0x9e17,
0x9e17, 0xa616, 0xa616, 0x95f7, 0x8db7, 0x85b7, 0x8db7, 0x95d7, 0x95d7, 0x95d7, 0x95d7, 0x8db7, 0x8dd7, 0x95d7, 0x8db7, 0x85b6,
0x85b7, 0x95f7, 0x9e17, 0x9e17, 0x9e17, 0x9df7, 0x9e17, 0x8dd7, 0x8dd8, 0x95f7, 0x9e18, 0x9e17, 0x95d7, 0x8db7, 0x8d97, 0x8597,
0x7578, 0x85b8, 0x9df7, 0x9df7, 0x9df7, 0x9df7, 0x9df7, 0xa617, 0xa617, 0x9df7, 0x9e17, 0xa637, 0xa637, 0xa637, 0x9e17, 0x95f7,
0x95d7, 0x9e17, 0x9e37, 0x9e17, 0x95d7, 0x8db7, 0x8dd8, 0x8dd8, 0x95f8, 0xa617, 0x9e17, 0x9e17, 0x9e17, 0x95f7, 0x5cf5, 0x548d,
0x5c8a, 0x3beb, 0x234b, 0x230b, 0x1269, 0x2b4e, 0x95f8, 0x95d7, 0x8dd8, 0x85b8, 0x7db7, 0x6d35, 0x5cf0, 0x446a, 0x64ed, 0x95d3,
0x6cec, 0x5449, 0x5c69, 0x3bcb, 0x33ac, 0x33ac, 0x2b4b, 0x33ad, 0x6d14, 0x85d8, 0x6d32, 0x548b, 0x5cab, 0x5ccc, 0x5cac, 0x546b,
0x546b, 0x4c4b, 0x33ec, 0x2b8d, 0x2b8d, 0x2b6c, 0x2b6c, 0x230b, 0x3c0e, 0x64ec, 0x6d2a, 0x754b, 0x5c8a, 0x440a, 0x33ab, 0x2bab,
0x33cc, 0x33ac, 0x232b, 0x4be9, 0x5c89, 0x64c9, 0x64c9, 0x5469, 0x4c29, 0x3baa, 0x2b6a, 0x33aa, 0x2b6a, 0x232a, 0x232a, 0x232b,
0x4c6b, 0x64aa, 0x5c89, 0x4c2a, 0x338a, 0x338a, 0x33aa, 0x33ca, 0x2b8b, 0x232c, 0x1b2c, 0x1b2d, 0x6551, 0x756c, 0x752b, 0x544a,
0x4c4a, 0x4c4a, 0x3beb, 0x33cb, 0x33cc, 0x3bec, 0x3c0b, 0x33aa, 0x2b8a, 0x2b4a, 0x2b2a, 0x230a, 0x2b0a, 0x22ea, 0x336d, 0x64f4,
0x6d96, 0x4c4b, 0x43ea, 0x2b4a, 0x43c9, 0x3b8a, 0x22ea, 0x230a, 0x1a8a, 0x1a6a, 0x1a8b, 0x126a, 0x5cb1, 0x7593, 0x64ca, 0x5cab,
0x444c, 0x442c, 0x4c4b, 0x3c0c, 0x2b8c, 0x2b6c, 0x2b6c, 0x2b6c, 0x232d, 0x22cc, 0x338e, 0x54f4, 0x6536, 0x6535, 0x6536, 0x6513,
0x5cae, 0x548c, 0x4c4e, 0x3bce, 0x4431, 0x54b5, 0x54f6, 0x54f6, 0x54f6, 0x54f6, 0x54ae, 0x5ccc, 0x5ced, 0x548e, 0x340e, 0x442c,
0x5cca, 0x5cca, 0x4c6b, 0x3c0c, 0x3c0c, 0x33cc, 0x234c, 0x232c, 0x232c, 0x232a, 0x43e9, 0x5cd1, 0x6d35, 0x7556, 0x7536, 0x7556,
0x7d77, 0x7d97, 0x85b7, 0x7d97, 0x8db7, 0x9df6, 0x9df6, 0xa5f6, 0x95b5, 0x5cf2, 0x5cd2, 0x4471, 0x3c31, 0x2390, 0x5453, 0xa616,
0x9df6, 0x9df6, 0x9df6, 0x8dd6, 0x85b7, 0x85b7, 0x8db6, 0x8db6, 0x8596, 0x8596, 0x7d96, 0x7557, 0x7d77, 0x8597, 0x8577, 0x8596,
0x8596, 0x95d6, 0x9df6, 0x9e16, 0x9e16, 0x9e16, 0x9df6, 0x95f6, 0x95f6, 0x95f6, 0x95f6, 0x9df6, 0x9df6, 0x95f5, 0x9df5, 0x9e15,
0xa616, 0xa616, 0x95f6, 0x8dd5, 0x8db4, 0x8575, 0x7d75, 0x8db4, 0x95f4, 0x8dd5, 0x8db5, 0x85b5, 0x85b5, 0x8db4, 0x8db4, 0x8db4,
0x8595, 0x7d96, 0x7d96, 0x7575, 0x6d34, 0x6514, 0x6d34, 0x8594, 0x85b4, 0x6555, 0x5d15, 0x54f5, 0x6d55, 0x7575, 0x7555, 0x6d56,
0x7d76, 0x7d96, 0x8595, 0x7d95, 0x7554, 0x6d34, 0x8595, 0x95f6, 0x9df6, 0x9df6, 0x9df6, 0x95d6, 0x95f6, 0x9e37, 0x8dd6, 0x7553,
0x4c6d, 0x4c2c, 0x440c, 0x544d, 0x33ac, 0x2b2c, 0x232c, 0x230c, 0x1acb, 0x230d, 0x95b4, 0x9df5, 0x9df5, 0xa616, 0x95d6, 0x95f7,
0x95d7, 0x9df7, 0x95f7, 0x8dd7, 0x8dd7, 0x9df7, 0xa617, 0x8dd6, 0x3c2e, 0x4c4c, 0x33cc, 0x230d, 0x126b, 0x5451, 0xa637, 0x95d6,
0x9e16, 0x95f6, 0x9e17, 0x7d74, 0x4c6e, 0x548d, 0x442d, 0x236c, 0x2b4f, 0x95f6, 0x95f6, 0x95d6, 0x95d6, 0x95d6, 0x8db6, 0x8597,
0x7d97, 0x7d97, 0x7d77, 0x7d76, 0x7577, 0x7db7, 0x8dd7, 0x8dd7, 0x8dd7, 0x8dd7, 0xa617, 0xa617, 0xa5f7, 0x95d7, 0x95b7, 0x9db7,
0x9db7, 0x9db7, 0x95b7, 0x9597, 0x8d97, 0x95b7, 0x9db6, 0x95b6, 0x8db7, 0x95f6, 0x95d6, 0x8dd7, 0x8dd7, 0x8dd7, 0x95f6, 0x95f6,
0x95f6, 0x8dd6, 0x8dd6, 0x8dd7, 0x8dd7, 0x8dd7, 0x95f7, 0xa637, 0xa637, 0xa637, 0xa637, 0xa637, 0xa617, 0x9e17, 0x9e17, 0x9e17,
0x9e17, 0x9e17, 0x95d7, 0x95d7, 0x95d7, 0x7d76, 0x6516, 0x5cf5, 0x6536, 0x95f7, 0x95f7, 0x95d7, 0x95f7, 0x9e17, 0x9e37, 0x9e37,
0x9e37, 0x9e17, 0x95f7, 0x95d7, 0x8db7, 0x8db7, 0x8dd7, 0x95d7, 0x95f7, 0x95d7, 0x9df7, 0xa617, 0x9e17, 0x9e17, 0x9e17, 0x9df7,

/* -41- */
0x3beb, 0x5c69, 0x6cc8, 0x6489, 0x2b4a, 0x230b, 0x232b, 0x2b8a, 0x2b6b, 0x1acb, 0x1aeb, 0x12cb, 0x548c, 0x85ab, 0x95cb, 0x64cb,
0x5caa, 0x54ab, 0x33eb, 0x2bac, 0x442c, 0x54ac, 0x4c8c, 0x33cb, 0x2b6b, 0x338a, 0x3bc9, 0x2b4a, 0x22ca, 0x22ca, 0x1249, 0x336e,
0x6577, 0x4c4b, 0x3bc9, 0x3349, 0x43e9, 0x336a, 0x1aaa, 0x230a, 0x1a8a, 0x1a6a, 0x1a8a, 0x126a, 0x3bcb, 0x64ec, 0x64ca, 0x546b,
0x442c, 0x3c0c, 0x4c4b, 0x3bcc, 0x236c, 0x2b8c, 0x2b6b, 0x2b4c, 0x2b2c, 0x22ec, 0x2b4d, 0x4431, 0x6d35, 0x6d35, 0x6d14, 0x64f0,
0x5c8b, 0x546b, 0x4c2e, 0x33ae, 0x2b4d, 0x2b4e, 0x4474, 0x54d6, 0x54d5, 0x5cd4, 0x548b, 0x5ca9, 0x64ca, 0x4c2c, 0x3bed, 0x3c0c,
0x546a, 0x546a, 0x442a, 0x3bcc, 0x338c, 0x2b4c, 0x230c, 0x230c, 0x230b, 0x3389, 0x4c29, 0x2b49, 0x43ef, 0x6d36, 0x7d77, 0x85b7,
0x8db8, 0x85b7, 0x8db7, 0x8db7, 0x8db7, 0x8db7, 0x95d7, 0x9dd6, 0x8d94, 0x5cf3, 0x54b2, 0x4472, 0x3c31, 0x2bd1, 0x5473, 0x9df7,
0x95d6, 0x95d6, 0x95f6, 0x95d7, 0x8dd7, 0x8db7, 0x8db6, 0x85b6, 0x85b7, 0x85b7, 0x85b7, 0x85d7, 0x9618, 0xae38, 0xa638, 0xa617,
0xa617, 0x9df7, 0x9e16, 0x9e17, 0x9e17, 0x9e17, 0x9e17, 0x9df7, 0x9df7, 0x95f7, 0x9df7, 0x9e17, 0x9e17, 0xa637, 0xa638, 0xa618,
0x9e18, 0x95f8, 0x7d97, 0x7576, 0x7576, 0x64f6, 0x4c75, 0x6d15, 0x8dd6, 0x95f6, 0x95d6, 0x7597, 0x6d77, 0x7577, 0x7576, 0x7d95,
0x85b6, 0x8dd6, 0x8dd6, 0x85b4, 0x85b4, 0x7553, 0x8db4, 0xa634, 0xa634, 0x6515, 0x54f5, 0x6535, 0x8df4, 0x9e15, 0x9e16, 0x9e36,
0xa636, 0xa636, 0x9df4, 0x64f2, 0x4c71, 0x2bb0, 0x7514, 0xae78, 0xa637, 0xa617, 0xa617, 0xa617, 0x9df7, 0x9e37, 0x7534, 0x3bcc,
0x4c4d, 0x442d, 0x440d, 0x3bcd, 0x2b6c, 0x230c, 0x230c, 0x230c, 0x1acc, 0x338e, 0x7d55, 0x95d6, 0x9df7, 0x9df7, 0x9df8, 0x7d76,
0x64f5, 0x8596, 0x8dd7, 0x8dd7, 0x8db7, 0x95d7, 0x9df7, 0x85b6, 0x3c0e, 0x4c6c, 0x3bcd, 0x232d, 0x12cc, 0x4c31, 0x9df7, 0x9e17,
0x9df7, 0x9df7, 0x9e17, 0x7573, 0x4c8d, 0x54ad, 0x3c0d, 0x232c, 0x2b0d, 0x7513, 0x8dd7, 0x95d7, 0x95d7, 0x8db7, 0x8db7, 0x8597,
0x7d97, 0x7d77, 0x7577, 0x7577, 0x7d77, 0x9e17, 0xa617, 0xa617, 0x9e17, 0x9e17, 0x9df7, 0x9df7, 0x95d7, 0x8db8, 0x95b8, 0x95b7,
0x9597, 0x9597, 0x8d97, 0x8d97, 0x8db7, 0x9dd7, 0xa5f6, 0x9dd7, 0x95f7, 0x95f6, 0x8dd7, 0x7d97, 0x7d97, 0x85b7, 0x7d96, 0x7576,
0x7db7, 0x8df7, 0x95f7, 0x95f7, 0x95f7, 0x8dd7, 0x95d7, 0x9df7, 0x9e17, 0x9e17, 0x95f7, 0x8db7, 0x8db7, 0x8db7, 0x8db8, 0x95d8,
0x95d8, 0x95d8, 0x95d8, 0x95d7, 0x95d7, 0x6d34, 0x4cb3, 0x4472, 0x4cb4, 0x7d96, 0x8dd7, 0x8dd7, 0x8dd7, 0x8dd7, 0x8dd7, 0x8dd7,
0x85b7, 0x85b7, 0x85b7, 0x7d97, 0x7d97, 0x8597, 0x8db7, 0x9e17, 0xa637, 0xa637, 0x9e17, 0x9e17, 0x9e17, 0x9e17, 0x9e17, 0x9df7,
0x95f7, 0x95d7, 0x8dd7, 0x95f7, 0x95d7, 0x8db8, 0x95d8, 0x95d7, 0x85b6, 0x5d14, 0x4cb3, 0x4473, 0x6535, 0x7576, 0x8dd7, 0x8dd7,
0x8db7, 0x8db7, 0x95d7, 0x9dd7, 0x95d7, 0x95f7, 0x9df7, 0x95f7, 0x95f7, 0x95f7, 0x95d7, 0x8dd7, 0x8dd7, 0x95d7, 0x95d7, 0x95f7,
0xa639, 0x7553, 0x442b, 0x546c, 0x2b6c, 0x1aec, 0x1acb, 0x1aec, 0x54b4, 0x7577, 0x5cd3, 0x442a, 0x4c2b, 0x2b6d, 0x2b6c, 0x232c,
0x1a6b, 0x1a8b, 0x124a, 0x3bb0, 0x6d77, 0x4c6f, 0x444c, 0x444d, 0x446d, 0x4c6c, 0x442c, 0x446c, 0x54ac, 0x444c, 0x2b8d, 0x2b8c,
0x33ab, 0x3bc9, 0x3bc9, 0x336b, 0x2b4d, 0x5cb3, 0x7db7, 0x64ee, 0x546a, 0x546b, 0x750d, 0x64cc, 0x544a, 0x544a, 0x4c4b, 0x33ac,
0x2b6c, 0x230b, 0x2b8c, 0x3bed, 0x64f3, 0x7556, 0x7577, 0x7577, 0x7577, 0x7576, 0x6d34, 0x54cf, 0x4cb0, 0x5cf5, 0x4471, 0x4470,
0x4491, 0x4cb2, 0x4c91, 0x4c92, 0x4c72, 0x4431, 0x3c11, 0x43ef, 0x4c4f, 0x4c4f, 0x4c71, 0x4c94, 0x5493, 0x6d35, 0x85b5, 0x7552,
0x548b, 0x548c, 0x6d0c, 0x64ab, 0x546a, 0x4c2a, 0x4c2b, 0x2b2c, 0x22cc, 0x43eb, 0x546a, 0x4c0a, 0x440a, 0x338b, 0x1acb, 0x1acb,
0x1aab, 0x22ec, 0x8570, 0x544b, 0x440a, 0x6d0c, 0x5cab, 0x548a, 0x4c2a, 0x3bab, 0x2b6b, 0x2b4c, 0x2b6b, 0x43ea, 0x440a, 0x33cc,
0x6534, 0x85b7, 0x85b7, 0x85b7, 0x8596, 0x8576, 0x7d55, 0x7536, 0x6536, 0x5d16, 0x7d97, 0x95f7, 0x95f6, 0x9df6, 0x9df6, 0x9df6,
0x9df6, 0x9df6, 0xa615, 0x8596, 0x5cf6, 0x4c95, 0x54d6, 0x85b8, 0x95d7, 0x95f7, 0x8dd8, 0x95f7, 0x9df7, 0x85b7, 0x85b8, 0x6d16,
0x6d37, 0x8dd7, 0x95d7, 0x95d7, 0x95f7, 0x7553, 0x444c, 0x54ae, 0x5cad, 0x3c0f, 0x33ef, 0x2b6e, 0x230d, 0x2b4e, 0x64f5, 0x6d36,
0x5cd3, 0x3bec, 0x2bad, 0x234e, 0x232d, 0x22cc, 0x1aab, 0x3bf2, 0x4c71, 0x440c, 0x338d, 0x2b6e, 0x2b2d, 0x1acc, 0x1a8b, 0x336f,
0x6537, 0x6513, 0x546b, 0x4c2c, 0x6cad, 0x544d, 0x43ec, 0x3bcd, 0x2bae, 0x33ae, 0x2b6e, 0x4432, 0x8596, 0x8597, 0x85b7, 0x85b7,
0x7d77, 0x7577, 0x7d97, 0x8db7, 0x95d7, 0x95d7, 0x8dd7, 0x95d6, 0x8dd6, 0x85b6, 0x7556, 0x6516, 0x7556, 0x8596, 0x8596, 0x7d76,
0x8596, 0x95d7, 0x85b6, 0x7d96, 0x64f6, 0x4c75, 0x7d56, 0x95f6, 0x9df6, 0x9df7, 0x9df7, 0x9df7, 0x95f7, 0x85b6, 0x85d6, 0x6512,
0x4471, 0x4451, 0x7554, 0x9e17, 0x9e18, 0x9e17, 0x9e16, 0x8df7, 0x95f7, 0x9df7, 0x9df7, 0x9df7, 0x9df7, 0x95f7, 0x95d7, 0x95d7,
0x8597, 0x95d7, 0x9df7, 0x9df7, 0x8db7, 0x7557, 0x8597, 0x9df7, 0xa617, 0xa617, 0x9df7, 0x95f7, 0x95f7, 0x9df7, 0x7d76, 0x5cf6,
0x7576, 0x8dd7, 0x95f7, 0x9df7, 0x8dd7, 0x7d97, 0x7d97, 0x7d97, 0x8dd8, 0x9e17, 0x9e17, 0x9e17, 0x9df7, 0x95d7, 0x8d97, 0x7d76,
0x6517, 0x6d37, 0x8dd7, 0x95f7, 0x95f7, 0x95d7, 0x95d7, 0x9df7, 0xa617, 0x95b7, 0x8db7, 0x95f7, 0x95f7, 0x95f7, 0x95f7, 0x8597,
0x7d97, 0x9618, 0x9e38, 0x9e17, 0x85b8, 0x7d78, 0x7d78, 0x7557, 0x8597, 0x9df7, 0x9df7, 0x9e18, 0x9e38, 0x9618, 0x6514, 0x5ccd,
0x5cab, 0x4c4b, 0x43ea, 0x2309, 0x1249, 0x2b2e, 0x85b8, 0x8597, 0x7d97, 0x7578, 0x64f4, 0x548d, 0x4c69, 0x4c6a, 0x548b, 0x6ccd,
0x648a, 0x5c69, 0x5c69, 0x33ab, 0x2b8c, 0x2b6c, 0x2b8c, 0x2b8c, 0x33ac, 0x7575, 0x7531, 0x5caa, 0x5ccb, 0x5cab, 0x440c, 0x440b,
0x442b, 0x3c0b, 0x3bec, 0x234d, 0x234d, 0x2b6c, 0x2b8c, 0x2b6c, 0x33ab, 0x64ea, 0x7d8b, 0x7dac, 0x6d2c, 0x5cab, 0x33cb, 0x33ab,
0x33ac, 0x3bcc, 0x336b, 0x5c69, 0x6ce9, 0x6d29, 0x6509, 0x4c4a, 0x43e9, 0x3baa, 0x338a, 0x2b8a, 0x2b6a, 0x2b6a, 0x230a, 0x230a,
0x3beb, 0x5c69, 0x6cc8, 0x6489, 0x2b4a, 0x230b, 0x232b, 0x2b8a, 0x2b6b, 0x1acb, 0x1aeb, 0x12cb, 0x548c, 0x85ab, 0x95cb, 0x64cb,
0x5caa, 0x54ab, 0x33eb, 0x2bac, 0x442c, 0x54ac, 0x4c8c, 0x33cb, 0x2b6b, 0x338a, 0x3bc9, 0x2b4a, 0x22ca, 0x22ca, 0x1249, 0x336e,
0x6577, 0x4c4b, 0x3bc9, 0x3349, 0x43e9, 0x336a, 0x1aaa, 0x230a, 0x1a8a, 0x1a6a, 0x1a8a, 0x126a, 0x3bcb, 0x64ec, 0x64ca, 0x546b,
0x442c, 0x3c0c, 0x4c4b, 0x3bcc, 0x236c, 0x2b8c, 0x2b6b, 0x2b4c, 0x2b2c, 0x22ec, 0x2b4d, 0x4431, 0x6d35, 0x6d35, 0x6d14, 0x64f0,
0x5c8b, 0x546b, 0x4c2e, 0x33ae, 0x2b4d, 0x2b4e, 0x4474, 0x54d6, 0x54d5, 0x5cd4, 0x548b, 0x5ca9, 0x64ca, 0x4c2c, 0x3bed, 0x3c0c,
0x546a, 0x546a, 0x442a, 0x3bcc, 0x338c, 0x2b4c, 0x230c, 0x230c, 0x230b, 0x3389, 0x4c29, 0x2b49, 0x43ef, 0x6d36, 0x7d77, 0x85b7,
0x8db8, 0x85b7, 0x8db7, 0x8db7, 0x8db7, 0x8db7, 0x95d7, 0x9dd6, 0x8d94, 0x5cf3, 0x54b2, 0x4472, 0x3c31, 0x2bd1, 0x5473, 0x9df7,
0x95d6, 0x95d6, 0x95f6, 0x95d7, 0x8dd7, 0x8db7, 0x8db6, 0x85b6, 0x85b7, 0x85b7, 0x85b7, 0x85d7, 0x9618, 0xae38, 0xa638, 0xa617,
0xa617, 0x9df7, 0x9e16, 0x9e17, 0x9e17, 0x9e17, 0x9e17, 0x9df7, 0x9df7, 0x95f7, 0x9df7, 0x9e17, 0x9e17, 0xa637, 0xa638, 0xa618,
0x9e18, 0x95f8, 0x7d97, 0x7576, 0x7576, 0x64f6, 0x4c75, 0x6d15, 0x8dd6, 0x95f6, 0x95d6, 0x7597, 0x6d77, 0x7577, 0x7576, 0x7d95,
0x85b6, 0x8dd6, 0x8dd6, 0x85b4, 0x85b4, 0x7553, 0x8db4, 0xa634, 0xa634, 0x6515, 0x54f5, 0x6535, 0x8df4, 0x9e15, 0x9e16, 0x9e36,
0xa636, 0xa636, 0x9df4, 0x64f2, 0x4c71, 0x2bb0, 0x7514, 0xae78, 0xa637, 0xa617, 0xa617, 0xa617, 0x9df7, 0x9e37, 0x7534, 0x3bcc,
0x4c4d, 0x442d, 0x440d, 0x3bcd, 0x2b6c, 0x230c, 0x230c, 0x230c, 0x1acc, 0x338e, 0x7d55, 0x95d6, 0x9df7, 0x9df7, 0x9df8, 0x7d76,
0x64f5, 0x8596, 0x8dd7, 0x8dd7, 0x8db7, 0x95d7, 0x9df7, 0x85b6, 0x3c0e, 0x4c6c, 0x3bcd, 0x232d, 0x12cc, 0x4c31, 0x9df7, 0x9e17,
0x9df7, 0x9df7, 0x9e17, 0x7573, 0x4c8d, 0x54ad, 0x3c0d, 0x232c, 0x2b0d, 0x7513, 0x8dd7, 0x95d7, 0x95d7, 0x8db7, 0x8db7, 0x8597,
0x7d97, 0x7d77, 0x7577, 0x7577, 0x7d77, 0x9e17, 0xa617, 0xa617, 0x9e17, 0x9e17, 0x9df7, 0x9df7, 0x95d7, 0x8db8, 0x95b8, 0x95b7,
0x9597, 0x9597, 0x8d97, 0x8d97, 0x8db7, 0x9dd7, 0xa5f6, 0x9dd7, 0x95f7, 0x95f6, 0x8dd7, 0x7d97, 0x7d97, 0x85b7, 0x7d96, 0x7576,
0x7db7, 0x8df7, 0x95f7, 0x95f7, 0x95f7, 0x8dd7, 0x95d7, 0x9df7, 0x9e17, 0x9e17, 0x95f7, 0x8db7, 0x8db7, 0x8db7, 0x8db8, 0x95d8,
0x95d8, 0x95d8, 0x95d8, 0x95d7, 0x95d7, 0x6d34, 0x4cb3, 0x4472, 0x4cb4, 0x7d96, 0x8dd7, 0x8dd7, 0x8dd7, 0x8dd7, 0x8dd7, 0x8dd7,
0x85b7, 0x85b7, 0x85b7, 0x7d97, 0x7d97, 0x8597, 0x8db7, 0x9e17, 0xa637, 0xa637, 0x9e17, 0x9e17, 0x9e17, 0x9e17, 0x9e17, 0x9df7,

/* -42- */
0x442b, 0x444b, 0x43eb, 0x4c2a, 0x4c29, 0x336a, 0x2b6b, 0x232a, 0x1aaa, 0x1aaa, 0x1aca, 0x1aea, 0x3bea, 0x5cca, 0x6d2a, 0x7d8a,
0x650a, 0x3beb, 0x234b, 0x3c0b, 0x64c9, 0x5ce9, 0x444a, 0x442a, 0x4409, 0x4409, 0x4409, 0x336a, 0x1aab, 0x1aab, 0x1a8b, 0x230b,
0x3bed, 0x4c6a, 0x43e9, 0x43e9, 0x3baa, 0x232a, 0x232a, 0x232a, 0x1a8a, 0x1a6a, 0x1a8a, 0x1249, 0x3bcb, 0x4c6c, 0x442b, 0x4c4b,
0x440c, 0x440c, 0x2b4c, 0x2b4c, 0x2b8c, 0x338c, 0x2b4c, 0x22cc, 0x22ec, 0x2b0c, 0x230c, 0x3bcf, 0x7535, 0x7533, 0x5cac, 0x5cac,
0x64cc, 0x442c, 0x33ee, 0x33ce, 0x2b6d, 0x22ec, 0x230d, 0x5cd5, 0x5cf3, 0x4c4b, 0x64cb, 0x6d0a, 0x6d0a, 0x64cb, 0x64aa, 0x4c2b,
0x3bcc, 0x3bac, 0x2b4c, 0x232c, 0x1aec, 0x1aec, 0x230c, 0x1aec, 0x2b2a, 0x4be8, 0x2b29, 0x334a, 0x22ca, 0x230d, 0x7577, 0x85b8,
0x8dd8, 0x6d37, 0x6d36, 0x7d77, 0x95d8, 0x8dd8, 0x95d8, 0x7d76, 0x5cf3, 0x54d3, 0x54b3, 0x4473, 0x3c52, 0x33d1, 0x4c53, 0x7537,
0x8597, 0x8db7, 0x95d6, 0x8dd7, 0x85b7, 0x8597, 0x7556, 0x6536, 0x6d56, 0x95f7, 0x8dd7, 0x7597, 0x7d97, 0x95f7, 0x9e17, 0x9df7,
0x8597, 0x64f6, 0x7d97, 0x95f7, 0xa617, 0x9e17, 0x8dd7, 0x7d97, 0x85b8, 0x95d7, 0x9df7, 0x9e17, 0x9df7, 0x9df7, 0x95d7, 0x95f7,
0x95d7, 0x8dd7, 0x8dd7, 0x8dd7, 0x7d77, 0x54b5, 0x5494, 0x5494, 0x7536, 0x95f7, 0xa637, 0x9e18, 0x9618, 0x7d97, 0x7d97, 0x85b7,
0x7576, 0x7576, 0x85b6, 0x8dd6, 0x95f6, 0x95f6, 0x9e16, 0x95f6, 0x95f6, 0x95d7, 0x95f6, 0x9e16, 0x95f6, 0x95f6, 0x9e16, 0x9e16,
0x9e17, 0x7534, 0x5490, 0x4c70, 0x3c10, 0x33cf, 0x2b90, 0x7d56, 0x9e17, 0x95d7, 0x95d7, 0x8dd7, 0x8576, 0x8596, 0x5cb1, 0x444d,
0x442d, 0x3bed, 0x3bee, 0x33ad, 0x33ad, 0x33ce, 0x2bad, 0x232d, 0x2b2d, 0x4c51, 0x2b6f, 0x64d4, 0x9e18, 0x95d8, 0x8596, 0x5493,
0x4c52, 0x4c53, 0x5cd4, 0x8dd7, 0x8dd7, 0x8dd7, 0x8db7, 0x7575, 0x3c0f, 0x3bee, 0x33ce, 0x2bad, 0x232d, 0x1acd, 0x5453, 0x9619,
0x85b8, 0x85d8, 0x5cf4, 0x442d, 0x4c8d, 0x3bed, 0x2b6d, 0x1acc, 0x1aac, 0x22ed, 0x8576, 0x8dd7, 0x8577, 0x7557, 0x7d77, 0x8597,
0x8db8, 0x95d8, 0x95f8, 0xa638, 0xa638, 0x9df7, 0x9df7, 0x9df7, 0x95f7, 0x95f8, 0x95f7, 0x95d7, 0x8db7, 0x6d37, 0x64f6, 0x7537,
0x95d7, 0x95b7, 0x95b7, 0x95f7, 0x9e17, 0x9df7, 0x9df7, 0x9e17, 0x9e17, 0x9617, 0x6d56, 0x54d6, 0x54d5, 0x5cf5, 0x7d96, 0x6515,
0x5cd5, 0x6d16, 0x9618, 0x9e18, 0x9e17, 0x7d97, 0x7577, 0x7d77, 0x8577, 0x8577, 0x7d77, 0x8577, 0x7537, 0x6d17, 0x7557, 0x8db8,
0x8db8, 0x8db8, 0x8db7, 0x95d7, 0x6d33, 0x5d12, 0x54f3, 0x4493, 0x4473, 0x3c32, 0x64f5, 0x95f8, 0x8dd7, 0x95f8, 0x95d7, 0x7d77,
0x7557, 0x7577, 0x7557, 0x8597, 0x8df7, 0x95f7, 0x9617, 0x9e17, 0x9e17, 0x7d77, 0x7537, 0x6d36, 0x7557, 0x8dd8, 0x9df8, 0x95f8,
0x7557, 0x6516, 0x64f6, 0x8597, 0x95f8, 0x8597, 0x7536, 0x6d35, 0x5d14, 0x5d14, 0x4c93, 0x4433, 0x4433, 0x4c73, 0x8db7, 0x95d7,
0x8dd7, 0x8db7, 0x8db7, 0x8d97, 0x7d77, 0x7577, 0x7d98, 0x95f7, 0x95f7, 0x7d97, 0x7537, 0x6516, 0x6d16, 0x7d97, 0x85b7, 0x8dd7,
0x95f8, 0x6d12, 0x43ea, 0x4c0b, 0x2b4c, 0x232b, 0x1acb, 0x1a8b, 0x1acd, 0x6516, 0x5cd3, 0x4c2b, 0x4c4c, 0x2b6e, 0x2b8d, 0x2b4c,
0x1aab, 0x1a8b, 0x124a, 0x3bb0, 0x6d56, 0x3c0c, 0x442b, 0x54ab, 0x752a, 0x6d0a, 0x442b, 0x236d, 0x2bcc, 0x2bac, 0x2bac, 0x442a,
0x4409, 0x43c9, 0x230b, 0x1acb, 0x1aab, 0x2b4c, 0x5ccc, 0x650b, 0x64eb, 0x442b, 0x442b, 0x4c2b, 0x4c2b, 0x33cb, 0x2b8c, 0x236c,
0x33ec, 0x3c0b, 0x2bac, 0x232c, 0x1b0c, 0x3bf0, 0x7598, 0x7557, 0x6d36, 0x54b0, 0x5ccf, 0x64cf, 0x4c4f, 0x3bf0, 0x3c0f, 0x3c2f,
0x3c30, 0x3c30, 0x3410, 0x2bcf, 0x2baf, 0x2bd0, 0x2bb0, 0x2b6d, 0x338b, 0x33ab, 0x2bad, 0x2bd0, 0x2bd0, 0x3c51, 0x33ec, 0x33ca,
0x442a, 0x4c6b, 0x4c4b, 0x4c4b, 0x544a, 0x43cb, 0x230d, 0x33ab, 0x43ea, 0x4c2a, 0x4c2a, 0x2b6b, 0x2b4b, 0x1aeb, 0x1acb, 0x1aec,
0x232c, 0x3bab, 0x4c6b, 0x548a, 0x5caa, 0x33ab, 0x3bcc, 0x444b, 0x3bcb, 0x232c, 0x1b2d, 0x234c, 0x2b8b, 0x2b6b, 0x3bcb, 0x22eb,
0x3bb0, 0x7db7, 0x8597, 0x7d97, 0x7d76, 0x7556, 0x7d55, 0x5cd5, 0x4c94, 0x4c54, 0x4c94, 0x8dd7, 0x9df7, 0x8dd7, 0x7d97, 0x7d77,
0x7d77, 0x7d77, 0x7577, 0x6d36, 0x5d15, 0x4473, 0x4c94, 0x85b7, 0x8dd7, 0x95d7, 0x8dd7, 0x85b7, 0x7d97, 0x6d36, 0x5cb3, 0x4c51,
0x4433, 0x64f6, 0x8db8, 0x8597, 0x5471, 0x5c8d, 0x5ccd, 0x442d, 0x3bee, 0x33ee, 0x33ee, 0x2b8e, 0x230d, 0x230d, 0x33b0, 0x7556,
0x64f4, 0x442d, 0x3bee, 0x2bae, 0x232d, 0x22ec, 0x1acb, 0x3c32, 0x4c92, 0x440d, 0x2b4d, 0x2b4d, 0x232d, 0x1aab, 0x1a6a, 0x334e,
0x54b5, 0x442d, 0x64ca, 0x4c4c, 0x43ed, 0x3bed, 0x236d, 0x2b6d, 0x2bae, 0x2b8e, 0x2b6e, 0x232d, 0x6d15, 0x95f8, 0x7d76, 0x5cb4,
0x6d36, 0x7557, 0x6537, 0x8db7, 0x9df7, 0x95d7, 0x8df7, 0x6d76, 0x6d15, 0x5cd4, 0x5cf5, 0x54d5, 0x54b4, 0x54d5, 0x6d57, 0x6d56,
0x7577, 0x64b2, 0x5cd3, 0x6d36, 0x5cb5, 0x54b5, 0x7557, 0x8dd7, 0x9df7, 0x95f7, 0x8dd8, 0x7d97, 0x7d76, 0x7575, 0x5cd1, 0x54d0,
0x4c90, 0x3c10, 0x2b8f, 0x5cd4, 0x9618, 0x85b7, 0x7d97, 0x7597, 0x8597, 0x8d97, 0x8db7, 0x8597, 0x8597, 0x8597, 0x8db7, 0x8597,
0x8597, 0x7d97, 0x7d77, 0x8db7, 0x8597, 0x6d36, 0x6d56, 0x6d56, 0x8597, 0x9e17, 0x95f7, 0x95f7, 0x95d7, 0x7556, 0x6536, 0x5cf6,
0x5cf6, 0x6516, 0x7577, 0x8dd7, 0x95d7, 0x7d97, 0x6d57, 0x6d57, 0x6d57, 0x7556, 0x8db6, 0x85b6, 0x8db6, 0x8db7, 0x7d77, 0x6d16,
0x5cd6, 0x54d6, 0x54d6, 0x7d97, 0x95f7, 0x8dd7, 0x8db7, 0x8db7, 0x8db7, 0x8db7, 0x8597, 0x85b7, 0x8597, 0x8597, 0x8597, 0x7557,
0x6d37, 0x7557, 0x7537, 0x8dd7, 0x8df8, 0x85b8, 0x7557, 0x6516, 0x6d37, 0x7557, 0x85b8, 0x95f8, 0x95f8, 0x8dd8, 0x5cd1, 0x5ccc,
0x548b, 0x442b, 0x442a, 0x334a, 0x1249, 0x336f, 0x7d98, 0x7557, 0x7577, 0x7599, 0x5491, 0x4c2b, 0x5cae, 0x64cd, 0x4c48, 0x4c48,
0x440b, 0x3bcb, 0x3bcb, 0x2b6c, 0x236d, 0x232c, 0x1b0c, 0x232c, 0x3bec, 0x546b, 0x5c8b, 0x5c8b, 0x5c8a, 0x546b, 0x440b, 0x4c2a,
0x3bcb, 0x232c, 0x234c, 0x33ab, 0x33cb, 0x234c, 0x2b6c, 0x33cb, 0x3c0b, 0x4c6a, 0x548b, 0x548a, 0x54ab, 0x548b, 0x33cc, 0x33ec,
0x2bac, 0x2b6c, 0x33ec, 0x4c6a, 0x5caa, 0x548a, 0x442a, 0x2b4a, 0x22eb, 0x3b8a, 0x3b8a, 0x12aa, 0x1aea, 0x230a, 0x230a, 0x232a,
0x442b, 0x444b, 0x43eb, 0x4c2a, 0x4c29, 0x336a, 0x2b6b, 0x232a, 0x1aaa, 0x1aaa, 0x1aca, 0x1aea, 0x3bea, 0x5cca, 0x6d2a, 0x7d8a,
0x650a, 0x3beb, 0x234b, 0x3c0b, 0x64c9, 0x5ce9, 0x444a, 0x442a, 0x4409, 0x4409, 0x4409, 0x336a, 0x1aab, 0x1aab, 0x1a8b, 0x230b,
0x3bed, 0x4c6a, 0x43e9, 0x43e9, 0x3baa, 0x232a, 0x232a, 0x232a, 0x1a8a, 0x1a6a, 0x1a8a, 0x1249, 0x3bcb, 0x4c6c, 0x442b, 0x4c4b,
0x440c, 0x440c, 0x2b4c, 0x2b4c, 0x2b8c, 0x338c, 0x2b4c, 0x22cc, 0x22ec, 0x2b0c, 0x230c, 0x3bcf, 0x7535, 0x7533, 0x5cac, 0x5cac,
0x64cc, 0x442c, 0x33ee, 0x33ce, 0x2b6d, 0x22ec, 0x230d, 0x5cd5, 0x5cf3, 0x4c4b, 0x64cb, 0x6d0a, 0x6d0a, 0x64cb, 0x64aa, 0x4c2b,
0x3bcc, 0x3bac, 0x2b4c, 0x232c, 0x1aec, 0x1aec, 0x230c, 0x1aec, 0x2b2a, 0x4be8, 0x2b29, 0x334a, 0x22ca, 0x230d, 0x7577, 0x85b8,
0x8dd8, 0x6d37, 0x6d36, 0x7d77, 0x95d8, 0x8dd8, 0x95d8, 0x7d76, 0x5cf3, 0x54d3, 0x54b3, 0x4473, 0x3c52, 0x33d1, 0x4c53, 0x7537,
0x8597, 0x8db7, 0x95d6, 0x8dd7, 0x85b7, 0x8597, 0x7556, 0x6536, 0x6d56, 0x95f7, 0x8dd7, 0x7597, 0x7d97, 0x95f7, 0x9e17, 0x9df7,
0x8597, 0x64f6, 0x7d97, 0x95f7, 0xa617, 0x9e17, 0x8dd7, 0x7d97, 0x85b8, 0x95d7, 0x9df7, 0x9e17, 0x9df7, 0x9df7, 0x95d7, 0x95f7,
0x95d7, 0x8dd7, 0x8dd7, 0x8dd7, 0x7d77, 0x54b5, 0x5494, 0x5494, 0x7536, 0x95f7, 0xa637, 0x9e18, 0x9618, 0x7d97, 0x7d97, 0x85b7,
0x7576, 0x7576, 0x85b6, 0x8dd6, 0x95f6, 0x95f6, 0x9e16, 0x95f6, 0x95f6, 0x95d7, 0x95f6, 0x9e16, 0x95f6, 0x95f6, 0x9e16, 0x9e16,
0x9e17, 0x7534, 0x5490, 0x4c70, 0x3c10, 0x33cf, 0x2b90, 0x7d56, 0x9e17, 0x95d7, 0x95d7, 0x8dd7, 0x8576, 0x8596, 0x5cb1, 0x444d,
0x442d, 0x3bed, 0x3bee, 0x33ad, 0x33ad, 0x33ce, 0x2bad, 0x232d, 0x2b2d, 0x4c51, 0x2b6f, 0x64d4, 0x9e18, 0x95d8, 0x8596, 0x5493,
0x4c52, 0x4c53, 0x5cd4, 0x8dd7, 0x8dd7, 0x8dd7, 0x8db7, 0x7575, 0x3c0f, 0x3bee, 0x33ce, 0x2bad, 0x232d, 0x1acd, 0x5453, 0x9619,
0x85b8, 0x85d8, 0x5cf4, 0x442d, 0x4c8d, 0x3bed, 0x2b6d, 0x1acc, 0x1aac, 0x22ed, 0x8576, 0x8dd7, 0x8577, 0x7557, 0x7d77, 0x8597,
0x8db8, 0x95d8, 0x95f8, 0xa638, 0xa638, 0x9df7, 0x9df7, 0x9df7, 0x95f7, 0x95f8, 0x95f7, 0x95d7, 0x8db7, 0x6d37, 0x64f6, 0x7537,
0x95d7, 0x95b7, 0x95b7, 0x95f7, 0x9e17, 0x9df7, 0x9df7, 0x9e17, 0x9e17, 0x9617, 0x6d56, 0x54d6, 0x54d5, 0x5cf5, 0x7d96, 0x6515,
0x5cd5, 0x6d16, 0x9618, 0x9e18, 0x9e17, 0x7d97, 0x7577, 0x7d77, 0x8577, 0x8577, 0x7d77, 0x8577, 0x7537, 0x6d17, 0x7557, 0x8db8,
0x8db8, 0x8db8, 0x8db7, 0x95d7, 0x6d33, 0x5d12, 0x54f3, 0x4493, 0x4473, 0x3c32, 0x64f5, 0x95f8, 0x8dd7, 0x95f8, 0x95d7, 0x7d77,
0x7557, 0x7577, 0x7557, 0x8597, 0x8df7, 0x95f7, 0x9617, 0x9e17, 0x9e17, 0x7d77, 0x7537, 0x6d36, 0x7557, 0x8dd8, 0x9df8, 0x95f8,

/* -43- */
0x4c8b, 0x3c0c, 0x234c, 0x3beb, 0x4c29, 0x2b6b, 0x234b, 0x22ea, 0x128a, 0x128b, 0x232b, 0x548a, 0x548a, 0x5caa, 0x64ea, 0x6d2a,
0x650a, 0x440b, 0x2b6b, 0x440b, 0x64c9, 0x5cc9, 0x4c69, 0x2b4a, 0x2b4a, 0x232b, 0x230b, 0x22eb, 0x1aab, 0x1a8b, 0x1a6a, 0x22eb,
0x3beb, 0x4c28, 0x43e9, 0x3be9, 0x2b6a, 0x230b, 0x232a, 0x230a, 0x1a6a, 0x1a6a, 0x1a6a, 0x1a4a, 0x2b4b, 0x33cc, 0x440c, 0x3bec,
0x236c, 0x1b4b, 0x12eb, 0x12ec, 0x1b0b, 0x12eb, 0x12ab, 0x126b, 0x126b, 0x128b, 0x12cc, 0x238f, 0x33f0, 0x444d, 0x5cac, 0x64cc,
0x64ec, 0x4c4c, 0x2bce, 0x33ce, 0x33ae, 0x232d, 0x232d, 0x3bf0, 0x548e, 0x5cab, 0x64eb, 0x64eb, 0x548b, 0x548b, 0x754a, 0x64ea,
0x3bcc, 0x2b6c, 0x43eb, 0x4c2b, 0x442b, 0x442b, 0x33ca, 0x2b8a, 0x2b6a, 0x22ea, 0x1a8a, 0x1aaa, 0x1a6a, 0x22ed, 0x7598, 0x6d57,
0x6537, 0x5d16, 0x5d16, 0x6516, 0x6d77, 0x7db8, 0x85d8, 0x6d55, 0x54b3, 0x54d4, 0x4c93, 0x3c52, 0x3c31, 0x33b0, 0x33b0, 0x43f2,
0x6d57, 0x7577, 0x7d77, 0x85b7, 0x8db7, 0x7577, 0x6537, 0x5cf6, 0x5d16, 0x7577, 0x6d36, 0x6516, 0x6d57, 0x95f8, 0x9e18, 0x85b7,
0x64f6, 0x5cb5, 0x6516, 0x8dd7, 0x9df7, 0x9e17, 0x95d7, 0x6d36, 0x6d37, 0x85b6, 0x95d6, 0x9e16, 0x9df6, 0x9df7, 0x95d7, 0x8db7,
0x95d7, 0x95d7, 0x8597, 0x6d36, 0x6515, 0x54d5, 0x5494, 0x5494, 0x4c94, 0x7d76, 0xa658, 0x9e18, 0x8df8, 0x6d57, 0x6536, 0x6d36,
0x6d36, 0x6d56, 0x95f7, 0x8db6, 0x7d96, 0x7576, 0x7576, 0x7556, 0x6515, 0x7d76, 0x8596, 0x85b6, 0x95f7, 0x9e17, 0x85b7, 0x7536,
0x6cf5, 0x6d12, 0x5cee, 0x4450, 0x3c0f, 0x33af, 0x2b8f, 0x33b0, 0x4c53, 0x85b7, 0x7577, 0x6d57, 0x6535, 0x4c4f, 0x4c6e, 0x5ccc,
0x54cc, 0x3c0e, 0x234e, 0x33ce, 0x3c0d, 0x33cd, 0x2b4d, 0x230c, 0x230c, 0x2b2d, 0x1acc, 0x4c52, 0x85b7, 0x7555, 0x54d2, 0x4c71,
0x4c52, 0x4c52, 0x4432, 0x5cb4, 0x85b7, 0x85b7, 0x7d97, 0x7555, 0x33ce, 0x33ad, 0x2b8d, 0x2b6c, 0x22cc, 0x1a8b, 0x3bd1, 0x7577,
0x6d57, 0x7598, 0x4c93, 0x442c, 0x5cac, 0x33cc, 0x33ad, 0x2b4d, 0x1acc, 0x230d, 0x6d56, 0x7577, 0x6d36, 0x6536, 0x7577, 0x9dd8,
0x8597, 0x7d77, 0x7577, 0x7d77, 0x8db7, 0x9df7, 0x9e18, 0x9e18, 0x95f8, 0x9df8, 0x95f8, 0x7597, 0x6536, 0x5cf5, 0x4cb4, 0x54d5,
0x6d16, 0x7556, 0x95d7, 0x95f7, 0x95f7, 0x8df8, 0x9618, 0x7db7, 0x6536, 0x6d55, 0x5d16, 0x54d6, 0x54d5, 0x4cb5, 0x5cd4, 0x54b3,
0x4c53, 0x4c94, 0x6d36, 0x8597, 0x95d7, 0x7556, 0x6536, 0x7576, 0x8db6, 0x95b7, 0x7536, 0x5cf6, 0x5cd5, 0x6516, 0x7d77, 0x7d77,
0x7577, 0x7d98, 0x7576, 0x6513, 0x5cf2, 0x54d1, 0x4cb2, 0x4452, 0x3bf1, 0x3bd1, 0x4412, 0x6d36, 0x85b7, 0x6d36, 0x6d36, 0x6d16,
0x7557, 0x7557, 0x6d37, 0x7557, 0x8dd7, 0x8df7, 0x8df7, 0x8dd6, 0x7d96, 0x6516, 0x5cd6, 0x5cd5, 0x5cf6, 0x8597, 0x95f8, 0x85b7,
0x5cd6, 0x54d5, 0x54d5, 0x6536, 0x7576, 0x6d36, 0x6535, 0x6534, 0x5d33, 0x54d3, 0x4c53, 0x4453, 0x4453, 0x4453, 0x5cf5, 0x6515,
0x6536, 0x7d97, 0x8597, 0x7d97, 0x7556, 0x6d37, 0x7598, 0x7db7, 0x7597, 0x7577, 0x6536, 0x5cf6, 0x5cf6, 0x5cf6, 0x6d77, 0x7d97,
0x85d8, 0x6d12, 0x3bea, 0x43eb, 0x338c, 0x232c, 0x1aab, 0x1a8b, 0x128b, 0x5cd5, 0x54b3, 0x2bad, 0x33cd, 0x2b8e, 0x232d, 0x22ec,
0x1aab, 0x1aab, 0x1aab, 0x2b4d, 0x4c8f, 0x446c, 0x4c8c, 0x5ccb, 0x6d2a, 0x6d2a, 0x444b, 0x236d, 0x4c8a, 0x54aa, 0x4c6a, 0x3beb,
0x2b8b, 0x336a, 0x22eb, 0x1acb, 0x1a8b, 0x2b2b, 0x54aa, 0x5ceb, 0x5ccb, 0x4c6b, 0x548b, 0x3bcc, 0x236c, 0x33cc, 0x442b, 0x3beb,
0x3c2b, 0x3c4b, 0x33ab, 0x1aec, 0x1aec, 0x2b6e, 0x4c93, 0x6d37, 0x5cd5, 0x446e, 0x446c, 0x442d, 0x3c0f, 0x3bef, 0x33cf, 0x33cf,
0x23cf, 0x2baf, 0x8c6e, 0xa48e, 0xac8e, 0xac8e, 0xac8d, 0xac6c, 0xa46c, 0xac6c, 0xac8d, 0xacae, 0xacaf, 0xacaf, 0xac8d, 0xb48c,
0x73eb, 0x2b2a, 0x33ab, 0x3c0b, 0x440b, 0x338c, 0x230d, 0x3bca, 0x440a, 0x3baa, 0x2b2b, 0x2b4b, 0x2b2b, 0x1aab, 0x1aab, 0x1a8b,
0x338b, 0x54ab, 0x4c6b, 0x6d2a, 0x85aa, 0x440c, 0x33ac, 0x2b8c, 0x442b, 0x442a, 0x3c0b, 0x33eb, 0x2b8b, 0x1acb, 0x1acb, 0x1a8b,
0x230d, 0x5cf5, 0x6516, 0x6516, 0x7557, 0x6516, 0x54b5, 0x5495, 0x4c74, 0x4453, 0x4c54, 0x64f5, 0x6d36, 0x7d97, 0x7d97, 0x7577,
0x7577, 0x7557, 0x6d36, 0x5cf5, 0x5cf4, 0x4452, 0x4432, 0x5493, 0x5cd4, 0x8dd7, 0x8dd7, 0x85b7, 0x5d16, 0x4c72, 0x4450, 0x4430,
0x4432, 0x4c74, 0x7d77, 0x7d97, 0x4c70, 0x548c, 0x5ccc, 0x4c4c, 0x33ee, 0x33ce, 0x2b8e, 0x2b6d, 0x2b4e, 0x232e, 0x2b4e, 0x4c72,
0x5cf3, 0x442d, 0x3c2e, 0x33ad, 0x22ec, 0x22cc, 0x1aab, 0x3c11, 0x4452, 0x2b6c, 0x2b4d, 0x232c, 0x1aac, 0x1aab, 0x1a6b, 0x22ec,
0x4470, 0x4c6c, 0x64ec, 0x5cad, 0x4c4f, 0x442e, 0x33ed, 0x33ed, 0x2bad, 0x230c, 0x230d, 0x232d, 0x4c52, 0x6d16, 0x6d15, 0x3c32,
0x4452, 0x5cd5, 0x54f6, 0x6536, 0x7d97, 0x7597, 0x6556, 0x5cf5, 0x5cb3, 0x43f1, 0x5473, 0x5c93, 0x5c72, 0x5c72, 0x5cb4, 0x5473,
0x5452, 0x542e, 0x4c2e, 0x5494, 0x5cf6, 0x5cd5, 0x5cd5, 0x6d57, 0x7db8, 0x7598, 0x7d98, 0x7d98, 0x6515, 0x4c71, 0x4c6f, 0x4c8f,
0x4c4f, 0x3bcf, 0x336f, 0x3bb0, 0x5473, 0x6d56, 0x7597, 0x7597, 0x7557, 0x7d57, 0x8db7, 0x8dd8, 0x85b7, 0x7d77, 0x6d36, 0x6516,
0x7576, 0x7d97, 0x6d57, 0x5d16, 0x5d16, 0x6516, 0x6516, 0x5cf6, 0x6536, 0x7d97, 0x85b7, 0x85d7, 0x8597, 0x6536, 0x6516, 0x5cf6,
0x54d5, 0x5cd5, 0x7557, 0x85b7, 0x85b7, 0x6d57, 0x54b5, 0x4c95, 0x4c94, 0x4c94, 0x5491, 0x4c71, 0x6d57, 0x6d37, 0x6d37, 0x6d37,
0x5cd6, 0x5cd6, 0x54d5, 0x5cf6, 0x6d56, 0x85d7, 0x85b7, 0x7d97, 0x7d97, 0x7d77, 0x7d97, 0x85b7, 0x7d97, 0x7d97, 0x7577, 0x6516,
0x64f6, 0x64f6, 0x5cf6, 0x7d97, 0x8df8, 0x7db7, 0x6d37, 0x54d6, 0x5cf6, 0x6536, 0x6d77, 0x6d77, 0x6d77, 0x6537, 0x4c2b, 0x5469,
0x546b, 0x440b, 0x33aa, 0x1aca, 0x1a8a, 0x1aab, 0x4c53, 0x7db9, 0x6d35, 0x54b0, 0x4c8e, 0x4c6e, 0x64f3, 0x6cef, 0x64c9, 0x5cc9,
0x3bcc, 0x2b8d, 0x440b, 0x4c6b, 0x3c2c, 0x33ec, 0x33cc, 0x2b8c, 0x2b6b, 0x3baa, 0x4c2a, 0x5caa, 0x546b, 0x2b8c, 0x440b, 0x546a,
0x4c0a, 0x234c, 0x236c, 0x4428, 0x4448, 0x232c, 0x338c, 0x5cca, 0x54aa, 0x4c6a, 0x546a, 0x548a, 0x3c0b, 0x2b6c, 0x2b8c, 0x2b6c,
0x33ab, 0x4c49, 0x4c49, 0x3c0a, 0x33cb, 0x2b8a, 0x33a9, 0x1aea, 0x128b, 0x2b2a, 0x2b2a, 0x12aa, 0x1ae9, 0x2309, 0x1aca, 0x1aea,
0x4c8b, 0x3c0c, 0x234c, 0x3beb, 0x4c29, 0x2b6b, 0x234b, 0x22ea, 0x128a, 0x128b, 0x232b, 0x548a, 0x548a, 0x5caa, 0x64ea, 0x6d2a,
0x650a, 0x440b, 0x2b6b, 0x440b, 0x64c9, 0x5cc9, 0x4c69, 0x2b4a, 0x2b4a, 0x232b, 0x230b, 0x22eb, 0x1aab, 0x1a8b, 0x1a6a, 0x22eb,
0x3beb, 0x4c28, 0x43e9, 0x3be9, 0x2b6a, 0x230b, 0x232a, 0x230a, 0x1a6a, 0x1a6a, 0x1a6a, 0x1a4a, 0x2b4b, 0x33cc, 0x440c, 0x3bec,
0x236c, 0x1b4b, 0x12eb, 0x12ec, 0x1b0b, 0x12eb, 0x12ab, 0x126b, 0x126b, 0x128b, 0x12cc, 0x238f, 0x33f0, 0x444d, 0x5cac, 0x64cc,
0x64ec, 0x4c4c, 0x2bce, 0x33ce, 0x33ae, 0x232d, 0x232d, 0x3bf0, 0x548e, 0x5cab, 0x64eb, 0x64eb, 0x548b, 0x548b, 0x754a, 0x64ea,
0x3bcc, 0x2b6c, 0x43eb, 0x4c2b, 0x442b, 0x442b, 0x33ca, 0x2b8a, 0x2b6a, 0x22ea, 0x1a8a, 0x1aaa, 0x1a6a, 0x22ed, 0x7598, 0x6d57,
0x6537, 0x5d16, 0x5d16, 0x6516, 0x6d77, 0x7db8, 0x85d8, 0x6d55, 0x54b3, 0x54d4, 0x4c93, 0x3c52, 0x3c31, 0x33b0, 0x33b0, 0x43f2,
0x6d57, 0x7577, 0x7d77, 0x85b7, 0x8db7, 0x7577, 0x6537, 0x5cf6, 0x5d16, 0x7577, 0x6d36, 0x6516, 0x6d57, 0x95f8, 0x9e18, 0x85b7,
0x64f6, 0x5cb5, 0x6516, 0x8dd7, 0x9df7, 0x9e17, 0x95d7, 0x6d36, 0x6d37, 0x85b6, 0x95d6, 0x9e16, 0x9df6, 0x9df7, 0x95d7, 0x8db7,
0x95d7, 0x95d7, 0x8597, 0x6d36, 0x6515, 0x54d5, 0x5494, 0x5494, 0x4c94, 0x7d76, 0xa658, 0x9e18, 0x8df8, 0x6d57, 0x6536, 0x6d36,
0x6d36, 0x6d56, 0x95f7, 0x8db6, 0x7d96, 0x7576, 0x7576, 0x7556, 0x6515, 0x7d76, 0x8596, 0x85b6, 0x95f7, 0x9e17, 0x85b7, 0x7536,
0x6cf5, 0x6d12, 0x5cee, 0x4450, 0x3c0f, 0x33af, 0x2b8f, 0x33b0, 0x4c53, 0x85b7, 0x7577, 0x6d57, 0x6535, 0x4c4f, 0x4c6e, 0x5ccc,
0x54cc, 0x3c0e, 0x234e, 0x33ce, 0x3c0d, 0x33cd, 0x2b4d, 0x230c, 0x230c, 0x2b2d, 0x1acc, 0x4c52, 0x85b7, 0x7555, 0x54d2, 0x4c71,
0x4c52, 0x4c52, 0x4432, 0x5cb4, 0x85b7, 0x85b7, 0x7d97, 0x7555, 0x33ce, 0x33ad, 0x2b8d, 0x2b6c, 0x22cc, 0x1a8b, 0x3bd1, 0x7577,
0x6d57, 0x7598, 0x4c93, 0x442c, 0x5cac, 0x33cc, 0x33ad, 0x2b4d, 0x1acc, 0x230d, 0x6d56, 0x7577, 0x6d36, 0x6536, 0x7577, 0x9dd8,
0x8597, 0x7d77, 0x7577, 0x7d77, 0x8db7, 0x9df7, 0x9e18, 0x9e18, 0x95f8, 0x9df8, 0x95f8, 0x7597, 0x6536, 0x5cf5, 0x4cb4, 0x54d5,
0x6d16, 0x7556, 0x95d7, 0x95f7, 0x95f7, 0x8df8, 0x9618, 0x7db7, 0x6536, 0x6d55, 0x5d16, 0x54d6, 0x54d5, 0x4cb5, 0x5cd4, 0x54b3,
0x4c53, 0x4c94, 0x6d36, 0x8597, 0x95d7, 0x7556, 0x6536, 0x7576, 0x8db6, 0x95b7, 0x7536, 0x5cf6, 0x5cd5, 0x6516, 0x7d77, 0x7d77,
0x7577, 0x7d98, 0x7576, 0x6513, 0x5cf2, 0x54d1, 0x4cb2, 0x4452, 0x3bf1, 0x3bd1, 0x4412, 0x6d36, 0x85b7, 0x6d36, 0x6d36, 0x6d16,
0x7557, 0x7557, 0x6d37, 0x7557, 0x8dd7, 0x8df7, 0x8df7, 0x8dd6, 0x7d96, 0x6516, 0x5cd6, 0x5cd5, 0x5cf6, 0x8597, 0x95f8, 0x85b7,

/* -44- */
0x2b8c, 0x1b2c, 0x234c, 0x43ea, 0x440a, 0x232a, 0x128b, 0x1a8a, 0x128a, 0x232b, 0x440b, 0x64ca, 0x5caa, 0x548a, 0x4c6b, 0x442b,
0x3c2b, 0x3bec, 0x444b, 0x548b, 0x548a, 0x444a, 0x3bc9, 0x232b, 0x232b, 0x1aeb, 0x1a8b, 0x1aab, 0x1a8b, 0x1a8a, 0x1a6a, 0x22cb,
0x3bec, 0x33aa, 0x338a, 0x3c0a, 0x2b8a, 0x230a, 0x2b2a, 0x1a6a, 0x1a6a, 0x1a6a, 0x1a4a, 0x1a49, 0x230b, 0x2b8c, 0x2b8c, 0x236d,
0x4bac, 0xa46d, 0x9c2d, 0x940c, 0x93ec, 0x8bcb, 0x8bcb, 0x8bab, 0x8bab, 0x8bab, 0x93ec, 0x9c2d, 0xa44c, 0x9c4c, 0x43ec, 0x442d,
0x548d, 0x4c8d, 0x2bce, 0x2bce, 0x234d, 0x2b4d, 0x234d, 0x33ab, 0x548a, 0x5cca, 0x5caa, 0x4c2a, 0x440b, 0x442b, 0x5caa, 0x442b,
0x2b6c, 0x2b4c, 0x5469, 0x64e9, 0x548a, 0x444a, 0x3c09, 0x2bca, 0x2bab, 0x230b, 0x1aab, 0x1aab, 0x1acb, 0x232d, 0x4432, 0x54f6,
0x54f6, 0x54f6, 0x54f5, 0x54f5, 0x54d5, 0x5cf5, 0x7576, 0x6515, 0x4c93, 0x4c93, 0x4452, 0x3c11, 0x33d0, 0x3390, 0x3390, 0x3bf1,
0x5cd5, 0x6d36, 0x6d36, 0x7577, 0x7d77, 0x6536, 0x6516, 0x6537, 0x6537, 0x6537, 0x6537, 0x5d16, 0x5d16, 0x6536, 0x7d97, 0x6d56,
0x54b5, 0x5494, 0x54b5, 0x6d36, 0x7db7, 0x7d97, 0x7576, 0x6516, 0x6537, 0x6d37, 0x7556, 0x7d76, 0x7d76, 0x8597, 0x8597, 0x7d77,
0x7d76, 0x7556, 0x6d36, 0x54d4, 0x54b4, 0x54b4, 0x4c73, 0x4c73, 0x4c53, 0x5494, 0x7d76, 0x9e18, 0x7597, 0x6556, 0x6515, 0x5cb4,
0x6515, 0x6d36, 0x85b7, 0x6d56, 0x6515, 0x7d76, 0x8dd6, 0x6d15, 0x54b4, 0x5cb4, 0x5cd4, 0x5cd4, 0x6d36, 0x85d7, 0x6514, 0x54b3,
0x4c71, 0x5ccf, 0x5d0e, 0x3c50, 0x3c2f, 0x33ef, 0x33d0, 0x33d0, 0x33d1, 0x4c92, 0x6d36, 0x6d78, 0x6535, 0x440d, 0x4c2d, 0x4c4d,
0x4c4c, 0x3bcd, 0x234d, 0x2b8d, 0x2b8d, 0x2b4d, 0x22ec, 0x22ec, 0x22ec, 0x22ec, 0x230c, 0x4c71, 0x6d55, 0x54d2, 0x54d0, 0x54b1,
0x4c52, 0x4412, 0x4432, 0x4453, 0x6515, 0x7577, 0x6d77, 0x54b3, 0x3bee, 0x3bcd, 0x33ac, 0x2b4c, 0x1aac, 0x1a8c, 0x3bb1, 0x6537,
0x6557, 0x6515, 0x4c6f, 0x546c, 0x5ccc, 0x444c, 0x33ed, 0x2b4d, 0x22ed, 0x232d, 0x3bf1, 0x54b4, 0x6516, 0x6d36, 0x6d57, 0x7d97,
0x6d56, 0x6515, 0x6d16, 0x6515, 0x64f5, 0x7d76, 0x8576, 0x9596, 0x8d97, 0x7d97, 0x7d77, 0x7577, 0x5cf6, 0x54d5, 0x54d5, 0x54b4,
0x4cb4, 0x54d5, 0x6d35, 0x8db6, 0x95d7, 0x7577, 0x7d76, 0x6d36, 0x54f4, 0x5d15, 0x5cf5, 0x54d5, 0x4c94, 0x4474, 0x4c93, 0x4c73,
0x4c73, 0x4c53, 0x4c74, 0x64f5, 0x7556, 0x6d36, 0x6536, 0x6d36, 0x7576, 0x8596, 0x7535, 0x54d4, 0x54d4, 0x5cd4, 0x5cf4, 0x5cd4,
0x5cd4, 0x7577, 0x6d35, 0x54d2, 0x54d2, 0x54d1, 0x4c92, 0x3c12, 0x3bd1, 0x3bd1, 0x3bd1, 0x4453, 0x54b4, 0x4c94, 0x54b4, 0x5cb5,
0x5cd5, 0x6516, 0x6516, 0x64f6, 0x6d36, 0x6d56, 0x7576, 0x7556, 0x6515, 0x6516, 0x5cd5, 0x54d5, 0x54d5, 0x5d16, 0x7576, 0x7577,
0x54b5, 0x54d5, 0x54d5, 0x54d5, 0x54f4, 0x5d14, 0x6534, 0x6534, 0x5cf3, 0x4c93, 0x4453, 0x4453, 0x4453, 0x4453, 0x4452, 0x4c93,
0x54d5, 0x5d15, 0x6d56, 0x7577, 0x6d56, 0x6516, 0x6d56, 0x6536, 0x6515, 0x6536, 0x5cf5, 0x5cd5, 0x5cd5, 0x5cf6, 0x6556, 0x6536,
0x6537, 0x5cd1, 0x440a, 0x2b6c, 0x2b4c, 0x1aeb, 0x1a8b, 0x1aab, 0x1acc, 0x4cb4, 0x4493, 0x2bcd, 0x2bce, 0x2b8d, 0x230c, 0x1aab,
0x1aab, 0x1aab, 0x1aab, 0x2b2b, 0x442b, 0x446b, 0x446b, 0x4c6b, 0x444b, 0x3bec, 0x33cc, 0x4c4c, 0x548a, 0x4c4a, 0x4c4a, 0x2b8b,
0x232b, 0x1aeb, 0x1acb, 0x1a8b, 0x1aca, 0x3baa, 0x4c6a, 0x546a, 0x548a, 0x4c4b, 0x442b, 0x3bec, 0x442b, 0x548b, 0x54aa, 0x444b,
0x3c0b, 0x2b6b, 0x230b, 0x1acc, 0x22ec, 0x230d, 0x33af, 0x5493, 0x4cb3, 0x4cb0, 0x448f, 0x340f, 0x33ef, 0x33ef, 0x33cf, 0x33cf,
0x544f, 0x7c6f, 0xf52e, 0xfd2d, 0xfd0d, 0xfd4d, 0xfd2d, 0xf50d, 0xfd4e, 0xf50d, 0xfd2d, 0xfd2d, 0xfd2e, 0xfd2e, 0xfd2d, 0xcc2c,
0x9c30, 0x83ee, 0x4b6c, 0x2b6d, 0x2b8d, 0x236d, 0x2bad, 0x3c0b, 0x440a, 0x336a, 0x1aac, 0x22eb, 0x22cb, 0x1a8b, 0x1a6a, 0x22ca,
0x43ea, 0x4c6b, 0x4c4b, 0x4c2b, 0x4c2b, 0x3bcb, 0x2bac, 0x442b, 0x5caa, 0x4c6a, 0x442a, 0x3bea, 0x1b2c, 0x1aab, 0x1aab, 0x1aab,
0x1aac, 0x22ec, 0x4453, 0x54d5, 0x5cd6, 0x54b5, 0x4452, 0x4431, 0x4453, 0x4c54, 0x4c53, 0x4c74, 0x4cb5, 0x7556, 0x7d97, 0x7577,
0x6515, 0x6536, 0x6516, 0x54d4, 0x54d3, 0x4451, 0x3c11, 0x3c12, 0x4452, 0x6514, 0x7576, 0x6535, 0x4494, 0x4c51, 0x4430, 0x440f,
0x3c11, 0x3c33, 0x5cd4, 0x6d34, 0x54b0, 0x444d, 0x442d, 0x3c0d, 0x33ee, 0x2bae, 0x232d, 0x232d, 0x232d, 0x232d, 0x230d, 0x4451,
0x5cf1, 0x3beb, 0x338d, 0x230d, 0x1a8c, 0x1aac, 0x1a8b, 0x3bf0, 0x33f0, 0x1aab, 0x2b4c, 0x232c, 0x1aac, 0x1acc, 0x22ec, 0x33ac,
0x4c8b, 0x54ac, 0x4c6e, 0x4c4f, 0x3c0f, 0x3c0e, 0x446d, 0x3c2d, 0x2bae, 0x230d, 0x22ed, 0x232d, 0x33b0, 0x3c31, 0x4c70, 0x442f,
0x2b8f, 0x3bd0, 0x4c94, 0x4494, 0x4c93, 0x4c93, 0x8d32, 0xd5b1, 0xd570, 0xdd2f, 0xdd2e, 0xe52e, 0xc4ae, 0xb44e, 0x9c4e, 0x83ed,
0x73ae, 0x540e, 0x442e, 0x4451, 0x4452, 0x4c74, 0x4c94, 0x4cb4, 0x54f5, 0x5cf5, 0x5cf5, 0x5cf4, 0x54b3, 0x4431, 0x442f, 0x4c4f,
0x442f, 0x3bd0, 0x33af, 0x338f, 0x338f, 0x4c73, 0x7597, 0x6d56, 0x6536, 0x6d36, 0x7576, 0x7d97, 0x7d97, 0x6d36, 0x5cf5, 0x5cd5,
0x5cf4, 0x5cd4, 0x5cf5, 0x54f6, 0x54f6, 0x54f5, 0x5cf5, 0x5cf5, 0x6536, 0x7576, 0x7596, 0x6536, 0x6516, 0x6516, 0x5cf5, 0x54d5,
0x54d5, 0x54d5, 0x5cf6, 0x5cf6, 0x6516, 0x5cf5, 0x4cb4, 0x4c94, 0x4c73, 0x4c6f, 0x442c, 0x442b, 0x54b0, 0x4cb5, 0x54d5, 0x54d5,
0x54d5, 0x54d5, 0x54d5, 0x54d5, 0x54d5, 0x6536, 0x6556, 0x6d56, 0x6d77, 0x6d77, 0x6d56, 0x7576, 0x7597, 0x7577, 0x6d77, 0x6516,
0x5cd5, 0x5cd5, 0x5cd5, 0x6516, 0x6d56, 0x6d57, 0x5d16, 0x54f6, 0x5516, 0x5d36, 0x5d16, 0x5d16, 0x54f6, 0x54d5, 0x4c4b, 0x5469,
0x442b, 0x338b, 0x232b, 0x128a, 0x1a8a, 0x1228, 0x336f, 0x6537, 0x5cd2, 0x442b, 0x4c6c, 0x4c8d, 0x4c8e, 0x4c4c, 0x5caa, 0x4c4a,
0x3beb, 0x4c4a, 0x5ca9, 0x64e9, 0x5ce9, 0x5cca, 0x3c4c, 0x238b, 0x1aeb, 0x1acb, 0x3baa, 0x5c8a, 0x3beb, 0x236c, 0x33cb, 0x3beb,
0x3beb, 0x2bac, 0x2bab, 0x4408, 0x33c9, 0x230b, 0x33ac, 0x5cca, 0x64ea, 0x548b, 0x4c4a, 0x3bca, 0x2b4b, 0x232c, 0x234c, 0x1aec,
0x2b4a, 0x4428, 0x4409, 0x33ca, 0x232b, 0x230a, 0x234a, 0x230a, 0x1aea, 0x1aaa, 0x128a, 0x1aaa, 0x1ae9, 0x232a, 0x1a8a, 0x126a,
0x2b8c, 0x1b2c, 0x234c, 0x43ea, 0x440a, 0x232a, 0x128b, 0x1a8a, 0x128a, 0x232b, 0x440b, 0x64ca, 0x5caa, 0x548a, 0x4c6b, 0x442b,
0x3c2b, 0x3bec, 0x444b, 0x548b, 0x548a, 0x444a, 0x3bc9, 0x232b, 0x232b, 0x1aeb, 0x1a8b, 0x1aab, 0x1a8b, 0x1a8a, 0x1a6a, 0x22cb,
0x3bec, 0x33aa, 0x338a, 0x3c0a, 0x2b8a, 0x230a, 0x2b2a, 0x1a6a, 0x1a6a, 0x1a6a, 0x1a4a, 0x1a49, 0x230b, 0x2b8c, 0x2b8c, 0x236d,
0x4bac, 0xa46d, 0x9c2d, 0x940c, 0x93ec, 0x8bcb, 0x8bcb, 0x8bab, 0x8bab, 0x8bab, 0x93ec, 0x9c2d, 0xa44c, 0x9c4c, 0x43ec, 0x442d,
0x548d, 0x4c8d, 0x2bce, 0x2bce, 0x234d, 0x2b4d, 0x234d, 0x33ab, 0x548a, 0x5cca, 0x5caa, 0x4c2a, 0x440b, 0x442b, 0x5caa, 0x442b,
0x2b6c, 0x2b4c, 0x5469, 0x64e9, 0x548a, 0x444a, 0x3c09, 0x2bca, 0x2bab, 0x230b, 0x1aab, 0x1aab, 0x1acb, 0x232d, 0x4432, 0x54f6,
0x54f6, 0x54f6, 0x54f5, 0x54f5, 0x54d5, 0x5cf5, 0x7576, 0x6515, 0x4c93, 0x4c93, 0x4452, 0x3c11, 0x33d0, 0x3390, 0x3390, 0x3bf1,
0x5cd5, 0x6d36, 0x6d36, 0x7577, 0x7d77, 0x6536, 0x6516, 0x6537, 0x6537, 0x6537, 0x6537, 0x5d16, 0x5d16, 0x6536, 0x7d97, 0x6d56,
0x54b5, 0x5494, 0x54b5, 0x6d36, 0x7db7, 0x7d97, 0x7576, 0x6516, 0x6537, 0x6d37, 0x7556, 0x7d76, 0x7d76, 0x8597, 0x8597, 0x7d77,
0x7d76, 0x7556, 0x6d36, 0x54d4, 0x54b4, 0x54b4, 0x4c73, 0x4c73, 0x4c53, 0x5494, 0x7d76, 0x9e18, 0x7597, 0x6556, 0x6515, 0x5cb4,
0x6515, 0x6d36, 0x85b7, 0x6d56, 0x6515, 0x7d76, 0x8dd6, 0x6d15, 0x54b4, 0x5cb4, 0x5cd4, 0x5cd4, 0x6d36, 0x85d7, 0x6514, 0x54b3,
0x4c71, 0x5ccf, 0x5d0e, 0x3c50, 0x3c2f, 0x33ef, 0x33d0, 0x33d0, 0x33d1, 0x4c92, 0x6d36, 0x6d78, 0x6535, 0x440d, 0x4c2d, 0x4c4d,
0x4c4c, 0x3bcd, 0x234d, 0x2b8d, 0x2b8d, 0x2b4d, 0x22ec, 0x22ec, 0x22ec, 0x22ec, 0x230c, 0x4c71, 0x6d55, 0x54d2, 0x54d0, 0x54b1,
0x4c52, 0x4412, 0x4432, 0x4453, 0x6515, 0x7577, 0x6d77, 0x54b3, 0x3bee, 0x3bcd, 0x33ac, 0x2b4c, 0x1aac, 0x1a8c, 0x3bb1, 0x6537,
0x6557, 0x6515, 0x4c6f, 0x546c, 0x5ccc, 0x444c, 0x33ed, 0x2b4d, 0x22ed, 0x232d, 0x3bf1, 0x54b4, 0x6516, 0x6d36, 0x6d57, 0x7d97,
0x6d56, 0x6515, 0x6d16, 0x6515, 0x64f5, 0x7d76, 0x8576, 0x9596, 0x8d97, 0x7d97, 0x7d77, 0x7577, 0x5cf6, 0x54d5, 0x54d5, 0x54b4,
0x4cb4, 0x54d5, 0x6d35, 0x8db6, 0x95d7, 0x7577, 0x7d76, 0x6d36, 0x54f4, 0x5d15, 0x5cf5, 0x54d5, 0x4c94, 0x4474, 0x4c93, 0x4c73,
0x4c73, 0x4c53, 0x4c74, 0x64f5, 0x7556, 0x6d36, 0x6536, 0x6d36, 0x7576, 0x8596, 0x7535, 0x54d4, 0x54d4, 0x5cd4, 0x5cf4, 0x5cd4,
0x5cd4, 0x7577, 0x6d35, 0x54d2, 0x54d2, 0x54d1, 0x4c92, 0x3c12, 0x3bd1, 0x3bd1, 0x3bd1, 0x4453, 0x54b4, 0x4c94, 0x54b4, 0x5cb5,
0x5cd5, 0x6516, 0x6516, 0x64f6, 0x6d36, 0x6d56, 0x7576, 0x7556, 0x6515, 0x6516, 0x5cd5, 0x54d5, 0x54d5, 0x5d16, 0x7576, 0x7577,

/* -45- */
0x232c, 0x1b0c, 0x1b2c, 0x338b, 0x33aa, 0x230b, 0x12ab, 0x1a8b, 0x1a8b, 0x2b6b, 0x4c4b, 0x5cca, 0x5caa, 0x546a, 0x3beb, 0x338b,
0x2b6c, 0x2b8c, 0x4c2b, 0x546b, 0x440a, 0x2b4a, 0x22eb, 0x22eb, 0x230b, 0x22eb, 0x1a8b, 0x1aab, 0x1aab, 0x1acb, 0x1acb, 0x230b,
0x2bac, 0x2b6b, 0x2b4a, 0x33aa, 0x2b6a, 0x1aeb, 0x1aaa, 0x1a6a, 0x1a6a, 0x1a4a, 0x1a49, 0x2b0a, 0x2b4b, 0x2b6c, 0x2b4c, 0x2b4c,
0x840e, 0xfd8f, 0xfd4e, 0xfd0d, 0xfd0d, 0xfced, 0xf4ed, 0xf4ed, 0xf4ed, 0xf4ed, 0xf4ed, 0xf4ac, 0xec8c, 0xb3cb, 0x4b4d, 0x3bad,
0x340d, 0x340d, 0x238e, 0x234e, 0x232d, 0x234d, 0x234d, 0x3c2b, 0x4c6a, 0x4c4a, 0x442b, 0x440b, 0x3bcb, 0x33ab, 0x546b, 0x338b,
0x232c, 0x2b6b, 0x4c2a, 0x5cc9, 0x440a, 0x2b6a, 0x3389, 0x234b, 0x234c, 0x230c, 0x1acb, 0x1acb, 0x1aec, 0x234d, 0x1b0d, 0x54d5,
0x5d16, 0x5cf5, 0x54f5, 0x54d5, 0x54b4, 0x4c94, 0x5cd4, 0x54b4, 0x4c72, 0x4411, 0x4432, 0x3c11, 0x33b0, 0x3390, 0x2b90, 0x33b0,
0x5494, 0x64d4, 0x6516, 0x6536, 0x6515, 0x6516, 0x6536, 0x64ef, 0x5cce, 0x4c8e, 0x546e, 0x5d14, 0x54f5, 0x4cb5, 0x54d6, 0x54d5,
0x5494, 0x4c74, 0x4c94, 0x54b5, 0x5cf5, 0x6515, 0x6515, 0x64f1, 0x5cf2, 0x5cf2, 0x5cd2, 0x64f5, 0x5cf5, 0x5d15, 0x6536, 0x6d56,
0x5d15, 0x54d5, 0x5cf5, 0x54d4, 0x5493, 0x5493, 0x4c53, 0x4c53, 0x4c73, 0x4c73, 0x64f5, 0x7576, 0x6516, 0x5d16, 0x5cd5, 0x54b4,
0x6515, 0x5cf5, 0x5cf5, 0x64f5, 0x6514, 0x7555, 0x6d35, 0x54b4, 0x54b4, 0x5493, 0x54b3, 0x5cd4, 0x5cd5, 0x5cf4, 0x4c71, 0x4c70,
0x4c70, 0x4c8f, 0x4c8f, 0x4430, 0x3c0f, 0x33ef, 0x33d0, 0x33f0, 0x33f0, 0x33ef, 0x5d14, 0x6536, 0x5d15, 0x4c4d, 0x3bcd, 0x338e,
0x3bcd, 0x33ad, 0x2b6e, 0x232d, 0x230d, 0x230d, 0x22ed, 0x22ec, 0x22ec, 0x22cc, 0x3bcd, 0x5cce, 0x5cae, 0x54b0, 0x4cb1, 0x4451,
0x4431, 0x3bf1, 0x3c11, 0x4452, 0x4c72, 0x5cf5, 0x54d5, 0x3c10, 0x3bee, 0x3bed, 0x2b4c, 0x22cc, 0x22ac, 0x1a8b, 0x3390, 0x4cd5,
0x54f5, 0x54d0, 0x54ac, 0x444d, 0x3bed, 0x3c0d, 0x2bae, 0x230d, 0x22ed, 0x230d, 0x230d, 0x4c72, 0x6516, 0x6515, 0x64f5, 0x5cd4,
0x5cf4, 0x5cf5, 0x64f5, 0x64d4, 0x5cb4, 0x64b4, 0x6493, 0x8c93, 0x94d3, 0x74f5, 0x6d15, 0x6535, 0x5d15, 0x5cf5, 0x5cf5, 0x54f5,
0x54d5, 0x54d4, 0x54b4, 0x6515, 0x6d35, 0x54d5, 0x54d4, 0x5cf4, 0x54d4, 0x54d4, 0x54d4, 0x4cb4, 0x4c74, 0x4453, 0x4c73, 0x4c73,
0x4c73, 0x4c73, 0x4c73, 0x54d4, 0x5cd4, 0x5cf5, 0x5cf5, 0x5cf5, 0x5d15, 0x6515, 0x5cf4, 0x54b4, 0x54b4, 0x54b3, 0x54b3, 0x54b3,
0x54b4, 0x5cd4, 0x5cb3, 0x54b3, 0x54b2, 0x54b1, 0x4c52, 0x3c12, 0x3bf1, 0x3bf1, 0x3c12, 0x4412, 0x4432, 0x4c73, 0x4c93, 0x54b4,
0x54b4, 0x54b4, 0x54d4, 0x5cf5, 0x54f5, 0x54f5, 0x5cf5, 0x54f5, 0x54d5, 0x5cf5, 0x54b4, 0x4c94, 0x5494, 0x4c94, 0x5cd4, 0x6515,
0x54d4, 0x54d5, 0x54d4, 0x54d4, 0x54d4, 0x5cf4, 0x5cf4, 0x5cd4, 0x4c73, 0x4432, 0x4452, 0x4432, 0x4453, 0x4473, 0x4432, 0x4c73,
0x4c93, 0x4c93, 0x5cf5, 0x6515, 0x64f5, 0x5cf5, 0x54b5, 0x5cf5, 0x5cf4, 0x54b4, 0x54b4, 0x54b4, 0x54b5, 0x5cd5, 0x5cf5, 0x5cf5,
0x5cf6, 0x5490, 0x440b, 0x230c, 0x232c, 0x1aab, 0x1a8b, 0x1a8b, 0x1a8b, 0x4474, 0x4493, 0x33ed, 0x33cd, 0x2b6c, 0x232c, 0x1acb,
0x1aab, 0x1aab, 0x1aab, 0x230c, 0x33ab, 0x444b, 0x442b, 0x3c0b, 0x3bcc, 0x234c, 0x33ac, 0x546a, 0x43ea, 0x2b2b, 0x338b, 0x2b4b,
0x2b2b, 0x1aeb, 0x1acb, 0x128b, 0x2b2a, 0x442a, 0x442a, 0x546a, 0x4c2a, 0x2b4a, 0x2b8b, 0x442b, 0x5caa, 0x64c9, 0x548a, 0x33eb,
0x234c, 0x22ec, 0x22cc, 0x22cb, 0x1a8b, 0x12cb, 0x12ec, 0x2b8f, 0x3410, 0x23ef, 0x23ef, 0x238e, 0x238e, 0x2baf, 0x2bcf, 0x2b8e,
0xcd0f, 0xfdcf, 0xed4f, 0xed4f, 0xed4f, 0xed2e, 0xed2e, 0xed70, 0xed2e, 0xed2e, 0xed2e, 0xeced, 0xeced, 0xf50e, 0xabac, 0x93ce,
0x8494, 0x9cb3, 0x6b6d, 0x330c, 0x232c, 0x236c, 0x2bac, 0x33ec, 0x2b8c, 0x1aec, 0x1aec, 0x1aec, 0x1acb, 0x1acb, 0x1a8b, 0x3bea,
0x548a, 0x442b, 0x442b, 0x2b6b, 0x2b4b, 0x2b6b, 0x33cc, 0x548b, 0x54ab, 0x33ab, 0x33ca, 0x2b8a, 0x1aeb, 0x1aab, 0x1aab, 0x1aab,
0x1aab, 0x1a8b, 0x4432, 0x54d5, 0x54b4, 0x4c4f, 0x440c, 0x3beb, 0x33ce, 0x3c10, 0x4c93, 0x4cb4, 0x54d5, 0x6d36, 0x6d36, 0x6d56,
0x5d15, 0x54d4, 0x54d4, 0x54b3, 0x4c92, 0x4452, 0x3c11, 0x4432, 0x4453, 0x4c72, 0x54d3, 0x4cd4, 0x4c94, 0x4c92, 0x4451, 0x440f,
0x3c11, 0x3c12, 0x4492, 0x6530, 0x4c8e, 0x3c0d, 0x3c0e, 0x33ee, 0x33ee, 0x2b6e, 0x230d, 0x230d, 0x230d, 0x230d, 0x2b2d, 0x440f,
0x548f, 0x43ec, 0x2b6d, 0x232d, 0x1aac, 0x1aac, 0x22cb, 0x43ed, 0x442c, 0x336a, 0x22ec, 0x22ec, 0x22ec, 0x1acc, 0x2b6c, 0x548c,
0x54ac, 0x548c, 0x3bee, 0x33af, 0x336e, 0x336d, 0x442d, 0x33cd, 0x230d, 0x22ec, 0x22cc, 0x22ec, 0x2b4d, 0x3beb, 0x440b, 0x440b,
0x33ae, 0x33ae, 0x4472, 0x4472, 0x4431, 0x74b2, 0xa4f1, 0xed70, 0xed4f, 0xed2e, 0xe50e, 0xdd0e, 0xd4cf, 0xb44f, 0x73ae, 0x838c,
0x8b8c, 0x5b8c, 0x2bac, 0x33ce, 0x3bcf, 0x4c53, 0x4c94, 0x4c94, 0x54b3, 0x54b3, 0x54b3, 0x4c92, 0x4c92, 0x4c72, 0x4430, 0x4430,
0x3c10, 0x33d0, 0x338f, 0x338f, 0x336f, 0x3bd0, 0x4c73, 0x54d4, 0x5d15, 0x5d15, 0x5cf5, 0x54f5, 0x54f5, 0x5d15, 0x5cd5, 0x54b4,
0x4c94, 0x4c93, 0x54d5, 0x54d4, 0x54b4, 0x54b4, 0x54b4, 0x54f5, 0x5d15, 0x6536, 0x6536, 0x5d15, 0x54f5, 0x5cf5, 0x54d5, 0x54b4,
0x5493, 0x4c93, 0x4cb5, 0x4c94, 0x4cb4, 0x4cb4, 0x4cb4, 0x54d2, 0x54af, 0x4c2b, 0x442b, 0x3bea, 0x3c0c, 0x4c93, 0x4cb4, 0x54b5,
0x54b5, 0x54b4, 0x4c93, 0x4cb4, 0x4cb4, 0x54d4, 0x54f5, 0x6536, 0x6536, 0x6516, 0x5d16, 0x5d15, 0x6535, 0x6535, 0x5d16, 0x6516,
0x54d5, 0x54d4, 0x5cf5, 0x54d5, 0x54d5, 0x54d5, 0x54d5, 0x54f6, 0x54f6, 0x5516, 0x54f5, 0x5cf5, 0x5cf5, 0x5cf5, 0x4c4c, 0x442a,
0x3beb, 0x234b, 0x232b, 0x1aaa, 0x1a8a, 0x1249, 0x33b0, 0x54f6, 0x4c91, 0x4c6c, 0x4c6c, 0x4c4b, 0x440a, 0x442a, 0x4c49, 0x338b,
0x3bea, 0x5ca8, 0x5489, 0x4c69, 0x4429, 0x33eb, 0x2bac, 0x234c, 0x1b0b, 0x1aca, 0x2b0a, 0x2b4b, 0x230b, 0x22eb, 0x1aeb, 0x1b0b,
0x232b, 0x232b, 0x232a, 0x2b0a, 0x22ca, 0x1acb, 0x2b6c, 0x4c8a, 0x548b, 0x4c4b, 0x3bea, 0x338a, 0x232b, 0x230c, 0x230b, 0x1acb,
0x230a, 0x2b6a, 0x2b6a, 0x2b2a, 0x1aaa, 0x1a6a, 0x1aaa, 0x230a, 0x1b0a, 0x1a8a, 0x126a, 0x126a, 0x1a8a, 0x1aca, 0x1a8a, 0x126a,
0x232c, 0x1b0c, 0x1b2c, 0x338b, 0x33aa, 0x230b, 0x12ab, 0x1a8b, 0x1a8b, 0x2b6b, 0x4c4b, 0x5cca, 0x5caa, 0x546a, 0x3beb, 0x338b,
0x2b6c, 0x2b8c, 0x4c2b, 0x546b, 0x440a, 0x2b4a, 0x22eb, 0x22eb, 0x230b, 0x22eb, 0x1a8b, 0x1aab, 0x1aab, 0x1acb, 0x1acb, 0x230b,
0x2bac, 0x2b6b, 0x2b4a, 0x33aa, 0x2b6a, 0x1aeb, 0x1aaa, 0x1a6a, 0x1a6a, 0x1a4a, 0x1a49, 0x2b0a, 0x2b4b, 0x2b6c, 0x2b4c, 0x2b4c,
0x840e, 0xfd8f, 0xfd4e, 0xfd0d, 0xfd0d, 0xfced, 0xf4ed, 0xf4ed, 0xf4ed, 0xf4ed, 0xf4ed, 0xf4ac, 0xec8c, 0xb3cb, 0x4b4d, 0x3bad,
0x340d, 0x340d, 0x238e, 0x234e, 0x232d, 0x234d, 0x234d, 0x3c2b, 0x4c6a, 0x4c4a, 0x442b, 0x440b, 0x3bcb, 0x33ab, 0x546b, 0x338b,
0x232c, 0x2b6b, 0x4c2a, 0x5cc9, 0x440a, 0x2b6a, 0x3389, 0x234b, 0x234c, 0x230c, 0x1acb, 0x1acb, 0x1aec, 0x234d, 0x1b0d, 0x54d5,
0x5d16, 0x5cf5, 0x54f5, 0x54d5, 0x54b4, 0x4c94, 0x5cd4, 0x54b4, 0x4c72, 0x4411, 0x4432, 0x3c11, 0x33b0, 0x3390, 0x2b90, 0x33b0,
0x5494, 0x64d4, 0x6516, 0x6536, 0x6515, 0x6516, 0x6536, 0x64ef, 0x5cce, 0x4c8e, 0x546e, 0x5d14, 0x54f5, 0x4cb5, 0x54d6, 0x54d5,
0x5494, 0x4c74, 0x4c94, 0x54b5, 0x5cf5, 0x6515, 0x6515, 0x64f1, 0x5cf2, 0x5cf2, 0x5cd2, 0x64f5, 0x5cf5, 0x5d15, 0x6536, 0x6d56,
0x5d15, 0x54d5, 0x5cf5, 0x54d4, 0x5493, 0x5493, 0x4c53, 0x4c53, 0x4c73, 0x4c73, 0x64f5, 0x7576, 0x6516, 0x5d16, 0x5cd5, 0x54b4,
0x6515, 0x5cf5, 0x5cf5, 0x64f5, 0x6514, 0x7555, 0x6d35, 0x54b4, 0x54b4, 0x5493, 0x54b3, 0x5cd4, 0x5cd5, 0x5cf4, 0x4c71, 0x4c70,
0x4c70, 0x4c8f, 0x4c8f, 0x4430, 0x3c0f, 0x33ef, 0x33d0, 0x33f0, 0x33f0, 0x33ef, 0x5d14, 0x6536, 0x5d15, 0x4c4d, 0x3bcd, 0x338e,
0x3bcd, 0x33ad, 0x2b6e, 0x232d, 0x230d, 0x230d, 0x22ed, 0x22ec, 0x22ec, 0x22cc, 0x3bcd, 0x5cce, 0x5cae, 0x54b0, 0x4cb1, 0x4451,
0x4431, 0x3bf1, 0x3c11, 0x4452, 0x4c72, 0x5cf5, 0x54d5, 0x3c10, 0x3bee, 0x3bed, 0x2b4c, 0x22cc, 0x22ac, 0x1a8b, 0x3390, 0x4cd5,
0x54f5, 0x54d0, 0x54ac, 0x444d, 0x3bed, 0x3c0d, 0x2bae, 0x230d, 0x22ed, 0x230d, 0x230d, 0x4c72, 0x6516, 0x6515, 0x64f5, 0x5cd4,
0x5cf4, 0x5cf5, 0x64f5, 0x64d4, 0x5cb4, 0x64b4, 0x6493, 0x8c93, 0x94d3, 0x74f5, 0x6d15, 0x6535, 0x5d15, 0x5cf5, 0x5cf5, 0x54f5,
0x54d5, 0x54d4, 0x54b4, 0x6515, 0x6d35, 0x54d5, 0x54d4, 0x5cf4, 0x54d4, 0x54d4, 0x54d4, 0x4cb4, 0x4c74, 0x4453, 0x4c73, 0x4c73,
0x4c73, 0x4c73, 0x4c73, 0x54d4, 0x5cd4, 0x5cf5, 0x5cf5, 0x5cf5, 0x5d15, 0x6515, 0x5cf4, 0x54b4, 0x54b4, 0x54b3, 0x54b3, 0x54b3,
0x54b4, 0x5cd4, 0x5cb3, 0x54b3, 0x54b2, 0x54b1, 0x4c52, 0x3c12, 0x3bf1, 0x3bf1, 0x3c12, 0x4412, 0x4432, 0x4c73, 0x4c93, 0x54b4,
0x54b4, 0x54b4, 0x54d4, 0x5cf5, 0x54f5, 0x54f5, 0x5cf5, 0x54f5, 0x54d5, 0x5cf5, 0x54b4, 0x4c94, 0x5494, 0x4c94, 0x5cd4, 0x6515,

/* -46- */
0x1acb, 0x1acb, 0x232c, 0x2b2b, 0x128a, 0x1aab, 0x1aab, 0x1a8b, 0x128a, 0x126a, 0x2b0a, 0x43ca, 0x4c2a, 0x64aa, 0x3baa, 0x338b,
0x2b6b, 0x338b, 0x440b, 0x338b, 0x22eb, 0x1aab, 0x1aab, 0x1a8b, 0x1a8a, 0x1a8b, 0x1a8b, 0x1a8b, 0x1acb, 0x1aab, 0x1aeb, 0x4c2b,
0x4c6b, 0x440b, 0x230a, 0x22ca, 0x22ca, 0x1a6a, 0x124a, 0x1a6a, 0x1a6a, 0x1a6a, 0x124a, 0x3bac, 0x3bac, 0x2b2b, 0x3b0b, 0xb4ce,
0xed50, 0xe52f, 0xf590, 0xedb0, 0xe50e, 0xed2e, 0xed0e, 0xe4cd, 0xe4ed, 0xe4cd, 0xeced, 0xed0e, 0xc42c, 0xabcb, 0xb3cb, 0x6b4c,
0x230c, 0x1b0c, 0x3bcb, 0x4c0b, 0x3b8b, 0x2b4c, 0x1b0d, 0x234b, 0x3bea, 0x4c6a, 0x440b, 0x442b, 0x546b, 0x546c, 0x338c, 0x338c,
0x3bab, 0x3bab, 0x338a, 0x338a, 0x2b0a, 0x1a8a, 0x2b29, 0x2b4a, 0x1aab, 0x1aab, 0x1aab, 0x1aab, 0x1acb, 0x1acb, 0x1b0c, 0x4c93,
0x5cf2, 0x64ed, 0x4cb0, 0x54d5, 0x54d5, 0x54b4, 0x4c94, 0x54d4, 0x5cb3, 0x4c52, 0x3c11, 0x33d1, 0x33b0, 0x338f, 0x3bd0, 0x4431,
0x5493, 0x5cb4, 0x6516, 0x6516, 0x6536, 0x6512, 0x5d0f, 0x64e9, 0x54a9, 0x4429, 0x4429, 0x440b, 0x442f, 0x54f6, 0x4cb5, 0x4c94,
0x4c94, 0x4c74, 0x54b5, 0x54d6, 0x5cf6, 0x5cf5, 0x6532, 0x6509, 0x5489, 0x4c49, 0x546c, 0x5d15, 0x5d15, 0x5cf5, 0x5d15, 0x5d15,
0x6535, 0x5cd4, 0x54b4, 0x4cb4, 0x54b3, 0x54b3, 0x4c93, 0x4c73, 0x4c73, 0x5494, 0x64f5, 0x6d36, 0x5cd5, 0x54d5, 0x54b4, 0x54b4,
0x5cd4, 0x54b4, 0x54d4, 0x5cd4, 0x64f3, 0x5cf4, 0x5cf5, 0x5cd4, 0x54b4, 0x5cd3, 0x54b2, 0x54b4, 0x6514, 0x5cd1, 0x54b0, 0x4c70,
0x442f, 0x440f, 0x43ef, 0x3bcf, 0x33af, 0x33cf, 0x33af, 0x33af, 0x33cf, 0x3c0f, 0x3c0f, 0x4471, 0x54b1, 0x546d, 0x440d, 0x2b6e,
0x338e, 0x33ce, 0x234e, 0x1aed, 0x1aed, 0x230d, 0x2b0d, 0x22ed, 0x2aed, 0x43ad, 0x440e, 0x440e, 0x440e, 0x442f, 0x4c71, 0x3bf0,
0x33b0, 0x3bd0, 0x33d0, 0x3bf0, 0x3c11, 0x3c31, 0x4452, 0x4c50, 0x3bed, 0x2b2c, 0x1acc, 0x1aac, 0x22cc, 0x1aac, 0x33b0, 0x4cd5,
0x44b3, 0x3c4e, 0x4c8d, 0x444d, 0x33ce, 0x2b8d, 0x2b8e, 0x232d, 0x1acc, 0x22cc, 0x1acc, 0x4432, 0x5cf5, 0x5cd4, 0x54b4, 0x5cd4,
0x5cf4, 0x54b4, 0x54b4, 0x5493, 0x8492, 0xa4b1, 0xacf2, 0xb4d2, 0x9c92, 0x7cf4, 0x64d5, 0x5cd5, 0x5cf5, 0x5d15, 0x5ccc, 0x54ab,
0x54ab, 0x4c8b, 0x54d2, 0x5d16, 0x54f5, 0x54d4, 0x54b4, 0x4cb4, 0x4c94, 0x54b3, 0x54b3, 0x4c94, 0x4c73, 0x4c73, 0x4473, 0x4c73,
0x4c93, 0x4c93, 0x4c93, 0x54b3, 0x5cd3, 0x5cd4, 0x5cd4, 0x5cf4, 0x5cf4, 0x5cf4, 0x5cd4, 0x54b4, 0x54b3, 0x54b3, 0x4c93, 0x5493,
0x4c93, 0x4c93, 0x4c73, 0x5492, 0x4c72, 0x4c52, 0x4432, 0x3c11, 0x4411, 0x4411, 0x4411, 0x4432, 0x4452, 0x4452, 0x4c92, 0x54b3,
0x54b3, 0x5493, 0x54b3, 0x54d4, 0x54d4, 0x54b4, 0x54d4, 0x54b4, 0x4c94, 0x4c94, 0x54b4, 0x5494, 0x5494, 0x5494, 0x5cf3, 0x5cd3,
0x54d4, 0x54d4, 0x54b4, 0x54b3, 0x5cd3, 0x54b3, 0x4c93, 0x4c73, 0x4c52, 0x4432, 0x4452, 0x4452, 0x4453, 0x4453, 0x4432, 0x4452,
0x4c73, 0x4c73, 0x4473, 0x54b4, 0x64f5, 0x54b4, 0x54b4, 0x5cd5, 0x54d4, 0x54b4, 0x4c94, 0x54b4, 0x54b4, 0x54d5, 0x54d5, 0x5cf5,
0x5d16, 0x4c91, 0x33ec, 0x3bed, 0x2b6d, 0x1acb, 0x1a8b, 0x1a8b, 0x1a8b, 0x4454, 0x4494, 0x2b6d, 0x232c, 0x2b8b, 0x230b, 0x22cb,
0x1a8b, 0x1aab, 0x128b, 0x1acb, 0x338c, 0x2b6c, 0x3bed, 0x442d, 0x33cd, 0x232c, 0x338c, 0x5449, 0x43ca, 0x22eb, 0x22cb, 0x22cb,
0x1aaa, 0x1a8b, 0x1aab, 0x128b, 0x1acb, 0x3bcb, 0x54ab, 0x548b, 0x4c4b, 0x3beb, 0x2b8c, 0x234c, 0x3bab, 0x4c2a, 0x33ab, 0x33ab,
0x230c, 0x230c, 0x1acc, 0x1a8b, 0xa44c, 0xb46d, 0xa44d, 0xac4d, 0xac4d, 0xa42d, 0xac0c, 0x9bab, 0x436d, 0x3b8e, 0x73cc, 0xbcce,
0xe50e, 0xed2e, 0xf56f, 0xfdb0, 0xf56f, 0xf56f, 0xf5b0, 0xed4e, 0xf590, 0xf5d1, 0xf56f, 0xf50e, 0xeccd, 0xb3cc, 0x8410, 0x7c72,
0x7c74, 0x8495, 0x8c73, 0x736e, 0x22aa, 0x1acb, 0x1acb, 0x230c, 0x230c, 0x1acc, 0x1aec, 0x1acc, 0x1aec, 0x230c, 0x3bab, 0x442b,
0x442b, 0x33ac, 0x3bcc, 0x338c, 0x338c, 0x2b0b, 0x22eb, 0x546b, 0x544b, 0x1aeb, 0x22eb, 0x1aab, 0x1a8b, 0x1a8b, 0x1a8b, 0x1a8b,
0x1a6a, 0x230d, 0x4453, 0x54b4, 0x6d11, 0x64cc, 0x4c6b, 0x442b, 0x238c, 0x2bad, 0x33ee, 0x4c93, 0x54d5, 0x4cb4, 0x4cd4, 0x5cf4,
0x5cf4, 0x54b3, 0x4473, 0x4452, 0x4432, 0x3c12, 0x3c11, 0x3c32, 0x4432, 0x3c32, 0x4471, 0x54f4, 0x4cb4, 0x4472, 0x4451, 0x3bef,
0x3bf0, 0x3c11, 0x4430, 0x442e, 0x440e, 0x3bee, 0x3bcd, 0x2b8e, 0x1b0d, 0x1aed, 0x230d, 0x230d, 0x230d, 0x232d, 0x33ad, 0x3c0d,
0x4c6e, 0x4c4d, 0x234d, 0x22ed, 0x22cc, 0x1aac, 0x43cb, 0x5c6a, 0x546a, 0x544a, 0x338c, 0x2b2d, 0x1aed, 0x338c, 0x4c2c, 0x4c2c,
0x440d, 0x440d, 0x3bce, 0x33ae, 0x230d, 0x230c, 0x2b2d, 0x230c, 0x22cc, 0x1aab, 0x1a6b, 0x2b2c, 0x43ed, 0x336b, 0x440a, 0x442b,
0x3c0d, 0x442d, 0x3c0c, 0x5cd2, 0x6d35, 0x74f4, 0xce9a, 0xdedb, 0xdefc, 0xef5c, 0xd699, 0x8cb4, 0x8c73, 0x8473, 0x6453, 0x63d0,
0x634e, 0x6390, 0x53d0, 0x338c, 0x2b8c, 0x43f0, 0x4cb4, 0x4cb3, 0x4493, 0x4493, 0x3c73, 0x4452, 0x3c32, 0x4431, 0x3c11, 0x33d0,
0x2b8f, 0x338f, 0x336f, 0x336f, 0x338f, 0x3b8f, 0x336f, 0x4452, 0x4cd4, 0x54d4, 0x5cf4, 0x54d4, 0x54d4, 0x54b4, 0x4c94, 0x4494,
0x4c94, 0x4c94, 0x54d4, 0x4c93, 0x4c93, 0x4cb4, 0x54b4, 0x54f5, 0x54d4, 0x4cb4, 0x4cd4, 0x54f5, 0x4cd5, 0x4cb5, 0x4cb5, 0x4c70,
0x440b, 0x4c4e, 0x54d5, 0x4c94, 0x4c94, 0x4cb4, 0x4cb1, 0x6d0b, 0x750a, 0x752a, 0x4c4b, 0x3c2b, 0x3c2c, 0x3c0d, 0x3bee, 0x54d5,
0x54d5, 0x54b4, 0x4c94, 0x4410, 0x4c31, 0x4cb4, 0x54d4, 0x6515, 0x6515, 0x54b3, 0x54d4, 0x54f4, 0x5cf4, 0x54d4, 0x54d4, 0x54b4,
0x54d4, 0x54d4, 0x5cf5, 0x54d5, 0x54d5, 0x4cb4, 0x5491, 0x444b, 0x444b, 0x4c6e, 0x54f5, 0x54d5, 0x54d5, 0x5cd5, 0x440c, 0x43e9,
0x43ea, 0x33aa, 0x230a, 0x1aab, 0x1acb, 0x128a, 0x3c31, 0x5d13, 0x3c0b, 0x3c0b, 0x444b, 0x5caa, 0x64eb, 0x6ceb, 0x3beb, 0x2b4b,
0x2b6b, 0x33aa, 0x5449, 0x43e9, 0x2b4a, 0x22eb, 0x22ec, 0x0acb, 0x4b2c, 0xd48c, 0xc48c, 0xc4ad, 0xc48c, 0xc46c, 0xc48c, 0xcc8c,
0xcc8c, 0xd4ab, 0xc46b, 0xb3ab, 0x834b, 0x1a8b, 0x1aeb, 0x230b, 0x43ea, 0x4c29, 0x334a, 0x22eb, 0x22eb, 0x22eb, 0x12ab, 0x128b,
0x1aeb, 0x2b4a, 0x22ca, 0x1a8a, 0x1a8a, 0x1a8a, 0x1a8a, 0x1269, 0x1269, 0x1249, 0x1249, 0x124a, 0x124a, 0x124a, 0x126a, 0x126a,
0x1acb, 0x1acb, 0x232c, 0x2b2b, 0x128a, 0x1aab, 0x1aab, 0x1a8b, 0x128a, 0x126a, 0x2b0a, 0x43ca, 0x4c2a, 0x64aa, 0x3baa, 0x338b,
0x2b6b, 0x338b, 0x440b, 0x338b, 0x22eb, 0x1aab, 0x1aab, 0x1a8b, 0x1a8a, 0x1a8b, 0x1a8b, 0x1a8b, 0x1acb, 0x1aab, 0x1aeb, 0x4c2b,
0x4c6b, 0x440b, 0x230a, 0x22ca, 0x22ca, 0x1a6a, 0x124a, 0x1a6a, 0x1a6a, 0x1a6a, 0x124a, 0x3bac, 0x3bac, 0x2b2b, 0x3b0b, 0xb4ce,
0xed50, 0xe52f, 0xf590, 0xedb0, 0xe50e, 0xed2e, 0xed0e, 0xe4cd, 0xe4ed, 0xe4cd, 0xeced, 0xed0e, 0xc42c, 0xabcb, 0xb3cb, 0x6b4c,
0x230c, 0x1b0c, 0x3bcb, 0x4c0b, 0x3b8b, 0x2b4c, 0x1b0d, 0x234b, 0x3bea, 0x4c6a, 0x440b, 0x442b, 0x546b, 0x546c, 0x338c, 0x338c,
0x3bab, 0x3bab, 0x338a, 0x338a, 0x2b0a, 0x1a8a, 0x2b29, 0x2b4a, 0x1aab, 0x1aab, 0x1aab, 0x1aab, 0x1acb, 0x1acb, 0x1b0c, 0x4c93,
0x5cf2, 0x64ed, 0x4cb0, 0x54d5, 0x54d5, 0x54b4, 0x4c94, 0x54d4, 0x5cb3, 0x4c52, 0x3c11, 0x33d1, 0x33b0, 0x338f, 0x3bd0, 0x4431,
0x5493, 0x5cb4, 0x6516, 0x6516, 0x6536, 0x6512, 0x5d0f, 0x64e9, 0x54a9, 0x4429, 0x4429, 0x440b, 0x442f, 0x54f6, 0x4cb5, 0x4c94,
0x4c94, 0x4c74, 0x54b5, 0x54d6, 0x5cf6, 0x5cf5, 0x6532, 0x6509, 0x5489, 0x4c49, 0x546c, 0x5d15, 0x5d15, 0x5cf5, 0x5d15, 0x5d15,
0x6535, 0x5cd4, 0x54b4, 0x4cb4, 0x54b3, 0x54b3, 0x4c93, 0x4c73, 0x4c73, 0x5494, 0x64f5, 0x6d36, 0x5cd5, 0x54d5, 0x54b4, 0x54b4,
0x5cd4, 0x54b4, 0x54d4, 0x5cd4, 0x64f3, 0x5cf4, 0x5cf5, 0x5cd4, 0x54b4, 0x5cd3, 0x54b2, 0x54b4, 0x6514, 0x5cd1, 0x54b0, 0x4c70,
0x442f, 0x440f, 0x43ef, 0x3bcf, 0x33af, 0x33cf, 0x33af, 0x33af, 0x33cf, 0x3c0f, 0x3c0f, 0x4471, 0x54b1, 0x546d, 0x440d, 0x2b6e,
0x338e, 0x33ce, 0x234e, 0x1aed, 0x1aed, 0x230d, 0x2b0d, 0x22ed, 0x2aed, 0x43ad, 0x440e, 0x440e, 0x440e, 0x442f, 0x4c71, 0x3bf0,
0x33b0, 0x3bd0, 0x33d0, 0x3bf0, 0x3c11, 0x3c31, 0x4452, 0x4c50, 0x3bed, 0x2b2c, 0x1acc, 0x1aac, 0x22cc, 0x1aac, 0x33b0, 0x4cd5,
0x44b3, 0x3c4e, 0x4c8d, 0x444d, 0x33ce, 0x2b8d, 0x2b8e, 0x232d, 0x1acc, 0x22cc, 0x1acc, 0x4432, 0x5cf5, 0x5cd4, 0x54b4, 0x5cd4,
0x5cf4, 0x54b4, 0x54b4, 0x5493, 0x8492, 0xa4b1, 0xacf2, 0xb4d2, 0x9c92, 0x7cf4, 0x64d5, 0x5cd5, 0x5cf5, 0x5d15, 0x5ccc, 0x54ab,
0x54ab, 0x4c8b, 0x54d2, 0x5d16, 0x54f5, 0x54d4, 0x54b4, 0x4cb4, 0x4c94, 0x54b3, 0x54b3, 0x4c94, 0x4c73, 0x4c73, 0x4473, 0x4c73,
0x4c93, 0x4c93, 0x4c93, 0x54b3, 0x5cd3, 0x5cd4, 0x5cd4, 0x5cf4, 0x5cf4, 0x5cf4, 0x5cd4, 0x54b4, 0x54b3, 0x54b3, 0x4c93, 0x5493,
0x4c93, 0x4c93, 0x4c73, 0x5492, 0x4c72, 0x4c52, 0x4432, 0x3c11, 0x4411, 0x4411, 0x4411, 0x4432, 0x4452, 0x4452, 0x4c92, 0x54b3,
0x54b3, 0x5493, 0x54b3, 0x54d4, 0x54d4, 0x54b4, 0x54d4, 0x54b4, 0x4c94, 0x4c94, 0x54b4, 0x5494, 0x5494, 0x5494, 0x5cf3, 0x5cd3,

/* -47- */
0x1aab, 0x1aab, 0x1acb, 0x22eb, 0x2b0a, 0x1aab, 0x1a8b, 0x1a8b, 0x1a8a, 0x3329, 0x2ae9, 0x22ea, 0x3b6a, 0x5c6a, 0x3b6a, 0x2aea,
0x22ca, 0x2aeb, 0x3bab, 0x334b, 0x1a8b, 0x1aab, 0x1aab, 0x1aab, 0x1a8a, 0x1a8a, 0x1a8a, 0x1a8b, 0x1a6b, 0x22ea, 0x3baa, 0x5c8a,
0x548a, 0x546a, 0x3ba9, 0x22a9, 0x1a4a, 0x124a, 0x126a, 0x126a, 0x1a8a, 0x1aab, 0x230b, 0x3bec, 0x33cc, 0x5bac, 0xed6e, 0xed8f,
0xf6d9, 0xf71a, 0xf5d2, 0xf54e, 0xf54d, 0xf52d, 0xfd4e, 0xfd6e, 0xf52e, 0xfdf1, 0xed0e, 0xd42c, 0xbc0c, 0xbbeb, 0xbc0b, 0xabcc,
0x736c, 0x230c, 0x442b, 0x5c8a, 0x43eb, 0x3b8c, 0x746a, 0x5bca, 0x434a, 0x336b, 0x336b, 0x336b, 0x440c, 0x442c, 0x33cc, 0x3bcb,
0x33ab, 0x2b4b, 0x2b6b, 0x33aa, 0x230a, 0x1a6a, 0x22ca, 0x22aa, 0x1a6a, 0x1a8a, 0x1a8a, 0x1a8a, 0x1a8a, 0x1a8a, 0x22ec, 0x64d1,
0x6d0f, 0x4c6a, 0x33cd, 0x54b3, 0x4cb4, 0x44b5, 0x4494, 0x54d4, 0x6d35, 0x54b4, 0x3c32, 0x3c31, 0x3c10, 0x2bb0, 0x4452, 0x4c93,
0x4453, 0x4453, 0x4cb5, 0x4cb4, 0x5cd1, 0x64cb, 0x64c9, 0x5ca9, 0x5469, 0x4c0a, 0x4409, 0x33a9, 0x33ac, 0x3c31, 0x4494, 0x54d5,
0x4cb5, 0x4494, 0x4cb5, 0x4cb5, 0x54f4, 0x64ee, 0x5cca, 0x64e8, 0x5469, 0x4c4a, 0x442b, 0x3bcd, 0x3bee, 0x64f4, 0x54f5, 0x4cd5,
0x54f5, 0x54d4, 0x6d33, 0x5cb3, 0x4c73, 0x4c93, 0x4474, 0x4453, 0x4474, 0x4474, 0x54b4, 0x5cf5, 0x4cb4, 0x4cb4, 0x4cb4, 0x4c94,
0x4c94, 0x4c94, 0x4c94, 0x54d5, 0x6512, 0x5cf3, 0x54d5, 0x4cb4, 0x4c94, 0x54d1, 0x5caf, 0x4c93, 0x64f1, 0x64cd, 0x4410, 0x33b0,
0x33b0, 0x3bf0, 0x3390, 0x33af, 0x4c2e, 0x2b4e, 0x232e, 0x2b2e, 0x234e, 0x3bed, 0x3bcc, 0x33ae, 0x546e, 0x440d, 0x3bad, 0x2b6e,
0x236e, 0x234d, 0x1b2e, 0x3bed, 0x4bec, 0x230d, 0x230d, 0x334d, 0x334d, 0x2b6d, 0x33ae, 0x33ae, 0x338e, 0x338f, 0x3bef, 0x336e,
0x2b6e, 0x6491, 0x5430, 0x2baf, 0x2baf, 0x236f, 0x4473, 0x6d30, 0x546d, 0x2b4d, 0x22ec, 0x22ec, 0x22ed, 0x1aed, 0x3c10, 0x5d12,
0x5cf0, 0x3c0d, 0x442d, 0x3bed, 0x33ad, 0x2b4d, 0x232d, 0x22ec, 0x1aac, 0x1aab, 0x128b, 0x4432, 0x5cf4, 0x5cd3, 0x54b4, 0x54d4,
0x4cd4, 0x4494, 0x4473, 0x4453, 0x7472, 0x8c93, 0xa4f3, 0xbd13, 0x7c75, 0x6cd5, 0x54b5, 0x5515, 0x54d4, 0x4c8f, 0x5ca9, 0x54a8,
0x4c69, 0x4c69, 0x444d, 0x4451, 0x4cb3, 0x4cb4, 0x44b4, 0x3c94, 0x4494, 0x8591, 0x64d2, 0x3c33, 0x3c33, 0x3c33, 0x64f1, 0x54b2,
0x4473, 0x4473, 0x3c53, 0x4cb3, 0x6d30, 0x4cb3, 0x4cb4, 0x4cb4, 0x7533, 0x54b3, 0x4c94, 0x4c94, 0x4c94, 0x6d12, 0x64cf, 0x4471,
0x4452, 0x4453, 0x5cb2, 0x4452, 0x4452, 0x3c11, 0x33f1, 0x33d1, 0x4432, 0x3bf1, 0x33d1, 0x3c12, 0x2bb1, 0x2bd2, 0x5490, 0x4c71,
0x4453, 0x4473, 0x54b4, 0x7d71, 0x8590, 0x856f, 0x6d13, 0x44b5, 0x6513, 0x8570, 0x54b3, 0x4c94, 0x4474, 0x4474, 0x54d3, 0x54b3,
0x4494, 0x4c94, 0x4454, 0x54b2, 0x7573, 0x4452, 0x3c32, 0x3c32, 0x3c32, 0x3c32, 0x3c53, 0x3c53, 0x3c53, 0x4473, 0x4472, 0x4c72,
0x4453, 0x3c53, 0x3432, 0x4c94, 0x6535, 0x54b4, 0x4c94, 0x54d4, 0x54d4, 0x54d4, 0x5cd4, 0x5492, 0x4c92, 0x54d4, 0x4cb5, 0x54d5,
0x5d36, 0x4c91, 0x3c0c, 0x3c0d, 0x230c, 0x1aac, 0x1aac, 0x1aab, 0x1aac, 0x4c92, 0x4cb2, 0x234c, 0x1acb, 0x2b4b, 0x1a8a, 0x1a4a,
0x1a6a, 0x1a6a, 0x22ea, 0x336b, 0x3bcb, 0x1b0c, 0x2b4c, 0x33cd, 0x33cd, 0x2b6c, 0x33ac, 0x43cb, 0x334b, 0x22eb, 0x22ab, 0x1a8a,
0x1a6a, 0x1a6a, 0x126a, 0x230b, 0x33ab, 0x3bec, 0x4c6c, 0x4c8c, 0x444d, 0x33ac, 0x2b6c, 0x1aec, 0x2b4b, 0x3bca, 0x1acb, 0x1a8a,
0x228a, 0x1a8b, 0x3b0b, 0x7bcd, 0xf56e, 0xfd4d, 0xf54e, 0xf54e, 0xed0d, 0xed2e, 0xd4ad, 0xb3eb, 0x6bce, 0x4390, 0xd4ed, 0xf5af,
0xedf2, 0xf613, 0xd4cd, 0xd4ce, 0xdd91, 0xdcad, 0xe4cd, 0xed8f, 0xe4ed, 0xe4ed, 0xdc8c, 0xd48c, 0xabab, 0x8bf0, 0x8cb3, 0x63aa,
0x532b, 0x5b6e, 0x5b6e, 0x8bd1, 0x738f, 0x2aab, 0x126a, 0x1a8a, 0x1a8a, 0x126a, 0x22cb, 0x3b4b, 0x22cb, 0x1acb, 0x2b0b, 0x336b,
0x33ab, 0x338c, 0x338c, 0x2b6c, 0x33ab, 0x230b, 0x1aab, 0x43cb, 0x43ab, 0x1a8b, 0x1a8b, 0x1a8b, 0x1a8b, 0x1aab, 0x1a8b, 0x1aab,
0x22eb, 0x230c, 0x4430, 0x54b0, 0x64ee, 0x7d6c, 0x64eb, 0x444b, 0x2bac, 0x2bcd, 0x2bac, 0x4451, 0x54f4, 0x4cb3, 0x4cb1, 0x6d30,
0x5cb1, 0x3c32, 0x64f1, 0x752f, 0x7d0f, 0x74ef, 0x3bf1, 0x33f2, 0x3c13, 0x6d0f, 0x7d2e, 0x54b1, 0x3c52, 0x3c31, 0x3410, 0x5c8d,
0x6cad, 0x3bef, 0x33cf, 0x33ae, 0x33ae, 0x338d, 0x234e, 0x230e, 0x4bca, 0x43aa, 0x22ec, 0x1aac, 0x1acd, 0x3bad, 0x64aa, 0x4c2b,
0x3bed, 0x4c2c, 0x3bec, 0x2b4d, 0x22ed, 0x43cc, 0x5c8c, 0x43cc, 0x338c, 0x43ec, 0x43ec, 0x334c, 0x1aac, 0x43cb, 0x546a, 0x3bcc,
0x234d, 0x33ad, 0x33ae, 0x2b6e, 0x43ed, 0x3bac, 0x1aec, 0x1acc, 0x1a8c, 0x2b0b, 0x3b4b, 0x22ec, 0x230c, 0x22ec, 0x2b6c, 0x338c,
0x338d, 0x33ad, 0x338c, 0x440e, 0x4c30, 0x438f, 0xcedc, 0xd6fb, 0x7cd4, 0x8d55, 0xd6db, 0xb61a, 0xa557, 0x6c52, 0x53d1, 0x53d1,
0x4b71, 0x5b92, 0x4b70, 0x3bcb, 0x440b, 0x338d, 0x33d0, 0x4451, 0x7550, 0x856f, 0x7ced, 0x3bd0, 0x2bd1, 0x33d1, 0x4c30, 0x64ae,
0x43ee, 0x232f, 0x2b4f, 0x2b4f, 0x2b6f, 0x336f, 0x338f, 0x33b1, 0x4451, 0x6cce, 0x64af, 0x7531, 0x6cf2, 0x64f3, 0x7552, 0x7552,
0x54d3, 0x4cb4, 0x54b3, 0x54d4, 0x5cd4, 0x4cb4, 0x4cb4, 0x4494, 0x4473, 0x4cb4, 0x4c94, 0x4493, 0x4493, 0x4451, 0x4c70, 0x5cac,
0x4c4b, 0x3beb, 0x3410, 0x4473, 0x4473, 0x54b2, 0x54ce, 0x650b, 0x64eb, 0x64ea, 0x4c6b, 0x446b, 0x3bec, 0x2b8c, 0x440d, 0x5cf4,
0x54d5, 0x54b5, 0x5cd4, 0x4bef, 0x3baf, 0x4453, 0x4c94, 0x4cb5, 0x54b5, 0x4c94, 0x54b4, 0x54d3, 0x4473, 0x4c94, 0x54d5, 0x4cb4,
0x54f5, 0x54f5, 0x54d4, 0x54d5, 0x54d5, 0x4c92, 0x4c6a, 0x5488, 0x4c49, 0x442b, 0x444f, 0x54b4, 0x64f5, 0x5cd3, 0x3bcb, 0x3ba9,
0x3baa, 0x232a, 0x1aca, 0x1aab, 0x1acb, 0x128b, 0x4c6e, 0x6d2e, 0x3bea, 0x548a, 0x440b, 0x444b, 0x54ac, 0x5cec, 0x33cd, 0x2b6c,
0x2b6c, 0x2b4c, 0x338b, 0x2b2b, 0x1a8b, 0x1a8a, 0x1a69, 0x6b6b, 0xac2c, 0xfd2c, 0xfd2c, 0xf4ec, 0xf58e, 0xfd6e, 0xfd2d, 0xfd2d,
0xfd6e, 0xeced, 0xbc2e, 0xac0e, 0xa3ee, 0x7b6d, 0x3acb, 0x1a8a, 0x334a, 0x3b6a, 0x22eb, 0x22ec, 0x1aec, 0x1acb, 0x3b6b, 0x2aea,
0x1a8a, 0x22aa, 0x1a8a, 0x1a8a, 0x1a6a, 0x1a6a, 0x1a49, 0x32e9, 0x3b09, 0x1a69, 0x1229, 0x1249, 0x2ac9, 0x2289, 0x126a, 0x126a,
0x1aab, 0x1aab, 0x1acb, 0x22eb, 0x2b0a, 0x1aab, 0x1a8b, 0x1a8b, 0x1a8a, 0x3329, 0x2ae9, 0x22ea, 0x3b6a, 0x5c6a, 0x3b6a, 0x2aea,
0x22ca, 0x2aeb, 0x3bab, 0x334b, 0x1a8b, 0x1aab, 0x1aab, 0x1aab, 0x1a8a, 0x1a8a, 0x1a8a, 0x1a8b, 0x1a6b, 0x22ea, 0x3baa, 0x5c8a,
0x548a, 0x546a, 0x3ba9, 0x22a9, 0x1a4a, 0x124a, 0x126a, 0x126a, 0x1a8a, 0x1aab, 0x230b, 0x3bec, 0x33cc, 0x5bac, 0xed6e, 0xed8f,
0xf6d9, 0xf71a, 0xf5d2, 0xf54e, 0xf54d, 0xf52d, 0xfd4e, 0xfd6e, 0xf52e, 0xfdf1, 0xed0e, 0xd42c, 0xbc0c, 0xbbeb, 0xbc0b, 0xabcc,
0x736c, 0x230c, 0x442b, 0x5c8a, 0x43eb, 0x3b8c, 0x746a, 0x5bca, 0x434a, 0x336b, 0x336b, 0x336b, 0x440c, 0x442c, 0x33cc, 0x3bcb,
0x33ab, 0x2b4b, 0x2b6b, 0x33aa, 0x230a, 0x1a6a, 0x22ca, 0x22aa, 0x1a6a, 0x1a8a, 0x1a8a, 0x1a8a, 0x1a8a, 0x1a8a, 0x22ec, 0x64d1,
0x6d0f, 0x4c6a, 0x33cd, 0x54b3, 0x4cb4, 0x44b5, 0x4494, 0x54d4, 0x6d35, 0x54b4, 0x3c32, 0x3c31, 0x3c10, 0x2bb0, 0x4452, 0x4c93,
0x4453, 0x4453, 0x4cb5, 0x4cb4, 0x5cd1, 0x64cb, 0x64c9, 0x5ca9, 0x5469, 0x4c0a, 0x4409, 0x33a9, 0x33ac, 0x3c31, 0x4494, 0x54d5,
0x4cb5, 0x4494, 0x4cb5, 0x4cb5, 0x54f4, 0x64ee, 0x5cca, 0x64e8, 0x5469, 0x4c4a, 0x442b, 0x3bcd, 0x3bee, 0x64f4, 0x54f5, 0x4cd5,
0x54f5, 0x54d4, 0x6d33, 0x5cb3, 0x4c73, 0x4c93, 0x4474, 0x4453, 0x4474, 0x4474, 0x54b4, 0x5cf5, 0x4cb4, 0x4cb4, 0x4cb4, 0x4c94,
0x4c94, 0x4c94, 0x4c94, 0x54d5, 0x6512, 0x5cf3, 0x54d5, 0x4cb4, 0x4c94, 0x54d1, 0x5caf, 0x4c93, 0x64f1, 0x64cd, 0x4410, 0x33b0,
0x33b0, 0x3bf0, 0x3390, 0x33af, 0x4c2e, 0x2b4e, 0x232e, 0x2b2e, 0x234e, 0x3bed, 0x3bcc, 0x33ae, 0x546e, 0x440d, 0x3bad, 0x2b6e,
0x236e, 0x234d, 0x1b2e, 0x3bed, 0x4bec, 0x230d, 0x230d, 0x334d, 0x334d, 0x2b6d, 0x33ae, 0x33ae, 0x338e, 0x338f, 0x3bef, 0x336e,
0x2b6e, 0x6491, 0x5430, 0x2baf, 0x2baf, 0x236f, 0x4473, 0x6d30, 0x546d, 0x2b4d, 0x22ec, 0x22ec, 0x22ed, 0x1aed, 0x3c10, 0x5d12,
0x5cf0, 0x3c0d, 0x442d, 0x3bed, 0x33ad, 0x2b4d, 0x232d, 0x22ec, 0x1aac, 0x1aab, 0x128b, 0x4432, 0x5cf4, 0x5cd3, 0x54b4, 0x54d4,
0x4cd4, 0x4494, 0x4473, 0x4453, 0x7472, 0x8c93, 0xa4f3, 0xbd13, 0x7c75, 0x6cd5, 0x54b5, 0x5515, 0x54d4, 0x4c8f, 0x5ca9, 0x54a8,
0x4c69, 0x4c69, 0x444d, 0x4451, 0x4cb3, 0x4cb4, 0x44b4, 0x3c94, 0x4494, 0x8591, 0x64d2, 0x3c33, 0x3c33, 0x3c33, 0x64f1, 0x54b2,
0x4473, 0x4473, 0x3c53, 0x4cb3, 0x6d30, 0x4cb3, 0x4cb4, 0x4cb4, 0x7533, 0x54b3, 0x4c94, 0x4c94, 0x4c94, 0x6d12, 0x64cf, 0x4471,
0x4452, 0x4453, 0x5cb2, 0x4452, 0x4452, 0x3c11, 0x33f1, 0x33d1, 0x4432, 0x3bf1, 0x33d1, 0x3c12, 0x2bb1, 0x2bd2, 0x5490, 0x4c71,
0x4453, 0x4473, 0x54b4, 0x7d71, 0x8590, 0x856f, 0x6d13, 0x44b5, 0x6513, 0x8570, 0x54b3, 0x4c94, 0x4474, 0x4474, 0x54d3, 0x54b3,

/* -48- */
0x1a8a, 0x1a8a, 0x1249, 0x1a8a, 0x4bca, 0x22cb, 0x12ab, 0x12ab, 0x1aeb, 0x5ca9, 0x3baa, 0x128b, 0x230b, 0x43ab, 0x2aea, 0x1a6a,
0x1a49, 0x1a49, 0x228a, 0x1a6a, 0x124a, 0x1aab, 0x1aab, 0x1aab, 0x1a8b, 0x1a8a, 0x1a8a, 0x1aaa, 0x1a8a, 0x336a, 0x5ca9, 0x5489,
0x5469, 0x4c49, 0x54a9, 0x22ca, 0x122a, 0x22ea, 0x1a8a, 0x1a8a, 0x126a, 0x22eb, 0x4c0c, 0x3bec, 0x4c2d, 0xbcae, 0xcc6d, 0xbc4d,
0xef3b, 0xffff, 0xe5b3, 0xdcce, 0xdd2f, 0xc44b, 0xcc6b, 0xd4ad, 0xd48d, 0xccce, 0xc42c, 0xb3cc, 0xbbec, 0xb3eb, 0xab8a, 0xabcb,
0xa3ac, 0x6bce, 0x444c, 0x442c, 0x748a, 0xad2a, 0xad69, 0x740a, 0x5b0b, 0x3aec, 0x1a8b, 0x1a8b, 0x2b2b, 0x336b, 0x336b, 0x338b,
0x2b2b, 0x128b, 0x230b, 0x33ca, 0x2b2a, 0x1a8a, 0x1a8a, 0x1a6a, 0x1a6a, 0x1a6a, 0x1a6a, 0x1a6a, 0x124a, 0x22ca, 0x5c2c, 0x956d,
0x7d0b, 0x3bca, 0x2b6b, 0x5c4d, 0xa5ef, 0xa610, 0x9df1, 0xa631, 0xb691, 0xbe91, 0xb650, 0x7d70, 0x64ef, 0x7d2f, 0x9df1, 0x95b1,
0x95d1, 0x95d0, 0x95d1, 0x64ce, 0x4c2a, 0x756b, 0x9e2c, 0x5ca9, 0x4c29, 0x440a, 0x3be9, 0x2b8b, 0x2b8b, 0x1b0b, 0x7d4e, 0xced1,
0xb652, 0xb651, 0xb671, 0xbe90, 0x5cac, 0x7d4b, 0xa64c, 0x6ce8, 0x4c28, 0x4429, 0x3be9, 0x232a, 0x2b6a, 0x5c6e, 0x95b0, 0xb650,
0xa610, 0xae10, 0xc68e, 0xbe6e, 0x8d90, 0x8590, 0x95d0, 0x95b0, 0x8db0, 0x8db0, 0x95d0, 0x95f0, 0xa60f, 0xae2f, 0xa5ef, 0x8570,
0x8591, 0x7d71, 0x8591, 0x8dd1, 0x9e10, 0x9e10, 0x8592, 0x6d53, 0x6d32, 0x6d10, 0x6ced, 0x64ae, 0x6ced, 0x74cc, 0x542e, 0x4bef,
0x4bef, 0x542e, 0x4c0e, 0x64af, 0x9dee, 0x542f, 0x43ce, 0x540f, 0x4c0f, 0x750d, 0x74eb, 0x43ed, 0x6ced, 0x542d, 0x4c0e, 0x4bee,
0x43ce, 0x3bcd, 0x3bce, 0x8d8d, 0x9dad, 0x4c0e, 0x4c2e, 0x750f, 0x6cae, 0x3bae, 0x4bee, 0x542e, 0x4c0e, 0x43ef, 0x74ee, 0x852d,
0x5c6e, 0x9e12, 0x9dd2, 0x4c2e, 0x440e, 0x3c0e, 0x54b1, 0x7d70, 0x442d, 0x33ce, 0x2b4d, 0x230d, 0x232d, 0x1aec, 0x854d, 0xbe8b,
0x9dca, 0x4c4c, 0x336c, 0x2b2c, 0x2b2c, 0x2b4d, 0x230c, 0x1acc, 0x1aab, 0x1a8b, 0x336c, 0xae2f, 0xae0f, 0x9def, 0xbe91, 0xbe70,
0xae50, 0xa630, 0xa630, 0xa630, 0xa610, 0xa5f0, 0xb630, 0xc650, 0xa5f1, 0xa611, 0xae30, 0x5cee, 0x5ccc, 0x8d8b, 0x854a, 0x64a9,
0x4c29, 0x5469, 0x3bc9, 0x12ab, 0x74cd, 0xb66f, 0xa5ef, 0xa610, 0xa611, 0xc68e, 0xa5ef, 0x8570, 0x8590, 0x8db0, 0xcead, 0x9def,
0x85b0, 0x8db0, 0x8591, 0x9df0, 0xae4e, 0x95d1, 0x8dd2, 0x95d2, 0xbe4f, 0x9daf, 0x8570, 0x8591, 0x95b1, 0xc68f, 0xc68d, 0x8daf,
0x7d71, 0x7d71, 0x9df1, 0x8db1, 0x8590, 0x7d70, 0x7d50, 0x8550, 0x8591, 0x854f, 0x7d2f, 0x7d50, 0x7510, 0x7510, 0x8d8e, 0x856e,
0x7d51, 0x7d51, 0x8592, 0xae4f, 0xbe6d, 0xb64d, 0x95f1, 0x85b4, 0xae51, 0xcead, 0x95d1, 0x8db2, 0x8db1, 0x8591, 0x85b0, 0x8590,
0x7d51, 0x8571, 0x8570, 0x8db0, 0xa630, 0x8db1, 0x8d91, 0x8db0, 0x8db0, 0x8db0, 0x9dcf, 0xb64f, 0x9dcf, 0x95af, 0x9dcf, 0xa5ef,
0xae0e, 0x9dce, 0x95af, 0x95cf, 0x95f0, 0x95b0, 0x7d52, 0xae30, 0xc690, 0xceb1, 0xae4f, 0x6d0d, 0x444c, 0x754f, 0xbeb0, 0xbe8f,
0xced0, 0x74ee, 0x2b4b, 0x2b2b, 0x1a8b, 0x1a6b, 0x126b, 0x1a6a, 0x124a, 0xb62a, 0xc68a, 0x3bac, 0x1aeb, 0x1aab, 0x1a8b, 0x1a8b,
0x1a8b, 0x128a, 0x440a, 0x548b, 0x442a, 0x1acb, 0x1aab, 0x22eb, 0x2b4b, 0x2b4c, 0x336b, 0x230c, 0x1aab, 0x22eb, 0x22cb, 0x1a8a,
0x1a8a, 0x1a8a, 0x126a, 0x2b6a, 0x3bea, 0x33ab, 0x336c, 0x33ad, 0x338d, 0x232c, 0x230c, 0x1acc, 0x230b, 0x2b2b, 0x1aab, 0x1a6a,
0x1a4a, 0x1a6a, 0xa42c, 0xfd4d, 0xf54c, 0xf610, 0xf652, 0xed0c, 0xe4ed, 0xcc8c, 0x9bcb, 0x93cc, 0xac2d, 0x6b8e, 0x93cd, 0xddd5,
0xf71b, 0xff5b, 0xc510, 0xbd11, 0xde78, 0xccf0, 0xdd31, 0xf696, 0xdd71, 0xdd51, 0xcd31, 0xcd72, 0x9473, 0x8cb5, 0x8cd5, 0x6bed,
0x530b, 0x532c, 0x530c, 0x8432, 0x9494, 0x32ec, 0x1249, 0x1a6a, 0x1a6a, 0x1229, 0x2aeb, 0x748e, 0x2b0b, 0x1aab, 0x1aab, 0x22eb,
0x2b2b, 0x2b2c, 0x22cb, 0x2b4c, 0x336b, 0x22eb, 0x1aab, 0x22cb, 0x22cb, 0x1a8b, 0x1a8b, 0x22cb, 0x1acb, 0x1acb, 0x1aab, 0x1aec,
0x548e, 0x442d, 0x74ec, 0x64ab, 0x546b, 0x752b, 0x548a, 0x3c0b, 0x2bac, 0x2b8c, 0x338c, 0x3bce, 0x4410, 0x74ee, 0x95ad, 0x95ce,
0x7d2f, 0x5cd2, 0x9dd0, 0xae0e, 0xb62d, 0xb62c, 0x6cd1, 0x5cb2, 0x64d2, 0x95cf, 0xa60d, 0x6cf0, 0x5491, 0x4c70, 0x4450, 0x95ad,
0xadeb, 0x5c6e, 0x4c2e, 0x4c0e, 0x4c2e, 0x4c0e, 0x4bee, 0x542e, 0x854b, 0x850a, 0x4bcc, 0x438c, 0x43ad, 0x750e, 0xc6aa, 0x6cac,
0x43cc, 0x5c6b, 0x648c, 0x2b2c, 0x126c, 0x5c4d, 0x64cc, 0x3bcd, 0x236e, 0x338d, 0x43ed, 0x336d, 0x22ec, 0x4beb, 0x4bca, 0x334b,
0x2aec, 0x3b8d, 0x43ed, 0x338d, 0x64ae, 0x6ccc, 0x3b8d, 0x3b6d, 0x336d, 0x646c, 0x850c, 0x4bed, 0x3b8d, 0x43ad, 0x43ce, 0x43ae,
0x43ae, 0x3bad, 0x4bed, 0x43cc, 0x3b6a, 0x3b6b, 0xa615, 0xae14, 0x436a, 0x3308, 0xb636, 0xf7bc, 0xd6b8, 0x748f, 0x53cd, 0x644f,
0x640f, 0x5c0f, 0x53ee, 0x5c6c, 0x648b, 0x4c0d, 0x3bad, 0x4c2d, 0xb62c, 0xe6eb, 0xc62a, 0x5c4e, 0x4c50, 0x5c70, 0x6cef, 0x95cd,
0x854e, 0x4c2f, 0x544e, 0x542e, 0x542e, 0x5c6e, 0x5c8f, 0x5c90, 0x7510, 0x854c, 0x750d, 0x8db1, 0x7d72, 0x9e12, 0xd6cd, 0xc68d,
0x9df0, 0xa630, 0xbe91, 0xbe91, 0xb671, 0xb670, 0xa60f, 0xa610, 0xa610, 0xae2f, 0xae4f, 0xa5ee, 0x5cad, 0x4c2c, 0x4c2b, 0x856b,
0x74ea, 0x33aa, 0x2b8c, 0x8d8f, 0xc6d0, 0xb64f, 0x64cb, 0x5ccb, 0x548b, 0x4c6b, 0x442b, 0x444b, 0x338b, 0x230c, 0x64ae, 0x8550,
0xae30, 0xae2f, 0x95cf, 0x5c6e, 0x336d, 0x74ee, 0xae2f, 0xb64f, 0xa60f, 0x9def, 0x9e0f, 0xae4e, 0x754d, 0x650f, 0xc6b1, 0xbe91,
0xb671, 0xb671, 0xb670, 0x9e30, 0x7d70, 0x858d, 0x95cb, 0x7d6a, 0x5cca, 0x548b, 0x3bca, 0x542d, 0x9e0e, 0xb68e, 0x3baa, 0x2b69,
0x336a, 0x1acb, 0x128a, 0x1a8a, 0x1a8a, 0x0a09, 0x5c6c, 0x858d, 0x440a, 0x85ca, 0x4c4b, 0x2b8c, 0x33cc, 0x33cc, 0x2b4c, 0x232c,
0x2b2c, 0x232c, 0x1acc, 0x1aab, 0x1a8b, 0x32ca, 0x634a, 0xdccc, 0xe50d, 0xedd0, 0xf651, 0xf56e, 0xf5d0, 0xf58f, 0xf54e, 0xf56e,
0xe4ad, 0xb3cc, 0xa3ae, 0x93ae, 0x8b8c, 0xa3ed, 0x9c0d, 0x5b0b, 0x22ab, 0x22cc, 0x22ec, 0x22ec, 0x1aec, 0x12ab, 0x436a, 0x2aca,
0x1249, 0x1a49, 0x1a49, 0x1a49, 0x122a, 0x1249, 0x1a69, 0x5be9, 0x6c69, 0x22aa, 0x0a0a, 0x1a6a, 0x4ba9, 0x3b49, 0x1a6a, 0x124a,
0x1a8a, 0x1a8a, 0x1249, 0x1a8a, 0x4bca, 0x22cb, 0x12ab, 0x12ab, 0x1aeb, 0x5ca9, 0x3baa, 0x128b, 0x230b, 0x43ab, 0x2aea, 0x1a6a,
0x1a49, 0x1a49, 0x228a, 0x1a6a, 0x124a, 0x1aab, 0x1aab, 0x1aab, 0x1a8b, 0x1a8a, 0x1a8a, 0x1aaa, 0x1a8a, 0x336a, 0x5ca9, 0x5489,
0x5469, 0x4c49, 0x54a9, 0x22ca, 0x122a, 0x22ea, 0x1a8a, 0x1a8a, 0x126a, 0x22eb, 0x4c0c, 0x3bec, 0x4c2d, 0xbcae, 0xcc6d, 0xbc4d,
0xef3b, 0xffff, 0xe5b3, 0xdcce, 0xdd2f, 0xc44b, 0xcc6b, 0xd4ad, 0xd48d, 0xccce, 0xc42c, 0xb3cc, 0xbbec, 0xb3eb, 0xab8a, 0xabcb,
0xa3ac, 0x6bce, 0x444c, 0x442c, 0x748a, 0xad2a, 0xad69, 0x740a, 0x5b0b, 0x3aec, 0x1a8b, 0x1a8b, 0x2b2b, 0x336b, 0x336b, 0x338b,
0x2b2b, 0x128b, 0x230b, 0x33ca, 0x2b2a, 0x1a8a, 0x1a8a, 0x1a6a, 0x1a6a, 0x1a6a, 0x1a6a, 0x1a6a, 0x124a, 0x22ca, 0x5c2c, 0x956d,
0x7d0b, 0x3bca, 0x2b6b, 0x5c4d, 0xa5ef, 0xa610, 0x9df1, 0xa631, 0xb691, 0xbe91, 0xb650, 0x7d70, 0x64ef, 0x7d2f, 0x9df1, 0x95b1,
0x95d1, 0x95d0, 0x95d1, 0x64ce, 0x4c2a, 0x756b, 0x9e2c, 0x5ca9, 0x4c29, 0x440a, 0x3be9, 0x2b8b, 0x2b8b, 0x1b0b, 0x7d4e, 0xced1,
0xb652, 0xb651, 0xb671, 0xbe90, 0x5cac, 0x7d4b, 0xa64c, 0x6ce8, 0x4c28, 0x4429, 0x3be9, 0x232a, 0x2b6a, 0x5c6e, 0x95b0, 0xb650,
0xa610, 0xae10, 0xc68e, 0xbe6e, 0x8d90, 0x8590, 0x95d0, 0x95b0, 0x8db0, 0x8db0, 0x95d0, 0x95f0, 0xa60f, 0xae2f, 0xa5ef, 0x8570,
0x8591, 0x7d71, 0x8591, 0x8dd1, 0x9e10, 0x9e10, 0x8592, 0x6d53, 0x6d32, 0x6d10, 0x6ced, 0x64ae, 0x6ced, 0x74cc, 0x542e, 0x4bef,
0x4bef, 0x542e, 0x4c0e, 0x64af, 0x9dee, 0x542f, 0x43ce, 0x540f, 0x4c0f, 0x750d, 0x74eb, 0x43ed, 0x6ced, 0x542d, 0x4c0e, 0x4bee,
0x43ce, 0x3bcd, 0x3bce, 0x8d8d, 0x9dad, 0x4c0e, 0x4c2e, 0x750f, 0x6cae, 0x3bae, 0x4bee, 0x542e, 0x4c0e, 0x43ef, 0x74ee, 0x852d,
0x5c6e, 0x9e12, 0x9dd2, 0x4c2e, 0x440e, 0x3c0e, 0x54b1, 0x7d70, 0x442d, 0x33ce, 0x2b4d, 0x230d, 0x232d, 0x1aec, 0x854d, 0xbe8b,
0x9dca, 0x4c4c, 0x336c, 0x2b2c, 0x2b2c, 0x2b4d, 0x230c, 0x1acc, 0x1aab, 0x1a8b, 0x336c, 0xae2f, 0xae0f, 0x9def, 0xbe91, 0xbe70,
0xae50, 0xa630, 0xa630, 0xa630, 0xa610, 0xa5f0, 0xb630, 0xc650, 0xa5f1, 0xa611, 0xae30, 0x5cee, 0x5ccc, 0x8d8b, 0x854a, 0x64a9,
0x4c29, 0x5469, 0x3bc9, 0x12ab, 0x74cd, 0xb66f, 0xa5ef, 0xa610, 0xa611, 0xc68e, 0xa5ef, 0x8570, 0x8590, 0x8db0, 0xcead, 0x9def,
0x85b0, 0x8db0, 0x8591, 0x9df0, 0xae4e, 0x95d1, 0x8dd2, 0x95d2, 0xbe4f, 0x9daf, 0x8570, 0x8591, 0x95b1, 0xc68f, 0xc68d, 0x8daf,
0x7d71, 0x7d71, 0x9df1, 0x8db1, 0x8590, 0x7d70, 0x7d50, 0x8550, 0x8591, 0x854f, 0x7d2f, 0x7d50, 0x7510, 0x7510, 0x8d8e, 0x856e,
0x7d51, 0x7d51, 0x8592, 0xae4f, 0xbe6d, 0xb64d, 0x95f1, 0x85b4, 0xae51, 0xcead, 0x95d1, 0x8db2, 0x8db1, 0x8591, 0x85b0, 0x8590,

/* -49- */
0x1a8a, 0x1a8a, 0x124a, 0x1a8a, 0x4389, 0x22ca, 0x128a, 0x2b2a, 0x334a, 0x336a, 0x230b, 0x1acc, 0x1aeb, 0x1acb, 0x1a8a, 0x1a8a,
0x1a6a, 0x1a6a, 0x1a49, 0x2289, 0x22ca, 0x1aca, 0x1aca, 0x1aaa, 0x1aaa, 0x1a8a, 0x128a, 0x43ea, 0x546a, 0x4c4a, 0x4c6a, 0x4c8a,
0x4c4a, 0x440a, 0x440a, 0x2aea, 0x22ca, 0x2b49, 0x1a8a, 0x1209, 0x1a69, 0x2b2a, 0x43cb, 0x2b8a, 0x43cc, 0xc594, 0xc594, 0xc5b4,
0xf77d, 0xffbe, 0xff9d, 0xf79d, 0xef5d, 0xad12, 0xad12, 0xad12, 0xad13, 0xad34, 0x9493, 0x8c74, 0x9494, 0x8453, 0x73d0, 0x7bf1,
0x8432, 0x7c32, 0x336c, 0x4bcb, 0xbd07, 0xbd47, 0x8488, 0x5b6a, 0x62eb, 0x630a, 0x3aaa, 0x1a6a, 0x1a8a, 0x1a8a, 0x1a8a, 0x1a8b,
0x1aab, 0x1aab, 0x1aaa, 0x1aaa, 0x1aaa, 0x1a8a, 0x1aaa, 0x1a8a, 0x1a8a, 0x1a8a, 0x1a8a, 0x1a8a, 0x124a, 0x3b8b, 0xae2b, 0x6489,
0x33a9, 0x43ea, 0x2b6b, 0x1aa9, 0x958b, 0xe72d, 0xe74e, 0xef8e, 0xdf2d, 0xb62b, 0xae0b, 0x4c6b, 0x2baa, 0x7d0a, 0xb62c, 0xe72c,
0xef4b, 0xef4b, 0xf74c, 0x854a, 0x4c29, 0x64ea, 0x754b, 0x548a, 0x4c4a, 0x442a, 0x3bca, 0x232b, 0x2b6c, 0x1b2c, 0x74eb, 0xdeed,
0xef4d, 0xef4d, 0xdf0d, 0x8d6b, 0x5c49, 0x64aa, 0x8dab, 0x64c8, 0x4408, 0x43e9, 0x3369, 0x230b, 0x2b8b, 0x130a, 0x956b, 0xff8c,
0xef2c, 0xef2c, 0xe70c, 0xef4d, 0xff8d, 0xf78d, 0xf78c, 0xf78c, 0xf78c, 0xf78c, 0xf78c, 0xf78c, 0xf76d, 0xef6d, 0xf76d, 0xef6e,
0xef6e, 0xef6e, 0xef6e, 0xef6e, 0xef6e, 0xef6e, 0xef6f, 0xef4e, 0xe74e, 0xe74e, 0xe74e, 0xe74d, 0xe74d, 0xe74d, 0xe74e, 0xdf2e,
0xe72e, 0xe72d, 0xe74c, 0xe74d, 0xe72d, 0xef4e, 0xef4f, 0xef4f, 0xef4f, 0xe72e, 0xe72e, 0xef2d, 0xe70d, 0xe72e, 0xe70f, 0xe70e,
0xef0e, 0xe70d, 0xe72d, 0xe72e, 0xe72e, 0xef4e, 0xef4e, 0xef4e, 0xe72e, 0xe72e, 0xe72e, 0xe70e, 0xe70e, 0xe70f, 0xe72f, 0xef2f,
0xef2e, 0xef2e, 0xef2f, 0xef2f, 0xe72f, 0xe70f, 0xdf0f, 0xd6cf, 0xbe6f, 0x3bee, 0x130d, 0x12ed, 0x1b2d, 0xbe70, 0x74ed, 0x2b4b,
0x2b8c, 0x33ad, 0x232c, 0x1aec, 0x1aec, 0x230d, 0x1acc, 0x128b, 0x126b, 0x22ec, 0xcead, 0xbe4e, 0x2bce, 0x442f, 0xdf2f, 0xffae,
0xef6c, 0xef6b, 0xef4b, 0xef4b, 0xe74b, 0xe72b, 0xe72b, 0xdf0b, 0xe74b, 0xd6eb, 0xae09, 0x5428, 0x5469, 0x858b, 0x858a, 0x64a9,
0x4c09, 0x4409, 0x336a, 0x1acb, 0x3b8b, 0x748c, 0xf76e, 0xff8d, 0xf76d, 0xef6d, 0xf78e, 0xf78e, 0xff8e, 0xf78d, 0xef6d, 0xf76e,
0xf78e, 0xf76d, 0xef4d, 0xef2d, 0xe72d, 0xef4d, 0xef2d, 0xef2d, 0xe70d, 0xe72c, 0xef2c, 0xef2c, 0xef2d, 0xe70d, 0xe70d, 0xef4d,
0xef4d, 0xe72c, 0xe72c, 0xe72c, 0xef2c, 0xef4c, 0xef4c, 0xe72c, 0xe72c, 0xe72c, 0xe74c, 0xe72c, 0xe72c, 0xe72c, 0xdf0c, 0xe72c,
0xe72c, 0xe72c, 0xe70c, 0xdf0c, 0xdeec, 0xe70d, 0xe72d, 0xef2c, 0xe72d, 0xdf0d, 0xef4d, 0xef4d, 0xef4d, 0xef4d, 0xef4d, 0xf76d,
0xf76d, 0xf74d, 0xef4d, 0xf76d, 0xef4d, 0xf78e, 0xff8e, 0xffae, 0xff8d, 0xffac, 0xf76b, 0xc668, 0x8509, 0x43ea, 0x43ea, 0x548b,
0xb66b, 0xf78b, 0xef4b, 0xef4c, 0xe74c, 0xe74c, 0xe74d, 0xe74d, 0xe70d, 0xd6cd, 0x858b, 0x548a, 0x4c6a, 0x5cab, 0xae2c, 0xc6ad,
0xdf4f, 0x7d0d, 0x22ea, 0x1a8a, 0x1a6a, 0x124a, 0x122a, 0x2289, 0x954a, 0x956a, 0x8d6a, 0x7d6b, 0x546b, 0x1aab, 0x1aab, 0x1aab,
0x1a8b, 0x126a, 0x43ea, 0x4c6a, 0x4c2a, 0x2b4a, 0x22ea, 0x1aaa, 0x1a8a, 0x1aab, 0x1acb, 0x1aeb, 0x1acc, 0x1acb, 0x1acb, 0x1aab,
0x1a8b, 0x1a8a, 0x124a, 0x128a, 0x1aca, 0x22ca, 0x22aa, 0x1acb, 0x22eb, 0x230c, 0x22ec, 0x1aec, 0x1acb, 0x1acb, 0x22ec, 0x1aac,
0x3b0b, 0xc46b, 0xdcac, 0xdc8b, 0xdcaa, 0xdd4e, 0xdd4e, 0xdc8a, 0xdcab, 0xa3ca, 0x7b4a, 0x93cb, 0x9bab, 0x938b, 0x5aed, 0xe73d,
0xffff, 0xffbe, 0xffbe, 0xffbe, 0xffdf, 0xffff, 0xffff, 0xffff, 0xffff, 0xffdf, 0xffff, 0xffff, 0xadb9, 0x8cd5, 0x94d6, 0x94d6,
0x8cd6, 0x8cd5, 0x8cb5, 0x8474, 0x8c94, 0x330d, 0x1249, 0x1a6a, 0x2ae9, 0x5c0a, 0x74ec, 0x9dee, 0x544d, 0x1acb, 0x2b4c, 0x22ec,
0x1aab, 0x1aab, 0x1aab, 0x22eb, 0x1a8a, 0x1a8b, 0x1a8b, 0x1aab, 0x1aab, 0x1aab, 0x1acc, 0x33ab, 0x3beb, 0x1acb, 0x1acb, 0x1acc,
0x8dcc, 0xb68b, 0x544b, 0x440b, 0x548b, 0x5c8a, 0x3bca, 0x33ab, 0x338b, 0x22eb, 0x22cb, 0x22eb, 0x128b, 0x9dab, 0xef8c, 0xdf2d,
0xe74e, 0xef6e, 0xe74e, 0xe72d, 0xe72d, 0xef4e, 0xf78e, 0xef6e, 0xef6e, 0xef4e, 0xef4e, 0xef4e, 0xe74e, 0xe72e, 0xe72e, 0xe72e,
0xe72d, 0xe72d, 0xe72d, 0xe72e, 0xe74e, 0xe74d, 0xe74d, 0xe74d, 0xdf2d, 0xdf0c, 0xe74d, 0xe72e, 0xe72d, 0xe72d, 0xdf2c, 0xd6cd,
0xd6cc, 0xdeec, 0xdf0c, 0x9d8c, 0x8d4c, 0xc68d, 0xcecd, 0xc6ae, 0xae4e, 0xa60e, 0xceee, 0xc6ad, 0xbe6c, 0xd6ec, 0xcecc, 0xceac,
0xcecc, 0xd6ec, 0xd6ed, 0xd6ed, 0xdeed, 0xdf0c, 0xdf0c, 0xdf0d, 0xdf0c, 0xdf2c, 0xe74c, 0xe76c, 0xe74d, 0xe74d, 0xe74e, 0xe72d,
0xdf2d, 0xdf2d, 0xdf2c, 0xdf0b, 0xdf0b, 0xdf0b, 0xd70c, 0xd6ec, 0xd72c, 0xdf4c, 0xdf2c, 0xdf0b, 0xdf2b, 0xdf4c, 0xdf4c, 0xdf2c,
0xe76d, 0xef8d, 0xe76d, 0xdf4c, 0xdf2c, 0xdf2d, 0xe72e, 0xdf0d, 0xdeec, 0xd6ec, 0xdf0d, 0xe72d, 0xe72d, 0xe72c, 0xe72b, 0xe72b,
0xe74c, 0xe74d, 0xe74d, 0xe72c, 0xe72c, 0xe72c, 0xe72d, 0xe72d, 0xe72d, 0xe72d, 0xe72d, 0xdf0d, 0xdf0d, 0xdf0d, 0xdf0c, 0xdf0c,
0xe72c, 0xd70d, 0xa5ec, 0x64aa, 0x4c0a, 0xa60a, 0xf78a, 0xe72a, 0xe72b, 0xe72c, 0xe72c, 0xbe6b, 0x4c4a, 0x546a, 0x546a, 0x5c6a,
0x5c89, 0x3beb, 0x236c, 0x5c6c, 0xbe90, 0xbe8f, 0x5ccb, 0x4c6a, 0x442a, 0x3bea, 0x3bca, 0x2b4a, 0x1aca, 0x1aaa, 0x128a, 0x43ca,
0xc6cb, 0xc6ea, 0x7d2a, 0x336a, 0x338b, 0x440b, 0x6d0b, 0xe74c, 0xe72d, 0xe72c, 0xe72c, 0xbecb, 0x756a, 0x546a, 0x95ac, 0xef4d,
0xef4d, 0xef6d, 0xe72c, 0x7509, 0x5469, 0x7d6b, 0xb6ac, 0x858b, 0x5cc9, 0x4c6a, 0x3beb, 0x232b, 0x4c0a, 0x854b, 0x95ad, 0x4beb,
0x1aea, 0x232b, 0x1acb, 0x128b, 0x22cb, 0x5c6a, 0x544a, 0x4c0a, 0x4c2a, 0x64aa, 0x4c0a, 0x2b6b, 0x2b6c, 0x22eb, 0x230b, 0x22eb,
0x1aab, 0x1acb, 0x1aec, 0x22ec, 0x12ac, 0x93ec, 0xed0b, 0xd4ab, 0xdccd, 0xf653, 0xf610, 0xedaf, 0xdcab, 0xdc8b, 0xe4ed, 0xdcac,
0xabac, 0x93ae, 0x9c52, 0x6b4c, 0x62e6, 0x8baa, 0x8bab, 0x93ab, 0x5b2b, 0x1acb, 0x22cb, 0x1aab, 0x22ea, 0x3baa, 0x4bca, 0x436a,
0x1a8a, 0x126a, 0x22ca, 0x3baa, 0x43ca, 0x336a, 0x1a8a, 0x4ba9, 0x5c29, 0x2b0a, 0x1269, 0x1a69, 0x3b49, 0x3b69, 0x22a9, 0x1a69,
0x1a8a, 0x1a8a, 0x124a, 0x1a8a, 0x4389, 0x22ca, 0x128a, 0x2b2a, 0x334a, 0x336a, 0x230b, 0x1acc, 0x1aeb, 0x1acb, 0x1a8a, 0x1a8a,
0x1a6a, 0x1a6a, 0x1a49, 0x2289, 0x22ca, 0x1aca, 0x1aca, 0x1aaa, 0x1aaa, 0x1a8a, 0x128a, 0x43ea, 0x546a, 0x4c4a, 0x4c6a, 0x4c8a,
0x4c4a, 0x440a, 0x440a, 0x2aea, 0x22ca, 0x2b49, 0x1a8a, 0x1209, 0x1a69, 0x2b2a, 0x43cb, 0x2b8a, 0x43cc, 0xc594, 0xc594, 0xc5b4,
0xf77d, 0xffbe, 0xff9d, 0xf79d, 0xef5d, 0xad12, 0xad12, 0xad12, 0xad13, 0xad34, 0x9493, 0x8c74, 0x9494, 0x8453, 0x73d0, 0x7bf1,
0x8432, 0x7c32, 0x336c, 0x4bcb, 0xbd07, 0xbd47, 0x8488, 0x5b6a, 0x62eb, 0x630a, 0x3aaa, 0x1a6a, 0x1a8a, 0x1a8a, 0x1a8a, 0x1a8b,
0x1aab, 0x1aab, 0x1aaa, 0x1aaa, 0x1aaa, 0x1a8a, 0x1aaa, 0x1a8a, 0x1a8a, 0x1a8a, 0x1a8a, 0x1a8a, 0x124a, 0x3b8b, 0xae2b, 0x6489,
0x33a9, 0x43ea, 0x2b6b, 0x1aa9, 0x958b, 0xe72d, 0xe74e, 0xef8e, 0xdf2d, 0xb62b, 0xae0b, 0x4c6b, 0x2baa, 0x7d0a, 0xb62c, 0xe72c,
0xef4b, 0xef4b, 0xf74c, 0x854a, 0x4c29, 0x64ea, 0x754b, 0x548a, 0x4c4a, 0x442a, 0x3bca, 0x232b, 0x2b6c, 0x1b2c, 0x74eb, 0xdeed,
0xef4d, 0xef4d, 0xdf0d, 0x8d6b, 0x5c49, 0x64aa, 0x8dab, 0x64c8, 0x4408, 0x43e9, 0x3369, 0x230b, 0x2b8b, 0x130a, 0x956b, 0xff8c,
0xef2c, 0xef2c, 0xe70c, 0xef4d, 0xff8d, 0xf78d, 0xf78c, 0xf78c, 0xf78c, 0xf78c, 0xf78c, 0xf78c, 0xf76d, 0xef6d, 0xf76d, 0xef6e,
0xef6e, 0xef6e, 0xef6e, 0xef6e, 0xef6e, 0xef6e, 0xef6f, 0xef4e, 0xe74e, 0xe74e, 0xe74e, 0xe74d, 0xe74d, 0xe74d, 0xe74e, 0xdf2e,
0xe72e, 0xe72d, 0xe74c, 0xe74d, 0xe72d, 0xef4e, 0xef4f, 0xef4f, 0xef4f, 0xe72e, 0xe72e, 0xef2d, 0xe70d, 0xe72e, 0xe70f, 0xe70e,
0xef0e, 0xe70d, 0xe72d, 0xe72e, 0xe72e, 0xef4e, 0xef4e, 0xef4e, 0xe72e, 0xe72e, 0xe72e, 0xe70e, 0xe70e, 0xe70f, 0xe72f, 0xef2f,
0xef2e, 0xef2e, 0xef2f, 0xef2f, 0xe72f, 0xe70f, 0xdf0f, 0xd6cf, 0xbe6f, 0x3bee, 0x130d, 0x12ed, 0x1b2d, 0xbe70, 0x74ed, 0x2b4b,
0x2b8c, 0x33ad, 0x232c, 0x1aec, 0x1aec, 0x230d, 0x1acc, 0x128b, 0x126b, 0x22ec, 0xcead, 0xbe4e, 0x2bce, 0x442f, 0xdf2f, 0xffae,
0xef6c, 0xef6b, 0xef4b, 0xef4b, 0xe74b, 0xe72b, 0xe72b, 0xdf0b, 0xe74b, 0xd6eb, 0xae09, 0x5428, 0x5469, 0x858b, 0x858a, 0x64a9,
0x4c09, 0x4409, 0x336a, 0x1acb, 0x3b8b, 0x748c, 0xf76e, 0xff8d, 0xf76d, 0xef6d, 0xf78e, 0xf78e, 0xff8e, 0xf78d, 0xef6d, 0xf76e,
0xf78e, 0xf76d, 0xef4d, 0xef2d, 0xe72d, 0xef4d, 0xef2d, 0xef2d, 0xe70d, 0xe72c, 0xef2c, 0xef2c, 0xef2d, 0xe70d, 0xe70d, 0xef4d,
0xef4d, 0xe72c, 0xe72c, 0xe72c, 0xef2c, 0xef4c, 0xef4c, 0xe72c, 0xe72c, 0xe72c, 0xe74c, 0xe72c, 0xe72c, 0xe72c, 0xdf0c, 0xe72c,
0xe72c, 0xe72c, 0xe70c, 0xdf0c, 0xdeec, 0xe70d, 0xe72d, 0xef2c, 0xe72d, 0xdf0d, 0xef4d, 0xef4d, 0xef4d, 0xef4d, 0xef4d, 0xf76d,

/* -50- */
0x1acb, 0x1aeb, 0x1aeb, 0x2b0a, 0x4bc9, 0x3329, 0x22a9, 0x3b68, 0x3ba9, 0x2b2a, 0x22ca, 0x126a, 0x22ca, 0x336a, 0x1acb, 0x1aab,
0x1aab, 0x1aaa, 0x3baa, 0x5c8a, 0x5449, 0x22c9, 0x128a, 0x2b2a, 0x3baa, 0x1269, 0x126a, 0x5469, 0x5cc9, 0x54aa, 0x4c6a, 0x2b6b,
0x336b, 0x2b6b, 0x3bca, 0x4c29, 0x3b88, 0x1a89, 0x1229, 0x2ac8, 0x2ae8, 0x2b29, 0x3ba9, 0x2b29, 0x4c0d, 0xe75d, 0xef9e, 0xf7bf,
0xf7be, 0xffde, 0xe77d, 0xf79e, 0xffdf, 0xffff, 0xffff, 0xffde, 0xef7d, 0xe73c, 0xadd9, 0x84f7, 0x84d6, 0x7cd6, 0x7cb6, 0x7cb5,
0x7cb6, 0x6c33, 0x430d, 0x4b0c, 0x5b6b, 0x5b6b, 0x4b4a, 0x4aeb, 0x4a8a, 0x428a, 0x4aab, 0x228b, 0x1a8b, 0x1aab, 0x1aab, 0x1aab,
0x1aab, 0x1aab, 0x1aaa, 0x1a8a, 0x1a6a, 0x1a6a, 0x1a69, 0x1a6a, 0x1a8a, 0x1a8a, 0x1acb, 0x230b, 0x544b, 0x750b, 0x750a, 0x6d2a,
0x548a, 0x444a, 0x33cb, 0x2b8b, 0x1aea, 0x9dad, 0xef8f, 0xceed, 0x9daa, 0x43c8, 0x3be9, 0x440a, 0x3bca, 0x1ae9, 0x1aa9, 0xd6cb,
0xef4b, 0xdecb, 0xade9, 0x6cc9, 0x5489, 0x3c29, 0x340a, 0x444a, 0x54ca, 0x3beb, 0x1b0c, 0x232b, 0x232b, 0x2b4b, 0x1acb, 0x43ab,
0xe70c, 0xe72c, 0xbe6b, 0x43c8, 0x4c09, 0x4429, 0x5c89, 0x5ca9, 0x4409, 0x2b2a, 0x1aca, 0x230a, 0x1b0b, 0x43ca, 0x4beb, 0x7ceb,
0xf76c, 0xe70c, 0xf74d, 0xceac, 0xae2c, 0xb66c, 0xbe8c, 0xc6ad, 0xcecd, 0xcecd, 0xc6ac, 0xc68c, 0xd6ce, 0xdf0f, 0xcece, 0xcecf,
0xcecf, 0xcecf, 0xcecf, 0xc6af, 0xc6af, 0xc6af, 0xc68e, 0xc6ae, 0xceae, 0xcece, 0xc6ae, 0xc6af, 0xc6af, 0xc6af, 0xcecf, 0xcecf,
0xcecf, 0xcecf, 0xd6ce, 0xd6cd, 0xd6cd, 0xd6cd, 0xdf0e, 0xef4e, 0xef4e, 0xef4e, 0xef4e, 0xef4e, 0xe72e, 0xef4e, 0xef2f, 0xef2e,
0xe70e, 0xef0e, 0xef2e, 0xe72e, 0xe72e, 0xe70d, 0xe70e, 0xef4f, 0xe72e, 0xe70e, 0xe70e, 0xe72f, 0xe70f, 0xe70e, 0xe72f, 0xe70e,
0xef0e, 0xef2f, 0xef2f, 0xef2f, 0xef2f, 0xe70f, 0xe70f, 0xdf0f, 0xe70f, 0xa5ee, 0x9d8d, 0x9d8c, 0xadec, 0xe72e, 0xc66d, 0xadcb,
0xb60b, 0x9dab, 0x954a, 0x8d2a, 0x954a, 0x8d2b, 0x84eb, 0x8d0c, 0x74ac, 0x2b8c, 0x64ac, 0x4c4d, 0x23ad, 0x23cd, 0x442c, 0x9ded,
0xdf2b, 0xd6cb, 0xdf0c, 0xdeec, 0xdeeb, 0xdeeb, 0xdeeb, 0xdeca, 0xdeeb, 0x74a8, 0x4bc7, 0x7488, 0x5428, 0x43e9, 0x64a9, 0x64a9,
0x5c69, 0x33aa, 0x1b0b, 0x1b2c, 0x1b0c, 0x2b4b, 0xb62e, 0xe72e, 0xef4e, 0xef4d, 0xef2e, 0xe70d, 0xef2c, 0xef2c, 0xe70c, 0xe70c,
0xd6cc, 0xd6ab, 0xe70c, 0xe6eb, 0xdeec, 0xdeec, 0xdecc, 0xdecc, 0xdeec, 0xdeec, 0xdecc, 0xdecc, 0xd6ac, 0xd6ac, 0xdecc, 0xd6ac,
0xd6ac, 0xd6ab, 0xd6ab, 0xd6ab, 0xd68b, 0xce8b, 0xd6ab, 0xdeeb, 0xdf0c, 0xdf0c, 0xd6eb, 0xd6eb, 0xd6cb, 0xd6cb, 0xd6eb, 0xd6cb,
0xdecb, 0xdecb, 0xd6cc, 0xdeec, 0xdeec, 0xdeec, 0xdecc, 0xdecc, 0xdeec, 0xe6ec, 0xe70d, 0xe70d, 0xe70d, 0xef2d, 0xc68d, 0x9ded,
0xa5ed, 0xd6ce, 0xf76e, 0xe70e, 0xe72e, 0xe72e, 0xe72d, 0xe72d, 0xe72d, 0xd6cc, 0xbe4b, 0x542a, 0x440a, 0x43ea, 0x3bca, 0x33ca,
0x548b, 0x8d8c, 0xe72d, 0xef4d, 0xe72d, 0xe72d, 0xe72d, 0xef4d, 0xc68c, 0x5469, 0x5c89, 0x546a, 0x544a, 0x43ea, 0x1ae9, 0x6c8b,
0xe74f, 0xe72f, 0x958d, 0x0a6b, 0x1acb, 0x1acb, 0x0a6b, 0x22ea, 0xa60b, 0x6ccb, 0x5c8a, 0x64aa, 0x542a, 0x1aaa, 0x1a6a, 0x122a,
0x1a8a, 0x43ea, 0x4c0a, 0x4c2a, 0x4c4b, 0x5c8a, 0x4c0a, 0x22ea, 0x128b, 0x1acb, 0x1aeb, 0x1acb, 0x2b4b, 0x4c0a, 0x2b09, 0x126a,
0x1249, 0x2289, 0x43a9, 0x2b29, 0x1289, 0x1aca, 0x1aca, 0x1acb, 0x2b4b, 0x338b, 0x3bac, 0x544c, 0x3bac, 0x1aab, 0x1acb, 0x1acb,
0x1acb, 0x7c30, 0xd5f7, 0xd617, 0xd637, 0xcd94, 0xc573, 0xcdb5, 0xad13, 0x7bcf, 0x6bef, 0x7c52, 0x8432, 0x7c11, 0x8432, 0xe71c,
0xef7d, 0xf79d, 0xffdf, 0xffbe, 0xef7d, 0xef7c, 0xf7be, 0xf7be, 0xf79e, 0xf79d, 0xf7be, 0xffde, 0xad98, 0x94f6, 0x7cb3, 0x7492,
0x8cb4, 0x8cb4, 0x8473, 0x8494, 0x8cb5, 0x330d, 0x1249, 0x124a, 0x43ca, 0x6cca, 0x64ab, 0x442b, 0x3bcb, 0x3bab, 0x2b2b, 0x1acb,
0x1aab, 0x22cb, 0x43c9, 0x3349, 0x1a4a, 0x1a6a, 0x1a8b, 0x1a8b, 0x22cb, 0x334a, 0x2b2b, 0x2b8b, 0x3beb, 0x3bcb, 0x3bcb, 0x440c,
0x5cac, 0x64eb, 0x5cab, 0x4c4c, 0x440b, 0x440b, 0x3beb, 0x230b, 0x1aab, 0x228a, 0x1a8a, 0x2b2b, 0x544b, 0x6cab, 0x4bec, 0x74ec,
0xf7ad, 0xe74d, 0xe74d, 0xef4d, 0xef4c, 0xe72c, 0xe70c, 0xe72c, 0xe72d, 0xe72d, 0xe72d, 0xe72c, 0xe72c, 0xe72c, 0xe72d, 0xe72d,
0xdf0c, 0xe72c, 0xe74d, 0xef6d, 0xef6d, 0xef4d, 0xe74c, 0xe72c, 0xe72c, 0xe74c, 0xe72c, 0xe72c, 0xe70c, 0xdf0c, 0xdf0b, 0xe72b,
0xe70b, 0xdeea, 0xdeea, 0xef8c, 0xef6c, 0xe74b, 0xe72c, 0xdf0c, 0xdf2c, 0xe76c, 0xe74c, 0xe74c, 0xe74c, 0xdf2c, 0xdf4c, 0xe74c,
0xe72c, 0xe72c, 0xe72c, 0xe72c, 0xe72b, 0xe72b, 0xe72b, 0xe72b, 0xe72b, 0xdf2b, 0xd6eb, 0xd6eb, 0xdf0b, 0xe74c, 0xd70b, 0xd6eb,
0xd6eb, 0xd70b, 0xe74c, 0xdf2b, 0xd6eb, 0xceab, 0xcecb, 0xcecb, 0xcecb, 0xceca, 0xc6aa, 0xbe89, 0xbe8a, 0xc6aa, 0xc6ab, 0xc6ab,
0xc6cc, 0xbeac, 0xceed, 0xdf2c, 0xdf0b, 0xceec, 0xc6ac, 0xe70b, 0xe70a, 0xdeea, 0xdeeb, 0xdeeb, 0xdf0b, 0xe72a, 0xe70b, 0xdf0b,
0xe72c, 0xe74d, 0xef4c, 0xe72b, 0xe70b, 0xdf0b, 0xdf0b, 0xdf0b, 0xdeeb, 0xdeeb, 0xdeeb, 0xe70b, 0xdf0b, 0xdeeb, 0xdf0b, 0xdf0b,
0xe74c, 0x8d6b, 0x544a, 0x3ba9, 0x3389, 0x4c2a, 0x958a, 0xdf0a, 0xceca, 0xdf0b, 0xae2b, 0x54aa, 0x5cea, 0x64ea, 0x5ca9, 0x4c69,
0x3c0a, 0x33ec, 0x33ec, 0x2b8b, 0x3bca, 0x750b, 0x548b, 0x4c6a, 0x440a, 0x2b4a, 0x2b4a, 0x22ea, 0x1aaa, 0x1a89, 0x1269, 0x3369,
0x9609, 0x6d09, 0x3baa, 0x336b, 0x2b8b, 0x33ac, 0x3bec, 0x7d4d, 0xae6d, 0xbead, 0xbecd, 0xc6cc, 0x5ccb, 0x4c8a, 0x4c6a, 0x7d4c,
0xdf2e, 0xdf2e, 0x8d6a, 0x4c29, 0x4c49, 0x5469, 0x6ce9, 0x6d0a, 0x5caa, 0x3bcb, 0x2b4b, 0x2b8c, 0x2b6c, 0x336b, 0xd72f, 0x6cec,
0x12cb, 0x12eb, 0x1aec, 0x12ab, 0x232b, 0x8dcb, 0x6d0a, 0x442a, 0x4409, 0x2b2a, 0x2b2a, 0x2b4b, 0x22eb, 0x1aaa, 0x22ca, 0x438a,
0x4beb, 0x332a, 0x128b, 0x1aeb, 0x1acb, 0x8491, 0xeeb8, 0xe698, 0xeeb8, 0xf6f9, 0xeed8, 0xde15, 0xd5d5, 0xcdb5, 0xcdb5, 0xc595,
0x8432, 0x7c74, 0x8cb6, 0x7c95, 0x7c73, 0x8c72, 0x8452, 0x8c93, 0x5bb0, 0x124a, 0x1a6a, 0x124a, 0x336a, 0x6cc9, 0x8569, 0x6caa,
0x1aca, 0x12aa, 0x440a, 0x54aa, 0x548b, 0x3bca, 0x336a, 0x4c09, 0x5429, 0x3baa, 0x234a, 0x1ac9, 0x3b88, 0x3388, 0x2309, 0x1ae9,
0x1acb, 0x1aeb, 0x1aeb, 0x2b0a, 0x4bc9, 0x3329, 0x22a9, 0x3b68, 0x3ba9, 0x2b2a, 0x22ca, 0x126a, 0x22ca, 0x336a, 0x1acb, 0x1aab,
0x1aab, 0x1aaa, 0x3baa, 0x5c8a, 0x5449, 0x22c9, 0x128a, 0x2b2a, 0x3baa, 0x1269, 0x126a, 0x5469, 0x5cc9, 0x54aa, 0x4c6a, 0x2b6b,
0x336b, 0x2b6b, 0x3bca, 0x4c29, 0x3b88, 0x1a89, 0x1229, 0x2ac8, 0x2ae8, 0x2b29, 0x3ba9, 0x2b29, 0x4c0d, 0xe75d, 0xef9e, 0xf7bf,
0xf7be, 0xffde, 0xe77d, 0xf79e, 0xffdf, 0xffff, 0xffff, 0xffde, 0xef7d, 0xe73c, 0xadd9, 0x84f7, 0x84d6, 0x7cd6, 0x7cb6, 0x7cb5,
0x7cb6, 0x6c33, 0x430d, 0x4b0c, 0x5b6b, 0x5b6b, 0x4b4a, 0x4aeb, 0x4a8a, 0x428a, 0x4aab, 0x228b, 0x1a8b, 0x1aab, 0x1aab, 0x1aab,
0x1aab, 0x1aab, 0x1aaa, 0x1a8a, 0x1a6a, 0x1a6a, 0x1a69, 0x1a6a, 0x1a8a, 0x1a8a, 0x1acb, 0x230b, 0x544b, 0x750b, 0x750a, 0x6d2a,
0x548a, 0x444a, 0x33cb, 0x2b8b, 0x1aea, 0x9dad, 0xef8f, 0xceed, 0x9daa, 0x43c8, 0x3be9, 0x440a, 0x3bca, 0x1ae9, 0x1aa9, 0xd6cb,
0xef4b, 0xdecb, 0xade9, 0x6cc9, 0x5489, 0x3c29, 0x340a, 0x444a, 0x54ca, 0x3beb, 0x1b0c, 0x232b, 0x232b, 0x2b4b, 0x1acb, 0x43ab,
0xe70c, 0xe72c, 0xbe6b, 0x43c8, 0x4c09, 0x4429, 0x5c89, 0x5ca9, 0x4409, 0x2b2a, 0x1aca, 0x230a, 0x1b0b, 0x43ca, 0x4beb, 0x7ceb,
0xf76c, 0xe70c, 0xf74d, 0xceac, 0xae2c, 0xb66c, 0xbe8c, 0xc6ad, 0xcecd, 0xcecd, 0xc6ac, 0xc68c, 0xd6ce, 0xdf0f, 0xcece, 0xcecf,
0xcecf, 0xcecf, 0xcecf, 0xc6af, 0xc6af, 0xc6af, 0xc68e, 0xc6ae, 0xceae, 0xcece, 0xc6ae, 0xc6af, 0xc6af, 0xc6af, 0xcecf, 0xcecf,
0xcecf, 0xcecf, 0xd6ce, 0xd6cd, 0xd6cd, 0xd6cd, 0xdf0e, 0xef4e, 0xef4e, 0xef4e, 0xef4e, 0xef4e, 0xe72e, 0xef4e, 0xef2f, 0xef2e,
0xe70e, 0xef0e, 0xef2e, 0xe72e, 0xe72e, 0xe70d, 0xe70e, 0xef4f, 0xe72e, 0xe70e, 0xe70e, 0xe72f, 0xe70f, 0xe70e, 0xe72f, 0xe70e,
0xef0e, 0xef2f, 0xef2f, 0xef2f, 0xef2f, 0xe70f, 0xe70f, 0xdf0f, 0xe70f, 0xa5ee, 0x9d8d, 0x9d8c, 0xadec, 0xe72e, 0xc66d, 0xadcb,
0xb60b, 0x9dab, 0x954a, 0x8d2a, 0x954a, 0x8d2b, 0x84eb, 0x8d0c, 0x74ac, 0x2b8c, 0x64ac, 0x4c4d, 0x23ad, 0x23cd, 0x442c, 0x9ded,
0xdf2b, 0xd6cb, 0xdf0c, 0xdeec, 0xdeeb, 0xdeeb, 0xdeeb, 0xdeca, 0xdeeb, 0x74a8, 0x4bc7, 0x7488, 0x5428, 0x43e9, 0x64a9, 0x64a9,
0x5c69, 0x33aa, 0x1b0b, 0x1b2c, 0x1b0c, 0x2b4b, 0xb62e, 0xe72e, 0xef4e, 0xef4d, 0xef2e, 0xe70d, 0xef2c, 0xef2c, 0xe70c, 0xe70c,
0xd6cc, 0xd6ab, 0xe70c, 0xe6eb, 0xdeec, 0xdeec, 0xdecc, 0xdecc, 0xdeec, 0xdeec, 0xdecc, 0xdecc, 0xd6ac, 0xd6ac, 0xdecc, 0xd6ac,
0xd6ac, 0xd6ab, 0xd6ab, 0xd6ab, 0xd68b, 0xce8b, 0xd6ab, 0xdeeb, 0xdf0c, 0xdf0c, 0xd6eb, 0xd6eb, 0xd6cb, 0xd6cb, 0xd6eb, 0xd6cb,
0xdecb, 0xdecb, 0xd6cc, 0xdeec, 0xdeec, 0xdeec, 0xdecc, 0xdecc, 0xdeec, 0xe6ec, 0xe70d, 0xe70d, 0xe70d, 0xef2d, 0xc68d, 0x9ded,

/* -51- */
0x12cb, 0x1aeb, 0x336a, 0x3b69, 0x3b68, 0x2b29, 0x3369, 0x43c8, 0x3ba9, 0x22cb, 0x22ca, 0x22ea, 0x2b69, 0x4429, 0x3baa, 0x2b4b,
0x1acb, 0x1aca, 0x4c4a, 0x5ca9, 0x43c9, 0x1a8a, 0x128a, 0x2b4a, 0x4c09, 0x3b89, 0x3349, 0x4c09, 0x5c89, 0x548a, 0x2b6b, 0x230b,
0x334a, 0x3b6a, 0x3b8a, 0x43c9, 0x4bc7, 0x3308, 0x0a29, 0x43a9, 0x5429, 0x4c09, 0x33aa, 0x2b6a, 0x440b, 0x6490, 0xdefb, 0xd6f8,
0xcef3, 0xd712, 0x544e, 0x9595, 0xffff, 0xf7be, 0xffbe, 0xa594, 0x8d12, 0xdefb, 0xa5b8, 0x84f7, 0x7474, 0x436e, 0x6c53, 0x8cf6,
0x84d5, 0x7474, 0x536f, 0x6c0f, 0x8490, 0x7470, 0x6430, 0x6c11, 0x63d0, 0x63b1, 0x63ef, 0x43ca, 0x334a, 0x1aab, 0x128b, 0x128b,
0x338a, 0x546a, 0x542a, 0x2aea, 0x1209, 0x2ae9, 0x43a9, 0x2ae9, 0x126a, 0x22eb, 0x2b4b, 0x4c2a, 0x546a, 0x4c6b, 0x64ea, 0x64ca,
0x444b, 0x33eb, 0x2b8c, 0x234b, 0x2b6a, 0x544b, 0xbe6c, 0x95ca, 0x5448, 0x6488, 0x5c69, 0x3baa, 0x3389, 0x3ba9, 0x2ae9, 0x6429,
0xc62a, 0xe6e9, 0x7ce8, 0x6ce8, 0x6509, 0x5ce9, 0x54ca, 0x4caa, 0x444b, 0x3beb, 0x3bcb, 0x3b8a, 0x2b0a, 0x1aaa, 0x1269, 0x3309,
0xd6eb, 0x9daa, 0x852a, 0x6489, 0x64a9, 0x4c4a, 0x442a, 0x3c0a, 0x33aa, 0x338b, 0x3beb, 0x338b, 0x1b0b, 0x3b8b, 0x334a, 0x232a,
0xd6aa, 0xf74a, 0xadea, 0x8529, 0x64a9, 0x5469, 0x64aa, 0xb62a, 0xadea, 0xa5ca, 0xa5ea, 0xae0b, 0xbe0c, 0xbe0d, 0xadec, 0xadec,
0xb5ec, 0xb5ec, 0xadcb, 0xa58b, 0xa56b, 0xa58b, 0xa58b, 0xadab, 0xadcb, 0xb5ca, 0xadab, 0x9d8b, 0xa58b, 0xa56b, 0xad8a, 0xad8b,
0xadab, 0xb5ab, 0xb5ab, 0xb5ab, 0xadab, 0xadaa, 0xb5ea, 0xbde9, 0xb5e9, 0xb5e9, 0xb60a, 0xbe29, 0xbe0a, 0xb60a, 0xb60b, 0xbe0c,
0xc60b, 0xc609, 0xc60a, 0xbe0a, 0xbe0b, 0xbdea, 0xb5ca, 0xb5ea, 0xb5ca, 0xadaa, 0xadcb, 0xadcb, 0xadcc, 0xadcc, 0xadcd, 0xb5ed,
0xb5ed, 0xb5cc, 0xaded, 0xadcd, 0xadcd, 0xadcd, 0xa5ac, 0xa58c, 0x9d8c, 0x9d8c, 0xb5aa, 0xce08, 0xb5a9, 0x954b, 0xb5eb, 0xce69,
0xbde8, 0xb5a8, 0xc628, 0xc627, 0xb5e8, 0xce69, 0xb5ca, 0xadaa, 0xadea, 0x6cea, 0x854b, 0x750c, 0x6ceb, 0x9d8a, 0x43eb, 0x546b,
0x856a, 0x856b, 0x8d6c, 0x856c, 0x856c, 0x9dcb, 0xa5cb, 0x9dcb, 0x958b, 0x5449, 0x6cc9, 0x9d89, 0x7ce9, 0x440a, 0x4409, 0x4c2a,
0x33cb, 0x236b, 0x1b4c, 0x1b0c, 0x1b0c, 0x2b8b, 0x33cd, 0xc66c, 0xce6a, 0xce6a, 0xadeb, 0x74eb, 0x7cea, 0xbe2a, 0xd6a9, 0xc649,
0xadea, 0xadca, 0xd68b, 0xdeaa, 0xdeaa, 0xd66a, 0xce4a, 0xbe0c, 0xc66c, 0xd6ab, 0xdeeb, 0xe6eb, 0xce8b, 0xc64b, 0xd6ab, 0xd6aa,
0xde89, 0xdea9, 0xd68a, 0xce69, 0xd669, 0xc629, 0xc62a, 0xc64b, 0xbe4c, 0xbe4c, 0xb62c, 0xbe4b, 0xceaa, 0xa5ec, 0x9dcc, 0xb62a,
0xae0b, 0xb62c, 0xce8b, 0xbe2a, 0xbe2a, 0xbe2a, 0xc62a, 0xd66a, 0xbe2b, 0xa5ec, 0xb62c, 0xbe4d, 0xbe4d, 0xae0c, 0x856b, 0x5ccb,
0x444b, 0x6cec, 0x9dcc, 0xcecc, 0xc66c, 0xb62c, 0xadeb, 0xadeb, 0xa5eb, 0x7d29, 0x6cc9, 0x5469, 0x6cea, 0x752b, 0x440a, 0x33cb,
0x33ca, 0x33cb, 0x646c, 0xc64b, 0xce8b, 0xc64b, 0xce8b, 0x9dcb, 0x74e9, 0x64a9, 0x5c69, 0x544a, 0x5c6a, 0x544a, 0x336b, 0x43eb,
0x5cad, 0x95ad, 0x958c, 0x540a, 0x1b0b, 0x12cb, 0x2b6b, 0x5c8a, 0x64ca, 0x546b, 0x4c4a, 0x43ea, 0x43ca, 0x43e9, 0x2289, 0x1a49,
0x43a9, 0x546a, 0x3baa, 0x3bcb, 0x440b, 0x4c4a, 0x4c4a, 0x43ea, 0x338a, 0x230b, 0x1aeb, 0x12ab, 0x332a, 0x5c29, 0x3349, 0x1248,
0x1208, 0x2ac9, 0x5449, 0x4be9, 0x336a, 0x2b4b, 0x1aeb, 0x3bca, 0x4c2a, 0x43e9, 0x334a, 0x2b4b, 0x43eb, 0x542a, 0x43a9, 0x1a8a,
0x230c, 0x5c52, 0xf7bf, 0xef9d, 0xfffe, 0x7d51, 0x7d31, 0xef7e, 0xd6bc, 0x8cb4, 0x53ef, 0x5410, 0x8cd5, 0x8cb4, 0x94d4, 0xdeda,
0xbdb2, 0xc616, 0xffff, 0xf7be, 0x646c, 0x7cf0, 0xef3d, 0xf79f, 0xdf17, 0xae4b, 0xdf38, 0xf79f, 0xad98, 0x9d17, 0x4c0e, 0x340a,
0x9d35, 0x9d14, 0x438b, 0x5c0f, 0x9d36, 0x438f, 0x1aca, 0x53ea, 0x5c4a, 0x43eb, 0x3bca, 0x440a, 0x43ea, 0x43c9, 0x2b09, 0x1a4a,
0x3369, 0x440a, 0x4c29, 0x3b8a, 0x2b2b, 0x334b, 0x2b2c, 0x1aac, 0x2b0b, 0x3b89, 0x332a, 0x2b6b, 0x2b8b, 0x4c0b, 0x5c4b, 0x3bab,
0x2b8c, 0x3bec, 0x546b, 0x546b, 0x43eb, 0x2b6b, 0x338b, 0x2b0b, 0x2b0b, 0x22ab, 0x22aa, 0x3baa, 0x43eb, 0x338b, 0x2b6c, 0x3bcc,
0x8d6c, 0xa60c, 0xc66b, 0xdeca, 0xa5eb, 0xbe4b, 0xd6ca, 0xbe6c, 0xceab, 0xdeca, 0xd6ca, 0xd6ca, 0xce8a, 0xd6aa, 0xd6cb, 0xc68b,
0xceaa, 0xce8a, 0xdeea, 0xdeeb, 0xceab, 0xceab, 0xc68b, 0xdeec, 0xdeec, 0xceab, 0xc649, 0xc649, 0xdeed, 0xcead, 0xc668, 0xd6a9,
0xbe4a, 0xb62a, 0xce8a, 0xceab, 0xce8b, 0xbe6b, 0xb64b, 0xce8a, 0xc66a, 0xb62a, 0xc64a, 0xc66b, 0xb64c, 0xb64c, 0xceaa, 0xce8a,
0xc66b, 0xc66a, 0xbe4a, 0xc649, 0xc649, 0xbe49, 0xc68a, 0xd6ca, 0xce8a, 0xb64a, 0xa60a, 0xae0a, 0xae2a, 0xbe4a, 0xae08, 0xa5e8,
0xa5c8, 0xa5a9, 0xade9, 0xb649, 0xae09, 0x958a, 0xb64a, 0xa5ea, 0x9dca, 0xae0a, 0xae09, 0x8d8a, 0x858b, 0x8d8b, 0x8d8b, 0x8d8c,
0x858c, 0x8dad, 0x8dad, 0x95cb, 0x9dea, 0x95aa, 0x7d4b, 0x95aa, 0x9dc9, 0xb629, 0xa60a, 0xa60b, 0xceaa, 0xae2b, 0xa60b, 0xb64b,
0xb64b, 0xc68b, 0xb64c, 0xae0b, 0xb64a, 0xa5ea, 0xbe4a, 0xcea9, 0xae0a, 0xa5e9, 0xbe49, 0xbe6a, 0xb64a, 0xb649, 0xc689, 0x9dea,
0x7529, 0x64ca, 0x5c8a, 0x546a, 0x43ca, 0x2b4a, 0x3baa, 0x8d8a, 0xbe8a, 0x9589, 0x7509, 0x54ca, 0x5cea, 0x5cea, 0x5caa, 0x3c0b,
0x3c0b, 0x2b8c, 0x2b4c, 0x22eb, 0x336a, 0x5469, 0x546a, 0x3baa, 0x336a, 0x2b4a, 0x22c9, 0x1a6a, 0x1a6a, 0x2aea, 0x43c9, 0x542a,
0x4c6a, 0x3c0a, 0x2b6b, 0x338b, 0x2b6b, 0x2b8b, 0x2b8c, 0x5cac, 0x7d8b, 0x650b, 0x754b, 0x754b, 0x5caa, 0x548a, 0x5caa, 0x64aa,
0x856b, 0x856b, 0x6489, 0x5c89, 0x5c69, 0x5449, 0x5469, 0x64c9, 0x548a, 0x2b6b, 0x2b8b, 0x2bac, 0x3bec, 0x4c6c, 0x752b, 0x64ca,
0x440a, 0x2b6b, 0x12ab, 0x440a, 0x5c8a, 0x5caa, 0x440a, 0x4c29, 0x5449, 0x3b6a, 0x332a, 0x22eb, 0x3b8b, 0x5c4a, 0x334a, 0x43aa,
0x7ceb, 0x542b, 0x3bcb, 0x338b, 0x0a8a, 0x8536, 0xffff, 0xd71c, 0x8d55, 0xceda, 0xffdf, 0xf7df, 0xced9, 0x9573, 0xffff, 0xf7bf,
0x8cd6, 0x84d6, 0x8cf7, 0x6453, 0x4c10, 0x84b5, 0x7c75, 0x84b6, 0x53d2, 0x1ac9, 0x2b2a, 0x440a, 0x5caa, 0x64ca, 0x2b6a, 0x2b2a,
0x336a, 0x3b8a, 0x4c29, 0x4c2a, 0x22ca, 0x2309, 0x3389, 0x4c29, 0x4c49, 0x3bea, 0x2b8a, 0x2b6a, 0x2b49, 0x2b2a, 0x232a, 0x232a,
0x12cb, 0x1aeb, 0x336a, 0x3b69, 0x3b68, 0x2b29, 0x3369, 0x43c8, 0x3ba9, 0x22cb, 0x22ca, 0x22ea, 0x2b69, 0x4429, 0x3baa, 0x2b4b,
0x1acb, 0x1aca, 0x4c4a, 0x5ca9, 0x43c9, 0x1a8a, 0x128a, 0x2b4a, 0x4c09, 0x3b89, 0x3349, 0x4c09, 0x5c89, 0x548a, 0x2b6b, 0x230b,
0x334a, 0x3b6a, 0x3b8a, 0x43c9, 0x4bc7, 0x3308, 0x0a29, 0x43a9, 0x5429, 0x4c09, 0x33aa, 0x2b6a, 0x440b, 0x6490, 0xdefb, 0xd6f8,
0xcef3, 0xd712, 0x544e, 0x9595, 0xffff, 0xf7be, 0xffbe, 0xa594, 0x8d12, 0xdefb, 0xa5b8, 0x84f7, 0x7474, 0x436e, 0x6c53, 0x8cf6,
0x84d5, 0x7474, 0x536f, 0x6c0f, 0x8490, 0x7470, 0x6430, 0x6c11, 0x63d0, 0x63b1, 0x63ef, 0x43ca, 0x334a, 0x1aab, 0x128b, 0x128b,
0x338a, 0x546a, 0x542a, 0x2aea, 0x1209, 0x2ae9, 0x43a9, 0x2ae9, 0x126a, 0x22eb, 0x2b4b, 0x4c2a, 0x546a, 0x4c6b, 0x64ea, 0x64ca,
0x444b, 0x33eb, 0x2b8c, 0x234b, 0x2b6a, 0x544b, 0xbe6c, 0x95ca, 0x5448, 0x6488, 0x5c69, 0x3baa, 0x3389, 0x3ba9, 0x2ae9, 0x6429,
0xc62a, 0xe6e9, 0x7ce8, 0x6ce8, 0x6509, 0x5ce9, 0x54ca, 0x4caa, 0x444b, 0x3beb, 0x3bcb, 0x3b8a, 0x2b0a, 0x1aaa, 0x1269, 0x3309,
0xd6eb, 0x9daa, 0x852a, 0x6489, 0x64a9, 0x4c4a, 0x442a, 0x3c0a, 0x33aa, 0x338b, 0x3beb, 0x338b, 0x1b0b, 0x3b8b, 0x334a, 0x232a,
0xd6aa, 0xf74a, 0xadea, 0x8529, 0x64a9, 0x5469, 0x64aa, 0xb62a, 0xadea, 0xa5ca, 0xa5ea, 0xae0b, 0xbe0c, 0xbe0d, 0xadec, 0xadec,
0xb5ec, 0xb5ec, 0xadcb, 0xa58b, 0xa56b, 0xa58b, 0xa58b, 0xadab, 0xadcb, 0xb5ca, 0xadab, 0x9d8b, 0xa58b, 0xa56b, 0xad8a, 0xad8b,
0xadab, 0xb5ab, 0xb5ab, 0xb5ab, 0xadab, 0xadaa, 0xb5ea, 0xbde9, 0xb5e9, 0xb5e9, 0xb60a, 0xbe29, 0xbe0a, 0xb60a, 0xb60b, 0xbe0c,
0xc60b, 0xc609, 0xc60a, 0xbe0a, 0xbe0b, 0xbdea, 0xb5ca, 0xb5ea, 0xb5ca, 0xadaa, 0xadcb, 0xadcb, 0xadcc, 0xadcc, 0xadcd, 0xb5ed,
0xb5ed, 0xb5cc, 0xaded, 0xadcd, 0xadcd, 0xadcd, 0xa5ac, 0xa58c, 0x9d8c, 0x9d8c, 0xb5aa, 0xce08, 0xb5a9, 0x954b, 0xb5eb, 0xce69,
0xbde8, 0xb5a8, 0xc628, 0xc627, 0xb5e8, 0xce69, 0xb5ca, 0xadaa, 0xadea, 0x6cea, 0x854b, 0x750c, 0x6ceb, 0x9d8a, 0x43eb, 0x546b,
0x856a, 0x856b, 0x8d6c, 0x856c, 0x856c, 0x9dcb, 0xa5cb, 0x9dcb, 0x958b, 0x5449, 0x6cc9, 0x9d89, 0x7ce9, 0x440a, 0x4409, 0x4c2a,
0x33cb, 0x236b, 0x1b4c, 0x1b0c, 0x1b0c, 0x2b8b, 0x33cd, 0xc66c, 0xce6a, 0xce6a, 0xadeb, 0x74eb, 0x7cea, 0xbe2a, 0xd6a9, 0xc649,
0xadea, 0xadca, 0xd68b, 0xdeaa, 0xdeaa, 0xd66a, 0xce4a, 0xbe0c, 0xc66c, 0xd6ab, 0xdeeb, 0xe6eb, 0xce8b, 0xc64b, 0xd6ab, 0xd6aa,
0xde89, 0xdea9, 0xd68a, 0xce69, 0xd669, 0xc629, 0xc62a, 0xc64b, 0xbe4c, 0xbe4c, 0xb62c, 0xbe4b, 0xceaa, 0xa5ec, 0x9dcc, 0xb62a,
0xae0b, 0xb62c, 0xce8b, 0xbe2a, 0xbe2a, 0xbe2a, 0xc62a, 0xd66a, 0xbe2b, 0xa5ec, 0xb62c, 0xbe4d, 0xbe4d, 0xae0c, 0x856b, 0x5ccb,

/* -52- */
0x230a, 0x230a, 0x3b49, 0x4388, 0x3b49, 0x22ea, 0x336a, 0x4c29, 0x4c09, 0x2b2b, 0x2b2b, 0x2b2a, 0x3b8a, 0x5469, 0x4c49, 0x3b8a,
0x1aaa, 0x1aa9, 0x5428, 0x5428, 0x3b49, 0x22a9, 0x1a8a, 0x334a, 0x5449, 0x5449, 0x43e9, 0x334a, 0x5429, 0x548a, 0x336b, 0x2b2b,
0x332b, 0x334a, 0x2b0b, 0x43c9, 0x5c68, 0x3ba9, 0x126b, 0x4bea, 0x5ca9, 0x5469, 0x2b8b, 0x3bea, 0x33ea, 0x3bed, 0xce97, 0x95b1,
0x95cd, 0xbeae, 0x4c0e, 0x6c91, 0xc658, 0xe73c, 0xffbe, 0x7cd1, 0x4bca, 0xb615, 0xadd9, 0x8d17, 0x6c74, 0x2b0d, 0x7494, 0x9537,
0x8d16, 0x7cb5, 0x3b70, 0x6450, 0x9d50, 0x84ef, 0x4c6e, 0x6c72, 0x7c33, 0x63f1, 0x4c0d, 0x440a, 0x336a, 0x1a8b, 0x2b2a, 0x2b2a,
0x43c9, 0x5c89, 0x5c89, 0x332a, 0x124a, 0x3b8a, 0x5469, 0x338a, 0x12ab, 0x338b, 0x546a, 0x5469, 0x3bea, 0x2b8b, 0x442a, 0x4c4a,
0x3c0a, 0x234b, 0x1aeb, 0x1b0b, 0x440a, 0x3bea, 0x6cc9, 0x8549, 0x5c89, 0x5449, 0x5449, 0x3baa, 0x338a, 0x336a, 0x22ea, 0x0a69,
0x7488, 0xbe28, 0x64a8, 0x5ca8, 0x5cc9, 0x7569, 0x652a, 0x444b, 0x33cb, 0x440a, 0x4c29, 0x3ba9, 0x22c9, 0x1249, 0x1269, 0x2ae9,
0x9dcb, 0x5c69, 0x5469, 0x7549, 0x7d69, 0x548a, 0x3bca, 0x3bea, 0x33aa, 0x442a, 0x548a, 0x3bab, 0x1b0b, 0x1b0b, 0x230b, 0x12ca,
0x9549, 0xd6c9, 0x7d28, 0x74e8, 0x64a8, 0x43a9, 0x43e9, 0xadc9, 0xe68a, 0xf6cb, 0xf6ab, 0xf6cb, 0xf6ab, 0xeecb, 0xeeca, 0xeeca,
0xe6a9, 0xce28, 0xbdc8, 0xbdc8, 0xcde8, 0xeeaa, 0xee8a, 0xee8a, 0xee89, 0xf6ca, 0xf6ca, 0xeea9, 0xeea9, 0xf6a9, 0xf6c9, 0xf6ca,
0xeeca, 0xeeca, 0xeeca, 0xeeaa, 0xeeab, 0xe6ab, 0xde8a, 0xde6a, 0xd669, 0xd649, 0xd649, 0xde88, 0xde88, 0xd669, 0xd66b, 0xce6c,
0xde8a, 0xde69, 0xd66a, 0xd66b, 0xce4c, 0xce4a, 0xce29, 0xc608, 0xc5e9, 0xc60a, 0xbdea, 0xc60a, 0xc62a, 0xc62b, 0xc62c, 0xc62c,
0xce2b, 0xce2a, 0xc62a, 0xc62a, 0xc60a, 0xbdea, 0xbde9, 0xb5a9, 0xa56a, 0xa58b, 0x9d4a, 0xb588, 0x9d29, 0x748d, 0x84ec, 0x8d0a,
0x8d0a, 0x8d2b, 0x9d6b, 0x954c, 0x850c, 0x958c, 0x958c, 0x958c, 0x9dca, 0x8d69, 0xadea, 0xb60a, 0xadca, 0xc609, 0x7cea, 0x6ccb,
0x6ceb, 0x6ceb, 0x6ccb, 0x6ceb, 0x74eb, 0x7d0a, 0x852b, 0x6ceb, 0x4c8a, 0x54aa, 0x5cca, 0x64ea, 0x64ca, 0x442a, 0x546a, 0x4c4a,
0x236b, 0x2b8b, 0x3baa, 0x230b, 0x1acb, 0x232a, 0x1b0b, 0x6c8b, 0x8ce9, 0x84c7, 0x6489, 0x442b, 0x2b6a, 0x4c0a, 0x7d0b, 0x7d4c,
0x7d2d, 0x7d2e, 0x8d6e, 0xbe2c, 0x9dac, 0x8d4d, 0x9d6c, 0x852d, 0x750e, 0xa5ea, 0x956b, 0x8d4b, 0x958b, 0x9dcb, 0x8d8e, 0x856f,
0xa5cd, 0xadcb, 0x7d2e, 0x956d, 0xa5ca, 0xa5a9, 0x956a, 0x750d, 0x854d, 0x958d, 0x7d4d, 0x752d, 0x6cce, 0x5c8e, 0x750c, 0x854c,
0x6cef, 0x6510, 0x8dcf, 0x8d6c, 0x854b, 0x8d8c, 0x8d8d, 0x95ad, 0x8dae, 0x7d6e, 0x856e, 0x7d6e, 0x6d2d, 0x6d2c, 0x6d2b, 0x650a,
0x4c6a, 0x33aa, 0x338a, 0x8d6a, 0xae0b, 0xae2b, 0x9dcb, 0x9dcb, 0x8d8a, 0x6ce9, 0x6ce9, 0x64ca, 0x6d2a, 0x754a, 0x444a, 0x33ca,
0x2b4b, 0x2b4a, 0x3b6a, 0x8d2a, 0xbe29, 0xbe49, 0xa5ea, 0x6ca9, 0x5469, 0x64c9, 0x64c9, 0x54aa, 0x548b, 0x4c4b, 0x33cb, 0x33cc,
0x1b4c, 0x4c2a, 0x6cca, 0x6ca9, 0x3349, 0x1289, 0x3ba9, 0x64c9, 0x5ca9, 0x338a, 0x2b6b, 0x43ea, 0x440a, 0x442a, 0x2b2a, 0x3b6a,
0x5cca, 0x546a, 0x3bec, 0x338c, 0x338b, 0x43ea, 0x43ca, 0x3baa, 0x3b89, 0x3349, 0x2b2a, 0x1a8a, 0x2aea, 0x5c09, 0x43a9, 0x22ca,
0x1a8a, 0x2b2b, 0x5c6a, 0x4c2a, 0x4c2a, 0x440a, 0x232c, 0x440a, 0x4c29, 0x3b89, 0x22ca, 0x334a, 0x540a, 0x6489, 0x5428, 0x2b2a,
0x2b4c, 0x5c50, 0xef5b, 0xae33, 0x9df1, 0x9590, 0x5c4c, 0x9d93, 0xc618, 0x9cf4, 0x43ab, 0x3bab, 0x8494, 0x8453, 0x94b1, 0xa570,
0x742b, 0xb5f6, 0xf77e, 0xded9, 0x4c28, 0x646d, 0xef3d, 0xff7e, 0x9d8f, 0x5ca7, 0xc6b6, 0xf79e, 0xa598, 0x94f6, 0x5c2d, 0x5c6d,
0xa556, 0x9d35, 0x3b6c, 0x4bcc, 0x850f, 0x4c0c, 0x2b8b, 0x646a, 0x53ea, 0x2b4a, 0x334a, 0x3b8a, 0x3b69, 0x3b69, 0x2ac9, 0x1a49,
0x3369, 0x43c9, 0x43c9, 0x334a, 0x2b6b, 0x33ac, 0x2b4c, 0x1b0d, 0x232c, 0x43c9, 0x3b89, 0x2b4b, 0x232b, 0x43aa, 0x3b8a, 0x1aca,
0x1aea, 0x2b2b, 0x43ea, 0x43ea, 0x336a, 0x230b, 0x230b, 0x230c, 0x2b4c, 0x2b0b, 0x22eb, 0x336a, 0x232b, 0x1b2b, 0x2b6b, 0x2b4b,
0x33ab, 0x4c4b, 0x7d0a, 0xa5a9, 0x74cb, 0x852b, 0x9dab, 0x8d8c, 0xadeb, 0xae0a, 0x9dcb, 0xae0a, 0xae0a, 0x9dcb, 0x9dab, 0x8d6c,
0x9daa, 0xa5a9, 0x9d8a, 0x8d4a, 0x8d2a, 0xa5a9, 0xadc9, 0xadea, 0x8d6b, 0x7d0b, 0x8d49, 0x9568, 0x854d, 0x7d4d, 0x9569, 0x9569,
0x852b, 0x8d6b, 0x958b, 0x958b, 0x8d8c, 0x856c, 0x856c, 0x95ab, 0x852b, 0x6caa, 0x9549, 0x8d4a, 0x64cc, 0x7d2b, 0x9d68, 0x8d49,
0x8d4a, 0x854b, 0x854b, 0x9da9, 0x9d67, 0x8529, 0x9589, 0x8d6a, 0x9d89, 0x8d49, 0x750a, 0x856a, 0x852b, 0x854a, 0x850a, 0x74aa,
0x8529, 0x7ca9, 0x6c89, 0x74c9, 0x6ca9, 0x74ca, 0x7d09, 0x74ca, 0x6ceb, 0x750b, 0x852b, 0x7d2b, 0x64ac, 0x5cad, 0x6d0d, 0x548d,
0x64cd, 0x750c, 0x5cac, 0x5cac, 0x64cb, 0x7d2a, 0x6cec, 0x548c, 0x6ccb, 0x95a9, 0x7d0b, 0x7d4c, 0x9dcb, 0x7d2b, 0x856b, 0x8d8b,
0x7d4b, 0x8d6b, 0x6ced, 0x7d4b, 0x95a9, 0x6cca, 0x854a, 0x8d6a, 0x750a, 0x854a, 0x958a, 0x858a, 0x8d8a, 0x95aa, 0x95aa, 0x7529,
0x5489, 0x54aa, 0x546a, 0x548a, 0x3b8a, 0x2b4b, 0x2b4b, 0x2b2a, 0x8d69, 0x6cc8, 0x5449, 0x4c6a, 0x3bca, 0x3bcb, 0x3baa, 0x338c,
0x442b, 0x2b2b, 0x1aab, 0x1aab, 0x3bca, 0x546a, 0x4c29, 0x2b0a, 0x22ca, 0x2b2a, 0x22a9, 0x2ac9, 0x22ca, 0x4c0b, 0x858a, 0x64ea,
0x340b, 0x2b8b, 0x232b, 0x234b, 0x232b, 0x234b, 0x234b, 0x440b, 0x6ce9, 0x5c89, 0x4409, 0x33a9, 0x3ba9, 0x43e9, 0x6cea, 0x64ca,
0x5469, 0x5c89, 0x64a9, 0x5c89, 0x5c89, 0x5c89, 0x5469, 0x546a, 0x444b, 0x3bcb, 0x3bcb, 0x2b8c, 0x33ac, 0x442b, 0x4c49, 0x5449,
0x5ca8, 0x3ba9, 0x124a, 0x544a, 0x64c9, 0x338a, 0x2b4a, 0x442a, 0x4c2b, 0x3bab, 0x336b, 0x1b2c, 0x440b, 0x752a, 0x4c2a, 0x43cb,
0x648b, 0x5c6b, 0x4c4b, 0x3be9, 0x2309, 0x6c73, 0xef7e, 0xd6b9, 0x3b69, 0x5c4c, 0xdf1a, 0xffff, 0xb615, 0x4be9, 0xc6b8, 0xef5d,
0x7451, 0x7472, 0x94f8, 0x53ee, 0x4c0b, 0x84b1, 0x744e, 0x6c50, 0x4c0f, 0x3bca, 0x440a, 0x4c4b, 0x64cb, 0x64ca, 0x336a, 0x2b0a,
0x336a, 0x3ba9, 0x4be9, 0x4bc9, 0x1a8a, 0x3329, 0x43e9, 0x440a, 0x440a, 0x338a, 0x338a, 0x3be8, 0x3349, 0x22ca, 0x232a, 0x230a,
0x230a, 0x230a, 0x3b49, 0x4388, 0x3b49, 0x22ea, 0x336a, 0x4c29, 0x4c09, 0x2b2b, 0x2b2b, 0x2b2a, 0x3b8a, 0x5469, 0x4c49, 0x3b8a,
0x1aaa, 0x1aa9, 0x5428, 0x5428, 0x3b49, 0x22a9, 0x1a8a, 0x334a, 0x5449, 0x5449, 0x43e9, 0x334a, 0x5429, 0x548a, 0x336b, 0x2b2b,
0x332b, 0x334a, 0x2b0b, 0x43c9, 0x5c68, 0x3ba9, 0x126b, 0x4bea, 0x5ca9, 0x5469, 0x2b8b, 0x3bea, 0x33ea, 0x3bed, 0xce97, 0x95b1,
0x95cd, 0xbeae, 0x4c0e, 0x6c91, 0xc658, 0xe73c, 0xffbe, 0x7cd1, 0x4bca, 0xb615, 0xadd9, 0x8d17, 0x6c74, 0x2b0d, 0x7494, 0x9537,
0x8d16, 0x7cb5, 0x3b70, 0x6450, 0x9d50, 0x84ef, 0x4c6e, 0x6c72, 0x7c33, 0x63f1, 0x4c0d, 0x440a, 0x336a, 0x1a8b, 0x2b2a, 0x2b2a,
0x43c9, 0x5c89, 0x5c89, 0x332a, 0x124a, 0x3b8a, 0x5469, 0x338a, 0x12ab, 0x338b, 0x546a, 0x5469, 0x3bea, 0x2b8b, 0x442a, 0x4c4a,
0x3c0a, 0x234b, 0x1aeb, 0x1b0b, 0x440a, 0x3bea, 0x6cc9, 0x8549, 0x5c89, 0x5449, 0x5449, 0x3baa, 0x338a, 0x336a, 0x22ea, 0x0a69,
0x7488, 0xbe28, 0x64a8, 0x5ca8, 0x5cc9, 0x7569, 0x652a, 0x444b, 0x33cb, 0x440a, 0x4c29, 0x3ba9, 0x22c9, 0x1249, 0x1269, 0x2ae9,
0x9dcb, 0x5c69, 0x5469, 0x7549, 0x7d69, 0x548a, 0x3bca, 0x3bea, 0x33aa, 0x442a, 0x548a, 0x3bab, 0x1b0b, 0x1b0b, 0x230b, 0x12ca,
0x9549, 0xd6c9, 0x7d28, 0x74e8, 0x64a8, 0x43a9, 0x43e9, 0xadc9, 0xe68a, 0xf6cb, 0xf6ab, 0xf6cb, 0xf6ab, 0xeecb, 0xeeca, 0xeeca,
0xe6a9, 0xce28, 0xbdc8, 0xbdc8, 0xcde8, 0xeeaa, 0xee8a, 0xee8a, 0xee89, 0xf6ca, 0xf6ca, 0xeea9, 0xeea9, 0xf6a9, 0xf6c9, 0xf6ca,
0xeeca, 0xeeca, 0xeeca, 0xeeaa, 0xeeab, 0xe6ab, 0xde8a, 0xde6a, 0xd669, 0xd649, 0xd649, 0xde88, 0xde88, 0xd669, 0xd66b, 0xce6c,
0xde8a, 0xde69, 0xd66a, 0xd66b, 0xce4c, 0xce4a, 0xce29, 0xc608, 0xc5e9, 0xc60a, 0xbdea, 0xc60a, 0xc62a, 0xc62b, 0xc62c, 0xc62c,
0xce2b, 0xce2a, 0xc62a, 0xc62a, 0xc60a, 0xbdea, 0xbde9, 0xb5a9, 0xa56a, 0xa58b, 0x9d4a, 0xb588, 0x9d29, 0x748d, 0x84ec, 0x8d0a,
0x8d0a, 0x8d2b, 0x9d6b, 0x954c, 0x850c, 0x958c, 0x958c, 0x958c, 0x9dca, 0x8d69, 0xadea, 0xb60a, 0xadca, 0xc609, 0x7cea, 0x6ccb,
0x6ceb, 0x6ceb, 0x6ccb, 0x6ceb, 0x74eb, 0x7d0a, 0x852b, 0x6ceb, 0x4c8a, 0x54aa, 0x5cca, 0x64ea, 0x64ca, 0x442a, 0x546a, 0x4c4a,
0x236b, 0x2b8b, 0x3baa, 0x230b, 0x1acb, 0x232a, 0x1b0b, 0x6c8b, 0x8ce9, 0x84c7, 0x6489, 0x442b, 0x2b6a, 0x4c0a, 0x7d0b, 0x7d4c,
0x7d2d, 0x7d2e, 0x8d6e, 0xbe2c, 0x9dac, 0x8d4d, 0x9d6c, 0x852d, 0x750e, 0xa5ea, 0x956b, 0x8d4b, 0x958b, 0x9dcb, 0x8d8e, 0x856f,
0xa5cd, 0xadcb, 0x7d2e, 0x956d, 0xa5ca, 0xa5a9, 0x956a, 0x750d, 0x854d, 0x958d, 0x7d4d, 0x752d, 0x6cce, 0x5c8e, 0x750c, 0x854c,
0x6cef, 0x6510, 0x8dcf, 0x8d6c, 0x854b, 0x8d8c, 0x8d8d, 0x95ad, 0x8dae, 0x7d6e, 0x856e, 0x7d6e, 0x6d2d, 0x6d2c, 0x6d2b, 0x650a,

/* -53- */
0x2b4a, 0x2b4a, 0x3b69, 0x4389, 0x3b89, 0x230a, 0x22ea, 0x43c9, 0x4c09, 0x3bca, 0x334a, 0x22aa, 0x2b0a, 0x5429, 0x5428, 0x3349,
0x1aa9, 0x2ae9, 0x5428, 0x5408, 0x43a9, 0x3b4a, 0x1acb, 0x338b, 0x5c69, 0x5449, 0x3b8a, 0x1aab, 0x3b8a, 0x544a, 0x4c0a, 0x2b2b,
0x22eb, 0x230b, 0x230b, 0x4c4a, 0x64e9, 0x43ea, 0x1aab, 0x4c0a, 0x5c49, 0x43c9, 0x230a, 0x43c9, 0x3369, 0x338b, 0x8cee, 0x542b,
0x64ec, 0x9dee, 0x4c0d, 0x4bad, 0x53ac, 0xbe37, 0xffbe, 0x8511, 0x43c9, 0x8d50, 0xb5f8, 0x9537, 0x7494, 0x336e, 0x7cd5, 0x9516,
0x9516, 0x7cb4, 0x2b6e, 0x440c, 0x7cec, 0x648b, 0x1b89, 0x4c10, 0x6c31, 0x43ca, 0x3389, 0x3baa, 0x3349, 0x22cb, 0x5489, 0x5469,
0x4c49, 0x5469, 0x5c8a, 0x336b, 0x1acc, 0x4c2b, 0x5489, 0x3bab, 0x12cb, 0x2b6a, 0x4c2a, 0x43ea, 0x338a, 0x234b, 0x1aea, 0x3b8a,
0x3b89, 0x22e9, 0x0a6a, 0x3ba9, 0x64a9, 0x4c4a, 0x4c4a, 0x6d09, 0x64e9, 0x2b8a, 0x33aa, 0x4c2a, 0x336b, 0x1b0b, 0x236b, 0x2bab,
0x236a, 0x64a9, 0x7508, 0x43e9, 0x2b4a, 0x546a, 0x546a, 0x2b2a, 0x336a, 0x3baa, 0x3bc9, 0x336a, 0x1aaa, 0x128a, 0x3389, 0x4c29,
0x43e9, 0x546a, 0x64ea, 0x6d0a, 0x64ca, 0x546a, 0x4c2a, 0x4409, 0x4c09, 0x43c9, 0x3ba9, 0x2b0a, 0x1a8a, 0x1aca, 0x1aca, 0x2309,
0x3b6a, 0x6caa, 0x8569, 0x8548, 0x5c69, 0x3bc9, 0x43ea, 0x232b, 0x9d6c, 0xf72d, 0xef0d, 0xf70d, 0xf72c, 0xf72c, 0xf72b, 0xef0a,
0x9d89, 0x6ca8, 0x5c49, 0x3baa, 0x850c, 0xf74c, 0xf72d, 0xf74d, 0xf72e, 0xf76f, 0xff8e, 0xff8e, 0xff8e, 0xff6e, 0xff6e, 0xff6c,
0xff6c, 0xf76b, 0xf74c, 0xf76e, 0xf76f, 0xef4f, 0xf76f, 0xff6f, 0xff8f, 0xff90, 0xff6e, 0xff6d, 0xff6d, 0xff6e, 0xff90, 0xff6f,
0xff8e, 0xff8d, 0xff8d, 0xff8e, 0xff6e, 0xff6d, 0xff6c, 0xff8d, 0xff8d, 0xff6c, 0xeee9, 0xff2a, 0xff29, 0xf70a, 0xf74b, 0xff2a,
0xff29, 0xff4a, 0xff6b, 0xff6b, 0xff4b, 0xff2a, 0xf70a, 0xe6c9, 0xdeaa, 0xef0a, 0xdeaa, 0xe6ea, 0xe6ca, 0xadad, 0xd68c, 0xce8b,
0xbe2b, 0xce8c, 0xce6c, 0xdeed, 0xd6cd, 0xc66d, 0xce8c, 0xdecc, 0xe6ec, 0xd68a, 0xd6a9, 0xef0a, 0xef0a, 0xe6ea, 0xe6ea, 0xe6ea,
0xdec9, 0xdea8, 0xdea9, 0xe6ea, 0xef0a, 0xdeea, 0xe6ea, 0x854a, 0x4429, 0x444a, 0x4c8a, 0x4caa, 0x342c, 0x3c4c, 0x754a, 0x64e9,
0x33aa, 0x4409, 0x5409, 0x2aea, 0x126a, 0x1aaa, 0x1a8a, 0x022b, 0x7cea, 0x9da8, 0x4c4a, 0x5ca9, 0x440b, 0x234b, 0x336b, 0x8dae,
0x856f, 0x7d50, 0x7550, 0x7d2f, 0x6ccf, 0x64cf, 0x750e, 0x6cce, 0x6cef, 0xa60b, 0x74ed, 0x646e, 0x7ced, 0x854d, 0x74f0, 0x7510,
0x750f, 0x750e, 0x64d0, 0x7d2f, 0x852c, 0x7d0d, 0x750d, 0x6cef, 0xae0e, 0xd6cd, 0x958c, 0x856d, 0x64af, 0x6cef, 0xae0b, 0x958b,
0x7d2f, 0x7d70, 0x85b1, 0xcead, 0xc66b, 0xc66c, 0xc66e, 0xc68e, 0xceae, 0xcead, 0xd6cd, 0x95ac, 0x64cb, 0x9de9, 0x7509, 0x5469,
0x4409, 0x3389, 0x2b0a, 0x22ca, 0x8d6b, 0xd72e, 0xd70e, 0xc6ad, 0x95cc, 0x5cea, 0x650a, 0x7d6a, 0x5c8a, 0x3c09, 0x3bea, 0x336a,
0x230a, 0x22ca, 0x5beb, 0x5c4b, 0x9dca, 0xd6ea, 0x750b, 0x5469, 0x5c69, 0x5c89, 0x6d09, 0x5cea, 0x3c2c, 0x238c, 0x33ab, 0x33ab,
0x1b0b, 0x3baa, 0x3b8a, 0x334a, 0x5c49, 0x2ae9, 0x3369, 0x5c89, 0x5469, 0x336b, 0x232b, 0x3bcb, 0x3beb, 0x234c, 0x3bea, 0x548a,
0x5ccb, 0x4c6b, 0x2bab, 0x2b6c, 0x338b, 0x3baa, 0x336a, 0x22ca, 0x22ea, 0x3b89, 0x3b69, 0x22aa, 0x330a, 0x5c29, 0x5409, 0x2b4b,
0x2b2b, 0x336b, 0x544a, 0x2b8b, 0x338b, 0x4bea, 0x2b4b, 0x3baa, 0x3b8a, 0x22eb, 0x2b2b, 0x5c4a, 0x648a, 0x440a, 0x4409, 0x3baa,
0x2309, 0x4c0c, 0xce95, 0x750e, 0x444b, 0xbe33, 0x74ee, 0x43ea, 0x7c6d, 0x848f, 0x3388, 0x33a9, 0x6c51, 0x7431, 0x846d, 0x6c69,
0x3369, 0x9d74, 0xc637, 0xb5b1, 0x5449, 0x5c4c, 0xd6ba, 0xdefa, 0x5c6b, 0x2b88, 0xa5d4, 0xce99, 0x8d14, 0x7c91, 0x43a8, 0x4beb,
0x84b3, 0x7c92, 0x3b8d, 0x3b8b, 0x4c08, 0x4409, 0x3beb, 0x4c0b, 0x43cb, 0x336b, 0x334b, 0x2b0a, 0x2b0a, 0x2b0a, 0x22ea, 0x230b,
0x2b2b, 0x2b4b, 0x3bab, 0x2b2b, 0x232c, 0x2b6c, 0x2b6c, 0x2b4c, 0x234c, 0x4c09, 0x4be9, 0x2b0b, 0x230b, 0x2b2a, 0x22aa, 0x1a8a,
0x1aca, 0x22eb, 0x2b2b, 0x2b0b, 0x22eb, 0x22cb, 0x22eb, 0x230b, 0x230b, 0x2b2b, 0x232b, 0x1aeb, 0x1aeb, 0x230b, 0x2b4b, 0x334b,
0x2b6b, 0x234b, 0x43eb, 0x644c, 0x646c, 0x5c6c, 0x5c6d, 0x74ed, 0x7d2e, 0x6ced, 0x5ccd, 0x64cc, 0x750b, 0x548d, 0x54ac, 0x548c,
0x648c, 0x7cea, 0x4c2c, 0x542c, 0x646c, 0x74ab, 0x9529, 0x74cb, 0x544d, 0x548e, 0x6ccc, 0x6ceb, 0x4c4d, 0x444d, 0x546c, 0x546d,
0x5c8d, 0x74ec, 0x5c8d, 0x4c4d, 0x4c4d, 0x5cad, 0x64cd, 0x5cad, 0x442d, 0x440c, 0x546c, 0x64ac, 0x546b, 0x440c, 0x540b, 0x544c,
0x5c8d, 0x5cae, 0x4c8f, 0x6d0d, 0x8d29, 0x64ad, 0x5c8d, 0x4c4e, 0x5c8d, 0x648c, 0x546e, 0x5c6e, 0x546e, 0x4c4e, 0x4c2e, 0x544e,
0x648e, 0x5c4e, 0x544d, 0x4c2c, 0x4c2c, 0x4c2c, 0x4c2c, 0x4c2c, 0x4c4d, 0x544d, 0x548d, 0x5c8e, 0x546e, 0x4c4e, 0x5c6e, 0x546d,
0x5c8d, 0x5c8c, 0x4c2d, 0x4c2d, 0x5c6c, 0x7d2c, 0x64cd, 0x444f, 0x548e, 0x64ad, 0x64ad, 0x64ce, 0x5cae, 0x5cae, 0x5cad, 0x5c8d,
0x546d, 0x546d, 0x546d, 0x5c8d, 0x6c8b, 0x5c4c, 0x5c4c, 0x5c4c, 0x5c6c, 0x5c6c, 0x5c4c, 0x5c6c, 0x5c4c, 0x4c0c, 0x43cc, 0x544b,
0x5cca, 0x444a, 0x33ab, 0x2b2b, 0x230b, 0x1b0b, 0x230c, 0x1acb, 0x544a, 0x7509, 0x43c9, 0x22ea, 0x22c9, 0x1a89, 0x1229, 0x1a6a,
0x2b29, 0x22c9, 0x1249, 0x1acb, 0x3beb, 0x33aa, 0x230a, 0x1b0b, 0x1b0b, 0x1acb, 0x22eb, 0x542b, 0x4c0b, 0x544b, 0x5c8a, 0x3ba9,
0x2b6a, 0x1b0a, 0x12aa, 0x1ac9, 0x12ca, 0x338a, 0x3bab, 0x33aa, 0x64aa, 0x6cea, 0x4bea, 0x336a, 0x2329, 0x3389, 0x7529, 0x64aa,
0x5c8a, 0x64c9, 0x64c9, 0x440a, 0x4c4a, 0x5cc9, 0x5489, 0x33ab, 0x2b8b, 0x4c0a, 0x4be9, 0x336a, 0x1aeb, 0x232b, 0x43e9, 0x43e9,
0x5428, 0x3b88, 0x1a6a, 0x43c9, 0x4c09, 0x230a, 0x2b4b, 0x3beb, 0x2b6c, 0x232c, 0x234b, 0x236b, 0x4c2b, 0x6d0b, 0x5cab, 0x4c2b,
0x440b, 0x542b, 0x3bcb, 0x4c49, 0x5c48, 0x43ae, 0xb618, 0xce97, 0x542b, 0x33c9, 0x95b3, 0xef9d, 0xa613, 0x4428, 0x64ad, 0xb617,
0x4369, 0x53ab, 0x84b4, 0x43ac, 0x4beb, 0x748d, 0x5c29, 0x5409, 0x43ea, 0x4c4a, 0x4c2a, 0x2b4a, 0x3baa, 0x544a, 0x43ca, 0x336a,
0x2b2a, 0x334a, 0x43ea, 0x43ca, 0x2b2a, 0x43ca, 0x5429, 0x43c9, 0x43ca, 0x2aea, 0x230a, 0x4407, 0x3b88, 0x22ca, 0x22ea, 0x22ea,
0x2b4a, 0x2b4a, 0x3b69, 0x4389, 0x3b89, 0x230a, 0x22ea, 0x43c9, 0x4c09, 0x3bca, 0x334a, 0x22aa, 0x2b0a, 0x5429, 0x5428, 0x3349,
0x1aa9, 0x2ae9, 0x5428, 0x5408, 0x43a9, 0x3b4a, 0x1acb, 0x338b, 0x5c69, 0x5449, 0x3b8a, 0x1aab, 0x3b8a, 0x544a, 0x4c0a, 0x2b2b,
0x22eb, 0x230b, 0x230b, 0x4c4a, 0x64e9, 0x43ea, 0x1aab, 0x4c0a, 0x5c49, 0x43c9, 0x230a, 0x43c9, 0x3369, 0x338b, 0x8cee, 0x542b,
0x64ec, 0x9dee, 0x4c0d, 0x4bad, 0x53ac, 0xbe37, 0xffbe, 0x8511, 0x43c9, 0x8d50, 0xb5f8, 0x9537, 0x7494, 0x336e, 0x7cd5, 0x9516,
0x9516, 0x7cb4, 0x2b6e, 0x440c, 0x7cec, 0x648b, 0x1b89, 0x4c10, 0x6c31, 0x43ca, 0x3389, 0x3baa, 0x3349, 0x22cb, 0x5489, 0x5469,
0x4c49, 0x5469, 0x5c8a, 0x336b, 0x1acc, 0x4c2b, 0x5489, 0x3bab, 0x12cb, 0x2b6a, 0x4c2a, 0x43ea, 0x338a, 0x234b, 0x1aea, 0x3b8a,
0x3b89, 0x22e9, 0x0a6a, 0x3ba9, 0x64a9, 0x4c4a, 0x4c4a, 0x6d09, 0x64e9, 0x2b8a, 0x33aa, 0x4c2a, 0x336b, 0x1b0b, 0x236b, 0x2bab,
0x236a, 0x64a9, 0x7508, 0x43e9, 0x2b4a, 0x546a, 0x546a, 0x2b2a, 0x336a, 0x3baa, 0x3bc9, 0x336a, 0x1aaa, 0x128a, 0x3389, 0x4c29,
0x43e9, 0x546a, 0x64ea, 0x6d0a, 0x64ca, 0x546a, 0x4c2a, 0x4409, 0x4c09, 0x43c9, 0x3ba9, 0x2b0a, 0x1a8a, 0x1aca, 0x1aca, 0x2309,
0x3b6a, 0x6caa, 0x8569, 0x8548, 0x5c69, 0x3bc9, 0x43ea, 0x232b, 0x9d6c, 0xf72d, 0xef0d, 0xf70d, 0xf72c, 0xf72c, 0xf72b, 0xef0a,
0x9d89, 0x6ca8, 0x5c49, 0x3baa, 0x850c, 0xf74c, 0xf72d, 0xf74d, 0xf72e, 0xf76f, 0xff8e, 0xff8e, 0xff8e, 0xff6e, 0xff6e, 0xff6c,
0xff6c, 0xf76b, 0xf74c, 0xf76e, 0xf76f, 0xef4f, 0xf76f, 0xff6f, 0xff8f, 0xff90, 0xff6e, 0xff6d, 0xff6d, 0xff6e, 0xff90, 0xff6f,
0xff8e, 0xff8d, 0xff8d, 0xff8e, 0xff6e, 0xff6d, 0xff6c, 0xff8d, 0xff8d, 0xff6c, 0xeee9, 0xff2a, 0xff29, 0xf70a, 0xf74b, 0xff2a,
0xff29, 0xff4a, 0xff6b, 0xff6b, 0xff4b, 0xff2a, 0xf70a, 0xe6c9, 0xdeaa, 0xef0a, 0xdeaa, 0xe6ea, 0xe6ca, 0xadad, 0xd68c, 0xce8b,
0xbe2b, 0xce8c, 0xce6c, 0xdeed, 0xd6cd, 0xc66d, 0xce8c, 0xdecc, 0xe6ec, 0xd68a, 0xd6a9, 0xef0a, 0xef0a, 0xe6ea, 0xe6ea, 0xe6ea,
0xdec9, 0xdea8, 0xdea9, 0xe6ea, 0xef0a, 0xdeea, 0xe6ea, 0x854a, 0x4429, 0x444a, 0x4c8a, 0x4caa, 0x342c, 0x3c4c, 0x754a, 0x64e9,
0x33aa, 0x4409, 0x5409, 0x2aea, 0x126a, 0x1aaa, 0x1a8a, 0x022b, 0x7cea, 0x9da8, 0x4c4a, 0x5ca9, 0x440b, 0x234b, 0x336b, 0x8dae,
0x856f, 0x7d50, 0x7550, 0x7d2f, 0x6ccf, 0x64cf, 0x750e, 0x6cce, 0x6cef, 0xa60b, 0x74ed, 0x646e, 0x7ced, 0x854d, 0x74f0, 0x7510,
0x750f, 0x750e, 0x64d0, 0x7d2f, 0x852c, 0x7d0d, 0x750d, 0x6cef, 0xae0e, 0xd6cd, 0x958c, 0x856d, 0x64af, 0x6cef, 0xae0b, 0x958b,
0x7d2f, 0x7d70, 0x85b1, 0xcead, 0xc66b, 0xc66c, 0xc66e, 0xc68e, 0xceae, 0xcead, 0xd6cd, 0x95ac, 0x64cb, 0x9de9, 0x7509, 0x5469,

/* -54- */
0x2b6a, 0x236a, 0x2b6a, 0x338a, 0x338b, 0x2b6b, 0x336b, 0x3369, 0x3369, 0x2b4a, 0x2b0a, 0x22ea, 0x22ea, 0x2b09, 0x2b29, 0x2b2a,
0x2b0a, 0x2b2a, 0x2b29, 0x2309, 0x2309, 0x22ea, 0x1aea, 0x230a, 0x2329, 0x2329, 0x1ae9, 0x1aca, 0x1aea, 0x1b0a, 0x1b0b, 0x1b0b,
0x1b0b, 0x1b0b, 0x1aeb, 0x232a, 0x232a, 0x1aea, 0x12ab, 0x1aaa, 0x1aa9, 0x12a9, 0x0a89, 0x0269, 0x0269, 0x0289, 0x02a9, 0x1b2a,
0x1b6a, 0x1b4a, 0x236b, 0x234b, 0x2b6b, 0x442c, 0x446d, 0x444b, 0x4c6b, 0x548c, 0x54ac, 0x4c8c, 0x43eb, 0x2b6a, 0x4c0c, 0x6ccc,
0x5c8b, 0x4c4b, 0x440b, 0x3bca, 0x3baa, 0x43ea, 0x3be9, 0x3bea, 0x440a, 0x4c09, 0x43c9, 0x2b2a, 0x22ea, 0x230b, 0x440a, 0x4c4a,
0x546a, 0x546a, 0x3bcc, 0x2b2c, 0x334c, 0x4c0a, 0x4c09, 0x336a, 0x2b0a, 0x2b4a, 0x336a, 0x2b4b, 0x232b, 0x2b6b, 0x4c0a, 0x332a,
0x1aa9, 0x22a9, 0x22c9, 0x5c69, 0x6cc9, 0x3beb, 0x33cb, 0x442b, 0x548a, 0x3beb, 0x338a, 0x43ea, 0x232a, 0x1b0b, 0x3beb, 0x4c6a,
0x3beb, 0x3c2b, 0x4c4a, 0x3baa, 0x2b4a, 0x2b2a, 0x2b2a, 0x2b4a, 0x2b4a, 0x22ea, 0x1aca, 0x1aca, 0x1aeb, 0x1acb, 0x3c0a, 0x5cca,
0x5caa, 0x5cca, 0x4c4b, 0x338b, 0x338b, 0x2b6a, 0x440a, 0x2b2a, 0x3ba9, 0x2b29, 0x126a, 0x1a89, 0x1a69, 0x1269, 0x3349, 0x6ca9,
0x6cca, 0x6cea, 0x5c6a, 0x3bca, 0x440a, 0x3baa, 0x2b4a, 0x2b6b, 0x2b6b, 0x440b, 0x9e0d, 0xceee, 0xc6ce, 0xcecd, 0xa5ea, 0x64a8,
0x6cc8, 0x7507, 0x5c69, 0x33aa, 0x440a, 0x3bea, 0x856a, 0xe72b, 0xce8c, 0xdf0d, 0xd6ed, 0xd6ec, 0xdf2d, 0xc68c, 0xd6ec, 0xe70a,
0xc689, 0xbe69, 0xc689, 0xbe8a, 0xb68c, 0x95cc, 0x7d6b, 0xce89, 0xeee9, 0xef2b, 0xe6ea, 0xdec9, 0xd6cb, 0xdf0d, 0xd6cc, 0xceab,
0xd6cb, 0xe70a, 0xd689, 0xbe4a, 0xce8b, 0xd6cc, 0xdf0c, 0xdecb, 0xd6aa, 0xe6ea, 0xe70b, 0xe70b, 0xdeea, 0xd6ea, 0xdf0b, 0xdeea,
0xe70a, 0xceab, 0xb64a, 0xb62a, 0xae0a, 0xa60b, 0xdeeb, 0xef2a, 0xe72b, 0xe72a, 0xef4b, 0xef4b, 0xef4b, 0xef6b, 0xf76b, 0xf76b,
0xf76b, 0xf76b, 0xf78b, 0xef4b, 0xdeeb, 0xdeeb, 0xf76c, 0xf74b, 0xef2b, 0xef0b, 0xef2c, 0xef4c, 0xef2c, 0xef4c, 0xef4c, 0xef4c,
0xef4c, 0xef4b, 0xf74c, 0xf74c, 0xf76b, 0xf76b, 0xe74b, 0x750a, 0x5ca9, 0x4c6a, 0x548a, 0x4c6a, 0x2bab, 0x1b6c, 0x548a, 0x5469,
0x3bc9, 0x3ba9, 0x2309, 0x1a8a, 0x126a, 0x0a4a, 0x1ac9, 0x4bca, 0x5429, 0x64c9, 0x64e9, 0x650a, 0x442b, 0x232b, 0x43aa, 0x958b,
0xd6ed, 0xe76d, 0xe74c, 0xe72c, 0xe72c, 0xe74c, 0xe74b, 0xe74b, 0xe74b, 0xdf2b, 0xe74c, 0xe74c, 0xe74c, 0xe74c, 0xe74d, 0xe74e,
0xe74e, 0xe74d, 0xe74d, 0xe74d, 0xdf2d, 0xdf2d, 0xe74d, 0xe74d, 0xe74d, 0xe74c, 0xef4c, 0xef6d, 0xef4c, 0xe74c, 0xe74c, 0xe74c,
0xe74c, 0xe74d, 0xe74d, 0xdf2c, 0xef4c, 0xceac, 0x64eb, 0x6d0a, 0xbe6a, 0xf7cc, 0xdf2a, 0x856a, 0x5c6a, 0x5c69, 0x5429, 0x5429,
0x43e9, 0x4be9, 0x230b, 0x1aeb, 0x1aeb, 0x542b, 0xe74c, 0x856b, 0x5cea, 0x652a, 0x5cca, 0x4c49, 0x4c09, 0x3ba9, 0x1aa9, 0x1a89,
0x22a9, 0x332b, 0x2b0b, 0x1aeb, 0x4c0b, 0x95ca, 0x6d0b, 0x5caa, 0x3beb, 0x3bcb, 0x546a, 0x4c6a, 0x3bcb, 0x3bcb, 0x3bab, 0x232b,
0x1b0b, 0x1b0b, 0x336a, 0x4c0a, 0x5c49, 0x3329, 0x2b49, 0x4409, 0x338a, 0x2b6b, 0x33ab, 0x3bab, 0x2b4b, 0x22eb, 0x3bca, 0x4c49,
0x3bca, 0x2b6b, 0x338b, 0x232b, 0x232b, 0x232b, 0x1b0b, 0x1aeb, 0x1aeb, 0x1aca, 0x1aab, 0x12ab, 0x22eb, 0x334a, 0x232b, 0x12eb,
0x12eb, 0x12cb, 0x12cb, 0x12ca, 0x12ca, 0x1aea, 0x1aea, 0x1b0a, 0x1b0b, 0x1aeb, 0x1b2b, 0x33eb, 0x2bab, 0x1b2b, 0x1b0a, 0x1b0a,
0x1b0a, 0x1b09, 0x236a, 0x33ac, 0x2bab, 0x2b8b, 0x2b8b, 0x2bab, 0x23aa, 0x2baa, 0x3beb, 0x33cb, 0x2bcb, 0x33eb, 0x2be9, 0x2c09,
0x6d50, 0x444a, 0x3428, 0x3c49, 0x3c4a, 0x3c0a, 0x3bca, 0x3bea, 0x33e9, 0x33e9, 0x33ea, 0x33ca, 0x2ba9, 0x2b68, 0x2b68, 0x2349,
0x2b2a, 0x232a, 0x230a, 0x230a, 0x232a, 0x444a, 0x5cab, 0x3bec, 0x33cd, 0x2bad, 0x442d, 0xceac, 0xdecc, 0xdecc, 0xdecc, 0xd6cd,
0xdf0f, 0xdf10, 0xdf10, 0xdf0f, 0xdeee, 0xdeee, 0xdeee, 0xdeed, 0xdeed, 0xdeed, 0xdeee, 0xdeee, 0xdeee, 0xdeee, 0xdeee, 0xdeef,
0xdeef, 0xdecf, 0xdeee, 0xdeee, 0xdeee, 0xd6cf, 0xd6ce, 0xdece, 0xd6ce, 0xdeed, 0xdeee, 0xd6ee, 0xdeee, 0xdf0f, 0xdf0f, 0xe70e,
0xe70e, 0xe70d, 0xe70d, 0xe70c, 0xe70d, 0xe70d, 0xe72d, 0xe72d, 0xe72d, 0xdf2d, 0xdf2d, 0xe70c, 0xe70c, 0xe72c, 0xe72c, 0xe72c,
0xef2c, 0xef2c, 0xef2d, 0xef2d, 0xef4c, 0xef4c, 0xef4c, 0xef4c, 0xef4d, 0xef4d, 0xef4d, 0xef4c, 0xef4d, 0xef2d, 0xef2c, 0xe72c,
0xef2c, 0xef2c, 0xef0c, 0xe70c, 0xe6ec, 0xef0c, 0xef2c, 0xef2c, 0xe70c, 0xe70b, 0xef0c, 0xef2c, 0xef2c, 0xe70c, 0xe70c, 0xe70c,
0xef2c, 0xef2c, 0xef2c, 0xe70c, 0xe70c, 0xe70c, 0xef2c, 0xef2c, 0xe70d, 0xe70d, 0xe70c, 0xe70c, 0xe70c, 0xe70c, 0xe70c, 0xe70d,
0xe72d, 0xe72d, 0xe72d, 0xe72d, 0xe72d, 0xe70d, 0xe70d, 0xe70c, 0xe70c, 0xe70c, 0xe72c, 0xe72c, 0xe72d, 0xe70d, 0xe70d, 0xe70c,
0xe70c, 0xe70c, 0xdf0c, 0xdeec, 0xe70c, 0xe70d, 0xdf0d, 0xdf0e, 0xdf0d, 0xdf0d, 0xe72d, 0xe72d, 0xe72d, 0xdf0d, 0xdeed, 0xdf0c,
0xdf0c, 0xdf0c, 0xdf0d, 0xdf0d, 0xdeed, 0xdf0d, 0xe72d, 0xdf0d, 0xdf0d, 0xdf0d, 0xdeed, 0xdf0d, 0xd6ce, 0x53cc, 0x334b, 0x334a,
0x334a, 0x336b, 0x338b, 0x2b4b, 0x2b2b, 0x232c, 0x2b4c, 0x2b4c, 0x2b6b, 0x334a, 0x334a, 0x332a, 0x2b0a, 0x2ac9, 0x22a9, 0x22a9,
0x22a9, 0x2289, 0x22a9, 0x22ca, 0x2b0b, 0x2b4a, 0x2b6b, 0x2b6b, 0x2b4c, 0x2b4c, 0x2b6c, 0x3bab, 0x3b8a, 0x2b4a, 0x2b2a, 0x22e9,
0x1ae9, 0x1aea, 0x2b4a, 0x74ea, 0x750a, 0x7d49, 0x8569, 0x74ea, 0x4c2a, 0x336a, 0x2b4a, 0x4c0a, 0x5c6a, 0x64aa, 0x858a, 0x754a,
0x6d0a, 0x6d0a, 0x5caa, 0x442b, 0x3bcb, 0x3bca, 0x3bea, 0x2b4a, 0x1aea, 0x230a, 0x22e9, 0x1aca, 0x1aca, 0x12ca, 0x2b29, 0x2b29,
0x2309, 0x1ac9, 0x1269, 0x1ac9, 0x1aea, 0x1b0b, 0x1b0b, 0x1b2b, 0x1b0b, 0x230b, 0x2b4a, 0x43ea, 0x3bea, 0x3bea, 0x33aa, 0x1b2b,
0x1b2c, 0x1b2b, 0x234b, 0x238a, 0x236a, 0x234a, 0x33aa, 0x3c2a, 0x3c29, 0x3c2a, 0x4c4b, 0x442a, 0x3c09, 0x4429, 0x3be9, 0x3389,
0x3b89, 0x3b6a, 0x334a, 0x334a, 0x336b, 0x2b8b, 0x2b8c, 0x33ac, 0x1b4b, 0x1b0a, 0x1b2a, 0x1b0a, 0x1aea, 0x1ac9, 0x1aca, 0x1aea,
0x232a, 0x2b4a, 0x232a, 0x232a, 0x230a, 0x2b4a, 0x2b69, 0x2b4a, 0x2b2a, 0x2b0a, 0x230a, 0x2b49, 0x2b2a, 0x22eb, 0x22eb, 0x230a,
0x2b6a, 0x236a, 0x2b6a, 0x338a, 0x338b, 0x2b6b, 0x336b, 0x3369, 0x3369, 0x2b4a, 0x2b0a, 0x22ea, 0x22ea, 0x2b09, 0x2b29, 0x2b2a,
0x2b0a, 0x2b2a, 0x2b29, 0x2309, 0x2309, 0x22ea, 0x1aea, 0x230a, 0x2329, 0x2329, 0x1ae9, 0x1aca, 0x1aea, 0x1b0a, 0x1b0b, 0x1b0b,
0x1b0b, 0x1b0b, 0x1aeb, 0x232a, 0x232a, 0x1aea, 0x12ab, 0x1aaa, 0x1aa9, 0x12a9, 0x0a89, 0x0269, 0x0269, 0x0289, 0x02a9, 0x1b2a,
0x1b6a, 0x1b4a, 0x236b, 0x234b, 0x2b6b, 0x442c, 0x446d, 0x444b, 0x4c6b, 0x548c, 0x54ac, 0x4c8c, 0x43eb, 0x2b6a, 0x4c0c, 0x6ccc,
0x5c8b, 0x4c4b, 0x440b, 0x3bca, 0x3baa, 0x43ea, 0x3be9, 0x3bea, 0x440a, 0x4c09, 0x43c9, 0x2b2a, 0x22ea, 0x230b, 0x440a, 0x4c4a,
0x546a, 0x546a, 0x3bcc, 0x2b2c, 0x334c, 0x4c0a, 0x4c09, 0x336a, 0x2b0a, 0x2b4a, 0x336a, 0x2b4b, 0x232b, 0x2b6b, 0x4c0a, 0x332a,
0x1aa9, 0x22a9, 0x22c9, 0x5c69, 0x6cc9, 0x3beb, 0x33cb, 0x442b, 0x548a, 0x3beb, 0x338a, 0x43ea, 0x232a, 0x1b0b, 0x3beb, 0x4c6a,
0x3beb, 0x3c2b, 0x4c4a, 0x3baa, 0x2b4a, 0x2b2a, 0x2b2a, 0x2b4a, 0x2b4a, 0x22ea, 0x1aca, 0x1aca, 0x1aeb, 0x1acb, 0x3c0a, 0x5cca,
0x5caa, 0x5cca, 0x4c4b, 0x338b, 0x338b, 0x2b6a, 0x440a, 0x2b2a, 0x3ba9, 0x2b29, 0x126a, 0x1a89, 0x1a69, 0x1269, 0x3349, 0x6ca9,
0x6cca, 0x6cea, 0x5c6a, 0x3bca, 0x440a, 0x3baa, 0x2b4a, 0x2b6b, 0x2b6b, 0x440b, 0x9e0d, 0xceee, 0xc6ce, 0xcecd, 0xa5ea, 0x64a8,
0x6cc8, 0x7507, 0x5c69, 0x33aa, 0x440a, 0x3bea, 0x856a, 0xe72b, 0xce8c, 0xdf0d, 0xd6ed, 0xd6ec, 0xdf2d, 0xc68c, 0xd6ec, 0xe70a,
0xc689, 0xbe69, 0xc689, 0xbe8a, 0xb68c, 0x95cc, 0x7d6b, 0xce89, 0xeee9, 0xef2b, 0xe6ea, 0xdec9, 0xd6cb, 0xdf0d, 0xd6cc, 0xceab,
0xd6cb, 0xe70a, 0xd689, 0xbe4a, 0xce8b, 0xd6cc, 0xdf0c, 0xdecb, 0xd6aa, 0xe6ea, 0xe70b, 0xe70b, 0xdeea, 0xd6ea, 0xdf0b, 0xdeea,
0xe70a, 0xceab, 0xb64a, 0xb62a, 0xae0a, 0xa60b, 0xdeeb, 0xef2a, 0xe72b, 0xe72a, 0xef4b, 0xef4b, 0xef4b, 0xef6b, 0xf76b, 0xf76b,
0xf76b, 0xf76b, 0xf78b, 0xef4b, 0xdeeb, 0xdeeb, 0xf76c, 0xf74b, 0xef2b, 0xef0b, 0xef2c, 0xef4c, 0xef2c, 0xef4c, 0xef4c, 0xef4c,
0xef4c, 0xef4b, 0xf74c, 0xf74c, 0xf76b, 0xf76b, 0xe74b, 0x750a, 0x5ca9, 0x4c6a, 0x548a, 0x4c6a, 0x2bab, 0x1b6c, 0x548a, 0x5469,
0x3bc9, 0x3ba9, 0x2309, 0x1a8a, 0x126a, 0x0a4a, 0x1ac9, 0x4bca, 0x5429, 0x64c9, 0x64e9, 0x650a, 0x442b, 0x232b, 0x43aa, 0x958b,
0xd6ed, 0xe76d, 0xe74c, 0xe72c, 0xe72c, 0xe74c, 0xe74b, 0xe74b, 0xe74b, 0xdf2b, 0xe74c, 0xe74c, 0xe74c, 0xe74c, 0xe74d, 0xe74e,
0xe74e, 0xe74d, 0xe74d, 0xe74d, 0xdf2d, 0xdf2d, 0xe74d, 0xe74d, 0xe74d, 0xe74c, 0xef4c, 0xef6d, 0xef4c, 0xe74c, 0xe74c, 0xe74c,
0xe74c, 0xe74d, 0xe74d, 0xdf2c, 0xef4c, 0xceac, 0x64eb, 0x6d0a, 0xbe6a, 0xf7cc, 0xdf2a, 0x856a, 0x5c6a, 0x5c69, 0x5429, 0x5429,

/* -55- */
0xce8e, 0xce8e, 0xce8e, 0xceaf, 0xceaf, 0xceae, 0xce8e, 0xce6e, 0xce6e, 0xce8e, 0xce6e, 0xc66d, 0xc66e, 0xc66d, 0xce8d, 0xce8e,
0xce8e, 0xce8e, 0xce6d, 0xc64d, 0xbe2d, 0xbe2d, 0xbe2d, 0xbe2d, 0xbe4d, 0xbe4d, 0xbe4d, 0xbe2d, 0xbe2e, 0xb62e, 0xb62e, 0xb62e,
0xb62d, 0xb60d, 0xae0d, 0xadec, 0xadec, 0xa5cc, 0x9d8b, 0x9d8b, 0x9d8b, 0x958c, 0x958c, 0x956c, 0x956c, 0x958c, 0x95ac, 0x95ac,
0x95cc, 0x8dac, 0x858c, 0x7d8c, 0x85ac, 0x95ec, 0x8dac, 0x650b, 0x54cb, 0x5ceb, 0x5cea, 0x6509, 0x5cc9, 0x4c6a, 0x54aa, 0x7d6a,
0x64e9, 0x340a, 0x33cb, 0x2b8b, 0x234b, 0x2baa, 0x33e9, 0x2bc9, 0x33aa, 0x236a, 0x132a, 0x130a, 0x1b0a, 0x234b, 0x2baa, 0x2baa,
0x2b8a, 0x234a, 0x1b0b, 0x1aaa, 0x1a89, 0x22c8, 0x1ae8, 0x22e8, 0x1ac8, 0x0a68, 0x12a9, 0x12ea, 0x12eb, 0x1b2b, 0x234a, 0x1aea,
0x0a8a, 0x1289, 0x2369, 0x33c9, 0x2b49, 0x1b09, 0x12ea, 0x1b4a, 0x236a, 0x1b0a, 0x0aa9, 0x0aa9, 0x0aaa, 0x0aaa, 0x0aca, 0x12ea,
0x12ea, 0x1b4a, 0x236a, 0x2309, 0x1289, 0x1289, 0x1289, 0x1ac9, 0x1aca, 0x1269, 0x1289, 0x1aea, 0x1b0b, 0x440a, 0x5cc9, 0x5469,
0x54aa, 0x5cea, 0x548a, 0x336b, 0x2b6b, 0x2b4b, 0x2b2a, 0x230a, 0x2b2a, 0x22ea, 0x1a8a, 0x1a8a, 0x1a69, 0x22c9, 0x5c69, 0x6ca9,
0x6cea, 0x6d0a, 0x64eb, 0x2b8b, 0x3bea, 0x3bca, 0x230b, 0x2b2b, 0x2b4b, 0x22ea, 0x542b, 0x9e4f, 0x9def, 0x8dce, 0x5c68, 0x5468,
0x7508, 0x8568, 0x548a, 0x3c0a, 0x33ea, 0x238a, 0x4409, 0x7d4a, 0xa62b, 0xae4b, 0xae4a, 0x9e0a, 0x9e0b, 0xae4b, 0xb66a, 0xb649,
0x95ca, 0xae4a, 0xc6a8, 0xa609, 0x752a, 0x544a, 0x544a, 0x95a8, 0xc666, 0xce86, 0xbe68, 0x9e09, 0x95ca, 0xbe6b, 0x9deb, 0x9deb,
0xa609, 0xae49, 0xa629, 0x7d0a, 0x74eb, 0xa5ca, 0xb66b, 0xbe6b, 0xceab, 0xd6ca, 0xd6eb, 0xceec, 0xc6ab, 0xceeb, 0xceeb, 0xc6ca,
0xae4b, 0x6d09, 0x4c47, 0x4c47, 0x4447, 0x4448, 0x95ca, 0xdf0b, 0xe72b, 0xdf2b, 0xdf2b, 0xdf2b, 0xe72a, 0xe72b, 0xe72b, 0xe74a,
0xef4a, 0xe72a, 0xdf0b, 0x9da9, 0x5c68, 0x5469, 0x8549, 0xdeea, 0xef2a, 0xe70a, 0xe72b, 0xe72b, 0xe72b, 0xef4c, 0xe72c, 0xef4c,
0xef6d, 0xef6c, 0xef4c, 0xef4c, 0xef6b, 0x9589, 0x74e9, 0x5469, 0x4429, 0x442a, 0x440a, 0x3bea, 0x2b6b, 0x1b0b, 0x234b, 0x3bca,
0x338a, 0x2b4a, 0x1a8a, 0x1a8b, 0x128b, 0x1acb, 0x4c0b, 0x6cea, 0x546a, 0x5449, 0x64c9, 0x444b, 0x3beb, 0x2b2b, 0x22ca, 0x0a29,
0x850b, 0xf7ac, 0xe74a, 0xe74b, 0xe74c, 0xef6c, 0xef6c, 0xef6b, 0xe74b, 0xe74c, 0xe74c, 0xe72c, 0xef4b, 0xe74b, 0xe72c, 0xe72d,
0xe72c, 0xe72c, 0xe74c, 0xdf0b, 0xe72c, 0xe74c, 0xdf2c, 0xe74c, 0xe74d, 0xe72d, 0xef6d, 0xe74c, 0xe74c, 0xe72b, 0xe74c, 0xe76c,
0xe72b, 0xdf0b, 0xe72b, 0xdf0b, 0xd6eb, 0x9deb, 0x446b, 0x4cab, 0xa609, 0xbe68, 0x74e8, 0x64a9, 0x6489, 0x4c0a, 0x338a, 0x334a,
0x4bea, 0x4c0a, 0x1aec, 0x1aec, 0x1aeb, 0x43ca, 0x7d29, 0x64aa, 0x548a, 0x4c4a, 0x3baa, 0x3389, 0x2329, 0x0a89, 0x0a8a, 0x0a6a,
0x0a6a, 0x12ab, 0x12cb, 0x12eb, 0x234b, 0x4c4a, 0x4c8b, 0x3c0a, 0x234a, 0x12ca, 0x1ac9, 0x3369, 0x2329, 0x0aa9, 0x0a69, 0x026a,
0x0acb, 0x130b, 0x1b4b, 0x2b6a, 0x2329, 0x12ca, 0x1b0a, 0x1b2a, 0x1b0a, 0x1b2a, 0x1b09, 0x2309, 0x12a9, 0x0a49, 0x22e8, 0x2328,
0x1ae9, 0x230a, 0x2309, 0x1b0a, 0x1aea, 0x234a, 0x4c4a, 0x6d0a, 0x64cb, 0x64aa, 0x5c8b, 0x6ccc, 0x850b, 0x8d2b, 0x74cb, 0x74cb,
0x74ab, 0x6cab, 0x6cab, 0x6cab, 0x6ccb, 0x74cc, 0x6ccc, 0x6ced, 0x6ced, 0x6ced, 0x7d0d, 0x8d6c, 0x8d6c, 0x850c, 0x74eb, 0x7ccb,
0x7ccb, 0x7ceb, 0x852c, 0x854c, 0x854c, 0x8d6d, 0x8d6d, 0x8d6c, 0x8d6c, 0x958c, 0x9dcd, 0x95ad, 0x95ad, 0x95cd, 0x95cc, 0x9e0d,
0xb690, 0xa60d, 0x9ded, 0x9e0e, 0xa5ee, 0xa5ee, 0x9dcd, 0x9dcd, 0x9dee, 0x9dee, 0xa5ee, 0xae2f, 0xb62f, 0xae0e, 0xae0e, 0xae0e,
0xae0e, 0xb62e, 0xae0e, 0xae0e, 0xae0e, 0xc68e, 0xd6cf, 0xc66f, 0xbe4e, 0xb62e, 0xc68e, 0xff4c, 0xff4b, 0xff4c, 0xff4c, 0xff4c,
0xff6d, 0xff6e, 0xff6e, 0xff6e, 0xff6d, 0xff6d, 0xff6e, 0xff6e, 0xff6d, 0xff6d, 0xff6d, 0xff6d, 0xff6e, 0xff6e, 0xff6d, 0xff6d,
0xff6e, 0xff6e, 0xff6d, 0xff6d, 0xff6d, 0xff6d, 0xff6d, 0xff6d, 0xff6e, 0xff6d, 0xff6d, 0xff6d, 0xff6e, 0xff8e, 0xff6e, 0xff6d,
0xff6d, 0xff6d, 0xf76d, 0xf74c, 0xff6d, 0xff8c, 0xdeec, 0x7508, 0x6cc8, 0x5c87, 0x8d89, 0xffac, 0xff8c, 0xf74c, 0xff4c, 0xff4c,
0xff6c, 0xff6d, 0xff6e, 0xff6d, 0xff6c, 0xff6c, 0xff6c, 0xff6d, 0xff6d, 0xff8d, 0xff8c, 0xff6c, 0xff6c, 0xff6d, 0xff6d, 0xff6c,
0xff4c, 0xff4c, 0xff4b, 0xff4c, 0xff4b, 0xff6c, 0xff6c, 0xff6c, 0xff4c, 0xff4b, 0xff6c, 0xff6c, 0xff6c, 0xff8e, 0xff6d, 0xff8c,
0xff8d, 0xff6d, 0xff6d, 0xff6c, 0xff6c, 0xff6c, 0xff8d, 0xff8d, 0xff8d, 0xffad, 0xffad, 0xff8d, 0xff8c, 0xff8c, 0xff8b, 0xff8c,
0xff8c, 0xff8c, 0xff8c, 0xffad, 0xffad, 0xffae, 0xffae, 0xffad, 0xff8c, 0xff8c, 0xff8c, 0xff8c, 0xff8c, 0xff8c, 0xff8c, 0xff8c,
0xff8b, 0xff8c, 0xff8e, 0xff8d, 0xff8d, 0xff8c, 0xf76c, 0xf78c, 0xff8c, 0xf76c, 0xf78c, 0xf76b, 0xf76c, 0xf76b, 0xf76b, 0xf76c,
0xf76b, 0xf76c, 0xf78d, 0xf78c, 0xf78d, 0xf78c, 0xef6c, 0xef6c, 0xef6c, 0xef6c, 0xf76c, 0xef4c, 0xef4c, 0xd6cb, 0xceaa, 0xceca,
0xd6ca, 0xd6ca, 0xd6eb, 0xd70c, 0xd70c, 0xd70c, 0xd70c, 0xd70b, 0xd6eb, 0xd6ec, 0xd6ec, 0xd6eb, 0xd6cb, 0xcecb, 0xcecb, 0xcecb,
0xcecb, 0xd6eb, 0xceeb, 0xcecb, 0xcecb, 0xcecb, 0xceec, 0xceec, 0xcecc, 0xc6cc, 0xceeb, 0xd6eb, 0xd6eb, 0xceec, 0xceed, 0xcecc,
0xb66b, 0x9deb, 0x95ca, 0x95ca, 0x750a, 0x5449, 0x3be9, 0x2b89, 0x2b69, 0x12e9, 0x0aa9, 0x12e9, 0x1b49, 0x2b89, 0x3be9, 0x2349,
0x1b2a, 0x1b29, 0x1b29, 0x1b29, 0x1b09, 0x1b09, 0x1b09, 0x2b69, 0x3bc9, 0x43e9, 0x3ba9, 0x2b69, 0x338a, 0x4c0b, 0x4c2a, 0x544b,
0x544b, 0x542c, 0x5c4b, 0x542b, 0x544c, 0x5c4c, 0x5c6d, 0x5c6c, 0x544c, 0x338b, 0x542a, 0x854b, 0x7d0b, 0x74ea, 0x64aa, 0x544b,
0x544b, 0x544b, 0x64ab, 0x64ab, 0x648b, 0x648b, 0x6ceb, 0x752b, 0x754b, 0x7d6b, 0x7d2c, 0x6cea, 0x6cea, 0x7d0b, 0x6cca, 0x6ccb,
0x7d2b, 0xb62d, 0xbe4f, 0xb64e, 0xbe4e, 0xb64e, 0xb62e, 0xbe2e, 0xb62e, 0xb62d, 0xb60d, 0xadec, 0xb62d, 0xbe4d, 0xbe2d, 0xbe2d,
0xbe4d, 0xc64d, 0xc64d, 0xc64e, 0xc64d, 0xc66d, 0xc66d, 0xc64d, 0xc66e, 0xce8e, 0xce8e, 0xd6ae, 0xce8e, 0xce6e, 0xce6e, 0xceae,
0xce8e, 0xce8e, 0xce8e, 0xceaf, 0xceaf, 0xceae, 0xce8e, 0xce6e, 0xce6e, 0xce8e, 0xce6e, 0xc66d, 0xc66e, 0xc66d, 0xce8d, 0xce8e,
0xce8e, 0xce8e, 0xce6d, 0xc64d, 0xbe2d, 0xbe2d, 0xbe2d, 0xbe2d, 0xbe4d, 0xbe4d, 0xbe4d, 0xbe2d, 0xbe2e, 0xb62e, 0xb62e, 0xb62e,
0xb62d, 0xb60d, 0xae0d, 0xadec, 0xadec, 0xa5cc, 0x9d8b, 0x9d8b, 0x9d8b, 0x958c, 0x958c, 0x956c, 0x956c, 0x958c, 0x95ac, 0x95ac,
0x95cc, 0x8dac, 0x858c, 0x7d8c, 0x85ac, 0x95ec, 0x8dac, 0x650b, 0x54cb, 0x5ceb, 0x5cea, 0x6509, 0x5cc9, 0x4c6a, 0x54aa, 0x7d6a,
0x64e9, 0x340a, 0x33cb, 0x2b8b, 0x234b, 0x2baa, 0x33e9, 0x2bc9, 0x33aa, 0x236a, 0x132a, 0x130a, 0x1b0a, 0x234b, 0x2baa, 0x2baa,
0x2b8a, 0x234a, 0x1b0b, 0x1aaa, 0x1a89, 0x22c8, 0x1ae8, 0x22e8, 0x1ac8, 0x0a68, 0x12a9, 0x12ea, 0x12eb, 0x1b2b, 0x234a, 0x1aea,
0x0a8a, 0x1289, 0x2369, 0x33c9, 0x2b49, 0x1b09, 0x12ea, 0x1b4a, 0x236a, 0x1b0a, 0x0aa9, 0x0aa9, 0x0aaa, 0x0aaa, 0x0aca, 0x12ea,
0x12ea, 0x1b4a, 0x236a, 0x2309, 0x1289, 0x1289, 0x1289, 0x1ac9, 0x1aca, 0x1269, 0x1289, 0x1aea, 0x1b0b, 0x440a, 0x5cc9, 0x5469,
0x54aa, 0x5cea, 0x548a, 0x336b, 0x2b6b, 0x2b4b, 0x2b2a, 0x230a, 0x2b2a, 0x22ea, 0x1a8a, 0x1a8a, 0x1a69, 0x22c9, 0x5c69, 0x6ca9,
0x6cea, 0x6d0a, 0x64eb, 0x2b8b, 0x3bea, 0x3bca, 0x230b, 0x2b2b, 0x2b4b, 0x22ea, 0x542b, 0x9e4f, 0x9def, 0x8dce, 0x5c68, 0x5468,
0x7508, 0x8568, 0x548a, 0x3c0a, 0x33ea, 0x238a, 0x4409, 0x7d4a, 0xa62b, 0xae4b, 0xae4a, 0x9e0a, 0x9e0b, 0xae4b, 0xb66a, 0xb649,
0x95ca, 0xae4a, 0xc6a8, 0xa609, 0x752a, 0x544a, 0x544a, 0x95a8, 0xc666, 0xce86, 0xbe68, 0x9e09, 0x95ca, 0xbe6b, 0x9deb, 0x9deb,
0xa609, 0xae49, 0xa629, 0x7d0a, 0x74eb, 0xa5ca, 0xb66b, 0xbe6b, 0xceab, 0xd6ca, 0xd6eb, 0xceec, 0xc6ab, 0xceeb, 0xceeb, 0xc6ca,
0xae4b, 0x6d09, 0x4c47, 0x4c47, 0x4447, 0x4448, 0x95ca, 0xdf0b, 0xe72b, 0xdf2b, 0xdf2b, 0xdf2b, 0xe72a, 0xe72b, 0xe72b, 0xe74a,
0xef4a, 0xe72a, 0xdf0b, 0x9da9, 0x5c68, 0x5469, 0x8549, 0xdeea, 0xef2a, 0xe70a, 0xe72b, 0xe72b, 0xe72b, 0xef4c, 0xe72c, 0xef4c,
0xef6d, 0xef6c, 0xef4c, 0xef4c, 0xef6b, 0x9589, 0x74e9, 0x5469, 0x4429, 0x442a, 0x440a, 0x3bea, 0x2b6b, 0x1b0b, 0x234b, 0x3bca,
0x338a, 0x2b4a, 0x1a8a, 0x1a8b, 0x128b, 0x1acb, 0x4c0b, 0x6cea, 0x546a, 0x5449, 0x64c9, 0x444b, 0x3beb, 0x2b2b, 0x22ca, 0x0a29,
0x850b, 0xf7ac, 0xe74a, 0xe74b, 0xe74c, 0xef6c, 0xef6c, 0xef6b, 0xe74b, 0xe74c, 0xe74c, 0xe72c, 0xef4b, 0xe74b, 0xe72c, 0xe72d,
0xe72c, 0xe72c, 0xe74c, 0xdf0b, 0xe72c, 0xe74c, 0xdf2c, 0xe74c, 0xe74d, 0xe72d, 0xef6d, 0xe74c, 0xe74c, 0xe72b, 0xe74c, 0xe76c,
0xe72b, 0xdf0b, 0xe72b, 0xdf0b, 0xd6eb, 0x9deb, 0x446b, 0x4cab, 0xa609, 0xbe68, 0x74e8, 0x64a9, 0x6489, 0x4c0a, 0x338a, 0x334a,

/* -56- */
0xff8d, 0xff8e, 0xff90, 0xff6e, 0xff8f, 0xff90, 0xff91, 0xff8f, 0xff90, 0xffb0, 0xffb0, 0xffaf, 0xffb0, 0xff90, 0xff8f, 0xff8f,
0xffb0, 0xffb0, 0xffb0, 0xffb0, 0xffaf, 0xffb0, 0xff8e, 0xffaf, 0xffaf, 0xffae, 0xffaf, 0xff8e, 0xff6e, 0xff91, 0xff8f, 0xff8f,
0xff8e, 0xff8e, 0xff90, 0xff8f, 0xffae, 0xffae, 0xffad, 0xffae, 0xffae, 0xffae, 0xffaf, 0xffce, 0xffce, 0xffcf, 0xffcf, 0xffce,
0xffcf, 0xffcf, 0xffae, 0xffae, 0xffaf, 0xffaf, 0xffaf, 0xef2e, 0xdeed, 0xe70e, 0xf74e, 0xff4f, 0xf74e, 0xef0d, 0xef0d, 0xef0e,
0xef0d, 0xc68e, 0xb630, 0xb650, 0xbe50, 0xc66f, 0xc66f, 0xae0d, 0xaded, 0xadee, 0xa5ce, 0x956d, 0x956d, 0x956d, 0x956d, 0x954d,
0x8d2d, 0x8d2d, 0x8d2d, 0x8d0c, 0x8d2b, 0x956b, 0x956c, 0x958d, 0x956c, 0x8d2c, 0x8d2d, 0x8d4e, 0x8d6e, 0x8d6e, 0x8d2d, 0x852d,
0x850d, 0x8d2d, 0x95ad, 0x8d8c, 0x852b, 0x852b, 0x7d0c, 0x852c, 0x7ceb, 0x6cab, 0x6cab, 0x74cb, 0x7ccb, 0x7ccb, 0x74ca, 0x74aa,
0x74aa, 0x74ab, 0x7cca, 0x74ca, 0x748a, 0x74aa, 0x7cab, 0x43ab, 0x3b89, 0x5c29, 0x4be9, 0x1b2b, 0x1b0b, 0x232a, 0x2348, 0x1b09,
0x1b29, 0x1b2a, 0x1b0a, 0x12ca, 0x12a9, 0x12a9, 0x0a69, 0x1a89, 0x3329, 0x09e9, 0x0209, 0x1aaa, 0x126a, 0x12ca, 0x2329, 0x2348,
0x3ba9, 0x440b, 0x3beb, 0x234b, 0x1b0a, 0x1aea, 0x22cb, 0x22eb, 0x22eb, 0x22aa, 0x22ca, 0x7d50, 0x8d90, 0x546a, 0x5c88, 0x64c8,
0x5ca9, 0x5cc9, 0x548a, 0x444a, 0x33ea, 0x2b8a, 0x2baa, 0x33ca, 0x5c8b, 0x64cc, 0x64ac, 0x5c8c, 0x5c8c, 0x6ced, 0x5c8d, 0x64cc,
0x6cec, 0x64ed, 0x6cec, 0x5cac, 0x4c4c, 0x440c, 0x544c, 0x5cac, 0x64ab, 0x6caa, 0x6caa, 0x6cca, 0x7d2a, 0x6ceb, 0x64ad, 0x6d0d,
0x6d0c, 0x64ec, 0x6d0c, 0x64ac, 0x5cac, 0x6ceb, 0x64cc, 0x8d8c, 0x9dcb, 0x854b, 0x8d6a, 0x7d0b, 0x750b, 0x7d2b, 0x852b, 0x7d2a,
0x6488, 0x6488, 0x64a7, 0x5c67, 0x4c27, 0x3be8, 0x3c08, 0x7d29, 0x95ca, 0x9e0b, 0xae4b, 0xae2b, 0xb62b, 0xb64b, 0xae0a, 0xbe4a,
0xb62a, 0xae0a, 0x7d29, 0x6488, 0x5468, 0x4429, 0x33c8, 0x9588, 0xb628, 0xb648, 0xc688, 0xc688, 0xce88, 0xd6c9, 0xc689, 0xd6c9,
0xd6c9, 0xc649, 0xd6c9, 0xce89, 0xdee8, 0x7d08, 0x3bc9, 0x4c6a, 0x4409, 0x336a, 0x336b, 0x2b2b, 0x2b6b, 0x2b4b, 0x1acb, 0x1acb,
0x22cb, 0x22aa, 0x1a8b, 0x1a8b, 0x1a8b, 0x12cb, 0x2b8b, 0x546b, 0x64cb, 0x5c8a, 0x33ab, 0x236c, 0x234c, 0x230b, 0x1aaa, 0x22ca,
0x2b2b, 0x6cac, 0xc68a, 0xc669, 0xc66a, 0xc68a, 0xbe6a, 0xb62a, 0xc669, 0xc689, 0xb629, 0xb648, 0xc668, 0xc687, 0xbe49, 0xbe49,
0xb648, 0xb648, 0xbe48, 0xade9, 0xae0a, 0xb64a, 0xb62a, 0xbe6a, 0xb62b, 0xb609, 0xc669, 0xb627, 0xc667, 0xc689, 0x956a, 0x9da9,
0xa5e9, 0x9da9, 0x9589, 0x8d69, 0x750a, 0x4c4b, 0x2c0b, 0x340a, 0x444a, 0x4429, 0x2ba9, 0x33a9, 0x3389, 0x2329, 0x1b0a, 0x1aea,
0x234b, 0x234b, 0x0aab, 0x026b, 0x1aaa, 0x3369, 0x3388, 0x3368, 0x2309, 0x12a9, 0x1ac9, 0x3349, 0x4ba9, 0x646a, 0x648b, 0x648b,
0x5c6b, 0x5c4b, 0x5c4b, 0x5429, 0x4c29, 0x4c29, 0x4c4a, 0x544a, 0x4c29, 0x3b89, 0x3369, 0x2b89, 0x4c2b, 0x6c8b, 0x6c8a, 0x6c8b,
0x6cab, 0x74cc, 0x74ec, 0x74cc, 0x6cac, 0x6cac, 0x6cac, 0x6c8c, 0x6c8c, 0x646b, 0x5c2a, 0x850b, 0x84eb, 0x74ab, 0x748b, 0x6c8b,
0x74ac, 0x74ac, 0x6c8b, 0x6c8b, 0x6cac, 0x74ec, 0x9dec, 0xbeab, 0xb66b, 0xae6b, 0xae6b, 0xd6ec, 0xef2c, 0xff6c, 0xff6d, 0xff8c,
0xffae, 0xffae, 0xffae, 0xffae, 0xff8e, 0xff8e, 0xff8f, 0xff8f, 0xff8f, 0xff8e, 0xff8c, 0xff6c, 0xff8d, 0xff8d, 0xff8d, 0xff8c,
0xffad, 0xffad, 0xffb0, 0xffb0, 0xffae, 0xffae, 0xffaf, 0xffaf, 0xffaf, 0xffae, 0xffae, 0xffae, 0xffae, 0xffae, 0xff8d, 0xff8d,
0xff8d, 0xff8e, 0xff8e, 0xff8d, 0xff8d, 0xff8d, 0xff8d, 0xff8e, 0xff8e, 0xffae, 0xffaf, 0xffaf, 0xffaf, 0xffae, 0xff8e, 0xff8e,
0xff8e, 0xffae, 0xffae, 0xffae, 0xffad, 0xff8e, 0xff6d, 0xff6d, 0xff6c, 0xff6c, 0xff4b, 0xf72b, 0xf70a, 0xf70a, 0xf72b, 0xf72a,
0xf72a, 0xf72a, 0xf72a, 0xf729, 0xf72a, 0xf729, 0xff4b, 0xf74c, 0xf74c, 0xff4d, 0xf70a, 0xf70b, 0xf70a, 0xf6e9, 0xf70a, 0xf70b,
0xf70a, 0xf70b, 0xf70a, 0xf72c, 0xff2b, 0xf709, 0xf709, 0xf70a, 0xf72a, 0xf72a, 0xf72a, 0xf70a, 0xf70a, 0xf70b, 0xf70b, 0xf70b,
0xf70b, 0xf70b, 0xf70b, 0xf72b, 0xb62a, 0x9da9, 0x8568, 0x5ca7, 0x5447, 0x3bc6, 0x5c67, 0x9569, 0xbe2a, 0xff6b, 0xf72b, 0xf72b,
0xf74c, 0xff4d, 0xff6f, 0xf76e, 0xff90, 0xff6d, 0xff8f, 0xff6c, 0xff8c, 0xff8d, 0xff6c, 0xff6b, 0xff4c, 0xff70, 0xff6d, 0xff6e,
0xff70, 0xff4c, 0xff6e, 0xf76e, 0xf74b, 0xf74b, 0xf74c, 0xf770, 0xf78f, 0xff8d, 0xff8f, 0xf76d, 0xf76c, 0xf76e, 0xff6d, 0xff6d,
0xf74c, 0xff6e, 0xf72b, 0xf74b, 0xff6b, 0xf72a, 0xf74c, 0xff8e, 0xef09, 0xf729, 0xef2a, 0xf72a, 0xf74b, 0xef29, 0xef09, 0xef29,
0xef09, 0xef0a, 0xf72a, 0xef2a, 0xef2b, 0xef2b, 0xef4c, 0xef2a, 0xe709, 0xf74b, 0xeee9, 0xe6c8, 0xf728, 0xeee8, 0xe6c8, 0xeec8,
0xe6c8, 0xe6e9, 0xf74c, 0xe70a, 0xdec9, 0xdec9, 0xdec9, 0xdec9, 0xef29, 0xe6e8, 0xd6a8, 0xd688, 0xe6c8, 0xe6e8, 0xce69, 0xdea8,
0xd688, 0xd688, 0xe6e9, 0xdeea, 0xd6ea, 0xdeeb, 0xe72a, 0xd6eb, 0xd6eb, 0xe72a, 0xd6ca, 0xd6c9, 0xdec8, 0xd6a8, 0xd6c8, 0xd6c8,
0xd6c8, 0xd6a8, 0xc689, 0xc689, 0xcea9, 0xcec9, 0xcec9, 0xcea9, 0xc689, 0xc68a, 0xc68a, 0xbe6a, 0xbe69, 0xb649, 0xbe6a, 0xb66a,
0xbe6a, 0xb669, 0xb649, 0xae49, 0xae2a, 0xa609, 0x9de9, 0x9dc9, 0x95a9, 0x95a9, 0x95c9, 0x95c9, 0x8da9, 0x8da9, 0x95c9, 0x9dc9,
0x95c9, 0x8da9, 0x9de9, 0x8dc9, 0x856a, 0x7d2b, 0x7d2c, 0x852c, 0x852c, 0x7d0b, 0x7ceb, 0x74eb, 0x74ea, 0x74eb, 0x74cb, 0x74cb,
0x74ab, 0x74ab, 0x748a, 0x6c8b, 0x6c6b, 0x6c8a, 0x648b, 0x852b, 0x9dea, 0x95ca, 0x8dab, 0x858c, 0x95ed, 0xdf4c, 0xef6c, 0xef6d,
0xef6e, 0xdf50, 0xff8f, 0xff8e, 0xff8e, 0xf76e, 0xf76e, 0xf78f, 0xef6f, 0xc6ae, 0xceed, 0xf78d, 0xf76d, 0xff6d, 0xff6c, 0xff6b,
0xf74b, 0xff8e, 0xffaf, 0xffb0, 0xff8f, 0xff6e, 0xffb2, 0xffb2, 0xffb1, 0xffb0, 0xff8f, 0xff6f, 0xffb1, 0xffb0, 0xff90, 0xff90,
0xff8f, 0xffaf, 0xffb0, 0xffb0, 0xffae, 0xffae, 0xffae, 0xffaf, 0xffb0, 0xff8f, 0xff8e, 0xff8f, 0xffb0, 0xffb0, 0xff8f, 0xff8e,
0xff8e, 0xff8e, 0xff8f, 0xff8f, 0xff8e, 0xff8e, 0xff8e, 0xff8e, 0xff8e, 0xff8f, 0xffaf, 0xff8e, 0xff8f, 0xff90, 0xff6e, 0xff6e,
0xff8d, 0xff8e, 0xff90, 0xff6e, 0xff8f, 0xff90, 0xff91, 0xff8f, 0xff90, 0xffb0, 0xffb0, 0xffaf, 0xffb0, 0xff90, 0xff8f, 0xff8f,
0xffb0, 0xffb0, 0xffb0, 0xffb0, 0xffaf, 0xffb0, 0xff8e, 0xffaf, 0xffaf, 0xffae, 0xffaf, 0xff8e, 0xff6e, 0xff91, 0xff8f, 0xff8f,
0xff8e, 0xff8e, 0xff90, 0xff8f, 0xffae, 0xffae, 0xffad, 0xffae, 0xffae, 0xffae, 0xffaf, 0xffce, 0xffce, 0xffcf, 0xffcf, 0xffce,
0xffcf, 0xffcf, 0xffae, 0xffae, 0xffaf, 0xffaf, 0xffaf, 0xef2e, 0xdeed, 0xe70e, 0xf74e, 0xff4f, 0xf74e, 0xef0d, 0xef0d, 0xef0e,
0xef0d, 0xc68e, 0xb630, 0xb650, 0xbe50, 0xc66f, 0xc66f, 0xae0d, 0xaded, 0xadee, 0xa5ce, 0x956d, 0x956d, 0x956d, 0x956d, 0x954d,
0x8d2d, 0x8d2d, 0x8d2d, 0x8d0c, 0x8d2b, 0x956b, 0x956c, 0x958d, 0x956c, 0x8d2c, 0x8d2d, 0x8d4e, 0x8d6e, 0x8d6e, 0x8d2d, 0x852d,
0x850d, 0x8d2d, 0x95ad, 0x8d8c, 0x852b, 0x852b, 0x7d0c, 0x852c, 0x7ceb, 0x6cab, 0x6cab, 0x74cb, 0x7ccb, 0x7ccb, 0x74ca, 0x74aa,
0x74aa, 0x74ab, 0x7cca, 0x74ca, 0x748a, 0x74aa, 0x7cab, 0x43ab, 0x3b89, 0x5c29, 0x4be9, 0x1b2b, 0x1b0b, 0x232a, 0x2348, 0x1b09,
0x1b29, 0x1b2a, 0x1b0a, 0x12ca, 0x12a9, 0x12a9, 0x0a69, 0x1a89, 0x3329, 0x09e9, 0x0209, 0x1aaa, 0x126a, 0x12ca, 0x2329, 0x2348,
0x3ba9, 0x440b, 0x3beb, 0x234b, 0x1b0a, 0x1aea, 0x22cb, 0x22eb, 0x22eb, 0x22aa, 0x22ca, 0x7d50, 0x8d90, 0x546a, 0x5c88, 0x64c8,
0x5ca9, 0x5cc9, 0x548a, 0x444a, 0x33ea, 0x2b8a, 0x2baa, 0x33ca, 0x5c8b, 0x64cc, 0x64ac, 0x5c8c, 0x5c8c, 0x6ced, 0x5c8d, 0x64cc,
0x6cec, 0x64ed, 0x6cec, 0x5cac, 0x4c4c, 0x440c, 0x544c, 0x5cac, 0x64ab, 0x6caa, 0x6caa, 0x6cca, 0x7d2a, 0x6ceb, 0x64ad, 0x6d0d,
0x6d0c, 0x64ec, 0x6d0c, 0x64ac, 0x5cac, 0x6ceb, 0x64cc, 0x8d8c, 0x9dcb, 0x854b, 0x8d6a, 0x7d0b, 0x750b, 0x7d2b, 0x852b, 0x7d2a,
0x6488, 0x6488, 0x64a7, 0x5c67, 0x4c27, 0x3be8, 0x3c08, 0x7d29, 0x95ca, 0x9e0b, 0xae4b, 0xae2b, 0xb62b, 0xb64b, 0xae0a, 0xbe4a,
0xb62a, 0xae0a, 0x7d29, 0x6488, 0x5468, 0x4429, 0x33c8, 0x9588, 0xb628, 0xb648, 0xc688, 0xc688, 0xce88, 0xd6c9, 0xc689, 0xd6c9,
0xd6c9, 0xc649, 0xd6c9, 0xce89, 0xdee8, 0x7d08, 0x3bc9, 0x4c6a, 0x4409, 0x336a, 0x336b, 0x2b2b, 0x2b6b, 0x2b4b, 0x1acb, 0x1acb,
0x22cb, 0x22aa, 0x1a8b, 0x1a8b, 0x1a8b, 0x12cb, 0x2b8b, 0x546b, 0x64cb, 0x5c8a, 0x33ab, 0x236c, 0x234c, 0x230b, 0x1aaa, 0x22ca,
0x2b2b, 0x6cac, 0xc68a, 0xc669, 0xc66a, 0xc68a, 0xbe6a, 0xb62a, 0xc669, 0xc689, 0xb629, 0xb648, 0xc668, 0xc687, 0xbe49, 0xbe49,
0xb648, 0xb648, 0xbe48, 0xade9, 0xae0a, 0xb64a, 0xb62a, 0xbe6a, 0xb62b, 0xb609, 0xc669, 0xb627, 0xc667, 0xc689, 0x956a, 0x9da9,
0xa5e9, 0x9da9, 0x9589, 0x8d69, 0x750a, 0x4c4b, 0x2c0b, 0x340a, 0x444a, 0x4429, 0x2ba9, 0x33a9, 0x3389, 0x2329, 0x1b0a, 0x1aea,

/* -57- */
0xff2a, 0xff2c, 0xf72f, 0xff2c, 0xff50, 0xf72e, 0xf750, 0xff4e, 0xff4e, 0xef2f, 0xf74f, 0xff4f, 0xff4f, 0xf74f, 0xf74e, 0xf74f,
0xf74e, 0xf74e, 0xff50, 0xff4e, 0xff4d, 0xff4f, 0xf74c, 0xff50, 0xff6f, 0xff4c, 0xff4f, 0xf74e, 0xff2d, 0xf72e, 0xf72e, 0xf72e,
0xf72d, 0xff2d, 0xf750, 0xf74e, 0xf74d, 0xf74e, 0xf74e, 0xf74f, 0xff70, 0xff70, 0xff4f, 0xff4e, 0xff4e, 0xff70, 0xff6f, 0xff6f,
0xff4f, 0xf74f, 0xff4f, 0xff6f, 0xff4e, 0xff4e, 0xff4e, 0xff6f, 0xff6f, 0xff6e, 0xff6e, 0xff4e, 0xff6e, 0xff6e, 0xff6f, 0xff6f,
0xff90, 0xffb0, 0xffd1, 0xffd1, 0xffd1, 0xffb0, 0xffb0, 0xffae, 0xffce, 0xffcf, 0xffcf, 0xffce, 0xffce, 0xffce, 0xffcf, 0xffd0,
0xffcf, 0xffcf, 0xfff0, 0xffcf, 0xffcd, 0xffcd, 0xffcd, 0xffce, 0xffee, 0xffed, 0xffee, 0xffee, 0xffef, 0xffef, 0xffcd, 0xffac,
0xffad, 0xffad, 0xffad, 0xffac, 0xffac, 0xffac, 0xffac, 0xffad, 0xffac, 0xff6a, 0xff8c, 0xff8c, 0xff8b, 0xff8b, 0xff6a, 0xff8a,
0xff8a, 0xff8a, 0xff8b, 0xff8b, 0xffab, 0xffce, 0xffef, 0xb62e, 0xa5cc, 0xdeec, 0xd68d, 0x74ae, 0x6c6d, 0x642b, 0x5c0a, 0x5c0b,
0x5c2b, 0x5c2b, 0x644b, 0x644b, 0x642a, 0x642a, 0x642b, 0x744b, 0x848a, 0x5bcb, 0x5beb, 0x74ab, 0x7cab, 0x6c8b, 0x6c8a, 0x6c8a,
0x5c2a, 0x234b, 0x234b, 0x4beb, 0x5c2a, 0x4bab, 0x124a, 0x1269, 0x1a8a, 0x1a8a, 0x1aca, 0x64af, 0x7d0f, 0x5c68, 0x6d08, 0x64c8,
0x3c0a, 0x2baa, 0x4c4a, 0x4c8a, 0x4c6a, 0x232a, 0x230a, 0x2b6a, 0x33ab, 0x542c, 0x6ccd, 0x64ae, 0x648e, 0x5c6e, 0x648d, 0x648d,
0x4c4d, 0x546e, 0x750e, 0x7cee, 0x4c2d, 0x6d0e, 0x95d0, 0x5cae, 0x4c2d, 0x542d, 0x4c2d, 0x6ced, 0x7d4c, 0x4c6e, 0x5cae, 0x64ce,
0x64ae, 0x64ce, 0x64ce, 0x750e, 0x856e, 0x5cae, 0x548e, 0x5cae, 0x544d, 0x4c2d, 0x542d, 0x542d, 0x43ec, 0x3beb, 0x3bcc, 0x5c8a,
0x95c8, 0x9e09, 0x6ce8, 0x5c67, 0x4c48, 0x3bc8, 0x3be9, 0x2bc9, 0x1b6a, 0x3c0b, 0x856c, 0x74ed, 0x6ccd, 0x64cd, 0x6cad, 0x74cb,
0x5c49, 0x5c49, 0x8568, 0x7d28, 0x64a8, 0x4c49, 0x3c0a, 0x3c09, 0x33e8, 0x5449, 0x8dac, 0x856b, 0x752c, 0x8d8c, 0x856c, 0x850b,
0x7cec, 0x74cc, 0x8d8c, 0x852c, 0x9dc9, 0x7509, 0x3beb, 0x338b, 0x3baa, 0x2b4a, 0x230a, 0x1aaa, 0x22ea, 0x22eb, 0x1aab, 0x1a8b,
0x22ab, 0x330b, 0x128a, 0x124a, 0x124a, 0x332a, 0x2b09, 0x230a, 0x3b8a, 0x43eb, 0x234c, 0x43ec, 0x338c, 0x2b4c, 0x542b, 0x232b,
0x12ca, 0x4c0c, 0x7cec, 0x6caa, 0x646a, 0x956a, 0x648d, 0x542d, 0x84e9, 0x6c89, 0x5c6b, 0x7d2b, 0x6cca, 0x8529, 0x6cab, 0x648c,
0x6ccc, 0x74ec, 0x854a, 0x956a, 0x648c, 0x6cac, 0x74ec, 0x6ccc, 0x648b, 0x74ea, 0x5c4a, 0x6caa, 0x7cc9, 0x74aa, 0x4beb, 0x4c0b,
0x544a, 0x544a, 0x4c2a, 0x4c0a, 0x440a, 0x440a, 0x5c8a, 0x5c8a, 0x4c6a, 0x33e9, 0x442a, 0x6ccb, 0x6cab, 0x648c, 0x646c, 0x646c,
0x646c, 0x646c, 0x5c4c, 0x53eb, 0x5c0a, 0x5c0a, 0x540a, 0x540a, 0x53ea, 0x4bca, 0x5c2b, 0x9d6b, 0xc64b, 0xffab, 0xff8b, 0xff8b,
0xff6b, 0xff6b, 0xff4a, 0xf729, 0xef29, 0xef0a, 0xef0a, 0xef0b, 0xef0b, 0xe6ea, 0xe6ca, 0xdeab, 0xef2e, 0xffcf, 0xffad, 0xffad,
0xffad, 0xff8d, 0xffad, 0xffad, 0xffae, 0xffae, 0xff8e, 0xff8e, 0xff8d, 0xff6d, 0xff6d, 0xffad, 0xffce, 0xffce, 0xffce, 0xffae,
0xffae, 0xffae, 0xffae, 0xffae, 0xffae, 0xffad, 0xff8d, 0xff6d, 0xff4c, 0xff4c, 0xff4c, 0xf72c, 0xf72c, 0xf72b, 0xf74f, 0xff4e,
0xff4e, 0xf770, 0xff6f, 0xff70, 0xff6f, 0xff70, 0xff70, 0xff6f, 0xff6f, 0xff6e, 0xff4b, 0xff4e, 0xff4d, 0xff4e, 0xff4e, 0xff4d,
0xf76e, 0xff6f, 0xff50, 0xff50, 0xff6f, 0xff4f, 0xff50, 0xff6f, 0xff4e, 0xff4e, 0xff4d, 0xff4c, 0xff4c, 0xff4e, 0xf74b, 0xff2a,
0xff4b, 0xff4d, 0xff4b, 0xff4a, 0xff29, 0xff4c, 0xff2b, 0xf729, 0xff2b, 0xff29, 0xff2a, 0xff2b, 0xff2b, 0xff2a, 0xff0a, 0xf72a,
0xff4c, 0xff4b, 0xff4b, 0xff4c, 0xff4c, 0xff2b, 0xff4c, 0xff2b, 0xff2b, 0xf72b, 0xf72b, 0xff4c, 0xff4d, 0xff4d, 0xff4c, 0xff6d,
0xff6e, 0xff6e, 0xff6e, 0xff4e, 0xff6e, 0xff6e, 0xff6e, 0xff8f, 0xff6e, 0xff6e, 0xff6e, 0xff4d, 0xff4e, 0xff4d, 0xff6e, 0xff6e,
0xff6e, 0xff70, 0xff70, 0xff70, 0xff6f, 0xff91, 0xff70, 0xff72, 0xff71, 0xff91, 0xff90, 0xff90, 0xff70, 0xff91, 0xff71, 0xff6f,
0xff6f, 0xff4e, 0xe70d, 0xe6eb, 0x9568, 0x5ca7, 0x64c8, 0x64e7, 0x5487, 0x5447, 0x4407, 0x1b27, 0x4c28, 0xce8b, 0xf72c, 0xff4c,
0xff6d, 0xff4d, 0xff6d, 0xff4c, 0xf72c, 0xff2b, 0xff4d, 0xf72a, 0xd6aa, 0xe6ea, 0xff4a, 0xff4a, 0xff2a, 0xf72b, 0xff4c, 0xff6e,
0xf74e, 0xf72b, 0xff2b, 0xf72b, 0xff4c, 0xff8e, 0xf74c, 0xf70c, 0xf70b, 0xeee9, 0xf72b, 0xff2a, 0xf6ea, 0xeec8, 0xde88, 0xd688,
0xe6c9, 0xf709, 0xe687, 0xe687, 0xd689, 0xc629, 0xe6a8, 0xeeea, 0xd605, 0xb5c7, 0xb5c8, 0xc606, 0xeea5, 0xce25, 0xb5e7, 0xade8,
0xade8, 0xb5e8, 0xd666, 0xb5e7, 0xa5a7, 0xadc8, 0xadc8, 0xb5e7, 0xc626, 0xb5e7, 0xa588, 0xa587, 0xc627, 0xbde7, 0xa588, 0x9d68,
0x9d68, 0xa5a8, 0xae09, 0xb628, 0xb607, 0xa5a8, 0xa588, 0xa587, 0xbe06, 0xb5e6, 0x9548, 0xada6, 0xbde6, 0xbe06, 0x9da8, 0xa5c8,
0xade7, 0xb5e7, 0xce47, 0xa5e9, 0x8d89, 0x9daa, 0xb62a, 0x9dca, 0x9dca, 0xade9, 0x9569, 0x9da8, 0xa5c8, 0xb5c8, 0xada8, 0x8d28,
0x9da8, 0x8d68, 0x74c9, 0x6488, 0x6ca8, 0x6cc8, 0x74e8, 0x7d08, 0x8508, 0x74c8, 0x74e8, 0x74e8, 0x7508, 0xc66a, 0xa5ea, 0x64c9,
0x7508, 0x9dc9, 0xbe4b, 0x95aa, 0x856a, 0xa5ea, 0x9daa, 0x956a, 0x8d6a, 0x8d4a, 0x956a, 0x9589, 0x8d49, 0x8549, 0x8548, 0x8529,
0x8549, 0x958a, 0xb62a, 0xbe6a, 0xb66b, 0xe70d, 0xff8c, 0xffac, 0xffad, 0xffad, 0xffad, 0xffac, 0xffac, 0xffad, 0xffad, 0xffad,
0xffcd, 0xffad, 0xffcd, 0xffad, 0xffae, 0xffae, 0xff8e, 0xff8d, 0xff6d, 0xff6d, 0xff6d, 0xff6d, 0xff8e, 0xff6d, 0xff6e, 0xff6e,
0xff6e, 0xff6e, 0xff6e, 0xff4d, 0xff4d, 0xff4d, 0xff4d, 0xff4e, 0xff6e, 0xff8e, 0xff6e, 0xf74e, 0xf76e, 0xf770, 0xff6f, 0xff6e,
0xff6e, 0xff6f, 0xff70, 0xff6f, 0xff6e, 0xff6f, 0xff70, 0xff70, 0xff70, 0xff6e, 0xff6f, 0xff70, 0xff8f, 0xff6f, 0xff6f, 0xff6f,
0xff6f, 0xff6f, 0xff6f, 0xff6f, 0xff4d, 0xff4e, 0xff4d, 0xff6f, 0xff70, 0xff4f, 0xff4d, 0xff70, 0xff4f, 0xff4e, 0xff4d, 0xff4e,
0xff4f, 0xff4f, 0xff4e, 0xff4f, 0xff4e, 0xff4e, 0xff4e, 0xff4e, 0xf72d, 0xf72b, 0xf72c, 0xff4d, 0xff2c, 0xf72e, 0xf70b, 0xf70b,
0xff2a, 0xff2c, 0xf72f, 0xff2c, 0xff50, 0xf72e, 0xf750, 0xff4e, 0xff4e, 0xef2f, 0xf74f, 0xff4f, 0xff4f, 0xf74f, 0xf74e, 0xf74f,
0xf74e, 0xf74e, 0xff50, 0xff4e, 0xff4d, 0xff4f, 0xf74c, 0xff50, 0xff6f, 0xff4c, 0xff4f, 0xf74e, 0xff2d, 0xf72e, 0xf72e, 0xf72e,
0xf72d, 0xff2d, 0xf750, 0xf74e, 0xf74d, 0xf74e, 0xf74e, 0xf74f, 0xff70, 0xff70, 0xff4f, 0xff4e, 0xff4e, 0xff70, 0xff6f, 0xff6f,
0xff4f, 0xf74f, 0xff4f, 0xff6f, 0xff4e, 0xff4e, 0xff4e, 0xff6f, 0xff6f, 0xff6e, 0xff6e, 0xff4e, 0xff6e, 0xff6e, 0xff6f, 0xff6f,
0xff90, 0xffb0, 0xffd1, 0xffd1, 0xffd1, 0xffb0, 0xffb0, 0xffae, 0xffce, 0xffcf, 0xffcf, 0xffce, 0xffce, 0xffce, 0xffcf, 0xffd0,
0xffcf, 0xffcf, 0xfff0, 0xffcf, 0xffcd, 0xffcd, 0xffcd, 0xffce, 0xffee, 0xffed, 0xffee, 0xffee, 0xffef, 0xffef, 0xffcd, 0xffac,
0xffad, 0xffad, 0xffad, 0xffac, 0xffac, 0xffac, 0xffac, 0xffad, 0xffac, 0xff6a, 0xff8c, 0xff8c, 0xff8b, 0xff8b, 0xff6a, 0xff8a,
0xff8a, 0xff8a, 0xff8b, 0xff8b, 0xffab, 0xffce, 0xffef, 0xb62e, 0xa5cc, 0xdeec, 0xd68d, 0x74ae, 0x6c6d, 0x642b, 0x5c0a, 0x5c0b,
0x5c2b, 0x5c2b, 0x644b, 0x644b, 0x642a, 0x642a, 0x642b, 0x744b, 0x848a, 0x5bcb, 0x5beb, 0x74ab, 0x7cab, 0x6c8b, 0x6c8a, 0x6c8a,
0x5c2a, 0x234b, 0x234b, 0x4beb, 0x5c2a, 0x4bab, 0x124a, 0x1269, 0x1a8a, 0x1a8a, 0x1aca, 0x64af, 0x7d0f, 0x5c68, 0x6d08, 0x64c8,
0x3c0a, 0x2baa, 0x4c4a, 0x4c8a, 0x4c6a, 0x232a, 0x230a, 0x2b6a, 0x33ab, 0x542c, 0x6ccd, 0x64ae, 0x648e, 0x5c6e, 0x648d, 0x648d,
0x4c4d, 0x546e, 0x750e, 0x7cee, 0x4c2d, 0x6d0e, 0x95d0, 0x5cae, 0x4c2d, 0x542d, 0x4c2d, 0x6ced, 0x7d4c, 0x4c6e, 0x5cae, 0x64ce,
0x64ae, 0x64ce, 0x64ce, 0x750e, 0x856e, 0x5cae, 0x548e, 0x5cae, 0x544d, 0x4c2d, 0x542d, 0x542d, 0x43ec, 0x3beb, 0x3bcc, 0x5c8a,
0x95c8, 0x9e09, 0x6ce8, 0x5c67, 0x4c48, 0x3bc8, 0x3be9, 0x2bc9, 0x1b6a, 0x3c0b, 0x856c, 0x74ed, 0x6ccd, 0x64cd, 0x6cad, 0x74cb,
0x5c49, 0x5c49, 0x8568, 0x7d28, 0x64a8, 0x4c49, 0x3c0a, 0x3c09, 0x33e8, 0x5449, 0x8dac, 0x856b, 0x752c, 0x8d8c, 0x856c, 0x850b,
0x7cec, 0x74cc, 0x8d8c, 0x852c, 0x9dc9, 0x7509, 0x3beb, 0x338b, 0x3baa, 0x2b4a, 0x230a, 0x1aaa, 0x22ea, 0x22eb, 0x1aab, 0x1a8b,
0x22ab, 0x330b, 0x128a, 0x124a, 0x124a, 0x332a, 0x2b09, 0x230a, 0x3b8a, 0x43eb, 0x234c, 0x43ec, 0x338c, 0x2b4c, 0x542b, 0x232b,
0x12ca, 0x4c0c, 0x7cec, 0x6caa, 0x646a, 0x956a, 0x648d, 0x542d, 0x84e9, 0x6c89, 0x5c6b, 0x7d2b, 0x6cca, 0x8529, 0x6cab, 0x648c,
0x6ccc, 0x74ec, 0x854a, 0x956a, 0x648c, 0x6cac, 0x74ec, 0x6ccc, 0x648b, 0x74ea, 0x5c4a, 0x6caa, 0x7cc9, 0x74aa, 0x4beb, 0x4c0b,
0x544a, 0x544a, 0x4c2a, 0x4c0a, 0x440a, 0x440a, 0x5c8a, 0x5c8a, 0x4c6a, 0x33e9, 0x442a, 0x6ccb, 0x6cab, 0x648c, 0x646c, 0x646c,

/* -58- */
0xff4a, 0xff4b, 0xff2a, 0xff2b, 0xff4c, 0xff2b, 0xf70b, 0xff2a, 0xeee9, 0x7528, 0x9dc9, 0xff2c, 0xff0b, 0xff0b, 0xff0a, 0xff2a,
0xff2a, 0xff2a, 0xff2a, 0xff2a, 0xff4a, 0xff4a, 0xff4a, 0xff4b, 0xff4b, 0xff4b, 0xff2b, 0xff2a, 0xff2a, 0xff2a, 0xff2a, 0xff29,
0xff2a, 0xff2a, 0xff2a, 0xff2a, 0xff2a, 0xff2a, 0xff4a, 0xff4a, 0xff4b, 0xff4b, 0xff4a, 0xff4a, 0xff4a, 0xff2a, 0xff2a, 0xff2a,
0xff2a, 0xff2a, 0xff4a, 0xff4a, 0xff4a, 0xff4a, 0xff4a, 0xff4a, 0xff2a, 0xff4a, 0xff4a, 0xff4a, 0xff4a, 0xff4a, 0xff4a, 0xff4a,
0xff6b, 0xff4b, 0xff4b, 0xff2b, 0xff4a, 0xff4a, 0xff4a, 0xff4a, 0xff4b, 0xff4b, 0xff4b, 0xff4b, 0xff4b, 0xff2b, 0xff4b, 0xff4b,
0xff2b, 0xff4b, 0xf72b, 0xff4c, 0xff2b, 0xff2b, 0xf72b, 0xf72a, 0xff2a, 0xff2a, 0xf72a, 0xff2a, 0xff4b, 0xff6c, 0xff4a, 0xf72b,
0xf74c, 0xf74c, 0xff4c, 0xff4c, 0xff2c, 0xff4c, 0xff4d, 0xff4d, 0xff4c, 0xff4d, 0xf72c, 0xf72c, 0xf74d, 0xf74c, 0xf74c, 0xf74d,
0xff6e, 0xff6e, 0xff6e, 0xff8e, 0xff8e, 0xff8f, 0xff8f, 0xff8f, 0xff8f, 0xff6f, 0xff90, 0xffb0, 0xffcf, 0xffaf, 0xffaf, 0xff8e,
0xff8e, 0xffad, 0xffad, 0xffad, 0xffad, 0xff8e, 0xffaf, 0xffaf, 0xffae, 0xff8d, 0xffad, 0xff8c, 0xff8c, 0xff8c, 0xff6d, 0xffcd,
0xd66b, 0x334a, 0x43aa, 0xa589, 0xd668, 0x9d4a, 0x22a9, 0x2ac9, 0x3309, 0x2b09, 0x43aa, 0x4bec, 0x4bcb, 0x5c68, 0x4c48, 0x3bc8,
0x2b69, 0x3369, 0x440a, 0x4409, 0x2ae9, 0x1a89, 0x1aca, 0x544a, 0x4c6b, 0x750c, 0xc6ad, 0xd6cd, 0xd6ac, 0xce8b, 0xc64a, 0xc649,
0xbe2a, 0xc64a, 0xd6aa, 0xd68b, 0xb62c, 0xbe4c, 0xc66d, 0xbe4c, 0xbe4c, 0xbe4d, 0xb64c, 0xbe4c, 0xbe6b, 0xb64b, 0xb62a, 0xbe4a,
0xc66a, 0xce8a, 0xceaa, 0xce8a, 0xce6a, 0xc66b, 0xc68b, 0xc68b, 0xbe4b, 0xbe4b, 0xbe6b, 0xc6ac, 0xae4c, 0x3c0a, 0x5caa, 0x8589,
0x7d88, 0x7528, 0x6d08, 0x5ca8, 0x4429, 0x4429, 0x1b49, 0x2349, 0x4409, 0x544a, 0x648b, 0x9dec, 0x9dac, 0x958d, 0x9dac, 0x8d2a,
0x5449, 0x5469, 0x6cc8, 0x7528, 0x7528, 0x444a, 0x2b8a, 0x236b, 0x33ab, 0x750c, 0x8d8e, 0x95d0, 0x856e, 0x8d8f, 0x9daf, 0x854e,
0x6c8c, 0x74ac, 0x6c8c, 0x74ec, 0x7d49, 0x6cc9, 0x442b, 0x1b2a, 0x2b6a, 0x334a, 0x230a, 0x2b0b, 0x2aeb, 0x32eb, 0x330b, 0x32eb,
0x4b4b, 0x6beb, 0x3b2a, 0x3309, 0x330a, 0x7ca9, 0x6c8a, 0x2b2a, 0x43aa, 0x43ca, 0x4c0b, 0x854b, 0x648a, 0x5c4b, 0x9dac, 0x43aa,
0x334a, 0x648b, 0x854b, 0x74eb, 0x6cab, 0x854b, 0x74ed, 0x74cc, 0x8d2a, 0x7ceb, 0x74eb, 0x7d0b, 0x7d0a, 0x7d0a, 0x74eb, 0x6ceb,
0x74ec, 0x7d0c, 0x958b, 0xadea, 0x74cc, 0x74ec, 0x7d0b, 0x7d0c, 0x74eb, 0x74ea, 0x6ccb, 0x6cab, 0x648b, 0x646b, 0x6c8b, 0x6cab,
0x74ca, 0x74ca, 0x74ca, 0x74ca, 0x6caa, 0x852a, 0xeeea, 0xef0b, 0xd68b, 0x7d0b, 0xa5ac, 0xff8d, 0xff8e, 0xff8d, 0xffae, 0xffae,
0xff8d, 0xffad, 0xffad, 0xffad, 0xffad, 0xffad, 0xff8d, 0xff8e, 0xffae, 0xffae, 0xffae, 0xff8e, 0xff8d, 0xf74c, 0xf76e, 0xf74d,
0xf76d, 0xff4d, 0xff6e, 0xff6e, 0xff70, 0xff6f, 0xff8f, 0xff90, 0xff71, 0xff71, 0xff6f, 0xff90, 0xff6f, 0xf74e, 0xff4d, 0xff2c,
0xf74e, 0xff4e, 0xff4c, 0xff4c, 0xff4c, 0xff4d, 0xff4c, 0xff4c, 0xff4d, 0xff4c, 0xff4c, 0xff4d, 0xff4d, 0xff4c, 0xff4c, 0xff4d,
0xff4d, 0xff4e, 0xff4d, 0xff4c, 0xff4c, 0xff2b, 0xff2b, 0xff2b, 0xff2a, 0xff2a, 0xff2a, 0xff2a, 0xff4a, 0xff4b, 0xff4b, 0xff4b,
0xff4b, 0xff4b, 0xff4b, 0xff4b, 0xff4b, 0xff4b, 0xff4b, 0xff4a, 0xff4b, 0xff4b, 0xff4b, 0xff4a, 0xff4a, 0xff4c, 0xff4c, 0xff4b,
0xff4a, 0xff4a, 0xff4c, 0xff4c, 0xff4b, 0xff4b, 0xff4b, 0xff4b, 0xff2b, 0xff2a, 0xff4a, 0xff4b, 0xff4a, 0xff4b, 0xff4b, 0xff4b,
0xff4b, 0xff4b, 0xff4b, 0xff4b, 0xff4b, 0xff4c, 0xff4c, 0xff4c, 0xff4d, 0xff4c, 0xff4b, 0xff6e, 0xff90, 0xff6e, 0xff6f, 0xff4e,
0xff6e, 0xff6c, 0xff6c, 0xff8f, 0xff70, 0xff6e, 0xff6e, 0xff6d, 0xff6d, 0xff6f, 0xff6e, 0xff8e, 0xff90, 0xff91, 0xff90, 0xff90,
0xffb2, 0xff90, 0xff90, 0xff91, 0xff6f, 0xff8f, 0xff90, 0xff90, 0xff8f, 0xff8f, 0xff91, 0xff8f, 0xff91, 0xff90, 0xff91, 0xff8f,
0xff8f, 0xff91, 0xff70, 0xff6f, 0xff6d, 0xff92, 0xff91, 0xff90, 0xff91, 0xffb0, 0xff70, 0xff71, 0xff92, 0xff6f, 0xff6f, 0xff6f,
0xf74f, 0xff8f, 0x858a, 0x752a, 0xd6cf, 0x9e0b, 0xb68b, 0x8588, 0x4c66, 0x54a6, 0x4427, 0x2349, 0x2b88, 0x3be9, 0xf70c, 0xff6c,
0xf72b, 0xf72a, 0xff09, 0xf6c7, 0xf6c7, 0xf6e7, 0xf6e8, 0xce88, 0x3c08, 0x7ce8, 0xff29, 0xeec8, 0xe687, 0xde66, 0xf729, 0xeee8,
0xe686, 0xe686, 0xeea6, 0xe666, 0xe667, 0xf709, 0xde67, 0xde25, 0xe625, 0xcdc5, 0xc5e7, 0xee66, 0xe625, 0xce06, 0xa5c8, 0x8d68,
0xada7, 0xd5e5, 0xbd85, 0xbda6, 0x9528, 0x8509, 0xbd85, 0xc584, 0xbd85, 0x7cc9, 0x6caa, 0x9507, 0xc5a4, 0xa567, 0x8529, 0x74c9,
0x5c29, 0x6428, 0x9d47, 0x6448, 0x4be9, 0x5409, 0x53e9, 0x5c28, 0x8d08, 0x6469, 0x646a, 0x74ea, 0x9da8, 0x8d69, 0x648c, 0x646b,
0x646b, 0x646b, 0x5c6b, 0x6cab, 0x7ce9, 0x5c0c, 0x5bec, 0x644b, 0x7d09, 0x74ca, 0x5c6b, 0x648b, 0x74cb, 0x74eb, 0x74cc, 0x64ac,
0x74cc, 0x850b, 0x9d8a, 0x7cec, 0x546d, 0x648d, 0x74cc, 0x74ec, 0x74ed, 0x6c8c, 0x6cac, 0x648d, 0x6c8d, 0xbe2c, 0x8d2c, 0x648b,
0x750c, 0x9dcc, 0xc64c, 0xc66c, 0xc64b, 0xb60b, 0xae0b, 0xbe6c, 0xe6ed, 0xceab, 0xceab, 0xd6ac, 0xd6cc, 0xff6e, 0xef4e, 0xce8d,
0xc68c, 0xef2d, 0xffd1, 0xef2e, 0xdecc, 0xffaf, 0xffaf, 0xff8e, 0xff8d, 0xff8d, 0xff8d, 0xff8d, 0xff8d, 0xff6d, 0xff6d, 0xff6d,
0xff6c, 0xff6c, 0xff6c, 0xff4c, 0xff6e, 0xff4c, 0xff4c, 0xff4b, 0xff4c, 0xf76f, 0xf72c, 0xf74d, 0xff4b, 0xff4a, 0xff6f, 0xff4c,
0xff4c, 0xff4c, 0xff4b, 0xff4d, 0xff4b, 0xff2a, 0xff4b, 0xff2a, 0xff4b, 0xff4a, 0xff49, 0xff49, 0xff49, 0xff49, 0xff4a, 0xff4a,
0xff49, 0xff49, 0xff49, 0xff49, 0xff49, 0xff29, 0xff49, 0xff49, 0xff49, 0xff49, 0xff4a, 0xff4a, 0xff4a, 0xff4a, 0xff4a, 0xff4a,
0xff4a, 0xff49, 0xff49, 0xff49, 0xff49, 0xff4b, 0xff4b, 0xff4b, 0xff4b, 0xff4b, 0xff4b, 0xff4b, 0xff4b, 0xff4b, 0xff4a, 0xff4a,
0xff4a, 0xff4a, 0xff4a, 0xff4a, 0xff4a, 0xff4a, 0xff4a, 0xff2a, 0xff4a, 0xff4a, 0xff2a, 0xff4a, 0xff2a, 0xff2a, 0xff2d, 0xff2b,
0xff2a, 0xff2a, 0xff2a, 0xff4e, 0xff4c, 0xff29, 0xff2a, 0xff09, 0xff2c, 0xff2a, 0xff09, 0xff2a, 0xff2b, 0xff09, 0xff2a, 0xff2a,
0xff4a, 0xff4b, 0xff2a, 0xff2b, 0xff4c, 0xff2b, 0xf70b, 0xff2a, 0xeee9, 0x7528, 0x9dc9, 0xff2c, 0xff0b, 0xff0b, 0xff0a, 0xff2a,
0xff2a, 0xff2a, 0xff2a, 0xff2a, 0xff4a, 0xff4a, 0xff4a, 0xff4b, 0xff4b, 0xff4b, 0xff2b, 0xff2a, 0xff2a, 0xff2a, 0xff2a, 0xff29,
0xff2a, 0xff2a, 0xff2a, 0xff2a, 0xff2a, 0xff2a, 0xff4a, 0xff4a, 0xff4b, 0xff4b, 0xff4a, 0xff4a, 0xff4a, 0xff2a, 0xff2a, 0xff2a,
0xff2a, 0xff2a, 0xff4a, 0xff4a, 0xff4a, 0xff4a, 0xff4a, 0xff4a, 0xff2a, 0xff4a, 0xff4a, 0xff4a, 0xff4a, 0xff4a, 0xff4a, 0xff4a,
0xff6b, 0xff4b, 0xff4b, 0xff2b, 0xff4a, 0xff4a, 0xff4a, 0xff4a, 0xff4b, 0xff4b, 0xff4b, 0xff4b, 0xff4b, 0xff2b, 0xff4b, 0xff4b,
0xff2b, 0xff4b, 0xf72b, 0xff4c, 0xff2b, 0xff2b, 0xf72b, 0xf72a, 0xff2a, 0xff2a, 0xf72a, 0xff2a, 0xff4b, 0xff6c, 0xff4a, 0xf72b,
0xf74c, 0xf74c, 0xff4c, 0xff4c, 0xff2c, 0xff4c, 0xff4d, 0xff4d, 0xff4c, 0xff4d, 0xf72c, 0xf72c, 0xf74d, 0xf74c, 0xf74c, 0xf74d,
0xff6e, 0xff6e, 0xff6e, 0xff8e, 0xff8e, 0xff8f, 0xff8f, 0xff8f, 0xff8f, 0xff6f, 0xff90, 0xffb0, 0xffcf, 0xffaf, 0xffaf, 0xff8e,
0xff8e, 0xffad, 0xffad, 0xffad, 0xffad, 0xff8e, 0xffaf, 0xffaf, 0xffae, 0xff8d, 0xffad, 0xff8c, 0xff8c, 0xff8c, 0xff6d, 0xffcd,
0xd66b, 0x334a, 0x43aa, 0xa589, 0xd668, 0x9d4a, 0x22a9, 0x2ac9, 0x3309, 0x2b09, 0x43aa, 0x4bec, 0x4bcb, 0x5c68, 0x4c48, 0x3bc8,
0x2b69, 0x3369, 0x440a, 0x4409, 0x2ae9, 0x1a89, 0x1aca, 0x544a, 0x4c6b, 0x750c, 0xc6ad, 0xd6cd, 0xd6ac, 0xce8b, 0xc64a, 0xc649,
0xbe2a, 0xc64a, 0xd6aa, 0xd68b, 0xb62c, 0xbe4c, 0xc66d, 0xbe4c, 0xbe4c, 0xbe4d, 0xb64c, 0xbe4c, 0xbe6b, 0xb64b, 0xb62a, 0xbe4a,
0xc66a, 0xce8a, 0xceaa, 0xce8a, 0xce6a, 0xc66b, 0xc68b, 0xc68b, 0xbe4b, 0xbe4b, 0xbe6b, 0xc6ac, 0xae4c, 0x3c0a, 0x5caa, 0x8589,
0x7d88, 0x7528, 0x6d08, 0x5ca8, 0x4429, 0x4429, 0x1b49, 0x2349, 0x4409, 0x544a, 0x648b, 0x9dec, 0x9dac, 0x958d, 0x9dac, 0x8d2a,
0x5449, 0x5469, 0x6cc8, 0x7528, 0x7528, 0x444a, 0x2b8a, 0x236b, 0x33ab, 0x750c, 0x8d8e, 0x95d0, 0x856e, 0x8d8f, 0x9daf, 0x854e,
0x6c8c, 0x74ac, 0x6c8c, 0x74ec, 0x7d49, 0x6cc9, 0x442b, 0x1b2a, 0x2b6a, 0x334a, 0x230a, 0x2b0b, 0x2aeb, 0x32eb, 0x330b, 0x32eb,
0x4b4b, 0x6beb, 0x3b2a, 0x3309, 0x330a, 0x7ca9, 0x6c8a, 0x2b2a, 0x43aa, 0x43ca, 0x4c0b, 0x854b, 0x648a, 0x5c4b, 0x9dac, 0x43aa,
0x334a, 0x648b, 0x854b, 0x74eb, 0x6cab, 0x854b, 0x74ed, 0x74cc, 0x8d2a, 0x7ceb, 0x74eb, 0x7d0b, 0x7d0a, 0x7d0a, 0x74eb, 0x6ceb,
0x74ec, 0x7d0c, 0x958b, 0xadea, 0x74cc, 0x74ec, 0x7d0b, 0x7d0c, 0x74eb, 0x74ea, 0x6ccb, 0x6cab, 0x648b, 0x646b, 0x6c8b, 0x6cab,
0x74ca, 0x74ca, 0x74ca, 0x74ca, 0x6caa, 0x852a, 0xeeea, 0xef0b, 0xd68b, 0x7d0b, 0xa5ac, 0xff8d, 0xff8e, 0xff8d, 0xffae, 0xffae,

/* -59- */
0xffb1, 0xff90, 0xff6f, 0xff6d, 0xff4d, 0xff4c, 0xff6c, 0xce8a, 0x64a7, 0x4427, 0x4428, 0x5c28, 0xd66b, 0xff8d, 0xff2c, 0xff4c,
0xff6d, 0xff4e, 0xff4c, 0xff4c, 0xff6e, 0xff6f, 0xff8f, 0xff6d, 0xff6c, 0xff6c, 0xff6d, 0xff6e, 0xff6d, 0xff4b, 0xff6d, 0xff6e,
0xff6f, 0xff6e, 0xff4b, 0xff4b, 0xff4b, 0xff4b, 0xff4c, 0xff4b, 0xff6d, 0xff4c, 0xff4b, 0xff4c, 0xff4b, 0xff4a, 0xff2a, 0xff2a,
0xff2b, 0xff2b, 0xff2b, 0xff2b, 0xff4b, 0xff4b, 0xff4c, 0xff4c, 0xff4c, 0xff4b, 0xff4c, 0xff6e, 0xff6e, 0xff6d, 0xff6e, 0xff6c,
0xff6c, 0xff90, 0xff4d, 0xff4b, 0xff4b, 0xff4b, 0xff6d, 0xff6e, 0xff6e, 0xff6c, 0xff6d, 0xff6e, 0xff6f, 0xff4c, 0xff4b, 0xff4c,
0xff4c, 0xff4c, 0xff4b, 0xff4c, 0xff6c, 0xff4c, 0xff4d, 0xff4c, 0xff4b, 0xff4a, 0xff6c, 0xff6c, 0xff6c, 0xff4b, 0xff4a, 0xff6c,
0xff6d, 0xff6d, 0xff6c, 0xff6c, 0xff6c, 0xff6c, 0xff4c, 0xff4c, 0xff4a, 0xff4b, 0xff4a, 0xff4b, 0xff4b, 0xff4a, 0xff6b, 0xff6b,
0xff6c, 0xff8c, 0xff4b, 0xff4b, 0xff4b, 0xff4b, 0xff2b, 0xff2b, 0xff4b, 0xf70a, 0xf72a, 0xf72a, 0xff29, 0xff2a, 0xf709, 0xff4c,
0xf72b, 0xf709, 0xf709, 0xf74b, 0xff4a, 0xf74d, 0xff6e, 0xf709, 0xff2a, 0xff6c, 0xff4a, 0xff4a, 0xf72a, 0xf6e9, 0xf709, 0xf709,
0xeee8, 0xdec9, 0xe6c9, 0xef08, 0xeee7, 0xeee8, 0xe6e9, 0xe6c9, 0xeee8, 0xe6e8, 0xef09, 0xe6a9, 0xc608, 0xc608, 0x9d27, 0x53a7,
0x0a89, 0x1ac9, 0x2b29, 0x22e9, 0x1aa9, 0x1aaa, 0x1aca, 0x232a, 0x2b4b, 0x22eb, 0x5c2b, 0xef4c, 0xe70b, 0xdeca, 0xe72b, 0xe72b,
0xef2b, 0xef4b, 0xe72c, 0xe72c, 0xef4c, 0xef4c, 0xef4d, 0xef4d, 0xef6d, 0xef6d, 0xef4d, 0xef4c, 0xef4c, 0xef4c, 0xef6c, 0xef6c,
0xef8d, 0xef8d, 0xef4c, 0xe72b, 0xe72b, 0xe72a, 0xe74b, 0xe74c, 0xe74c, 0xdf2b, 0xe74b, 0xbe89, 0x64c8, 0x4409, 0x8dc9, 0xbec9,
0x85a9, 0x54c8, 0x6d28, 0x5cc8, 0x3c09, 0x33e9, 0x12c9, 0x2329, 0x8549, 0x8529, 0x2b09, 0x6c69, 0xf78b, 0xe74b, 0xa5e9, 0x8d68,
0x7548, 0x7548, 0x64c9, 0x5c89, 0x5ca9, 0x4c69, 0x3c0a, 0x2b6c, 0x236c, 0x4c2c, 0x4c0d, 0x8d8f, 0xe74e, 0xcecd, 0xc68b, 0xb66a,
0x95a9, 0x7cea, 0x5beb, 0x3b6b, 0x53c9, 0x53e9, 0x334a, 0x332a, 0x6bab, 0x8c0c, 0x840c, 0xb48d, 0xcd0e, 0xc4ed, 0xb50c, 0xad0c,
0xc58c, 0xe6c9, 0xdee9, 0xd6c8, 0xd6c8, 0xd6e9, 0xd6e9, 0xd6e9, 0xcec8, 0xcec8, 0xcec7, 0xcec7, 0xd6c7, 0xcec8, 0xcec8, 0xd6c8,
0xcec9, 0xd6e9, 0xd6e9, 0xd6e9, 0xdf09, 0xdf09, 0xdf09, 0xdf09, 0xdf09, 0xdf09, 0xdf09, 0xdee9, 0xdf09, 0xd6e9, 0xd6e9, 0xd6e9,
0xd6e9, 0xd6e8, 0xdee9, 0xdee9, 0xd6e9, 0xdf09, 0xdf09, 0xdf09, 0xdf09, 0xd709, 0xd709, 0xdf09, 0xdf09, 0xdf0a, 0xe74a, 0xef4a,
0xef6a, 0xef6b, 0xef4a, 0xef4b, 0xf74a, 0xf74a, 0xf729, 0xf729, 0xf749, 0xff6b, 0xff4a, 0xf729, 0xf72a, 0xff4c, 0xff8f, 0xf72b,
0xff4b, 0xff4b, 0xf72a, 0xff4c, 0xff8d, 0xff8d, 0xff8d, 0xff8d, 0xff6d, 0xff8e, 0xff6d, 0xff6d, 0xff6d, 0xff4c, 0xff4d, 0xff4c,
0xff4b, 0xff6c, 0xff6c, 0xff6d, 0xff6e, 0xff4c, 0xff6d, 0xff6f, 0xff70, 0xff6f, 0xff4e, 0xff4c, 0xff6d, 0xff4c, 0xff4c, 0xff2a,
0xff2b, 0xff70, 0xff4c, 0xf729, 0xff4b, 0xff4d, 0xff4b, 0xff6b, 0xff6c, 0xff6d, 0xff6d, 0xff6e, 0xff6e, 0xff6c, 0xff4b, 0xff4b,
0xff4b, 0xff2b, 0xff8f, 0xff6c, 0xff4a, 0xff6b, 0xff4a, 0xff4d, 0xff6e, 0xff4b, 0xff6b, 0xff4a, 0xff6e, 0xff8f, 0xff6c, 0xff4c,
0xff6f, 0xff6d, 0xff6c, 0xff4c, 0xff6e, 0xff6e, 0xff4b, 0xff6b, 0xff6b, 0xff4c, 0xff70, 0xff6d, 0xff4a, 0xff4e, 0xff72, 0xff4e,
0xff4b, 0xff4a, 0xff4c, 0xff6d, 0xff6c, 0xff6d, 0xff6d, 0xff4d, 0xff4e, 0xff4d, 0xff4c, 0xff4c, 0xff4c, 0xff6e, 0xff6e, 0xff6d,
0xff6c, 0xff6d, 0xff8f, 0xff6e, 0xff6d, 0xff6d, 0xff6d, 0xff4c, 0xff6f, 0xff90, 0xff6c, 0xff6d, 0xff6c, 0xff4b, 0xff6e, 0xff6c,
0xff28, 0xff29, 0xff4a, 0xff4b, 0xff4a, 0xff6c, 0xff6b, 0xff06, 0xff28, 0xff6d, 0xff4b, 0xff28, 0xff4a, 0xff6c, 0xff6b, 0xff4b,
0xff4b, 0xff29, 0xff07, 0xff4a, 0xff8f, 0xff29, 0xff28, 0xff29, 0xff29, 0xff4a, 0xff4b, 0xff2b, 0xf6e9, 0xf70a, 0xff2a, 0xf709,
0xff4a, 0xf6e8, 0xf6c8, 0xf6e8, 0xf6e6, 0xff26, 0xce48, 0x7ce9, 0x74c9, 0x9d88, 0xff68, 0xff28, 0xf6e8, 0xee85, 0xf6c6, 0xff08,
0xf6e7, 0xbe48, 0x7528, 0x5ce8, 0x6509, 0x7549, 0xa629, 0x7528, 0x4c66, 0x3be7, 0x2b49, 0x2309, 0x4c08, 0x5428, 0x3b8a, 0x94e7,
0xe685, 0xde46, 0xbda7, 0xad88, 0xee87, 0xce27, 0x6468, 0x5c67, 0x5467, 0x5468, 0x5c68, 0x5c49, 0xbde6, 0xbdc6, 0xd626, 0xbdc7,
0xad88, 0xada8, 0xa588, 0xada8, 0x9d48, 0x9528, 0x8509, 0x74c8, 0x7cc8, 0x84e8, 0x74a8, 0x8ce7, 0x84e7, 0x6cc8, 0x64c8, 0x7508,
0x8529, 0x6cc8, 0x6ca8, 0x6488, 0x5448, 0x74c9, 0x7cc8, 0x5c48, 0x6469, 0x5c69, 0x6469, 0x74a9, 0x6c69, 0x5c49, 0x5449, 0x5429,
0x9d68, 0xbe09, 0xc629, 0xb60a, 0xb60a, 0xb60a, 0xbe0a, 0xc64a, 0xa5ca, 0x858a, 0x7d4b, 0x95aa, 0xb669, 0xb66a, 0xae4b, 0xae6b,
0xd6ca, 0xdee9, 0xdec9, 0xd6a9, 0xd6a9, 0xd6aa, 0xd6cb, 0xd6ca, 0xdeea, 0xd6ca, 0xd6cb, 0xd6cb, 0xdeca, 0xdecb, 0xdeca, 0xdeea,
0xe6ea, 0xe6ea, 0xe70a, 0xe70b, 0xdeeb, 0xe6eb, 0xe6ea, 0xe6ea, 0xe6ea, 0xdecb, 0xdeeb, 0xdeeb, 0xe6eb, 0xef2b, 0xe70c, 0xe70c,
0xe70c, 0xf76c, 0xff6c, 0xff8c, 0xff8c, 0xff8c, 0xff8d, 0xff8d, 0xff6e, 0xff8e, 0xff8d, 0xff8c, 0xff8c, 0xff6d, 0xff6d, 0xff8c,
0xff6b, 0xff4a, 0xff2a, 0xff4b, 0xff6b, 0xff4b, 0xff4b, 0xff4a, 0xff4a, 0xff4d, 0xff4c, 0xff6c, 0xff6c, 0xff4b, 0xff4c, 0xff4c,
0xff4b, 0xff6b, 0xff6b, 0xff4a, 0xff6c, 0xff4b, 0xff6b, 0xff49, 0xff4a, 0xff6e, 0xff4d, 0xff4e, 0xff4a, 0xff4a, 0xff6d, 0xff4b,
0xff6c, 0xff6c, 0xff4a, 0xff6e, 0xff4a, 0xff4a, 0xff4a, 0xff4a, 0xff6e, 0xff4c, 0xff49, 0xff4a, 0xff4a, 0xff4a, 0xff4b, 0xff4b,
0xff4a, 0xff4a, 0xff4a, 0xff6c, 0xff6c, 0xff2a, 0xff4c, 0xff4a, 0xff4a, 0xff4a, 0xff4b, 0xff4b, 0xff4a, 0xff4a, 0xff4b, 0xff6d,
0xff4b, 0xff4a, 0xff4a, 0xff49, 0xff4a, 0xff4d, 0xff4d, 0xff4b, 0xff4a, 0xff4d, 0xff4d, 0xff4d, 0xff4c, 0xff4a, 0xff4b, 0xff4b,
0xff4b, 0xff4b, 0xff4b, 0xff4b, 0xff4b, 0xff4c, 0xff4c, 0xff4b, 0xff4b, 0xff4b, 0xff4c, 0xff4b, 0xff2a, 0xff4a, 0xff4e, 0xff2b,
0xff2a, 0xff2a, 0xff2b, 0xff4e, 0xff6e, 0xff4d, 0xff4c, 0xff4c, 0xff4d, 0xff6e, 0xff6d, 0xff6c, 0xff6d, 0xff6e, 0xff6d, 0xff6e,
0xffb1, 0xff90, 0xff6f, 0xff6d, 0xff4d, 0xff4c, 0xff6c, 0xce8a, 0x64a7, 0x4427, 0x4428, 0x5c28, 0xd66b, 0xff8d, 0xff2c, 0xff4c,
0xff6d, 0xff4e, 0xff4c, 0xff4c, 0xff6e, 0xff6f, 0xff8f, 0xff6d, 0xff6c, 0xff6c, 0xff6d, 0xff6e, 0xff6d, 0xff4b, 0xff6d, 0xff6e,
0xff6f, 0xff6e, 0xff4b, 0xff4b, 0xff4b, 0xff4b, 0xff4c, 0xff4b, 0xff6d, 0xff4c, 0xff4b, 0xff4c, 0xff4b, 0xff4a, 0xff2a, 0xff2a,
0xff2b, 0xff2b, 0xff2b, 0xff2b, 0xff4b, 0xff4b, 0xff4c, 0xff4c, 0xff4c, 0xff4b, 0xff4c, 0xff6e, 0xff6e, 0xff6d, 0xff6e, 0xff6c,
0xff6c, 0xff90, 0xff4d, 0xff4b, 0xff4b, 0xff4b, 0xff6d, 0xff6e, 0xff6e, 0xff6c, 0xff6d, 0xff6e, 0xff6f, 0xff4c, 0xff4b, 0xff4c,
0xff4c, 0xff4c, 0xff4b, 0xff4c, 0xff6c, 0xff4c, 0xff4d, 0xff4c, 0xff4b, 0xff4a, 0xff6c, 0xff6c, 0xff6c, 0xff4b, 0xff4a, 0xff6c,
0xff6d, 0xff6d, 0xff6c, 0xff6c, 0xff6c, 0xff6c, 0xff4c, 0xff4c, 0xff4a, 0xff4b, 0xff4a, 0xff4b, 0xff4b, 0xff4a, 0xff6b, 0xff6b,
0xff6c, 0xff8c, 0xff4b, 0xff4b, 0xff4b, 0xff4b, 0xff2b, 0xff2b, 0xff4b, 0xf70a, 0xf72a, 0xf72a, 0xff29, 0xff2a, 0xf709, 0xff4c,
0xf72b, 0xf709, 0xf709, 0xf74b, 0xff4a, 0xf74d, 0xff6e, 0xf709, 0xff2a, 0xff6c, 0xff4a, 0xff4a, 0xf72a, 0xf6e9, 0xf709, 0xf709,
0xeee8, 0xdec9, 0xe6c9, 0xef08, 0xeee7, 0xeee8, 0xe6e9, 0xe6c9, 0xeee8, 0xe6e8, 0xef09, 0xe6a9, 0xc608, 0xc608, 0x9d27, 0x53a7,
0x0a89, 0x1ac9, 0x2b29, 0x22e9, 0x1aa9, 0x1aaa, 0x1aca, 0x232a, 0x2b4b, 0x22eb, 0x5c2b, 0xef4c, 0xe70b, 0xdeca, 0xe72b, 0xe72b,
0xef2b, 0xef4b, 0xe72c, 0xe72c, 0xef4c, 0xef4c, 0xef4d, 0xef4d, 0xef6d, 0xef6d, 0xef4d, 0xef4c, 0xef4c, 0xef4c, 0xef6c, 0xef6c,
0xef8d, 0xef8d, 0xef4c, 0xe72b, 0xe72b, 0xe72a, 0xe74b, 0xe74c, 0xe74c, 0xdf2b, 0xe74b, 0xbe89, 0x64c8, 0x4409, 0x8dc9, 0xbec9,
0x85a9, 0x54c8, 0x6d28, 0x5cc8, 0x3c09, 0x33e9, 0x12c9, 0x2329, 0x8549, 0x8529, 0x2b09, 0x6c69, 0xf78b, 0xe74b, 0xa5e9, 0x8d68,
0x7548, 0x7548, 0x64c9, 0x5c89, 0x5ca9, 0x4c69, 0x3c0a, 0x2b6c, 0x236c, 0x4c2c, 0x4c0d, 0x8d8f, 0xe74e, 0xcecd, 0xc68b, 0xb66a,
0x95a9, 0x7cea, 0x5beb, 0x3b6b, 0x53c9, 0x53e9, 0x334a, 0x332a, 0x6bab, 0x8c0c, 0x840c, 0xb48d, 0xcd0e, 0xc4ed, 0xb50c, 0xad0c,
0xc58c, 0xe6c9, 0xdee9, 0xd6c8, 0xd6c8, 0xd6e9, 0xd6e9, 0xd6e9, 0xcec8, 0xcec8, 0xcec7, 0xcec7, 0xd6c7, 0xcec8, 0xcec8, 0xd6c8,
0xcec9, 0xd6e9, 0xd6e9, 0xd6e9, 0xdf09, 0xdf09, 0xdf09, 0xdf09, 0xdf09, 0xdf09, 0xdf09, 0xdee9, 0xdf09, 0xd6e9, 0xd6e9, 0xd6e9,
0xd6e9, 0xd6e8, 0xdee9, 0xdee9, 0xd6e9, 0xdf09, 0xdf09, 0xdf09, 0xdf09, 0xd709, 0xd709, 0xdf09, 0xdf09, 0xdf0a, 0xe74a, 0xef4a,
0xef6a, 0xef6b, 0xef4a, 0xef4b, 0xf74a, 0xf74a, 0xf729, 0xf729, 0xf749, 0xff6b, 0xff4a, 0xf729, 0xf72a, 0xff4c, 0xff8f, 0xf72b,

/* -60- */
0xff6c, 0xff4b, 0xff6c, 0xff6e, 0xff8d, 0xb64a, 0x8d89, 0x8d88, 0x7d27, 0x64c8, 0x5468, 0x3be8, 0x74ea, 0x7d0b, 0xdecb, 0xff6c,
0xff6e, 0xff6f, 0xff4c, 0xff4e, 0xff6d, 0xff6c, 0xff6d, 0xff6c, 0xff6d, 0xff6e, 0xff6d, 0xff4d, 0xff4d, 0xff4c, 0xff8e, 0xff6c,
0xff6f, 0xff90, 0xff4a, 0xff6b, 0xff4a, 0xff6d, 0xff6d, 0xff29, 0xff6d, 0xff6e, 0xff6d, 0xff6d, 0xff6a, 0xff4b, 0xff4c, 0xff4d,
0xff4c, 0xff4b, 0xff6c, 0xff6d, 0xff6d, 0xff6b, 0xff6b, 0xff4c, 0xff6b, 0xff6b, 0xff6c, 0xff8d, 0xff6b, 0xff4b, 0xff6d, 0xff6d,
0xff6b, 0xff6b, 0xff6c, 0xff6c, 0xff6c, 0xff6b, 0xff48, 0xff6d, 0xff6f, 0xff6b, 0xff6b, 0xff6d, 0xff6e, 0xff6d, 0xff6c, 0xff6d,
0xff6b, 0xff6b, 0xff6e, 0xff4c, 0xff4a, 0xff6b, 0xff4b, 0xff6b, 0xff6c, 0xff6b, 0xf729, 0xff6c, 0xff08, 0xfee7, 0xff28, 0xff08,
0xf6e7, 0xff28, 0xff29, 0xf6e7, 0xe6a6, 0xf708, 0xf707, 0xf707, 0xf6c6, 0xe6a6, 0xeee6, 0xf707, 0xff29, 0xf6e7, 0xf6c7, 0xf6e7,
0xe6a8, 0xeee9, 0xff29, 0xe667, 0xe687, 0xe687, 0xde47, 0xeea8, 0xf6e8, 0xd627, 0xe686, 0xeea6, 0xe6a6, 0xe666, 0xe666, 0xf6e9,
0xeea8, 0xeec7, 0xe687, 0xe6a7, 0xeec6, 0xeea8, 0xeec8, 0xe665, 0xe666, 0xeea8, 0xee87, 0xe667, 0xee87, 0xee88, 0xe647, 0xde06,
0xe646, 0xee86, 0xe646, 0xe645, 0xe645, 0xd5e6, 0xee87, 0xee86, 0xde26, 0xee66, 0xe647, 0xe667, 0xee86, 0xde06, 0xd5a5, 0xb505,
0x7428, 0x7429, 0x230a, 0x12aa, 0x12aa, 0x12a9, 0x1289, 0x0a69, 0x1249, 0x1249, 0x22c8, 0x6409, 0x84a9, 0xce4a, 0xdecb, 0xdecb,
0xdecb, 0xdecb, 0xdeec, 0xdeec, 0xdeec, 0xdeec, 0xe6eb, 0xdeeb, 0xdeec, 0xe6ec, 0xe70b, 0xe70b, 0xe70b, 0xdf0a, 0xe72b, 0xe70b,
0xe70b, 0xe74c, 0xdeea, 0xd6aa, 0xdeea, 0xdf0a, 0xdeea, 0xdf0b, 0xdf0c, 0xef6c, 0xb649, 0x64a7, 0x4427, 0x3be9, 0x5449, 0x7509,
0x6ce8, 0x5ca8, 0x4429, 0x33c9, 0x2329, 0x1b09, 0x1ae9, 0x2b48, 0x3b68, 0x2b08, 0x1288, 0x3b88, 0xdf28, 0xd6e9, 0x74e8, 0x4c88,
0x64e7, 0x64e7, 0x64c8, 0x3bc9, 0x2b6a, 0x4429, 0x43e9, 0x230b, 0x22eb, 0x1aeb, 0x232b, 0x5c69, 0xb629, 0xa5c9, 0x6cc9, 0x5449,
0x6c6a, 0x740a, 0x73cc, 0x5b4b, 0x736a, 0xbc8c, 0xc48d, 0xcc8d, 0xdd70, 0xe5d0, 0xdd8d, 0xd58c, 0xddcc, 0xde8e, 0xd6ac, 0xce8b,
0xce8b, 0xe709, 0xdf08, 0xdf09, 0xdf09, 0xd709, 0xd6e9, 0xd709, 0xd6e8, 0xd6e8, 0xd6e8, 0xd6e8, 0xd6e8, 0xd6e8, 0xd6e8, 0xd6e8,
0xd6e8, 0xdf08, 0xd6e8, 0xd6e8, 0xdf08, 0xdf09, 0xdf09, 0xdf09, 0xdee9, 0xd6e9, 0xdee9, 0xdee9, 0xdee9, 0xd6e8, 0xd6e8, 0xd6e8,
0xd6e8, 0xd6e8, 0xd6e8, 0xd6e9, 0xdee9, 0xdf09, 0xdf09, 0xdee8, 0xd6e8, 0xd6e8, 0xd6e8, 0xd6e8, 0xd6e8, 0xd709, 0xd709, 0xd708,
0xd6e8, 0xd6e9, 0xd6e8, 0xd6e9, 0xd6e9, 0xdee8, 0xd6e8, 0xd6c8, 0xdec8, 0xd6c8, 0xd6a8, 0xd6a7, 0xd6a7, 0xd6c9, 0xd6c9, 0xcea8,
0xd6a8, 0xcea8, 0xce88, 0xdec9, 0xdec9, 0xd6a8, 0xdec8, 0xdec9, 0xe6c9, 0xdea8, 0xdea8, 0xdea8, 0xdea8, 0xe6a8, 0xe6c8, 0xe6c8,
0xdea8, 0xdec8, 0xe6c8, 0xe6e8, 0xeee8, 0xeee8, 0xf708, 0xeee8, 0xe6e7, 0xe6c6, 0xe6c7, 0xeee7, 0xeee8, 0xe6c7, 0xe6c6, 0xeec7,
0xf70a, 0xef0a, 0xeec8, 0xe6c6, 0xe6e8, 0xeee8, 0xff09, 0xf6e8, 0xe6a6, 0xeec7, 0xf708, 0xe6e7, 0xe6c7, 0xff49, 0xe6c7, 0xdea6,
0xe6a6, 0xf6e6, 0xf72b, 0xeec8, 0xe6c6, 0xe6a7, 0xe6a6, 0xf72b, 0xf72c, 0xeee7, 0xeec7, 0xff08, 0xf709, 0xf70a, 0xeec8, 0xeec7,
0xff09, 0xeee8, 0xe6c6, 0xf708, 0xff2a, 0xff29, 0xf708, 0xeec7, 0xf6e8, 0xf708, 0xf708, 0xf708, 0xf6e8, 0xf709, 0xeee8, 0xe6c8,
0xff2a, 0xff49, 0xeec7, 0xeec7, 0xeec6, 0xf6e8, 0xf72a, 0xf6e7, 0xf70b, 0xe6a7, 0xf708, 0xf708, 0xe6e7, 0xff4c, 0xef0a, 0xeee8,
0xf708, 0xeee6, 0xeee7, 0xf74d, 0xf72a, 0xe6c6, 0xe6c6, 0xeee7, 0xeee8, 0xe6e8, 0xe6c7, 0xeee8, 0xe6a6, 0xeea5, 0xe685, 0xde85,
0xf6e6, 0xf706, 0xd6a7, 0xd686, 0xdea7, 0xe6c6, 0xe686, 0xde65, 0xd645, 0xde66, 0xde66, 0xd625, 0xde86, 0xeec7, 0xd667, 0xeea5,
0xe686, 0xde46, 0xd625, 0xde26, 0xe6a8, 0xde65, 0xce05, 0xd645, 0xde65, 0xde66, 0xe6a7, 0xc606, 0xbde6, 0xde46, 0xd625, 0xe665,
0xd626, 0xbd86, 0xd5e5, 0xde44, 0xb585, 0x9546, 0x7d07, 0x5468, 0x4407, 0x4c27, 0x84e6, 0xbdc6, 0xee65, 0xc5e6, 0xcde6, 0xe644,
0xd624, 0x7507, 0x64e6, 0x5ca6, 0x4407, 0x4c27, 0x5c87, 0x5ca7, 0x4c47, 0x2b48, 0x1ac9, 0x22e9, 0x2b08, 0x22c8, 0x0209, 0x4387,
0x9546, 0x9547, 0x7ce8, 0x74c7, 0x8d28, 0x7ce7, 0x4c48, 0x6cc7, 0x6487, 0x5427, 0x43e8, 0x33a9, 0x74a8, 0x7cc8, 0x8508, 0x74c8,
0x74c9, 0x74a8, 0x6ca8, 0x6ca8, 0x7cc8, 0x9549, 0x8d49, 0x74e9, 0x74e9, 0x6ce9, 0x7d09, 0xa5a9, 0xa5a9, 0x8d69, 0x8569, 0x9dc9,
0xc64b, 0xae0a, 0xae0a, 0xadea, 0xade9, 0xc64a, 0xc64a, 0xadea, 0xadea, 0xadea, 0xb60b, 0xbe2b, 0xb5eb, 0xadeb, 0xa5cb, 0xb60b,
0xf70a, 0xff6b, 0xff4a, 0xff6a, 0xff6a, 0xff6a, 0xff6a, 0xff6b, 0xf74b, 0xe70b, 0xdf0a, 0xdeea, 0xe709, 0xe70a, 0xe70a, 0xe72a,
0xf729, 0xff49, 0xf749, 0xff49, 0xff69, 0xff69, 0xff8a, 0xff8a, 0xff6a, 0xff6a, 0xff6a, 0xf74a, 0xff6a, 0xff8a, 0xff89, 0xff69,
0xf749, 0xff49, 0xff69, 0xff69, 0xff69, 0xff49, 0xff49, 0xff49, 0xff49, 0xff49, 0xff49, 0xff49, 0xff49, 0xff4a, 0xff4a, 0xff49,
0xff49, 0xff4a, 0xff4a, 0xff49, 0xff4a, 0xff4a, 0xff4b, 0xff4b, 0xff4a, 0xff4a, 0xff29, 0xff29, 0xff29, 0xff2a, 0xff29, 0xff29,
0xff09, 0xff29, 0xff29, 0xff09, 0xff29, 0xff2a, 0xff4a, 0xff4a, 0xff4a, 0xff4b, 0xff4b, 0xff4b, 0xff6c, 0xff6c, 0xff4b, 0xff4b,
0xff6c, 0xff6b, 0xff6b, 0xff6b, 0xff4a, 0xff6b, 0xff6c, 0xff6b, 0xff49, 0xff49, 0xff4b, 0xff4b, 0xff4b, 0xff6c, 0xff6c, 0xff8d,
0xff6b, 0xff6b, 0xff6d, 0xff6a, 0xff6c, 0xff6c, 0xff6a, 0xff6d, 0xff4d, 0xff4d, 0xff6b, 0xff6c, 0xff6a, 0xff6b, 0xff6e, 0xff4c,
0xff8b, 0xff6c, 0xff6e, 0xff2a, 0xff07, 0xff6c, 0xff8f, 0xff6c, 0xff6b, 0xff6a, 0xff4b, 0xff8d, 0xff6c, 0xff4a, 0xff6c, 0xff4a,
0xff4e, 0xff6d, 0xff48, 0xff6a, 0xff6c, 0xff6e, 0xff6b, 0xff6b, 0xff48, 0xff69, 0xff6a, 0xff6d, 0xff6b, 0xff28, 0xff4a, 0xff4a,
0xff4b, 0xff4b, 0xff6c, 0xff6c, 0xff6b, 0xff4a, 0xff8c, 0xff6c, 0xff6c, 0xff4a, 0xff4b, 0xff6d, 0xff49, 0xff4b, 0xff2a, 0xff2a,
0xff6d, 0xff8e, 0xff4c, 0xff4b, 0xff09, 0xff4c, 0xff8e, 0xff4c, 0xff4d, 0xff4a, 0xff4a, 0xff8e, 0xff6c, 0xf72a, 0xff6d, 0xff8d,
0xff6c, 0xff4b, 0xff6c, 0xff6e, 0xff8d, 0xb64a, 0x8d89, 0x8d88, 0x7d27, 0x64c8, 0x5468, 0x3be8, 0x74ea, 0x7d0b, 0xdecb, 0xff6c,
0xff6e, 0xff6f, 0xff4c, 0xff4e, 0xff6d, 0xff6c, 0xff6d, 0xff6c, 0xff6d, 0xff6e, 0xff6d, 0xff4d, 0xff4d, 0xff4c, 0xff8e, 0xff6c,
0xff6f, 0xff90, 0xff4a, 0xff6b, 0xff4a, 0xff6d, 0xff6d, 0xff29, 0xff6d, 0xff6e, 0xff6d, 0xff6d, 0xff6a, 0xff4b, 0xff4c, 0xff4d,
0xff4c, 0xff4b, 0xff6c, 0xff6d, 0xff6d, 0xff6b, 0xff6b, 0xff4c, 0xff6b, 0xff6b, 0xff6c, 0xff8d, 0xff6b, 0xff4b, 0xff6d, 0xff6d,
0xff6b, 0xff6b, 0xff6c, 0xff6c, 0xff6c, 0xff6b, 0xff48, 0xff6d, 0xff6f, 0xff6b, 0xff6b, 0xff6d, 0xff6e, 0xff6d, 0xff6c, 0xff6d,
0xff6b, 0xff6b, 0xff6e, 0xff4c, 0xff4a, 0xff6b, 0xff4b, 0xff6b, 0xff6c, 0xff6b, 0xf729, 0xff6c, 0xff08, 0xfee7, 0xff28, 0xff08,
0xf6e7, 0xff28, 0xff29, 0xf6e7, 0xe6a6, 0xf708, 0xf707, 0xf707, 0xf6c6, 0xe6a6, 0xeee6, 0xf707, 0xff29, 0xf6e7, 0xf6c7, 0xf6e7,
0xe6a8, 0xeee9, 0xff29, 0xe667, 0xe687, 0xe687, 0xde47, 0xeea8, 0xf6e8, 0xd627, 0xe686, 0xeea6, 0xe6a6, 0xe666, 0xe666, 0xf6e9,
0xeea8, 0xeec7, 0xe687, 0xe6a7, 0xeec6, 0xeea8, 0xeec8, 0xe665, 0xe666, 0xeea8, 0xee87, 0xe667, 0xee87, 0xee88, 0xe647, 0xde06,
0xe646, 0xee86, 0xe646, 0xe645, 0xe645, 0xd5e6, 0xee87, 0xee86, 0xde26, 0xee66, 0xe647, 0xe667, 0xee86, 0xde06, 0xd5a5, 0xb505,
0x7428, 0x7429, 0x230a, 0x12aa, 0x12aa, 0x12a9, 0x1289, 0x0a69, 0x1249, 0x1249, 0x22c8, 0x6409, 0x84a9, 0xce4a, 0xdecb, 0xdecb,
0xdecb, 0xdecb, 0xdeec, 0xdeec, 0xdeec, 0xdeec, 0xe6eb, 0xdeeb, 0xdeec, 0xe6ec, 0xe70b, 0xe70b, 0xe70b, 0xdf0a, 0xe72b, 0xe70b,
0xe70b, 0xe74c, 0xdeea, 0xd6aa, 0xdeea, 0xdf0a, 0xdeea, 0xdf0b, 0xdf0c, 0xef6c, 0xb649, 0x64a7, 0x4427, 0x3be9, 0x5449, 0x7509,
0x6ce8, 0x5ca8, 0x4429, 0x33c9, 0x2329, 0x1b09, 0x1ae9, 0x2b48, 0x3b68, 0x2b08, 0x1288, 0x3b88, 0xdf28, 0xd6e9, 0x74e8, 0x4c88,
0x64e7, 0x64e7, 0x64c8, 0x3bc9, 0x2b6a, 0x4429, 0x43e9, 0x230b, 0x22eb, 0x1aeb, 0x232b, 0x5c69, 0xb629, 0xa5c9, 0x6cc9, 0x5449,
0x6c6a, 0x740a, 0x73cc, 0x5b4b, 0x736a, 0xbc8c, 0xc48d, 0xcc8d, 0xdd70, 0xe5d0, 0xdd8d, 0xd58c, 0xddcc, 0xde8e, 0xd6ac, 0xce8b,
0xce8b, 0xe709, 0xdf08, 0xdf09, 0xdf09, 0xd709, 0xd6e9, 0xd709, 0xd6e8, 0xd6e8, 0xd6e8, 0xd6e8, 0xd6e8, 0xd6e8, 0xd6e8, 0xd6e8,
0xd6e8, 0xdf08, 0xd6e8, 0xd6e8, 0xdf08, 0xdf09, 0xdf09, 0xdf09, 0xdee9, 0xd6e9, 0xdee9, 0xdee9, 0xdee9, 0xd6e8, 0xd6e8, 0xd6e8,
0xd6e8, 0xd6e8, 0xd6e8, 0xd6e9, 0xdee9, 0xdf09, 0xdf09, 0xdee8, 0xd6e8, 0xd6e8, 0xd6e8, 0xd6e8, 0xd6e8, 0xd709, 0xd709, 0xd708,
0xd6e8, 0xd6e9, 0xd6e8, 0xd6e9, 0xd6e9, 0xdee8, 0xd6e8, 0xd6c8, 0xdec8, 0xd6c8, 0xd6a8, 0xd6a7, 0xd6a7, 0xd6c9, 0xd6c9, 0xcea8,

/* -61- */
0xeea6, 0xeec7, 0xeec7, 0xe688, 0xef09, 0x7d68, 0x4467, 0x8dc8, 0xa628, 0x5ca7, 0x5487, 0x4c69, 0x4c48, 0x33a8, 0x5468, 0xce48,
0xeea7, 0xeec6, 0xeee6, 0xff4a, 0xe6c6, 0xe6a5, 0xff49, 0xf707, 0xeee7, 0xeee8, 0xeec6, 0xf6e6, 0xf6e6, 0xff2a, 0xdee8, 0xdec7,
0xff29, 0xff29, 0xeec7, 0xd6a7, 0xf74a, 0xf74a, 0xe6a6, 0xf728, 0xeee9, 0xdea8, 0xf707, 0xeea6, 0xf6c6, 0xff49, 0xdee9, 0xe6c9,
0xf708, 0xff27, 0xeea7, 0xeea8, 0xff4a, 0xe6c8, 0xeec7, 0xeee7, 0xeec7, 0xf708, 0xeee8, 0xd666, 0xe6e8, 0xf72a, 0xe687, 0xeec7,
0xeec7, 0xee87, 0xeee8, 0xf709, 0xf709, 0xe6c7, 0xde65, 0xe6c8, 0xf72b, 0xeec8, 0xde85, 0xe6a6, 0xeea7, 0xe6a8, 0xe6c8, 0xeeea,
0xeea9, 0xde67, 0xef0b, 0xeee9, 0xe686, 0xe666, 0xde67, 0xdea9, 0xef0a, 0xdea7, 0xde25, 0xe646, 0xd646, 0xce67, 0xd6a7, 0xd666,
0xd646, 0xce26, 0xe6a7, 0xde45, 0xc5c5, 0xd606, 0xd606, 0xde67, 0xe6a8, 0xbde7, 0xc627, 0xce68, 0xdea8, 0xe686, 0xce06, 0xbe08,
0xc628, 0xce69, 0xd668, 0xcde7, 0xc5c6, 0xc5c7, 0xd626, 0xd606, 0xc5c6, 0xbda7, 0xc5e6, 0xce06, 0xbde7, 0xbde8, 0xc607, 0xbde7,
0xada8, 0xbe08, 0xc627, 0xa566, 0xad86, 0xbda6, 0xb587, 0xa567, 0xa568, 0x9528, 0x9568, 0x9d68, 0x9549, 0xb5c8, 0x8ce7, 0x8cc7,
0x94e6, 0x94e6, 0x9d07, 0x94c7, 0x9cc6, 0x9487, 0x8c87, 0x94a7, 0x9467, 0x9c86, 0x94a7, 0x9ce8, 0xace7, 0x9467, 0x8c46, 0x9ca6,
0x8c69, 0x842a, 0x63ab, 0x538b, 0x4b8b, 0x4b6b, 0x436b, 0x434b, 0x4b2a, 0x4b4a, 0x536a, 0x536a, 0x742b, 0xbdab, 0xbd6a, 0xb549,
0xb549, 0xb549, 0xbd6a, 0xc5ca, 0xc5a9, 0xc589, 0xc589, 0xce09, 0xce28, 0xb569, 0xb589, 0xbd89, 0xbd89, 0xcdc8, 0xbda9, 0xb5aa,
0xc58a, 0xcda9, 0xce0b, 0xd5ea, 0xcda9, 0xcda9, 0xc589, 0xcda9, 0xbd69, 0x8d29, 0x7d07, 0x5c87, 0x5c87, 0x4c09, 0x3ba8, 0x43e8,
0x4c28, 0x5c68, 0x3388, 0x2b08, 0x1ac8, 0x1ac8, 0x2b48, 0x2b28, 0x12a9, 0x12a9, 0x1ae9, 0x3ba9, 0x6488, 0x95a8, 0x7529, 0x54c8,
0x5488, 0x3c08, 0x43e9, 0x3bca, 0x2b6a, 0x2b6a, 0x230a, 0x1aca, 0x1a8a, 0x128a, 0x1aea, 0x33aa, 0x6489, 0xad2c, 0xad2c, 0xa4ad,
0xb48d, 0xc4ce, 0xd52e, 0xd52e, 0xcd2d, 0xd56e, 0xddce, 0xde0d, 0xd68e, 0xce6a, 0xce88, 0xd6c9, 0xd6ca, 0xd6ea, 0xdf0a, 0xdf09,
0xdf09, 0xdf09, 0xdf09, 0xd6e9, 0xd6e9, 0xd6e9, 0xd6e9, 0xd6e9, 0xd6e9, 0xd6e9, 0xd6e9, 0xd6e9, 0xd6e9, 0xd6ea, 0xd6e9, 0xd6e9,
0xd6e9, 0xd6ea, 0xd6ea, 0xd6e9, 0xd6ea, 0xd6e9, 0xdee9, 0xdee9, 0xdee9, 0xdeea, 0xdee9, 0xdee9, 0xd6e9, 0xd6e9, 0xdee9, 0xd6e9,
0xd6e9, 0xd6e9, 0xd6e9, 0xd6e9, 0xd709, 0xdf09, 0xd709, 0xd6e9, 0xd6e9, 0xd6e8, 0xd6e8, 0xd6e9, 0xd6e9, 0xd6e9, 0xd6e9, 0xd6e9,
0xd6e9, 0xd6e9, 0xd6e9, 0xd6e9, 0xd6c9, 0xd6c9, 0xcec9, 0xcec9, 0xcec9, 0xcec9, 0xcec9, 0xcec9, 0xcec8, 0xcec8, 0xc6a8, 0xcec9,
0xcec9, 0xcec9, 0xc6c9, 0xc6c9, 0xc6c9, 0xc6a8, 0xc6a8, 0xbea8, 0xbe88, 0xc668, 0xbe67, 0xc687, 0xc687, 0xc688, 0xcec9, 0xc6a8,
0xbe88, 0xcec8, 0xcec8, 0xd6e9, 0xcec9, 0xbe68, 0xcea8, 0xc667, 0xbe47, 0xbe67, 0xc668, 0xc668, 0xc688, 0xb647, 0xae07, 0xc668,
0xc68b, 0xceac, 0xbe49, 0xb628, 0xd6aa, 0xc669, 0xcea8, 0xdea8, 0xa5e8, 0xa5c8, 0xae08, 0xd6a8, 0xd6a8, 0xb608, 0xc668, 0xc668,
0xb5e8, 0xbe49, 0xe72d, 0xc668, 0xb5e6, 0xc647, 0xc668, 0xbe68, 0xb628, 0xb627, 0xbe68, 0xc668, 0xbe27, 0xbe26, 0xb5e6, 0xae07,
0xd6a8, 0xc667, 0xa607, 0xc668, 0xd6e9, 0xcea9, 0xc669, 0xbe49, 0xbe28, 0xb608, 0xbe27, 0xce26, 0xbe07, 0xbe48, 0xade7, 0xa5c7,
0xb607, 0xc647, 0xce87, 0xb608, 0xa5c7, 0xbe47, 0xbe47, 0xce68, 0xd689, 0xa5c6, 0xb627, 0xade7, 0xade8, 0xce89, 0xb5e7, 0xade7,
0xd666, 0xbe06, 0xc667, 0xbe68, 0xa5a6, 0xadc6, 0xc646, 0xbe26, 0x9da8, 0xb5e7, 0xbe27, 0xade9, 0xb607, 0xa5a6, 0x9d67, 0xb5a6,
0xce47, 0xb607, 0x8528, 0xa5c8, 0xbe27, 0xadc7, 0xa587, 0x9568, 0xa567, 0xbd85, 0x9d47, 0x7ce8, 0x9547, 0xadc7, 0x8508, 0x9d67,
0x9d68, 0x9528, 0xb5c7, 0x9547, 0x9527, 0x9d47, 0x9508, 0x8d28, 0x9527, 0x9d27, 0x9526, 0x8ce7, 0x7cc8, 0x8d07, 0x9527, 0xad66,
0x9d47, 0x84e9, 0x9548, 0xa587, 0x8507, 0x5c88, 0x6d08, 0x6d48, 0x54a9, 0x3c09, 0x3be9, 0x74a8, 0x7cc8, 0x8d2a, 0x8d2a, 0x8d28,
0x7d07, 0x64a7, 0x64c6, 0x5c67, 0x5426, 0x4c07, 0x43e7, 0x3bc8, 0x3388, 0x2b28, 0x3348, 0x2b29, 0x1a88, 0x1268, 0x22e8, 0x2328,
0x4c49, 0x95aa, 0x958a, 0x958a, 0x64c9, 0x54a8, 0x6509, 0x95e9, 0x7528, 0x5c87, 0x5447, 0x3ba9, 0x2b49, 0x2329, 0x3bca, 0x8d69,
0x8d49, 0x8549, 0x8549, 0x8529, 0x9dc8, 0xeee9, 0xf729, 0xf709, 0xf709, 0xf729, 0xef09, 0xff29, 0xff49, 0xff49, 0xff48, 0xff29,
0xff49, 0xff69, 0xff49, 0xff48, 0xff48, 0xff49, 0xff49, 0xff69, 0xff48, 0xff48, 0xff69, 0xff6a, 0xff6a, 0xff6a, 0xff6a, 0xff6a,
0xff4a, 0xff29, 0xff29, 0xf729, 0xf729, 0xf729, 0xf72a, 0xf729, 0xf729, 0xff49, 0xff49, 0xff29, 0xff29, 0xf728, 0xf728, 0xf728,
0xf728, 0xf728, 0xf74a, 0xf74a, 0xf749, 0xf74a, 0xf74a, 0xf74a, 0xf74a, 0xf729, 0xff4a, 0xff4a, 0xbe49, 0x95a8, 0x8568, 0xb629,
0xff89, 0xff49, 0xf729, 0xf72a, 0xf72a, 0xf72a, 0xf72a, 0xf74a, 0xf72b, 0xf72a, 0xf72a, 0xf72a, 0xf72a, 0xf72c, 0xf72b, 0xf729,
0xf729, 0xff4a, 0xff4c, 0xff4b, 0xff6c, 0xff4b, 0xff6c, 0xff6c, 0xff6c, 0xff6c, 0xff6b, 0xff4b, 0xff49, 0xff4a, 0xff49, 0xff29,
0xff29, 0xff4a, 0xff29, 0xff4a, 0xff49, 0xff4a, 0xff4c, 0xff4a, 0xff4b, 0xff4a, 0xff4a, 0xff6b, 0xff6c, 0xff4a, 0xff4a, 0xff4b,
0xff4a, 0xff4a, 0xff6c, 0xff49, 0xff49, 0xf74a, 0xff6b, 0xf72a, 0xf708, 0xff29, 0xf709, 0xef09, 0xf729, 0xff4a, 0xff6b, 0xf74a,
0xef29, 0xef2a, 0xf72a, 0xf707, 0xf728, 0xf729, 0xe6e7, 0xe708, 0xef29, 0xf729, 0xdf09, 0xe709, 0xdee8, 0xce68, 0xf72a, 0xf749,
0xce88, 0xd6a9, 0xff6d, 0xe6e7, 0xce64, 0xde87, 0xdea8, 0xef29, 0xe6e8, 0xe709, 0xef09, 0xce69, 0xe6c9, 0xff4a, 0xe6e8, 0xdea6,
0xf70a, 0xeee9, 0xde66, 0xdea7, 0xef2a, 0xef0a, 0xe686, 0xe6ea, 0xef2a, 0xde65, 0xde86, 0xd687, 0xdea9, 0xf729, 0xe6a6, 0xe6a6,
0xeee7, 0xeee8, 0xe6a7, 0xf728, 0xf708, 0xe6c7, 0xdea8, 0xeee8, 0xf708, 0xe685, 0xe6a5, 0xdec8, 0xe709, 0xf72b, 0xe6a7, 0xeee7,
0xe6e8, 0xdeea, 0xf72b, 0xeec7, 0xe686, 0xe6a7, 0xd6a8, 0xeeea, 0xff2b, 0xde65, 0xd685, 0xe6e8, 0xdec7, 0xe6c7, 0xe6c8, 0xe6a7,
0xeea6, 0xeec7, 0xeec7, 0xe688, 0xef09, 0x7d68, 0x4467, 0x8dc8, 0xa628, 0x5ca7, 0x5487, 0x4c69, 0x4c48, 0x33a8, 0x5468, 0xce48,
0xeea7, 0xeec6, 0xeee6, 0xff4a, 0xe6c6, 0xe6a5, 0xff49, 0xf707, 0xeee7, 0xeee8, 0xeec6, 0xf6e6, 0xf6e6, 0xff2a, 0xdee8, 0xdec7,
0xff29, 0xff29, 0xeec7, 0xd6a7, 0xf74a, 0xf74a, 0xe6a6, 0xf728, 0xeee9, 0xdea8, 0xf707, 0xeea6, 0xf6c6, 0xff49, 0xdee9, 0xe6c9,
0xf708, 0xff27, 0xeea7, 0xeea8, 0xff4a, 0xe6c8, 0xeec7, 0xeee7, 0xeec7, 0xf708, 0xeee8, 0xd666, 0xe6e8, 0xf72a, 0xe687, 0xeec7,
0xeec7, 0xee87, 0xeee8, 0xf709, 0xf709, 0xe6c7, 0xde65, 0xe6c8, 0xf72b, 0xeec8, 0xde85, 0xe6a6, 0xeea7, 0xe6a8, 0xe6c8, 0xeeea,
0xeea9, 0xde67, 0xef0b, 0xeee9, 0xe686, 0xe666, 0xde67, 0xdea9, 0xef0a, 0xdea7, 0xde25, 0xe646, 0xd646, 0xce67, 0xd6a7, 0xd666,
0xd646, 0xce26, 0xe6a7, 0xde45, 0xc5c5, 0xd606, 0xd606, 0xde67, 0xe6a8, 0xbde7, 0xc627, 0xce68, 0xdea8, 0xe686, 0xce06, 0xbe08,
0xc628, 0xce69, 0xd668, 0xcde7, 0xc5c6, 0xc5c7, 0xd626, 0xd606, 0xc5c6, 0xbda7, 0xc5e6, 0xce06, 0xbde7, 0xbde8, 0xc607, 0xbde7,
0xada8, 0xbe08, 0xc627, 0xa566, 0xad86, 0xbda6, 0xb587, 0xa567, 0xa568, 0x9528, 0x9568, 0x9d68, 0x9549, 0xb5c8, 0x8ce7, 0x8cc7,
0x94e6, 0x94e6, 0x9d07, 0x94c7, 0x9cc6, 0x9487, 0x8c87, 0x94a7, 0x9467, 0x9c86, 0x94a7, 0x9ce8, 0xace7, 0x9467, 0x8c46, 0x9ca6,
0x8c69, 0x842a, 0x63ab, 0x538b, 0x4b8b, 0x4b6b, 0x436b, 0x434b, 0x4b2a, 0x4b4a, 0x536a, 0x536a, 0x742b, 0xbdab, 0xbd6a, 0xb549,
0xb549, 0xb549, 0xbd6a, 0xc5ca, 0xc5a9, 0xc589, 0xc589, 0xce09, 0xce28, 0xb569, 0xb589, 0xbd89, 0xbd89, 0xcdc8, 0xbda9, 0xb5aa,
0xc58a, 0xcda9, 0xce0b, 0xd5ea, 0xcda9, 0xcda9, 0xc589, 0xcda9, 0xbd69, 0x8d29, 0x7d07, 0x5c87, 0x5c87, 0x4c09, 0x3ba8, 0x43e8,
0x4c28, 0x5c68, 0x3388, 0x2b08, 0x1ac8, 0x1ac8, 0x2b48, 0x2b28, 0x12a9, 0x12a9, 0x1ae9, 0x3ba9, 0x6488, 0x95a8, 0x7529, 0x54c8,
0x5488, 0x3c08, 0x43e9, 0x3bca, 0x2b6a, 0x2b6a, 0x230a, 0x1aca, 0x1a8a, 0x128a, 0x1aea, 0x33aa, 0x6489, 0xad2c, 0xad2c, 0xa4ad,
0xb48d, 0xc4ce, 0xd52e, 0xd52e, 0xcd2d, 0xd56e, 0xddce, 0xde0d, 0xd68e, 0xce6a, 0xce88, 0xd6c9, 0xd6ca, 0xd6ea, 0xdf0a, 0xdf09,
0xdf09, 0xdf09, 0xdf09, 0xd6e9, 0xd6e9, 0xd6e9, 0xd6e9, 0xd6e9, 0xd6e9, 0xd6e9, 0xd6e9, 0xd6e9, 0xd6e9, 0xd6ea, 0xd6e9, 0xd6e9,
0xd6e9, 0xd6ea, 0xd6ea, 0xd6e9, 0xd6ea, 0xd6e9, 0xdee9, 0xdee9, 0xdee9, 0xdeea, 0xdee9, 0xdee9, 0xd6e9, 0xd6e9, 0xdee9, 0xd6e9,
0xd6e9, 0xd6e9, 0xd6e9, 0xd6e9, 0xd709, 0xdf09, 0xd709, 0xd6e9, 0xd6e9, 0xd6e8, 0xd6e8, 0xd6e9, 0xd6e9, 0xd6e9, 0xd6e9, 0xd6e9,
0xd6e9, 0xd6e9, 0xd6e9, 0xd6e9, 0xd6c9, 0xd6c9, 0xcec9, 0xcec9, 0xcec9, 0xcec9, 0xcec9, 0xcec9, 0xcec8, 0xcec8, 0xc6a8, 0xcec9,

/* -62- */
0xd5e5, 0xd627, 0xde45, 0xce05, 0xadc6, 0x7d68, 0x64e8, 0x8dc8, 0x8d88, 0x5c67, 0x5447, 0x3ba8, 0x43c8, 0x43e8, 0x2b67, 0x5c67,
0xa566, 0xe663, 0xde44, 0xe686, 0xbde5, 0xada5, 0xd688, 0xd666, 0xd665, 0xce04, 0xd604, 0xd607, 0xce07, 0xf6c7, 0xade5, 0x9e06,
0xd646, 0xe626, 0xcde5, 0x8da6, 0xc668, 0xd646, 0xbd84, 0xdea7, 0xc626, 0xb5c4, 0xe665, 0xc585, 0xc5c5, 0xe6a6, 0xbdc6, 0xada6,
0xd645, 0xe6a6, 0xb5c7, 0xc5e5, 0xde85, 0xb5c5, 0xce44, 0xce45, 0xb5e5, 0xc626, 0xb5e6, 0xad84, 0xbe07, 0xbe49, 0xc5a3, 0xc5c4,
0xb566, 0xbd87, 0xd605, 0xc5e6, 0xc606, 0xc5e5, 0x9d87, 0xade8, 0xce48, 0xd625, 0xb585, 0xad86, 0xbdc5, 0xc5a4, 0xad86, 0xbe28,
0xd627, 0xb565, 0xbde7, 0xb5e6, 0xa5a5, 0xcda4, 0xbd64, 0x9568, 0xae08, 0xada5, 0xad86, 0xcd45, 0xb546, 0x9587, 0x95a6, 0x9d86,
0xad86, 0x9526, 0xada6, 0xb566, 0xad26, 0xad26, 0xad05, 0xbd86, 0xbdc7, 0xa547, 0xa567, 0x8d48, 0xada7, 0xce05, 0xb586, 0x8d08,
0x9d67, 0x9d88, 0x9507, 0xad46, 0xa506, 0x8cc8, 0xbda6, 0xb545, 0x94c6, 0x84e8, 0x9d48, 0xbd86, 0x8ce9, 0x8d2a, 0xa588, 0x8d29,
0x8529, 0x9569, 0x8529, 0x7489, 0x8ca7, 0x8ce8, 0x84c9, 0x6c69, 0x540a, 0x4c2b, 0x546a, 0x4c6a, 0x446a, 0x4c6a, 0x442a, 0x3c09,
0x2bea, 0x33ea, 0x33ea, 0x33ca, 0x33ca, 0x33ca, 0x33ab, 0x3baa, 0x3bca, 0x3bca, 0x43eb, 0x5c4b, 0x644b, 0x43eb, 0x4bec, 0x5beb,
0x8c6a, 0xbceb, 0xcd0b, 0xd52c, 0xcd2c, 0xd56e, 0xe630, 0xee30, 0xee0f, 0xe5ee, 0xe5ee, 0xe60d, 0xe60e, 0xe60e, 0xee0d, 0xddec,
0xd5ab, 0xd5ab, 0xddcc, 0xbd2b, 0xb50a, 0xc549, 0xbd0a, 0x9ceb, 0x94ea, 0x9c8a, 0xacea, 0xacea, 0xb4c9, 0xb48a, 0x7ccc, 0x8d0d,
0xd54b, 0xcceb, 0xacae, 0xb4ad, 0xbc8b, 0xbc8b, 0xbc8b, 0xa46b, 0x8c69, 0x6468, 0x64a7, 0x6ce7, 0x6ce7, 0x5448, 0x4c08, 0x4c09,
0x5469, 0x5cc8, 0x64a8, 0x6488, 0x5c48, 0x43a8, 0x3368, 0x2b48, 0x22e9, 0x1ae9, 0x1ae9, 0x2309, 0x2329, 0x4409, 0x5469, 0x4c89,
0x3bea, 0x338a, 0x338a, 0x2b4a, 0x232a, 0x230a, 0x1aca, 0x1aca, 0x32ca, 0x4ae9, 0x32c9, 0x22e9, 0x2308, 0x93ca, 0xc46b, 0xcc8c,
0xdd4e, 0xee51, 0xeeb1, 0xf6d1, 0xde6d, 0xce6b, 0xd6cb, 0xd70c, 0xd70a, 0xcee8, 0xd708, 0xd72a, 0xdf2b, 0xd70a, 0xd70a, 0xdf0a,
0xdf0a, 0xdf09, 0xdf0c, 0xdf0d, 0xdf0c, 0xdf0b, 0xdf0b, 0xdf2d, 0xdf0b, 0xdf0b, 0xdeeb, 0xdf0b, 0xd6ea, 0xdf0c, 0xdf0b, 0xdf2c,
0xdf2d, 0xdf2d, 0xdf0b, 0xd70b, 0xdf0c, 0xdf0b, 0xdf0b, 0xdf0b, 0xdeeb, 0xdf0b, 0xdf0a, 0xdf0c, 0xdf0a, 0xdf0b, 0xdeea, 0xdf0b,
0xd709, 0xdf0c, 0xdf2c, 0xdf09, 0xdf2a, 0xdf2c, 0xdf2d, 0xdf0c, 0xdf0b, 0xd709, 0xdf0a, 0xdeec, 0xd6ec, 0xdf0c, 0xd6eb, 0xdf0b,
0xd6ea, 0xdf0c, 0xdf0d, 0xdf2c, 0xdf0a, 0xd70a, 0xd70c, 0xd70c, 0xdf0b, 0xdf0b, 0xd70c, 0xd72c, 0xdf2b, 0xdf0a, 0xd70a, 0xd70b,
0xd70b, 0xd70b, 0xd72b, 0xd70a, 0xd70a, 0xd70a, 0xceea, 0xc6c9, 0xc6a8, 0xcea9, 0xcec9, 0xcec9, 0xcec9, 0xcec9, 0xc6a9, 0xbe89,
0xc6a9, 0xc6a8, 0xbe68, 0xbe68, 0xbe89, 0xb649, 0xae27, 0xb648, 0xa5e8, 0xae29, 0xb629, 0xade8, 0xb648, 0x95a8, 0x7d27, 0x9da6,
0x9d87, 0xade9, 0x9d67, 0x9526, 0xb5e7, 0x95a7, 0x9de7, 0xb627, 0x8d68, 0x8528, 0x7d08, 0xbe49, 0xbe69, 0x7d08, 0x9da8, 0x9da8,
0x8507, 0x9da7, 0xb66c, 0x9d88, 0x9506, 0xb5e7, 0xa588, 0x7ce8, 0x8567, 0x8d86, 0x8568, 0x7d29, 0x8548, 0xa546, 0x7ce7, 0x6ce8,
0x9da8, 0x9588, 0x7d08, 0x9588, 0x8d87, 0x9588, 0x9da8, 0x8509, 0x8528, 0x7d08, 0x7d08, 0xa587, 0x8d08, 0x74c9, 0x8528, 0x7cc8,
0x7ce7, 0x8527, 0xae08, 0x8d68, 0x7d08, 0x95a8, 0x8da8, 0xa5e9, 0xb5e8, 0x8527, 0x7d07, 0x8528, 0x8d48, 0x8508, 0x8507, 0x7ce8,
0x9d68, 0x9509, 0x9569, 0x8528, 0x6ca8, 0x7ce8, 0x9d68, 0x8d29, 0x5c6b, 0x8d49, 0x9d68, 0x74cb, 0x74eb, 0x6c6a, 0x8489, 0x9508,
0x8508, 0x64a8, 0x6489, 0x8529, 0x8d49, 0x852a, 0x7d0a, 0x5c6c, 0x748b, 0x9ce8, 0x6c4a, 0x442c, 0x4c4c, 0x444c, 0x442b, 0x546c,
0x64ad, 0x64ad, 0x74cc, 0x64ac, 0x544c, 0x646b, 0x74ab, 0x43ed, 0x4c0c, 0x642c, 0x642c, 0x850c, 0x5c6d, 0x3b8c, 0x4bac, 0x53cc,
0x5bec, 0x4c2c, 0x4c4c, 0x7529, 0xa608, 0x9e09, 0x7529, 0x7569, 0x5cc9, 0x4449, 0x4449, 0x3bea, 0x12ea, 0x646a, 0x850a, 0x5c6a,
0x3bc9, 0x64c8, 0x6cc7, 0x5447, 0x7d07, 0x6ca8, 0x4408, 0x3389, 0x2b29, 0x43e9, 0x6ce8, 0x3bc8, 0x1ac9, 0x22c9, 0x4ba7, 0x3369,
0x2329, 0x6c8b, 0xffae, 0xef4d, 0x8d69, 0x64c8, 0x5ca9, 0x64e9, 0x6d08, 0x5468, 0x3ba8, 0x3389, 0x2b29, 0x1ac8, 0x5409, 0xff8b,
0xff6a, 0xff49, 0xff6a, 0xff6b, 0xff6b, 0xff4a, 0xff4a, 0xff4b, 0xff4b, 0xff4a, 0xff6b, 0xff4a, 0xff4a, 0xff4a, 0xff4a, 0xff49,
0xff6a, 0xff4a, 0xff29, 0xff29, 0xf729, 0xff29, 0xff29, 0xf729, 0xff4a, 0xff4a, 0xff4a, 0xff4b, 0xff2a, 0xff4a, 0xff4b, 0xff4b,
0xff4b, 0xff4b, 0xff4b, 0xff29, 0xff2a, 0xff4a, 0xff4a, 0xff4a, 0xf74a, 0xf729, 0xf729, 0xf729, 0xf729, 0xf729, 0xf729, 0xf729,
0xf729, 0xf728, 0xf728, 0xf729, 0xf729, 0xf729, 0xf729, 0xf729, 0xf709, 0xef09, 0xbe69, 0xae29, 0x7d68, 0x64c7, 0x4c47, 0x6ca8,
0xa5e9, 0xc669, 0xf74a, 0xf72a, 0xf72a, 0xf72a, 0xf74a, 0xf74b, 0xf72b, 0xf72c, 0xf74b, 0xf729, 0xff4b, 0xff4e, 0xf72b, 0xf72a,
0xff4a, 0xf72a, 0xf72c, 0xff4b, 0xff4b, 0xff4b, 0xff4b, 0xff6e, 0xff6e, 0xff4a, 0xff6b, 0xff6b, 0xff4a, 0xff49, 0xf708, 0xf728,
0xef08, 0xf708, 0xff27, 0xf6e8, 0xeee8, 0xf72a, 0xef0a, 0xf729, 0xf72a, 0xeee9, 0xe6c7, 0xf709, 0xef09, 0xd687, 0xe6e8, 0xeee7,
0xd666, 0xdea7, 0xf728, 0xef07, 0xd687, 0xce67, 0xd6c8, 0xdee8, 0xd6a7, 0xce68, 0xce67, 0xd666, 0xce67, 0xd687, 0xdec7, 0xbe26,
0xc667, 0xcec8, 0xd6a7, 0xce45, 0xce44, 0xce65, 0xbe26, 0xb606, 0xce86, 0xdea6, 0xae06, 0xcea7, 0xc646, 0x9525, 0xd664, 0xce86,
0x9566, 0xadc5, 0xf6c6, 0xc624, 0x8da5, 0xa5a4, 0xc5a4, 0xb627, 0x9dc7, 0xc666, 0xce66, 0x94e5, 0xc5c6, 0xe6a7, 0xada5, 0xa585,
0xd647, 0xce06, 0xb545, 0xb5a5, 0xd686, 0xbe07, 0xad65, 0xade8, 0xc64a, 0xc583, 0xa566, 0x9d66, 0xb5c7, 0xd667, 0xada5, 0xb5e6,
0xce26, 0xce26, 0xbd84, 0xce44, 0xce64, 0xadc5, 0xad85, 0xd605, 0xde04, 0xbdc4, 0xce23, 0xa5a4, 0xb628, 0xce6a, 0xcda4, 0xd605,
0x9da5, 0xade6, 0xd668, 0xcdc5, 0xde04, 0xbde5, 0x9dc6, 0xd688, 0xde88, 0xb5a5, 0x9d85, 0xa5a5, 0xbde6, 0xbe07, 0xc5c5, 0xc5c4,
0xd5e5, 0xd627, 0xde45, 0xce05, 0xadc6, 0x7d68, 0x64e8, 0x8dc8, 0x8d88, 0x5c67, 0x5447, 0x3ba8, 0x43c8, 0x43e8, 0x2b67, 0x5c67,
0xa566, 0xe663, 0xde44, 0xe686, 0xbde5, 0xada5, 0xd688, 0xd666, 0xd665, 0xce04, 0xd604, 0xd607, 0xce07, 0xf6c7, 0xade5, 0x9e06,
0xd646, 0xe626, 0xcde5, 0x8da6, 0xc668, 0xd646, 0xbd84, 0xdea7, 0xc626, 0xb5c4, 0xe665, 0xc585, 0xc5c5, 0xe6a6, 0xbdc6, 0xada6,
0xd645, 0xe6a6, 0xb5c7, 0xc5e5, 0xde85, 0xb5c5, 0xce44, 0xce45, 0xb5e5, 0xc626, 0xb5e6, 0xad84, 0xbe07, 0xbe49, 0xc5a3, 0xc5c4,
0xb566, 0xbd87, 0xd605, 0xc5e6, 0xc606, 0xc5e5, 0x9d87, 0xade8, 0xce48, 0xd625, 0xb585, 0xad86, 0xbdc5, 0xc5a4, 0xad86, 0xbe28,
0xd627, 0xb565, 0xbde7, 0xb5e6, 0xa5a5, 0xcda4, 0xbd64, 0x9568, 0xae08, 0xada5, 0xad86, 0xcd45, 0xb546, 0x9587, 0x95a6, 0x9d86,
0xad86, 0x9526, 0xada6, 0xb566, 0xad26, 0xad26, 0xad05, 0xbd86, 0xbdc7, 0xa547, 0xa567, 0x8d48, 0xada7, 0xce05, 0xb586, 0x8d08,
0x9d67, 0x9d88, 0x9507, 0xad46, 0xa506, 0x8cc8, 0xbda6, 0xb545, 0x94c6, 0x84e8, 0x9d48, 0xbd86, 0x8ce9, 0x8d2a, 0xa588, 0x8d29,
0x8529, 0x9569, 0x8529, 0x7489, 0x8ca7, 0x8ce8, 0x84c9, 0x6c69, 0x540a, 0x4c2b, 0x546a, 0x4c6a, 0x446a, 0x4c6a, 0x442a, 0x3c09,
0x2bea, 0x33ea, 0x33ea, 0x33ca, 0x33ca, 0x33ca, 0x33ab, 0x3baa, 0x3bca, 0x3bca, 0x43eb, 0x5c4b, 0x644b, 0x43eb, 0x4bec, 0x5beb,
0x8c6a, 0xbceb, 0xcd0b, 0xd52c, 0xcd2c, 0xd56e, 0xe630, 0xee30, 0xee0f, 0xe5ee, 0xe5ee, 0xe60d, 0xe60e, 0xe60e, 0xee0d, 0xddec,
0xd5ab, 0xd5ab, 0xddcc, 0xbd2b, 0xb50a, 0xc549, 0xbd0a, 0x9ceb, 0x94ea, 0x9c8a, 0xacea, 0xacea, 0xb4c9, 0xb48a, 0x7ccc, 0x8d0d,
0xd54b, 0xcceb, 0xacae, 0xb4ad, 0xbc8b, 0xbc8b, 0xbc8b, 0xa46b, 0x8c69, 0x6468, 0x64a7, 0x6ce7, 0x6ce7, 0x5448, 0x4c08, 0x4c09,
0x5469, 0x5cc8, 0x64a8, 0x6488, 0x5c48, 0x43a8, 0x3368, 0x2b48, 0x22e9, 0x1ae9, 0x1ae9, 0x2309, 0x2329, 0x4409, 0x5469, 0x4c89,
0x3bea, 0x338a, 0x338a, 0x2b4a, 0x232a, 0x230a, 0x1aca, 0x1aca, 0x32ca, 0x4ae9, 0x32c9, 0x22e9, 0x2308, 0x93ca, 0xc46b, 0xcc8c,
0xdd4e, 0xee51, 0xeeb1, 0xf6d1, 0xde6d, 0xce6b, 0xd6cb, 0xd70c, 0xd70a, 0xcee8, 0xd708, 0xd72a, 0xdf2b, 0xd70a, 0xd70a, 0xdf0a,
0xdf0a, 0xdf09, 0xdf0c, 0xdf0d, 0xdf0c, 0xdf0b, 0xdf0b, 0xdf2d, 0xdf0b, 0xdf0b, 0xdeeb, 0xdf0b, 0xd6ea, 0xdf0c, 0xdf0b, 0xdf2c,
0xdf2d, 0xdf2d, 0xdf0b, 0xd70b, 0xdf0c, 0xdf0b, 0xdf0b, 0xdf0b, 0xdeeb, 0xdf0b, 0xdf0a, 0xdf0c, 0xdf0a, 0xdf0b, 0xdeea, 0xdf0b,
0xd709, 0xdf0c, 0xdf2c, 0xdf09, 0xdf2a, 0xdf2c, 0xdf2d, 0xdf0c, 0xdf0b, 0xd709, 0xdf0a, 0xdeec, 0xd6ec, 0xdf0c, 0xd6eb, 0xdf0b,
0xd6ea, 0xdf0c, 0xdf0d, 0xdf2c, 0xdf0a, 0xd70a, 0xd70c, 0xd70c, 0xdf0b, 0xdf0b, 0xd70c, 0xd72c, 0xdf2b, 0xdf0a, 0xd70a, 0xd70b,

/* -63- */
0xa507, 0x84ab, 0xd606, 0xc5e6, 0x4be8, 0x3bc8, 0x4c28, 0x7528, 0x7507, 0x5c68, 0x4c07, 0x22e7, 0x1267, 0x2b28, 0x5408, 0x2329,
0x4bc9, 0xc5c6, 0xc5a5, 0xad26, 0x9d07, 0xa546, 0x7c88, 0x9d07, 0xa567, 0x8d07, 0xbd66, 0x9469, 0x8c88, 0xdda4, 0x9d66, 0x7d08,
0x7c48, 0xa446, 0xace5, 0x64c7, 0x8ce6, 0x8c87, 0x8468, 0xa527, 0x9527, 0xbdc6, 0xcdc5, 0x7429, 0x7c68, 0xc5c6, 0xad67, 0x6c69,
0x9d08, 0xb587, 0x646b, 0x8ce9, 0x7c87, 0x94a7, 0xcd64, 0x9d06, 0x84c7, 0x8ce7, 0x7ca8, 0xad45, 0x8ce7, 0x5c6a, 0xb524, 0xa4e6,
0x6beb, 0x8c68, 0xcd65, 0x8cc8, 0x6c89, 0x9d06, 0x646a, 0x7ca9, 0x8ca7, 0xc584, 0xa507, 0x540a, 0x94c8, 0xcd65, 0x6c69, 0x5c6a,
0xb547, 0xc587, 0x7cc9, 0x5c49, 0x6489, 0xb526, 0x9ca6, 0x5c29, 0x6c89, 0x9527, 0x6488, 0xbce6, 0xb4e6, 0x7ca8, 0x5429, 0x6c48,
0x6c29, 0x6c6a, 0x648a, 0x644a, 0x6429, 0x6c09, 0x7428, 0x7448, 0x5c29, 0x7c68, 0x7c68, 0x6449, 0x6449, 0x7469, 0x7449, 0x5c09,
0x6caa, 0x5c2a, 0x4baa, 0x4b89, 0x4b89, 0x438a, 0x5c09, 0x7447, 0x5be8, 0x3bab, 0x43cb, 0x63e9, 0x5bca, 0x53cb, 0x4bab, 0x438b,
0x5beb, 0x5c0b, 0x43ac, 0x6409, 0x8447, 0x538a, 0x5baa, 0x84ca, 0xa5cb, 0xadeb, 0xb60b, 0xbe2a, 0xb62a, 0xa5ea, 0xc649, 0xc649,
0xc649, 0xc649, 0xc649, 0xc649, 0xc649, 0xc649, 0xc649, 0xc649, 0xce6a, 0xce6a, 0xc66a, 0xce8a, 0xce8a, 0xce8b, 0xbe6b, 0xbe6a,
0xce69, 0xce69, 0xce49, 0xce69, 0xce4a, 0xce6a, 0xd68a, 0xd66b, 0xce6a, 0xc629, 0xc649, 0xd68a, 0xb64a, 0xde6c, 0xce6b, 0xbe69,
0xdeca, 0xd6a9, 0xd669, 0xbe2a, 0xc648, 0xdea7, 0xd669, 0xb60b, 0xb60b, 0xcea9, 0xd688, 0xd6a8, 0xd668, 0x9d4b, 0x856c, 0xb62b,
0xe669, 0xcd8a, 0x948c, 0x948c, 0xa4cb, 0xa4cb, 0x9ccc, 0x53ca, 0x3ba8, 0x5c88, 0x5c87, 0x5c87, 0x64c7, 0x5c88, 0x64c8, 0x3348,
0x2329, 0x3388, 0x5448, 0x6487, 0x43a8, 0x1ac8, 0x1aa8, 0x2b28, 0x3ba8, 0x2309, 0x22e9, 0x1a68, 0x1268, 0x4be8, 0x5408, 0x4b89,
0x3b2a, 0x3b2a, 0x432a, 0x32ca, 0x2aca, 0x2aea, 0x2aea, 0x22ca, 0x7bab, 0xbc2b, 0xb42b, 0xac2b, 0xac2b, 0xccac, 0xddaf, 0xd60d,
0xc609, 0xc64a, 0xe6ec, 0xe6cb, 0xdeea, 0xd6ea, 0xd6e9, 0xdf0b, 0xdf2c, 0xd709, 0xd6e8, 0xd6e8, 0xd6e8, 0xdee9, 0xd6e9, 0xd6e8,
0xdee9, 0xdee8, 0xdee9, 0xdee9, 0xd6c8, 0xd6c7, 0xd6c8, 0xdf0c, 0xdee9, 0xd6c6, 0xdeea, 0xdeeb, 0xd6c7, 0xcea7, 0xcea6, 0xd6c7,
0xdf0a, 0xdf0a, 0xd6e8, 0xd6c7, 0xd6c8, 0xdee8, 0xdeea, 0xdee9, 0xd6c7, 0xd6a6, 0xd6c8, 0xdec9, 0xd6c8, 0xdf09, 0xcea8, 0xbe88,
0xcea7, 0xd6e9, 0xd6c9, 0xd6c8, 0xcec8, 0xdf0a, 0xdf0b, 0xcec9, 0xcec8, 0xd6e8, 0xdee9, 0xdee9, 0xd6e8, 0xd6e9, 0xdee9, 0xdeea,
0xcea7, 0xdeea, 0xe70c, 0xdf09, 0xcea6, 0xd6c8, 0xd6a8, 0xcea9, 0xd6c8, 0xdee8, 0xc689, 0xbeaa, 0xdf0a, 0xdee9, 0xb648, 0xc6a9,
0xdf09, 0xcea7, 0xd6c8, 0xc667, 0xade7, 0xdf08, 0xcea8, 0xbe47, 0xc687, 0xb607, 0xc667, 0xcea8, 0xbe48, 0xbe47, 0x9dc8, 0xae07,
0xb647, 0xade7, 0xb606, 0x9da7, 0x9da7, 0x9d87, 0x9567, 0x9da6, 0x8527, 0x8528, 0x9588, 0x9da7, 0x9d87, 0x74c8, 0x8507, 0xa5a5,
0xa586, 0x9507, 0xa525, 0xa506, 0x9d46, 0x9586, 0x8d67, 0x8d47, 0x9587, 0x9dc7, 0x9568, 0x9586, 0x9dc6, 0x84e8, 0x84e7, 0x84e7,
0x7c87, 0xa586, 0x6c89, 0x8ce8, 0xcdc6, 0xbd47, 0x9c68, 0x7429, 0x6c69, 0x7488, 0x6409, 0x5bea, 0x8469, 0x9c88, 0x744a, 0x6c6a,
0x7c69, 0x7c49, 0x7c8a, 0x746a, 0x7469, 0x6c2a, 0x6c2a, 0x7c88, 0x6c69, 0x6c4a, 0x6c4b, 0x7c69, 0x742a, 0x5bca, 0x6c4a, 0x84c9,
0x642a, 0x53cb, 0x53eb, 0x6c6a, 0x7ce9, 0x5bc9, 0x53aa, 0x7c8a, 0x84a9, 0x53e9, 0x3b8a, 0x84ea, 0x9529, 0x438b, 0x438a, 0x3b8a,
0x5bea, 0x848a, 0x4bab, 0x438a, 0x4baa, 0x4baa, 0x4baa, 0x4bca, 0x4bcb, 0x4bab, 0x53ca, 0x642b, 0x3bac, 0x642b, 0x7c49, 0x5bca,
0x4bca, 0x53e9, 0x5c0a, 0x5c0b, 0x53ec, 0x6c6c, 0x8d0b, 0x53ed, 0x5bed, 0x5bcd, 0x6c4d, 0x9d8c, 0x7ccc, 0x6c8d, 0xce6c, 0x8cec,
0x6c4e, 0x748e, 0x6c6e, 0x8d0e, 0x7cce, 0x8d0c, 0x9d6b, 0x546e, 0x850d, 0xd64a, 0xc60a, 0xa58c, 0x950d, 0x84ad, 0x8c8d, 0x9ccc,
0xa50c, 0x5c4b, 0x4409, 0x7d28, 0x8da8, 0x95c8, 0x95e9, 0x6d28, 0x4c69, 0x442a, 0x33ca, 0x2b49, 0x1288, 0x956c, 0xe74d, 0xb629,
0x3bc8, 0x5c68, 0x4c07, 0x4c08, 0x6ce7, 0x4c28, 0x3bc9, 0x5cc8, 0x3bc9, 0x43a8, 0x5c67, 0x3388, 0x1aa9, 0x1aa9, 0x22e9, 0x1aa9,
0x0a29, 0x4349, 0xf72b, 0x74a7, 0x7ce7, 0x8d67, 0x5448, 0x43c8, 0x43e8, 0x3368, 0x1ac9, 0x1ae9, 0x12c9, 0x5c09, 0xce29, 0x7468,
0xef0a, 0xff8b, 0xff6c, 0xff6c, 0xff6d, 0xff8e, 0xff6d, 0xff6d, 0xff8e, 0xf74c, 0xff8e, 0xff6c, 0xff6c, 0xff8e, 0xff8e, 0xff8e,
0xff8c, 0xff6a, 0xff6e, 0xff8e, 0xff4a, 0xff6d, 0xff6d, 0xff6c, 0xff8e, 0xff8d, 0xff8f, 0xff8f, 0xff6d, 0xff6d, 0xff6d, 0xff6e,
0xff8e, 0xff6c, 0xff6e, 0xff6c, 0xff6d, 0xff6c, 0xff4b, 0xff6d, 0xf76d, 0xf74b, 0xf76c, 0xf74b, 0xf74c, 0xff6c, 0xff6c, 0xf74a,
0xf76b, 0xf74a, 0xf74b, 0xf74b, 0xf74a, 0xf74a, 0xf74a, 0xf72a, 0xf72a, 0xef0a, 0x7548, 0x6d47, 0x7568, 0x7568, 0x64c8, 0x4c28,
0x2b68, 0x9da8, 0xe729, 0xf72a, 0xf74a, 0xf74b, 0xf72a, 0xf729, 0xf72a, 0xef09, 0xf729, 0xff49, 0xf74a, 0xf72b, 0xeee7, 0xf708,
0xff6b, 0xef08, 0xdec8, 0xef09, 0xeec5, 0xef0a, 0xe6c7, 0xeee9, 0xef09, 0xd664, 0xe6c6, 0xeee8, 0xeee9, 0xe6e8, 0xd665, 0xe6c7,
0xc647, 0xce47, 0xf707, 0xc647, 0xce47, 0xdea7, 0xc605, 0xd666, 0xd687, 0xbe26, 0xbe26, 0xbe26, 0xce67, 0xbe06, 0xb606, 0xc646,
0xada5, 0xb5c5, 0xd646, 0xbdc6, 0x8ca7, 0x9d06, 0xb627, 0xcea7, 0xb608, 0x84e7, 0xa587, 0xce06, 0xa567, 0xa567, 0x9d66, 0x8506,
0x9547, 0xae07, 0xc647, 0x8ce7, 0x9d46, 0xad85, 0x9546, 0x8d07, 0xa527, 0xa506, 0x8ce7, 0xbda7, 0xb527, 0x8c67, 0xad26, 0x7ca7,
0xa566, 0xbd86, 0xc565, 0x8ce7, 0x64a8, 0x84a7, 0xcd46, 0x7cc9, 0x5c49, 0xb5c6, 0x9d46, 0xa4e6, 0xc546, 0xb526, 0x4be8, 0x8ca7,
0x9487, 0x9ca6, 0xb4a5, 0xa506, 0xad86, 0x6cc8, 0x6448, 0x74c9, 0x8ce7, 0xd5a4, 0x7488, 0x6429, 0x94e7, 0xa4e5, 0x6c68, 0xa567,
0xad07, 0xace6, 0xc545, 0x6ca8, 0x9d87, 0x7ca8, 0x7489, 0xdd86, 0x94c7, 0x646a, 0xb5a7, 0x74c8, 0x7ce8, 0x9d07, 0xe5a6, 0xb506,
0x3be9, 0x9528, 0xb568, 0x7c28, 0xdd85, 0x84c7, 0x64a8, 0xb587, 0x8c87, 0xb545, 0x7ca7, 0x3bea, 0xb567, 0x9ce7, 0x9ca6, 0xc544,
0xa507, 0x84ab, 0xd606, 0xc5e6, 0x4be8, 0x3bc8, 0x4c28, 0x7528, 0x7507, 0x5c68, 0x4c07, 0x22e7, 0x1267, 0x2b28, 0x5408, 0x2329,
0x4bc9, 0xc5c6, 0xc5a5, 0xad26, 0x9d07, 0xa546, 0x7c88, 0x9d07, 0xa567, 0x8d07, 0xbd66, 0x9469, 0x8c88, 0xdda4, 0x9d66, 0x7d08,
0x7c48, 0xa446, 0xace5, 0x64c7, 0x8ce6, 0x8c87, 0x8468, 0xa527, 0x9527, 0xbdc6, 0xcdc5, 0x7429, 0x7c68, 0xc5c6, 0xad67, 0x6c69,
0x9d08, 0xb587, 0x646b, 0x8ce9, 0x7c87, 0x94a7, 0xcd64, 0x9d06, 0x84c7, 0x8ce7, 0x7ca8, 0xad45, 0x8ce7, 0x5c6a, 0xb524, 0xa4e6,
0x6beb, 0x8c68, 0xcd65, 0x8cc8, 0x6c89, 0x9d06, 0x646a, 0x7ca9, 0x8ca7, 0xc584, 0xa507, 0x540a, 0x94c8, 0xcd65, 0x6c69, 0x5c6a,
0xb547, 0xc587, 0x7cc9, 0x5c49, 0x6489, 0xb526, 0x9ca6, 0x5c29, 0x6c89, 0x9527, 0x6488, 0xbce6, 0xb4e6, 0x7ca8, 0x5429, 0x6c48,
0x6c29, 0x6c6a, 0x648a, 0x644a, 0x6429, 0x6c09, 0x7428, 0x7448, 0x5c29, 0x7c68, 0x7c68, 0x6449, 0x6449, 0x7469, 0x7449, 0x5c09,
0x6caa, 0x5c2a, 0x4baa, 0x4b89, 0x4b89, 0x438a, 0x5c09, 0x7447, 0x5be8, 0x3bab, 0x43cb, 0x63e9, 0x5bca, 0x53cb, 0x4bab, 0x438b,
0x5beb, 0x5c0b, 0x43ac, 0x6409, 0x8447, 0x538a, 0x5baa, 0x84ca, 0xa5cb, 0xadeb, 0xb60b, 0xbe2a, 0xb62a, 0xa5ea, 0xc649, 0xc649,
0xc649, 0xc649, 0xc649, 0xc649, 0xc649, 0xc649, 0xc649, 0xc649, 0xce6a, 0xce6a, 0xc66a, 0xce8a, 0xce8a, 0xce8b, 0xbe6b, 0xbe6a,
0xce69, 0xce69, 0xce49, 0xce69, 0xce4a, 0xce6a, 0xd68a, 0xd66b, 0xce6a, 0xc629, 0xc649, 0xd68a, 0xb64a, 0xde6c, 0xce6b, 0xbe69,
0xdeca, 0xd6a9, 0xd669, 0xbe2a, 0xc648, 0xdea7, 0xd669, 0xb60b, 0xb60b, 0xcea9, 0xd688, 0xd6a8, 0xd668, 0x9d4b, 0x856c, 0xb62b,
0xe669, 0xcd8a, 0x948c, 0x948c, 0xa4cb, 0xa4cb, 0x9ccc, 0x53ca, 0x3ba8, 0x5c88, 0x5c87, 0x5c87, 0x64c7, 0x5c88, 0x64c8, 0x3348,
0x2329, 0x3388, 0x5448, 0x6487, 0x43a8, 0x1ac8, 0x1aa8, 0x2b28, 0x3ba8, 0x2309, 0x22e9, 0x1a68, 0x1268, 0x4be8, 0x5408, 0x4b89,
0x3b2a, 0x3b2a, 0x432a, 0x32ca, 0x2aca, 0x2aea, 0x2aea, 0x22ca, 0x7bab, 0xbc2b, 0xb42b, 0xac2b, 0xac2b, 0xccac, 0xddaf, 0xd60d,
0xc609, 0xc64a, 0xe6ec, 0xe6cb, 0xdeea, 0xd6ea, 0xd6e9, 0xdf0b, 0xdf2c, 0xd709, 0xd6e8, 0xd6e8, 0xd6e8, 0xdee9, 0xd6e9, 0xd6e8,
0xdee9, 0xdee8, 0xdee9, 0xdee9, 0xd6c8, 0xd6c7, 0xd6c8, 0xdf0c, 0xdee9, 0xd6c6, 0xdeea, 0xdeeb, 0xd6c7, 0xcea7, 0xcea6, 0xd6c7,
0xdf0a, 0xdf0a, 0xd6e8, 0xd6c7, 0xd6c8, 0xdee8, 0xdeea, 0xdee9, 0xd6c7, 0xd6a6, 0xd6c8, 0xdec9, 0xd6c8, 0xdf09, 0xcea8, 0xbe88,
0xcea7, 0xd6e9, 0xd6c9, 0xd6c8, 0xcec8, 0xdf0a, 0xdf0b, 0xcec9, 0xcec8, 0xd6e8, 0xdee9, 0xdee9, 0xd6e8, 0xd6e9, 0xdee9, 0xdeea,
0xcea7, 0xdeea, 0xe70c, 0xdf09, 0xcea6, 0xd6c8, 0xd6a8, 0xcea9, 0xd6c8, 0xdee8, 0xc689, 0xbeaa, 0xdf0a, 0xdee9, 0xb648, 0xc6a9,

/* -64- */
0x5bca, 0x53eb, 0x5c2a, 0x5c49, 0x4be8, 0x3388, 0x3368, 0x64a8, 0x64a8, 0x3369, 0x2b28, 0x3388, 0x2b48, 0x1289, 0x12a9, 0x1ae9,
0x230a, 0x3b29, 0x7428, 0x63c9, 0x5baa, 0x5bc9, 0x5ba9, 0x63c9, 0x5bc9, 0x53e9, 0x63c8, 0x6b89, 0x6ba9, 0x63c8, 0x4bc9, 0x4ba9,
0x5b69, 0x6b48, 0x5368, 0x43a8, 0x5368, 0x5368, 0x5389, 0x5bc9, 0x53c9, 0x53e8, 0x5be8, 0x53ca, 0x53e9, 0x6428, 0x5c09, 0x53c9,
0x5c09, 0x6409, 0x4389, 0x4b89, 0x6ba8, 0x7ba7, 0x93a6, 0x4b48, 0x3349, 0x4b89, 0x4b89, 0x63e9, 0x5be9, 0x43aa, 0x4ba9, 0x5389,
0x4b8a, 0x5baa, 0x5bc9, 0x4bc9, 0x43ea, 0x4be9, 0x4beb, 0x53ea, 0x5bea, 0x5be9, 0x53c9, 0x43aa, 0x53ca, 0x63e9, 0x4389, 0x3ba9,
0x6409, 0x6c29, 0x53ea, 0x4bea, 0x6429, 0x5c09, 0x53e9, 0x4be9, 0x4be9, 0x4bc9, 0x4ba9, 0x5bc9, 0x53c9, 0x3baa, 0x43c9, 0x6c29,
0x8488, 0x6c69, 0x440b, 0x4c2a, 0x84e8, 0x84c9, 0x7489, 0x6c8a, 0x5c6b, 0x6c49, 0x6c49, 0x5c4a, 0x5c4a, 0x5c2b, 0x540b, 0x4bea,
0x542a, 0x8d49, 0xbe28, 0xada8, 0x84e8, 0x5c4a, 0x8529, 0xc648, 0xb5e9, 0x9d89, 0x9549, 0xada8, 0xb5c8, 0xadc9, 0xada9, 0xadc9,
0xade9, 0xb60a, 0xadeb, 0xade9, 0xb5c9, 0xadaa, 0xa5aa, 0xc64b, 0xd6cb, 0xd6cb, 0xd6ca, 0xdeea, 0xdeea, 0xd6aa, 0xdec8, 0xdec8,
0xe6c8, 0xdec8, 0xdec8, 0xdec8, 0xdec8, 0xe6c8, 0xe6e8, 0xe6c7, 0xef08, 0xe709, 0xe6e9, 0xe6e8, 0xe6c7, 0xef0a, 0xdee9, 0xd6c7,
0xdee9, 0xdee9, 0xcee8, 0xcee8, 0xd6e9, 0xd6e7, 0xd6e7, 0xc6a8, 0xc6a8, 0xcee9, 0xcec8, 0xcec8, 0xbea9, 0xcec9, 0xcec9, 0xc6c8,
0xcee8, 0xd6e8, 0xd6e8, 0xcec8, 0xcec8, 0xd6c8, 0xd6e8, 0xd6e8, 0xd709, 0xd6e9, 0xcec8, 0xdf08, 0xd6e8, 0xc688, 0xcec8, 0xd6e8,
0xd6e9, 0xd6e8, 0xd6c8, 0xd6c8, 0xd6c9, 0xdf0a, 0x8d4a, 0x43c8, 0x4408, 0x3be8, 0x33a8, 0x2b08, 0x2b08, 0x43e8, 0x6d07, 0x3b87,
0x0a07, 0x1aa6, 0x5427, 0x5447, 0x3368, 0x0a68, 0x0a48, 0x2309, 0x3bc9, 0x2b69, 0x1ac9, 0x1289, 0x22a8, 0x4368, 0x8cc8, 0xace9,
0xbc8c, 0xc48d, 0xbc6c, 0xb42c, 0xb42c, 0xb42c, 0xb42c, 0xb44c, 0xb46d, 0xb46c, 0xd52f, 0xddd0, 0xd5ee, 0xd60d, 0xc60c, 0xce6a,
0xbe67, 0xc667, 0xc688, 0xc688, 0xbe68, 0xbe68, 0xc687, 0xcea8, 0xcec9, 0xb627, 0xce87, 0xbe46, 0xce86, 0xd6c7, 0xae06, 0xbe47,
0xce87, 0xc645, 0xce85, 0xd6a6, 0xc666, 0xae27, 0xbe66, 0xc666, 0xce87, 0xb647, 0xc687, 0xce86, 0xb646, 0xb646, 0xb626, 0xae27,
0xbe65, 0xc665, 0x9e08, 0xc688, 0xcea8, 0xce86, 0xc665, 0xa5e6, 0xb626, 0xd6c7, 0xb628, 0xb5e8, 0xbe06, 0xce86, 0xc668, 0x9e09,
0xb646, 0xbe66, 0xb627, 0xa608, 0xb649, 0xd6c6, 0xcea5, 0xa5e8, 0xae08, 0xbe67, 0xcea8, 0xc666, 0xb606, 0x9dc7, 0xcea8, 0xc688,
0xb625, 0xbe45, 0x9dc7, 0xa5e7, 0xbe46, 0xb626, 0xae05, 0xa5e6, 0xb625, 0xa5c6, 0x8567, 0x8d86, 0xade5, 0xa5e6, 0x9587, 0x8d47,
0xadc6, 0xa586, 0x84e9, 0x84e9, 0x8d28, 0x9d88, 0x9568, 0x74c9, 0x7d0a, 0x8d69, 0x8529, 0x7d09, 0x7d09, 0x74a9, 0x5c29, 0x6468,
0x5c28, 0x6448, 0x6ca8, 0x5c69, 0x5c69, 0x53e9, 0x6408, 0x5c07, 0x43a8, 0x43a8, 0x53c8, 0x63e8, 0x63e8, 0x5389, 0x5389, 0x5bca,
0x7429, 0x6bea, 0x6bca, 0x6bca, 0x63ca, 0x63ca, 0x5baa, 0x5baa, 0x63c9, 0x5ba9, 0x5b8a, 0x63ca, 0x63ca, 0x63ab, 0x63ab, 0x63aa,
0x638a, 0x7be8, 0x536a, 0x4b4a, 0x6369, 0x6b6a, 0x738a, 0x5b6a, 0x4b4b, 0x4b4b, 0x4b2b, 0x534b, 0x634b, 0x636b, 0x638c, 0x638c,
0x636c, 0x6b8b, 0x63ab, 0x5bcc, 0x63cc, 0x5b8c, 0x63ac, 0x8cca, 0x748b, 0x640c, 0x63ec, 0x6bec, 0x6bcc, 0x6bec, 0x848c, 0x952c,
0x9d4c, 0x9d6c, 0x950c, 0x952b, 0xadaa, 0xa4ec, 0xa50c, 0xa50c, 0x94cc, 0x8ccb, 0x84ab, 0xa54a, 0x9d29, 0x84ea, 0x9d69, 0x9d69,
0xadca, 0xbe2a, 0xa5cb, 0xadca, 0xb609, 0xadca, 0xadea, 0xadeb, 0xa5cb, 0xadca, 0xadea, 0xb60a, 0xb60b, 0xbe2b, 0xbe2a, 0xb62a,
0xb60a, 0xb60a, 0xb60b, 0xb62c, 0xb62c, 0xb64c, 0xc68c, 0xbe4d, 0xbe2c, 0xbe4c, 0xc64b, 0xce8a, 0xc66a, 0xc66b, 0xdeea, 0xceab,
0xc66d, 0xc66c, 0xc66d, 0xcecd, 0xd6cd, 0xceac, 0xcecc, 0xceac, 0xceab, 0xd6c9, 0xd6c9, 0xd6ca, 0xd6ca, 0xd6ab, 0xce8a, 0xd68a,
0xdecc, 0x9dcb, 0x5469, 0x4408, 0x4428, 0x7529, 0x7528, 0x33a8, 0x33e8, 0x2329, 0x1289, 0x3b69, 0x2b29, 0x1aa8, 0x9d6a, 0xdf2b,
0x3388, 0x4408, 0x4c48, 0x4c48, 0x4408, 0x2b89, 0x33c9, 0x64e7, 0x3348, 0x1a88, 0x1a88, 0x1a88, 0x1288, 0x1268, 0x1228, 0x1228,
0x1248, 0x1aa8, 0x5428, 0x5467, 0x5ca7, 0x7527, 0x7d27, 0x3ba8, 0x22e8, 0x22e8, 0x3b87, 0x3bc8, 0x2b49, 0x2329, 0x2329, 0x0268,
0x53e8, 0xd669, 0xff6a, 0xf709, 0xff29, 0xf6e8, 0xff4e, 0xeec7, 0xe686, 0xf76d, 0xf709, 0xf6a4, 0xf6c7, 0xff4e, 0xeec7, 0xf709,
0xf708, 0xf6c6, 0xff4d, 0xf70a, 0xe685, 0xf709, 0xf709, 0xf6e7, 0xff4b, 0xf6e7, 0xf6e8, 0xff2b, 0xf6e8, 0xf6e7, 0xff4c, 0xff4d,
0xf6e7, 0xf6c6, 0xf70a, 0xf74b, 0xf729, 0xf6e6, 0xf6c5, 0xf72a, 0xef08, 0xe6c6, 0xf74b, 0xef2a, 0xe6e7, 0xe6e7, 0xe6c6, 0xf729,
0xf74a, 0xf74b, 0xf74b, 0xf729, 0xef08, 0xf74a, 0xff8b, 0xb66a, 0x7d68, 0xcec9, 0xae49, 0x85a8, 0x6d07, 0x6d07, 0x5cc8, 0x33a8,
0x2b48, 0xae49, 0x5c88, 0x7ce8, 0xf749, 0xeee9, 0xdec7, 0xd686, 0xdea8, 0xd687, 0xdec7, 0xeee8, 0xce66, 0xce66, 0xbe47, 0xc667,
0xeee6, 0xd685, 0xa5e6, 0xce87, 0xdea5, 0xb5e5, 0xa5a6, 0xbde5, 0xbde5, 0xce25, 0xada5, 0xb585, 0xbe07, 0x95a8, 0xce25, 0xce26,
0xad86, 0xb5c6, 0xc626, 0x9da7, 0xa5c7, 0xb5a6, 0xb5a5, 0x9506, 0xa5c8, 0xb5e7, 0xa5a7, 0x84e7, 0x8cc7, 0xa566, 0xa566, 0x9506,
0x8c86, 0x94e6, 0x9d06, 0x84a7, 0x9cc7, 0x8426, 0x8ca6, 0xc606, 0x9507, 0x6c49, 0x9d26, 0xbd85, 0x7c88, 0x5c29, 0xadc7, 0x74a7,
0x8c87, 0xb527, 0x8ca8, 0x5ba9, 0x84a7, 0x8ce6, 0x6c48, 0x53c9, 0x63c9, 0x7389, 0x6b69, 0x6ba8, 0x6388, 0x5b68, 0x5ba8, 0x5ba8,
0x6bc7, 0x7be7, 0x63c8, 0x53a9, 0x53a8, 0x6bc8, 0x9be6, 0x5ba9, 0x3b69, 0x5bc8, 0x63e8, 0x63e8, 0x6be8, 0x5bc8, 0x3369, 0x63e8,
0x73e9, 0x5ba9, 0x63c8, 0x53c8, 0x43e8, 0x4be8, 0x5c07, 0x4be8, 0x53e8, 0x5be8, 0x6429, 0x7c88, 0x5be9, 0x5be8, 0x4bc9, 0x5be9,
0x63c9, 0x63c9, 0x53a9, 0x33a9, 0x6c28, 0x7428, 0x6429, 0x6c08, 0x53c8, 0x43c9, 0x5c08, 0x53e8, 0x5c08, 0x6408, 0x6c28, 0x63e8,
0x4bc9, 0x5be8, 0x6bc8, 0x5b89, 0x6ba8, 0x63e8, 0x5c08, 0x5be8, 0x5bc8, 0x63e8, 0x53c8, 0x4bc9, 0x7c48, 0x6408, 0x53e8, 0x63c8,
0x5bca, 0x53eb, 0x5c2a, 0x5c49, 0x4be8, 0x3388, 0x3368, 0x64a8, 0x64a8, 0x3369, 0x2b28, 0x3388, 0x2b48, 0x1289, 0x12a9, 0x1ae9,
0x230a, 0x3b29, 0x7428, 0x63c9, 0x5baa, 0x5bc9, 0x5ba9, 0x63c9, 0x5bc9, 0x53e9, 0x63c8, 0x6b89, 0x6ba9, 0x63c8, 0x4bc9, 0x4ba9,
0x5b69, 0x6b48, 0x5368, 0x43a8, 0x5368, 0x5368, 0x5389, 0x5bc9, 0x53c9, 0x53e8, 0x5be8, 0x53ca, 0x53e9, 0x6428, 0x5c09, 0x53c9,
0x5c09, 0x6409, 0x4389, 0x4b89, 0x6ba8, 0x7ba7, 0x93a6, 0x4b48, 0x3349, 0x4b89, 0x4b89, 0x63e9, 0x5be9, 0x43aa, 0x4ba9, 0x5389,
0x4b8a, 0x5baa, 0x5bc9, 0x4bc9, 0x43ea, 0x4be9, 0x4beb, 0x53ea, 0x5bea, 0x5be9, 0x53c9, 0x43aa, 0x53ca, 0x63e9, 0x4389, 0x3ba9,
0x6409, 0x6c29, 0x53ea, 0x4bea, 0x6429, 0x5c09, 0x53e9, 0x4be9, 0x4be9, 0x4bc9, 0x4ba9, 0x5bc9, 0x53c9, 0x3baa, 0x43c9, 0x6c29,
0x8488, 0x6c69, 0x440b, 0x4c2a, 0x84e8, 0x84c9, 0x7489, 0x6c8a, 0x5c6b, 0x6c49, 0x6c49, 0x5c4a, 0x5c4a, 0x5c2b, 0x540b, 0x4bea,
0x542a, 0x8d49, 0xbe28, 0xada8, 0x84e8, 0x5c4a, 0x8529, 0xc648, 0xb5e9, 0x9d89, 0x9549, 0xada8, 0xb5c8, 0xadc9, 0xada9, 0xadc9,
0xade9, 0xb60a, 0xadeb, 0xade9, 0xb5c9, 0xadaa, 0xa5aa, 0xc64b, 0xd6cb, 0xd6cb, 0xd6ca, 0xdeea, 0xdeea, 0xd6aa, 0xdec8, 0xdec8,
0xe6c8, 0xdec8, 0xdec8, 0xdec8, 0xdec8, 0xe6c8, 0xe6e8, 0xe6c7, 0xef08, 0xe709, 0xe6e9, 0xe6e8, 0xe6c7, 0xef0a, 0xdee9, 0xd6c7,
0xdee9, 0xdee9, 0xcee8, 0xcee8, 0xd6e9, 0xd6e7, 0xd6e7, 0xc6a8, 0xc6a8, 0xcee9, 0xcec8, 0xcec8, 0xbea9, 0xcec9, 0xcec9, 0xc6c8,
0xcee8, 0xd6e8, 0xd6e8, 0xcec8, 0xcec8, 0xd6c8, 0xd6e8, 0xd6e8, 0xd709, 0xd6e9, 0xcec8, 0xdf08, 0xd6e8, 0xc688, 0xcec8, 0xd6e8,
0xd6e9, 0xd6e8, 0xd6c8, 0xd6c8, 0xd6c9, 0xdf0a, 0x8d4a, 0x43c8, 0x4408, 0x3be8, 0x33a8, 0x2b08, 0x2b08, 0x43e8, 0x6d07, 0x3b87,
0x0a07, 0x1aa6, 0x5427, 0x5447, 0x3368, 0x0a68, 0x0a48, 0x2309, 0x3bc9, 0x2b69, 0x1ac9, 0x1289, 0x22a8, 0x4368, 0x8cc8, 0xace9,
0xbc8c, 0xc48d, 0xbc6c, 0xb42c, 0xb42c, 0xb42c, 0xb42c, 0xb44c, 0xb46d, 0xb46c, 0xd52f, 0xddd0, 0xd5ee, 0xd60d, 0xc60c, 0xce6a,
0xbe67, 0xc667, 0xc688, 0xc688, 0xbe68, 0xbe68, 0xc687, 0xcea8, 0xcec9, 0xb627, 0xce87, 0xbe46, 0xce86, 0xd6c7, 0xae06, 0xbe47,
0xce87, 0xc645, 0xce85, 0xd6a6, 0xc666, 0xae27, 0xbe66, 0xc666, 0xce87, 0xb647, 0xc687, 0xce86, 0xb646, 0xb646, 0xb626, 0xae27,
0xbe65, 0xc665, 0x9e08, 0xc688, 0xcea8, 0xce86, 0xc665, 0xa5e6, 0xb626, 0xd6c7, 0xb628, 0xb5e8, 0xbe06, 0xce86, 0xc668, 0x9e09,
0xb646, 0xbe66, 0xb627, 0xa608, 0xb649, 0xd6c6, 0xcea5, 0xa5e8, 0xae08, 0xbe67, 0xcea8, 0xc666, 0xb606, 0x9dc7, 0xcea8, 0xc688,
0xb625, 0xbe45, 0x9dc7, 0xa5e7, 0xbe46, 0xb626, 0xae05, 0xa5e6, 0xb625, 0xa5c6, 0x8567, 0x8d86, 0xade5, 0xa5e6, 0x9587, 0x8d47,

/* -65- */
0x7cca, 0x7ccb, 0x74aa, 0x5c29, 0x43e8, 0x33a8, 0x33c8, 0x33c8, 0x2ba8, 0x3389, 0x2b68, 0x2b68, 0x1ac8, 0x0228, 0x0a68, 0x1aa8,
0x1a89, 0x1268, 0x4349, 0x7c4a, 0x844a, 0x7c2a, 0x844a, 0x7c2b, 0x742b, 0x7c6b, 0x7c4b, 0x8c4b, 0x842b, 0x6c2b, 0x644b, 0x6c4b,
0x744b, 0x7c4b, 0x746b, 0x6c6a, 0x6c2a, 0x6c4b, 0x746b, 0x6c6b, 0x646b, 0x646b, 0x646b, 0x6c8b, 0x6cab, 0x646b, 0x644a, 0x6c6a,
0x6c8a, 0x6c6b, 0x6c8b, 0x6c6a, 0x7c89, 0x8469, 0x8448, 0x6c49, 0x644a, 0x646a, 0x748a, 0x7caa, 0x74ca, 0x74cb, 0x74cb, 0x74cb,
0x7ceb, 0x850a, 0x7cea, 0x7cea, 0x7d0a, 0x852b, 0x852b, 0x852b, 0x7d0b, 0x7ceb, 0x7d0b, 0x7d0b, 0x850a, 0x850a, 0x7cea, 0x7d09,
0x850a, 0x852a, 0x8d4a, 0x8d4a, 0x956a, 0x956a, 0x8d6a, 0x8d6a, 0x8d4a, 0x854a, 0x8d4b, 0x8d4b, 0x854b, 0x854a, 0x9589, 0xb609,
0xce49, 0xbe49, 0x8dab, 0x95eb, 0xd6c9, 0xd6c9, 0xce8a, 0xbe6a, 0xb64b, 0xc649, 0xc629, 0xbe49, 0xbe6a, 0xbe6a, 0xbe4a, 0xb62a,
0xb629, 0xcec9, 0xdf29, 0xdf09, 0xcec9, 0xbe8a, 0xcec9, 0xe728, 0xdf29, 0xd70a, 0xd6ea, 0xdf08, 0xdf09, 0xdf0a, 0xdf09, 0xdf28,
0xdf29, 0xdf29, 0xdf29, 0xdf09, 0xdf08, 0xdf09, 0xe709, 0xe729, 0xe709, 0xe709, 0xe709, 0xe709, 0xe6ea, 0xe70a, 0xe6e8, 0xe6e8,
0xe6e9, 0xe6e8, 0xe6e9, 0xe6e9, 0xe6e9, 0xe6e8, 0xe6e8, 0xe6e8, 0xe6e7, 0xe708, 0xe709, 0xe6e9, 0xe6e8, 0xe6e8, 0xe6e8, 0xdee8,
0xe709, 0xe709, 0xe708, 0xe709, 0xe70a, 0xe709, 0xe709, 0xe6e9, 0xdee9, 0xe709, 0xdee8, 0xdf08, 0xe708, 0xdf08, 0xdf08, 0xdf08,
0xdf08, 0xdf08, 0xdf08, 0xdf08, 0xdf08, 0xdf08, 0xdf08, 0xdf08, 0xdf08, 0xdf08, 0xdf08, 0xdf08, 0xdf08, 0xdee8, 0xd6e8, 0xd6e9,
0xd6e9, 0xdee9, 0xd6e9, 0xd6e8, 0xdee9, 0xdf09, 0xceca, 0xbea9, 0x5c87, 0x2ba8, 0x3c08, 0x4408, 0x3bc8, 0x5ca8, 0x5467, 0x2b48,
0x1aa8, 0x2b47, 0x3b87, 0x2b08, 0x1aa8, 0x1288, 0x2328, 0x2b48, 0x1ae8, 0x1ae9, 0x1aa9, 0x1289, 0x1aa9, 0x3309, 0x2ae8, 0x4309,
0xb4ed, 0xc4ee, 0xdd4e, 0xee11, 0xee11, 0xedf0, 0xf631, 0xf652, 0xf652, 0xee73, 0xee53, 0xc58c, 0xa5a7, 0xa5c7, 0x9dc7, 0x8569,
0x8d68, 0x9da7, 0x8d68, 0x8548, 0x8548, 0x8528, 0x8d67, 0x8d88, 0x8588, 0x8d88, 0x95c8, 0x8589, 0x95c8, 0xa5e7, 0x8548, 0x8d67,
0x8d48, 0x9587, 0x95a7, 0x95a7, 0x9dc8, 0x7d48, 0x8568, 0x8d87, 0x8d67, 0x8547, 0x8d67, 0x9da7, 0x8567, 0x8588, 0x8d88, 0x7d49,
0x9567, 0x9566, 0x6d09, 0x8d69, 0x9d68, 0x8d27, 0x8d07, 0x7ce7, 0x7d08, 0x9568, 0x84e9, 0x7ca9, 0x9507, 0x9568, 0x8569, 0x6d2a,
0x8528, 0x8d28, 0x8529, 0x7d2a, 0x856a, 0x9568, 0x9567, 0x8528, 0x7d28, 0x7d28, 0x9568, 0x8d07, 0x84e7, 0x7d08, 0x8568, 0x8d88,
0x8527, 0x84e7, 0x84c8, 0x74e8, 0x7509, 0x7d08, 0x7ce7, 0x6ca8, 0x7508, 0x74c8, 0x6488, 0x7ca7, 0x84c7, 0x74a8, 0x7ce9, 0x7cc8,
0x84c7, 0x7c67, 0x53c9, 0x6409, 0x84a8, 0x7c88, 0x6429, 0x6409, 0x6c4a, 0x84ca, 0x7c8a, 0x642a, 0x642a, 0x640a, 0x5bc9, 0x53c9,
0x5369, 0x5ba8, 0x6408, 0x5c0a, 0x5c0a, 0x638a, 0x73aa, 0x73ea, 0x63eb, 0x6beb, 0x6bcb, 0x73ab, 0x7bcb, 0x740b, 0x6beb, 0x740b,
0x742b, 0x742b, 0x7c6b, 0x7c6c, 0x7c4c, 0x7c6b, 0x7c4a, 0x846a, 0x8c8a, 0x8cab, 0x8cab, 0x8c8c, 0x8c8c, 0x94cc, 0x94ec, 0x94eb,
0x9d0b, 0xa54b, 0x950b, 0x8ceb, 0x8cca, 0x8ceb, 0xb5ca, 0xb5ea, 0xb5ca, 0xb5ca, 0xbdca, 0xbdca, 0xbdea, 0xc60a, 0xc60b, 0xc62a,
0xc60a, 0xc60a, 0xbe4b, 0xbe4b, 0xbe2a, 0xc64a, 0xce8a, 0xce89, 0xce89, 0xce8a, 0xc66a, 0xce6a, 0xc66a, 0xc64b, 0xc68a, 0xc68a,
0xd6ea, 0xdeea, 0xceaa, 0xce8b, 0xceab, 0xd6cc, 0xdeec, 0xce8c, 0xc64c, 0xc66a, 0xc66a, 0xc66a, 0xc66a, 0xceaa, 0xd6e9, 0xd6e9,
0xd6e9, 0xd6ea, 0xd6ea, 0xd6e9, 0xd6e9, 0xdf09, 0xdf09, 0xdf0a, 0xdeea, 0xdee9, 0xdee9, 0xd6ea, 0xdeea, 0xdee9, 0xdee9, 0xdf09,
0xdf09, 0xdf09, 0xdf09, 0xdf0a, 0xdf0a, 0xdf0a, 0xdf0a, 0xdf0b, 0xdf0b, 0xdf0a, 0xdf09, 0xdee9, 0xdee9, 0xdee9, 0xd6ca, 0xdf0a,
0xdf0a, 0xdf0a, 0xdf0a, 0xdf2c, 0xdf4b, 0xdf2b, 0xdf2b, 0xdf2a, 0xdf0a, 0xd70a, 0xdf0a, 0xdf2b, 0xdf2b, 0xdf2a, 0xdf29, 0xd6e9,
0x7d68, 0x7548, 0x64a8, 0x3bc8, 0x2b68, 0x4408, 0x5448, 0x3bc8, 0x3bc8, 0x2b29, 0x1aa9, 0x22c9, 0x1ac9, 0x0a89, 0x5448, 0x9dc9,
0x6ce8, 0x5cc8, 0x3c09, 0x2b6a, 0x232a, 0x2349, 0x33c9, 0x4428, 0x22e8, 0x1249, 0x1269, 0x1268, 0x1248, 0x1248, 0x22c8, 0x1a88,
0x3b88, 0x6ca8, 0x64c8, 0x5cc8, 0x4c68, 0x54a8, 0x6508, 0x33a9, 0x1ac9, 0x2b08, 0x4c07, 0x3388, 0x1aa8, 0x0a68, 0x0a68, 0x2307,
0x0a67, 0x9d46, 0xe6c5, 0xde64, 0xde64, 0xd644, 0xe6c8, 0xde24, 0xb583, 0xd667, 0xe686, 0xd5c2, 0xde23, 0xeea7, 0xd625, 0xde44,
0xde24, 0xd624, 0xe6a7, 0xde66, 0xcde3, 0xd603, 0xde44, 0xee84, 0xe664, 0xde24, 0xde44, 0xde45, 0xe665, 0xde23, 0xde66, 0xe687,
0xde44, 0xde44, 0xe686, 0xde65, 0xd624, 0xde43, 0xde44, 0xe6a6, 0xd646, 0xc625, 0xd665, 0xde86, 0xde85, 0xce64, 0xbe04, 0xd685,
0xd665, 0xde85, 0xe6c8, 0xd645, 0xce25, 0xd686, 0xd686, 0x8d88, 0x54a6, 0x6d07, 0x8588, 0x95c7, 0x7d07, 0x5447, 0x3ba8, 0x2b28,
0x2328, 0x2b48, 0x2307, 0x5c67, 0xadc7, 0xa586, 0xb5c5, 0xb5a5, 0xada6, 0xadc7, 0xada6, 0xbde5, 0xbe06, 0xb5e6, 0xa5c7, 0x9588,
0xade8, 0x9da7, 0x8527, 0xa5e7, 0xadc6, 0x9d46, 0x9d26, 0x9526, 0x9d25, 0xa565, 0x8cc5, 0x9cc4, 0x84e7, 0x7529, 0xa586, 0xad66,
0x84a7, 0x8ce8, 0xa587, 0x74e8, 0x7d09, 0xa588, 0x8ce7, 0x6c27, 0x6c88, 0x6c88, 0x6448, 0x7468, 0x6c07, 0x63e7, 0x6407, 0x63e7,
0x7428, 0x6c28, 0x5409, 0x5c08, 0x5c08, 0x53a8, 0x5be8, 0x6c47, 0x5be8, 0x4be9, 0x6c68, 0x7c87, 0x4bc9, 0x3bca, 0x5c89, 0x4c49,
0x9cc8, 0xb4e7, 0x6be9, 0x4b2a, 0x63c8, 0x84c7, 0x84e8, 0x7caa, 0x744a, 0x8c4a, 0x9489, 0x6c69, 0x6c69, 0x7469, 0x6c68, 0x7ca8,
0x7cc8, 0x7cc9, 0x6caa, 0x74ea, 0x7ce9, 0x8cc9, 0xa4e8, 0x850a, 0x64cb, 0x74c9, 0x74e9, 0x74e9, 0x74ea, 0x74ea, 0x750a, 0x7d2b,
0x7d0a, 0x74eb, 0x74ea, 0x6cea, 0x6cea, 0x852a, 0x854a, 0x7d0b, 0x750a, 0x74eb, 0xa5cb, 0xbe29, 0x7d0b, 0x6ceb, 0x6ceb, 0x74ea,
0x7cca, 0x74ca, 0x74cb, 0x6ccb, 0x850a, 0x8d0a, 0x850a, 0x74ea, 0x6caa, 0x6caa, 0x6caa, 0x74ea, 0x74ea, 0x6ccb, 0x6ccb, 0x74cb,
0x7d0b, 0x74eb, 0x74ab, 0x74ab, 0x748b, 0x84eb, 0x852a, 0x74cb, 0x6cab, 0x6cab, 0x74cb, 0x850b, 0x850b, 0x6ccc, 0x6ccc, 0x6ccc,
0x7cca, 0x7ccb, 0x74aa, 0x5c29, 0x43e8, 0x33a8, 0x33c8, 0x33c8, 0x2ba8, 0x3389, 0x2b68, 0x2b68, 0x1ac8, 0x0228, 0x0a68, 0x1aa8,
0x1a89, 0x1268, 0x4349, 0x7c4a, 0x844a, 0x7c2a, 0x844a, 0x7c2b, 0x742b, 0x7c6b, 0x7c4b, 0x8c4b, 0x842b, 0x6c2b, 0x644b, 0x6c4b,
0x744b, 0x7c4b, 0x746b, 0x6c6a, 0x6c2a, 0x6c4b, 0x746b, 0x6c6b, 0x646b, 0x646b, 0x646b, 0x6c8b, 0x6cab, 0x646b, 0x644a, 0x6c6a,
0x6c8a, 0x6c6b, 0x6c8b, 0x6c6a, 0x7c89, 0x8469, 0x8448, 0x6c49, 0x644a, 0x646a, 0x748a, 0x7caa, 0x74ca, 0x74cb, 0x74cb, 0x74cb,
0x7ceb, 0x850a, 0x7cea, 0x7cea, 0x7d0a, 0x852b, 0x852b, 0x852b, 0x7d0b, 0x7ceb, 0x7d0b, 0x7d0b, 0x850a, 0x850a, 0x7cea, 0x7d09,
0x850a, 0x852a, 0x8d4a, 0x8d4a, 0x956a, 0x956a, 0x8d6a, 0x8d6a, 0x8d4a, 0x854a, 0x8d4b, 0x8d4b, 0x854b, 0x854a, 0x9589, 0xb609,
0xce49, 0xbe49, 0x8dab, 0x95eb, 0xd6c9, 0xd6c9, 0xce8a, 0xbe6a, 0xb64b, 0xc649, 0xc629, 0xbe49, 0xbe6a, 0xbe6a, 0xbe4a, 0xb62a,
0xb629, 0xcec9, 0xdf29, 0xdf09, 0xcec9, 0xbe8a, 0xcec9, 0xe728, 0xdf29, 0xd70a, 0xd6ea, 0xdf08, 0xdf09, 0xdf0a, 0xdf09, 0xdf28,
0xdf29, 0xdf29, 0xdf29, 0xdf09, 0xdf08, 0xdf09, 0xe709, 0xe729, 0xe709, 0xe709, 0xe709, 0xe709, 0xe6ea, 0xe70a, 0xe6e8, 0xe6e8,
0xe6e9, 0xe6e8, 0xe6e9, 0xe6e9, 0xe6e9, 0xe6e8, 0xe6e8, 0xe6e8, 0xe6e7, 0xe708, 0xe709, 0xe6e9, 0xe6e8, 0xe6e8, 0xe6e8, 0xdee8,
0xe709, 0xe709, 0xe708, 0xe709, 0xe70a, 0xe709, 0xe709, 0xe6e9, 0xdee9, 0xe709, 0xdee8, 0xdf08, 0xe708, 0xdf08, 0xdf08, 0xdf08,
0xdf08, 0xdf08, 0xdf08, 0xdf08, 0xdf08, 0xdf08, 0xdf08, 0xdf08, 0xdf08, 0xdf08, 0xdf08, 0xdf08, 0xdf08, 0xdee8, 0xd6e8, 0xd6e9,
0xd6e9, 0xdee9, 0xd6e9, 0xd6e8, 0xdee9, 0xdf09, 0xceca, 0xbea9, 0x5c87, 0x2ba8, 0x3c08, 0x4408, 0x3bc8, 0x5ca8, 0x5467, 0x2b48,
0x1aa8, 0x2b47, 0x3b87, 0x2b08, 0x1aa8, 0x1288, 0x2328, 0x2b48, 0x1ae8, 0x1ae9, 0x1aa9, 0x1289, 0x1aa9, 0x3309, 0x2ae8, 0x4309,
0xb4ed, 0xc4ee, 0xdd4e, 0xee11, 0xee11, 0xedf0, 0xf631, 0xf652, 0xf652, 0xee73, 0xee53, 0xc58c, 0xa5a7, 0xa5c7, 0x9dc7, 0x8569,
0x8d68, 0x9da7, 0x8d68, 0x8548, 0x8548, 0x8528, 0x8d67, 0x8d88, 0x8588, 0x8d88, 0x95c8, 0x8589, 0x95c8, 0xa5e7, 0x8548, 0x8d67,
0x8d48, 0x9587, 0x95a7, 0x95a7, 0x9dc8, 0x7d48, 0x8568, 0x8d87, 0x8d67, 0x8547, 0x8d67, 0x9da7, 0x8567, 0x8588, 0x8d88, 0x7d49,
0x9567, 0x9566, 0x6d09, 0x8d69, 0x9d68, 0x8d27, 0x8d07, 0x7ce7, 0x7d08, 0x9568, 0x84e9, 0x7ca9, 0x9507, 0x9568, 0x8569, 0x6d2a,
0x8528, 0x8d28, 0x8529, 0x7d2a, 0x856a, 0x9568, 0x9567, 0x8528, 0x7d28, 0x7d28, 0x9568, 0x8d07, 0x84e7, 0x7d08, 0x8568, 0x8d88,
0x8527, 0x84e7, 0x84c8, 0x74e8, 0x7509, 0x7d08, 0x7ce7, 0x6ca8, 0x7508, 0x74c8, 0x6488, 0x7ca7, 0x84c7, 0x74a8, 0x7ce9, 0x7cc8,

/* -66- */
0xdf2a, 0xdf2b, 0x9dca, 0x43c7, 0x3b87, 0x7508, 0x4c49, 0x4408, 0x43c8, 0x12c9, 0x3ba9, 0x3348, 0x5c29, 0x748a, 0x22a8, 0x0a48,
0x3b49, 0x748a, 0x952a, 0xa5ab, 0xa5cc, 0xe6cc, 0xe6cb, 0xde8c, 0xd68c, 0xde8c, 0xdeac, 0xe6cd, 0xdecc, 0xdecc, 0xdecc, 0xdecc,
0xdecb, 0xdeec, 0xdeed, 0xdeca, 0xdeea, 0xdf0a, 0xdf0a, 0xdf0b, 0xdf0b, 0xdf2c, 0xdf2b, 0xdf0b, 0xdf0b, 0xdeeb, 0xd6cb, 0xd6cb,
0xd6cb, 0xd6cb, 0xdf0b, 0xdf0a, 0xd6e9, 0xdee9, 0xdee9, 0xdf09, 0xdf08, 0xdf08, 0xe709, 0xe729, 0xe729, 0xe729, 0xe729, 0xe728,
0xe728, 0xe728, 0xe728, 0xe728, 0xe729, 0xe729, 0xe729, 0xe729, 0xe729, 0xdf29, 0xdf08, 0xdf08, 0xdf08, 0xdf08, 0xdf08, 0xdf09,
0xe709, 0xe709, 0xe729, 0xe729, 0xe729, 0xe729, 0xe729, 0xe729, 0xe729, 0xe729, 0xe729, 0xe729, 0xe729, 0xe729, 0xe728, 0xe708,
0xdf08, 0xdf08, 0xe729, 0xe728, 0xdee8, 0xdf08, 0xdf08, 0xdf08, 0xdf08, 0xdf08, 0xe708, 0xdf08, 0xdf08, 0xdf08, 0xe708, 0xdf08,
0xe728, 0xdee8, 0xd6e9, 0xd6e9, 0xd709, 0xdf29, 0xdf08, 0xd6e9, 0xd70a, 0xd70a, 0xd70a, 0xd6e9, 0xd6e9, 0xd70c, 0xd70a, 0xdf09,
0xdf0a, 0xd70a, 0xd70b, 0xd70a, 0xdee9, 0xd6eb, 0xd70b, 0xdf0b, 0xdf0b, 0xdf0b, 0xdf0a, 0xe709, 0xdee9, 0xdeeb, 0xdeea, 0xdeeb,
0xdf0a, 0xdf09, 0xd6eb, 0xdeea, 0xdee9, 0xdeea, 0xe709, 0xdf0a, 0xdf0b, 0xdf09, 0xe709, 0xe709, 0xdf09, 0xdf0b, 0xdee9, 0xdf09,
0xe709, 0xe709, 0xe70a, 0xe70a, 0xe70a, 0xe708, 0xe708, 0xe709, 0xe70a, 0xe708, 0xe707, 0xe708, 0xe708, 0xe709, 0xe708, 0xe708,
0xe708, 0xe708, 0xe708, 0xe708, 0xe708, 0xe708, 0xe708, 0xe728, 0xe728, 0xe728, 0xe728, 0xe729, 0xe709, 0xdf09, 0xdf09, 0xdee9,
0xdf09, 0xdee9, 0xd6c8, 0xd6c8, 0xd6a7, 0xc687, 0xae28, 0x95e8, 0x5447, 0x3bc8, 0x4c49, 0x4429, 0x3c09, 0x5ca8, 0x33c8, 0x2309,
0x2329, 0x1ae8, 0x1ac8, 0x1288, 0x1269, 0x12a9, 0x2308, 0x22e8, 0x1268, 0x1247, 0x1247, 0x1247, 0x0a47, 0x1268, 0x32c8, 0x42e9,
0x5b09, 0x736a, 0xcd0c, 0xedef, 0xe5af, 0xedaf, 0xedd0, 0xedf0, 0xd56f, 0xacad, 0xac8c, 0xa4c9, 0x9d27, 0x9d26, 0x8d08, 0x6cea,
0x7d0a, 0x7ce9, 0x6469, 0x5c08, 0x7cc8, 0x6c88, 0x6c87, 0x6488, 0x5449, 0x6cc8, 0x74c8, 0x5c49, 0x74c8, 0x7ce8, 0x64c8, 0x7508,
0x6ca9, 0x6ca8, 0x64c8, 0x5ce9, 0x6d09, 0x6cc9, 0x6ca8, 0x7ce8, 0x6488, 0x6488, 0x6487, 0x5c27, 0x6488, 0x64c8, 0x5ca8, 0x5ca8,
0x7487, 0x7c68, 0x6489, 0x6489, 0x6c68, 0x6427, 0x7c49, 0x7c69, 0x6c68, 0x6447, 0x6428, 0x5bc8, 0x6c08, 0x6468, 0x5469, 0x5469,
0x6449, 0x6c49, 0x7489, 0x648a, 0x5c69, 0x6448, 0x6448, 0x6448, 0x5c48, 0x4c08, 0x53e8, 0x4be8, 0x5428, 0x5448, 0x4c48, 0x4c48,
0x4408, 0x4bc9, 0x6c28, 0x53e9, 0x3ba9, 0x43c9, 0x4ba8, 0x4389, 0x43ea, 0x4bea, 0x5bca, 0x6baa, 0x6b89, 0x636a, 0x638b, 0x638b,
0x738a, 0x940a, 0xa5ad, 0x746b, 0x6bc9, 0x6bc9, 0x8c2a, 0xaceb, 0x9ccc, 0x8c8b, 0x9ccc, 0xc58e, 0xc58e, 0xc58e, 0xc58d, 0xc56d,
0xc54d, 0xc54c, 0xcd8c, 0xbd8c, 0xad6b, 0xb56c, 0xd62c, 0xde6c, 0xde6c, 0xd66c, 0xd66c, 0xd66d, 0xd6ac, 0xd6eb, 0xd6ca, 0xceca,
0xc6aa, 0xcecb, 0xd6eb, 0xd70c, 0xd70c, 0xd70c, 0xd70b, 0xd6eb, 0xd70b, 0xd6ea, 0xd6ea, 0xd6ea, 0xd6ea, 0xceea, 0xceca, 0xcec9,
0xd6ea, 0xd70b, 0xdf0b, 0xdf0b, 0xdf0a, 0xdf0b, 0xdeea, 0xdeea, 0xd6ca, 0xd6c9, 0xd6ca, 0xd6ea, 0xd6ea, 0xd70a, 0xd70a, 0xdf0b,
0xd70a, 0xd70a, 0xd70b, 0xdf0b, 0xdf0a, 0xdf09, 0xd6eb, 0xd6ea, 0xd6c9, 0xd6ea, 0xd6eb, 0xd6eb, 0xd6eb, 0xd6ea, 0xd6ea, 0xd6ea,
0xd6ea, 0xd6ea, 0xd6eb, 0xd6eb, 0xd6e9, 0xd6e9, 0xd6ea, 0xd6ea, 0xdf0b, 0xd6e9, 0xd6e9, 0xd6e9, 0xdf0a, 0xd6ea, 0xd6ea, 0xd6ca,
0xd6ca, 0xd6ca, 0xcecb, 0xceca, 0xd6ea, 0xd6ea, 0xd6ea, 0xd6eb, 0xd6cb, 0xd6ca, 0xceca, 0xceca, 0xceca, 0xceca, 0xd6ca, 0xd6ca,
0xd6c9, 0xcec9, 0xd6ca, 0xd6ca, 0xd6ca, 0xd6ea, 0xd6ea, 0xd6cc, 0xd6cb, 0xd6ea, 0xd6ea, 0xd6e9, 0xd6e9, 0xd6ea, 0xd6ea, 0xd6ea,
0xd6eb, 0xd6eb, 0xd6eb, 0xd6eb, 0xd6eb, 0xd6eb, 0xd6ea, 0xd6ea, 0xd6ea, 0xd6ea, 0xd6e9, 0xd6e9, 0xd6e9, 0xd6e9, 0xc6a9, 0xbe68,
0x64c7, 0x4c67, 0x5468, 0x3b88, 0x22e8, 0x3388, 0x43e8, 0x4c08, 0x3388, 0x22c9, 0x1a89, 0x1289, 0x12aa, 0x3388, 0x5428, 0x64a8,
0x7548, 0x64c8, 0x2b69, 0x1aea, 0x22ea, 0x2349, 0x2349, 0x1ae9, 0x1a69, 0x1a49, 0x1269, 0x1249, 0x1228, 0x1248, 0x3ba7, 0x3ba8,
0x5c68, 0x7508, 0x6cc8, 0x4c08, 0x2b88, 0x33c9, 0x3c09, 0x22ea, 0x1aca, 0x1ac9, 0x22c9, 0x1a89, 0x1269, 0x1248, 0x1248, 0x3b67,
0x5be7, 0x8ce6, 0xb5c6, 0xb5c6, 0xb5e5, 0xb5e6, 0xadc6, 0xa545, 0x9d25, 0x9d25, 0xb585, 0xad65, 0xad85, 0xad85, 0xa5a6, 0xb5e6,
0xc5e5, 0xcde5, 0xb5a5, 0xbdc4, 0xcde4, 0xbda4, 0xbdc5, 0xc5e4, 0xbda4, 0xad65, 0xad85, 0xbdc5, 0xbda6, 0xb584, 0xa544, 0xb584,
0xbda6, 0xb586, 0xb585, 0xbda5, 0xb585, 0xb585, 0xbd85, 0xc5c4, 0xce05, 0xbde5, 0xc5e5, 0xd625, 0xc626, 0xbe05, 0xb5e5, 0xa5a4,
0xbde4, 0xb5c4, 0xb584, 0xb584, 0xbd84, 0xb585, 0xa585, 0x74c6, 0x5446, 0x3365, 0x4c27, 0x8d68, 0x7507, 0x43e7, 0x22e7, 0x2307,
0x2327, 0x1ae8, 0x2b68, 0x4c28, 0x4c07, 0x7ca6, 0xa565, 0x9d45, 0x9d46, 0x8d26, 0x9d46, 0x9525, 0x8d06, 0x9d45, 0x8506, 0x74e7,
0x9548, 0x7cc8, 0x6488, 0x7508, 0x6ca7, 0x84a7, 0x7c87, 0x7468, 0x74a7, 0x6487, 0x6448, 0x6c28, 0x5c48, 0x4c08, 0x4be8, 0x4ba8,
0x4b69, 0x4b89, 0x53e9, 0x4bc9, 0x4bc9, 0x5c2a, 0x4ba9, 0x4bc9, 0x4be9, 0x43e8, 0x3bc8, 0x6c69, 0x6449, 0x4388, 0x43a8, 0x43a8,
0x5bc9, 0x6429, 0x544a, 0x5c49, 0x5449, 0x5c49, 0x6cc9, 0x5c48, 0x6468, 0x6488, 0x6489, 0x74c9, 0x6489, 0x64a9, 0x5c89, 0x6ce9,
0x9589, 0x8d29, 0x7489, 0x6c69, 0x7489, 0x9548, 0xa5c9, 0xbe49, 0xb629, 0xb629, 0xc689, 0xc6cb, 0xbecb, 0xc6cb, 0xbea9, 0xbea9,
0xbeca, 0xbeeb, 0xc6eb, 0xc70a, 0xcee9, 0xc6c9, 0xc6ea, 0xd72b, 0xc70b, 0xc6ea, 0xcf09, 0xcf0a, 0xcf0a, 0xcf2a, 0xd72a, 0xd72a,
0xd70a, 0xd70a, 0xdf09, 0xdf0a, 0xdf2a, 0xdf2a, 0xdf2a, 0xdf2a, 0xdf2a, 0xdf29, 0xdf2a, 0xd70a, 0xdf2a, 0xdf2b, 0xd72b, 0xdf29,
0xdf29, 0xdf2a, 0xdf2a, 0xcf0b, 0xcf0b, 0xceeb, 0xd70b, 0xd72e, 0xcf0c, 0xcf0c, 0xd70c, 0xceec, 0xceec, 0xceec, 0xceed, 0xceec,
0xc6ec, 0xceed, 0xceec, 0xcf0c, 0xd70c, 0xcf0b, 0xd70b, 0xdf0c, 0xdf0b, 0xdf0a, 0xdf0a, 0xdf0b, 0xd6eb, 0xd70c, 0xceec, 0xd70b,
0xdf2a, 0xdf2b, 0x9dca, 0x43c7, 0x3b87, 0x7508, 0x4c49, 0x4408, 0x43c8, 0x12c9, 0x3ba9, 0x3348, 0x5c29, 0x748a, 0x22a8, 0x0a48,
0x3b49, 0x748a, 0x952a, 0xa5ab, 0xa5cc, 0xe6cc, 0xe6cb, 0xde8c, 0xd68c, 0xde8c, 0xdeac, 0xe6cd, 0xdecc, 0xdecc, 0xdecc, 0xdecc,
0xdecb, 0xdeec, 0xdeed, 0xdeca, 0xdeea, 0xdf0a, 0xdf0a, 0xdf0b, 0xdf0b, 0xdf2c, 0xdf2b, 0xdf0b, 0xdf0b, 0xdeeb, 0xd6cb, 0xd6cb,
0xd6cb, 0xd6cb, 0xdf0b, 0xdf0a, 0xd6e9, 0xdee9, 0xdee9, 0xdf09, 0xdf08, 0xdf08, 0xe709, 0xe729, 0xe729, 0xe729, 0xe729, 0xe728,
0xe728, 0xe728, 0xe728, 0xe728, 0xe729, 0xe729, 0xe729, 0xe729, 0xe729, 0xdf29, 0xdf08, 0xdf08, 0xdf08, 0xdf08, 0xdf08, 0xdf09,
0xe709, 0xe709, 0xe729, 0xe729, 0xe729, 0xe729, 0xe729, 0xe729, 0xe729, 0xe729, 0xe729, 0xe729, 0xe729, 0xe729, 0xe728, 0xe708,
0xdf08, 0xdf08, 0xe729, 0xe728, 0xdee8, 0xdf08, 0xdf08, 0xdf08, 0xdf08, 0xdf08, 0xe708, 0xdf08, 0xdf08, 0xdf08, 0xe708, 0xdf08,
0xe728, 0xdee8, 0xd6e9, 0xd6e9, 0xd709, 0xdf29, 0xdf08, 0xd6e9, 0xd70a, 0xd70a, 0xd70a, 0xd6e9, 0xd6e9, 0xd70c, 0xd70a, 0xdf09,
0xdf0a, 0xd70a, 0xd70b, 0xd70a, 0xdee9, 0xd6eb, 0xd70b, 0xdf0b, 0xdf0b, 0xdf0b, 0xdf0a, 0xe709, 0xdee9, 0xdeeb, 0xdeea, 0xdeeb,
0xdf0a, 0xdf09, 0xd6eb, 0xdeea, 0xdee9, 0xdeea, 0xe709, 0xdf0a, 0xdf0b, 0xdf09, 0xe709, 0xe709, 0xdf09, 0xdf0b, 0xdee9, 0xdf09,
0xe709, 0xe709, 0xe70a, 0xe70a, 0xe70a, 0xe708, 0xe708, 0xe709, 0xe70a, 0xe708, 0xe707, 0xe708, 0xe708, 0xe709, 0xe708, 0xe708,
0xe708, 0xe708, 0xe708, 0xe708, 0xe708, 0xe708, 0xe708, 0xe728, 0xe728, 0xe728, 0xe728, 0xe729, 0xe709, 0xdf09, 0xdf09, 0xdee9,
0xdf09, 0xdee9, 0xd6c8, 0xd6c8, 0xd6a7, 0xc687, 0xae28, 0x95e8, 0x5447, 0x3bc8, 0x4c49, 0x4429, 0x3c09, 0x5ca8, 0x33c8, 0x2309,
0x2329, 0x1ae8, 0x1ac8, 0x1288, 0x1269, 0x12a9, 0x2308, 0x22e8, 0x1268, 0x1247, 0x1247, 0x1247, 0x0a47, 0x1268, 0x32c8, 0x42e9,
0x5b09, 0x736a, 0xcd0c, 0xedef, 0xe5af, 0xedaf, 0xedd0, 0xedf0, 0xd56f, 0xacad, 0xac8c, 0xa4c9, 0x9d27, 0x9d26, 0x8d08, 0x6cea,
0x7d0a, 0x7ce9, 0x6469, 0x5c08, 0x7cc8, 0x6c88, 0x6c87, 0x6488, 0x5449, 0x6cc8, 0x74c8, 0x5c49, 0x74c8, 0x7ce8, 0x64c8, 0x7508,
0x6ca9, 0x6ca8, 0x64c8, 0x5ce9, 0x6d09, 0x6cc9, 0x6ca8, 0x7ce8, 0x6488, 0x6488, 0x6487, 0x5c27, 0x6488, 0x64c8, 0x5ca8, 0x5ca8,
0x7487, 0x7c68, 0x6489, 0x6489, 0x6c68, 0x6427, 0x7c49, 0x7c69, 0x6c68, 0x6447, 0x6428, 0x5bc8, 0x6c08, 0x6468, 0x5469, 0x5469,
0x6449, 0x6c49, 0x7489, 0x648a, 0x5c69, 0x6448, 0x6448, 0x6448, 0x5c48, 0x4c08, 0x53e8, 0x4be8, 0x5428, 0x5448, 0x4c48, 0x4c48,
0x4408, 0x4bc9, 0x6c28, 0x53e9, 0x3ba9, 0x43c9, 0x4ba8, 0x4389, 0x43ea, 0x4bea, 0x5bca, 0x6baa, 0x6b89, 0x636a, 0x638b, 0x638b,

/* -67- */
0xdf0a, 0xdf2a, 0xae09, 0x9568, 0xa5c8, 0xdee9, 0xbe49, 0xceaa, 0xce8a, 0x7cc9, 0xadc8, 0xade9, 0xd6c9, 0xf76a, 0x9d89, 0x7cc9,
0xb60b, 0xef8b, 0xdeeb, 0x7d2a, 0x7d4a, 0xd6ca, 0xdeea, 0xdeca, 0xdeea, 0xd6ca, 0xd6ca, 0xdeca, 0xdeea, 0xdeea, 0xd6ea, 0xd6ea,
0xd6ea, 0xd6eb, 0xd6ea, 0xd6e9, 0xd6e9, 0xd6e9, 0xd6ea, 0xd6e9, 0xd6ea, 0xd6ea, 0xd6ea, 0xd6ea, 0xdeea, 0xd6e9, 0xd6c9, 0xd6c9,
0xd6e9, 0xd6e9, 0xdee8, 0xdee9, 0xdee8, 0xdec8, 0xdee8, 0xdee8, 0xdee8, 0xdee8, 0xdee8, 0xdee8, 0xdee8, 0xdf09, 0xdf0a, 0xdf09,
0xdf09, 0xd6e9, 0xd6e8, 0xd6e9, 0xd6e9, 0xd6e9, 0xd6e9, 0xd6e9, 0xd6e9, 0xd6e8, 0xd6c8, 0xd6c8, 0xd6c9, 0xd6c9, 0xd6e9, 0xd6e8,
0xd6e8, 0xd6e8, 0xd6e8, 0xd6e8, 0xd6e8, 0xd6e8, 0xd6e8, 0xd6e8, 0xd6e8, 0xd6e8, 0xd6e8, 0xd6e8, 0xd6e8, 0xd6e8, 0xdee8, 0xdee8,
0xdee8, 0xdee8, 0xdee8, 0xdee8, 0xdee8, 0xdee8, 0xdee8, 0xdee8, 0xdee8, 0xdee8, 0xdee8, 0xdee8, 0xdee8, 0xdee8, 0xdee8, 0xdee8,
0xdee8, 0xdee8, 0xdf08, 0xdee8, 0xdee8, 0xdee8, 0xdee8, 0xdf08, 0xdee8, 0xdee8, 0xdee8, 0xdee8, 0xdf09, 0xdf0a, 0xdf09, 0xdf08,
0xdf09, 0xdf09, 0xdf09, 0xdf08, 0xdee8, 0xdf09, 0xdf09, 0xdf09, 0xdf09, 0xdf0a, 0xdf0a, 0xdf08, 0xdf08, 0xdf08, 0xdf09, 0xdf09,
0xdf09, 0xdf08, 0xdf09, 0xdee8, 0xdf08, 0xdee8, 0xdf08, 0xdf0a, 0xdf0a, 0xdf09, 0xdf09, 0xdf09, 0xdf09, 0xdf0b, 0xdf09, 0xdf09,
0xdf09, 0xdf09, 0xe709, 0xe709, 0xe709, 0xe708, 0xe708, 0xdf09, 0xdee9, 0xdee7, 0xdee7, 0xdf08, 0xdf09, 0xe72a, 0xe709, 0xe707,
0xe708, 0xe708, 0xdf08, 0xe729, 0xe729, 0xe728, 0xe728, 0xe729, 0xe729, 0xe729, 0xe729, 0xdf08, 0xe74b, 0xcea8, 0xd6c9, 0xdee9,
0xc627, 0xc667, 0xce87, 0xbde6, 0xb585, 0xad86, 0x9547, 0x4c07, 0x33a7, 0x4c47, 0x3388, 0x2329, 0x33a9, 0x4c08, 0x2309, 0x1aa9,
0x1a89, 0x1a88, 0x1288, 0x0a48, 0x0268, 0x0a89, 0x0289, 0x0a88, 0x2aa8, 0x7b69, 0x8b8a, 0x8baa, 0x8baa, 0x93cb, 0xc4cc, 0xcd0e,
0xc4cd, 0xcd2d, 0xdd6d, 0xd50c, 0xcccc, 0xc4cb, 0x8c0a, 0x83ca, 0x5b6a, 0x3b09, 0x3b29, 0x434a, 0x5b2a, 0x6aea, 0x52cb, 0x3b2c,
0x4b8c, 0x4b6c, 0x432b, 0x432a, 0x42ea, 0x4b29, 0x7ba8, 0x5b29, 0x330a, 0x3b29, 0x3b29, 0x6b8a, 0x634b, 0x534b, 0x43aa, 0x43ca,
0x6baa, 0x8b8a, 0x63aa, 0x33aa, 0x3b8a, 0x6baa, 0x7baa, 0x83aa, 0x5c0a, 0x3bc9, 0x4389, 0x734a, 0x5b89, 0x33a7, 0x33a6, 0x33a6,
0x4b67, 0x836b, 0x5b89, 0x3b88, 0x4387, 0x5b69, 0x736b, 0x7bab, 0x5bea, 0x3b87, 0x4b28, 0x4ae8, 0x5b08, 0x6388, 0x3b68, 0x3347,
0x4b88, 0x73c9, 0x844a, 0x3b89, 0x3b6a, 0x3b4b, 0x434b, 0x53aa, 0x4ba9, 0x3b4a, 0x536a, 0x53aa, 0x4bca, 0x4c0a, 0x4c29, 0x4408,
0x63e9, 0x7ba9, 0x8ba9, 0x83aa, 0x942a, 0xac8c, 0xac6c, 0xb48d, 0xb4ac, 0xb4ac, 0xbcad, 0xc4cd, 0xc4cd, 0xc4cd, 0xc50d, 0xbd0c,
0xc54b, 0xde0b, 0xe70e, 0xbe2c, 0xad8a, 0xbdca, 0xce0b, 0xd66c, 0xce6b, 0xbe2b, 0xc64b, 0xce6b, 0xd68b, 0xd68b, 0xd68b, 0xd68b,
0xd66b, 0xd66b, 0xce8a, 0xce8a, 0xce8a, 0xceab, 0xd6eb, 0xceca, 0xceca, 0xceca, 0xceab, 0xcecb, 0xceca, 0xceca, 0xceca, 0xcecb,
0xceca, 0xcec9, 0xceca, 0xcecb, 0xcecb, 0xceca, 0xceca, 0xceca, 0xceca, 0xceca, 0xceca, 0xcea9, 0xcec9, 0xceab, 0xc6aa, 0xc6aa,
0xceaa, 0xceca, 0xceca, 0xcec9, 0xcea9, 0xcea9, 0xcea9, 0xceca, 0xceca, 0xceaa, 0xceaa, 0xcecc, 0xcecc, 0xceca, 0xceec, 0xd6ec,
0xd6eb, 0xd6cb, 0xd6cb, 0xd6cb, 0xd6cb, 0xd6cb, 0xd6ec, 0xd6ed, 0xd6cb, 0xcecc, 0xcecc, 0xcecc, 0xd6ec, 0xcecb, 0xcecb, 0xcecb,
0xd6eb, 0xd6ea, 0xd6ec, 0xd6ca, 0xd6a8, 0xd6c9, 0xd6c9, 0xceca, 0xd6ea, 0xd6c9, 0xd6e9, 0xd6e9, 0xd6c9, 0xcec9, 0xd6ea, 0xceea,
0xcec9, 0xceea, 0xceeb, 0xceca, 0xd6ea, 0xcec9, 0xcec9, 0xd6eb, 0xceca, 0xceca, 0xceca, 0xceca, 0xd6ca, 0xceca, 0xceca, 0xcecb,
0xd6c8, 0xd6c9, 0xceca, 0xcec8, 0xd6e9, 0xd6c9, 0xd6c9, 0xcecc, 0xcecb, 0xd6ca, 0xd6e9, 0xcec9, 0xd6ea, 0xd6ea, 0xceca, 0xd6ea,
0xd6ca, 0xceca, 0xd6eb, 0xcecb, 0xcecb, 0xceea, 0xcec9, 0xcec9, 0xc6a9, 0xc689, 0xcec8, 0xc6a8, 0xc687, 0xc6a7, 0x8d28, 0x6c87,
0x6cc7, 0x5ca8, 0x3be9, 0x2b49, 0x2b49, 0x22e9, 0x43a8, 0x4388, 0x1268, 0x1a89, 0x1aa9, 0x1aa9, 0x1aea, 0x5c48, 0x5c47, 0x53e7,
0x5c68, 0x3ba8, 0x3349, 0x2ae9, 0x1a89, 0x1aa9, 0x1aa9, 0x1a69, 0x2249, 0x1a69, 0x1a69, 0x1a69, 0x1a69, 0x1a88, 0x1a88, 0x22c8,
0x3b68, 0x4be8, 0x4be8, 0x2ae7, 0x1a67, 0x22a9, 0x22aa, 0x228a, 0x1a89, 0x1aaa, 0x1aaa, 0x1aaa, 0x1aaa, 0x22c9, 0x22e9, 0x3328,
0x7ca7, 0x84c7, 0x84c8, 0x84e8, 0x84e8, 0x9507, 0x9d47, 0x7467, 0x6c48, 0x84a7, 0x84a7, 0xb566, 0x9507, 0x9507, 0x7ce7, 0x64a8,
0xad47, 0xd585, 0x84e7, 0x8d26, 0x84c6, 0x6c88, 0xa587, 0xa525, 0x9d05, 0x74c7, 0x74c7, 0xb5c7, 0x9548, 0x8d07, 0x7ce7, 0x6ca8,
0x9d48, 0xc586, 0xa4e6, 0x94c6, 0x8ce6, 0x7cc8, 0xb546, 0xb4a5, 0xa4c6, 0x9d47, 0x8528, 0xad87, 0xbd86, 0x9507, 0x7ce7, 0x9526,
0x8d07, 0xa506, 0xa487, 0xa4a6, 0xa4e5, 0x6c66, 0x5c66, 0x7d07, 0x74e7, 0x4be6, 0x3bc7, 0x3be7, 0x5468, 0x5c88, 0x5448, 0x4c08,
0x3ba8, 0x2b49, 0x2b89, 0x1b29, 0x12e9, 0x5c48, 0x9d06, 0x7c68, 0x542a, 0x3beb, 0x4c2a, 0x5c2a, 0x6429, 0x7407, 0x3b28, 0x2ae8,
0x5c0a, 0x6c29, 0x43a9, 0x3baa, 0x3bca, 0x63ab, 0x6bac, 0x5c0b, 0x442b, 0x342a, 0x442a, 0x7cca, 0x6caa, 0x8529, 0x8d49, 0x8d29,
0xa5a9, 0xa5a9, 0x9da9, 0xa5ca, 0xa5ca, 0x956a, 0x8d29, 0xae29, 0xbe69, 0xbe69, 0xb649, 0xbe69, 0xd6ea, 0xcea9, 0xcea9, 0xce88,
0xc688, 0xd6c8, 0xd709, 0xd6e8, 0xd6c8, 0xcec9, 0xdf29, 0xe729, 0xdf29, 0xdf09, 0xdf09, 0xdf29, 0xdf09, 0xdf09, 0xdf09, 0xdf08,
0xdf09, 0xdf09, 0xdf08, 0xdf08, 0xdf08, 0xd6e8, 0xd6e8, 0xd6c8, 0xd6c8, 0xd6c7, 0xd6c7, 0xd6c7, 0xd6e8, 0xd6e8, 0xd6c7, 0xd6c7,
0xd6c7, 0xd6e8, 0xd6e8, 0xd6c8, 0xd6c8, 0xd6c8, 0xd6c8, 0xd6c8, 0xd6c8, 0xd6c8, 0xd6c8, 0xd6c8, 0xd6c8, 0xd6e8, 0xd6e8, 0xd6e8,
0xd6e8, 0xd6e8, 0xd6e8, 0xd6e9, 0xd6e9, 0xd6e8, 0xd6e8, 0xd6e8, 0xd6e8, 0xd6e8, 0xd6e8, 0xd6e9, 0xd6e9, 0xd6e9, 0xd6e9, 0xd6e9,
0xd6e9, 0xd6e9, 0xd6e9, 0xd6c8, 0xd6c8, 0xd6e8, 0xd6e8, 0xd6e9, 0xd6c8, 0xd6c9, 0xd6c9, 0xd6c9, 0xd6ca, 0xd6ca, 0xcec9, 0xcec9,
0xcec9, 0xd6eb, 0xd6c9, 0xd6c9, 0xd6ca, 0xd6e9, 0xd6e9, 0xd6e9, 0xd6c9, 0xd6c8, 0xd6c8, 0xd6c8, 0xd6c9, 0xd6c9, 0xd6c9, 0xd6c9,
0xdf0a, 0xdf2a, 0xae09, 0x9568, 0xa5c8, 0xdee9, 0xbe49, 0xceaa, 0xce8a, 0x7cc9, 0xadc8, 0xade9, 0xd6c9, 0xf76a, 0x9d89, 0x7cc9,
0xb60b, 0xef8b, 0xdeeb, 0x7d2a, 0x7d4a, 0xd6ca, 0xdeea, 0xdeca, 0xdeea, 0xd6ca, 0xd6ca, 0xdeca, 0xdeea, 0xdeea, 0xd6ea, 0xd6ea,
0xd6ea, 0xd6eb, 0xd6ea, 0xd6e9, 0xd6e9, 0xd6e9, 0xd6ea, 0xd6e9, 0xd6ea, 0xd6ea, 0xd6ea, 0xd6ea, 0xdeea, 0xd6e9, 0xd6c9, 0xd6c9,
0xd6e9, 0xd6e9, 0xdee8, 0xdee9, 0xdee8, 0xdec8, 0xdee8, 0xdee8, 0xdee8, 0xdee8, 0xdee8, 0xdee8, 0xdee8, 0xdf09, 0xdf0a, 0xdf09,
0xdf09, 0xd6e9, 0xd6e8, 0xd6e9, 0xd6e9, 0xd6e9, 0xd6e9, 0xd6e9, 0xd6e9, 0xd6e8, 0xd6c8, 0xd6c8, 0xd6c9, 0xd6c9, 0xd6e9, 0xd6e8,
0xd6e8, 0xd6e8, 0xd6e8, 0xd6e8, 0xd6e8, 0xd6e8, 0xd6e8, 0xd6e8, 0xd6e8, 0xd6e8, 0xd6e8, 0xd6e8, 0xd6e8, 0xd6e8, 0xdee8, 0xdee8,
0xdee8, 0xdee8, 0xdee8, 0xdee8, 0xdee8, 0xdee8, 0xdee8, 0xdee8, 0xdee8, 0xdee8, 0xdee8, 0xdee8, 0xdee8, 0xdee8, 0xdee8, 0xdee8,
0xdee8, 0xdee8, 0xdf08, 0xdee8, 0xdee8, 0xdee8, 0xdee8, 0xdf08, 0xdee8, 0xdee8, 0xdee8, 0xdee8, 0xdf09, 0xdf0a, 0xdf09, 0xdf08,
0xdf09, 0xdf09, 0xdf09, 0xdf08, 0xdee8, 0xdf09, 0xdf09, 0xdf09, 0xdf09, 0xdf0a, 0xdf0a, 0xdf08, 0xdf08, 0xdf08, 0xdf09, 0xdf09,
0xdf09, 0xdf08, 0xdf09, 0xdee8, 0xdf08, 0xdee8, 0xdf08, 0xdf0a, 0xdf0a, 0xdf09, 0xdf09, 0xdf09, 0xdf09, 0xdf0b, 0xdf09, 0xdf09,
0xdf09, 0xdf09, 0xe709, 0xe709, 0xe709, 0xe708, 0xe708, 0xdf09, 0xdee9, 0xdee7, 0xdee7, 0xdf08, 0xdf09, 0xe72a, 0xe709, 0xe707,
0xe708, 0xe708, 0xdf08, 0xe729, 0xe729, 0xe728, 0xe728, 0xe729, 0xe729, 0xe729, 0xe729, 0xdf08, 0xe74b, 0xcea8, 0xd6c9, 0xdee9,
0xc627, 0xc667, 0xce87, 0xbde6, 0xb585, 0xad86, 0x9547, 0x4c07, 0x33a7, 0x4c47, 0x3388, 0x2329, 0x33a9, 0x4c08, 0x2309, 0x1aa9,
0x1a89, 0x1a88, 0x1288, 0x0a48, 0x0268, 0x0a89, 0x0289, 0x0a88, 0x2aa8, 0x7b69, 0x8b8a, 0x8baa, 0x8baa, 0x93cb, 0xc4cc, 0xcd0e,
0xc4cd, 0xcd2d, 0xdd6d, 0xd50c, 0xcccc, 0xc4cb, 0x8c0a, 0x83ca, 0x5b6a, 0x3b09, 0x3b29, 0x434a, 0x5b2a, 0x6aea, 0x52cb, 0x3b2c,
0x4b8c, 0x4b6c, 0x432b, 0x432a, 0x42ea, 0x4b29, 0x7ba8, 0x5b29, 0x330a, 0x3b29, 0x3b29, 0x6b8a, 0x634b, 0x534b, 0x43aa, 0x43ca,
0x6baa, 0x8b8a, 0x63aa, 0x33aa, 0x3b8a, 0x6baa, 0x7baa, 0x83aa, 0x5c0a, 0x3bc9, 0x4389, 0x734a, 0x5b89, 0x33a7, 0x33a6, 0x33a6,
0x4b67, 0x836b, 0x5b89, 0x3b88, 0x4387, 0x5b69, 0x736b, 0x7bab, 0x5bea, 0x3b87, 0x4b28, 0x4ae8, 0x5b08, 0x6388, 0x3b68, 0x3347,
0x4b88, 0x73c9, 0x844a, 0x3b89, 0x3b6a, 0x3b4b, 0x434b, 0x53aa, 0x4ba9, 0x3b4a, 0x536a, 0x53aa, 0x4bca, 0x4c0a, 0x4c29, 0x4408,
0x63e9, 0x7ba9, 0x8ba9, 0x83aa, 0x942a, 0xac8c, 0xac6c, 0xb48d, 0xb4ac, 0xb4ac, 0xbcad, 0xc4cd, 0xc4cd, 0xc4cd, 0xc50d, 0xbd0c,

/* -68- */
0xe729, 0xe729, 0xef49, 0xef49, 0xef49, 0xe708, 0xef29, 0xe749, 0xef49, 0xf788, 0xef48, 0xef28, 0xdf09, 0xdf09, 0xef69, 0xf789,
0xef6a, 0xe72a, 0xdf29, 0xdf29, 0xe728, 0xdf09, 0xdee9, 0xdf09, 0xdf09, 0xdf09, 0xdf0a, 0xdf0a, 0xdf0a, 0xdf0a, 0xdf0a, 0xdf0a,
0xdf0a, 0xdf0b, 0xdf0b, 0xdf0a, 0xdf0a, 0xd6ea, 0xd6ea, 0xd6ea, 0xd6ea, 0xdeea, 0xdf0a, 0xdeea, 0xdeea, 0xdeea, 0xdf0a, 0xdf0a,
0xdf09, 0xdee9, 0xdee9, 0xdee9, 0xdee9, 0xdee9, 0xdf09, 0xdf09, 0xdf09, 0xdf09, 0xdf09, 0xdf09, 0xdf0a, 0xdf0b, 0xdf2d, 0xdf2c,
0xdf0a, 0xdf0a, 0xdf0a, 0xdf0b, 0xdf0b, 0xdf0a, 0xdf0a, 0xdf0a, 0xdf0a, 0xd6ea, 0xd6e9, 0xd6e9, 0xd6ea, 0xd6ea, 0xd6e9, 0xdee9,
0xdee9, 0xdee9, 0xdee9, 0xdee9, 0xdee9, 0xdee9, 0xdee8, 0xdf09, 0xdf09, 0xdf09, 0xdee9, 0xdee8, 0xdee8, 0xdee9, 0xdee8, 0xdee8,
0xdee8, 0xdee8, 0xdee8, 0xdee8, 0xdee8, 0xdee8, 0xdee8, 0xdee8, 0xdee8, 0xdee8, 0xdee8, 0xdee8, 0xdee8, 0xdee8, 0xdee8, 0xdee8,
0xdee8, 0xdee8, 0xdee8, 0xdee8, 0xdee8, 0xdf08, 0xdf08, 0xdf08, 0xdee8, 0xdee8, 0xdee9, 0xdee9, 0xdee9, 0xdee9, 0xdee8, 0xdf08,
0xdf08, 0xdf08, 0xdf08, 0xdee9, 0xdee8, 0xdf09, 0xdf08, 0xdf08, 0xdf08, 0xdf08, 0xdf08, 0xdf08, 0xdf09, 0xdf08, 0xdf08, 0xdf08,
0xdf09, 0xdf08, 0xdf08, 0xdf08, 0xdf08, 0xdf09, 0xdf08, 0xdf08, 0xdf08, 0xdf08, 0xdf08, 0xdee8, 0xdf08, 0xdf08, 0xdf08, 0xdf08,
0xdf08, 0xe708, 0xdf08, 0xdf08, 0xdf08, 0xe708, 0xe708, 0xdf09, 0xdee9, 0xdee8, 0xdee9, 0xdf09, 0xdf0a, 0xdf2a, 0xdf2a, 0xdf2a,
0xdf2b, 0xdf2b, 0xdf2d, 0xd70c, 0xdee9, 0xe72b, 0xd6e8, 0xe709, 0xdee9, 0xbe06, 0xce66, 0xc646, 0xd6a8, 0xc626, 0xb5c5, 0xc626,
0xb585, 0xa566, 0xada6, 0xad65, 0xbd85, 0xad26, 0x7cc9, 0x9506, 0x7486, 0x3368, 0x2b28, 0x1ae9, 0x12e9, 0x1ac9, 0x0a68, 0x0a48,
0x1248, 0x0a28, 0x32c8, 0x83aa, 0x838a, 0x7b8a, 0x634a, 0x6b6a, 0x9c2b, 0xbc8c, 0xccec, 0xd52d, 0xd52d, 0xd4ec, 0xe54d, 0xe56d,
0xc4ed, 0xa4ac, 0xb54b, 0xb54a, 0x748b, 0x9d69, 0xa5c7, 0x9548, 0x9d49, 0x8ce8, 0x84a8, 0x74c9, 0x7ce8, 0xa528, 0xa529, 0x8d0a,
0x84e7, 0xad88, 0xb56d, 0x94ca, 0x9cca, 0xa4a9, 0xc4a9, 0xb509, 0x9d29, 0x8d08, 0x84c9, 0xb4ac, 0xacea, 0x9d47, 0x9d67, 0x9d68,
0x948b, 0x9c0c, 0xad0b, 0xa56a, 0x952a, 0x9d49, 0xc58a, 0xc4ed, 0xb4ee, 0x8d69, 0x8d48, 0xc4eb, 0xac4c, 0x946c, 0xa4cb, 0x94c8,
0xa469, 0xb42d, 0x942d, 0x8cc8, 0x9528, 0xacea, 0xbc8d, 0x940f, 0x5bea, 0x74c5, 0xa48b, 0xc46e, 0xa40d, 0x7ba9, 0x8467, 0x9ca9,
0xb42c, 0xc42d, 0xbc8c, 0x9d2a, 0x9d29, 0xa52a, 0x7c2b, 0x5aeb, 0x634a, 0x5b6b, 0x8c0c, 0xc4ad, 0xbc8d, 0xbc8d, 0xb4eb, 0xad2b,
0xc50c, 0xccad, 0xcccd, 0xcccd, 0xd52e, 0xe58e, 0xdd6e, 0xdd4f, 0xd56e, 0xd5ad, 0xde2d, 0xe6ee, 0xdead, 0xd64c, 0xdecb, 0xdeca,
0xdeea, 0xdeea, 0xd6cb, 0xd6eb, 0xdf0b, 0xd6ca, 0xd6ca, 0xd6ea, 0xd6ea, 0xd6eb, 0xcec9, 0xcec9, 0xcee9, 0xceea, 0xcec9, 0xcec9,
0xcec9, 0xd6e9, 0xcec9, 0xcec9, 0xd6e9, 0xd6ea, 0xd6eb, 0xd6eb, 0xd6ea, 0xceea, 0xceea, 0xceca, 0xceca, 0xceea, 0xd6eb, 0xd6eb,
0xd6eb, 0xceea, 0xceca, 0xcecb, 0xcecb, 0xceca, 0xcecb, 0xcecb, 0xceca, 0xceca, 0xceca, 0xceca, 0xcec9, 0xcecb, 0xcecb, 0xcecb,
0xceca, 0xceea, 0xcec9, 0xceea, 0xceeb, 0xceca, 0xceca, 0xceca, 0xceca, 0xceca, 0xceca, 0xceeb, 0xd6eb, 0xd6eb, 0xd6ec, 0xd6ec,
0xd6ec, 0xd6eb, 0xcecb, 0xcecb, 0xd6ec, 0xd6ec, 0xd6eb, 0xd6cc, 0xd6cc, 0xcecb, 0xcecb, 0xcecb, 0xcecb, 0xd6ec, 0xcecb, 0xcecb,
0xcecb, 0xcecb, 0xcecb, 0xceca, 0xcec9, 0xceca, 0xceca, 0xc6a9, 0xceca, 0xceea, 0xceca, 0xceea, 0xcec9, 0xcec9, 0xceca, 0xceca,
0xc6aa, 0xceca, 0xc6aa, 0xc6aa, 0xcec9, 0xcec9, 0xceca, 0xceca, 0xc6ab, 0xbeaa, 0xbeaa, 0xc6a9, 0xc6c9, 0xbe89, 0xb64a, 0xc6aa,
0xcec9, 0xcec9, 0xc6a9, 0xb669, 0xbe8a, 0xbeaa, 0xc68a, 0xc68a, 0xbe6a, 0xae2a, 0xbe89, 0xbe89, 0xbe89, 0xc6a9, 0xae49, 0x9e09,
0x9de9, 0x9de9, 0x9e09, 0x9de9, 0x95c9, 0x8d89, 0x9de8, 0xa609, 0x9dea, 0x95a9, 0x8d89, 0xa607, 0xa606, 0x5c28, 0x4368, 0x43a7,
0x3367, 0x2307, 0x2b48, 0x3ba7, 0x1b09, 0x0a89, 0x0aa9, 0x7488, 0x94c8, 0x0a69, 0x12a9, 0x2b28, 0x12c9, 0x12c9, 0x6c66, 0x7cc7,
0x1ac8, 0x2b48, 0x5c07, 0x63c6, 0x022a, 0x2b28, 0x6c85, 0x3a89, 0x4a69, 0x2249, 0x01c9, 0x7ca8, 0xce06, 0x2a87, 0x1207, 0x0a07,
0x1248, 0x1a88, 0x1289, 0xad86, 0x9485, 0x09e9, 0x120a, 0x3b09, 0xd5c5, 0x5368, 0x022a, 0x128a, 0x024a, 0x6c28, 0x8426, 0x0a68,
0x22e7, 0x0a68, 0x4bc9, 0x6c6b, 0x4389, 0x8d09, 0x8d09, 0x3ba9, 0x4bc8, 0x7487, 0x6468, 0x6488, 0x5c67, 0x6467, 0x5c26, 0x3ba7,
0x53e7, 0x7c46, 0x5406, 0x4c06, 0x4bc6, 0x43c7, 0x5c46, 0x6446, 0x5c26, 0x4c06, 0x4c07, 0x6467, 0x6448, 0x5c27, 0x6467, 0x43e7,
0x5448, 0x7ca7, 0x8466, 0x6406, 0x4be6, 0x4be7, 0x7426, 0x73c6, 0x6be6, 0x4be6, 0x43e7, 0x5c27, 0x6c26, 0x5be7, 0x43a8, 0x6408,
0x5be9, 0x7428, 0x9c09, 0xbc68, 0x8ca6, 0x64a6, 0x5c66, 0x5c66, 0x6ca7, 0x64a6, 0x5c66, 0x3388, 0x1b08, 0x5448, 0x5448, 0x4c28,
0x43c8, 0x1aa9, 0x1289, 0x2b29, 0x5c68, 0x4bc9, 0x5bc8, 0x940a, 0x93ec, 0x8beb, 0x83cb, 0x738b, 0x8bcb, 0xb44c, 0x9bec, 0x9bcc,
0xa40c, 0xbcad, 0xc54d, 0xbd4d, 0xb52c, 0xbd0b, 0xbd0c, 0xbdeb, 0xb64a, 0xae0a, 0xae2a, 0xc68a, 0xc68a, 0xceea, 0xd70a, 0xd6e9,
0xcec8, 0xd6c8, 0xdf2a, 0xe74b, 0xe74c, 0xdf4b, 0xdf2a, 0xdf0a, 0xdf0a, 0xdf0a, 0xdf2b, 0xdf0a, 0xdf0a, 0xdf0a, 0xdf0a, 0xd6e9,
0xdf09, 0xdf09, 0xdf2a, 0xdf0a, 0xd709, 0xdf09, 0xdf09, 0xdf09, 0xd6e9, 0xd6e9, 0xd6e9, 0xd6e9, 0xd6e9, 0xd6e9, 0xd6e8, 0xd6e8,
0xd6e8, 0xd6e9, 0xd6e9, 0xd6e9, 0xd6e8, 0xd6e8, 0xd6e8, 0xd6e8, 0xd6e8, 0xd6e8, 0xd6e8, 0xd6e8, 0xdee8, 0xd6e8, 0xd6e7, 0xd6e8,
0xd6e8, 0xd6e8, 0xd6e8, 0xd6e8, 0xd6e8, 0xd6e8, 0xd6c8, 0xd6e8, 0xd6e8, 0xd6e8, 0xd6e8, 0xd6e8, 0xd6e8, 0xd6e8, 0xd6e8, 0xd6e8,
0xd6e9, 0xd6e8, 0xd6e8, 0xd6e9, 0xd6e9, 0xd6e9, 0xd6e9, 0xd6e9, 0xd6e9, 0xd6e9, 0xd6e9, 0xd6e9, 0xd6e9, 0xd6e9, 0xd6e9, 0xd6e9,
0xd6e9, 0xd6e9, 0xd6e9, 0xd6e9, 0xd6e9, 0xd6e9, 0xd6e9, 0xd6e9, 0xd6e9, 0xd6e8, 0xd6e9, 0xd6e9, 0xd6e9, 0xd6e9, 0xd6e9, 0xd6e9,
0xd6e9, 0xd6ea, 0xd6e9, 0xd6e8, 0xd6e8, 0xd6e9, 0xdee9, 0xd6e9, 0xdee8, 0xd6e9, 0xd6e8, 0xd6e8, 0xd6c9, 0xd6c9, 0xd6e9, 0xd6e9,
0xe729, 0xe729, 0xef49, 0xef49, 0xef49, 0xe708, 0xef29, 0xe749, 0xef49, 0xf788, 0xef48, 0xef28, 0xdf09, 0xdf09, 0xef69, 0xf789,
0xef6a, 0xe72a, 0xdf29, 0xdf29, 0xe728, 0xdf09, 0xdee9, 0xdf09, 0xdf09, 0xdf09, 0xdf0a, 0xdf0a, 0xdf0a, 0xdf0a, 0xdf0a, 0xdf0a,
0xdf0a, 0xdf0b, 0xdf0b, 0xdf0a, 0xdf0a, 0xd6ea, 0xd6ea, 0xd6ea, 0xd6ea, 0xdeea, 0xdf0a, 0xdeea, 0xdeea, 0xdeea, 0xdf0a, 0xdf0a,
0xdf09, 0xdee9, 0xdee9, 0xdee9, 0xdee9, 0xdee9, 0xdf09, 0xdf09, 0xdf09, 0xdf09, 0xdf09, 0xdf09, 0xdf0a, 0xdf0b, 0xdf2d, 0xdf2c,
0xdf0a, 0xdf0a, 0xdf0a, 0xdf0b, 0xdf0b, 0xdf0a, 0xdf0a, 0xdf0a, 0xdf0a, 0xd6ea, 0xd6e9, 0xd6e9, 0xd6ea, 0xd6ea, 0xd6e9, 0xdee9,
0xdee9, 0xdee9, 0xdee9, 0xdee9, 0xdee9, 0xdee9, 0xdee8, 0xdf09, 0xdf09, 0xdf09, 0xdee9, 0xdee8, 0xdee8, 0xdee9, 0xdee8, 0xdee8,
0xdee8, 0xdee8, 0xdee8, 0xdee8, 0xdee8, 0xdee8, 0xdee8, 0xdee8, 0xdee8, 0xdee8, 0xdee8, 0xdee8, 0xdee8, 0xdee8, 0xdee8, 0xdee8,
0xdee8, 0xdee8, 0xdee8, 0xdee8, 0xdee8, 0xdf08, 0xdf08, 0xdf08, 0xdee8, 0xdee8, 0xdee9, 0xdee9, 0xdee9, 0xdee9, 0xdee8, 0xdf08,
0xdf08, 0xdf08, 0xdf08, 0xdee9, 0xdee8, 0xdf09, 0xdf08, 0xdf08, 0xdf08, 0xdf08, 0xdf08, 0xdf08, 0xdf09, 0xdf08, 0xdf08, 0xdf08,
0xdf09, 0xdf08, 0xdf08, 0xdf08, 0xdf08, 0xdf09, 0xdf08, 0xdf08, 0xdf08, 0xdf08, 0xdf08, 0xdee8, 0xdf08, 0xdf08, 0xdf08, 0xdf08,
0xdf08, 0xe708, 0xdf08, 0xdf08, 0xdf08, 0xe708, 0xe708, 0xdf09, 0xdee9, 0xdee8, 0xdee9, 0xdf09, 0xdf0a, 0xdf2a, 0xdf2a, 0xdf2a,
0xdf2b, 0xdf2b, 0xdf2d, 0xd70c, 0xdee9, 0xe72b, 0xd6e8, 0xe709, 0xdee9, 0xbe06, 0xce66, 0xc646, 0xd6a8, 0xc626, 0xb5c5, 0xc626,
0xb585, 0xa566, 0xada6, 0xad65, 0xbd85, 0xad26, 0x7cc9, 0x9506, 0x7486, 0x3368, 0x2b28, 0x1ae9, 0x12e9, 0x1ac9, 0x0a68, 0x0a48,
0x1248, 0x0a28, 0x32c8, 0x83aa, 0x838a, 0x7b8a, 0x634a, 0x6b6a, 0x9c2b, 0xbc8c, 0xccec, 0xd52d, 0xd52d, 0xd4ec, 0xe54d, 0xe56d,
0xc4ed, 0xa4ac, 0xb54b, 0xb54a, 0x748b, 0x9d69, 0xa5c7, 0x9548, 0x9d49, 0x8ce8, 0x84a8, 0x74c9, 0x7ce8, 0xa528, 0xa529, 0x8d0a,
0x84e7, 0xad88, 0xb56d, 0x94ca, 0x9cca, 0xa4a9, 0xc4a9, 0xb509, 0x9d29, 0x8d08, 0x84c9, 0xb4ac, 0xacea, 0x9d47, 0x9d67, 0x9d68,
0x948b, 0x9c0c, 0xad0b, 0xa56a, 0x952a, 0x9d49, 0xc58a, 0xc4ed, 0xb4ee, 0x8d69, 0x8d48, 0xc4eb, 0xac4c, 0x946c, 0xa4cb, 0x94c8,
0xa469, 0xb42d, 0x942d, 0x8cc8, 0x9528, 0xacea, 0xbc8d, 0x940f, 0x5bea, 0x74c5, 0xa48b, 0xc46e, 0xa40d, 0x7ba9, 0x8467, 0x9ca9,
0xb42c, 0xc42d, 0xbc8c, 0x9d2a, 0x9d29, 0xa52a, 0x7c2b, 0x5aeb, 0x634a, 0x5b6b, 0x8c0c, 0xc4ad, 0xbc8d, 0xbc8d, 0xb4eb, 0xad2b,
0xc50c, 0xccad, 0xcccd, 0xcccd, 0xd52e, 0xe58e, 0xdd6e, 0xdd4f, 0xd56e, 0xd5ad, 0xde2d, 0xe6ee, 0xdead, 0xd64c, 0xdecb, 0xdeca,

/* -69- */
0xdf09, 0xdf09, 0xdf29, 0xdee9, 0xd6e9, 0xd6e9, 0xd6e9, 0xdf09, 0xdee9, 0xd6e9, 0xd6e9, 0xd6c9, 0xd6e9, 0xdf09, 0xd6e9, 0xd6e9,
0xd6e9, 0xd6e9, 0xd6e9, 0xdf09, 0xd6e9, 0xd6e9, 0xdf09, 0xdf09, 0xdf0a, 0xdee9, 0xdee9, 0xdf0a, 0xdee9, 0xdf0a, 0xdeea, 0xd6e9,
0xdf09, 0xdf0b, 0xdf0b, 0xd6ea, 0xd70a, 0xd6e9, 0xd6c9, 0xd6e9, 0xd6ea, 0xd6eb, 0xdeeb, 0xdf0a, 0xdf0a, 0xdf0a, 0xdf0a, 0xd70a,
0xdf0a, 0xdf0a, 0xdee9, 0xdee9, 0xdf0a, 0xdee9, 0xdeea, 0xd70b, 0xdf0a, 0xdf0a, 0xd70a, 0xdf0a, 0xdf0a, 0xd70b, 0xd70b, 0xd6eb,
0xdf0b, 0xdf0c, 0xdf0a, 0xdf0b, 0xd70b, 0xd6e9, 0xdf0a, 0xdf0b, 0xdeea, 0xd6e9, 0xd6ea, 0xd6eb, 0xd6ea, 0xd6ea, 0xdeea, 0xdf0a,
0xdf0b, 0xdf0a, 0xdf09, 0xdf09, 0xdf0a, 0xdf0a, 0xdf09, 0xdeea, 0xdf0a, 0xdeea, 0xdee9, 0xdf08, 0xdf0a, 0xdf0b, 0xdee8, 0xdee8,
0xdf08, 0xdf09, 0xdf09, 0xdf08, 0xdf08, 0xdf0a, 0xdf0a, 0xdf09, 0xdf0b, 0xdf09, 0xdf08, 0xdeea, 0xdee9, 0xdee9, 0xdee9, 0xdee8,
0xdee8, 0xdee8, 0xdee8, 0xdee9, 0xdee8, 0xdf08, 0xdf08, 0xdf08, 0xdf09, 0xdee9, 0xdee8, 0xdee8, 0xd6e8, 0xd6e8, 0xd6e9, 0xdee8,
0xdee8, 0xdf08, 0xdee8, 0xdf0b, 0xdee9, 0xdf09, 0xdf09, 0xdf09, 0xdf09, 0xe709, 0xe708, 0xe729, 0xe72a, 0xdf09, 0xdf08, 0xdf08,
0xe709, 0xe709, 0xdf08, 0xdf08, 0xdf08, 0xdf09, 0xdf09, 0xdf08, 0xdf08, 0xdf08, 0xdf09, 0xdf09, 0xdf08, 0xdf08, 0xdf09, 0xdf09,
0xdf09, 0xdf09, 0xdf0a, 0xdf0a, 0xdf0a, 0xe709, 0xdf09, 0xe70a, 0xe70b, 0xe70a, 0xdee9, 0xdf09, 0xdf09, 0xdf0a, 0xdeea, 0xdf0a,
0xd6c9, 0xce67, 0xdec9, 0xce68, 0xbde4, 0xce25, 0xc604, 0xce26, 0xce66, 0xada5, 0xbde4, 0xbda4, 0xb584, 0x9d25, 0x9d45, 0xa545,
0xa505, 0x84a6, 0x7488, 0x94e7, 0x8c87, 0x8468, 0x438b, 0x6c28, 0x6408, 0x2b48, 0x2b08, 0x4329, 0x4309, 0x4329, 0x3b0a, 0x32ea,
0x430a, 0x3b0a, 0x73cb, 0xc4ab, 0xc46b, 0xbc6c, 0xb42c, 0xbc8d, 0xd52e, 0xe60d, 0xeecc, 0xe70e, 0xd66c, 0xc589, 0xbd49, 0xa508,
0x9d48, 0x8528, 0x9dc8, 0xae28, 0x75aa, 0x9e48, 0xbea7, 0xb688, 0xcea9, 0xcea7, 0xc667, 0xae68, 0xb688, 0xd6c7, 0xd6e8, 0xc6a8,
0xa625, 0xcea7, 0xe6ec, 0xbe69, 0xd6c8, 0xce68, 0xbdc9, 0xd6e9, 0xd708, 0xc6e8, 0xc6a9, 0xc64a, 0xd6c8, 0xdf27, 0xd6e7, 0xd6e7,
0xb609, 0xadea, 0xd6e9, 0xdf09, 0xd6e9, 0xc709, 0xdf08, 0xde6c, 0xce4e, 0xbeca, 0xbea8, 0xd669, 0xce0d, 0xd5ef, 0xd68d, 0xce89,
0xce6a, 0xc62c, 0xbe0e, 0xcec9, 0xd6e7, 0xc6c8, 0xce8a, 0xb5ae, 0x8ceb, 0x9dc5, 0xc62b, 0xe66e, 0xbdee, 0x8d09, 0xa5c7, 0xbe29,
0xcded, 0xd56d, 0xbd2c, 0xc649, 0xcea8, 0xc64a, 0xa52a, 0x6b6c, 0x7c0b, 0x842a, 0x948b, 0xbd0d, 0xc50c, 0xcd4c, 0xb50c, 0xaccc,
0xbced, 0xcd0d, 0xcd0e, 0xcd0e, 0xc50e, 0xc52e, 0xd56d, 0xc52d, 0xb5ac, 0xbe4a, 0xbe6a, 0xc6aa, 0xc68a, 0xbe69, 0xbe68, 0xc6a8,
0xcec9, 0xcec9, 0xd6ea, 0xd70b, 0xd70b, 0xceca, 0xd6ca, 0xd6ca, 0xd6ec, 0xd6ee, 0xd6cb, 0xd6ea, 0xd6ea, 0xd6eb, 0xceca, 0xceca,
0xd6ea, 0xd6ea, 0xd6eb, 0xceca, 0xcec9, 0xceca, 0xd6ec, 0xceea, 0xceea, 0xceea, 0xceeb, 0xd6ec, 0xd6ec, 0xcec9, 0xd6eb, 0xceeb,
0xceca, 0xcec9, 0xceca, 0xcecb, 0xceeb, 0xceeb, 0xceeb, 0xceec, 0xcecb, 0xceea, 0xceca, 0xceca, 0xcec9, 0xceca, 0xceeb, 0xceeb,
0xceeb, 0xceeb, 0xcee9, 0xceca, 0xcecb, 0xcecb, 0xceca, 0xceca, 0xceca, 0xcea9, 0xcec9, 0xceca, 0xceca, 0xc6aa, 0xbe6b, 0xbe6b,
0xbe6b, 0xbe6b, 0xc68a, 0xc6ab, 0xcecb, 0xcecb, 0xcecc, 0xcecb, 0xcecb, 0xcecb, 0xcecb, 0xc6aa, 0xc6aa, 0xc6ab, 0xc6aa, 0xc6aa,
0xceab, 0xc6aa, 0xc6aa, 0xc689, 0xbe89, 0xb669, 0xbe89, 0xb668, 0xb669, 0xc6aa, 0xbe89, 0xbe89, 0xc6a9, 0xc6a9, 0xbea9, 0xbe8a,
0xceaa, 0xc6aa, 0xb669, 0xb649, 0xb669, 0xbe69, 0xbe89, 0xae49, 0xae4a, 0xae49, 0xa628, 0xa648, 0xae48, 0xa628, 0x95c9, 0xa629,
0xae49, 0xae29, 0xa629, 0xa629, 0xa609, 0xae29, 0xb648, 0xa609, 0x9de9, 0x9dc9, 0xae28, 0xa629, 0xa629, 0xa629, 0x95a9, 0x9dc8,
0xbe48, 0xa609, 0x95c9, 0xae08, 0xa5c7, 0x9d88, 0xb607, 0xc649, 0xb60a, 0xa5a9, 0xa5a8, 0xc667, 0xce67, 0x84ca, 0x7469, 0x84c8,
0x7ca8, 0x6449, 0x7cc8, 0x8ce7, 0x5c08, 0x53c9, 0x4bc9, 0xbdc8, 0xe688, 0x5bea, 0x5c09, 0x74c8, 0x5c28, 0x5409, 0xa587, 0xbdc7,
0x6c49, 0x7489, 0x9d48, 0xa547, 0x642a, 0x8528, 0xbe25, 0x8c89, 0x9468, 0x7c08, 0x5ba9, 0xbde7, 0xf705, 0x8468, 0x63a7, 0x63c8,
0x6c29, 0x6c49, 0x6c6b, 0xef08, 0xd667, 0x6c2a, 0x7429, 0x94e9, 0xff06, 0xa508, 0x6c09, 0x8488, 0x7469, 0xad88, 0xbd86, 0x6c48,
0x7467, 0x6428, 0x952a, 0xbe0a, 0xa5a9, 0xd689, 0xc66b, 0x548a, 0x6488, 0x8507, 0x74e7, 0x64a8, 0x6ca7, 0x74a7, 0x74a7, 0x6487,
0x6467, 0x6c66, 0x6c86, 0x6c66, 0x6c67, 0x6c66, 0x6c66, 0x6c66, 0x6c66, 0x6c67, 0x6c67, 0x6c87, 0x7488, 0x6c88, 0x74a7, 0x6467,
0x5c48, 0x6467, 0x6468, 0x5c48, 0x5428, 0x5c27, 0x6c46, 0x6c47, 0x5c27, 0x4c07, 0x5427, 0x5c27, 0x5407, 0x5be8, 0x5be8, 0x5bc9,
0x63c9, 0x63c9, 0x83eb, 0x9c8a, 0x7487, 0x5c86, 0x5446, 0x43e6, 0x43c6, 0x43a6, 0x43a7, 0x2b27, 0x1288, 0x4386, 0x3b87, 0x3367,
0x3348, 0x1aa9, 0x1a89, 0x3328, 0x4bc6, 0x4ba8, 0x4bc8, 0x944b, 0xd50f, 0xcd2f, 0xbcac, 0xbcad, 0xc52d, 0xcdad, 0xcdec, 0xc5cc,
0xc5cc, 0xd62d, 0xd68c, 0xc66b, 0xc66a, 0xbe49, 0xbe29, 0xcea9, 0xcee9, 0xcec9, 0xceca, 0xc6aa, 0xc6aa, 0xd6eb, 0xcecb, 0xcecb,
0xd6ca, 0xcec9, 0xcec9, 0xc6c9, 0xcec9, 0xcec8, 0xcec9, 0xd6e9, 0xdf0b, 0xd70b, 0xd6eb, 0xd70b, 0xdf0c, 0xdf0d, 0xdf0b, 0xdf0a,
0xdf0a, 0xdeea, 0xdf0a, 0xdf2b, 0xdf2a, 0xdf09, 0xdf0a, 0xdf09, 0xdf0a, 0xdf2b, 0xdf09, 0xdf09, 0xdf09, 0xdee9, 0xdf0b, 0xdf09,
0xdf09, 0xdf09, 0xd6e9, 0xd70a, 0xdf0a, 0xdf09, 0xdf09, 0xdf09, 0xd6e9, 0xd6e8, 0xd6e8, 0xd6e8, 0xd6e8, 0xdf09, 0xdee8, 0xd6e8,
0xd6e8, 0xd6e8, 0xdee9, 0xdee9, 0xd6e8, 0xd6e8, 0xd6e8, 0xd6e8, 0xd6e8, 0xd6e8, 0xd6e8, 0xd6e8, 0xd6e8, 0xd6e8, 0xd6e8, 0xd6e9,
0xd6e9, 0xd6e9, 0xd6e8, 0xd6eb, 0xd6eb, 0xd6e9, 0xd6e9, 0xd6e9, 0xd6e9, 0xd6e9, 0xd6e9, 0xd6e9, 0xd6e9, 0xd6e9, 0xd6e9, 0xd6e9,
0xd6e9, 0xd6e9, 0xd6e9, 0xd6e9, 0xd6e9, 0xd6e9, 0xd6e9, 0xd6eb, 0xd6ea, 0xd6e9, 0xd6e8, 0xd6eb, 0xd6eb, 0xd6e9, 0xd6eb, 0xd6e9,
0xd6ea, 0xd6ec, 0xd6e9, 0xd6e9, 0xd6e9, 0xd6e8, 0xd6ea, 0xd6eb, 0xd6ea, 0xd6ea, 0xd6c9, 0xd6c9, 0xd6eb, 0xd6ca, 0xd6c9, 0xd6e9,
0xdf09, 0xdf09, 0xdf29, 0xdee9, 0xd6e9, 0xd6e9, 0xd6e9, 0xdf09, 0xdee9, 0xd6e9, 0xd6e9, 0xd6c9, 0xd6e9, 0xdf09, 0xd6e9, 0xd6e9,
0xd6e9, 0xd6e9, 0xd6e9, 0xdf09, 0xd6e9, 0xd6e9, 0xdf09, 0xdf09, 0xdf0a, 0xdee9, 0xdee9, 0xdf0a, 0xdee9, 0xdf0a, 0xdeea, 0xd6e9,
0xdf09, 0xdf0b, 0xdf0b, 0xd6ea, 0xd70a, 0xd6e9, 0xd6c9, 0xd6e9, 0xd6ea, 0xd6eb, 0xdeeb, 0xdf0a, 0xdf0a, 0xdf0a, 0xdf0a, 0xd70a,
0xdf0a, 0xdf0a, 0xdee9, 0xdee9, 0xdf0a, 0xdee9, 0xdeea, 0xd70b, 0xdf0a, 0xdf0a, 0xd70a, 0xdf0a, 0xdf0a, 0xd70b, 0xd70b, 0xd6eb,
0xdf0b, 0xdf0c, 0xdf0a, 0xdf0b, 0xd70b, 0xd6e9, 0xdf0a, 0xdf0b, 0xdeea, 0xd6e9, 0xd6ea, 0xd6eb, 0xd6ea, 0xd6ea, 0xdeea, 0xdf0a,
0xdf0b, 0xdf0a, 0xdf09, 0xdf09, 0xdf0a, 0xdf0a, 0xdf09, 0xdeea, 0xdf0a, 0xdeea, 0xdee9, 0xdf08, 0xdf0a, 0xdf0b, 0xdee8, 0xdee8,
0xdf08, 0xdf09, 0xdf09, 0xdf08, 0xdf08, 0xdf0a, 0xdf0a, 0xdf09, 0xdf0b, 0xdf09, 0xdf08, 0xdeea, 0xdee9, 0xdee9, 0xdee9, 0xdee8,
0xdee8, 0xdee8, 0xdee8, 0xdee9, 0xdee8, 0xdf08, 0xdf08, 0xdf08, 0xdf09, 0xdee9, 0xdee8, 0xdee8, 0xd6e8, 0xd6e8, 0xd6e9, 0xdee8,
0xdee8, 0xdf08, 0xdee8, 0xdf0b, 0xdee9, 0xdf09, 0xdf09, 0xdf09, 0xdf09, 0xe709, 0xe708, 0xe729, 0xe72a, 0xdf09, 0xdf08, 0xdf08,
0xe709, 0xe709, 0xdf08, 0xdf08, 0xdf08, 0xdf09, 0xdf09, 0xdf08, 0xdf08, 0xdf08, 0xdf09, 0xdf09, 0xdf08, 0xdf08, 0xdf09, 0xdf09,
0xdf09, 0xdf09, 0xdf0a, 0xdf0a, 0xdf0a, 0xe709, 0xdf09, 0xe70a, 0xe70b, 0xe70a, 0xdee9, 0xdf09, 0xdf09, 0xdf0a, 0xdeea, 0xdf0a,
0xd6c9, 0xce67, 0xdec9, 0xce68, 0xbde4, 0xce25, 0xc604, 0xce26, 0xce66, 0xada5, 0xbde4, 0xbda4, 0xb584, 0x9d25, 0x9d45, 0xa545,
0xa505, 0x84a6, 0x7488, 0x94e7, 0x8c87, 0x8468, 0x438b, 0x6c28, 0x6408, 0x2b48, 0x2b08, 0x4329, 0x4309, 0x4329, 0x3b0a, 0x32ea,
0x430a, 0x3b0a, 0x73cb, 0xc4ab, 0xc46b, 0xbc6c, 0xb42c, 0xbc8d, 0xd52e, 0xe60d, 0xeecc, 0xe70e, 0xd66c, 0xc589, 0xbd49, 0xa508,
0x9d48, 0x8528, 0x9dc8, 0xae28, 0x75aa, 0x9e48, 0xbea7, 0xb688, 0xcea9, 0xcea7, 0xc667, 0xae68, 0xb688, 0xd6c7, 0xd6e8, 0xc6a8,
0xa625, 0xcea7, 0xe6ec, 0xbe69, 0xd6c8, 0xce68, 0xbdc9, 0xd6e9, 0xd708, 0xc6e8, 0xc6a9, 0xc64a, 0xd6c8, 0xdf27, 0xd6e7, 0xd6e7,
0xb609, 0xadea, 0xd6e9, 0xdf09, 0xd6e9, 0xc709, 0xdf08, 0xde6c, 0xce4e, 0xbeca, 0xbea8, 0xd669, 0xce0d, 0xd5ef, 0xd68d, 0xce89,
0xce6a, 0xc62c, 0xbe0e, 0xcec9, 0xd6e7, 0xc6c8, 0xce8a, 0xb5ae, 0x8ceb, 0x9dc5, 0xc62b, 0xe66e, 0xbdee, 0x8d09, 0xa5c7, 0xbe29,
0xcded, 0xd56d, 0xbd2c, 0xc649, 0xcea8, 0xc64a, 0xa52a, 0x6b6c, 0x7c0b, 0x842a, 0x948b, 0xbd0d, 0xc50c, 0xcd4c, 0xb50c, 0xaccc,
0xbced, 0xcd0d, 0xcd0e, 0xcd0e, 0xc50e, 0xc52e, 0xd56d, 0xc52d, 0xb5ac, 0xbe4a, 0xbe6a, 0xc6aa, 0xc68a, 0xbe69, 0xbe68, 0xc6a8,

/* -70- */
0xc6a9, 0xc6a9, 0xd6e9, 0xc6a9, 0xbe68, 0xbe68, 0xc689, 0xcec8, 0xcea9, 0xc688, 0xb648, 0xb649, 0xcea9, 0xcec9, 0xc689, 0xbe68,
0xb668, 0xbe68, 0xcea9, 0xceea, 0xae49, 0xb689, 0xc6ca, 0xceca, 0xceea, 0xc688, 0xc688, 0xcea9, 0xcec9, 0xceca, 0xc6a8, 0xc688,
0xcec8, 0xd6ea, 0xceea, 0xbe88, 0xc6a9, 0xd6c9, 0xc667, 0xc687, 0xc6ca, 0xc6a9, 0xc6a9, 0xc6a9, 0xcec9, 0xd6e9, 0xc6c9, 0xc6ca,
0xceea, 0xd6ea, 0xcea8, 0xd6ea, 0xd70d, 0xcea8, 0xd6a8, 0xceca, 0xceeb, 0xd6ea, 0xcec9, 0xcec8, 0xcea7, 0xd6e9, 0xcec8, 0xc687,
0xd6ed, 0xd70c, 0xcea6, 0xd6c7, 0xd6c6, 0xd6e9, 0xdf2c, 0xd6ea, 0xcea6, 0xd6a6, 0xd6ca, 0xd6c9, 0xd6c8, 0xd6eb, 0xd6c8, 0xcea7,
0xd70c, 0xdf0b, 0xd6e8, 0xd6e9, 0xd6c7, 0xd6ea, 0xdf0c, 0xd6e9, 0xd6c8, 0xd6c7, 0xd6c6, 0xdf08, 0xd6e9, 0xd6e9, 0xd6e8, 0xdee8,
0xdee9, 0xdf0b, 0xdeea, 0xd6c7, 0xd6e8, 0xd6eb, 0xd6ea, 0xd6ea, 0xd6eb, 0xd6ea, 0xd6e9, 0xd70c, 0xd70b, 0xd6ea, 0xd6eb, 0xd6e9,
0xdee9, 0xdee9, 0xdf09, 0xdf0a, 0xdf0a, 0xdf09, 0xdf09, 0xdf09, 0xdf0a, 0xd70a, 0xd70a, 0xd6e9, 0xdee8, 0xd6e9, 0xd6eb, 0xd6e9,
0xdeea, 0xdf0a, 0xdf09, 0xdee9, 0xdf09, 0xdf09, 0xdf0a, 0xdf0a, 0xbe68, 0xb627, 0xd6c8, 0xdf09, 0xdf09, 0xdf08, 0xdf08, 0xdf08,
0xdf09, 0xdee8, 0xdee8, 0xdee8, 0xdee8, 0xdee8, 0xdf08, 0xdf08, 0xdf09, 0xdf0a, 0xdf09, 0xdee8, 0xdf09, 0xdf09, 0xdf0b, 0xdf0b,
0xdf0c, 0xdf2b, 0xd6c7, 0xd6e9, 0xdf0c, 0xdee9, 0xdf0a, 0xd6c8, 0xd686, 0xe70a, 0xdea7, 0xd686, 0xe709, 0xc626, 0xbe06, 0xc626,
0xce05, 0xbda4, 0xbda3, 0xb584, 0xa585, 0xbda3, 0xb564, 0xa524, 0xad85, 0x9506, 0x94e5, 0xb584, 0x9d05, 0x6468, 0x9567, 0x9527,
0x9527, 0x7c87, 0x5409, 0x6c28, 0x5b49, 0x4329, 0x3b29, 0x3309, 0x2b08, 0x2ae7, 0x3328, 0xa429, 0xc42b, 0xc42b, 0xbc2b, 0xc46c,
0xdd0e, 0xe56f, 0xe60f, 0xf690, 0xee6f, 0xee6e, 0xee8d, 0xc58c, 0xad0c, 0xc5e9, 0xd6c7, 0xd6e7, 0xd6c7, 0xcea6, 0xcec6, 0xd6c6,
0xd6e6, 0xdf07, 0xdf07, 0xdf07, 0xe707, 0xe707, 0xdee7, 0xe6e7, 0xdee7, 0xdf07, 0xdf07, 0xdf07, 0xe708, 0xdee7, 0xd6c7, 0xdee7,
0xdee6, 0xdee7, 0xdee7, 0xdee7, 0xdee7, 0xdee7, 0xdf08, 0xdee8, 0xdee7, 0xdee7, 0xdee7, 0xdf07, 0xdee7, 0xdee7, 0xdee7, 0xdee7,
0xdf07, 0xdf27, 0xdf07, 0xdee7, 0xdee7, 0xdf07, 0xdee8, 0xdee8, 0xd6e8, 0xd6c8, 0xd6e8, 0xd6c7, 0xd6e8, 0xd6e9, 0xd6e8, 0xd6e8,
0xd6e8, 0xd6e8, 0xd6e8, 0xd6e7, 0xd6e7, 0xd6c7, 0xd6e7, 0xdf07, 0xdf08, 0xdf07, 0xdee8, 0xd6e9, 0xdee9, 0xdf08, 0xdf09, 0xd6e9,
0xd70a, 0xcee9, 0xbe48, 0xc6a8, 0xcee7, 0xcea8, 0xcec8, 0xd6e9, 0xd6e9, 0xdee9, 0xc649, 0xc628, 0xd668, 0xce49, 0x8cca, 0x6bab,
0x7b8b, 0xb44b, 0x736a, 0x636a, 0x6b8a, 0x73ea, 0xb52a, 0xb56a, 0xa58a, 0x9d89, 0x9568, 0x9dc8, 0xa5e7, 0xa5e7, 0xae27, 0xb667,
0xb667, 0xb647, 0xc6a9, 0xc6a9, 0xc6a9, 0xceca, 0xd6ea, 0xd6ea, 0xd6eb, 0xd6ec, 0xd6eb, 0xd6ea, 0xceca, 0xceca, 0xceca, 0xd6eb,
0xd6eb, 0xd6eb, 0xd6eb, 0xceea, 0xceea, 0xd6eb, 0xd6eb, 0xd6ea, 0xceea, 0xceeb, 0xceeb, 0xceeb, 0xceeb, 0xceea, 0xceea, 0xceca,
0xceca, 0xcec9, 0xceca, 0xceca, 0xceea, 0xceeb, 0xcecb, 0xceca, 0xcecb, 0xceeb, 0xcecb, 0xceca, 0xceca, 0xceca, 0xcecb, 0xcecb,
0xcecb, 0xceec, 0xceca, 0xcec9, 0xceaa, 0xceca, 0xceaa, 0xcecb, 0xceca, 0xc6a9, 0xc6a9, 0xc689, 0xcea9, 0x9dc8, 0x6487, 0x6cc7,
0x5c87, 0x5488, 0xae4a, 0xbeaa, 0xbeaa, 0xc6ab, 0xcecb, 0xb669, 0xb68a, 0xcecb, 0xbe8a, 0xae49, 0xa649, 0xae49, 0xae4a, 0xae49,
0xb669, 0xb669, 0x9e08, 0x95e8, 0x95e8, 0x9de8, 0x9de8, 0x95e8, 0x8de8, 0x95e8, 0x95e9, 0x8de9, 0x8de8, 0x8de8, 0x85c9, 0x8de9,
0xc6a9, 0xa629, 0x8dc9, 0x85c9, 0x85a9, 0x9e09, 0xa608, 0x7d89, 0x7d89, 0x95c8, 0xb648, 0xbe48, 0x95c9, 0x8d89, 0x8d89, 0x95a9,
0x9de9, 0x95e9, 0x95c9, 0x95e9, 0x95c9, 0xa609, 0xcea7, 0x95a9, 0x8d69, 0xa5c8, 0xbe27, 0xa609, 0x9de9, 0x95e9, 0x95a9, 0xbe69,
0xff49, 0xcec9, 0xa62a, 0xef08, 0xff28, 0xff07, 0xff07, 0xff2a, 0xff29, 0xfee6, 0xff27, 0xff47, 0xff48, 0xff68, 0xff88, 0xff68,
0xff69, 0xff88, 0xff68, 0xff47, 0xff47, 0xff28, 0xff47, 0xff27, 0xff07, 0xff27, 0xff27, 0xff27, 0xff27, 0xff47, 0xff47, 0xff47,
0xff68, 0xff47, 0xff47, 0xff27, 0xff47, 0xff27, 0xff27, 0xff47, 0xff27, 0xff26, 0xff26, 0xff06, 0xfee7, 0xff27, 0xff47, 0xff48,
0xff68, 0xff69, 0xff69, 0xff28, 0xff28, 0xff68, 0xff68, 0xff47, 0xff07, 0xff26, 0xff67, 0xff67, 0xff67, 0xff27, 0xff27, 0xff67,
0xff48, 0xff68, 0xff48, 0xff47, 0xff68, 0xff48, 0xff27, 0xff27, 0xff27, 0xff26, 0xff27, 0xff26, 0xff26, 0xff27, 0xff27, 0xff27,
0xff28, 0xff28, 0xff27, 0xff07, 0xff06, 0xff07, 0xff07, 0xff07, 0xff06, 0xff07, 0xff07, 0xff27, 0xff27, 0xff07, 0xff07, 0xff07,
0xff07, 0xff07, 0xff07, 0xfee7, 0xfee7, 0xff07, 0xff07, 0xfee7, 0xfee7, 0xfee7, 0xfee7, 0xfee7, 0xff07, 0xee66, 0xe5c5, 0xcd47,
0xcce9, 0xb428, 0x93c9, 0x43a8, 0x3ba7, 0x3387, 0x3347, 0x2b07, 0x1ac7, 0x2ae7, 0x22a7, 0x1267, 0x1288, 0x5be6, 0x22a6, 0x0207,
0x0a28, 0x0a28, 0x0a08, 0x0a27, 0x1267, 0x1ac7, 0x3328, 0x4369, 0x640c, 0x9ccd, 0xac8b, 0xbcaa, 0xc52a, 0xbd89, 0xc628, 0xa5e8,
0x95a9, 0xbe09, 0xb62a, 0xb64a, 0xb629, 0x7d09, 0x9da8, 0xa608, 0xa608, 0xa608, 0x95c9, 0xa5e9, 0xae4a, 0xb68a, 0xa62b, 0xa62a,
0xbe89, 0xb649, 0x9e08, 0xa628, 0xb627, 0xae06, 0xade6, 0xb626, 0xc687, 0xc688, 0xa626, 0xbe87, 0xe72d, 0xdf2d, 0xc6a8, 0xd6e9,
0xd6e9, 0xc687, 0xcea7, 0xcec8, 0xcec8, 0xd6e9, 0xcec9, 0xdf09, 0xdf09, 0xd6e9, 0xd70a, 0xdf09, 0xd6c7, 0xdee9, 0xdf0a, 0xd6e8,
0xdf09, 0xd6c8, 0xd6c8, 0xd70b, 0xd70a, 0xd709, 0xdf09, 0xd6e9, 0xd6eb, 0xd6e9, 0xd6e9, 0xd709, 0xd6e9, 0xd70b, 0xd6e9, 0xd709,
0xd70a, 0xd70a, 0xd6ea, 0xd70a, 0xd6e9, 0xd6ea, 0xd6e9, 0xd6e9, 0xd6e9, 0xd6e9, 0xd6e9, 0xd6ea, 0xd6e9, 0xd6e8, 0xd6ea, 0xd6e9,
0xd70a, 0xd709, 0xd6e9, 0xd6ea, 0xd6ea, 0xd6e9, 0xd6e9, 0xd6ea, 0xd6ea, 0xd6ea, 0xd6ea, 0xd6ea, 0xd6e9, 0xd6c9, 0xd6ca, 0xd6e9,
0xd6ea, 0xd6ea, 0xd6e9, 0xd6ea, 0xd6ea, 0xd6e9, 0xd6e9, 0xd6e8, 0xd6c8, 0xd6c8, 0xcec8, 0xceca, 0xceca, 0xcec9, 0xceca, 0xceca,
0xceea, 0xceec, 0xceea, 0xd6e9, 0xd6e9, 0xd6e8, 0xd6ea, 0xceca, 0xc6ca, 0xc6ca, 0xc6a9, 0xc6ca, 0xcecb, 0xc6aa, 0xc6ca, 0xceca,
0xc6a9, 0xc6a9, 0xd6e9, 0xc6a9, 0xbe68, 0xbe68, 0xc689, 0xcec8, 0xcea9, 0xc688, 0xb648, 0xb649, 0xcea9, 0xcec9, 0xc689, 0xbe68,
0xb668, 0xbe68, 0xcea9, 0xceea, 0xae49, 0xb689, 0xc6ca, 0xceca, 0xceea, 0xc688, 0xc688, 0xcea9, 0xcec9, 0xceca, 0xc6a8, 0xc688,
0xcec8, 0xd6ea, 0xceea, 0xbe88, 0xc6a9, 0xd6c9, 0xc667, 0xc687, 0xc6ca, 0xc6a9, 0xc6a9, 0xc6a9, 0xcec9, 0xd6e9, 0xc6c9, 0xc6ca,
0xceea, 0xd6ea, 0xcea8, 0xd6ea, 0xd70d, 0xcea8, 0xd6a8, 0xceca, 0xceeb, 0xd6ea, 0xcec9, 0xcec8, 0xcea7, 0xd6e9, 0xcec8, 0xc687,
0xd6ed, 0xd70c, 0xcea6, 0xd6c7, 0xd6c6, 0xd6e9, 0xdf2c, 0xd6ea, 0xcea6, 0xd6a6, 0xd6ca, 0xd6c9, 0xd6c8, 0xd6eb, 0xd6c8, 0xcea7,
0xd70c, 0xdf0b, 0xd6e8, 0xd6e9, 0xd6c7, 0xd6ea, 0xdf0c, 0xd6e9, 0xd6c8, 0xd6c7, 0xd6c6, 0xdf08, 0xd6e9, 0xd6e9, 0xd6e8, 0xdee8,
0xdee9, 0xdf0b, 0xdeea, 0xd6c7, 0xd6e8, 0xd6eb, 0xd6ea, 0xd6ea, 0xd6eb, 0xd6ea, 0xd6e9, 0xd70c, 0xd70b, 0xd6ea, 0xd6eb, 0xd6e9,
0xdee9, 0xdee9, 0xdf09, 0xdf0a, 0xdf0a, 0xdf09, 0xdf09, 0xdf09, 0xdf0a, 0xd70a, 0xd70a, 0xd6e9, 0xdee8, 0xd6e9, 0xd6eb, 0xd6e9,
0xdeea, 0xdf0a, 0xdf09, 0xdee9, 0xdf09, 0xdf09, 0xdf0a, 0xdf0a, 0xbe68, 0xb627, 0xd6c8, 0xdf09, 0xdf09, 0xdf08, 0xdf08, 0xdf08,
0xdf09, 0xdee8, 0xdee8, 0xdee8, 0xdee8, 0xdee8, 0xdf08, 0xdf08, 0xdf09, 0xdf0a, 0xdf09, 0xdee8, 0xdf09, 0xdf09, 0xdf0b, 0xdf0b,
0xdf0c, 0xdf2b, 0xd6c7, 0xd6e9, 0xdf0c, 0xdee9, 0xdf0a, 0xd6c8, 0xd686, 0xe70a, 0xdea7, 0xd686, 0xe709, 0xc626, 0xbe06, 0xc626,
0xce05, 0xbda4, 0xbda3, 0xb584, 0xa585, 0xbda3, 0xb564, 0xa524, 0xad85, 0x9506, 0x94e5, 0xb584, 0x9d05, 0x6468, 0x9567, 0x9527,
0x9527, 0x7c87, 0x5409, 0x6c28, 0x5b49, 0x4329, 0x3b29, 0x3309, 0x2b08, 0x2ae7, 0x3328, 0xa429, 0xc42b, 0xc42b, 0xbc2b, 0xc46c,
0xdd0e, 0xe56f, 0xe60f, 0xf690, 0xee6f, 0xee6e, 0xee8d, 0xc58c, 0xad0c, 0xc5e9, 0xd6c7, 0xd6e7, 0xd6c7, 0xcea6, 0xcec6, 0xd6c6,
0xd6e6, 0xdf07, 0xdf07, 0xdf07, 0xe707, 0xe707, 0xdee7, 0xe6e7, 0xdee7, 0xdf07, 0xdf07, 0xdf07, 0xe708, 0xdee7, 0xd6c7, 0xdee7,
0xdee6, 0xdee7, 0xdee7, 0xdee7, 0xdee7, 0xdee7, 0xdf08, 0xdee8, 0xdee7, 0xdee7, 0xdee7, 0xdf07, 0xdee7, 0xdee7, 0xdee7, 0xdee7,
0xdf07, 0xdf27, 0xdf07, 0xdee7, 0xdee7, 0xdf07, 0xdee8, 0xdee8, 0xd6e8, 0xd6c8, 0xd6e8, 0xd6c7, 0xd6e8, 0xd6e9, 0xd6e8, 0xd6e8,
0xd6e8, 0xd6e8, 0xd6e8, 0xd6e7, 0xd6e7, 0xd6c7, 0xd6e7, 0xdf07, 0xdf08, 0xdf07, 0xdee8, 0xd6e9, 0xdee9, 0xdf08, 0xdf09, 0xd6e9,
0xd70a, 0xcee9, 0xbe48, 0xc6a8, 0xcee7, 0xcea8, 0xcec8, 0xd6e9, 0xd6e9, 0xdee9, 0xc649, 0xc628, 0xd668, 0xce49, 0x8cca, 0x6bab,
0x7b8b, 0xb44b, 0x736a, 0x636a, 0x6b8a, 0x73ea, 0xb52a, 0xb56a, 0xa58a, 0x9d89, 0x9568, 0x9dc8, 0xa5e7, 0xa5e7, 0xae27, 0xb667,

/* -71- */
0xa628, 0xa608, 0xa608, 0xa5e8, 0xa5c7, 0xa608, 0xae08, 0xae07, 0xb607, 0xae08, 0xa5e8, 0xa5c8, 0xa5c8, 0xadc8, 0xa5c8, 0xa5e8,
0xa5e8, 0xade7, 0xae08, 0xae09, 0xa608, 0xa608, 0xae48, 0xb648, 0xae28, 0xae07, 0xb607, 0xadc7, 0xb607, 0xb628, 0xae28, 0xa607,
0xb628, 0xbe49, 0xb628, 0xae27, 0xae27, 0xbe26, 0xbe05, 0xb605, 0xb668, 0xbe68, 0xb607, 0xadc7, 0xb627, 0xbe68, 0xb668, 0xb627,
0xb647, 0xbe47, 0xb606, 0xb648, 0xbe69, 0xb626, 0xb627, 0xb648, 0xb649, 0xb669, 0xae48, 0xae28, 0xbe48, 0xbe87, 0xb626, 0xae26,
0xb648, 0xb649, 0xae48, 0xb668, 0xbe67, 0xbe47, 0xbe47, 0xb627, 0xbe47, 0xc667, 0xbe47, 0xb626, 0xbe46, 0xc688, 0xb645, 0xbe45,
0xc6a8, 0xc688, 0xc686, 0xbe86, 0xbe65, 0xc688, 0xc689, 0xbe66, 0xc687, 0xc686, 0xbe66, 0xc687, 0xc687, 0xc688, 0xbe66, 0xbe67,
0xcea8, 0xcea7, 0xce87, 0xce87, 0xcea8, 0xce88, 0xc667, 0xcea9, 0xcea9, 0xcea8, 0xc6a8, 0xcea9, 0xcec9, 0xcea7, 0xc6eb, 0xceeb,
0xcec9, 0xcec8, 0xd70b, 0xcec8, 0xceca, 0xd6eb, 0xcec7, 0xd6e8, 0xd6e9, 0xd6c9, 0xd6ea, 0xcec9, 0xd6c8, 0xd6e9, 0xd6ea, 0xd6ea,
0xd6eb, 0xd6eb, 0xd6e9, 0xd6e9, 0xd6e9, 0xdf09, 0xce88, 0x8d68, 0x74e7, 0x6486, 0x6cc7, 0xcea7, 0xd6c7, 0xd6e9, 0xdf09, 0xdf0b,
0xd70b, 0xcea7, 0xceea, 0xd6ea, 0xd6e9, 0xd6e8, 0xd6c8, 0xdee9, 0xcea8, 0xcea8, 0xd6c8, 0xd6c7, 0xe70a, 0xd6c8, 0xc646, 0xce87,
0xd687, 0xd6c9, 0xce66, 0xc645, 0xc646, 0xce66, 0xd6c8, 0xce67, 0xbe05, 0xbde5, 0xb5a5, 0xbde5, 0xce47, 0xada6, 0xb5a5, 0xbdc5,
0xbdc5, 0xad45, 0xa545, 0xa565, 0x9526, 0x9d25, 0x94e5, 0x7ca5, 0x94e5, 0x7467, 0x7467, 0x9d06, 0x8d06, 0x5c49, 0x43c8, 0x3b88,
0x43a8, 0x3ba8, 0x2ba8, 0x3b88, 0x73a8, 0xac09, 0xa3ea, 0xb44b, 0xbc4b, 0xb42b, 0xb44b, 0xc48b, 0xd50d, 0xe5cf, 0xde0e, 0xe64e,
0xcdec, 0xc5ec, 0xc60c, 0xce4b, 0xd68a, 0xe6ea, 0xdee9, 0xd6a8, 0xcea8, 0xd6c7, 0xdee7, 0xdee7, 0xdee7, 0xdee6, 0xdee6, 0xdee6,
0xdee6, 0xdee6, 0xdee6, 0xdee7, 0xdee7, 0xdee7, 0xdee7, 0xdee7, 0xdee7, 0xdee7, 0xdee7, 0xdee7, 0xdee7, 0xdee7, 0xdee7, 0xdee7,
0xdee7, 0xdee7, 0xdee7, 0xdf07, 0xdf07, 0xdf07, 0xdee7, 0xdee7, 0xdee7, 0xdee7, 0xdee7, 0xdf07, 0xdf07, 0xdf07, 0xdee7, 0xdee7,
0xdee7, 0xdee7, 0xdee7, 0xdee7, 0xdee7, 0xdee7, 0xdee7, 0xdee7, 0xdee7, 0xdee7, 0xdee7, 0xdee7, 0xdee7, 0xdee7, 0xdee8, 0xdee7,
0xdee7, 0xdee7, 0xdee7, 0xdee7, 0xd6e7, 0xd6e7, 0xdee7, 0xdee7, 0xdee7, 0xdee7, 0xdee7, 0xdee8, 0xdee8, 0xdee8, 0xdee8, 0xdee8,
0xdee8, 0xd6e7, 0xdf06, 0xd6e7, 0xd6e7, 0xd6e7, 0xd6e7, 0xd6e7, 0xd6e8, 0xd6e8, 0xd6e8, 0xdee7, 0xdee7, 0xd6e8, 0xc688, 0xbe68,
0xc648, 0xb5c8, 0x9528, 0x9569, 0x9da8, 0xa5c8, 0x6c47, 0x4b47, 0x4b68, 0x4b68, 0x63a7, 0x9427, 0x8c68, 0x9588, 0x9e07, 0x9de8,
0xae27, 0xa607, 0xae48, 0xb669, 0xae28, 0xbe68, 0xbe88, 0xc688, 0xcec9, 0xc689, 0xc6a9, 0xcecb, 0xceca, 0xceca, 0xceeb, 0xd6eb,
0xd6eb, 0xceeb, 0xceeb, 0xceeb, 0xcecb, 0xceec, 0xcecb, 0xcec9, 0xcecb, 0xcecc, 0xcecb, 0xcecb, 0xceca, 0xceca, 0xceca, 0xceca,
0xc6ca, 0xc6a9, 0xc6a9, 0xc6a9, 0xc6aa, 0xc6aa, 0xc6aa, 0xc6aa, 0xbeaa, 0xc6ab, 0xbeab, 0xbeab, 0xbe8a, 0xbeab, 0xbeaa, 0xbeaa,
0xbeaa, 0xbe8a, 0xc6a9, 0xc6aa, 0xc6aa, 0xbe8a, 0xb68a, 0xb66a, 0xb669, 0xb669, 0xb669, 0xae28, 0x7d27, 0x6cc6, 0x6cc6, 0x6ce6,
0x5ca7, 0x4c67, 0x7d69, 0x85aa, 0x8dc9, 0xae4a, 0xa62a, 0x9609, 0x9609, 0x9e29, 0xa629, 0xbe8a, 0xbe6a, 0x9de9, 0x95e8, 0x95e8,
0x9de8, 0x9de7, 0xd6a7, 0xd6a7, 0xbe48, 0xa628, 0xb648, 0xd6c8, 0xd6c8, 0xd6a7, 0xc687, 0xc688, 0xd6a8, 0xd6a8, 0xd6a8, 0xd6a8,
0xdea7, 0xe6e8, 0xe6e8, 0xe6c8, 0xe6c7, 0xeec7, 0xeec7, 0xe6c7, 0xe6c7, 0xeee7, 0xff27, 0xff27, 0xf6e7, 0xeee7, 0xeec7, 0xf6c7,
0xf6e7, 0xf6e7, 0xf6e8, 0xf708, 0xf708, 0xf708, 0xff07, 0xf708, 0xf708, 0xf707, 0xff07, 0xf708, 0xf708, 0xf708, 0xf708, 0xff08,
0xff28, 0xff27, 0xff27, 0xff07, 0xff07, 0xff07, 0xff07, 0xff29, 0xff08, 0xff07, 0xff07, 0xff07, 0xff07, 0xff07, 0xff08, 0xff28,
0xff28, 0xff09, 0xff2a, 0xff08, 0xfee7, 0xfee7, 0xfee7, 0xff07, 0xff07, 0xfee7, 0xff07, 0xff07, 0xff07, 0xff07, 0xff28, 0xff08,
0xff08, 0xff08, 0xff07, 0xfee7, 0xfee7, 0xff07, 0xff07, 0xfee8, 0xfee7, 0xfee7, 0xfee7, 0xfee7, 0xfee7, 0xfee7, 0xfee7, 0xff08,
0xff08, 0xfee8, 0xff07, 0xff08, 0xff08, 0xff07, 0xfee7, 0xfee7, 0xff07, 0xfee7, 0xff07, 0xff07, 0xff07, 0xff07, 0xff07, 0xfee7,
0xff07, 0xff07, 0xff07, 0xff07, 0xff08, 0xff07, 0xff07, 0xff07, 0xff07, 0xff07, 0xff07, 0xff07, 0xff07, 0xff07, 0xff07, 0xff07,
0xff07, 0xff07, 0xff07, 0xff07, 0xfee7, 0xfee7, 0xfee7, 0xff07, 0xff07, 0xfee7, 0xff07, 0xff07, 0xff07, 0xff07, 0xff07, 0xff07,
0xff07, 0xff07, 0xff07, 0xff07, 0xff07, 0xff07, 0xfee6, 0xfee6, 0xfee6, 0xfee6, 0xfee6, 0xfee7, 0xfee6, 0xf6c6, 0xf6e6, 0xf6c7,
0xf6a8, 0xee66, 0xe666, 0xde67, 0xde67, 0xd647, 0xce47, 0xce27, 0xce48, 0xde88, 0xce48, 0xbde8, 0xc5e8, 0xd648, 0xc608, 0xb5c8,
0xb5a8, 0xad88, 0xad88, 0xada8, 0xb5c8, 0xada8, 0xa567, 0xad88, 0xc609, 0xd649, 0xa528, 0x7449, 0x6429, 0x5429, 0x4c28, 0x3c48,
0x4468, 0x5468, 0x4c48, 0x5468, 0x5448, 0x4408, 0x4c48, 0x5467, 0x5487, 0x64a7, 0x6ca6, 0x74a6, 0x74e7, 0x7d28, 0x7d49, 0x8548,
0x9da7, 0x9587, 0x7d48, 0x8da9, 0xa608, 0x9de8, 0x95c7, 0x9de7, 0x9e07, 0xa626, 0xa626, 0x9de5, 0xbe67, 0xbe88, 0xae46, 0xb667,
0xb648, 0xae26, 0xc6a6, 0xb646, 0xa627, 0xae27, 0xb648, 0xcea5, 0xc665, 0xa5e6, 0xae26, 0xae06, 0xc667, 0xd6e8, 0xbe46, 0xb626,
0xc687, 0xc666, 0xcea8, 0xcec9, 0xbe67, 0xc687, 0xcea6, 0xd6c8, 0xd6ca, 0xb647, 0xc687, 0xcea7, 0xd6c8, 0xdeec, 0xc687, 0xbe87,
0xd6ea, 0xd6ea, 0xcea8, 0xcec9, 0xcec9, 0xd6ea, 0xd6ea, 0xcec8, 0xcec9, 0xc6a8, 0xcea7, 0xd6eb, 0xd6ea, 0xcec7, 0xcec8, 0xc6a7,
0xcea7, 0xd6c8, 0xd6e8, 0xcec8, 0xcec8, 0xcea7, 0xcea6, 0xd6eb, 0xcea9, 0xc686, 0xcea9, 0xcea9, 0xd6c9, 0xd6c8, 0xcea7, 0xcea8,
0xcec9, 0xcec9, 0xd6c7, 0xcec8, 0xcea8, 0xcea9, 0xc6a9, 0xc688, 0xc6a8, 0xc6a8, 0xc6a8, 0xc6a8, 0xc6a8, 0xc6a8, 0xbea8, 0xc6a9,
0xbe88, 0xb668, 0xbe89, 0xbe88, 0xbe88, 0xbe89, 0xbe89, 0xb668, 0xb648, 0xbe88, 0xbe89, 0xbe68, 0xb669, 0xb649, 0xae49, 0xae4a,
0xa628, 0xa608, 0xa608, 0xa5e8, 0xa5c7, 0xa608, 0xae08, 0xae07, 0xb607, 0xae08, 0xa5e8, 0xa5c8, 0xa5c8, 0xadc8, 0xa5c8, 0xa5e8,
0xa5e8, 0xade7, 0xae08, 0xae09, 0xa608, 0xa608, 0xae48, 0xb648, 0xae28, 0xae07, 0xb607, 0xadc7, 0xb607, 0xb628, 0xae28, 0xa607,
0xb628, 0xbe49, 0xb628, 0xae27, 0xae27, 0xbe26, 0xbe05, 0xb605, 0xb668, 0xbe68, 0xb607, 0xadc7, 0xb627, 0xbe68, 0xb668, 0xb627,
0xb647, 0xbe47, 0xb606, 0xb648, 0xbe69, 0xb626, 0xb627, 0xb648, 0xb649, 0xb669, 0xae48, 0xae28, 0xbe48, 0xbe87, 0xb626, 0xae26,
0xb648, 0xb649, 0xae48, 0xb668, 0xbe67, 0xbe47, 0xbe47, 0xb627, 0xbe47, 0xc667, 0xbe47, 0xb626, 0xbe46, 0xc688, 0xb645, 0xbe45,
0xc6a8, 0xc688, 0xc686, 0xbe86, 0xbe65, 0xc688, 0xc689, 0xbe66, 0xc687, 0xc686, 0xbe66, 0xc687, 0xc687, 0xc688, 0xbe66, 0xbe67,
0xcea8, 0xcea7, 0xce87, 0xce87, 0xcea8, 0xce88, 0xc667, 0xcea9, 0xcea9, 0xcea8, 0xc6a8, 0xcea9, 0xcec9, 0xcea7, 0xc6eb, 0xceeb,
0xcec9, 0xcec8, 0xd70b, 0xcec8, 0xceca, 0xd6eb, 0xcec7, 0xd6e8, 0xd6e9, 0xd6c9, 0xd6ea, 0xcec9, 0xd6c8, 0xd6e9, 0xd6ea, 0xd6ea,
0xd6eb, 0xd6eb, 0xd6e9, 0xd6e9, 0xd6e9, 0xdf09, 0xce88, 0x8d68, 0x74e7, 0x6486, 0x6cc7, 0xcea7, 0xd6c7, 0xd6e9, 0xdf09, 0xdf0b,
0xd70b, 0xcea7, 0xceea, 0xd6ea, 0xd6e9, 0xd6e8, 0xd6c8, 0xdee9, 0xcea8, 0xcea8, 0xd6c8, 0xd6c7, 0xe70a, 0xd6c8, 0xc646, 0xce87,
0xd687, 0xd6c9, 0xce66, 0xc645, 0xc646, 0xce66, 0xd6c8, 0xce67, 0xbe05, 0xbde5, 0xb5a5, 0xbde5, 0xce47, 0xada6, 0xb5a5, 0xbdc5,
0xbdc5, 0xad45, 0xa545, 0xa565, 0x9526, 0x9d25, 0x94e5, 0x7ca5, 0x94e5, 0x7467, 0x7467, 0x9d06, 0x8d06, 0x5c49, 0x43c8, 0x3b88,
0x43a8, 0x3ba8, 0x2ba8, 0x3b88, 0x73a8, 0xac09, 0xa3ea, 0xb44b, 0xbc4b, 0xb42b, 0xb44b, 0xc48b, 0xd50d, 0xe5cf, 0xde0e, 0xe64e,
0xcdec, 0xc5ec, 0xc60c, 0xce4b, 0xd68a, 0xe6ea, 0xdee9, 0xd6a8, 0xcea8, 0xd6c7, 0xdee7, 0xdee7, 0xdee7, 0xdee6, 0xdee6, 0xdee6,
0xdee6, 0xdee6, 0xdee6, 0xdee7, 0xdee7, 0xdee7, 0xdee7, 0xdee7, 0xdee7, 0xdee7, 0xdee7, 0xdee7, 0xdee7, 0xdee7, 0xdee7, 0xdee7,
0xdee7, 0xdee7, 0xdee7, 0xdf07, 0xdf07, 0xdf07, 0xdee7, 0xdee7, 0xdee7, 0xdee7, 0xdee7, 0xdf07, 0xdf07, 0xdf07, 0xdee7, 0xdee7,
0xdee7, 0xdee7, 0xdee7, 0xdee7, 0xdee7, 0xdee7, 0xdee7, 0xdee7, 0xdee7, 0xdee7, 0xdee7, 0xdee7, 0xdee7, 0xdee7, 0xdee8, 0xdee7,
0xdee7, 0xdee7, 0xdee7, 0xdee7, 0xd6e7, 0xd6e7, 0xdee7, 0xdee7, 0xdee7, 0xdee7, 0xdee7, 0xdee8, 0xdee8, 0xdee8, 0xdee8, 0xdee8,
0xdee8, 0xd6e7, 0xdf06, 0xd6e7, 0xd6e7, 0xd6e7, 0xd6e7, 0xd6e7, 0xd6e8, 0xd6e8, 0xd6e8, 0xdee7, 0xdee7, 0xd6e8, 0xc688, 0xbe68,
0xc648, 0xb5c8, 0x9528, 0x9569, 0x9da8, 0xa5c8, 0x6c47, 0x4b47, 0x4b68, 0x4b68, 0x63a7, 0x9427, 0x8c68, 0x9588, 0x9e07, 0x9de8,

/* -72- */
0x7d48, 0x7548, 0xce66, 0xe686, 0xa5a7, 0x74e7, 0x5468, 0xb5c5, 0xce26, 0x8548, 0x8548, 0x74e9, 0xbdc6, 0xf6c5, 0x74e7, 0x5ca8,
0xde67, 0xee45, 0xe6a8, 0x9dc9, 0x74e6, 0x7507, 0xa5c7, 0xf685, 0xad46, 0x6cc6, 0x8d46, 0xe687, 0xdd85, 0xc5c7, 0x6d47, 0x5cc6,
0x8d67, 0xff2a, 0xa586, 0x6c84, 0x8526, 0xc606, 0xb5c5, 0x8505, 0x6cc5, 0x8505, 0x9d45, 0x84e6, 0xa5c7, 0xc689, 0x74e7, 0x7ce6,
0x8cc5, 0x9ce5, 0xb5e6, 0x7d27, 0x6ce6, 0x7d06, 0x74e6, 0x8526, 0x8526, 0x7506, 0x8567, 0x7d47, 0x8547, 0x8d66, 0x74e5, 0x74e6,
0x7d06, 0x8527, 0xa5c7, 0x8d26, 0x74c6, 0x8d66, 0x8d66, 0x95a7, 0x9da7, 0x8d47, 0x9587, 0x9586, 0x9586, 0xb627, 0x9da5, 0x95a5,
0x95a5, 0xa5c6, 0xae06, 0x9dc5, 0xa5e6, 0xae06, 0xa606, 0xae06, 0xae05, 0xae06, 0xbe46, 0xc665, 0xbe46, 0xade5, 0xadc5, 0xb605,
0xc666, 0xce86, 0xbe46, 0xb5e5, 0xce87, 0xc647, 0xb605, 0xcea8, 0xb627, 0xade5, 0xc6a8, 0xae07, 0xae26, 0xc6a7, 0xa627, 0xc6a9,
0xbe46, 0xae06, 0xc6a9, 0xc687, 0xbe67, 0xc687, 0xae06, 0xb606, 0xc6a7, 0xbe47, 0xbe47, 0xade7, 0xb606, 0xdec8, 0xb648, 0xbe68,
0xdec8, 0xce66, 0xce46, 0xce66, 0xd686, 0xa5e7, 0x8527, 0x64c7, 0x6d07, 0x64c7, 0x3c07, 0x4c67, 0xbe66, 0xcea6, 0xcea6, 0xcea7,
0xdeea, 0xce45, 0xc667, 0xc647, 0xbe06, 0xce46, 0xd687, 0xd687, 0xc646, 0xbe05, 0xbe05, 0xbe26, 0xdee9, 0xbe05, 0xb5c4, 0xbdc5,
0xb565, 0xce46, 0xb5a5, 0xad84, 0xb5c5, 0xb5c5, 0xbe06, 0xb5c6, 0xad85, 0xbde5, 0xad85, 0x9506, 0xb5e7, 0xada6, 0xa546, 0x9505,
0xad65, 0x9d26, 0x5428, 0x7d07, 0x9586, 0x7ce7, 0x5c27, 0x6c86, 0x5c47, 0x2308, 0x3368, 0x2b88, 0x3388, 0x2307, 0x3327, 0x5368,
0x940a, 0x940a, 0x8c0a, 0x8bea, 0xac2b, 0xd4cd, 0xcccd, 0xdd0e, 0xe56f, 0xee30, 0xee2f, 0xe60e, 0xdded, 0xd66d, 0xd6eb, 0xdf09,
0xcec9, 0xcea9, 0xcea8, 0xcea8, 0xcea7, 0xdf08, 0xdf08, 0xdf08, 0xdf07, 0xdf07, 0xdee7, 0xdee7, 0xdee7, 0xdee7, 0xdee7, 0xdee7,
0xdee7, 0xdee7, 0xdee7, 0xdee7, 0xdee7, 0xdee7, 0xdee7, 0xdee7, 0xdee7, 0xdee7, 0xdee7, 0xdee7, 0xdee7, 0xdee7, 0xdee7, 0xdee7,
0xdf07, 0xdf07, 0xdf07, 0xdf07, 0xdee7, 0xdee7, 0xdee7, 0xdee7, 0xdee7, 0xdee7, 0xdf07, 0xdf07, 0xdf07, 0xdee7, 0xdee7, 0xdee7,
0xdee7, 0xdee7, 0xdee7, 0xdee7, 0xdee7, 0xdee7, 0xdee7, 0xdee7, 0xdee7, 0xdee7, 0xdee7, 0xdee7, 0xdee7, 0xdee7, 0xdee7, 0xdee7,
0xdee7, 0xdee7, 0xdee7, 0xdee7, 0xdee7, 0xdee7, 0xdee7, 0xdee7, 0xdee7, 0xdee7, 0xdee7, 0xdee7, 0xdee7, 0xdee7, 0xdee7, 0xdee7,
0xdee7, 0xdee7, 0xdee7, 0xdee7, 0xdee7, 0xdee7, 0xdee7, 0xdee7, 0xdee7, 0xdee7, 0xdee7, 0xdee7, 0xdee7, 0xd6e7, 0xdee7, 0xdee7,
0xd6e7, 0xcec7, 0xc6a7, 0xc6a7, 0xc6c8, 0xc6c8, 0xb648, 0xa609, 0xae09, 0xae29, 0xbdea, 0xac09, 0x7b68, 0x5bc8, 0x5be8, 0x5c09,
0x6429, 0x6c69, 0x8d6a, 0x9dc9, 0xa608, 0xae28, 0xa5e8, 0x9dc7, 0xa626, 0xa627, 0xa607, 0xceaa, 0xc688, 0xae46, 0xcec9, 0xcec9,
0xd6ec, 0xceca, 0xc6a8, 0xcec9, 0xd6ea, 0xceca, 0xd6eb, 0xcec9, 0xbe88, 0xc6ca, 0xc6aa, 0xceeb, 0xc6a9, 0xb669, 0xae48, 0xae48,
0xae69, 0xb669, 0xbea9, 0xbeaa, 0xa649, 0xa649, 0xa649, 0xb689, 0xb669, 0x95c8, 0x95c8, 0x95c8, 0x95c8, 0xa628, 0x9e28, 0x9e08,
0xae48, 0xae48, 0x9e28, 0x9e48, 0x9e48, 0x9e28, 0x9e28, 0xa648, 0xa607, 0x7526, 0x7d47, 0x8da7, 0x7d47, 0x6d06, 0x6d07, 0x6ce7,
0x5ca7, 0x5487, 0x5467, 0x33a9, 0x2368, 0x7d27, 0xbe47, 0xb627, 0xb627, 0xae47, 0xbe68, 0xce89, 0xf70a, 0xc689, 0xbe69, 0xc668,
0xc667, 0xce87, 0xff27, 0xff26, 0xeec6, 0xdea7, 0xe6c7, 0xff28, 0xff47, 0xff06, 0xff06, 0xff27, 0xff27, 0xff27, 0xff26, 0xff06,
0xff06, 0xff06, 0xff06, 0xff06, 0xfee6, 0xfee5, 0xfee5, 0xfee6, 0xff07, 0xff06, 0xff06, 0xff06, 0xff06, 0xff06, 0xff06, 0xff06,
0xff06, 0xff07, 0xff07, 0xff06, 0xff06, 0xff06, 0xff06, 0xff06, 0xff07, 0xff07, 0xff07, 0xff06, 0xff06, 0xff06, 0xff06, 0xff06,
0xff06, 0xff06, 0xff06, 0xfee6, 0xff06, 0xff06, 0xff06, 0xff06, 0xff06, 0xff08, 0xff08, 0xff27, 0xff26, 0xff26, 0xff28, 0xff29,
0xff27, 0xff29, 0xff2b, 0xff08, 0xff08, 0xff08, 0xff07, 0xff09, 0xff2b, 0xff07, 0xff08, 0xff2a, 0xff2a, 0xff2b, 0xff29, 0xff08,
0xff29, 0xff08, 0xff06, 0xff07, 0xff2a, 0xff07, 0xff06, 0xff09, 0xff0a, 0xff0a, 0xff09, 0xff07, 0xff09, 0xff2b, 0xff2b, 0xff2a,
0xff0a, 0xff0a, 0xff0b, 0xff09, 0xff08, 0xff2b, 0xff07, 0xff0a, 0xff09, 0xff06, 0xff2a, 0xff2b, 0xff28, 0xff2a, 0xff2b, 0xff2b,
0xff09, 0xff07, 0xff09, 0xff29, 0xff2b, 0xff29, 0xff07, 0xff2a, 0xff29, 0xff28, 0xff2a, 0xff28, 0xff2a, 0xff2b, 0xff07, 0xff07,
0xff2b, 0xff2b, 0xff06, 0xff06, 0xff07, 0xff09, 0xff2a, 0xff09, 0xff09, 0xff2b, 0xff07, 0xff07, 0xff0a, 0xff09, 0xff2c, 0xff2a,
0xff2c, 0xff29, 0xff06, 0xff07, 0xff08, 0xff08, 0xfee6, 0xfee7, 0xff07, 0xff07, 0xfee5, 0xfee5, 0xff07, 0xff27, 0xff27, 0xff47,
0xff47, 0xff47, 0xff69, 0xff68, 0xff47, 0xff47, 0xff67, 0xff68, 0xff67, 0xff67, 0xff67, 0xff68, 0xff68, 0xff47, 0xff67, 0xff67,
0xff87, 0xff88, 0xff67, 0xff67, 0xff67, 0xff66, 0xff67, 0xff67, 0xff67, 0xff67, 0xdea8, 0xb609, 0xb5e9, 0xadc9, 0xadc9, 0xa5e9,
0xade9, 0xade9, 0xadc8, 0xa5a8, 0xa5a8, 0xade8, 0xb629, 0xbe49, 0xbe49, 0xce88, 0xd646, 0xb544, 0x3b85, 0x2b66, 0x3386, 0x7cc6,
0x5426, 0x33a6, 0x33a7, 0x33c7, 0x3c07, 0x4c87, 0x54a8, 0x64c8, 0x74e8, 0x74e8, 0x7d08, 0x8d86, 0x7d06, 0x8526, 0x8547, 0x7d28,
0xae29, 0xa608, 0x8da7, 0x95a6, 0x8da6, 0x8567, 0x8d67, 0x9da5, 0x9566, 0x8547, 0x8d67, 0x8d67, 0xb647, 0xbe46, 0x9587, 0x9dc7,
0xbe47, 0xbe27, 0xa5e7, 0xa5e6, 0x9586, 0xa5e6, 0xade6, 0xa5e7, 0xb648, 0x9dc6, 0xa5e6, 0x9dc7, 0x9de7, 0xbe69, 0xc6a7, 0xa5e5,
0xa607, 0xbe68, 0xd6a6, 0xd6c7, 0xae68, 0xae28, 0xb668, 0xc688, 0xceca, 0xc688, 0xae26, 0xae47, 0xb667, 0xc687, 0xd6ea, 0xb626,
0xb5c5, 0xce66, 0xdee9, 0xc6c9, 0xb6a8, 0xd6c8, 0xce66, 0xae07, 0xae48, 0xae27, 0xb648, 0xc6cb, 0xb648, 0xb646, 0xbe87, 0xae47,
0xc6a8, 0xc6a8, 0xae26, 0xc6a8, 0xbe88, 0xbe68, 0xc689, 0xae07, 0xa5e6, 0xbe67, 0xb647, 0xa5e6, 0xae27, 0xbe89, 0x9de7, 0xa627,
0x9de7, 0x8d86, 0x9dc6, 0x95a6, 0x95a6, 0x95a6, 0x8d86, 0x9587, 0x9dc7, 0x7d26, 0x8566, 0xd6a7, 0x8d67, 0x64a6, 0x8547, 0x8d87,
0x7d48, 0x7548, 0xce66, 0xe686, 0xa5a7, 0x74e7, 0x5468, 0xb5c5, 0xce26, 0x8548, 0x8548, 0x74e9, 0xbdc6, 0xf6c5, 0x74e7, 0x5ca8,
0xde67, 0xee45, 0xe6a8, 0x9dc9, 0x74e6, 0x7507, 0xa5c7, 0xf685, 0xad46, 0x6cc6, 0x8d46, 0xe687, 0xdd85, 0xc5c7, 0x6d47, 0x5cc6,
0x8d67, 0xff2a, 0xa586, 0x6c84, 0x8526, 0xc606, 0xb5c5, 0x8505, 0x6cc5, 0x8505, 0x9d45, 0x84e6, 0xa5c7, 0xc689, 0x74e7, 0x7ce6,
0x8cc5, 0x9ce5, 0xb5e6, 0x7d27, 0x6ce6, 0x7d06, 0x74e6, 0x8526, 0x8526, 0x7506, 0x8567, 0x7d47, 0x8547, 0x8d66, 0x74e5, 0x74e6,
0x7d06, 0x8527, 0xa5c7, 0x8d26, 0x74c6, 0x8d66, 0x8d66, 0x95a7, 0x9da7, 0x8d47, 0x9587, 0x9586, 0x9586, 0xb627, 0x9da5, 0x95a5,
0x95a5, 0xa5c6, 0xae06, 0x9dc5, 0xa5e6, 0xae06, 0xa606, 0xae06, 0xae05, 0xae06, 0xbe46, 0xc665, 0xbe46, 0xade5, 0xadc5, 0xb605,
0xc666, 0xce86, 0xbe46, 0xb5e5, 0xce87, 0xc647, 0xb605, 0xcea8, 0xb627, 0xade5, 0xc6a8, 0xae07, 0xae26, 0xc6a7, 0xa627, 0xc6a9,
0xbe46, 0xae06, 0xc6a9, 0xc687, 0xbe67, 0xc687, 0xae06, 0xb606, 0xc6a7, 0xbe47, 0xbe47, 0xade7, 0xb606, 0xdec8, 0xb648, 0xbe68,
0xdec8, 0xce66, 0xce46, 0xce66, 0xd686, 0xa5e7, 0x8527, 0x64c7, 0x6d07, 0x64c7, 0x3c07, 0x4c67, 0xbe66, 0xcea6, 0xcea6, 0xcea7,
0xdeea, 0xce45, 0xc667, 0xc647, 0xbe06, 0xce46, 0xd687, 0xd687, 0xc646, 0xbe05, 0xbe05, 0xbe26, 0xdee9, 0xbe05, 0xb5c4, 0xbdc5,
0xb565, 0xce46, 0xb5a5, 0xad84, 0xb5c5, 0xb5c5, 0xbe06, 0xb5c6, 0xad85, 0xbde5, 0xad85, 0x9506, 0xb5e7, 0xada6, 0xa546, 0x9505,
0xad65, 0x9d26, 0x5428, 0x7d07, 0x9586, 0x7ce7, 0x5c27, 0x6c86, 0x5c47, 0x2308, 0x3368, 0x2b88, 0x3388, 0x2307, 0x3327, 0x5368,
0x940a, 0x940a, 0x8c0a, 0x8bea, 0xac2b, 0xd4cd, 0xcccd, 0xdd0e, 0xe56f, 0xee30, 0xee2f, 0xe60e, 0xdded, 0xd66d, 0xd6eb, 0xdf09,
0xcec9, 0xcea9, 0xcea8, 0xcea8, 0xcea7, 0xdf08, 0xdf08, 0xdf08, 0xdf07, 0xdf07, 0xdee7, 0xdee7, 0xdee7, 0xdee7, 0xdee7, 0xdee7,
0xdee7, 0xdee7, 0xdee7, 0xdee7, 0xdee7, 0xdee7, 0xdee7, 0xdee7, 0xdee7, 0xdee7, 0xdee7, 0xdee7, 0xdee7, 0xdee7, 0xdee7, 0xdee7,
0xdf07, 0xdf07, 0xdf07, 0xdf07, 0xdee7, 0xdee7, 0xdee7, 0xdee7, 0xdee7, 0xdee7, 0xdf07, 0xdf07, 0xdf07, 0xdee7, 0xdee7, 0xdee7,
0xdee7, 0xdee7, 0xdee7, 0xdee7, 0xdee7, 0xdee7, 0xdee7, 0xdee7, 0xdee7, 0xdee7, 0xdee7, 0xdee7, 0xdee7, 0xdee7, 0xdee7, 0xdee7,
0xdee7, 0xdee7, 0xdee7, 0xdee7, 0xdee7, 0xdee7, 0xdee7, 0xdee7, 0xdee7, 0xdee7, 0xdee7, 0xdee7, 0xdee7, 0xdee7, 0xdee7, 0xdee7,
0xdee7, 0xdee7, 0xdee7, 0xdee7, 0xdee7, 0xdee7, 0xdee7, 0xdee7, 0xdee7, 0xdee7, 0xdee7, 0xdee7, 0xdee7, 0xd6e7, 0xdee7, 0xdee7,
0xd6e7, 0xcec7, 0xc6a7, 0xc6a7, 0xc6c8, 0xc6c8, 0xb648, 0xa609, 0xae09, 0xae29, 0xbdea, 0xac09, 0x7b68, 0x5bc8, 0x5be8, 0x5c09,

/* -73- */
0xb627, 0xade7, 0xeec6, 0xfee5, 0xd646, 0xa5c7, 0x9567, 0xdea6, 0xeec6, 0xb608, 0xb5e7, 0xb5e7, 0xe686, 0xff06, 0xb5e7, 0xa5a6,
0xf6a6, 0xfea5, 0xfec7, 0xce67, 0xb5c5, 0xb5c5, 0xce46, 0xfee5, 0xd626, 0xb607, 0xc627, 0xf6e7, 0xf645, 0xde46, 0xb607, 0xadc6,
0xbe06, 0xff28, 0xd646, 0xb5e6, 0xc626, 0xe665, 0xe645, 0xc5e5, 0xb5c5, 0xbdc5, 0xce05, 0xce05, 0xd666, 0xdec8, 0xbe27, 0x9d87,
0xce06, 0xd627, 0xde87, 0xc647, 0xada6, 0x8d05, 0x9d45, 0xc605, 0xce26, 0xad85, 0x6486, 0x9dc7, 0xd645, 0xb584, 0xbdc5, 0xbdc5,
0x7ca6, 0x9d45, 0x84c5, 0x6446, 0xada5, 0xc624, 0xc625, 0x74e7, 0x74e7, 0xa5a6, 0x64a6, 0x6cc6, 0xc5e5, 0xad84, 0x6ca5, 0xb626,
0xce88, 0x6466, 0x6445, 0x6c86, 0x7ce5, 0x6ca6, 0x6cc6, 0x7ce6, 0x8526, 0x7d06, 0x7d07, 0x9586, 0x8d66, 0x7d06, 0x74a6, 0x7cc6,
0x8d26, 0x9546, 0x7ca6, 0x84c5, 0x9566, 0x9d86, 0x8d26, 0x9d86, 0x9d86, 0x8d26, 0x9da7, 0x9da7, 0x9da6, 0x9da6, 0x8526, 0x9dc7,
0xa5a6, 0x9d65, 0xade7, 0xa5c6, 0xa585, 0xa585, 0x9545, 0xa5a6, 0x9d66, 0x9526, 0xa5c6, 0x9d65, 0x9d65, 0xc645, 0x9dc7, 0x9de7,
0xa5c7, 0xce05, 0xde24, 0xb5e6, 0x8567, 0x7d27, 0x8da9, 0x95c8, 0x7547, 0x64c7, 0x33c7, 0x4c47, 0x8d87, 0x8527, 0x9546, 0xbde4,
0xce48, 0xad64, 0x9546, 0xb5c6, 0xc565, 0xbd05, 0xce06, 0xc5e5, 0xb585, 0xb5a6, 0xa546, 0xbda5, 0xc606, 0xad44, 0xa565, 0x9506,
0xb545, 0xbd85, 0x9d06, 0x8ce6, 0x8d06, 0x9d66, 0xa566, 0x94e6, 0x9ce5, 0x94e5, 0x7466, 0x7ca6, 0xadc7, 0x9d66, 0x6c27, 0x7c66,
0xa545, 0x6c88, 0x33a9, 0x4c08, 0x5c28, 0x4be8, 0x3368, 0x4428, 0x7468, 0x6368, 0x6368, 0x73ea, 0x6bca, 0x6b89, 0x7389, 0x8bca,
0xdcac, 0xe54e, 0xe52d, 0xe4ed, 0xed6d, 0xf6b1, 0xee8f, 0xd5ac, 0xd60c, 0xdeeb, 0xe70c, 0xe70b, 0xd689, 0xce68, 0xcea7, 0xd6c7,
0xd6e8, 0xdf08, 0xdf08, 0xdee8, 0xdee8, 0xdee8, 0xdee8, 0xdee7, 0xdee8, 0xdee7, 0xdf07, 0xdee7, 0xdee7, 0xdee7, 0xdee7, 0xdee7,
0xdee7, 0xdee7, 0xdee7, 0xdee7, 0xdee7, 0xdf07, 0xdf07, 0xdf07, 0xdf07, 0xdf07, 0xdf07, 0xdf07, 0xdf07, 0xdf07, 0xdee7, 0xdf07,
0xdf07, 0xdf07, 0xdf07, 0xdf07, 0xdf07, 0xdf07, 0xdee7, 0xdee7, 0xdee7, 0xdee7, 0xdf07, 0xdf07, 0xdf07, 0xdee7, 0xdf07, 0xdee7,
0xdee7, 0xdee6, 0xdee7, 0xdee6, 0xdee7, 0xdee7, 0xdee7, 0xdee7, 0xdee6, 0xdee6, 0xdee7, 0xdee7, 0xdee7, 0xdee7, 0xdee7, 0xdee7,
0xdee7, 0xdee7, 0xdee7, 0xdee7, 0xdee7, 0xdee7, 0xdee7, 0xdee7, 0xdee7, 0xdee7, 0xdee7, 0xdee7, 0xdee7, 0xdf07, 0xdee7, 0xdee7,
0xdee7, 0xdee7, 0xdee7, 0xdee7, 0xdee7, 0xdee7, 0xdee7, 0xdee7, 0xdee7, 0xdee7, 0xdee7, 0xdee7, 0xdee7, 0xdee6, 0xd6e7, 0xd6e7,
0xd6e7, 0xd6e7, 0xd6e7, 0xd6e7, 0xdf07, 0xd6e7, 0xdf07, 0xd708, 0xcee8, 0xd708, 0xdec8, 0xcd89, 0xb528, 0x9d08, 0x9548, 0x9d48,
0x94c8, 0x5ba9, 0x5be9, 0x6428, 0x6428, 0x6428, 0x6449, 0x6cc9, 0x8567, 0x8567, 0xa629, 0xb649, 0xae08, 0xa627, 0xae28, 0xb627,
0xc668, 0xbe27, 0xbe26, 0x9da7, 0x7d08, 0x9da8, 0xae49, 0xc6ca, 0xbeaa, 0xae49, 0x9e09, 0x95e8, 0x95c7, 0x95c7, 0xcea8, 0xb628,
0x8da7, 0x95e8, 0x95e8, 0x95e8, 0xa649, 0xb669, 0xa629, 0x8dc8, 0x95e8, 0xc647, 0xc647, 0xc647, 0xbe47, 0xae07, 0x7d26, 0x5ca7,
0x9587, 0xcea7, 0xc6a7, 0xc6a7, 0xcea7, 0xcea8, 0xc688, 0xcec8, 0xc6a8, 0x64e6, 0x6507, 0x6d27, 0x95e8, 0xae27, 0x7506, 0x64c6,
0x5466, 0x4c26, 0x3367, 0x1aa7, 0x12c7, 0x8d06, 0xfee5, 0xff65, 0xff46, 0xff08, 0xff28, 0xeec8, 0xff28, 0xff48, 0xff48, 0xff28,
0xff27, 0xff27, 0xff28, 0xff07, 0xff27, 0xff26, 0xff07, 0xff07, 0xff07, 0xff08, 0xff29, 0xff08, 0xff06, 0xff07, 0xfee7, 0xfee7,
0xff07, 0xff07, 0xfee7, 0xff07, 0xff07, 0xfee5, 0xfee5, 0xff07, 0xff0a, 0xff08, 0xff06, 0xff07, 0xff0a, 0xff08, 0xff06, 0xfee6,
0xfee6, 0xfee6, 0xff07, 0xff07, 0xff06, 0xfee6, 0xff06, 0xff08, 0xff08, 0xff07, 0xff26, 0xff07, 0xff07, 0xff06, 0xff06, 0xff06,
0xff06, 0xff06, 0xff05, 0xfee5, 0xff05, 0xff06, 0xff06, 0xff07, 0xff06, 0xff07, 0xff07, 0xff27, 0xff2a, 0xff27, 0xff06, 0xff26,
0xff27, 0xff07, 0xff07, 0xff07, 0xff08, 0xff08, 0xff07, 0xff07, 0xff08, 0xff08, 0xff28, 0xff28, 0xff29, 0xff2b, 0xff29, 0xff08,
0xff2c, 0xff28, 0xff2b, 0xff2a, 0xff07, 0xff07, 0xff27, 0xff29, 0xff2a, 0xff07, 0xff08, 0xff08, 0xff09, 0xff09, 0xff09, 0xff29,
0xff09, 0xff09, 0xff0a, 0xff09, 0xff07, 0xff0a, 0xff07, 0xff08, 0xff08, 0xff08, 0xff29, 0xff2b, 0xff28, 0xff2a, 0xff07, 0xff08,
0xff08, 0xff07, 0xff0a, 0xff29, 0xff28, 0xff28, 0xff07, 0xff2a, 0xff29, 0xff07, 0xff29, 0xff07, 0xff2a, 0xff29, 0xff06, 0xff07,
0xff2a, 0xff2a, 0xff08, 0xff08, 0xff29, 0xff28, 0xff29, 0xff29, 0xff29, 0xff29, 0xff29, 0xff09, 0xff09, 0xff07, 0xff29, 0xff29,
0xff2a, 0xff08, 0xff06, 0xff29, 0xff29, 0xff28, 0xff07, 0xff4d, 0xff4b, 0xff06, 0xff07, 0xff28, 0xff4c, 0xff4b, 0xff26, 0xff27,
0xff2a, 0xff4b, 0xff4c, 0xff28, 0xff27, 0xff28, 0xff4b, 0xff4a, 0xff28, 0xff27, 0xff4a, 0xff4b, 0xff4b, 0xff48, 0xff28, 0xff28,
0xff29, 0xff4b, 0xff4d, 0xf72a, 0xff4b, 0xff6b, 0xff49, 0xff6c, 0xff8e, 0xff6b, 0xff89, 0xffaa, 0xff8a, 0xff8b, 0xff8b, 0xff8a,
0xff8a, 0xff89, 0xff89, 0xff8a, 0xff8a, 0xff69, 0xff48, 0xff69, 0xff48, 0xff28, 0xff06, 0xee85, 0xad67, 0x9547, 0x9d67, 0xce27,
0xa5a7, 0x9d67, 0x9d67, 0x9d68, 0x9d68, 0xada8, 0xa548, 0x7427, 0x7448, 0x6c28, 0x5be8, 0x5c07, 0x53e7, 0x5407, 0x5407, 0x4c08,
0x6489, 0x6489, 0x6488, 0x6c88, 0x4c08, 0x4c08, 0x7ce7, 0x9586, 0x6c67, 0x4bc8, 0x6ca7, 0x74e8, 0x74c8, 0x8547, 0x8507, 0x4c29,
0x8d28, 0xb5c5, 0x74c7, 0x64a8, 0x7d07, 0x9566, 0x9546, 0x7ce6, 0x74e6, 0x8d66, 0x8d86, 0x8d67, 0x8d86, 0x8d86, 0x8526, 0x8546,
0x9587, 0x8d67, 0xb5a5, 0xadc5, 0x7547, 0x9586, 0x9d66, 0xa5a7, 0xbe07, 0x8566, 0x7d46, 0xa5c6, 0x9dc6, 0x95a7, 0x9dc7, 0x8547,
0x9d66, 0xa5c6, 0xade7, 0x9de8, 0x7d88, 0x9587, 0xad66, 0x7cc7, 0x8567, 0xa607, 0x95a7, 0x9589, 0x8d67, 0x8d86, 0x8d86, 0x95c7,
0x9587, 0x8d67, 0x9dc6, 0x9da6, 0xae07, 0xa5e7, 0x8568, 0x8d87, 0x9d86, 0x7d07, 0x8d26, 0xb606, 0x95a7, 0x7d47, 0x8526, 0x8546,
0xc646, 0xce26, 0x9d85, 0x9585, 0x8565, 0xb606, 0xce66, 0xa5c6, 0x7d26, 0xade6, 0xc647, 0xe6a5, 0xb607, 0xa5c8, 0xbe26, 0xce46,
0xb627, 0xade7, 0xeec6, 0xfee5, 0xd646, 0xa5c7, 0x9567, 0xdea6, 0xeec6, 0xb608, 0xb5e7, 0xb5e7, 0xe686, 0xff06, 0xb5e7, 0xa5a6,
0xf6a6, 0xfea5, 0xfec7, 0xce67, 0xb5c5, 0xb5c5, 0xce46, 0xfee5, 0xd626, 0xb607, 0xc627, 0xf6e7, 0xf645, 0xde46, 0xb607, 0xadc6,
0xbe06, 0xff28, 0xd646, 0xb5e6, 0xc626, 0xe665, 0xe645, 0xc5e5, 0xb5c5, 0xbdc5, 0xce05, 0xce05, 0xd666, 0xdec8, 0xbe27, 0x9d87,
0xce06, 0xd627, 0xde87, 0xc647, 0xada6, 0x8d05, 0x9d45, 0xc605, 0xce26, 0xad85, 0x6486, 0x9dc7, 0xd645, 0xb584, 0xbdc5, 0xbdc5,
0x7ca6, 0x9d45, 0x84c5, 0x6446, 0xada5, 0xc624, 0xc625, 0x74e7, 0x74e7, 0xa5a6, 0x64a6, 0x6cc6, 0xc5e5, 0xad84, 0x6ca5, 0xb626,
0xce88, 0x6466, 0x6445, 0x6c86, 0x7ce5, 0x6ca6, 0x6cc6, 0x7ce6, 0x8526, 0x7d06, 0x7d07, 0x9586, 0x8d66, 0x7d06, 0x74a6, 0x7cc6,
0x8d26, 0x9546, 0x7ca6, 0x84c5, 0x9566, 0x9d86, 0x8d26, 0x9d86, 0x9d86, 0x8d26, 0x9da7, 0x9da7, 0x9da6, 0x9da6, 0x8526, 0x9dc7,
0xa5a6, 0x9d65, 0xade7, 0xa5c6, 0xa585, 0xa585, 0x9545, 0xa5a6, 0x9d66, 0x9526, 0xa5c6, 0x9d65, 0x9d65, 0xc645, 0x9dc7, 0x9de7,
0xa5c7, 0xce05, 0xde24, 0xb5e6, 0x8567, 0x7d27, 0x8da9, 0x95c8, 0x7547, 0x64c7, 0x33c7, 0x4c47, 0x8d87, 0x8527, 0x9546, 0xbde4,
0xce48, 0xad64, 0x9546, 0xb5c6, 0xc565, 0xbd05, 0xce06, 0xc5e5, 0xb585, 0xb5a6, 0xa546, 0xbda5, 0xc606, 0xad44, 0xa565, 0x9506,
0xb545, 0xbd85, 0x9d06, 0x8ce6, 0x8d06, 0x9d66, 0xa566, 0x94e6, 0x9ce5, 0x94e5, 0x7466, 0x7ca6, 0xadc7, 0x9d66, 0x6c27, 0x7c66,
0xa545, 0x6c88, 0x33a9, 0x4c08, 0x5c28, 0x4be8, 0x3368, 0x4428, 0x7468, 0x6368, 0x6368, 0x73ea, 0x6bca, 0x6b89, 0x7389, 0x8bca,
0xdcac, 0xe54e, 0xe52d, 0xe4ed, 0xed6d, 0xf6b1, 0xee8f, 0xd5ac, 0xd60c, 0xdeeb, 0xe70c, 0xe70b, 0xd689, 0xce68, 0xcea7, 0xd6c7,
0xd6e8, 0xdf08, 0xdf08, 0xdee8, 0xdee8, 0xdee8, 0xdee8, 0xdee7, 0xdee8, 0xdee7, 0xdf07, 0xdee7, 0xdee7, 0xdee7, 0xdee7, 0xdee7,
0xdee7, 0xdee7, 0xdee7, 0xdee7, 0xdee7, 0xdf07, 0xdf07, 0xdf07, 0xdf07, 0xdf07, 0xdf07, 0xdf07, 0xdf07, 0xdf07, 0xdee7, 0xdf07,
0xdf07, 0xdf07, 0xdf07, 0xdf07, 0xdf07, 0xdf07, 0xdee7, 0xdee7, 0xdee7, 0xdee7, 0xdf07, 0xdf07, 0xdf07, 0xdee7, 0xdf07, 0xdee7,
0xdee7, 0xdee6, 0xdee7, 0xdee6, 0xdee7, 0xdee7, 0xdee7, 0xdee7, 0xdee6, 0xdee6, 0xdee7, 0xdee7, 0xdee7, 0xdee7, 0xdee7, 0xdee7,
0xdee7, 0xdee7, 0xdee7, 0xdee7, 0xdee7, 0xdee7, 0xdee7, 0xdee7, 0xdee7, 0xdee7, 0xdee7, 0xdee7, 0xdee7, 0xdf07, 0xdee7, 0xdee7,
0xdee7, 0xdee7, 0xdee7, 0xdee7, 0xdee7, 0xdee7, 0xdee7, 0xdee7, 0xdee7, 0xdee7, 0xdee7, 0xdee7, 0xdee7, 0xdee6, 0xd6e7, 0xd6e7,
0xd6e7, 0xd6e7, 0xd6e7, 0xd6e7, 0xdf07, 0xd6e7, 0xdf07, 0xd708, 0xcee8, 0xd708, 0xdec8, 0xcd89, 0xb528, 0x9d08, 0x9548, 0x9d48,

/* -74- */
0xff47, 0xff05, 0xff05, 0xfee5, 0xff26, 0xfee6, 0xff06, 0xff47, 0xff47, 0xff47, 0xff26, 0xfee5, 0xff06, 0xff27, 0xff46, 0xff26,
0xfee5, 0xfee5, 0xfee6, 0xff06, 0xfee5, 0xfee4, 0xff05, 0xff05, 0xff26, 0xff68, 0xff26, 0xff06, 0xff05, 0xff25, 0xff26, 0xff26,
0xff05, 0xff06, 0xff26, 0xff46, 0xff05, 0xfea4, 0xfec5, 0xff06, 0xff27, 0xff27, 0xfee5, 0xff05, 0xff06, 0xfee6, 0xff26, 0xde88,
0xff28, 0xff47, 0xff07, 0xff26, 0xee87, 0xc5a6, 0xe626, 0xff06, 0xff27, 0xee86, 0x74c8, 0xc648, 0xfee4, 0xde05, 0xeea7, 0xfee7,
0x94e7, 0xc5c5, 0x9d26, 0x84c7, 0xe6a5, 0xeea5, 0xeec5, 0x84e7, 0x74a7, 0xc605, 0x7485, 0x84a5, 0xe604, 0xc584, 0x74a5, 0xd686,
0xf708, 0x74a7, 0x6446, 0x8ce6, 0xa565, 0x7ca6, 0x7486, 0x7c86, 0x9d06, 0xb545, 0x7466, 0x6c86, 0x74a6, 0x6ca7, 0x9505, 0x8485,
0x6446, 0x6466, 0x7ca5, 0x84a5, 0x6446, 0x7486, 0x94c5, 0x8ca6, 0x74a6, 0x6ca6, 0x74c7, 0x9d46, 0xa545, 0x74a7, 0x5c67, 0x74a6,
0x9505, 0x9505, 0x8ce6, 0x7486, 0x8ce5, 0x84c5, 0x8506, 0x9546, 0x9506, 0x8ce6, 0x8d05, 0x9505, 0x9505, 0x9d05, 0x7d27, 0x7d27,
0x8ca7, 0xb505, 0xb565, 0x8d47, 0x5ca7, 0x7547, 0xae69, 0x9e08, 0x7507, 0x4c06, 0x2b27, 0x6466, 0x6ca7, 0x2ae6, 0x3b26, 0xad65,
0xa525, 0xa525, 0x74c7, 0xa546, 0xcd05, 0xa466, 0xc5a6, 0xbda6, 0x9526, 0xad66, 0x8cc7, 0xbd66, 0xbd65, 0xa526, 0x8d07, 0x7cc8,
0xb525, 0xb525, 0x7ca8, 0x5c48, 0x6c67, 0x9526, 0x84c6, 0x7426, 0x8ca6, 0x63e6, 0x3347, 0x5407, 0x84e7, 0x7467, 0x3349, 0x5c08,
0x7c87, 0x53c8, 0x4b69, 0x4349, 0x4309, 0x4b2a, 0x4b4a, 0x4b6a, 0x9c49, 0xb409, 0xb40a, 0xd4cd, 0xdccd, 0xd4ad, 0xdd0e, 0xdd2e,
0xe56e, 0xf670, 0xeeb0, 0xeeae, 0xde8c, 0xdeed, 0xdeeb, 0xd6a8, 0xd6a7, 0xcea6, 0xd6e8, 0xd6e8, 0xdee9, 0xdee9, 0xdee8, 0xdee8,
0xdf08, 0xdf09, 0xdee8, 0xdf09, 0xdee8, 0xd6e8, 0xdee9, 0xdf08, 0xdf08, 0xdee8, 0xdee7, 0xdee7, 0xdee7, 0xdee7, 0xdf07, 0xdee7,
0xdee7, 0xdee7, 0xdf07, 0xdf07, 0xdf06, 0xe709, 0xdf08, 0xdf07, 0xdf08, 0xe707, 0xdf07, 0xdf07, 0xdf08, 0xdf08, 0xdf07, 0xdf08,
0xdf08, 0xdf07, 0xdf07, 0xdf07, 0xdf07, 0xdf07, 0xdf07, 0xdf07, 0xdf07, 0xdf06, 0xdf07, 0xdf08, 0xdf08, 0xdf07, 0xdf07, 0xdf08,
0xdf07, 0xdee7, 0xdf07, 0xdf07, 0xdee7, 0xdee7, 0xdee7, 0xdee7, 0xdf07, 0xdee7, 0xdee7, 0xdee7, 0xdf07, 0xdf07, 0xdf07, 0xdf07,
0xdf07, 0xdf07, 0xdf07, 0xdf07, 0xdee7, 0xdee7, 0xdee7, 0xdee7, 0xdee7, 0xdee7, 0xdee7, 0xdf07, 0xdf07, 0xdf07, 0xdf07, 0xdf07,
0xdf07, 0xdee7, 0xdee7, 0xdee7, 0xdee7, 0xdee7, 0xdee6, 0xdf07, 0xdee7, 0xdee7, 0xdee7, 0xdee6, 0xdee7, 0xdee7, 0xdee7, 0xdee7,
0xdee7, 0xdee7, 0xd6e7, 0xdee8, 0xdee8, 0xdf08, 0xdf07, 0xdf07, 0xdee6, 0xdee6, 0xdec6, 0xe706, 0xe727, 0xe748, 0xe726, 0xdee5,
0xde47, 0x9c88, 0x7c28, 0x73e8, 0x6bc8, 0x63a8, 0x6ba9, 0x6bc9, 0x7449, 0x6449, 0x8d69, 0x8d49, 0x8508, 0x8547, 0x7d27, 0x9546,
0xada6, 0x9d86, 0xa586, 0x6c67, 0x3387, 0x5427, 0x5c47, 0x9de9, 0xa609, 0x8da7, 0x8d87, 0x9de7, 0xa5e7, 0xa5c7, 0xff28, 0xce67,
0x8526, 0x9dc6, 0xa5e7, 0xae07, 0xd6a8, 0xe6e8, 0xd6a9, 0xb629, 0xbe49, 0xff28, 0xff28, 0xff28, 0xff48, 0xef09, 0x6cc7, 0x43e6,
0x6487, 0x9567, 0xd6a7, 0xff47, 0xff26, 0xff08, 0xff28, 0xc668, 0xa608, 0xc688, 0x7507, 0x5447, 0x74e7, 0x8d87, 0x8d46, 0x5c46,
0x4c06, 0x43e6, 0x1ac7, 0x1ac7, 0x4be7, 0xe6a6, 0xeec5, 0x8d07, 0xc628, 0xff49, 0xff08, 0xff29, 0xff29, 0xff09, 0xff09, 0xff07,
0xff06, 0xff06, 0xff09, 0xff09, 0xff06, 0xff06, 0xff06, 0xff08, 0xff09, 0xfee6, 0xfee6, 0xfee6, 0xfee6, 0xff08, 0xff09, 0xff08,
0xff07, 0xff07, 0xff08, 0xff0a, 0xff07, 0xff07, 0xff07, 0xff07, 0xff0a, 0xff08, 0xff07, 0xff08, 0xff0b, 0xff09, 0xff07, 0xff07,
0xff07, 0xff06, 0xff07, 0xff08, 0xff08, 0xff07, 0xff06, 0xff08, 0xff08, 0xff07, 0xff07, 0xff07, 0xff07, 0xff07, 0xff08, 0xff08,
0xff07, 0xff06, 0xff07, 0xff08, 0xff08, 0xff06, 0xff27, 0xff0b, 0xff07, 0xff06, 0xff06, 0xff06, 0xff2a, 0xff28, 0xff27, 0xff06,
0xff07, 0xff27, 0xff07, 0xff09, 0xff09, 0xff06, 0xff06, 0xff06, 0xff06, 0xff07, 0xff07, 0xff06, 0xff06, 0xff27, 0xff27, 0xff06,
0xff07, 0xff27, 0xff2b, 0xff2b, 0xff07, 0xff29, 0xff28, 0xff06, 0xff06, 0xfee5, 0xff06, 0xff08, 0xff06, 0xff06, 0xff06, 0xff06,
0xff06, 0xff06, 0xff06, 0xff06, 0xff05, 0xff05, 0xff06, 0xff06, 0xff08, 0xff0a, 0xff06, 0xff06, 0xff06, 0xff28, 0xff07, 0xff06,
0xff06, 0xff06, 0xff06, 0xff06, 0xff06, 0xff06, 0xff26, 0xff06, 0xff26, 0xff06, 0xff06, 0xff06, 0xff05, 0xff05, 0xff05, 0xff06,
0xff05, 0xff06, 0xff29, 0xff2a, 0xff29, 0xff07, 0xff06, 0xff28, 0xff27, 0xff06, 0xff28, 0xff28, 0xff07, 0xff06, 0xff06, 0xff05,
0xff05, 0xff06, 0xff06, 0xff28, 0xff27, 0xff06, 0xff27, 0xff28, 0xff28, 0xff27, 0xff2a, 0xff4a, 0xff27, 0xff28, 0xff28, 0xff27,
0xff4a, 0xff28, 0xff27, 0xff28, 0xff28, 0xff28, 0xff27, 0xff27, 0xff49, 0xff6b, 0xff4b, 0xff28, 0xff49, 0xff6a, 0xff6c, 0xff6c,
0xff4a, 0xff49, 0xff4a, 0xff4a, 0xff29, 0xff29, 0xff28, 0xff4b, 0xff2a, 0xff27, 0xff69, 0xff28, 0xff28, 0xff4a, 0xff6b, 0xff49,
0xff07, 0xfee5, 0xfee4, 0xf72b, 0xf709, 0xfee6, 0xfec5, 0xfec4, 0xf6e6, 0xf6e7, 0xf6c6, 0xff07, 0xff07, 0xff28, 0xff08, 0xfee7,
0xff28, 0xff27, 0xfee6, 0xff6a, 0xff29, 0xfec6, 0xf646, 0xac86, 0x9c68, 0x9ca9, 0x6bca, 0x6baa, 0x6be9, 0x6bc9, 0x63a9, 0x5b89,
0x5b69, 0x5389, 0x5b89, 0x5b69, 0x42e8, 0x3b29, 0x7c88, 0x9d07, 0x63c9, 0x432a, 0x6c28, 0x7487, 0x4c28, 0x5c68, 0x6427, 0x2b2a,
0x5c07, 0x8ca5, 0x5c07, 0x33ca, 0x5c48, 0x7ca7, 0x7ca6, 0x6447, 0x5c47, 0x6446, 0x6467, 0x74a7, 0x7cc6, 0x6c86, 0x4bc6, 0x5c26,
0x74a6, 0x7487, 0x84a6, 0x6c66, 0x4c27, 0x6c87, 0x84c7, 0x7cc6, 0x84e6, 0x5487, 0x4467, 0xa586, 0x8d66, 0x64c7, 0x7527, 0x5467,
0x84e7, 0x8506, 0x7ce7, 0x74e7, 0x64a8, 0x5c27, 0x8466, 0x6c47, 0x74a7, 0x9566, 0x8527, 0x74c7, 0x7d07, 0x8d46, 0x8d26, 0x7ce7,
0x74c6, 0x7ce6, 0x9d66, 0x9546, 0x8d46, 0x9566, 0x8526, 0x8527, 0x8527, 0x6468, 0x74c7, 0xc626, 0x9566, 0x7d07, 0x7d06, 0x7d06,
0xe6c7, 0xfee7, 0xada5, 0x9565, 0x8545, 0xde86, 0xff47, 0xd687, 0x9587, 0xeee7, 0xff07, 0xeea4, 0xf707, 0xff49, 0xff05, 0xff46,
0xff47, 0xff05, 0xff05, 0xfee5, 0xff26, 0xfee6, 0xff06, 0xff47, 0xff47, 0xff47, 0xff26, 0xfee5, 0xff06, 0xff27, 0xff46, 0xff26,
0xfee5, 0xfee5, 0xfee6, 0xff06, 0xfee5, 0xfee4, 0xff05, 0xff05, 0xff26, 0xff68, 0xff26, 0xff06, 0xff05, 0xff25, 0xff26, 0xff26,
0xff05, 0xff06, 0xff26, 0xff46, 0xff05, 0xfea4, 0xfec5, 0xff06, 0xff27, 0xff27, 0xfee5, 0xff05, 0xff06, 0xfee6, 0xff26, 0xde88,
0xff28, 0xff47, 0xff07, 0xff26, 0xee87, 0xc5a6, 0xe626, 0xff06, 0xff27, 0xee86, 0x74c8, 0xc648, 0xfee4, 0xde05, 0xeea7, 0xfee7,
0x94e7, 0xc5c5, 0x9d26, 0x84c7, 0xe6a5, 0xeea5, 0xeec5, 0x84e7, 0x74a7, 0xc605, 0x7485, 0x84a5, 0xe604, 0xc584, 0x74a5, 0xd686,
0xf708, 0x74a7, 0x6446, 0x8ce6, 0xa565, 0x7ca6, 0x7486, 0x7c86, 0x9d06, 0xb545, 0x7466, 0x6c86, 0x74a6, 0x6ca7, 0x9505, 0x8485,
0x6446, 0x6466, 0x7ca5, 0x84a5, 0x6446, 0x7486, 0x94c5, 0x8ca6, 0x74a6, 0x6ca6, 0x74c7, 0x9d46, 0xa545, 0x74a7, 0x5c67, 0x74a6,
0x9505, 0x9505, 0x8ce6, 0x7486, 0x8ce5, 0x84c5, 0x8506, 0x9546, 0x9506, 0x8ce6, 0x8d05, 0x9505, 0x9505, 0x9d05, 0x7d27, 0x7d27,
0x8ca7, 0xb505, 0xb565, 0x8d47, 0x5ca7, 0x7547, 0xae69, 0x9e08, 0x7507, 0x4c06, 0x2b27, 0x6466, 0x6ca7, 0x2ae6, 0x3b26, 0xad65,
0xa525, 0xa525, 0x74c7, 0xa546, 0xcd05, 0xa466, 0xc5a6, 0xbda6, 0x9526, 0xad66, 0x8cc7, 0xbd66, 0xbd65, 0xa526, 0x8d07, 0x7cc8,
0xb525, 0xb525, 0x7ca8, 0x5c48, 0x6c67, 0x9526, 0x84c6, 0x7426, 0x8ca6, 0x63e6, 0x3347, 0x5407, 0x84e7, 0x7467, 0x3349, 0x5c08,
0x7c87, 0x53c8, 0x4b69, 0x4349, 0x4309, 0x4b2a, 0x4b4a, 0x4b6a, 0x9c49, 0xb409, 0xb40a, 0xd4cd, 0xdccd, 0xd4ad, 0xdd0e, 0xdd2e,
0xe56e, 0xf670, 0xeeb0, 0xeeae, 0xde8c, 0xdeed, 0xdeeb, 0xd6a8, 0xd6a7, 0xcea6, 0xd6e8, 0xd6e8, 0xdee9, 0xdee9, 0xdee8, 0xdee8,
0xdf08, 0xdf09, 0xdee8, 0xdf09, 0xdee8, 0xd6e8, 0xdee9, 0xdf08, 0xdf08, 0xdee8, 0xdee7, 0xdee7, 0xdee7, 0xdee7, 0xdf07, 0xdee7,
0xdee7, 0xdee7, 0xdf07, 0xdf07, 0xdf06, 0xe709, 0xdf08, 0xdf07, 0xdf08, 0xe707, 0xdf07, 0xdf07, 0xdf08, 0xdf08, 0xdf07, 0xdf08,
0xdf08, 0xdf07, 0xdf07, 0xdf07, 0xdf07, 0xdf07, 0xdf07, 0xdf07, 0xdf07, 0xdf06, 0xdf07, 0xdf08, 0xdf08, 0xdf07, 0xdf07, 0xdf08,
0xdf07, 0xdee7, 0xdf07, 0xdf07, 0xdee7, 0xdee7, 0xdee7, 0xdee7, 0xdf07, 0xdee7, 0xdee7, 0xdee7, 0xdf07, 0xdf07, 0xdf07, 0xdf07,
0xdf07, 0xdf07, 0xdf07, 0xdf07, 0xdee7, 0xdee7, 0xdee7, 0xdee7, 0xdee7, 0xdee7, 0xdee7, 0xdf07, 0xdf07, 0xdf07, 0xdf07, 0xdf07,
0xdf07, 0xdee7, 0xdee7, 0xdee7, 0xdee7, 0xdee7, 0xdee6, 0xdf07, 0xdee7, 0xdee7, 0xdee7, 0xdee6, 0xdee7, 0xdee7, 0xdee7, 0xdee7,
0xdee7, 0xdee7, 0xd6e7, 0xdee8, 0xdee8, 0xdf08, 0xdf07, 0xdf07, 0xdee6, 0xdee6, 0xdec6, 0xe706, 0xe727, 0xe748, 0xe726, 0xdee5,

/* -75- */
0xfee6, 0xfee6, 0xfee5, 0xfee6, 0xff07, 0xff06, 0xff06, 0xfee6, 0xff06, 0xff08, 0xff07, 0xfee6, 0xfee6, 0xfee5, 0xfee5, 0xfee5,
0xfee6, 0xfee5, 0xfee6, 0xfee6, 0xfee6, 0xfee5, 0xfee5, 0xff05, 0xff06, 0xff06, 0xfee5, 0xfec5, 0xfec5, 0xfee7, 0xfec5, 0xff08,
0xff28, 0xff07, 0xfee5, 0xfee5, 0xfee6, 0xff09, 0xfee6, 0xfee5, 0xff08, 0xff08, 0xfee6, 0xff08, 0xfee6, 0xfec5, 0xf6c5, 0xfee6,
0xff07, 0xff07, 0xf6a5, 0xf6a5, 0xfec6, 0xfec6, 0xfec5, 0xfee6, 0xfee6, 0xfee6, 0xfee6, 0xfec6, 0xfec5, 0xfee5, 0xfee6, 0xfee6,
0xff06, 0xff06, 0xfee5, 0xfee5, 0xfee5, 0xfee5, 0xfee5, 0xfec5, 0xf6c5, 0xfee5, 0xfee5, 0xfec5, 0xfec4, 0xfec4, 0xfec5, 0xfee5,
0xfee5, 0xff05, 0xfec5, 0xfee5, 0xff05, 0xfee5, 0xfee5, 0xc585, 0xc565, 0xf604, 0x8465, 0x6c46, 0x6426, 0x7c86, 0xfec4, 0xbd64,
0x6406, 0x6446, 0xbda5, 0xc5c5, 0x4be6, 0x7466, 0xede5, 0x9cc6, 0x43e7, 0x6446, 0x6447, 0xb505, 0xb4e4, 0x4be7, 0x4c07, 0x53e7,
0x5bc6, 0x63c5, 0x4b66, 0x5be7, 0x6406, 0x5c06, 0x53c6, 0x5386, 0x8486, 0x8486, 0x6bc8, 0x73e7, 0x7be6, 0x73e6, 0x6c67, 0x6407,
0x93e6, 0x93e6, 0x6467, 0x7d47, 0x8587, 0x7507, 0x6cc6, 0x8567, 0x6ca7, 0x43c6, 0x3367, 0x4bc6, 0x3346, 0x1aa6, 0x3326, 0x7ca6,
0x84c6, 0x84c6, 0x6c88, 0x8ce7, 0xb4c5, 0xb4e6, 0x9507, 0x7468, 0x6448, 0x9507, 0x7c47, 0xa4c6, 0xacc6, 0x6448, 0x7d08, 0x7ce8,
0x94a7, 0xace6, 0x4c08, 0x4be9, 0x84c7, 0x9547, 0x5c07, 0x4b87, 0x7447, 0x7467, 0x3368, 0x22e8, 0x2ae8, 0x2ae8, 0x2ae8, 0x2ae8,
0x22e8, 0x6b68, 0xb3e9, 0xabca, 0xac0b, 0xb42b, 0xbc6c, 0xc48c, 0xc4ac, 0xd52e, 0xd54e, 0xedef, 0xee0f, 0xe64e, 0xe6ae, 0xde6d,
0xde4b, 0xce49, 0xc688, 0xcea9, 0xd70a, 0xd6e9, 0xd6e9, 0xd6e9, 0xd6e8, 0xd6c8, 0xd6e8, 0xd6c8, 0xd6c8, 0xd6e9, 0xd6c8, 0xd6c7,
0xdf09, 0xdf09, 0xdee8, 0xe70b, 0xdee8, 0xdee8, 0xdeea, 0xd6c8, 0xd6c7, 0xdee9, 0xdee9, 0xdeea, 0xd6e8, 0xd6e9, 0xd6e8, 0xd6e8,
0xdee9, 0xd6e9, 0xdf0c, 0xdf09, 0xdee7, 0xd6c9, 0xd6c7, 0xdf0a, 0xdf0d, 0xdf09, 0xdf09, 0xdf09, 0xdf08, 0xdf09, 0xdf0b, 0xdf0a,
0xd6e8, 0xdf08, 0xe72a, 0xdf0a, 0xdee7, 0xdf29, 0xdf09, 0xd6e7, 0xd6ea, 0xd6e8, 0xd6e8, 0xd6c7, 0xd6c6, 0xdec7, 0xdee8, 0xd6e7,
0xdf09, 0xdf08, 0xd6e9, 0xdf09, 0xdee7, 0xdf08, 0xdf07, 0xdee7, 0xdee9, 0xdee9, 0xdf07, 0xdee7, 0xdf08, 0xdf0a, 0xdf2c, 0xdf29,
0xdf08, 0xdf28, 0xdf08, 0xdf0b, 0xdf0b, 0xdf09, 0xdee7, 0xdee6, 0xdee9, 0xdeeb, 0xdf09, 0xd6e8, 0xdee8, 0xdf08, 0xdf0a, 0xdf09,
0xd6e7, 0xdee8, 0xdee7, 0xdf0a, 0xe70a, 0xdf07, 0xdf07, 0xdee8, 0xdf08, 0xdf09, 0xdee7, 0xdf08, 0xe708, 0xe709, 0xdf08, 0xdf07,
0xdf08, 0xdf0a, 0xdf07, 0xdf07, 0xdf0a, 0xdf09, 0xdf07, 0xe707, 0xe706, 0xdec6, 0xd6a6, 0xd6c6, 0xdee8, 0xdf08, 0xd6c7, 0xd6c7,
0xd6e8, 0xe709, 0xef09, 0xef09, 0xef29, 0xe62a, 0xd4aa, 0xac29, 0x6ba9, 0x5369, 0x4348, 0x4b68, 0x5be8, 0x53c8, 0x5c68, 0x8d28,
0x9d47, 0x6c87, 0x5c47, 0x5c68, 0x5448, 0x4c08, 0x43e8, 0x3ba8, 0x4be7, 0x9566, 0x9546, 0xef08, 0xff48, 0xfee7, 0xff28, 0xf708,
0xd646, 0xff28, 0xff69, 0xff48, 0xff27, 0xff07, 0xff28, 0xff48, 0xff48, 0xff27, 0xf728, 0xff48, 0xa5c8, 0x6ce7, 0x7547, 0x7548,
0x5ca7, 0x64a8, 0x5c67, 0x43e6, 0xc607, 0xf727, 0xeee7, 0x8547, 0x5486, 0xae07, 0x8507, 0x3ba6, 0x3bc6, 0x5c87, 0x8d87, 0x5c67,
0x4c07, 0x3bc7, 0x1ac8, 0x6487, 0xcea6, 0x6468, 0x3368, 0x0248, 0x6c67, 0xffc7, 0xf707, 0xff07, 0xff07, 0xff09, 0xff09, 0xff07,
0xff06, 0xff06, 0xff08, 0xff29, 0xff06, 0xff06, 0xff06, 0xff07, 0xff08, 0xfee6, 0xfee5, 0xfee6, 0xfee6, 0xff08, 0xff07, 0xff07,
0xff09, 0xff07, 0xff07, 0xff08, 0xff06, 0xff09, 0xff28, 0xff07, 0xff06, 0xff06, 0xff07, 0xff07, 0xff06, 0xff08, 0xff08, 0xff09,
0xff08, 0xff06, 0xff06, 0xff07, 0xff08, 0xff08, 0xff07, 0xff07, 0xfee6, 0xff08, 0xff08, 0xff07, 0xff06, 0xff07, 0xff0a, 0xff09,
0xff07, 0xff06, 0xff0a, 0xff09, 0xff09, 0xff07, 0xff06, 0xff07, 0xfee6, 0xfee6, 0xfee6, 0xff27, 0xff27, 0xff07, 0xff07, 0xff06,
0xff06, 0xff28, 0xff28, 0xff08, 0xff08, 0xff06, 0xff06, 0xff06, 0xff06, 0xff05, 0xff06, 0xff28, 0xff27, 0xff26, 0xff26, 0xff26,
0xff05, 0xff25, 0xff26, 0xff28, 0xff28, 0xff28, 0xff07, 0xff06, 0xff06, 0xff06, 0xff05, 0xff06, 0xff07, 0xff07, 0xff06, 0xff06,
0xff27, 0xff27, 0xff06, 0xff06, 0xff06, 0xff07, 0xff07, 0xff06, 0xff06, 0xff06, 0xff06, 0xff07, 0xff06, 0xff27, 0xff28, 0xff07,
0xff06, 0xff28, 0xff07, 0xff06, 0xff06, 0xff06, 0xff26, 0xff25, 0xff27, 0xff29, 0xff29, 0xff07, 0xff05, 0xff06, 0xff07, 0xff28,
0xff08, 0xff06, 0xff06, 0xff07, 0xff29, 0xff08, 0xff08, 0xff28, 0xff07, 0xff08, 0xfee6, 0xfee6, 0xff2a, 0xff07, 0xff28, 0xff07,
0xff27, 0xff27, 0xff07, 0xff28, 0xff28, 0xff28, 0xff27, 0xff06, 0xfee6, 0xff4b, 0xff28, 0xff28, 0xff28, 0xff27, 0xff2a, 0xff28,
0xff07, 0xff28, 0xff06, 0xff2a, 0xff4b, 0xf6c5, 0xfee6, 0xff29, 0xff08, 0xfee8, 0xfee7, 0xff28, 0xff28, 0xff07, 0xf6e6, 0xff07,
0xfee7, 0xf6c5, 0xfee6, 0xf6c5, 0xee64, 0xee63, 0xf6a5, 0xf6e7, 0xee44, 0xee23, 0xf6e6, 0xff06, 0xf6c5, 0xee44, 0xee65, 0xfec6,
0xf6a5, 0xee44, 0xf643, 0xf665, 0xf643, 0xf622, 0xe5c3, 0xee02, 0xf663, 0xee64, 0xee44, 0xee24, 0xe5c4, 0xf665, 0xee25, 0xddc4,
0xe604, 0xe5e4, 0xe5e3, 0xee24, 0xe5e3, 0xd584, 0xe665, 0xfee5, 0xf687, 0xf66c, 0xf66f, 0xfeae, 0xf689, 0xe609, 0xdd6c, 0xd4ec,
0xc40a, 0xaba9, 0x9389, 0x9389, 0x93a9, 0x93a9, 0x8b69, 0x7b09, 0x7b2a, 0x7b4b, 0x8b8a, 0x7b69, 0x5369, 0x4329, 0x4b0a, 0x4309,
0x5b28, 0x6327, 0x4b08, 0x3b29, 0x4b49, 0x5349, 0x4b69, 0x4349, 0x3329, 0x3308, 0x3b08, 0x4b08, 0x4b08, 0x3ae7, 0x2ac7, 0x22c7,
0x2ae7, 0x3307, 0x2b07, 0x2b07, 0x2b27, 0x2306, 0x3327, 0x3b87, 0x3b88, 0x3ba8, 0x2b67, 0x5bc7, 0x53a7, 0x3348, 0x43a8, 0x4388,
0x4348, 0x4b88, 0x4ba7, 0x4be8, 0x5408, 0x53c8, 0x5bc7, 0x4ba8, 0x4387, 0x6406, 0x6426, 0x4be7, 0x5407, 0xc605, 0xce25, 0x5c27,
0x4c06, 0x5427, 0xce27, 0xb5a6, 0x53e6, 0x9d67, 0xff06, 0xb5a7, 0x6ca8, 0x6488, 0x9567, 0xf706, 0xf707, 0xf707, 0xf6c6, 0xf6c6,
0xff07, 0xff06, 0xf6c6, 0xf6a6, 0xf6c6, 0xff06, 0xff27, 0xff06, 0xf6e6, 0xff06, 0xff28, 0xff49, 0xff28, 0xf707, 0xff06, 0xff06,
0xfee6, 0xfee6, 0xfee5, 0xfee6, 0xff07, 0xff06, 0xff06, 0xfee6, 0xff06, 0xff08, 0xff07, 0xfee6, 0xfee6, 0xfee5, 0xfee5, 0xfee5,
0xfee6, 0xfee5, 0xfee6, 0xfee6, 0xfee6, 0xfee5, 0xfee5, 0xff05, 0xff06, 0xff06, 0xfee5, 0xfec5, 0xfec5, 0xfee7, 0xfec5, 0xff08,
0xff28, 0xff07, 0xfee5, 0xfee5, 0xfee6, 0xff09, 0xfee6, 0xfee5, 0xff08, 0xff08, 0xfee6, 0xff08, 0xfee6, 0xfec5, 0xf6c5, 0xfee6,
0xff07, 0xff07, 0xf6a5, 0xf6a5, 0xfec6, 0xfec6, 0xfec5, 0xfee6, 0xfee6, 0xfee6, 0xfee6, 0xfec6, 0xfec5, 0xfee5, 0xfee6, 0xfee6,
0xff06, 0xff06, 0xfee5, 0xfee5, 0xfee5, 0xfee5, 0xfee5, 0xfec5, 0xf6c5, 0xfee5, 0xfee5, 0xfec5, 0xfec4, 0xfec4, 0xfec5, 0xfee5,
0xfee5, 0xff05, 0xfec5, 0xfee5, 0xff05, 0xfee5, 0xfee5, 0xc585, 0xc565, 0xf604, 0x8465, 0x6c46, 0x6426, 0x7c86, 0xfec4, 0xbd64,
0x6406, 0x6446, 0xbda5, 0xc5c5, 0x4be6, 0x7466, 0xede5, 0x9cc6, 0x43e7, 0x6446, 0x6447, 0xb505, 0xb4e4, 0x4be7, 0x4c07, 0x53e7,
0x5bc6, 0x63c5, 0x4b66, 0x5be7, 0x6406, 0x5c06, 0x53c6, 0x5386, 0x8486, 0x8486, 0x6bc8, 0x73e7, 0x7be6, 0x73e6, 0x6c67, 0x6407,
0x93e6, 0x93e6, 0x6467, 0x7d47, 0x8587, 0x7507, 0x6cc6, 0x8567, 0x6ca7, 0x43c6, 0x3367, 0x4bc6, 0x3346, 0x1aa6, 0x3326, 0x7ca6,
0x84c6, 0x84c6, 0x6c88, 0x8ce7, 0xb4c5, 0xb4e6, 0x9507, 0x7468, 0x6448, 0x9507, 0x7c47, 0xa4c6, 0xacc6, 0x6448, 0x7d08, 0x7ce8,
0x94a7, 0xace6, 0x4c08, 0x4be9, 0x84c7, 0x9547, 0x5c07, 0x4b87, 0x7447, 0x7467, 0x3368, 0x22e8, 0x2ae8, 0x2ae8, 0x2ae8, 0x2ae8,
0x22e8, 0x6b68, 0xb3e9, 0xabca, 0xac0b, 0xb42b, 0xbc6c, 0xc48c, 0xc4ac, 0xd52e, 0xd54e, 0xedef, 0xee0f, 0xe64e, 0xe6ae, 0xde6d,
0xde4b, 0xce49, 0xc688, 0xcea9, 0xd70a, 0xd6e9, 0xd6e9, 0xd6e9, 0xd6e8, 0xd6c8, 0xd6e8, 0xd6c8, 0xd6c8, 0xd6e9, 0xd6c8, 0xd6c7,
0xdf09, 0xdf09, 0xdee8, 0xe70b, 0xdee8, 0xdee8, 0xdeea, 0xd6c8, 0xd6c7, 0xdee9, 0xdee9, 0xdeea, 0xd6e8, 0xd6e9, 0xd6e8, 0xd6e8,
0xdee9, 0xd6e9, 0xdf0c, 0xdf09, 0xdee7, 0xd6c9, 0xd6c7, 0xdf0a, 0xdf0d, 0xdf09, 0xdf09, 0xdf09, 0xdf08, 0xdf09, 0xdf0b, 0xdf0a,
0xd6e8, 0xdf08, 0xe72a, 0xdf0a, 0xdee7, 0xdf29, 0xdf09, 0xd6e7, 0xd6ea, 0xd6e8, 0xd6e8, 0xd6c7, 0xd6c6, 0xdec7, 0xdee8, 0xd6e7,
0xdf09, 0xdf08, 0xd6e9, 0xdf09, 0xdee7, 0xdf08, 0xdf07, 0xdee7, 0xdee9, 0xdee9, 0xdf07, 0xdee7, 0xdf08, 0xdf0a, 0xdf2c, 0xdf29,
0xdf08, 0xdf28, 0xdf08, 0xdf0b, 0xdf0b, 0xdf09, 0xdee7, 0xdee6, 0xdee9, 0xdeeb, 0xdf09, 0xd6e8, 0xdee8, 0xdf08, 0xdf0a, 0xdf09,
0xd6e7, 0xdee8, 0xdee7, 0xdf0a, 0xe70a, 0xdf07, 0xdf07, 0xdee8, 0xdf08, 0xdf09, 0xdee7, 0xdf08, 0xe708, 0xe709, 0xdf08, 0xdf07,
0xdf08, 0xdf0a, 0xdf07, 0xdf07, 0xdf0a, 0xdf09, 0xdf07, 0xe707, 0xe706, 0xdec6, 0xd6a6, 0xd6c6, 0xdee8, 0xdf08, 0xd6c7, 0xd6c7,

/* -76- */
0xfee5, 0xfee6, 0xfee6, 0xfee6, 0xfee6, 0xfee5, 0xfee5, 0xff07, 0xff07, 0xff07, 0xff07, 0xff07, 0xff06, 0xfec5, 0xfee5, 0xfee5,
0xff06, 0xff06, 0xfee5, 0xfee6, 0xff06, 0xff06, 0xff06, 0xff07, 0xfee6, 0xfee5, 0xfee5, 0xfee6, 0xff07, 0xff08, 0xfee6, 0xff07,
0xff29, 0xff07, 0xfee5, 0xfee5, 0xfee6, 0xfee7, 0xff07, 0xfee6, 0xff07, 0xfee6, 0xfec5, 0xff07, 0xff07, 0xfee6, 0xfee5, 0xfee5,
0xfee6, 0xff07, 0xfee6, 0xfec5, 0xfee5, 0xfec5, 0xfee6, 0xfee6, 0xfee6, 0xfec5, 0xfee5, 0xfee5, 0xfee5, 0xfee5, 0xfee5, 0xfee5,
0xfee5, 0xfee5, 0xfee5, 0xfee5, 0xfee5, 0xfee5, 0xfee5, 0xfec5, 0xfec5, 0xfec5, 0xfec5, 0xfec5, 0xfec5, 0xfec5, 0xfec5, 0xfee5,
0xfee5, 0xfee5, 0xfec5, 0xfee5, 0xfee5, 0xfec5, 0xfee5, 0xf6a5, 0xf6c6, 0xf6e6, 0xeea6, 0xe6a6, 0xe6a6, 0xeea6, 0xfee5, 0xf6c5,
0xe685, 0xe685, 0xf6c5, 0xf6c5, 0xde65, 0xe665, 0xf6a5, 0xe666, 0xd646, 0xde65, 0xde45, 0xf665, 0xee65, 0xc5e6, 0xd626, 0xd626,
0xde26, 0xde25, 0xc5c6, 0xcde6, 0xbd85, 0x5bc5, 0x8485, 0xcdc5, 0xd5e6, 0xce07, 0x6bc9, 0x6368, 0xb4c8, 0x9c88, 0x5347, 0x5366,
0x6346, 0x6367, 0x4c08, 0x7527, 0x7d47, 0x7506, 0x5c46, 0x6466, 0x64a6, 0x4c07, 0x3387, 0x2b27, 0x1ae8, 0x2307, 0x4be7, 0x43a7,
0x6447, 0x6c68, 0x5428, 0x5c28, 0x7427, 0x9466, 0x53c8, 0x4b67, 0x4367, 0x4387, 0x5ba7, 0x6bc7, 0x63a7, 0x4bc8, 0x3be8, 0x43e8,
0x4c09, 0x4bc9, 0x2b68, 0x2b88, 0x3387, 0x43a7, 0x3b47, 0x3307, 0x3328, 0x2b28, 0x3349, 0x8bc9, 0xa3e9, 0x93c9, 0x93a9, 0x9bca,
0xa3c9, 0xb42a, 0xcccc, 0xd50d, 0xd4ed, 0xdd4e, 0xe5d0, 0xedf0, 0xee32, 0xf673, 0xf691, 0xee6e, 0xe64b, 0xde6a, 0xce49, 0xbe08,
0xce68, 0xce87, 0xc687, 0xc6a8, 0xbe68, 0xc688, 0xcec8, 0xc667, 0xbe46, 0xbe46, 0xc666, 0xc686, 0xc686, 0xc666, 0xb626, 0xcea6,
0xcec9, 0xbe27, 0xd6c8, 0xcea8, 0xb605, 0xbe46, 0xc6a8, 0xbe66, 0xc686, 0xbe46, 0xbe47, 0xc688, 0xc687, 0xc686, 0xbe67, 0xbe67,
0xc687, 0xbe67, 0xcecc, 0xc668, 0xade4, 0xc667, 0xc687, 0xc687, 0xc669, 0xb605, 0xc688, 0xceeb, 0xbe46, 0xbe66, 0xc687, 0xc667,
0xc6a8, 0xc667, 0xbe27, 0xc6a8, 0xcec7, 0xbe47, 0xc646, 0xce86, 0xb646, 0xbe46, 0xbe46, 0xb626, 0xce65, 0xce65, 0xb627, 0xbe46,
0xc666, 0xcea6, 0xb647, 0xbe68, 0xcec7, 0xc666, 0xd6a7, 0xdee8, 0xbe47, 0xc687, 0xbe46, 0xce86, 0xcec7, 0xcea8, 0xcecb, 0xbe87,
0xcee8, 0xd6e8, 0xc667, 0xbe88, 0xbe88, 0xbe66, 0xd6e8, 0xcec8, 0xbe46, 0xcea7, 0xc686, 0xc688, 0xbe67, 0xc667, 0xdee8, 0xbe66,
0xbe66, 0xce87, 0xc645, 0xcec8, 0xc6a8, 0xbe66, 0xd6e6, 0xc665, 0xcec8, 0xcea7, 0xbe66, 0xdf08, 0xce87, 0xbe26, 0xc666, 0xbe25,
0xcea7, 0xcea8, 0xb605, 0xbe26, 0xcea8, 0xd6c9, 0xce87, 0xbe86, 0xd6a6, 0xce66, 0xbe47, 0xcec8, 0xc6a8, 0xc688, 0xcec7, 0xbe67,
0xd6c9, 0xd6c8, 0xbe27, 0xd6a6, 0xdee6, 0xd648, 0xde09, 0xde09, 0xe629, 0xd5aa, 0xc4eb, 0xbcab, 0xb42a, 0xa3ea, 0x5348, 0x3327,
0x53e7, 0x5c87, 0x7d68, 0x7d87, 0x7527, 0x5c88, 0x43e8, 0x2327, 0x2ae6, 0x6405, 0x94c5, 0xc543, 0xee44, 0xf684, 0xff06, 0xff27,
0xff6a, 0xff6a, 0xff49, 0xff49, 0xff48, 0xff28, 0xff08, 0xff08, 0xf707, 0xff47, 0xd667, 0x84e6, 0x6c86, 0x5466, 0x64e7, 0x6d07,
0x64c8, 0x64a7, 0x33c7, 0x1326, 0x84e6, 0xf707, 0xbde5, 0x7d06, 0x5c86, 0x5ca7, 0x64e7, 0x4c48, 0x3be7, 0x4c47, 0x6d08, 0x64c7,
0x4c27, 0x2b68, 0x2328, 0x43e8, 0x5407, 0x1ae7, 0x0a88, 0x0a87, 0x2ae7, 0x7ca6, 0xf707, 0xff46, 0xff26, 0xff27, 0xff26, 0xff27,
0xff27, 0xff06, 0xff06, 0xff05, 0xff05, 0xff06, 0xff06, 0xfee5, 0xfee5, 0xfee5, 0xfee6, 0xff08, 0xff06, 0xfee5, 0xfee5, 0xff06,
0xff07, 0xff06, 0xff05, 0xff05, 0xff06, 0xff06, 0xff06, 0xff05, 0xff05, 0xff05, 0xff05, 0xff06, 0xff05, 0xfee5, 0xfee5, 0xfee6,
0xfee5, 0xfee5, 0xfee5, 0xfee5, 0xfee6, 0xfee6, 0xfee6, 0xfee6, 0xfee6, 0xfee5, 0xfee5, 0xfee5, 0xfee5, 0xfee6, 0xfee6, 0xfee6,
0xff06, 0xff06, 0xff07, 0xfee5, 0xfee5, 0xfee6, 0xfee6, 0xfee6, 0xfee6, 0xff07, 0xff07, 0xff06, 0xff06, 0xfee5, 0xff06, 0xff06,
0xfee6, 0xff06, 0xff07, 0xff07, 0xff28, 0xff29, 0xff28, 0xff28, 0xff28, 0xff28, 0xff07, 0xff2a, 0xff4b, 0xff27, 0xff28, 0xff49,
0xff28, 0xff29, 0xff27, 0xff06, 0xff27, 0xff28, 0xff07, 0xff07, 0xff28, 0xff29, 0xff2b, 0xff28, 0xff07, 0xff29, 0xff29, 0xff49,
0xff4a, 0xff4b, 0xff27, 0xff27, 0xff27, 0xff28, 0xff29, 0xff27, 0xff06, 0xff06, 0xff27, 0xff49, 0xff27, 0xfee5, 0xfec4, 0xfee5,
0xff08, 0xff2a, 0xff27, 0xff26, 0xff29, 0xff49, 0xff06, 0xfee4, 0xff26, 0xff48, 0xff29, 0xfee7, 0xfec4, 0xfee5, 0xff28, 0xff29,
0xff08, 0xfee7, 0xfee5, 0xfee6, 0xff0a, 0xff09, 0xfec6, 0xfec4, 0xff08, 0xff08, 0xff07, 0xfec6, 0xfea4, 0xfee6, 0xfee5, 0xfee6,
0xff29, 0xfec5, 0xfea3, 0xff07, 0xfee6, 0xfec5, 0xff06, 0xf664, 0xfec6, 0xff08, 0xee64, 0xfee6, 0xfee6, 0xfee5, 0xfec6, 0xe603,
0xee43, 0xf684, 0xf684, 0xf6c7, 0xe624, 0xe5a1, 0xfea4, 0xfee7, 0xf685, 0xe5c2, 0xe603, 0xf664, 0xfee6, 0xee65, 0xddc3, 0xe604,
0xe603, 0xee03, 0xf6a6, 0xe624, 0xd583, 0xddc3, 0xddc2, 0xee65, 0xe624, 0xd522, 0xe5e3, 0xe603, 0xe5e3, 0xdda3, 0xdda3, 0xe603,
0xd583, 0xd563, 0xee03, 0xe603, 0xd5a3, 0xd583, 0xc503, 0xd583, 0xe5c2, 0xddc3, 0xd583, 0xd564, 0xdda4, 0xcd64, 0xe5e4, 0xe5e4,
0xcd64, 0xe5e3, 0xdd83, 0xcd23, 0xd543, 0xb504, 0xbd44, 0xd583, 0xd545, 0xb489, 0xbcaa, 0xcce9, 0xbd26, 0xc567, 0xe5ad, 0xe58e,
0xdd4e, 0xddae, 0xdd8e, 0xd58e, 0xd58e, 0xdd8e, 0xd56d, 0xd56d, 0xd56c, 0xcd8c, 0xd5ac, 0xc56a, 0xb56a, 0xad8a, 0xb5a9, 0xb5a9,
0xbdc9, 0xb5a9, 0xad8a, 0xad6b, 0xa4aa, 0x940a, 0x8c6a, 0x8cca, 0x8cca, 0x9489, 0x93e9, 0x9389, 0x93e9, 0x8c09, 0x8409, 0x8c09,
0x8c0a, 0x8c0a, 0x8be9, 0x83e9, 0x83c9, 0x83a9, 0x8ba9, 0x83a8, 0x7ba8, 0x6ba8, 0x6b88, 0x6328, 0x7368, 0x8429, 0x4b48, 0x4b28,
0x6388, 0x73e8, 0xbd08, 0x6408, 0x3387, 0x5c48, 0xb5c8, 0xce48, 0xd648, 0xb586, 0x84e6, 0xadc7, 0xbe28, 0xf6e6, 0xeec6, 0xce47,
0xce47, 0xd688, 0xf707, 0xf6e7, 0xde87, 0xeec7, 0xff06, 0xeee7, 0xe6a7, 0xe6c6, 0xf6e6, 0xff05, 0xff27, 0xff27, 0xff06, 0xff06,
0xff06, 0xff07, 0xff06, 0xff06, 0xff06, 0xff06, 0xff27, 0xff07, 0xff06, 0xff26, 0xff28, 0xff28, 0xff09, 0xff08, 0xff06, 0xff05,
0xfee5, 0xfee6, 0xfee6, 0xfee6, 0xfee6, 0xfee5, 0xfee5, 0xff07, 0xff07, 0xff07, 0xff07, 0xff07, 0xff06, 0xfec5, 0xfee5, 0xfee5,
0xff06, 0xff06, 0xfee5, 0xfee6, 0xff06, 0xff06, 0xff06, 0xff07, 0xfee6, 0xfee5, 0xfee5, 0xfee6, 0xff07, 0xff08, 0xfee6, 0xff07,
0xff29, 0xff07, 0xfee5, 0xfee5, 0xfee6, 0xfee7, 0xff07, 0xfee6, 0xff07, 0xfee6, 0xfec5, 0xff07, 0xff07, 0xfee6, 0xfee5, 0xfee5,
0xfee6, 0xff07, 0xfee6, 0xfec5, 0xfee5, 0xfec5, 0xfee6, 0xfee6, 0xfee6, 0xfec5, 0xfee5, 0xfee5, 0xfee5, 0xfee5, 0xfee5, 0xfee5,
0xfee5, 0xfee5, 0xfee5, 0xfee5, 0xfee5, 0xfee5, 0xfee5, 0xfec5, 0xfec5, 0xfec5, 0xfec5, 0xfec5, 0xfec5, 0xfec5, 0xfec5, 0xfee5,
0xfee5, 0xfee5, 0xfec5, 0xfee5, 0xfee5, 0xfec5, 0xfee5, 0xf6a5, 0xf6c6, 0xf6e6, 0xeea6, 0xe6a6, 0xe6a6, 0xeea6, 0xfee5, 0xf6c5,
0xe685, 0xe685, 0xf6c5, 0xf6c5, 0xde65, 0xe665, 0xf6a5, 0xe666, 0xd646, 0xde65, 0xde45, 0xf665, 0xee65, 0xc5e6, 0xd626, 0xd626,
0xde26, 0xde25, 0xc5c6, 0xcde6, 0xbd85, 0x5bc5, 0x8485, 0xcdc5, 0xd5e6, 0xce07, 0x6bc9, 0x6368, 0xb4c8, 0x9c88, 0x5347, 0x5366,
0x6346, 0x6367, 0x4c08, 0x7527, 0x7d47, 0x7506, 0x5c46, 0x6466, 0x64a6, 0x4c07, 0x3387, 0x2b27, 0x1ae8, 0x2307, 0x4be7, 0x43a7,
0x6447, 0x6c68, 0x5428, 0x5c28, 0x7427, 0x9466, 0x53c8, 0x4b67, 0x4367, 0x4387, 0x5ba7, 0x6bc7, 0x63a7, 0x4bc8, 0x3be8, 0x43e8,
0x4c09, 0x4bc9, 0x2b68, 0x2b88, 0x3387, 0x43a7, 0x3b47, 0x3307, 0x3328, 0x2b28, 0x3349, 0x8bc9, 0xa3e9, 0x93c9, 0x93a9, 0x9bca,
0xa3c9, 0xb42a, 0xcccc, 0xd50d, 0xd4ed, 0xdd4e, 0xe5d0, 0xedf0, 0xee32, 0xf673, 0xf691, 0xee6e, 0xe64b, 0xde6a, 0xce49, 0xbe08,
0xce68, 0xce87, 0xc687, 0xc6a8, 0xbe68, 0xc688, 0xcec8, 0xc667, 0xbe46, 0xbe46, 0xc666, 0xc686, 0xc686, 0xc666, 0xb626, 0xcea6,
0xcec9, 0xbe27, 0xd6c8, 0xcea8, 0xb605, 0xbe46, 0xc6a8, 0xbe66, 0xc686, 0xbe46, 0xbe47, 0xc688, 0xc687, 0xc686, 0xbe67, 0xbe67,
0xc687, 0xbe67, 0xcecc, 0xc668, 0xade4, 0xc667, 0xc687, 0xc687, 0xc669, 0xb605, 0xc688, 0xceeb, 0xbe46, 0xbe66, 0xc687, 0xc667,
0xc6a8, 0xc667, 0xbe27, 0xc6a8, 0xcec7, 0xbe47, 0xc646, 0xce86, 0xb646, 0xbe46, 0xbe46, 0xb626, 0xce65, 0xce65, 0xb627, 0xbe46,
0xc666, 0xcea6, 0xb647, 0xbe68, 0xcec7, 0xc666, 0xd6a7, 0xdee8, 0xbe47, 0xc687, 0xbe46, 0xce86, 0xcec7, 0xcea8, 0xcecb, 0xbe87,
0xcee8, 0xd6e8, 0xc667, 0xbe88, 0xbe88, 0xbe66, 0xd6e8, 0xcec8, 0xbe46, 0xcea7, 0xc686, 0xc688, 0xbe67, 0xc667, 0xdee8, 0xbe66,
0xbe66, 0xce87, 0xc645, 0xcec8, 0xc6a8, 0xbe66, 0xd6e6, 0xc665, 0xcec8, 0xcea7, 0xbe66, 0xdf08, 0xce87, 0xbe26, 0xc666, 0xbe25,
0xcea7, 0xcea8, 0xb605, 0xbe26, 0xcea8, 0xd6c9, 0xce87, 0xbe86, 0xd6a6, 0xce66, 0xbe47, 0xcec8, 0xc6a8, 0xc688, 0xcec7, 0xbe67,

/* -77- */
0xff07, 0xff08, 0xfee6, 0xfee5, 0xfee6, 0xfee6, 0xff07, 0xff06, 0xfee6, 0xfee5, 0xfee6, 0xff08, 0xfee6, 0xfee5, 0xfee5, 0xff05,
0xff07, 0xff08, 0xfee5, 0xfee5, 0xfee5, 0xfee5, 0xfee6, 0xfec5, 0xfec5, 0xfec4, 0xfec4, 0xff06, 0xfee5, 0xfec5, 0xfee6, 0xfee5,
0xfee5, 0xfee6, 0xff07, 0xfee5, 0xfec5, 0xfec5, 0xfec5, 0xfee6, 0xfec5, 0xfec5, 0xfee6, 0xfee6, 0xfee6, 0xfee6, 0xfee5, 0xfee5,
0xfee6, 0xfee6, 0xfee6, 0xfee5, 0xfee6, 0xfee6, 0xfee7, 0xfee7, 0xfee6, 0xfec5, 0xfee5, 0xfec5, 0xff07, 0xff08, 0xfec5, 0xfec5,
0xfec5, 0xfee6, 0xfee7, 0xfee5, 0xfee6, 0xfee6, 0xfee6, 0xfee7, 0xfee6, 0xfec6, 0xfee5, 0xff06, 0xff07, 0xfee6, 0xfee6, 0xff06,
0xfec5, 0xfec5, 0xfec5, 0xfee6, 0xff07, 0xfee5, 0xfec5, 0xfee5, 0xff06, 0xff06, 0xff26, 0xff26, 0xff26, 0xff05, 0xfee5, 0xff05,
0xff05, 0xff05, 0xfee5, 0xff06, 0xff06, 0xff06, 0xff27, 0xff26, 0xff26, 0xff05, 0xfee5, 0xfee5, 0xff06, 0xfee5, 0xfee5, 0xfee5,
0xfee5, 0xff25, 0xfee5, 0xf6c5, 0xee65, 0xbd85, 0xd605, 0xfec5, 0xee64, 0xde25, 0x9cc8, 0xb528, 0xe609, 0xcd89, 0xa4a9, 0xa4c9,
0x8469, 0x7448, 0x64c8, 0x5ca8, 0x6487, 0x6487, 0x5c66, 0x4be6, 0x43c7, 0x3ba7, 0x2b47, 0x1ae7, 0x1ae8, 0x3387, 0x5407, 0x3368,
0x43a8, 0x5be9, 0x842a, 0x7c09, 0x8409, 0x9c29, 0x83c9, 0x7ba8, 0x7388, 0x7388, 0x7ba8, 0x83a8, 0x7ba8, 0x6b88, 0x63a8, 0x6ba9,
0x5b89, 0x5ba9, 0x740a, 0x6bc9, 0x63a9, 0x6389, 0x5b48, 0x7bca, 0x83ca, 0x83ca, 0x83cb, 0xbc4b, 0xcc8b, 0xd4ec, 0xcccc, 0xccac,
0xd4ed, 0xdd4e, 0xedcf, 0xfe51, 0xfe31, 0xf631, 0xf5f0, 0xdd8f, 0xd5ae, 0xde2b, 0xbe09, 0xadc8, 0xbde8, 0xd666, 0xbe07, 0x9d87,
0xadc7, 0xb5e6, 0xb5e6, 0xb5e6, 0x9d66, 0x9da6, 0xa5e6, 0xc646, 0xc606, 0x8d66, 0x9da5, 0xadc5, 0xade5, 0xb626, 0x9d86, 0xade6,
0xb628, 0x9567, 0xada6, 0xbe47, 0xae05, 0xae05, 0xa5a6, 0xade6, 0xc686, 0x9565, 0xa5e6, 0xb626, 0x9d85, 0x9586, 0xb626, 0xbe46,
0xa5c6, 0x9da5, 0xb629, 0xae06, 0xa5a4, 0xadc6, 0xb627, 0xade6, 0xade6, 0xa584, 0xb606, 0xae28, 0x9585, 0xbe65, 0xadc6, 0x9d65,
0xb648, 0xadc6, 0xada4, 0xada5, 0xadc5, 0xada5, 0xa565, 0xb5c6, 0xbe25, 0xa5c5, 0xade6, 0xa5a5, 0xbdc5, 0xc5c4, 0xb5c5, 0xa5a5,
0x9d85, 0xadc5, 0xbe66, 0xade6, 0x9d86, 0xae06, 0xc667, 0xae28, 0x9dc6, 0xb645, 0xa5e6, 0xae27, 0xa5e7, 0x9d87, 0xc667, 0xa5e6,
0xa5c5, 0xadc5, 0xbdc5, 0xadc6, 0x9586, 0xade6, 0xc688, 0xa608, 0xa5c5, 0xade4, 0xade5, 0xae07, 0xa606, 0xa5e6, 0xae05, 0x9dc5,
0x9da6, 0xa5c6, 0xbe46, 0xbe27, 0xa5e6, 0x9dc6, 0xa5e6, 0xc667, 0xc688, 0xa5c6, 0xa5c5, 0xb626, 0xb5e5, 0xadc5, 0x9da4, 0xa5e5,
0xa5e6, 0xade6, 0x9d85, 0x9d65, 0xa5c6, 0xce88, 0xae07, 0x8587, 0xb607, 0xc606, 0x9da6, 0xae47, 0xb646, 0xb626, 0xbe25, 0xa5e5,
0xb607, 0xb5c6, 0xad44, 0xb563, 0xb5c4, 0xb5a5, 0xc586, 0xbdc6, 0xade5, 0xada5, 0xbd28, 0xc4c9, 0xcc8b, 0xcc8c, 0x9c2c, 0x7bea,
0x5408, 0x5ca7, 0x7d68, 0x7d67, 0x6ce6, 0x43a7, 0x2b27, 0x2b67, 0x5be6, 0x7c44, 0x8465, 0xbce3, 0xe5c3, 0xf685, 0xdda3, 0xf664,
0xfee6, 0xee44, 0xf6c6, 0xff48, 0xf6a5, 0xfec6, 0xff07, 0xff07, 0xff07, 0xb5a6, 0x7cc6, 0x5c46, 0x6ca6, 0x8546, 0x6486, 0x5c67,
0x5427, 0x3ba7, 0x2368, 0x4447, 0xa5c5, 0xbe05, 0x8d05, 0x8545, 0x6cc6, 0x33c7, 0x4447, 0x5488, 0x4c27, 0x33a8, 0x4408, 0x4408,
0x3388, 0x2308, 0x22e8, 0x22e7, 0x1267, 0x1247, 0x1247, 0x2ae6, 0x4ba6, 0x63e5, 0x9d66, 0xd6a7, 0xff68, 0xff48, 0xff48, 0xff28,
0xff27, 0xff27, 0xff2a, 0xff08, 0xff06, 0xff06, 0xff05, 0xff28, 0xff2a, 0xff06, 0xff28, 0xff27, 0xff06, 0xff08, 0xff08, 0xff07,
0xff06, 0xff07, 0xff07, 0xff07, 0xff28, 0xff28, 0xff27, 0xff28, 0xff28, 0xff29, 0xff28, 0xff06, 0xff28, 0xff29, 0xff08, 0xff07,
0xfee6, 0xfee6, 0xff09, 0xff09, 0xfee6, 0xfee6, 0xff08, 0xff09, 0xff08, 0xfee5, 0xff07, 0xff29, 0xff27, 0xff06, 0xfee5, 0xff07,
0xff06, 0xff06, 0xfee6, 0xff08, 0xfee7, 0xfea4, 0xfee5, 0xff07, 0xff07, 0xfee7, 0xf684, 0xff05, 0xff29, 0xff28, 0xfea4, 0xfea4,
0xff06, 0xfee5, 0xff05, 0xf6a5, 0xf684, 0xff29, 0xff07, 0xfec4, 0xfee7, 0xf6c5, 0xfec5, 0xff07, 0xff27, 0xf684, 0xf684, 0xf6a5,
0xff06, 0xff6a, 0xf6c5, 0xf683, 0xf6a4, 0xf6c5, 0xfee6, 0xf6e5, 0xf6c5, 0xf6e9, 0xeea7, 0xf6c6, 0xee84, 0xf6c5, 0xff29, 0xee64,
0xf6a5, 0xff07, 0xeea4, 0xff05, 0xf6c5, 0xee85, 0xff28, 0xf6e5, 0xf6a3, 0xfec5, 0xee65, 0xee85, 0xff26, 0xff67, 0xf6c4, 0xe623,
0xfee6, 0xff27, 0xee63, 0xee63, 0xfee7, 0xf6a6, 0xe623, 0xfec4, 0xf6a5, 0xe604, 0xee66, 0xff07, 0xf6c5, 0xee43, 0xee84, 0xf684,
0xf684, 0xfec5, 0xee44, 0xee44, 0xf6c7, 0xf6a6, 0xee44, 0xe5e3, 0xee45, 0xf6a6, 0xe603, 0xf664, 0xf664, 0xee24, 0xee23, 0xf664,
0xf6a5, 0xe624, 0xddc3, 0xf6a5, 0xf685, 0xe5c3, 0xe604, 0xf664, 0xee65, 0xddc4, 0xdda3, 0xee64, 0xee23, 0xddc4, 0xde05, 0xddc2,
0xdde3, 0xdde4, 0xd5c4, 0xe624, 0xdda2, 0xe5a2, 0xe5e3, 0xdda3, 0xdd83, 0xd583, 0xdd83, 0xd542, 0xe5a2, 0xd563, 0xbd03, 0xdd82,
0xdd63, 0xc503, 0xddc3, 0xcd83, 0xb4e2, 0xd563, 0xd583, 0xcd64, 0xcd64, 0xcd43, 0xcd22, 0xd523, 0xcd43, 0xcd43, 0xcd43, 0xcd23,
0xc4e3, 0xc503, 0xddc3, 0xc564, 0xacc4, 0xcd03, 0xc4e4, 0xcd23, 0xd543, 0x9c65, 0x9c45, 0xac85, 0xcd24, 0xc524, 0x8ca6, 0x94e5,
0x84a6, 0x94c6, 0xd543, 0xa4a5, 0x7447, 0x84a6, 0x7c86, 0x9c45, 0xac45, 0x7368, 0x7368, 0x7ba8, 0x73a6, 0x9408, 0xbcab, 0xb48c,
0xb48c, 0xcd4e, 0xcd6e, 0xcd8e, 0xd5ae, 0xc58d, 0xcdcc, 0xcd8c, 0xc5ea, 0xbe6a, 0xc66a, 0xbe6a, 0xbe69, 0xbe69, 0xbe89, 0xbea9,
0xb6a9, 0xae69, 0xbeaa, 0xb64a, 0xa5aa, 0xa58a, 0x9d8a, 0xadea, 0xb5e9, 0xb5e9, 0xb5c9, 0xada9, 0xb5ca, 0xbdea, 0xbdea, 0xbdea,
0xbdeb, 0xbdcc, 0xbdab, 0xbd8a, 0xbd6a, 0xb52a, 0xad0a, 0xa4c9, 0x9c89, 0x9c69, 0xa449, 0x9c09, 0xb4e9, 0xee89, 0x84c9, 0x5be8,
0x7c88, 0xad48, 0xf668, 0xbd88, 0x84e8, 0xa5c8, 0xeee6, 0xff07, 0xff47, 0xe686, 0xd667, 0xff27, 0xff26, 0xff26, 0xff06, 0xff26,
0xff26, 0xff26, 0xff26, 0xff26, 0xff26, 0xff26, 0xff06, 0xff06, 0xff26, 0xff26, 0xff26, 0xff06, 0xfee6, 0xff06, 0xfee5, 0xfee6,
0xff07, 0xfee5, 0xfee5, 0xff08, 0xff07, 0xff06, 0xff06, 0xff06, 0xff07, 0xff26, 0xff25, 0xff05, 0xff05, 0xff07, 0xff07, 0xff07,
0xff07, 0xff08, 0xfee6, 0xfee5, 0xfee6, 0xfee6, 0xff07, 0xff06, 0xfee6, 0xfee5, 0xfee6, 0xff08, 0xfee6, 0xfee5, 0xfee5, 0xff05,
0xff07, 0xff08, 0xfee5, 0xfee5, 0xfee5, 0xfee5, 0xfee6, 0xfec5, 0xfec5, 0xfec4, 0xfec4, 0xff06, 0xfee5, 0xfec5, 0xfee6, 0xfee5,
0xfee5, 0xfee6, 0xff07, 0xfee5, 0xfec5, 0xfec5, 0xfec5, 0xfee6, 0xfec5, 0xfec5, 0xfee6, 0xfee6, 0xfee6, 0xfee6, 0xfee5, 0xfee5,
0xfee6, 0xfee6, 0xfee6, 0xfee5, 0xfee6, 0xfee6, 0xfee7, 0xfee7, 0xfee6, 0xfec5, 0xfee5, 0xfec5, 0xff07, 0xff08, 0xfec5, 0xfec5,
0xfec5, 0xfee6, 0xfee7, 0xfee5, 0xfee6, 0xfee6, 0xfee6, 0xfee7, 0xfee6, 0xfec6, 0xfee5, 0xff06, 0xff07, 0xfee6, 0xfee6, 0xff06,
0xfec5, 0xfec5, 0xfec5, 0xfee6, 0xff07, 0xfee5, 0xfec5, 0xfee5, 0xff06, 0xff06, 0xff26, 0xff26, 0xff26, 0xff05, 0xfee5, 0xff05,
0xff05, 0xff05, 0xfee5, 0xff06, 0xff06, 0xff06, 0xff27, 0xff26, 0xff26, 0xff05, 0xfee5, 0xfee5, 0xff06, 0xfee5, 0xfee5, 0xfee5,
0xfee5, 0xff25, 0xfee5, 0xf6c5, 0xee65, 0xbd85, 0xd605, 0xfec5, 0xee64, 0xde25, 0x9cc8, 0xb528, 0xe609, 0xcd89, 0xa4a9, 0xa4c9,
0x8469, 0x7448, 0x64c8, 0x5ca8, 0x6487, 0x6487, 0x5c66, 0x4be6, 0x43c7, 0x3ba7, 0x2b47, 0x1ae7, 0x1ae8, 0x3387, 0x5407, 0x3368,
0x43a8, 0x5be9, 0x842a, 0x7c09, 0x8409, 0x9c29, 0x83c9, 0x7ba8, 0x7388, 0x7388, 0x7ba8, 0x83a8, 0x7ba8, 0x6b88, 0x63a8, 0x6ba9,
0x5b89, 0x5ba9, 0x740a, 0x6bc9, 0x63a9, 0x6389, 0x5b48, 0x7bca, 0x83ca, 0x83ca, 0x83cb, 0xbc4b, 0xcc8b, 0xd4ec, 0xcccc, 0xccac,
0xd4ed, 0xdd4e, 0xedcf, 0xfe51, 0xfe31, 0xf631, 0xf5f0, 0xdd8f, 0xd5ae, 0xde2b, 0xbe09, 0xadc8, 0xbde8, 0xd666, 0xbe07, 0x9d87,
0xadc7, 0xb5e6, 0xb5e6, 0xb5e6, 0x9d66, 0x9da6, 0xa5e6, 0xc646, 0xc606, 0x8d66, 0x9da5, 0xadc5, 0xade5, 0xb626, 0x9d86, 0xade6,
0xb628, 0x9567, 0xada6, 0xbe47, 0xae05, 0xae05, 0xa5a6, 0xade6, 0xc686, 0x9565, 0xa5e6, 0xb626, 0x9d85, 0x9586, 0xb626, 0xbe46,
0xa5c6, 0x9da5, 0xb629, 0xae06, 0xa5a4, 0xadc6, 0xb627, 0xade6, 0xade6, 0xa584, 0xb606, 0xae28, 0x9585, 0xbe65, 0xadc6, 0x9d65,
0xb648, 0xadc6, 0xada4, 0xada5, 0xadc5, 0xada5, 0xa565, 0xb5c6, 0xbe25, 0xa5c5, 0xade6, 0xa5a5, 0xbdc5, 0xc5c4, 0xb5c5, 0xa5a5,
0x9d85, 0xadc5, 0xbe66, 0xade6, 0x9d86, 0xae06, 0xc667, 0xae28, 0x9dc6, 0xb645, 0xa5e6, 0xae27, 0xa5e7, 0x9d87, 0xc667, 0xa5e6,
0xa5c5, 0xadc5, 0xbdc5, 0xadc6, 0x9586, 0xade6, 0xc688, 0xa608, 0xa5c5, 0xade4, 0xade5, 0xae07, 0xa606, 0xa5e6, 0xae05, 0x9dc5,
0x9da6, 0xa5c6, 0xbe46, 0xbe27, 0xa5e6, 0x9dc6, 0xa5e6, 0xc667, 0xc688, 0xa5c6, 0xa5c5, 0xb626, 0xb5e5, 0xadc5, 0x9da4, 0xa5e5,
0xa5e6, 0xade6, 0x9d85, 0x9d65, 0xa5c6, 0xce88, 0xae07, 0x8587, 0xb607, 0xc606, 0x9da6, 0xae47, 0xb646, 0xb626, 0xbe25, 0xa5e5,

/* -78- */
0xff08, 0xfee7, 0xfee6, 0xfee5, 0xfee6, 0xfee6, 0xff07, 0xfee6, 0xfee5, 0xfec5, 0xfee6, 0xfee7, 0xfee6, 0xfee5, 0xff06, 0xff06,
0xff07, 0xff07, 0xfee5, 0xfee5, 0xfec5, 0xfec6, 0xfee6, 0xfee5, 0xfec5, 0xfec5, 0xfee5, 0xfee6, 0xfee5, 0xfee6, 0xfee6, 0xfee5,
0xfec4, 0xfee6, 0xff08, 0xfee5, 0xfec4, 0xfec4, 0xfec5, 0xfee6, 0xfea4, 0xfec5, 0xff06, 0xfee6, 0xfee6, 0xfec5, 0xfee6, 0xfee5,
0xfee5, 0xfec5, 0xfec5, 0xfec5, 0xfee6, 0xfec5, 0xfec4, 0xfee5, 0xfee6, 0xfee5, 0xfee6, 0xfee5, 0xfee6, 0xfee6, 0xfec4, 0xfec5,
0xfee5, 0xfec4, 0xfee5, 0xfee5, 0xfee5, 0xfee6, 0xff06, 0xfee5, 0xfee6, 0xff08, 0xff06, 0xff06, 0xff07, 0xff06, 0xff06, 0xff06,
0xfec5, 0xfec5, 0xfee6, 0xfee5, 0xfee6, 0xfec5, 0xfee5, 0xfec5, 0xfec4, 0xfee5, 0xff28, 0xff06, 0xff06, 0xfee5, 0xff06, 0xff06,
0xfee5, 0xfee6, 0xfee6, 0xff07, 0xff27, 0xff06, 0xff49, 0xff29, 0xff29, 0xff06, 0xfee6, 0xfee5, 0xff07, 0xff07, 0xfee6, 0xfee6,
0xfee5, 0xfee5, 0xfee5, 0xff27, 0xff06, 0xff05, 0xfee5, 0xf684, 0xf684, 0xf6c5, 0xf684, 0xfec5, 0xfec7, 0xfea9, 0xfe6c, 0xee6f,
0xc5ec, 0x8d28, 0x8567, 0x5c67, 0x4c07, 0x4c27, 0x5447, 0x3367, 0x22c7, 0x2b07, 0x2b27, 0x1ae8, 0x1b08, 0x4be7, 0x5407, 0x3b88,
0x2308, 0x534a, 0xedd0, 0xe56e, 0xdd4d, 0xe56e, 0xdd2d, 0xdd0d, 0xdd2e, 0xdd2d, 0xe52e, 0xe54e, 0xc48c, 0xbc8c, 0xd4cc, 0xdcec,
0xb46b, 0xac4b, 0xdced, 0xd4cd, 0xccac, 0xccac, 0xa40b, 0xd4ed, 0xdd0d, 0xdced, 0xd4ed, 0xc48c, 0xd52e, 0xf672, 0xf651, 0xf610,
0xf610, 0xedf0, 0xedcf, 0xedd0, 0xedf0, 0xedcf, 0xed8e, 0xac6b, 0x9c29, 0xb584, 0x8525, 0x64c8, 0x8d87, 0xc623, 0xa585, 0x74c7,
0x8ce6, 0x9d05, 0x94c6, 0x9cc5, 0x8cc6, 0x74c7, 0x74c7, 0xb586, 0xbd86, 0x74e7, 0x74e6, 0x7ce5, 0x8505, 0x9da6, 0x8d06, 0x8ce6,
0x9567, 0x8507, 0x9485, 0x9d25, 0x9586, 0x8d06, 0x8ce5, 0x9d86, 0xa5a6, 0x5c47, 0x7ce7, 0x9566, 0x7ca6, 0x5427, 0x9546, 0xb5a5,
0x74a5, 0x7cc5, 0x94e5, 0xa524, 0x9d65, 0x8ce5, 0x8d26, 0x8d27, 0x9525, 0xb584, 0x9525, 0x6486, 0x74c6, 0xae06, 0xa505, 0x8485,
0x84e4, 0x84e6, 0x9d46, 0x9c84, 0xa484, 0x9cc4, 0x7447, 0x9d05, 0xb564, 0x8ce5, 0x84e5, 0x7ce7, 0xa505, 0xb4e3, 0xad45, 0x8506,
0x6c87, 0x84e6, 0xa5c7, 0x94e5, 0x8c84, 0x8d45, 0x8da6, 0x64c8, 0x84a6, 0xad85, 0x9586, 0x7527, 0x6ce7, 0x6c87, 0xc5c4, 0x9d05,
0x6466, 0x7ca5, 0xbce4, 0xa4c5, 0x7466, 0x8546, 0x9586, 0x7508, 0x8d06, 0xad24, 0x9d24, 0x74e7, 0x7d27, 0x8527, 0x84e4, 0x8d04,
0x7ce5, 0x74c6, 0xa586, 0xa4e5, 0x94e5, 0x74c6, 0x6487, 0xa5c8, 0x9da7, 0x8506, 0x9545, 0x84e6, 0x9d05, 0xad23, 0x8d25, 0x8526,
0x74c6, 0x7d06, 0x8506, 0x8506, 0x9566, 0xadc6, 0x7d07, 0x64a7, 0x8d06, 0xad45, 0x9d25, 0x64a8, 0x8526, 0x9d45, 0x94e4, 0x7445,
0x74c9, 0x84e8, 0xace4, 0x9c85, 0x7507, 0x9506, 0x9ca5, 0x84c5, 0x64a4, 0x6483, 0x7c65, 0xa448, 0xc4cb, 0xc50d, 0xcd6d, 0xbd8c,
0x6ca8, 0x5c67, 0x5427, 0x5427, 0x5c66, 0x3306, 0x22c7, 0x3ba7, 0x6c86, 0x7465, 0x4367, 0x9c84, 0xcd23, 0xe5a3, 0xc4e2, 0xcd22,
0xc502, 0xcd22, 0xee45, 0xeea7, 0xdd62, 0xf623, 0xfee6, 0xf6c7, 0xeee8, 0x7ce7, 0x5c46, 0x5446, 0x5c66, 0x8567, 0x4c26, 0x3ba6,
0x2b67, 0x2b47, 0x2ba8, 0x54a7, 0x9dc6, 0x7486, 0x7ca5, 0x7d05, 0x6466, 0x3ba7, 0x3387, 0x5468, 0x5468, 0x2348, 0x2b69, 0x3369,
0x3369, 0x2b48, 0x1ac8, 0x1aa7, 0x1a87, 0x1a87, 0x1287, 0x4387, 0x9d25, 0xbdc4, 0x2b07, 0x8d27, 0xff65, 0xfec5, 0xff29, 0xff07,
0xfee5, 0xfee5, 0xff07, 0xff08, 0xff08, 0xfee7, 0xfee6, 0xfee7, 0xff28, 0xff27, 0xfee6, 0xf6a5, 0xf6c5, 0xff08, 0xfee7, 0xfee6,
0xfee6, 0xfec6, 0xfee6, 0xfee6, 0xf6c6, 0xf6c7, 0xf6c7, 0xf6c7, 0xfee7, 0xff07, 0xf6e7, 0xff07, 0xff08, 0xff09, 0xf6c7, 0xee65,
0xf6a6, 0xfee7, 0xff0a, 0xfec7, 0xee64, 0xf665, 0xfee7, 0xf70c, 0xf6e9, 0xf663, 0xf685, 0xf6e8, 0xf6c7, 0xee86, 0xfec6, 0xf6a6,
0xf685, 0xf6a5, 0xf6c5, 0xf6c7, 0xf6a6, 0xee44, 0xf6a5, 0xf6a6, 0xf686, 0xf665, 0xede2, 0xf684, 0xff09, 0xf6a7, 0xf642, 0xfec5,
0xfea5, 0xf685, 0xf664, 0xee23, 0xf664, 0xff08, 0xf685, 0xf644, 0xf685, 0xf6a4, 0xf664, 0xf6a5, 0xf6a5, 0xe5e2, 0xee22, 0xf662,
0xf664, 0xf6e8, 0xe623, 0xede2, 0xfea4, 0xee44, 0xee65, 0xee64, 0xe623, 0xeea6, 0xe644, 0xee65, 0xe5e3, 0xdde3, 0xee65, 0xee02,
0xee43, 0xee85, 0xde03, 0xee64, 0xe623, 0xe603, 0xf6e7, 0xee65, 0xe622, 0xf6a5, 0xd5a3, 0xddc3, 0xf6e6, 0xf727, 0xee64, 0xcd21,
0xee45, 0xf6c7, 0xdda1, 0xd561, 0xf684, 0xdde3, 0xcd42, 0xf685, 0xee24, 0xcd02, 0xdda2, 0xf6a7, 0xee47, 0xdda3, 0xdda2, 0xdda2,
0xee23, 0xee45, 0xd584, 0xe5e4, 0xe5e3, 0xdda3, 0xddc3, 0xc524, 0xd563, 0xee02, 0xcd02, 0xd5a4, 0xe5c4, 0xc543, 0xd5a2, 0xe5e2,
0xee23, 0xc545, 0xc4e3, 0xe5e2, 0xe603, 0xbcc2, 0xc4e3, 0xee04, 0xdd83, 0xac83, 0xc502, 0xd562, 0xd583, 0xb4a3, 0xb4c2, 0xb503,
0xbd02, 0xb4c3, 0x9c83, 0xc542, 0xd5c3, 0xb524, 0xc4e2, 0xc4e2, 0xbd23, 0xcd83, 0xad24, 0xcd22, 0xcd02, 0xb4a3, 0xa4e3, 0xb563,
0xbd03, 0xa444, 0xcd23, 0xb523, 0x94c3, 0xbd24, 0xbd44, 0x94a5, 0xacc4, 0xb4e3, 0x9c84, 0xbca3, 0xbca3, 0xac84, 0x9c44, 0x9c44,
0xa445, 0xb464, 0xb4c4, 0x8424, 0x8c05, 0xb4a4, 0xa444, 0xbce4, 0xbce4, 0x6b87, 0x6b86, 0x9426, 0xb4c4, 0xacc4, 0x4bc9, 0x4be7,
0x4387, 0x4b88, 0xbcc4, 0x7407, 0x4389, 0x5c48, 0x5429, 0xa447, 0x9c06, 0x4b29, 0x5369, 0x5ba8, 0x5ba8, 0x7389, 0x7369, 0x6b89,
0x73e8, 0x8409, 0x7ba9, 0x9449, 0x94c9, 0x7489, 0x9589, 0x84a9, 0x8d49, 0xa669, 0xa629, 0xae49, 0xa649, 0xae49, 0xae6a, 0xae69,
0xa669, 0xae6a, 0xae6a, 0xb669, 0xae69, 0xae69, 0xae49, 0xa649, 0xa649, 0xa649, 0xa649, 0xae69, 0xae69, 0xa629, 0xa629, 0x9e29,
0xa64a, 0xae8a, 0xb689, 0xa608, 0x95e7, 0x95e8, 0xa649, 0xb669, 0xa628, 0x8da8, 0xb5a7, 0xcde7, 0xd668, 0xff49, 0xae49, 0x8588,
0xae27, 0xdea7, 0xff08, 0xff49, 0xff26, 0xfee4, 0xfec3, 0xf6c5, 0xff06, 0xff27, 0xff26, 0xff27, 0xff29, 0xff28, 0xff06, 0xff06,
0xff06, 0xfee6, 0xff07, 0xff06, 0xff06, 0xff06, 0xff06, 0xff06, 0xff06, 0xff06, 0xff27, 0xff28, 0xfee6, 0xfec5, 0xfee5, 0xff07,
0xff28, 0xff07, 0xfee5, 0xff07, 0xff08, 0xff07, 0xff06, 0xff08, 0xff28, 0xff26, 0xff05, 0xff05, 0xff06, 0xff08, 0xff08, 0xfee8,
0xff08, 0xfee7, 0xfee6, 0xfee5, 0xfee6, 0xfee6, 0xff07, 0xfee6, 0xfee5, 0xfec5, 0xfee6, 0xfee7, 0xfee6, 0xfee5, 0xff06, 0xff06,
0xff07, 0xff07, 0xfee5, 0xfee5, 0xfec5, 0xfec6, 0xfee6, 0xfee5, 0xfec5, 0xfec5, 0xfee5, 0xfee6, 0xfee5, 0xfee6, 0xfee6, 0xfee5,
0xfec4, 0xfee6, 0xff08, 0xfee5, 0xfec4, 0xfec4, 0xfec5, 0xfee6, 0xfea4, 0xfec5, 0xff06, 0xfee6, 0xfee6, 0xfec5, 0xfee6, 0xfee5,
0xfee5, 0xfec5, 0xfec5, 0xfec5, 0xfee6, 0xfec5, 0xfec4, 0xfee5, 0xfee6, 0xfee5, 0xfee6, 0xfee5, 0xfee6, 0xfee6, 0xfec4, 0xfec5,
0xfee5, 0xfec4, 0xfee5, 0xfee5, 0xfee5, 0xfee6, 0xff06, 0xfee5, 0xfee6, 0xff08, 0xff06, 0xff06, 0xff07, 0xff06, 0xff06, 0xff06,
0xfec5, 0xfec5, 0xfee6, 0xfee5, 0xfee6, 0xfec5, 0xfee5, 0xfec5, 0xfec4, 0xfee5, 0xff28, 0xff06, 0xff06, 0xfee5, 0xff06, 0xff06,
0xfee5, 0xfee6, 0xfee6, 0xff07, 0xff27, 0xff06, 0xff49, 0xff29, 0xff29, 0xff06, 0xfee6, 0xfee5, 0xff07, 0xff07, 0xfee6, 0xfee6,
0xfee5, 0xfee5, 0xfee5, 0xff27, 0xff06, 0xff05, 0xfee5, 0xf684, 0xf684, 0xf6c5, 0xf684, 0xfec5, 0xfec7, 0xfea9, 0xfe6c, 0xee6f,
0xc5ec, 0x8d28, 0x8567, 0x5c67, 0x4c07, 0x4c27, 0x5447, 0x3367, 0x22c7, 0x2b07, 0x2b27, 0x1ae8, 0x1b08, 0x4be7, 0x5407, 0x3b88,
0x2308, 0x534a, 0xedd0, 0xe56e, 0xdd4d, 0xe56e, 0xdd2d, 0xdd0d, 0xdd2e, 0xdd2d, 0xe52e, 0xe54e, 0xc48c, 0xbc8c, 0xd4cc, 0xdcec,
0xb46b, 0xac4b, 0xdced, 0xd4cd, 0xccac, 0xccac, 0xa40b, 0xd4ed, 0xdd0d, 0xdced, 0xd4ed, 0xc48c, 0xd52e, 0xf672, 0xf651, 0xf610,
0xf610, 0xedf0, 0xedcf, 0xedd0, 0xedf0, 0xedcf, 0xed8e, 0xac6b, 0x9c29, 0xb584, 0x8525, 0x64c8, 0x8d87, 0xc623, 0xa585, 0x74c7,
0x8ce6, 0x9d05, 0x94c6, 0x9cc5, 0x8cc6, 0x74c7, 0x74c7, 0xb586, 0xbd86, 0x74e7, 0x74e6, 0x7ce5, 0x8505, 0x9da6, 0x8d06, 0x8ce6,
0x9567, 0x8507, 0x9485, 0x9d25, 0x9586, 0x8d06, 0x8ce5, 0x9d86, 0xa5a6, 0x5c47, 0x7ce7, 0x9566, 0x7ca6, 0x5427, 0x9546, 0xb5a5,
0x74a5, 0x7cc5, 0x94e5, 0xa524, 0x9d65, 0x8ce5, 0x8d26, 0x8d27, 0x9525, 0xb584, 0x9525, 0x6486, 0x74c6, 0xae06, 0xa505, 0x8485,
0x84e4, 0x84e6, 0x9d46, 0x9c84, 0xa484, 0x9cc4, 0x7447, 0x9d05, 0xb564, 0x8ce5, 0x84e5, 0x7ce7, 0xa505, 0xb4e3, 0xad45, 0x8506,
0x6c87, 0x84e6, 0xa5c7, 0x94e5, 0x8c84, 0x8d45, 0x8da6, 0x64c8, 0x84a6, 0xad85, 0x9586, 0x7527, 0x6ce7, 0x6c87, 0xc5c4, 0x9d05,
0x6466, 0x7ca5, 0xbce4, 0xa4c5, 0x7466, 0x8546, 0x9586, 0x7508, 0x8d06, 0xad24, 0x9d24, 0x74e7, 0x7d27, 0x8527, 0x84e4, 0x8d04,
0x7ce5, 0x74c6, 0xa586, 0xa4e5, 0x94e5, 0x74c6, 0x6487, 0xa5c8, 0x9da7, 0x8506, 0x9545, 0x84e6, 0x9d05, 0xad23, 0x8d25, 0x8526,
0x74c6, 0x7d06, 0x8506, 0x8506, 0x9566, 0xadc6, 0x7d07, 0x64a7, 0x8d06, 0xad45, 0x9d25, 0x64a8, 0x8526, 0x9d45, 0x94e4, 0x7445,

/* -79- */
0xfec4, 0xfea4, 0xfee6, 0xfee6, 0xfec3, 0xfec4, 0xfec4, 0xfec5, 0xfec5, 0xfee8, 0xfec6, 0xfea4, 0xfea4, 0xfea4, 0xfee7, 0xfec6,
0xfea5, 0xfec5, 0xfec4, 0xfec5, 0xfee8, 0xfee7, 0xfec5, 0xfec4, 0xfee5, 0xff4a, 0xff28, 0xfec4, 0xfee6, 0xff07, 0xfec5, 0xfee5,
0xfee5, 0xfee5, 0xfee5, 0xff07, 0xff07, 0xfee6, 0xfec5, 0xfec4, 0xfec5, 0xfec5, 0xfee6, 0xfec6, 0xfec5, 0xfec4, 0xff07, 0xfee7,
0xfec5, 0xfea4, 0xfec4, 0xfec6, 0xfee7, 0xfec4, 0xfec4, 0xfec4, 0xfee5, 0xff08, 0xfee5, 0xfee5, 0xfec4, 0xfec4, 0xfec5, 0xfee6,
0xfee7, 0xfec4, 0xfee5, 0xff06, 0xfee5, 0xfec5, 0xfec4, 0xfee4, 0xfee6, 0xff09, 0xff08, 0xfee5, 0xfee6, 0xff08, 0xfee5, 0xfec4,
0xfee6, 0xff08, 0xfee6, 0xfec4, 0xfec4, 0xfec4, 0xff06, 0xfee6, 0xfec5, 0xfee6, 0xfee5, 0xfee5, 0xff05, 0xff05, 0xff27, 0xff28,
0xff06, 0xff06, 0xff29, 0xff07, 0xfee5, 0xfee5, 0xfee4, 0xff07, 0xff28, 0xff28, 0xff29, 0xfec5, 0xfec5, 0xff07, 0xff08, 0xfee6,
0xfec4, 0xff07, 0xff48, 0xff48, 0xff07, 0xfec5, 0xf684, 0xfee6, 0xfee7, 0xfec6, 0xf684, 0xf685, 0xfee8, 0xff0a, 0xde09, 0x5368,
0x84e7, 0xb646, 0x8d87, 0x7d48, 0x7547, 0x6d07, 0x4407, 0x2b07, 0x4c07, 0x6486, 0x6486, 0x3bc7, 0x1b28, 0x1ae9, 0x1ac9, 0x1aa9,
0x1ac9, 0x94ce, 0xb50d, 0xc54d, 0xf630, 0xee10, 0xf651, 0xf693, 0xf693, 0xf672, 0xf671, 0xf630, 0xf610, 0xf60f, 0xedcf, 0xe58e,
0xe56e, 0xed8e, 0xe5ae, 0xedcf, 0xedcf, 0xe5af, 0xedaf, 0xe5cf, 0xee10, 0xee11, 0xee11, 0xee11, 0xf631, 0xf652, 0xf672, 0xf631,
0xedd0, 0xac4b, 0x9bea, 0x9c0a, 0xabea, 0x9389, 0x8329, 0x8b69, 0x9be9, 0x9427, 0x6bc7, 0x5388, 0x73e7, 0x9446, 0x8426, 0x4369,
0x63aa, 0xa466, 0x6c09, 0x94c5, 0x8ca5, 0x5388, 0x4b69, 0x9c86, 0xb4e6, 0x7d07, 0x64c7, 0x4369, 0x4b89, 0x74a6, 0xada5, 0x8ce6,
0x63c8, 0x6c07, 0xb4e4, 0x94a6, 0x6429, 0x5be8, 0x8ce7, 0x9d87, 0x84a6, 0x43c9, 0x5428, 0x8506, 0x7486, 0x43c8, 0x8c85, 0xa4c3,
0x6426, 0x5427, 0x8446, 0xb445, 0x94a6, 0x8ce6, 0x6c68, 0x5408, 0x6c48, 0xbd65, 0x7c87, 0x5408, 0x6467, 0x5448, 0xbca5, 0xa485,
0x84a5, 0x5c28, 0x5c09, 0xa465, 0xb4a3, 0x7c05, 0x3b49, 0x9485, 0x8c24, 0x7406, 0x84c6, 0x4c09, 0x94c6, 0xc524, 0x5be9, 0x74a8,
0x84e6, 0x8d06, 0x64a8, 0x8c86, 0xb4a4, 0x7487, 0x6cc7, 0x74e7, 0x6c28, 0x8ba7, 0x8446, 0x5468, 0x5c87, 0x74a7, 0x8c65, 0x94a5,
0x43c8, 0x7487, 0xb4c4, 0xa4a5, 0x84e6, 0x4c48, 0x6467, 0x74a6, 0x6448, 0x8446, 0xa4a4, 0x3bc9, 0x5469, 0x5429, 0x8c86, 0xa504,
0x6447, 0x3bc9, 0x6447, 0xb4a5, 0x9466, 0x5408, 0x5c07, 0x6cc7, 0x6448, 0x63c7, 0x8ce5, 0x43a9, 0x7447, 0xb523, 0x6cc7, 0x5c68,
0x4baa, 0x6c87, 0x8566, 0x5c49, 0x84e7, 0xad85, 0x6448, 0x3b68, 0x7467, 0x9c66, 0xa425, 0x6427, 0x53c7, 0x7447, 0xa4c3, 0x5366,
0x5408, 0x7c47, 0x9425, 0x7c46, 0x54a7, 0x8ce5, 0xa4c5, 0x7407, 0x3368, 0x3308, 0x6309, 0x8b6a, 0xa4aa, 0x7cc9, 0x6ca8, 0x64c7,
0x7527, 0x7526, 0x4c07, 0x2b28, 0x5447, 0x5487, 0x4427, 0x2b68, 0x1b08, 0x2308, 0x43c8, 0x4368, 0x7bc6, 0xc4e3, 0x9c43, 0xb4c3,
0xcd23, 0xd523, 0xd564, 0xcd24, 0xcd03, 0xdd62, 0xf5e2, 0xbd65, 0x7cc6, 0xc646, 0x8d66, 0x4406, 0x5c86, 0x7d47, 0x64c7, 0x5467,
0x33a7, 0x12c7, 0x3be8, 0x5467, 0x4c07, 0x2b27, 0x5407, 0x74e6, 0x74e7, 0x8548, 0x6cc7, 0x64a8, 0x64a8, 0x4c08, 0x22e9, 0x5448,
0x5ca8, 0x5488, 0x1ae8, 0x12a8, 0x1ae8, 0x2b67, 0x2ba7, 0x22e8, 0x1a48, 0x1a67, 0x09e7, 0x9d05, 0xfee3, 0xf682, 0xff06, 0xff06,
0xfea3, 0xfe83, 0xfea3, 0xfee7, 0xff07, 0xfea4, 0xf684, 0xfe84, 0xfec5, 0xff07, 0xf684, 0xe5c3, 0xe603, 0xfee6, 0xfec5, 0xfee6,
0xfee6, 0xe5c2, 0xf684, 0xfee5, 0xee63, 0xf685, 0xee45, 0xe603, 0xfec5, 0xff05, 0xee03, 0xf685, 0xfec5, 0xff06, 0xee22, 0xd562,
0xe604, 0xfec6, 0xfee7, 0xee44, 0xd583, 0xe5e4, 0xf663, 0xeeaa, 0xee87, 0xee22, 0xf643, 0xe5c3, 0xdd83, 0xe5e4, 0xff07, 0xf644,
0xdd62, 0xd543, 0xee24, 0xee43, 0xee23, 0xee24, 0xee24, 0xdd82, 0xdda3, 0xf643, 0xee03, 0xe5a3, 0xe5c3, 0xe5a2, 0xe5c3, 0xff07,
0xe5e3, 0xe582, 0xd542, 0xe5c4, 0xfec6, 0xf664, 0xd562, 0xd542, 0xee03, 0xfea6, 0xddc4, 0xd5a3, 0xdda3, 0xd563, 0xf664, 0xfea5,
0xd543, 0xcce2, 0xd503, 0xdd82, 0xfec5, 0xd5c6, 0xc523, 0xdd62, 0xdda3, 0xee24, 0xf644, 0xd583, 0xd543, 0xcd03, 0xcce2, 0xf625,
0xde05, 0xb523, 0xcd23, 0xd502, 0xdd83, 0xe603, 0xd584, 0xcd43, 0xcd22, 0xe5a2, 0xdd83, 0xcd63, 0xdda2, 0xd543, 0xcce3, 0xc4e3,
0xb4e4, 0xd563, 0xd562, 0xc503, 0xcd64, 0xcd44, 0xb4a4, 0xc504, 0xbd04, 0xc524, 0xe5e4, 0xdd64, 0xc483, 0xcd03, 0xcd03, 0xd563,
0xe5a3, 0xbca4, 0xa465, 0xcd23, 0xc503, 0xc504, 0xbd05, 0xaca5, 0xbce4, 0xcd02, 0xaca3, 0x8c87, 0xb4c4, 0xa4a5, 0xdd83, 0xd543,
0xad06, 0x9cc7, 0xdd63, 0xc4e2, 0xb482, 0xb483, 0xbcc3, 0xc4c3, 0xaca4, 0x7465, 0x9cc3, 0x9c64, 0xa464, 0xac84, 0xad04, 0x8ca4,
0xbce2, 0xbcc2, 0x9c64, 0x94c4, 0x6c86, 0x7448, 0xdce3, 0xccc3, 0x84a6, 0x6cc6, 0x5c87, 0xbca4, 0xcca3, 0xac65, 0x3c07, 0x5c66,
0x9426, 0x9be6, 0xc4a3, 0x7465, 0x3407, 0x94c5, 0x7ca7, 0x5c08, 0xb405, 0x7ba5, 0x4388, 0xb446, 0xa405, 0x4b67, 0x3347, 0x2b07,
0x5b07, 0x9345, 0x3307, 0x3b67, 0x5b88, 0x42e9, 0x4ac9, 0x7367, 0x6387, 0x3aa8, 0x42e9, 0x5308, 0x5b08, 0x5308, 0x42e8, 0x32a7,
0x32a8, 0x4308, 0x52e8, 0x42e8, 0x4b28, 0x4328, 0x5b89, 0x9be8, 0x8429, 0x642a, 0x746a, 0xa5e7, 0xa5e7, 0xad69, 0x94aa, 0x6449,
0x9629, 0x95e9, 0x84ea, 0xae08, 0xa608, 0xa649, 0xa629, 0xa649, 0xa649, 0xa649, 0xa648, 0x9e29, 0xa649, 0xa649, 0xa649, 0xa649,
0xa649, 0xa649, 0xa649, 0xa649, 0xa629, 0xa629, 0xa629, 0xa629, 0xa649, 0xa649, 0xa629, 0xae28, 0xb648, 0xce88, 0xa627, 0xa607,
0xae28, 0xeee8, 0xff47, 0xce66, 0x9dc6, 0x8da9, 0xdea9, 0xff49, 0xf709, 0xb648, 0xde86, 0xf6a5, 0xf6e7, 0xff07, 0xf707, 0xef07,
0xf706, 0xf707, 0xfee6, 0xf6e8, 0xf6e7, 0xfec4, 0xfec5, 0xff09, 0xff09, 0xff07, 0xff05, 0xff08, 0xff2c, 0xff2b, 0xff06, 0xfee5,
0xff06, 0xff28, 0xff27, 0xff05, 0xfee5, 0xff07, 0xff27, 0xff29, 0xff07, 0xfee4, 0xff06, 0xff07, 0xfee5, 0xfee5, 0xff2c, 0xff4c,
0xff29, 0xff09, 0xfee6, 0xfee6, 0xfec5, 0xfec4, 0xfee6, 0xff2a, 0xff2b, 0xfee6, 0xfee4, 0xff05, 0xff09, 0xff09, 0xfec5, 0xfea3,
0xfec4, 0xfea4, 0xfee6, 0xfee6, 0xfec3, 0xfec4, 0xfec4, 0xfec5, 0xfec5, 0xfee8, 0xfec6, 0xfea4, 0xfea4, 0xfea4, 0xfee7, 0xfec6,
0xfea5, 0xfec5, 0xfec4, 0xfec5, 0xfee8, 0xfee7, 0xfec5, 0xfec4, 0xfee5, 0xff4a, 0xff28, 0xfec4, 0xfee6, 0xff07, 0xfec5, 0xfee5,
0xfee5, 0xfee5, 0xfee5, 0xff07, 0xff07, 0xfee6, 0xfec5, 0xfec4, 0xfec5, 0xfec5, 0xfee6, 0xfec6, 0xfec5, 0xfec4, 0xff07, 0xfee7,
0xfec5, 0xfea4, 0xfec4, 0xfec6, 0xfee7, 0xfec4, 0xfec4, 0xfec4, 0xfee5, 0xff08, 0xfee5, 0xfee5, 0xfec4, 0xfec4, 0xfec5, 0xfee6,
0xfee7, 0xfec4, 0xfee5, 0xff06, 0xfee5, 0xfec5, 0xfec4, 0xfee4, 0xfee6, 0xff09, 0xff08, 0xfee5, 0xfee6, 0xff08, 0xfee5, 0xfec4,
0xfee6, 0xff08, 0xfee6, 0xfec4, 0xfec4, 0xfec4, 0xff06, 0xfee6, 0xfec5, 0xfee6, 0xfee5, 0xfee5, 0xff05, 0xff05, 0xff27, 0xff28,
0xff06, 0xff06, 0xff29, 0xff07, 0xfee5, 0xfee5, 0xfee4, 0xff07, 0xff28, 0xff28, 0xff29, 0xfec5, 0xfec5, 0xff07, 0xff08, 0xfee6,
0xfec4, 0xff07, 0xff48, 0xff48, 0xff07, 0xfec5, 0xf684, 0xfee6, 0xfee7, 0xfec6, 0xf684, 0xf685, 0xfee8, 0xff0a, 0xde09, 0x5368,
0x84e7, 0xb646, 0x8d87, 0x7d48, 0x7547, 0x6d07, 0x4407, 0x2b07, 0x4c07, 0x6486, 0x6486, 0x3bc7, 0x1b28, 0x1ae9, 0x1ac9, 0x1aa9,
0x1ac9, 0x94ce, 0xb50d, 0xc54d, 0xf630, 0xee10, 0xf651, 0xf693, 0xf693, 0xf672, 0xf671, 0xf630, 0xf610, 0xf60f, 0xedcf, 0xe58e,
0xe56e, 0xed8e, 0xe5ae, 0xedcf, 0xedcf, 0xe5af, 0xedaf, 0xe5cf, 0xee10, 0xee11, 0xee11, 0xee11, 0xf631, 0xf652, 0xf672, 0xf631,
0xedd0, 0xac4b, 0x9bea, 0x9c0a, 0xabea, 0x9389, 0x8329, 0x8b69, 0x9be9, 0x9427, 0x6bc7, 0x5388, 0x73e7, 0x9446, 0x8426, 0x4369,
0x63aa, 0xa466, 0x6c09, 0x94c5, 0x8ca5, 0x5388, 0x4b69, 0x9c86, 0xb4e6, 0x7d07, 0x64c7, 0x4369, 0x4b89, 0x74a6, 0xada5, 0x8ce6,
0x63c8, 0x6c07, 0xb4e4, 0x94a6, 0x6429, 0x5be8, 0x8ce7, 0x9d87, 0x84a6, 0x43c9, 0x5428, 0x8506, 0x7486, 0x43c8, 0x8c85, 0xa4c3,
0x6426, 0x5427, 0x8446, 0xb445, 0x94a6, 0x8ce6, 0x6c68, 0x5408, 0x6c48, 0xbd65, 0x7c87, 0x5408, 0x6467, 0x5448, 0xbca5, 0xa485,
0x84a5, 0x5c28, 0x5c09, 0xa465, 0xb4a3, 0x7c05, 0x3b49, 0x9485, 0x8c24, 0x7406, 0x84c6, 0x4c09, 0x94c6, 0xc524, 0x5be9, 0x74a8,
0x84e6, 0x8d06, 0x64a8, 0x8c86, 0xb4a4, 0x7487, 0x6cc7, 0x74e7, 0x6c28, 0x8ba7, 0x8446, 0x5468, 0x5c87, 0x74a7, 0x8c65, 0x94a5,
0x43c8, 0x7487, 0xb4c4, 0xa4a5, 0x84e6, 0x4c48, 0x6467, 0x74a6, 0x6448, 0x8446, 0xa4a4, 0x3bc9, 0x5469, 0x5429, 0x8c86, 0xa504,
0x6447, 0x3bc9, 0x6447, 0xb4a5, 0x9466, 0x5408, 0x5c07, 0x6cc7, 0x6448, 0x63c7, 0x8ce5, 0x43a9, 0x7447, 0xb523, 0x6cc7, 0x5c68,
0x4baa, 0x6c87, 0x8566, 0x5c49, 0x84e7, 0xad85, 0x6448, 0x3b68, 0x7467, 0x9c66, 0xa425, 0x6427, 0x53c7, 0x7447, 0xa4c3, 0x5366,

/* -80- */
0xfea4, 0xfea4, 0xfea4, 0xfec5, 0xff09, 0xfec5, 0xfec4, 0xfea4, 0xfec4, 0xfeea, 0xfec7, 0xfe83, 0xfea4, 0xfee7, 0xfee8, 0xfec5,
0xfea4, 0xfec4, 0xfec4, 0xfee6, 0xfee7, 0xfee6, 0xfee5, 0xfec4, 0xfec4, 0xff07, 0xfee5, 0xfec4, 0xfec5, 0xfee5, 0xfea4, 0xfec4,
0xfee6, 0xff07, 0xfee5, 0xfee5, 0xfec5, 0xfec5, 0xfec5, 0xfec5, 0xfee7, 0xfee6, 0xfea5, 0xfea5, 0xfea4, 0xfec4, 0xfec5, 0xfec5,
0xfec6, 0xfec5, 0xfec4, 0xfec6, 0xff08, 0xfee5, 0xfee6, 0xfee5, 0xfee5, 0xfee7, 0xfee5, 0xfee6, 0xfee6, 0xfee6, 0xff07, 0xff06,
0xfee5, 0xfee5, 0xff06, 0xfec5, 0xfea4, 0xfec5, 0xfee7, 0xfee7, 0xfee6, 0xfec5, 0xfec5, 0xfec4, 0xfec4, 0xfec4, 0xfee5, 0xfee5,
0xfee6, 0xff07, 0xfec5, 0xff08, 0xff29, 0xfee5, 0xff07, 0xff06, 0xfee6, 0xf708, 0xfec5, 0xfee5, 0xff07, 0xff27, 0xff06, 0xfee6,
0xfee6, 0xff07, 0xfec6, 0xfec5, 0xfec4, 0xfee6, 0xfee7, 0xfec5, 0xfec4, 0xfec5, 0xfec5, 0xfee7, 0xfee7, 0xfec6, 0xfec5, 0xfec5,
0xfea4, 0xfec5, 0xfee6, 0xf684, 0xf664, 0xee03, 0xf665, 0xf685, 0xee24, 0xf623, 0xee03, 0xdd83, 0xee23, 0xede3, 0xd542, 0xbd03,
0x94e4, 0x6466, 0x5c47, 0x5c68, 0x64c7, 0x5c87, 0x3388, 0x2308, 0x5447, 0x64a7, 0x4427, 0x33e8, 0x2348, 0x12a9, 0x12a8, 0x1288,
0x4be9, 0x5c29, 0x3367, 0x950a, 0xbdab, 0x9cab, 0xf651, 0xfef4, 0xfe93, 0xfe92, 0xfeb2, 0xfed3, 0xfed2, 0xfe71, 0xfe70, 0xf650,
0xf650, 0xf651, 0xf630, 0xf630, 0xf651, 0xf671, 0xfe93, 0xfeb3, 0xf672, 0xfe72, 0xfe52, 0xf652, 0xf692, 0xf651, 0xe5b0, 0xe5b0,
0xedd0, 0xdd6e, 0xb50c, 0xa4aa, 0xbc6a, 0x9b89, 0x8348, 0x9369, 0x8b49, 0x5ac9, 0x52a9, 0x52e9, 0x6b29, 0x62e9, 0x4aaa, 0x4b2a,
0x7bca, 0x83a9, 0x432a, 0x5329, 0x5b09, 0x4ae9, 0x4ae9, 0x6308, 0x6ae7, 0x52e8, 0x42c8, 0x4ac8, 0x5328, 0x6be8, 0x5b67, 0x4ac8,
0x4ac8, 0x4ae8, 0x4b07, 0x42e7, 0x3ac8, 0x42c8, 0x5328, 0x5348, 0x5368, 0x32e9, 0x3b49, 0x4bc8, 0x4388, 0x3b28, 0x62e7, 0x6b07,
0x4b67, 0x4388, 0x5348, 0x6327, 0x4327, 0x4367, 0x4ba8, 0x4368, 0x3b28, 0x4b27, 0x4328, 0x3b48, 0x3b48, 0x3328, 0x5307, 0x4ae7,
0x4b48, 0x4349, 0x4349, 0x4b28, 0x5327, 0x5367, 0x3b88, 0x4347, 0x4b27, 0x3b08, 0x4328, 0x4368, 0x4b68, 0x5347, 0x3b29, 0x4348,
0x5388, 0x5387, 0x4388, 0x6367, 0x7b47, 0x4b88, 0x43a8, 0x4368, 0x4327, 0x72c6, 0x62c6, 0x2ae8, 0x4368, 0x6be7, 0x6b68, 0x5b08,
0x3b09, 0x4b49, 0x6b48, 0x5b48, 0x4329, 0x4b48, 0x5307, 0x4ae7, 0x4ae7, 0x5327, 0x7327, 0x5b89, 0x4b69, 0x4b49, 0x6b48, 0x7368,
0x7408, 0x53e8, 0x4368, 0x6368, 0x6348, 0x4b08, 0x5348, 0x4b28, 0x4b07, 0x5b06, 0x5b07, 0x4328, 0x4b28, 0x5b47, 0x3b48, 0x4367,
0x6308, 0x6b47, 0x5b87, 0x4329, 0x6b88, 0x73c8, 0x4b89, 0x3b89, 0x3b48, 0x4b08, 0x7306, 0x5ae7, 0x5ae7, 0x5b08, 0x4b07, 0x3b07,
0x7368, 0x8ae7, 0x5b07, 0x3308, 0x3328, 0x5b28, 0x7b48, 0x8b49, 0x7bcb, 0x83ac, 0xac0d, 0xc48d, 0x948a, 0x43c8, 0x6487, 0x5c67,
0x4c07, 0x4c06, 0x3327, 0x22e7, 0x43e7, 0x4407, 0x3c07, 0x2328, 0x12a8, 0x1ac8, 0x1aa7, 0x3308, 0x73c7, 0x9c45, 0x9445, 0x9ca4,
0xacc4, 0xd504, 0xcce3, 0xbca3, 0xc4c3, 0xbca3, 0xbca3, 0x8465, 0x5426, 0x8d45, 0x8546, 0x64a7, 0x4426, 0x4c47, 0x6d07, 0x7547,
0x5c87, 0x3367, 0x2b47, 0x2b27, 0x2286, 0x1246, 0x3366, 0x4be7, 0x5c67, 0x7d47, 0x7508, 0x6d08, 0x4c48, 0x2328, 0x22c9, 0x5467,
0x5ca7, 0x5c87, 0x2b47, 0x2b67, 0x3be7, 0x3bc7, 0x2b87, 0x1a87, 0x1207, 0x1207, 0x09e7, 0x1207, 0x6386, 0xee43, 0xff28, 0xf685,
0xee03, 0xf644, 0xee23, 0xf685, 0xff29, 0xe5e3, 0xdd83, 0xe5c3, 0xee23, 0xff26, 0xe604, 0xdd83, 0xe5c3, 0xee43, 0xfee7, 0xe624,
0xd582, 0xd562, 0xdd82, 0xf685, 0xfee6, 0xe5c3, 0xdd82, 0xdd82, 0xe5c3, 0xddc4, 0xd564, 0xdd83, 0xdda3, 0xddc4, 0xd583, 0xbce4,
0xcd24, 0xf623, 0xcd64, 0xc584, 0xbd65, 0xddc4, 0xee03, 0xc544, 0xdda3, 0xedc3, 0xdd83, 0xdd63, 0xdd63, 0xdd83, 0xe604, 0xcd24,
0xccc2, 0xd502, 0xd543, 0xd584, 0xd563, 0xd543, 0xdd62, 0xd543, 0xe5c3, 0xdde4, 0xc524, 0xdd43, 0xdd62, 0xd563, 0xc564, 0xe604,
0xdd62, 0xdd22, 0xbca3, 0xbd03, 0xdda3, 0xcd43, 0xac83, 0xcce3, 0xd543, 0xcd63, 0xbd24, 0xbce4, 0xd503, 0xc4e4, 0xc544, 0xd5a4,
0xbcc4, 0xb483, 0xccc2, 0xccc2, 0xdd82, 0xacc5, 0xa4a4, 0xcd02, 0xd542, 0xbd03, 0xa505, 0xcda5, 0xbce3, 0xb4a3, 0xbce3, 0xcdc5,
0xad86, 0x9cc4, 0xb483, 0xbc83, 0xc4e2, 0xcd43, 0xa4a5, 0xa4a4, 0xc4e3, 0xc523, 0x9cc5, 0x9c84, 0xaca3, 0xa485, 0xd503, 0xc4e3,
0x7c47, 0xbd04, 0xcd02, 0xa4e4, 0x9505, 0x94a6, 0xa465, 0xc484, 0x94a5, 0x7d06, 0xbd44, 0xdce3, 0xbc44, 0xccc3, 0x94c5, 0x8ce6,
0xdd63, 0xb4c4, 0x6be7, 0xa4a5, 0xd522, 0x8447, 0x6c09, 0xbc84, 0x7c07, 0x9465, 0xb4c3, 0x6c48, 0xb4a4, 0xa4a5, 0x8c46, 0xc4c3,
0x7c27, 0x5c0a, 0xa4c5, 0xc522, 0xacc4, 0x63e7, 0x9c65, 0xb483, 0x8c25, 0x3c07, 0x5c26, 0x93c4, 0xa3a4, 0x8bc4, 0x43a8, 0x53e8,
0x93a5, 0x9b84, 0x7b85, 0x33a7, 0x3b87, 0x6387, 0x93a6, 0x8bc6, 0x53a8, 0x43c8, 0x53e7, 0x83e6, 0x83c7, 0x6388, 0x4b88, 0x63a7,
0x7b47, 0x7347, 0x6387, 0x4b67, 0x5bc8, 0x7bc6, 0x4ba8, 0x3b69, 0x6b69, 0x7368, 0x6ba8, 0x9c07, 0x7ba7, 0x3b88, 0x5c67, 0x5c47,
0x6be7, 0x83c6, 0x5447, 0x5488, 0x5c08, 0x6bc9, 0x7b89, 0xad07, 0xa567, 0x5c08, 0x7489, 0x7ce9, 0x7cc9, 0x8d49, 0x7ce9, 0x74a9,
0x8509, 0x8509, 0x8d09, 0x8d29, 0x8509, 0x7469, 0x84c9, 0xa5a9, 0x95a9, 0x8d8a, 0x95c9, 0xae48, 0xae28, 0xa609, 0x9de9, 0x9e09,
0xa649, 0x9e08, 0x9e08, 0xa648, 0xa649, 0xa649, 0xa649, 0xa649, 0xa649, 0xa649, 0xa649, 0xa649, 0x9e29, 0x9e49, 0xa649, 0xa649,
0xcea7, 0xd686, 0xae28, 0x9e29, 0x9e29, 0xbe68, 0xeee6, 0xce88, 0xa649, 0x9e29, 0xae49, 0xef07, 0xeee7, 0xe6a7, 0xa627, 0xa607,
0xce88, 0xf6e7, 0xff07, 0xeea7, 0xd667, 0xc668, 0xe6c8, 0xff07, 0xf708, 0xeee8, 0xf6c7, 0xf6a6, 0xfec6, 0xfee6, 0xff27, 0xff28,
0xfea5, 0xfec5, 0xfee6, 0xfee6, 0xff07, 0xff06, 0xfee5, 0xfec5, 0xfee5, 0xff07, 0xff06, 0xfee5, 0xfee5, 0xfee5, 0xff07, 0xff27,
0xff06, 0xfee5, 0xff06, 0xff27, 0xff06, 0xff05, 0xff06, 0xff28, 0xff06, 0xfee4, 0xfee5, 0xfec5, 0xfee7, 0xff08, 0xff09, 0xff07,
0xfee6, 0xfec5, 0xfec5, 0xfee7, 0xff08, 0xfee6, 0xfee4, 0xfee6, 0xff08, 0xfee6, 0xfee5, 0xff07, 0xff05, 0xfec4, 0xfea4, 0xfea3,
0xfea4, 0xfea4, 0xfea4, 0xfec5, 0xff09, 0xfec5, 0xfec4, 0xfea4, 0xfec4, 0xfeea, 0xfec7, 0xfe83, 0xfea4, 0xfee7, 0xfee8, 0xfec5,
0xfea4, 0xfec4, 0xfec4, 0xfee6, 0xfee7, 0xfee6, 0xfee5, 0xfec4, 0xfec4, 0xff07, 0xfee5, 0xfec4, 0xfec5, 0xfee5, 0xfea4, 0xfec4,
0xfee6, 0xff07, 0xfee5, 0xfee5, 0xfec5, 0xfec5, 0xfec5, 0xfec5, 0xfee7, 0xfee6, 0xfea5, 0xfea5, 0xfea4, 0xfec4, 0xfec5, 0xfec5,
0xfec6, 0xfec5, 0xfec4, 0xfec6, 0xff08, 0xfee5, 0xfee6, 0xfee5, 0xfee5, 0xfee7, 0xfee5, 0xfee6, 0xfee6, 0xfee6, 0xff07, 0xff06,
0xfee5, 0xfee5, 0xff06, 0xfec5, 0xfea4, 0xfec5, 0xfee7, 0xfee7, 0xfee6, 0xfec5, 0xfec5, 0xfec4, 0xfec4, 0xfec4, 0xfee5, 0xfee5,
0xfee6, 0xff07, 0xfec5, 0xff08, 0xff29, 0xfee5, 0xff07, 0xff06, 0xfee6, 0xf708, 0xfec5, 0xfee5, 0xff07, 0xff27, 0xff06, 0xfee6,
0xfee6, 0xff07, 0xfec6, 0xfec5, 0xfec4, 0xfee6, 0xfee7, 0xfec5, 0xfec4, 0xfec5, 0xfec5, 0xfee7, 0xfee7, 0xfec6, 0xfec5, 0xfec5,
0xfea4, 0xfec5, 0xfee6, 0xf684, 0xf664, 0xee03, 0xf665, 0xf685, 0xee24, 0xf623, 0xee03, 0xdd83, 0xee23, 0xede3, 0xd542, 0xbd03,
0x94e4, 0x6466, 0x5c47, 0x5c68, 0x64c7, 0x5c87, 0x3388, 0x2308, 0x5447, 0x64a7, 0x4427, 0x33e8, 0x2348, 0x12a9, 0x12a8, 0x1288,
0x4be9, 0x5c29, 0x3367, 0x950a, 0xbdab, 0x9cab, 0xf651, 0xfef4, 0xfe93, 0xfe92, 0xfeb2, 0xfed3, 0xfed2, 0xfe71, 0xfe70, 0xf650,
0xf650, 0xf651, 0xf630, 0xf630, 0xf651, 0xf671, 0xfe93, 0xfeb3, 0xf672, 0xfe72, 0xfe52, 0xf652, 0xf692, 0xf651, 0xe5b0, 0xe5b0,
0xedd0, 0xdd6e, 0xb50c, 0xa4aa, 0xbc6a, 0x9b89, 0x8348, 0x9369, 0x8b49, 0x5ac9, 0x52a9, 0x52e9, 0x6b29, 0x62e9, 0x4aaa, 0x4b2a,
0x7bca, 0x83a9, 0x432a, 0x5329, 0x5b09, 0x4ae9, 0x4ae9, 0x6308, 0x6ae7, 0x52e8, 0x42c8, 0x4ac8, 0x5328, 0x6be8, 0x5b67, 0x4ac8,
0x4ac8, 0x4ae8, 0x4b07, 0x42e7, 0x3ac8, 0x42c8, 0x5328, 0x5348, 0x5368, 0x32e9, 0x3b49, 0x4bc8, 0x4388, 0x3b28, 0x62e7, 0x6b07,
0x4b67, 0x4388, 0x5348, 0x6327, 0x4327, 0x4367, 0x4ba8, 0x4368, 0x3b28, 0x4b27, 0x4328, 0x3b48, 0x3b48, 0x3328, 0x5307, 0x4ae7,
0x4b48, 0x4349, 0x4349, 0x4b28, 0x5327, 0x5367, 0x3b88, 0x4347, 0x4b27, 0x3b08, 0x4328, 0x4368, 0x4b68, 0x5347, 0x3b29, 0x4348,
0x5388, 0x5387, 0x4388, 0x6367, 0x7b47, 0x4b88, 0x43a8, 0x4368, 0x4327, 0x72c6, 0x62c6, 0x2ae8, 0x4368, 0x6be7, 0x6b68, 0x5b08,
0x3b09, 0x4b49, 0x6b48, 0x5b48, 0x4329, 0x4b48, 0x5307, 0x4ae7, 0x4ae7, 0x5327, 0x7327, 0x5b89, 0x4b69, 0x4b49, 0x6b48, 0x7368,
0x7408, 0x53e8, 0x4368, 0x6368, 0x6348, 0x4b08, 0x5348, 0x4b28, 0x4b07, 0x5b06, 0x5b07, 0x4328, 0x4b28, 0x5b47, 0x3b48, 0x4367,
0x6308, 0x6b47, 0x5b87, 0x4329, 0x6b88, 0x73c8, 0x4b89, 0x3b89, 0x3b48, 0x4b08, 0x7306, 0x5ae7, 0x5ae7, 0x5b08, 0x4b07, 0x3b07,

/* -81- */
0xfea4, 0xfea4, 0xfea4, 0xfec5, 0xfee8, 0xfec6, 0xfec4, 0xfec5, 0xfec5, 0xf6a6, 0xfea5, 0xfec5, 0xfee6, 0xfec6, 0xfec6, 0xfea5,
0xfea5, 0xfec6, 0xfec4, 0xfec5, 0xfee6, 0xfec5, 0xfec5, 0xfec5, 0xfec4, 0xfee5, 0xfee5, 0xfea4, 0xfea4, 0xfea4, 0xfea5, 0xfec4,
0xff07, 0xff07, 0xfee6, 0xfec5, 0xfea5, 0xfea4, 0xfec5, 0xf6c6, 0xfec6, 0xfec5, 0xfea5, 0xfec5, 0xfec5, 0xfec4, 0xfe83, 0xfea4,
0xfee7, 0xfee7, 0xfec5, 0xfea5, 0xfea4, 0xfee7, 0xff09, 0xfee6, 0xfec5, 0xfea4, 0xfec5, 0xff27, 0xfee6, 0xfea5, 0xfee6, 0xfee5,
0xfee6, 0xfec5, 0xfec5, 0xfe85, 0xf684, 0xfec6, 0xfee7, 0xfec6, 0xfec5, 0xfea5, 0xfea5, 0xfea5, 0xfec5, 0xfec5, 0xff07, 0xfee7,
0xff08, 0xff08, 0xfec5, 0xfee6, 0xfee6, 0xfee5, 0xff08, 0xff07, 0xfee7, 0xff08, 0xfec4, 0xfee5, 0xfee6, 0xff06, 0xfee5, 0xfea4,
0xfea5, 0xfee6, 0xfee6, 0xfec5, 0xf683, 0xfec6, 0xff29, 0xfea4, 0xf662, 0xfe83, 0xf663, 0xfee7, 0xff07, 0xf663, 0xee22, 0xee23,
0xf684, 0xf685, 0xee03, 0xe5a2, 0xe5a2, 0xe5a3, 0xee45, 0xf644, 0xe5c3, 0xe5a3, 0xdda3, 0xd543, 0xdd82, 0xdd81, 0xd502, 0xdd22,
0x7bc3, 0x1ac6, 0x2b27, 0x2307, 0x3367, 0x3ba7, 0x2348, 0x2329, 0x4c27, 0x4427, 0x2b88, 0x2368, 0x2308, 0x12a8, 0x1288, 0x1268,
0x3348, 0x3347, 0x2327, 0x3be7, 0x3c47, 0x5448, 0x848a, 0xa4ab, 0xcd2d, 0xd54e, 0xd54e, 0xddaf, 0xedef, 0xf650, 0xfe71, 0xfe71,
0xfe71, 0xf671, 0xfe51, 0xf651, 0xfe51, 0xfe91, 0xf651, 0xf651, 0xfe51, 0xdd6e, 0xdd8f, 0xdd6e, 0xd50d, 0xd50c, 0xc50c, 0xcd2d,
0xc54d, 0xbd8c, 0x9d8a, 0x9d49, 0xa4e9, 0xa4e9, 0xad29, 0x9d09, 0x8d09, 0x84ea, 0x84ea, 0x9589, 0x84c9, 0x5ba9, 0x7489, 0x8d09,
0xad88, 0x8509, 0x5c29, 0x6429, 0x7469, 0x7489, 0x7469, 0x7449, 0x7428, 0x7428, 0x6c08, 0x6c48, 0x7ca9, 0x8509, 0x7468, 0x6c08,
0x6408, 0x6c48, 0x7468, 0x6408, 0x53a8, 0x63e8, 0x7448, 0x6c48, 0x53a9, 0x6449, 0x6449, 0x5409, 0x5c69, 0x5c29, 0x7449, 0x7c69,
0x4c08, 0x4c08, 0x5c48, 0x6447, 0x6448, 0x4c08, 0x43e8, 0x5429, 0x5c48, 0x5c48, 0x53e8, 0x43c8, 0x4be8, 0x5c48, 0x5c08, 0x53c8,
0x5408, 0x5c29, 0x5c49, 0x5c49, 0x6469, 0x7d09, 0x74e9, 0x3bc9, 0x4c08, 0x6468, 0x5c28, 0x5c28, 0x5c29, 0x5c49, 0x6469, 0x6449,
0x6428, 0x5c28, 0x6448, 0x7468, 0x7c47, 0x6468, 0x6489, 0x5c69, 0x5c49, 0x8488, 0x7c69, 0x5409, 0x6469, 0x7ca9, 0x8cc8, 0x6c09,
0x5be9, 0x6409, 0x7469, 0x7469, 0x6469, 0x7489, 0x6c28, 0x6409, 0x6c49, 0x6449, 0x6c69, 0x7ca9, 0x6449, 0x5c09, 0x7c69, 0x7449,
0x8d28, 0x7ce8, 0x43e9, 0x6469, 0x74a9, 0x6c69, 0x7469, 0x5ba9, 0x6c08, 0x7467, 0x5be8, 0x6429, 0x6449, 0x6429, 0x5c29, 0x6428,
0x7c48, 0x7c47, 0x53c9, 0x6429, 0x7c89, 0x6409, 0x6469, 0x74ca, 0x5409, 0x5c29, 0x8ce8, 0x7448, 0x7408, 0x6c29, 0x6c49, 0x74a9,
0x9ce9, 0x8468, 0x6428, 0x6448, 0x6c48, 0x6c08, 0x8429, 0x9caa, 0xad2b, 0xad2c, 0xc5ad, 0xde2d, 0x7c8b, 0x1ac7, 0x2b47, 0x3387,
0x2b27, 0x22e7, 0x3367, 0x2b47, 0x12c7, 0x1ac8, 0x12c8, 0x1288, 0x1288, 0x1ac8, 0x1267, 0x2b08, 0x4b68, 0x5368, 0x7427, 0x7c46,
0x9ca5, 0xcca3, 0xb484, 0x8424, 0x9443, 0xac42, 0x9c43, 0x6c05, 0x5c46, 0x5c46, 0x6cc6, 0x6d06, 0x4c47, 0x2b66, 0x5c87, 0x6d07,
0x64c7, 0x4c48, 0x1ae7, 0x0a47, 0x0a06, 0x1aa6, 0x3386, 0x3bc7, 0x43e7, 0x5447, 0x5ca8, 0x5468, 0x3c08, 0x2b89, 0x2b69, 0x4c48,
0x4c47, 0x4c47, 0x2b47, 0x2b66, 0x3367, 0x2307, 0x1a87, 0x1247, 0x1207, 0x1227, 0x1227, 0x2286, 0x6b65, 0xdd83, 0xf6a6, 0xe624,
0xd582, 0xe5c3, 0xede3, 0xdda4, 0xe605, 0xd563, 0xcd22, 0xd563, 0xcd23, 0xde04, 0xd563, 0xdd83, 0xdda4, 0xc544, 0xee45, 0xddc3,
0xcd22, 0xd542, 0xd542, 0xdda3, 0xdde4, 0xcd22, 0xcd02, 0xd542, 0xcd02, 0xbca3, 0xb484, 0xc4e3, 0xd543, 0xcd43, 0x94c5, 0x9cc5,
0xbd04, 0xe5a2, 0xc503, 0xa525, 0x9d06, 0xc564, 0xc564, 0xad25, 0xbd24, 0xc504, 0xbce4, 0xc503, 0xcd43, 0xc564, 0xb525, 0xa484,
0xbce3, 0xd523, 0xc524, 0x8ce6, 0x94c5, 0xc4e3, 0xd502, 0xc503, 0xb545, 0x9d26, 0x9c84, 0xcd02, 0xd542, 0xb504, 0x8ce7, 0xb564,
0xcd03, 0xd4e2, 0xa443, 0xa484, 0xc502, 0xaca3, 0xa463, 0xbca3, 0x9ca4, 0x94e4, 0xa4c4, 0xac84, 0xcce2, 0xacc4, 0x8ce5, 0x9d05,
0xaca4, 0xc4c3, 0xb4a3, 0x9c64, 0xa4a3, 0x8445, 0x9465, 0xc4c2, 0xaca4, 0x8465, 0x6c85, 0xad45, 0xbca3, 0xac63, 0x6ca6, 0x9d87,
0x8526, 0x8464, 0xa444, 0x8c24, 0xa484, 0x9c84, 0x7c25, 0x9464, 0x94a4, 0x7cc5, 0x6467, 0x9c44, 0xa443, 0x6c06, 0x9485, 0xa4c5,
0x7447, 0xa464, 0xb4a3, 0x7cc5, 0x6cc6, 0x7487, 0x9425, 0xac64, 0x7485, 0x54a6, 0x8c65, 0xac04, 0x93c4, 0x9444, 0x5447, 0x5447,
0x9485, 0x8c46, 0x4ba8, 0x6407, 0x8445, 0x63c8, 0x538a, 0x83e6, 0x5ba8, 0x63e7, 0x7c25, 0x5be8, 0x8426, 0x7c26, 0x5bc8, 0x8405,
0x5ba8, 0x53a9, 0x7406, 0x8405, 0x6be6, 0x4b68, 0x7be6, 0x8c05, 0x73e6, 0x43a8, 0x4ba6, 0x8385, 0x7b65, 0x7386, 0x53c9, 0x53c9,
0x73a8, 0x83c7, 0x7408, 0x43e9, 0x4bc8, 0x63a8, 0x6bc7, 0x63a7, 0x4b88, 0x4ba8, 0x53c8, 0x53c8, 0x53a9, 0x53aa, 0x6c29, 0x6be9,
0x5b89, 0x5388, 0x4b88, 0x4ba8, 0x6be8, 0x6c09, 0x53e9, 0x4bc9, 0x53ca, 0x7428, 0x7c28, 0x6c28, 0x5407, 0x5448, 0x85a7, 0x8da7,
0x8587, 0x8587, 0x8dc7, 0x8dc7, 0x8568, 0x9588, 0x9d68, 0xb627, 0xae27, 0x95c7, 0x9e08, 0xa628, 0x9e29, 0xae69, 0xae69, 0xae69,
0xae89, 0xae69, 0xa669, 0xae89, 0xae89, 0xae68, 0xa668, 0xae68, 0xae69, 0xae68, 0xae68, 0xa648, 0xae49, 0xae69, 0xae68, 0xae69,
0xa649, 0xa649, 0xa668, 0xa648, 0xa648, 0xa648, 0xae48, 0xce67, 0xc667, 0x9e48, 0xa648, 0xae48, 0xbe68, 0xbe68, 0xa629, 0xa649,
0xe6c6, 0xf6c5, 0xd687, 0xc688, 0xbe68, 0xd6a8, 0xff26, 0xeee7, 0xcea9, 0xcea9, 0xd6a8, 0xff27, 0xff27, 0xff08, 0xe6e9, 0xe6e9,
0xf707, 0xff27, 0xff07, 0xff07, 0xff06, 0xff27, 0xff07, 0xfee7, 0xfee6, 0xfee7, 0xfee6, 0xff07, 0xfee6, 0xfec5, 0xfee6, 0xfee6,
0xfec6, 0xfee6, 0xfee6, 0xfec5, 0xfec4, 0xfee6, 0xfee7, 0xfec5, 0xfee4, 0xfee4, 0xfec4, 0xfec4, 0xfec4, 0xfee5, 0xff06, 0xfee5,
0xfee5, 0xff07, 0xff06, 0xff06, 0xff06, 0xff05, 0xfee4, 0xfee5, 0xff06, 0xff07, 0xfee6, 0xfea4, 0xfec5, 0xfee5, 0xff05, 0xfee4,
0xfea4, 0xfec4, 0xfec5, 0xfee7, 0xfee8, 0xfee7, 0xfee5, 0xfee6, 0xfec6, 0xfee5, 0xfee6, 0xff08, 0xfee6, 0xfec5, 0xfea4, 0xfea4,
0xfea4, 0xfea4, 0xfea4, 0xfec5, 0xfee8, 0xfec6, 0xfec4, 0xfec5, 0xfec5, 0xf6a6, 0xfea5, 0xfec5, 0xfee6, 0xfec6, 0xfec6, 0xfea5,
0xfea5, 0xfec6, 0xfec4, 0xfec5, 0xfee6, 0xfec5, 0xfec5, 0xfec5, 0xfec4, 0xfee5, 0xfee5, 0xfea4, 0xfea4, 0xfea4, 0xfea5, 0xfec4,
0xff07, 0xff07, 0xfee6, 0xfec5, 0xfea5, 0xfea4, 0xfec5, 0xf6c6, 0xfec6, 0xfec5, 0xfea5, 0xfec5, 0xfec5, 0xfec4, 0xfe83, 0xfea4,
0xfee7, 0xfee7, 0xfec5, 0xfea5, 0xfea4, 0xfee7, 0xff09, 0xfee6, 0xfec5, 0xfea4, 0xfec5, 0xff27, 0xfee6, 0xfea5, 0xfee6, 0xfee5,
0xfee6, 0xfec5, 0xfec5, 0xfe85, 0xf684, 0xfec6, 0xfee7, 0xfec6, 0xfec5, 0xfea5, 0xfea5, 0xfea5, 0xfec5, 0xfec5, 0xff07, 0xfee7,
0xff08, 0xff08, 0xfec5, 0xfee6, 0xfee6, 0xfee5, 0xff08, 0xff07, 0xfee7, 0xff08, 0xfec4, 0xfee5, 0xfee6, 0xff06, 0xfee5, 0xfea4,
0xfea5, 0xfee6, 0xfee6, 0xfec5, 0xf683, 0xfec6, 0xff29, 0xfea4, 0xf662, 0xfe83, 0xf663, 0xfee7, 0xff07, 0xf663, 0xee22, 0xee23,
0xf684, 0xf685, 0xee03, 0xe5a2, 0xe5a2, 0xe5a3, 0xee45, 0xf644, 0xe5c3, 0xe5a3, 0xdda3, 0xd543, 0xdd82, 0xdd81, 0xd502, 0xdd22,
0x7bc3, 0x1ac6, 0x2b27, 0x2307, 0x3367, 0x3ba7, 0x2348, 0x2329, 0x4c27, 0x4427, 0x2b88, 0x2368, 0x2308, 0x12a8, 0x1288, 0x1268,
0x3348, 0x3347, 0x2327, 0x3be7, 0x3c47, 0x5448, 0x848a, 0xa4ab, 0xcd2d, 0xd54e, 0xd54e, 0xddaf, 0xedef, 0xf650, 0xfe71, 0xfe71,
0xfe71, 0xf671, 0xfe51, 0xf651, 0xfe51, 0xfe91, 0xf651, 0xf651, 0xfe51, 0xdd6e, 0xdd8f, 0xdd6e, 0xd50d, 0xd50c, 0xc50c, 0xcd2d,
0xc54d, 0xbd8c, 0x9d8a, 0x9d49, 0xa4e9, 0xa4e9, 0xad29, 0x9d09, 0x8d09, 0x84ea, 0x84ea, 0x9589, 0x84c9, 0x5ba9, 0x7489, 0x8d09,
0xad88, 0x8509, 0x5c29, 0x6429, 0x7469, 0x7489, 0x7469, 0x7449, 0x7428, 0x7428, 0x6c08, 0x6c48, 0x7ca9, 0x8509, 0x7468, 0x6c08,
0x6408, 0x6c48, 0x7468, 0x6408, 0x53a8, 0x63e8, 0x7448, 0x6c48, 0x53a9, 0x6449, 0x6449, 0x5409, 0x5c69, 0x5c29, 0x7449, 0x7c69,
0x4c08, 0x4c08, 0x5c48, 0x6447, 0x6448, 0x4c08, 0x43e8, 0x5429, 0x5c48, 0x5c48, 0x53e8, 0x43c8, 0x4be8, 0x5c48, 0x5c08, 0x53c8,
0x5408, 0x5c29, 0x5c49, 0x5c49, 0x6469, 0x7d09, 0x74e9, 0x3bc9, 0x4c08, 0x6468, 0x5c28, 0x5c28, 0x5c29, 0x5c49, 0x6469, 0x6449,
0x6428, 0x5c28, 0x6448, 0x7468, 0x7c47, 0x6468, 0x6489, 0x5c69, 0x5c49, 0x8488, 0x7c69, 0x5409, 0x6469, 0x7ca9, 0x8cc8, 0x6c09,
0x5be9, 0x6409, 0x7469, 0x7469, 0x6469, 0x7489, 0x6c28, 0x6409, 0x6c49, 0x6449, 0x6c69, 0x7ca9, 0x6449, 0x5c09, 0x7c69, 0x7449,
0x8d28, 0x7ce8, 0x43e9, 0x6469, 0x74a9, 0x6c69, 0x7469, 0x5ba9, 0x6c08, 0x7467, 0x5be8, 0x6429, 0x6449, 0x6429, 0x5c29, 0x6428,
0x7c48, 0x7c47, 0x53c9, 0x6429, 0x7c89, 0x6409, 0x6469, 0x74ca, 0x5409, 0x5c29, 0x8ce8, 0x7448, 0x7408, 0x6c29, 0x6c49, 0x74a9,

/* -82- */
0xfec5, 0xfea5, 0xfec7, 0xfec5, 0xfec5, 0xfec5, 0xfea4, 0xfee7, 0xfee8, 0xfe62, 0xfea4, 0xff09, 0xff08, 0xfec6, 0xf684, 0xfea5,
0xfee7, 0xfee7, 0xfec6, 0xfec5, 0xfec5, 0xfec5, 0xfec5, 0xfec6, 0xf6e6, 0xd666, 0xd666, 0xee85, 0xfec6, 0xf6e8, 0xf6e8, 0xfee5,
0xfee6, 0xfee6, 0xfec6, 0xfea5, 0xfe85, 0xf6c6, 0xfec7, 0xf6c7, 0xf684, 0xf684, 0xfec5, 0xfec5, 0xfec7, 0xfee9, 0xfea4, 0xf683,
0xf685, 0xf686, 0xfee8, 0xfea5, 0xfe83, 0xfea5, 0xfee6, 0xfec5, 0xfea5, 0xf6c6, 0xfec5, 0xfec5, 0xfea6, 0xfec6, 0xfec5, 0xfec5,
0xff07, 0xfea6, 0xf685, 0xfea6, 0xfec6, 0xfea5, 0xfec5, 0xfec7, 0xf6c7, 0xfe85, 0xfea5, 0xfec6, 0xfee7, 0xfee8, 0xfee8, 0xfec6,
0xfea5, 0xfea5, 0xfec6, 0xfea5, 0xfe83, 0xfee7, 0xfee7, 0xfec5, 0xfea5, 0xf683, 0xfec5, 0xfee7, 0xfea4, 0xfea4, 0xfea3, 0xf663,
0xf643, 0xf643, 0xfee6, 0xf684, 0xf663, 0xee44, 0xf686, 0xf6a5, 0xf684, 0xf623, 0xede3, 0xee04, 0xf664, 0xf643, 0xee23, 0xdd82,
0xee25, 0xe604, 0xdd62, 0xdd82, 0xdda2, 0xe5c3, 0xe5c3, 0xdd82, 0xe582, 0xdd42, 0xc4e3, 0xd563, 0xcd22, 0xdd62, 0xd522, 0xb421,
0x93e3, 0x6bc5, 0x3347, 0x1ae7, 0x1aa7, 0x22e8, 0x22e8, 0x2308, 0x3bc7, 0x2b28, 0x22c8, 0x1aa8, 0x1aa8, 0x1aa8, 0x1ac8, 0x12a8,
0x12c8, 0x1ae8, 0x2328, 0x1b67, 0x1367, 0x33c7, 0x2b46, 0x5b87, 0xac6a, 0xac2a, 0xb42a, 0xccab, 0xdd2d, 0xf60f, 0xf630, 0xf610,
0xedef, 0xf610, 0xf651, 0xf651, 0xf630, 0xd56e, 0xcd2d, 0xd52d, 0xdd6d, 0xb42a, 0xac2a, 0xb46b, 0xa44a, 0x8c69, 0x6c88, 0x6ca7,
0x7507, 0x6ce7, 0x7547, 0x7d48, 0x7d68, 0x7d88, 0x8de8, 0x9e29, 0x9e49, 0x9609, 0x9609, 0xa669, 0x9e09, 0x95e9, 0x9e48, 0x9e28,
0x9e28, 0x9e29, 0x9e49, 0x9608, 0x9608, 0x9628, 0x9609, 0xa669, 0xaea9, 0x9e49, 0x9628, 0x9609, 0xa649, 0xaea9, 0xb6c9, 0xae69,
0x95c9, 0xa649, 0xb6a9, 0xa649, 0x8589, 0x8dc9, 0xa649, 0xa669, 0x8dc9, 0x9629, 0x9629, 0x8dca, 0x9e49, 0x8e09, 0x9e89, 0xa6a9,
0x85c9, 0x7dc9, 0x9e28, 0xa648, 0xa648, 0x8de8, 0x6d49, 0x85c9, 0xae89, 0xae89, 0x8de9, 0x7d89, 0x8de9, 0xa689, 0xa669, 0x9628,
0x9628, 0x9628, 0x9629, 0xa669, 0xa649, 0xa669, 0x9e4a, 0x7daa, 0x8dea, 0xaeaa, 0x9e49, 0x8de9, 0x9e6a, 0xa669, 0xa66a, 0x9629,
0x8de9, 0x9e29, 0xa669, 0x9e28, 0x95e8, 0x9e48, 0xa669, 0x9e29, 0x9629, 0xaea9, 0xa689, 0xa669, 0x9e29, 0x8dc9, 0xa689, 0x9e49,
0x8de9, 0x9e29, 0xa669, 0xa689, 0xae89, 0x9649, 0x9649, 0x9e69, 0xa689, 0x9e49, 0x9e49, 0x9649, 0x9628, 0x8de8, 0xa668, 0xa668,
0x9e28, 0x9608, 0x85c8, 0x9e69, 0xaea9, 0x9649, 0x9629, 0x95e9, 0x9e48, 0xa688, 0x9609, 0x9629, 0xa669, 0xa689, 0xa669, 0x9e48,
0x9e48, 0x9e48, 0x8e09, 0x9e49, 0xae89, 0x8de9, 0x9e29, 0x9e29, 0x9e29, 0xae89, 0xae89, 0x9e48, 0x9628, 0x9629, 0xae89, 0xae69,
0x9e48, 0x9648, 0x9e49, 0xa669, 0xa669, 0x9609, 0x9629, 0x9e49, 0x9e49, 0xa649, 0xa64a, 0xb66b, 0x7d4a, 0x3bc7, 0x4407, 0x4407,
0x3ba7, 0x3387, 0x7529, 0x5c68, 0x1a86, 0x2307, 0x22e7, 0x1aa7, 0x22c7, 0x4328, 0x4349, 0x4b69, 0x5369, 0x5b4a, 0x7bc9, 0x8408,
0x8c07, 0xa406, 0x8425, 0x5c05, 0x5c04, 0x9443, 0x9c04, 0x7446, 0x64a6, 0x4be6, 0x4be6, 0x5c87, 0x5447, 0x3b86, 0x43a6, 0x3b86,
0x3b67, 0x3368, 0x1ac7, 0x12a7, 0x1ac7, 0x3ba7, 0x4c27, 0x4c27, 0x43e8, 0x2308, 0x2b68, 0x2368, 0x3be8, 0x4c88, 0x4448, 0x1b29,
0x1b09, 0x2b88, 0x33a7, 0x2b47, 0x1268, 0x0a28, 0x0a28, 0x1228, 0x0a48, 0x0a28, 0x22a8, 0x9486, 0xbcc4, 0xbca3, 0xddc2, 0xe5c3,
0xbcc2, 0xcd03, 0xdd83, 0xb483, 0xb482, 0xc4e2, 0xd543, 0xd543, 0xc4c3, 0xaca3, 0xc503, 0xdd83, 0xcd44, 0x9444, 0xc543, 0xcd42,
0xbcc2, 0xc4e2, 0xcd02, 0xc4c2, 0xac62, 0xac82, 0xb4a2, 0xcd02, 0xc4e2, 0xa443, 0xa443, 0xb4c3, 0xbd03, 0xbd24, 0x8485, 0x9485,
0xb4a4, 0xc503, 0xbd04, 0x9cc5, 0x8486, 0x9ca4, 0x94a5, 0x74e6, 0x84c6, 0x9c64, 0x9c64, 0x8c85, 0x8ce6, 0x9546, 0x8486, 0x9c85,
0xace4, 0xbd24, 0x94e7, 0x74a7, 0x8485, 0xaca4, 0xc4c3, 0xaca4, 0x7c67, 0x7c66, 0x9445, 0xac43, 0xaca4, 0x7447, 0x7466, 0x8c85,
0x9c44, 0xac63, 0xac63, 0x8c85, 0x7c85, 0x7c65, 0x9c84, 0xa444, 0x5be5, 0x6c64, 0x8c23, 0xa404, 0xac63, 0x7c45, 0x6c65, 0x6445,
0x8465, 0xacc4, 0x8cc5, 0x5c46, 0x6c26, 0x6c06, 0x8405, 0xa444, 0x6c46, 0x6445, 0x5c25, 0x7c45, 0xac23, 0x8c44, 0x4487, 0x64a5,
0x8445, 0x93c4, 0x83e4, 0x6465, 0x5c45, 0x5c26, 0x8c25, 0xa424, 0x6c46, 0x5466, 0x5c26, 0x9be5, 0xa3e4, 0x63a6, 0x5b86, 0x73e6,
0x8406, 0x9386, 0x7ba6, 0x5466, 0x5c46, 0x5c06, 0x7386, 0x6b86, 0x5bc7, 0x4c07, 0x4ba7, 0x5307, 0x4b27, 0x33a7, 0x4ba7, 0x5367,
0x5327, 0x5327, 0x4b87, 0x3b47, 0x3327, 0x4b48, 0x5388, 0x4389, 0x43a9, 0x3ba8, 0x3b68, 0x5387, 0x5387, 0x4b68, 0x4bc8, 0x43a8,
0x53a8, 0x5bc8, 0x5367, 0x4b27, 0x4b27, 0x5368, 0x5b68, 0x5348, 0x5388, 0x53a8, 0x4ba8, 0x4388, 0x43a9, 0x53e9, 0x8d29, 0x8509,
0x95a8, 0x9e08, 0x9e09, 0x95e8, 0x95c8, 0x95c8, 0x9e08, 0x95e8, 0x95e8, 0x95e8, 0x9de8, 0x9de9, 0xa609, 0xae69, 0xa608, 0xa608,
0x9e08, 0x9e08, 0x9e08, 0x9e08, 0x9608, 0xa648, 0xae69, 0xa648, 0xa628, 0xa628, 0xae48, 0xae69, 0xae69, 0xae69, 0xae69, 0xae89,
0xae89, 0xae89, 0xae89, 0xae89, 0xae89, 0xae89, 0xae69, 0xae69, 0xae49, 0xae69, 0xae69, 0xae69, 0xae69, 0xae69, 0xae69, 0xae69,
0xae69, 0xae69, 0xae89, 0xae89, 0xae69, 0xae69, 0xae69, 0xae48, 0xae48, 0x9e48, 0xa648, 0xae48, 0xb668, 0xbe68, 0xae48, 0xa648,
0xa649, 0xa649, 0xae68, 0xbe87, 0xbe67, 0xae68, 0xae68, 0xf6c5, 0xee85, 0xae47, 0xae48, 0xbe67, 0xeec6, 0xfee6, 0xbe47, 0xb668,
0xe6c6, 0xf6c5, 0xfee6, 0xfee6, 0xfee6, 0xeea6, 0xeee6, 0xf707, 0xff07, 0xfee5, 0xfec5, 0xf6a4, 0xf6c5, 0xff08, 0xff28, 0xff07,
0xfec5, 0xfee5, 0xff07, 0xff07, 0xfee6, 0xfee6, 0xfee6, 0xfee6, 0xfec6, 0xfec6, 0xfec6, 0xfee7, 0xfec6, 0xfea5, 0xfea5, 0xfec5,
0xfee7, 0xfee9, 0xfec5, 0xfec5, 0xfec5, 0xfec5, 0xfee8, 0xfec7, 0xfee6, 0xfee6, 0xfec5, 0xfee5, 0xfee6, 0xfee7, 0xfee5, 0xfee4,
0xfee6, 0xff0a, 0xfee6, 0xfee5, 0xfee5, 0xff06, 0xff05, 0xfee5, 0xff07, 0xff07, 0xfec5, 0xfec5, 0xeea6, 0xd665, 0xc605, 0xd664,
0xfee6, 0xfec7, 0xfec6, 0xfee6, 0xfec6, 0xfec6, 0xfee7, 0xfee7, 0xfec6, 0xfec5, 0xfec4, 0xfec4, 0xf6c7, 0xf6eb, 0xf6a5, 0xfea4,
0xfec5, 0xfea5, 0xfec7, 0xfec5, 0xfec5, 0xfec5, 0xfea4, 0xfee7, 0xfee8, 0xfe62, 0xfea4, 0xff09, 0xff08, 0xfec6, 0xf684, 0xfea5,
0xfee7, 0xfee7, 0xfec6, 0xfec5, 0xfec5, 0xfec5, 0xfec5, 0xfec6, 0xf6e6, 0xd666, 0xd666, 0xee85, 0xfec6, 0xf6e8, 0xf6e8, 0xfee5,
0xfee6, 0xfee6, 0xfec6, 0xfea5, 0xfe85, 0xf6c6, 0xfec7, 0xf6c7, 0xf684, 0xf684, 0xfec5, 0xfec5, 0xfec7, 0xfee9, 0xfea4, 0xf683,
0xf685, 0xf686, 0xfee8, 0xfea5, 0xfe83, 0xfea5, 0xfee6, 0xfec5, 0xfea5, 0xf6c6, 0xfec5, 0xfec5, 0xfea6, 0xfec6, 0xfec5, 0xfec5,
0xff07, 0xfea6, 0xf685, 0xfea6, 0xfec6, 0xfea5, 0xfec5, 0xfec7, 0xf6c7, 0xfe85, 0xfea5, 0xfec6, 0xfee7, 0xfee8, 0xfee8, 0xfec6,
0xfea5, 0xfea5, 0xfec6, 0xfea5, 0xfe83, 0xfee7, 0xfee7, 0xfec5, 0xfea5, 0xf683, 0xfec5, 0xfee7, 0xfea4, 0xfea4, 0xfea3, 0xf663,
0xf643, 0xf643, 0xfee6, 0xf684, 0xf663, 0xee44, 0xf686, 0xf6a5, 0xf684, 0xf623, 0xede3, 0xee04, 0xf664, 0xf643, 0xee23, 0xdd82,
0xee25, 0xe604, 0xdd62, 0xdd82, 0xdda2, 0xe5c3, 0xe5c3, 0xdd82, 0xe582, 0xdd42, 0xc4e3, 0xd563, 0xcd22, 0xdd62, 0xd522, 0xb421,
0x93e3, 0x6bc5, 0x3347, 0x1ae7, 0x1aa7, 0x22e8, 0x22e8, 0x2308, 0x3bc7, 0x2b28, 0x22c8, 0x1aa8, 0x1aa8, 0x1aa8, 0x1ac8, 0x12a8,
0x12c8, 0x1ae8, 0x2328, 0x1b67, 0x1367, 0x33c7, 0x2b46, 0x5b87, 0xac6a, 0xac2a, 0xb42a, 0xccab, 0xdd2d, 0xf60f, 0xf630, 0xf610,
0xedef, 0xf610, 0xf651, 0xf651, 0xf630, 0xd56e, 0xcd2d, 0xd52d, 0xdd6d, 0xb42a, 0xac2a, 0xb46b, 0xa44a, 0x8c69, 0x6c88, 0x6ca7,
0x7507, 0x6ce7, 0x7547, 0x7d48, 0x7d68, 0x7d88, 0x8de8, 0x9e29, 0x9e49, 0x9609, 0x9609, 0xa669, 0x9e09, 0x95e9, 0x9e48, 0x9e28,
0x9e28, 0x9e29, 0x9e49, 0x9608, 0x9608, 0x9628, 0x9609, 0xa669, 0xaea9, 0x9e49, 0x9628, 0x9609, 0xa649, 0xaea9, 0xb6c9, 0xae69,
0x95c9, 0xa649, 0xb6a9, 0xa649, 0x8589, 0x8dc9, 0xa649, 0xa669, 0x8dc9, 0x9629, 0x9629, 0x8dca, 0x9e49, 0x8e09, 0x9e89, 0xa6a9,
0x85c9, 0x7dc9, 0x9e28, 0xa648, 0xa648, 0x8de8, 0x6d49, 0x85c9, 0xae89, 0xae89, 0x8de9, 0x7d89, 0x8de9, 0xa689, 0xa669, 0x9628,
0x9628, 0x9628, 0x9629, 0xa669, 0xa649, 0xa669, 0x9e4a, 0x7daa, 0x8dea, 0xaeaa, 0x9e49, 0x8de9, 0x9e6a, 0xa669, 0xa66a, 0x9629,
0x8de9, 0x9e29, 0xa669, 0x9e28, 0x95e8, 0x9e48, 0xa669, 0x9e29, 0x9629, 0xaea9, 0xa689, 0xa669, 0x9e29, 0x8dc9, 0xa689, 0x9e49,
0x8de9, 0x9e29, 0xa669, 0xa689, 0xae89, 0x9649, 0x9649, 0x9e69, 0xa689, 0x9e49, 0x9e49, 0x9649, 0x9628, 0x8de8, 0xa668, 0xa668,
0x9e28, 0x9608, 0x85c8, 0x9e69, 0xaea9, 0x9649, 0x9629, 0x95e9, 0x9e48, 0xa688, 0x9609, 0x9629, 0xa669, 0xa689, 0xa669, 0x9e48,
0x9e48, 0x9e48, 0x8e09, 0x9e49, 0xae89, 0x8de9, 0x9e29, 0x9e29, 0x9e29, 0xae89, 0xae89, 0x9e48, 0x9628, 0x9629, 0xae89, 0xae69,

/* -83- */
0xfec8, 0xf6c9, 0xf6a7, 0xf683, 0xfec6, 0xf663, 0xfe63, 0xfee8, 0xfee8, 0xfe83, 0xfea5, 0xff08, 0xfea5, 0xfec7, 0xf684, 0xfea4,
0xfee6, 0xfec5, 0xfee8, 0xfee9, 0xfea4, 0xfec7, 0xf6c6, 0xfee6, 0xeea6, 0x3ba6, 0x1b07, 0xbde8, 0xff08, 0xf6ea, 0xf70a, 0xfee6,
0xf708, 0xf72a, 0xf6a5, 0xf664, 0xfe85, 0xf72c, 0xf6e9, 0xfea5, 0xfea5, 0xfea5, 0xfea4, 0xfee6, 0xfee9, 0xfeea, 0xfe84, 0xf643,
0xee02, 0xf623, 0xfee9, 0xfee6, 0xfec4, 0xfe84, 0xfe84, 0xf684, 0xf685, 0xff2a, 0xf6a6, 0xfe64, 0xfec7, 0xfee8, 0xfee6, 0xfec5,
0xfea6, 0xfee7, 0xfea6, 0xfec6, 0xfee8, 0xfea5, 0xfee7, 0xff09, 0xfec8, 0xf684, 0xfea6, 0xfee9, 0xfee8, 0xfee8, 0xf6a5, 0xf663,
0xf623, 0xf684, 0xfee7, 0xf684, 0xf663, 0xfee8, 0xfee8, 0xfec5, 0xfea4, 0xfe83, 0xfee7, 0xff2b, 0xfec6, 0xfea4, 0xfe83, 0xee02,
0xe5a2, 0xee03, 0xfea4, 0xf643, 0xfee6, 0xe5e3, 0xcd02, 0xf6a6, 0xf6a5, 0xe5a1, 0xcd22, 0xbcc2, 0xdda2, 0xf663, 0xf644, 0xede3,
0xdd62, 0xd562, 0xd542, 0xede3, 0xee03, 0xdd62, 0xcce2, 0xb482, 0xd4e2, 0xe542, 0xbca3, 0xc503, 0xa484, 0xa443, 0xcce1, 0xb462,
0x9c04, 0xac25, 0x83e6, 0x12c8, 0x1aa8, 0x12a8, 0x1267, 0x1288, 0x3b67, 0x22a7, 0x1227, 0x1a67, 0x1a88, 0x1268, 0x0a68, 0x12a8,
0x12e9, 0x12e9, 0x1ae9, 0x3388, 0x2b88, 0x8c49, 0xa48a, 0x9c29, 0xa3e9, 0xc4ab, 0xf5cf, 0xedaf, 0xedcf, 0xedcf, 0xedef, 0xe5ce,
0xedce, 0xedcf, 0xe5af, 0xedf0, 0xe5ae, 0x9c8a, 0x9ccb, 0xb4ec, 0xc4cc, 0xc48b, 0x8409, 0x7428, 0x6448, 0x64a8, 0x4c27, 0x4c46,
0x95c8, 0x9e09, 0x95e9, 0xae69, 0xae69, 0xa669, 0xa649, 0xa649, 0xa669, 0xa649, 0xa669, 0xa669, 0xae89, 0xa668, 0xa628, 0xa628,
0xa628, 0xa649, 0xae69, 0xa649, 0x9e49, 0x9e49, 0xa649, 0xa669, 0xa669, 0xa649, 0xa649, 0xa649, 0xae69, 0xae69, 0xa649, 0xa649,
0xa669, 0xa669, 0xa669, 0xa649, 0x9e29, 0xa629, 0xa629, 0x9e29, 0x9e29, 0x9e29, 0x9e28, 0xa648, 0xa648, 0xa648, 0xa649, 0xa649,
0xa648, 0x9e28, 0x9e28, 0x9e28, 0x9e28, 0x9e08, 0x9e28, 0x9e28, 0xa649, 0xa649, 0x9e49, 0x9e49, 0xa649, 0xa649, 0x9e49, 0x9e29,
0x9e29, 0x9e28, 0x9e29, 0x9e28, 0xa648, 0x9e49, 0x9e49, 0xa649, 0xa649, 0xa649, 0xa669, 0x9e49, 0xa649, 0xa669, 0xa649, 0xa649,
0xa629, 0xa649, 0xa649, 0xa629, 0xa628, 0xa648, 0xa649, 0xa648, 0xa668, 0xa668, 0xa669, 0xae69, 0xa649, 0xa649, 0xa649, 0xa649,
0xa649, 0xa629, 0xa648, 0xa649, 0xa649, 0xa669, 0xa649, 0xa669, 0xa669, 0xa649, 0x9e49, 0x9e49, 0xa669, 0xa669, 0xa649, 0xa648,
0xa628, 0x9e28, 0xa649, 0xa649, 0xa669, 0x9e28, 0xa628, 0xa668, 0xa648, 0xa648, 0xa649, 0xa649, 0xa649, 0xa649, 0xa669, 0xa669,
0xa669, 0xa649, 0xa669, 0xa649, 0xa649, 0xa649, 0xa649, 0xa649, 0xa649, 0xa649, 0xa649, 0xa649, 0xa669, 0xae69, 0xa669, 0xa669,
0xa648, 0xa649, 0xa669, 0xa649, 0x9e49, 0xa649, 0xa669, 0xa649, 0xa629, 0xa629, 0xa649, 0xa66a, 0xa669, 0xa669, 0xa669, 0xa669,
0x9e49, 0x9e29, 0xa649, 0x9e29, 0x9608, 0x9608, 0x8dc8, 0x6cc8, 0x7c48, 0xb468, 0xb4a9, 0xacca, 0xbccb, 0xd4ac, 0xcc4c, 0xcc2b,
0xabeb, 0x6b2a, 0x4b09, 0x4348, 0x43a7, 0x6ba6, 0xa3c5, 0x84a6, 0x64c7, 0x3b86, 0x22e6, 0x43e7, 0x5427, 0x5427, 0x22a6, 0x1246,
0x1a67, 0x1aa7, 0x2b68, 0x33c8, 0x3bc8, 0x3bc8, 0x43e7, 0x4c48, 0x4c28, 0x2308, 0x12a8, 0x12a8, 0x2b68, 0x43e8, 0x5448, 0x2309,
0x12a9, 0x3368, 0x3388, 0x1a88, 0x1228, 0x1248, 0x1248, 0x0a48, 0x1ac8, 0x5c06, 0x63c7, 0x2a87, 0x6b25, 0xccc2, 0xd5a3, 0xb4a4,
0xb483, 0xbca3, 0xd501, 0xcd03, 0xbcc3, 0xac83, 0xac63, 0xd502, 0xe583, 0xac84, 0xbca3, 0xc482, 0xb463, 0xa463, 0xa463, 0xa462,
0xac82, 0xac63, 0xa443, 0xbca2, 0xbca1, 0x8444, 0x8465, 0xa483, 0xb4a2, 0x9c64, 0x9c64, 0xace4, 0x8ca5, 0x8c64, 0xa484, 0x9c44,
0xac84, 0xbce4, 0x6c28, 0x9446, 0x9c65, 0x9425, 0x8466, 0x5467, 0x6c46, 0xb4c2, 0xac83, 0x6c67, 0x5489, 0x7d06, 0x9c85, 0xa484,
0xa4e5, 0x8d06, 0x6469, 0x8c47, 0xbca5, 0x9446, 0x9c46, 0xa465, 0x9c85, 0x8c66, 0x5ba9, 0x93e4, 0x73e6, 0x1b0a, 0x6bc7, 0x93e4,
0x7b86, 0x6b47, 0xac44, 0x6427, 0x2b69, 0x3b89, 0x6408, 0x5b88, 0x3b68, 0x4367, 0x5307, 0x6b26, 0x4b46, 0x2326, 0x3b46, 0x4b86,
0x3b07, 0x3b48, 0x4c07, 0x33c8, 0x3368, 0x4b28, 0x4b28, 0x3b88, 0x2bc8, 0x2ba8, 0x2b49, 0x4b48, 0x5b28, 0x3b28, 0x3367, 0x3327,
0x5ac7, 0x82a5, 0x52c6, 0x3b27, 0x3307, 0x3b08, 0x9b67, 0x9b26, 0x4b48, 0x3b68, 0x4b68, 0x7308, 0x7ae7, 0x5aa7, 0x5aa7, 0x62c7,
0x6ae7, 0x8ae7, 0x7326, 0x4b67, 0x4327, 0x5b27, 0x7b07, 0x7ac6, 0x7ac7, 0x7b67, 0x8bc7, 0x8b27, 0x6328, 0x7ca6, 0x9b47, 0xa327,
0x8ae7, 0x7b48, 0x8527, 0x74c7, 0x6c66, 0x6c87, 0x8d68, 0xa5e8, 0x95a9, 0x6d09, 0x7d49, 0xa629, 0xa608, 0x95c9, 0x95c9, 0x8589,
0x9e09, 0x9de8, 0x95a8, 0xa608, 0xae29, 0x8d89, 0x8569, 0x95c9, 0x9e09, 0xa628, 0xa608, 0xa628, 0x9e29, 0x9e29, 0xae68, 0xae48,
0xa648, 0xa627, 0x9e28, 0xae68, 0xae68, 0xa648, 0xa648, 0xa668, 0xae88, 0xae68, 0xa648, 0xa648, 0xae69, 0xb688, 0xae68, 0xae68,
0xae68, 0xae68, 0xae89, 0xae88, 0xae68, 0xae69, 0xae68, 0xae69, 0xae69, 0xae68, 0xae68, 0xae68, 0xae88, 0xae88, 0xb689, 0xae89,
0xae89, 0xae89, 0xae89, 0xb6a9, 0xb689, 0xae89, 0xae89, 0xb689, 0xb689, 0xae89, 0xae89, 0xae89, 0xae69, 0xae69, 0xb669, 0xb668,
0xae69, 0xa669, 0xbea9, 0xb669, 0xae68, 0xae69, 0xa669, 0xcea8, 0xd6a7, 0x9e48, 0xb668, 0xae28, 0xdec7, 0xeee7, 0xc666, 0xb647,
0xae48, 0xa649, 0xae49, 0xeec5, 0xfee4, 0xbe66, 0xae48, 0xe6a6, 0xee65, 0xc666, 0xcea7, 0xc688, 0xbe27, 0xee85, 0xfee5, 0xfec6,
0xf6c5, 0xf6a5, 0xf664, 0xf6e7, 0xf708, 0xf6e6, 0xf706, 0xf6e6, 0xf6c6, 0xfec5, 0xfec5, 0xfea5, 0xfea5, 0xfea5, 0xfee7, 0xff06,
0xfee5, 0xfec5, 0xfea4, 0xfee5, 0xff06, 0xfec4, 0xfea4, 0xfec4, 0xfec5, 0xff29, 0xfee7, 0xfee7, 0xff07, 0xfec6, 0xfec6, 0xfee6,
0xfec6, 0xfee8, 0xfee7, 0xfee7, 0xff07, 0xfee5, 0xfec5, 0xfec6, 0xfee7, 0xff08, 0xfee7, 0xfee8, 0xfee9, 0xfee9, 0xff07, 0xff06,
0xfee6, 0xf6c8, 0xf6a6, 0xfee6, 0xff06, 0xff29, 0xff08, 0xff07, 0xfee6, 0xfec5, 0xfec5, 0xff06, 0xade7, 0x5425, 0x12e6, 0x5406,
0xff48, 0xfee8, 0xf6a5, 0xf6e8, 0xf6ea, 0xf6e9, 0xf6a6, 0xf684, 0xfec8, 0xfec6, 0xf684, 0xfec5, 0xf6c7, 0xf6eb, 0xfec7, 0xfec5,
0xfec8, 0xf6c9, 0xf6a7, 0xf683, 0xfec6, 0xf663, 0xfe63, 0xfee8, 0xfee8, 0xfe83, 0xfea5, 0xff08, 0xfea5, 0xfec7, 0xf684, 0xfea4,
0xfee6, 0xfec5, 0xfee8, 0xfee9, 0xfea4, 0xfec7, 0xf6c6, 0xfee6, 0xeea6, 0x3ba6, 0x1b07, 0xbde8, 0xff08, 0xf6ea, 0xf70a, 0xfee6,
0xf708, 0xf72a, 0xf6a5, 0xf664, 0xfe85, 0xf72c, 0xf6e9, 0xfea5, 0xfea5, 0xfea5, 0xfea4, 0xfee6, 0xfee9, 0xfeea, 0xfe84, 0xf643,
0xee02, 0xf623, 0xfee9, 0xfee6, 0xfec4, 0xfe84, 0xfe84, 0xf684, 0xf685, 0xff2a, 0xf6a6, 0xfe64, 0xfec7, 0xfee8, 0xfee6, 0xfec5,
0xfea6, 0xfee7, 0xfea6, 0xfec6, 0xfee8, 0xfea5, 0xfee7, 0xff09, 0xfec8, 0xf684, 0xfea6, 0xfee9, 0xfee8, 0xfee8, 0xf6a5, 0xf663,
0xf623, 0xf684, 0xfee7, 0xf684, 0xf663, 0xfee8, 0xfee8, 0xfec5, 0xfea4, 0xfe83, 0xfee7, 0xff2b, 0xfec6, 0xfea4, 0xfe83, 0xee02,
0xe5a2, 0xee03, 0xfea4, 0xf643, 0xfee6, 0xe5e3, 0xcd02, 0xf6a6, 0xf6a5, 0xe5a1, 0xcd22, 0xbcc2, 0xdda2, 0xf663, 0xf644, 0xede3,
0xdd62, 0xd562, 0xd542, 0xede3, 0xee03, 0xdd62, 0xcce2, 0xb482, 0xd4e2, 0xe542, 0xbca3, 0xc503, 0xa484, 0xa443, 0xcce1, 0xb462,
0x9c04, 0xac25, 0x83e6, 0x12c8, 0x1aa8, 0x12a8, 0x1267, 0x1288, 0x3b67, 0x22a7, 0x1227, 0x1a67, 0x1a88, 0x1268, 0x0a68, 0x12a8,
0x12e9, 0x12e9, 0x1ae9, 0x3388, 0x2b88, 0x8c49, 0xa48a, 0x9c29, 0xa3e9, 0xc4ab, 0xf5cf, 0xedaf, 0xedcf, 0xedcf, 0xedef, 0xe5ce,
0xedce, 0xedcf, 0xe5af, 0xedf0, 0xe5ae, 0x9c8a, 0x9ccb, 0xb4ec, 0xc4cc, 0xc48b, 0x8409, 0x7428, 0x6448, 0x64a8, 0x4c27, 0x4c46,
0x95c8, 0x9e09, 0x95e9, 0xae69, 0xae69, 0xa669, 0xa649, 0xa649, 0xa669, 0xa649, 0xa669, 0xa669, 0xae89, 0xa668, 0xa628, 0xa628,
0xa628, 0xa649, 0xae69, 0xa649, 0x9e49, 0x9e49, 0xa649, 0xa669, 0xa669, 0xa649, 0xa649, 0xa649, 0xae69, 0xae69, 0xa649, 0xa649,
0xa669, 0xa669, 0xa669, 0xa649, 0x9e29, 0xa629, 0xa629, 0x9e29, 0x9e29, 0x9e29, 0x9e28, 0xa648, 0xa648, 0xa648, 0xa649, 0xa649,
0xa648, 0x9e28, 0x9e28, 0x9e28, 0x9e28, 0x9e08, 0x9e28, 0x9e28, 0xa649, 0xa649, 0x9e49, 0x9e49, 0xa649, 0xa649, 0x9e49, 0x9e29,
0x9e29, 0x9e28, 0x9e29, 0x9e28, 0xa648, 0x9e49, 0x9e49, 0xa649, 0xa649, 0xa649, 0xa669, 0x9e49, 0xa649, 0xa669, 0xa649, 0xa649,
0xa629, 0xa649, 0xa649, 0xa629, 0xa628, 0xa648, 0xa649, 0xa648, 0xa668, 0xa668, 0xa669, 0xae69, 0xa649, 0xa649, 0xa649, 0xa649,
0xa649, 0xa629, 0xa648, 0xa649, 0xa649, 0xa669, 0xa649, 0xa669, 0xa669, 0xa649, 0x9e49, 0x9e49, 0xa669, 0xa669, 0xa649, 0xa648,
0xa628, 0x9e28, 0xa649, 0xa649, 0xa669, 0x9e28, 0xa628, 0xa668, 0xa648, 0xa648, 0xa649, 0xa649, 0xa649, 0xa649, 0xa669, 0xa669,
0xa669, 0xa649, 0xa669, 0xa649, 0xa649, 0xa649, 0xa649, 0xa649, 0xa649, 0xa649, 0xa649, 0xa649, 0xa669, 0xae69, 0xa669, 0xa669,

/* -84- */
0xfea4, 0xfe84, 0xf6c7, 0xfec7, 0xfec6, 0xf663, 0xf663, 0xf684, 0xf6a5, 0xfee7, 0xfea5, 0xf664, 0xf644, 0xf644, 0xfec7, 0xfee7,
0xfea4, 0xfea4, 0xfee6, 0xfee6, 0xfea4, 0xf6a5, 0xfea4, 0xad65, 0x6445, 0x3ba6, 0x1b06, 0x63e6, 0xf664, 0xf6a4, 0xf685, 0xfec4,
0xfee4, 0xfec5, 0xfe85, 0xf664, 0xf664, 0xfec7, 0xfea6, 0xfe64, 0xfe84, 0xfec5, 0xfee7, 0xff07, 0xf665, 0xf625, 0xff07, 0xf684,
0xedc2, 0xede3, 0xf665, 0xfee6, 0xff27, 0xf644, 0xf604, 0xf664, 0xf685, 0xff29, 0xfea6, 0xe5c4, 0xdd46, 0xedc7, 0xfec5, 0xfec5,
0xf624, 0xee04, 0xee03, 0xf6a6, 0xff08, 0xfea4, 0xf684, 0xf664, 0xf6a6, 0xfee8, 0xf684, 0xf684, 0xf664, 0xf664, 0xfee6, 0xf685,
0xf685, 0xf664, 0xede2, 0xf6a6, 0xfee7, 0xf6a6, 0xee45, 0xe5c3, 0xf665, 0xff48, 0xf685, 0xe603, 0xe5c3, 0xe5c3, 0xff06, 0xf684,
0xdd62, 0xd522, 0xe5a2, 0xf685, 0xfee5, 0xe5c3, 0xbca2, 0xd522, 0xdd83, 0xede2, 0xd542, 0xcd22, 0xd562, 0xdd82, 0xd542, 0xd542,
0xedc2, 0xdd82, 0xbca2, 0xc4c3, 0xdd83, 0xdda2, 0xcd02, 0x9c63, 0xa443, 0xbc62, 0xb483, 0x9ca4, 0x8445, 0x93c3, 0xac62, 0xa462,
0x8405, 0x9c26, 0xac65, 0x3b87, 0x5426, 0x3347, 0x1248, 0x1288, 0x1288, 0x0a47, 0x0227, 0x0a47, 0x0a28, 0x42c8, 0x93aa, 0x93aa,
0x93aa, 0x8baa, 0x8389, 0x8b8a, 0xac2b, 0xbc8b, 0xc4ac, 0xdd6e, 0xedef, 0xe5d0, 0xf632, 0xf611, 0xe58f, 0xdd4e, 0xdd4e, 0xedae,
0xd52d, 0xac6b, 0x9c2b, 0xc4cc, 0xe52b, 0x8c69, 0x63e8, 0x63e9, 0x6c09, 0x6c29, 0x6ca9, 0x9609, 0x95e9, 0x95e9, 0x8dc8, 0x95e8,
0xa649, 0xa649, 0x9e29, 0xae69, 0xae69, 0xae69, 0xae69, 0xa669, 0xa669, 0xa669, 0xa669, 0xa669, 0xae69, 0xa669, 0xa649, 0xa649,
0xa649, 0xa649, 0xa649, 0xa669, 0xa669, 0xa669, 0xa669, 0xae69, 0xae69, 0xae69, 0xae69, 0xae69, 0xae69, 0xae69, 0xae69, 0xa669,
0xae69, 0xae69, 0xae69, 0xa649, 0xa649, 0xa649, 0xa649, 0xa649, 0xa649, 0xa649, 0xa649, 0xa649, 0xa649, 0xa669, 0xa669, 0xa649,
0xa649, 0xa649, 0xa649, 0xa649, 0x9e29, 0xa648, 0xa648, 0xa648, 0xa648, 0xa649, 0xa648, 0xa648, 0xa649, 0xa649, 0xa649, 0xa649,
0x9e49, 0xa649, 0xa649, 0xa648, 0xa649, 0xa649, 0xa649, 0xa649, 0xa649, 0x9e49, 0xa669, 0xa649, 0xa649, 0xae6a, 0xa649, 0xa669,
0xa669, 0xa649, 0xa649, 0xa649, 0xa649, 0xa649, 0xa669, 0xa669, 0xa669, 0xa668, 0xae69, 0xae89, 0xa669, 0xa649, 0xa669, 0xa649,
0xa649, 0xa649, 0xae69, 0xa649, 0xa649, 0xa669, 0xa669, 0xa669, 0xa669, 0xa669, 0xa669, 0xa669, 0xa689, 0xae89, 0xa649, 0xa669,
0xa649, 0xa629, 0xae69, 0xae69, 0xa669, 0xa669, 0xa669, 0xae69, 0xa649, 0xa649, 0xa649, 0xa649, 0xa649, 0xa669, 0xa669, 0xa669,
0xa669, 0xa669, 0xa669, 0xa669, 0xa669, 0xa669, 0xa669, 0xa669, 0xa649, 0xa669, 0xa669, 0xa669, 0xae89, 0xae89, 0xa669, 0xae89,
0xae69, 0xae69, 0xb68a, 0xa669, 0x9e48, 0xa649, 0xa669, 0xa649, 0x9e29, 0xa649, 0xa669, 0xa669, 0xa669, 0xa669, 0xae89, 0xa669,
0xa669, 0xa669, 0xa649, 0xa649, 0xa669, 0x9e49, 0x9e49, 0x9e29, 0x9e09, 0xa609, 0xa609, 0x9dc9, 0x8d68, 0x9d29, 0xcd6b, 0xd56c,
0xd56d, 0xcd2d, 0xc50c, 0xbd2b, 0xbd2b, 0xc52a, 0xb427, 0x5b46, 0x2b05, 0x2b45, 0x2305, 0x1a86, 0x1a86, 0x1a65, 0x0a06, 0x0a47,
0x1aa7, 0x1ac8, 0x12c8, 0x0aa7, 0x0aa7, 0x2b48, 0x2b48, 0x3388, 0x2b48, 0x12a8, 0x22e8, 0x1aa8, 0x22a7, 0x2287, 0x2287, 0x1a48,
0x1228, 0x22a8, 0x2b08, 0x1a88, 0x1248, 0x0a48, 0x1268, 0x1269, 0x12c9, 0x3328, 0x53a7, 0x3b07, 0x5b45, 0xb4a3, 0xace3, 0x9465,
0x8c45, 0xacc4, 0xcd62, 0xb564, 0x7d06, 0x74a5, 0x94a4, 0xa4a4, 0x94a4, 0x7465, 0x7445, 0x9404, 0x9c03, 0x7444, 0x5426, 0x9444,
0x8bc6, 0x7b88, 0xac63, 0x94a3, 0x6426, 0x4bc7, 0x5408, 0xb4e3, 0xacc3, 0x4c07, 0x43c8, 0x4bc8, 0x5be8, 0xa464, 0x73c6, 0x5368,
0x4b68, 0x4b89, 0x6ba9, 0x93a7, 0x6347, 0x4307, 0x3b48, 0x6bc7, 0x93c7, 0x7b87, 0x5b68, 0x3b49, 0x5428, 0x6467, 0x7307, 0x6b26,
0x3b48, 0x3369, 0x5ba9, 0x9387, 0x8366, 0x4ae9, 0x532a, 0x9408, 0x93e7, 0x4b29, 0x5369, 0x8c26, 0x4b28, 0x2aca, 0x6b87, 0x8365,
0x52a7, 0x62c8, 0x7b07, 0x6328, 0x5b09, 0x7408, 0x9d67, 0x9449, 0x8bab, 0xac89, 0x8487, 0x7cc7, 0x8d0a, 0x8c2c, 0x8b89, 0x8b69,
0x8c49, 0x94e8, 0x9c09, 0x9b89, 0x634a, 0x9c0b, 0xb46b, 0x7c29, 0x8cc9, 0x9d09, 0x7bcb, 0x93eb, 0x9c0b, 0xac49, 0x9428, 0x5b69,
0x83ca, 0xa48a, 0xacca, 0x94a9, 0x6be9, 0x7be9, 0x8b8a, 0xb4c9, 0xa549, 0x8ce9, 0x6c09, 0x6bc9, 0x8ca9, 0x9d68, 0x9d48, 0x6c28,
0x63a9, 0x9d29, 0xadc8, 0x8d08, 0x6c48, 0x7ca9, 0x9508, 0xad68, 0x9ce8, 0x94c8, 0xa5a9, 0xa528, 0x8ce7, 0x8587, 0xa5a8, 0x9d49,
0x9d29, 0xa589, 0xa608, 0x9e08, 0x8588, 0x85a9, 0xa628, 0xae68, 0xa649, 0x9609, 0x9e29, 0xae68, 0xae68, 0xae69, 0xa669, 0xa649,
0xae68, 0xae48, 0xa649, 0xae68, 0xb688, 0xa649, 0xa649, 0xa649, 0xae68, 0xae88, 0xae88, 0xae88, 0xae68, 0xae68, 0xb688, 0xae68,
0xae68, 0xae68, 0xae48, 0xb688, 0xb688, 0xae68, 0xae68, 0xae89, 0xae89, 0xae89, 0xae88, 0xae68, 0xae69, 0xae69, 0xae68, 0xae68,
0xae68, 0xae69, 0xae69, 0xae69, 0xae89, 0xae89, 0xae69, 0xae69, 0xae89, 0xae68, 0xae68, 0xae69, 0xae69, 0xae69, 0xae69, 0xae89,
0xae89, 0xae89, 0xae89, 0xae89, 0xae89, 0xbe89, 0xae69, 0xae89, 0xb669, 0xcea7, 0xd6c8, 0xcec9, 0xa669, 0xa669, 0xae69, 0xce86,
0xbe88, 0xa64a, 0xa64a, 0xb648, 0xd686, 0xdea7, 0xa649, 0xdee9, 0xff07, 0xae47, 0xc667, 0xde66, 0xcea8, 0xeee8, 0xf6e5, 0xeec5,
0xeec6, 0xae48, 0xb669, 0xd666, 0xe665, 0xe6a5, 0xce86, 0xf6e6, 0xf6c5, 0xe6c7, 0xdf09, 0xc6a9, 0xd666, 0xfec5, 0xfee6, 0xfee6,
0xfec5, 0xfe84, 0xfea5, 0xf6c7, 0xff08, 0xf6c6, 0xee84, 0xfea4, 0xfec5, 0xff28, 0xfee6, 0xfea4, 0xfea4, 0xfee6, 0xfea5, 0xfee6,
0xff27, 0xfea5, 0xfe63, 0xfee6, 0xff28, 0xff08, 0xfee5, 0xfec4, 0xfee5, 0xff07, 0xff07, 0xfec5, 0xfee5, 0xff07, 0xfec4, 0xfec4,
0xfee6, 0xfec5, 0xfee6, 0xfec5, 0xf683, 0xff08, 0xfee9, 0xfec6, 0xfec5, 0xf6a3, 0xfee8, 0xfeeb, 0xfea6, 0xfea5, 0xfee5, 0xff05,
0xff08, 0xf6e9, 0xf685, 0xfec5, 0xfee5, 0xfee5, 0xfee5, 0xff05, 0xfee5, 0xfea5, 0xfec5, 0xde65, 0x6445, 0x53e5, 0x2b26, 0x3b86,
0xde05, 0xfea5, 0xf6a5, 0xfec5, 0xff06, 0xff06, 0xfec5, 0xfea5, 0xfea6, 0xf684, 0xf684, 0xfee6, 0xfec6, 0xf685, 0xfec6, 0xff06,
0xfea4, 0xfe84, 0xf6c7, 0xfec7, 0xfec6, 0xf663, 0xf663, 0xf684, 0xf6a5, 0xfee7, 0xfea5, 0xf664, 0xf644, 0xf644, 0xfec7, 0xfee7,
0xfea4, 0xfea4, 0xfee6, 0xfee6, 0xfea4, 0xf6a5, 0xfea4, 0xad65, 0x6445, 0x3ba6, 0x1b06, 0x63e6, 0xf664, 0xf6a4, 0xf685, 0xfec4,
0xfee4, 0xfec5, 0xfe85, 0xf664, 0xf664, 0xfec7, 0xfea6, 0xfe64, 0xfe84, 0xfec5, 0xfee7, 0xff07, 0xf665, 0xf625, 0xff07, 0xf684,
0xedc2, 0xede3, 0xf665, 0xfee6, 0xff27, 0xf644, 0xf604, 0xf664, 0xf685, 0xff29, 0xfea6, 0xe5c4, 0xdd46, 0xedc7, 0xfec5, 0xfec5,
0xf624, 0xee04, 0xee03, 0xf6a6, 0xff08, 0xfea4, 0xf684, 0xf664, 0xf6a6, 0xfee8, 0xf684, 0xf684, 0xf664, 0xf664, 0xfee6, 0xf685,
0xf685, 0xf664, 0xede2, 0xf6a6, 0xfee7, 0xf6a6, 0xee45, 0xe5c3, 0xf665, 0xff48, 0xf685, 0xe603, 0xe5c3, 0xe5c3, 0xff06, 0xf684,
0xdd62, 0xd522, 0xe5a2, 0xf685, 0xfee5, 0xe5c3, 0xbca2, 0xd522, 0xdd83, 0xede2, 0xd542, 0xcd22, 0xd562, 0xdd82, 0xd542, 0xd542,
0xedc2, 0xdd82, 0xbca2, 0xc4c3, 0xdd83, 0xdda2, 0xcd02, 0x9c63, 0xa443, 0xbc62, 0xb483, 0x9ca4, 0x8445, 0x93c3, 0xac62, 0xa462,
0x8405, 0x9c26, 0xac65, 0x3b87, 0x5426, 0x3347, 0x1248, 0x1288, 0x1288, 0x0a47, 0x0227, 0x0a47, 0x0a28, 0x42c8, 0x93aa, 0x93aa,
0x93aa, 0x8baa, 0x8389, 0x8b8a, 0xac2b, 0xbc8b, 0xc4ac, 0xdd6e, 0xedef, 0xe5d0, 0xf632, 0xf611, 0xe58f, 0xdd4e, 0xdd4e, 0xedae,
0xd52d, 0xac6b, 0x9c2b, 0xc4cc, 0xe52b, 0x8c69, 0x63e8, 0x63e9, 0x6c09, 0x6c29, 0x6ca9, 0x9609, 0x95e9, 0x95e9, 0x8dc8, 0x95e8,
0xa649, 0xa649, 0x9e29, 0xae69, 0xae69, 0xae69, 0xae69, 0xa669, 0xa669, 0xa669, 0xa669, 0xa669, 0xae69, 0xa669, 0xa649, 0xa649,
0xa649, 0xa649, 0xa649, 0xa669, 0xa669, 0xa669, 0xa669, 0xae69, 0xae69, 0xae69, 0xae69, 0xae69, 0xae69, 0xae69, 0xae69, 0xa669,
0xae69, 0xae69, 0xae69, 0xa649, 0xa649, 0xa649, 0xa649, 0xa649, 0xa649, 0xa649, 0xa649, 0xa649, 0xa649, 0xa669, 0xa669, 0xa649,
0xa649, 0xa649, 0xa649, 0xa649, 0x9e29, 0xa648, 0xa648, 0xa648, 0xa648, 0xa649, 0xa648, 0xa648, 0xa649, 0xa649, 0xa649, 0xa649,
0x9e49, 0xa649, 0xa649, 0xa648, 0xa649, 0xa649, 0xa649, 0xa649, 0xa649, 0x9e49, 0xa669, 0xa649, 0xa649, 0xae6a, 0xa649, 0xa669,
0xa669, 0xa649, 0xa649, 0xa649, 0xa649, 0xa649, 0xa669, 0xa669, 0xa669, 0xa668, 0xae69, 0xae89, 0xa669, 0xa649, 0xa669, 0xa649,
0xa649, 0xa649, 0xae69, 0xa649, 0xa649, 0xa669, 0xa669, 0xa669, 0xa669, 0xa669, 0xa669, 0xa669, 0xa689, 0xae89, 0xa649, 0xa669,
0xa649, 0xa629, 0xae69, 0xae69, 0xa669, 0xa669, 0xa669, 0xae69, 0xa649, 0xa649, 0xa649, 0xa649, 0xa649, 0xa669, 0xa669, 0xa669,
0xa669, 0xa669, 0xa669, 0xa669, 0xa669, 0xa669, 0xa669, 0xa669, 0xa649, 0xa669, 0xa669, 0xa669, 0xae89, 0xae89, 0xa669, 0xae89,

/* -85- */
0xfe83, 0xfe83, 0xf686, 0xf6c7, 0xfee8, 0xf644, 0xf603, 0xf663, 0xfe84, 0xff4b, 0xfec7, 0xee02, 0xee23, 0xf685, 0xff09, 0xff08,
0xfea4, 0xfea4, 0xee86, 0xee86, 0xfea4, 0xf684, 0xfe84, 0x8cc5, 0x33a5, 0x3b86, 0x1ae6, 0x3326, 0xee24, 0xfe84, 0xfea3, 0xe624,
0xc5a4, 0xe624, 0xfee5, 0xfea5, 0xfee6, 0xf6a5, 0xf664, 0xf624, 0xf644, 0xf6c6, 0xff28, 0xff28, 0xf624, 0xedc3, 0xff06, 0xfee5,
0xf644, 0xee24, 0xf643, 0xf6c6, 0xff48, 0xf665, 0xee24, 0xf644, 0xf684, 0xfee7, 0xf684, 0xede4, 0xe584, 0xede4, 0xff06, 0xfee5,
0xf643, 0xee23, 0xf644, 0xf6a6, 0xfec7, 0xfec5, 0xf684, 0xee02, 0xf664, 0xff08, 0xf684, 0xfe84, 0xee23, 0xe5c3, 0xff07, 0xfee6,
0xfea5, 0xf665, 0xdd81, 0xee45, 0xf6c6, 0xf664, 0xe5c3, 0xd542, 0xe604, 0xf708, 0xee44, 0xe5e2, 0xd542, 0xd522, 0xe625, 0xee03,
0xdd62, 0xcce2, 0xd541, 0xe5c3, 0xe5e3, 0xdd62, 0xc4c2, 0xc4c2, 0xcce3, 0xe5e3, 0xdd62, 0xdd82, 0xcd02, 0xbce3, 0xaca3, 0xcd22,
0xe5a2, 0xcce2, 0xac22, 0xa443, 0xcd43, 0xd5a3, 0xa505, 0x7c65, 0x9c83, 0xc4a2, 0xb4a3, 0x7487, 0x7426, 0x9bc3, 0x9c42, 0x9c62,
0x7404, 0x5bc8, 0x4ba7, 0x3bc7, 0x4406, 0x2b47, 0x12a8, 0x1288, 0x42e8, 0x5b29, 0x5b29, 0x5b09, 0x5309, 0x83aa, 0xbc2a, 0xb40a,
0xbc2a, 0xbc2a, 0xbc4b, 0xbc8c, 0xcccc, 0xdd4e, 0xe5ae, 0xedae, 0xf611, 0xf652, 0xedb0, 0xedaf, 0xdd2e, 0xbcac, 0xb48c, 0xbcec,
0xb58a, 0x94e9, 0x83ca, 0x942a, 0x946a, 0x8d29, 0x7d08, 0x74a8, 0x6488, 0x6488, 0x7d69, 0xae89, 0xa649, 0x9e29, 0xae69, 0xae69,
0xa649, 0xa649, 0xa669, 0xae69, 0xa669, 0xa669, 0xae69, 0xa669, 0xa669, 0xa669, 0xa669, 0xae69, 0xa669, 0xa649, 0xa649, 0xa628,
0xa648, 0xa648, 0x9e28, 0xa669, 0xa669, 0xa649, 0xa649, 0xa649, 0xae69, 0xa669, 0xa669, 0xae69, 0xae69, 0xae69, 0xa669, 0xa649,
0xa649, 0xa649, 0xa669, 0xae69, 0xa629, 0xa648, 0xa648, 0xa649, 0xa669, 0xa669, 0xa669, 0xa649, 0xae68, 0xa668, 0xa669, 0xa649,
0xa649, 0xa649, 0x9e49, 0xa649, 0xa649, 0x9e48, 0xa628, 0x9e48, 0x9e48, 0x9e48, 0xa648, 0x9e48, 0x9e49, 0x9e49, 0xa669, 0xa649,
0x9e29, 0x9e28, 0x9e29, 0xa649, 0x9e48, 0xa649, 0xa649, 0xa649, 0xa629, 0xa629, 0x9e28, 0xa649, 0xa649, 0x9e49, 0xa649, 0xa649,
0xa649, 0xae69, 0xa649, 0xa669, 0xae69, 0xa669, 0xa669, 0xa669, 0xa669, 0xa649, 0xa649, 0xa648, 0xa649, 0x9e49, 0x9e49, 0x9e49,
0xa649, 0xa649, 0xa649, 0xa649, 0xa669, 0xa669, 0xa669, 0xa649, 0x9e49, 0x9e29, 0x9e29, 0xa669, 0xa669, 0x9e49, 0xa649, 0x9e29,
0xa628, 0xa649, 0xa669, 0xa649, 0xa649, 0xa649, 0xa649, 0xa649, 0xa649, 0x9e48, 0xa649, 0xa649, 0xa649, 0xa649, 0xa649, 0xa668,
0xa669, 0xa669, 0xa669, 0xa669, 0xa669, 0xa669, 0xa669, 0x9e69, 0xa669, 0xa669, 0xa669, 0xa669, 0xa669, 0xa669, 0xa669, 0xa669,
0xa649, 0x9e49, 0xa669, 0xa649, 0xa649, 0x9e49, 0x9e49, 0xae48, 0xae49, 0xa649, 0xa649, 0xa669, 0xa669, 0xa669, 0xa649, 0xa649,
0xa649, 0xae69, 0xa649, 0x9e49, 0xa649, 0x9e49, 0x9e49, 0x9e49, 0xa669, 0xa669, 0xa648, 0x9e08, 0x8dc8, 0x8dc8, 0xae08, 0xae29,
0xbe2b, 0xce4c, 0xbe2a, 0xbe2a, 0xbe0a, 0xbe0a, 0x9d08, 0x6426, 0x4bc6, 0x5426, 0x5426, 0x4386, 0x4386, 0x4366, 0x3b66, 0x3346,
0x1a87, 0x0a68, 0x3b87, 0x6426, 0x5bc5, 0x2286, 0x1a87, 0x2ae7, 0x4b87, 0x3b26, 0x1a87, 0x1247, 0x1227, 0x1207, 0x1a46, 0x09e7,
0x0a07, 0x1208, 0x1228, 0x1269, 0x0a69, 0x22e9, 0x1289, 0x0a68, 0x0a88, 0x0a68, 0x22c8, 0x3b48, 0x4b87, 0x6446, 0x7cc5, 0x7446,
0x63c6, 0x6c06, 0xad43, 0x7d06, 0x4447, 0x4c06, 0x6406, 0x8445, 0x6445, 0x4406, 0x3bc6, 0x6b86, 0x83c5, 0x4c06, 0x23a7, 0x7426,
0x8b88, 0x7b88, 0x8465, 0x5c46, 0x3b88, 0x4348, 0x5b68, 0x9425, 0x83e5, 0x3b48, 0x4327, 0x3b08, 0x5368, 0x93e5, 0x5b68, 0x4349,
0x4369, 0x4ba9, 0x8408, 0x9be8, 0x6388, 0x4348, 0x43a8, 0x9448, 0xb428, 0x7be9, 0x4b69, 0x4ba8, 0x74a8, 0x7ce7, 0x7c07, 0x5b28,
0x3328, 0x4409, 0x7c88, 0x9c87, 0x7bc6, 0x4368, 0x4ba9, 0x7c48, 0x8c48, 0x5389, 0x6429, 0x84e9, 0x53ca, 0x53c9, 0x6408, 0x6c28,
0x53a9, 0x5be9, 0x63ca, 0x6bca, 0x73ca, 0x9509, 0xa606, 0x9cc9, 0xac8c, 0xb52a, 0x95a7, 0x8e27, 0xa5eb, 0xb4ce, 0xac6b, 0x9c6a,
0x9d89, 0xb668, 0xbd2a, 0xbc2b, 0x8c2b, 0xbd4b, 0xc5aa, 0x950a, 0xa5a9, 0xb628, 0x9d0a, 0xad6b, 0xb56a, 0xc5c9, 0xb5a8, 0x8549,
0x9dca, 0xb64a, 0xb649, 0xa629, 0x95a9, 0x8d69, 0x8cea, 0xae09, 0xb648, 0x9de8, 0x8549, 0x74e9, 0x9de9, 0xb6a8, 0xb688, 0x8da8,
0x8589, 0xae69, 0xb688, 0xa628, 0x95c9, 0x95c9, 0x9e08, 0xb687, 0xa648, 0xa608, 0xa648, 0x9e08, 0x9de7, 0x9e08, 0xb6a9, 0xa648,
0xa628, 0xae68, 0xae88, 0xb688, 0xae89, 0xae69, 0xb688, 0xb688, 0xb688, 0xae88, 0xae88, 0xae88, 0xb688, 0xae88, 0xb688, 0xb688,
0xb689, 0xb688, 0xb668, 0xb668, 0xb668, 0xb689, 0xb688, 0xbea8, 0xb688, 0xae68, 0xbea8, 0xbea8, 0xbea8, 0xbe88, 0xb668, 0xae68,
0xb668, 0xb668, 0xb668, 0xb668, 0xae68, 0xae69, 0xb688, 0xb689, 0xae89, 0xa668, 0xae68, 0xae68, 0xae69, 0xae69, 0xa649, 0xa648,
0xae68, 0xa668, 0xa668, 0xae68, 0xae68, 0xae69, 0xae69, 0xae69, 0xa668, 0xae68, 0xae89, 0xae89, 0xae89, 0xb689, 0xbe68, 0xae68,
0xae69, 0xae69, 0xae69, 0xc688, 0xce87, 0xcea7, 0xae69, 0xae6a, 0xbe88, 0xdea5, 0xe6c6, 0xc6c9, 0xa689, 0xae69, 0xbe68, 0xd686,
0xdea6, 0xbe88, 0xa629, 0xd686, 0xeea5, 0xd686, 0xbe69, 0xe6e8, 0xf6e6, 0xb646, 0xd687, 0xf6c6, 0xcec9, 0xd6c9, 0xf6e5, 0xfec4,
0xff06, 0xd6a8, 0xdea7, 0xe6a5, 0xeea5, 0xf6c5, 0xe686, 0xfec6, 0xfec5, 0xfec6, 0xf6e9, 0xdeea, 0xeec6, 0xfee5, 0xf6a5, 0xeea5,
0xeea6, 0xe6a6, 0xeec6, 0xf6a5, 0xf6c6, 0xf6c5, 0xee84, 0xf684, 0xfea5, 0xff08, 0xfec5, 0xfea4, 0xfec5, 0xfee6, 0xfec5, 0xfee6,
0xff27, 0xfee6, 0xfe84, 0xfec6, 0xff07, 0xff07, 0xff07, 0xfec5, 0xfea5, 0xfea5, 0xfee7, 0xfee7, 0xfee5, 0xfee5, 0xff06, 0xfee6,
0xff06, 0xfec4, 0xfec4, 0xf6a4, 0xf684, 0xfee8, 0xfeea, 0xf685, 0xf6a4, 0xf6c3, 0xfee7, 0xff0a, 0xf684, 0xfe83, 0xfee5, 0xfee6,
0xf6e8, 0xfee7, 0xfea3, 0xfec4, 0xff05, 0xe644, 0xcde4, 0xc5e4, 0xde45, 0xfea5, 0xfec5, 0xd646, 0x43e5, 0x4be5, 0x2b46, 0x2347,
0xcdc5, 0xfe85, 0xfea4, 0xe645, 0xc5c6, 0xbd85, 0xd5e5, 0xfea5, 0xf685, 0xf684, 0xf6c6, 0xff28, 0xfec5, 0xf642, 0xf664, 0xf6a5,
0xfe83, 0xfe83, 0xf686, 0xf6c7, 0xfee8, 0xf644, 0xf603, 0xf663, 0xfe84, 0xff4b, 0xfec7, 0xee02, 0xee23, 0xf685, 0xff09, 0xff08,
0xfea4, 0xfea4, 0xee86, 0xee86, 0xfea4, 0xf684, 0xfe84, 0x8cc5, 0x33a5, 0x3b86, 0x1ae6, 0x3326, 0xee24, 0xfe84, 0xfea3, 0xe624,
0xc5a4, 0xe624, 0xfee5, 0xfea5, 0xfee6, 0xf6a5, 0xf664, 0xf624, 0xf644, 0xf6c6, 0xff28, 0xff28, 0xf624, 0xedc3, 0xff06, 0xfee5,
0xf644, 0xee24, 0xf643, 0xf6c6, 0xff48, 0xf665, 0xee24, 0xf644, 0xf684, 0xfee7, 0xf684, 0xede4, 0xe584, 0xede4, 0xff06, 0xfee5,
0xf643, 0xee23, 0xf644, 0xf6a6, 0xfec7, 0xfec5, 0xf684, 0xee02, 0xf664, 0xff08, 0xf684, 0xfe84, 0xee23, 0xe5c3, 0xff07, 0xfee6,
0xfea5, 0xf665, 0xdd81, 0xee45, 0xf6c6, 0xf664, 0xe5c3, 0xd542, 0xe604, 0xf708, 0xee44, 0xe5e2, 0xd542, 0xd522, 0xe625, 0xee03,
0xdd62, 0xcce2, 0xd541, 0xe5c3, 0xe5e3, 0xdd62, 0xc4c2, 0xc4c2, 0xcce3, 0xe5e3, 0xdd62, 0xdd82, 0xcd02, 0xbce3, 0xaca3, 0xcd22,
0xe5a2, 0xcce2, 0xac22, 0xa443, 0xcd43, 0xd5a3, 0xa505, 0x7c65, 0x9c83, 0xc4a2, 0xb4a3, 0x7487, 0x7426, 0x9bc3, 0x9c42, 0x9c62,
0x7404, 0x5bc8, 0x4ba7, 0x3bc7, 0x4406, 0x2b47, 0x12a8, 0x1288, 0x42e8, 0x5b29, 0x5b29, 0x5b09, 0x5309, 0x83aa, 0xbc2a, 0xb40a,
0xbc2a, 0xbc2a, 0xbc4b, 0xbc8c, 0xcccc, 0xdd4e, 0xe5ae, 0xedae, 0xf611, 0xf652, 0xedb0, 0xedaf, 0xdd2e, 0xbcac, 0xb48c, 0xbcec,
0xb58a, 0x94e9, 0x83ca, 0x942a, 0x946a, 0x8d29, 0x7d08, 0x74a8, 0x6488, 0x6488, 0x7d69, 0xae89, 0xa649, 0x9e29, 0xae69, 0xae69,
0xa649, 0xa649, 0xa669, 0xae69, 0xa669, 0xa669, 0xae69, 0xa669, 0xa669, 0xa669, 0xa669, 0xae69, 0xa669, 0xa649, 0xa649, 0xa628,
0xa648, 0xa648, 0x9e28, 0xa669, 0xa669, 0xa649, 0xa649, 0xa649, 0xae69, 0xa669, 0xa669, 0xae69, 0xae69, 0xae69, 0xa669, 0xa649,
0xa649, 0xa649, 0xa669, 0xae69, 0xa629, 0xa648, 0xa648, 0xa649, 0xa669, 0xa669, 0xa669, 0xa649, 0xae68, 0xa668, 0xa669, 0xa649,
0xa649, 0xa649, 0x9e49, 0xa649, 0xa649, 0x9e48, 0xa628, 0x9e48, 0x9e48, 0x9e48, 0xa648, 0x9e48, 0x9e49, 0x9e49, 0xa669, 0xa649,
0x9e29, 0x9e28, 0x9e29, 0xa649, 0x9e48, 0xa649, 0xa649, 0xa649, 0xa629, 0xa629, 0x9e28, 0xa649, 0xa649, 0x9e49, 0xa649, 0xa649,
0xa649, 0xae69, 0xa649, 0xa669, 0xae69, 0xa669, 0xa669, 0xa669, 0xa669, 0xa649, 0xa649, 0xa648, 0xa649, 0x9e49, 0x9e49, 0x9e49,
0xa649, 0xa649, 0xa649, 0xa649, 0xa669, 0xa669, 0xa669, 0xa649, 0x9e49, 0x9e29, 0x9e29, 0xa669, 0xa669, 0x9e49, 0xa649, 0x9e29,
0xa628, 0xa649, 0xa669, 0xa649, 0xa649, 0xa649, 0xa649, 0xa649, 0xa649, 0x9e48, 0xa649, 0xa649, 0xa649, 0xa649, 0xa649, 0xa668,
0xa669, 0xa669, 0xa669, 0xa669, 0xa669, 0xa669, 0xa669, 0x9e69, 0xa669, 0xa669, 0xa669, 0xa669, 0xa669, 0xa669, 0xa669, 0xa669,

/* -86- */
0xfe84, 0xf663, 0xf642, 0xf685, 0xff2a, 0xede4, 0xdd82, 0xf644, 0xf685, 0xfee8, 0xf665, 0xe582, 0xee03, 0xfee7, 0xfee7, 0xfea4,
0xf683, 0xee64, 0x7446, 0x6c05, 0xde25, 0xf685, 0xfea4, 0x9525, 0x4406, 0x3386, 0x0ac6, 0x3366, 0xee66, 0xfe86, 0xee64, 0x6c05,
0x0a26, 0x6c05, 0xe684, 0xf6a5, 0xff6a, 0xf685, 0xe5c3, 0xede4, 0xe604, 0xeec6, 0xf707, 0xf6c6, 0xede3, 0xe5a3, 0xf683, 0xfee5,
0xff47, 0xfee6, 0xf663, 0xee43, 0xee24, 0xf6a7, 0xfee8, 0xf664, 0xf663, 0xf643, 0xf664, 0xf685, 0xfec5, 0xfee5, 0xf6c5, 0xf6a4,
0xf685, 0xfec5, 0xfec5, 0xe604, 0xe5a3, 0xfec6, 0xff07, 0xede2, 0xe5c2, 0xf685, 0xfea5, 0xfec5, 0xee04, 0xd541, 0xee64, 0xf685,
0xf685, 0xee24, 0xdd41, 0xdd61, 0xe5c2, 0xdd82, 0xd542, 0xd502, 0xd542, 0xddc2, 0xdda2, 0xe5e3, 0xd542, 0xc4a2, 0xc481, 0xc4a1,
0xcce2, 0xd502, 0xcce2, 0xc4c1, 0xbc62, 0xc4c2, 0xede2, 0xc4c2, 0xb483, 0xc4e2, 0xcd22, 0xdd62, 0xc4e3, 0x9c64, 0x7445, 0xb503,
0xd522, 0xac42, 0x93a3, 0x93e3, 0xbd03, 0xbd43, 0x6c86, 0x5c26, 0x94a4, 0xcce2, 0xb4c3, 0x74a7, 0x7c05, 0x9bc3, 0x8c23, 0x7c43,
0x4b85, 0x12a8, 0x3307, 0x3307, 0x2b08, 0x3308, 0x3b28, 0x32c8, 0x9be9, 0xbc2a, 0xb42a, 0xbc6b, 0xd4cc, 0xcccc, 0xc4cc, 0xc4ac,
0xccac, 0xe58c, 0xfe2d, 0xedef, 0xedf0, 0xf651, 0xff2d, 0xe5cb, 0xc4cc, 0xcd0c, 0xbccc, 0xdd69, 0xcd28, 0x83e9, 0x7c08, 0x6c08,
0x95e8, 0x9e28, 0x6c4a, 0x6c4a, 0x6469, 0x9e09, 0xb688, 0xae69, 0xae69, 0xae69, 0xae89, 0xae69, 0xae48, 0xa649, 0xa669, 0xa668,
0xa649, 0xa648, 0xae68, 0xa669, 0xa648, 0xa648, 0xa648, 0xa648, 0xa648, 0xa648, 0xa648, 0xa648, 0xae68, 0xae48, 0xa628, 0x9e08,
0xa628, 0xa628, 0xb648, 0xa648, 0x9e28, 0x9e28, 0x9e28, 0xae47, 0xae47, 0x9e28, 0xa648, 0xae68, 0xa668, 0xa648, 0xa648, 0xa628,
0x9e28, 0x9e28, 0xae48, 0xae48, 0x9e28, 0x9e28, 0x9e28, 0xa648, 0xb668, 0xa649, 0xa648, 0x9e28, 0xae47, 0xae47, 0xa648, 0xa648,
0x9e28, 0xa648, 0xa648, 0xa648, 0xa649, 0x9e28, 0x9e28, 0xa627, 0xa628, 0x9e07, 0x9e28, 0xa628, 0xae48, 0x9e48, 0x9e49, 0x9e49,
0xa628, 0xa628, 0xa628, 0xae48, 0xa648, 0xa648, 0xa649, 0xa628, 0xa628, 0xa629, 0xa628, 0xa649, 0xa648, 0xae27, 0xa628, 0x9e48,
0xae49, 0xb669, 0xa649, 0xa649, 0xae69, 0xae48, 0xae48, 0xa648, 0xa648, 0xa628, 0x9e28, 0x9e28, 0x9e28, 0x9e49, 0xa668, 0xa648,
0xa628, 0xa648, 0xae48, 0xa649, 0xa649, 0xa649, 0xa669, 0x9e28, 0x9e28, 0xa628, 0x9e08, 0x9e28, 0x9e28, 0xa648, 0xa628, 0x9e08,
0x9e08, 0x9e48, 0xae47, 0xa628, 0x9e28, 0x9e28, 0x9e28, 0x9e28, 0x9e28, 0x9e28, 0xa649, 0xae49, 0xa649, 0xa649, 0xa649, 0xa669,
0xa668, 0xa648, 0xae69, 0xa649, 0xa669, 0x9e69, 0xa668, 0xb668, 0xa648, 0xa648, 0x9e48, 0x9e48, 0xa668, 0xa648, 0xa648, 0xa648,
0xa648, 0xa648, 0x9e28, 0x9e28, 0x9e28, 0x9e48, 0xae47, 0xb647, 0xae48, 0xa628, 0x9e49, 0xb667, 0xb667, 0xa648, 0xa628, 0x9e29,
0x9e29, 0xa649, 0xb668, 0xae48, 0x9e28, 0x9e28, 0x9e28, 0xae48, 0xb648, 0x9e28, 0x9e28, 0xa648, 0xa648, 0xae48, 0xa628, 0xa648,
0xa648, 0xa648, 0xae08, 0xae08, 0xa628, 0xa648, 0xae68, 0xae68, 0xa648, 0xa647, 0xae47, 0xa648, 0xa627, 0x9e07, 0x9e27, 0x95a7,
0x3b47, 0x1a87, 0x9548, 0xff25, 0xd645, 0x2225, 0x0165, 0x4306, 0xce05, 0x8464, 0x1206, 0x09e6, 0x09e6, 0x32a5, 0x94a4, 0x1227,
0x0a08, 0x0a28, 0x1a67, 0x1aa7, 0x1268, 0x4368, 0x32e8, 0x1a87, 0x1267, 0x0a27, 0x0a07, 0x1247, 0x22e7, 0x3bc6, 0x5c06, 0x4b67,
0x5367, 0x5347, 0x9486, 0x6c47, 0x3ae6, 0x3aa6, 0x5327, 0x7bc6, 0x5b87, 0x3b48, 0x5388, 0x8368, 0x7369, 0x4329, 0x4b69, 0x4b6a,
0x93c8, 0x7388, 0x3349, 0x3b49, 0x4b49, 0x5b29, 0x5b09, 0x5309, 0x4b09, 0x4b29, 0x5b48, 0x6b88, 0x7ba9, 0x7389, 0x73e9, 0x7489,
0x9da8, 0xa5a7, 0x84e7, 0x84c7, 0x84e7, 0x8527, 0x9587, 0x9567, 0x9d48, 0x9567, 0x8d67, 0xa627, 0xa607, 0x9e07, 0xae67, 0x8d27,
0x8d47, 0x9e07, 0xa607, 0xa627, 0x9587, 0x8d87, 0x9de7, 0x8d87, 0x8587, 0x95a7, 0x95a8, 0x8da8, 0x95c8, 0x9608, 0x9e28, 0x9e28,
0x9e29, 0x9e29, 0x9e29, 0x9e29, 0x9e48, 0x9e08, 0x9de8, 0x9de8, 0x9e28, 0x9e28, 0x9e28, 0x9e28, 0x9de8, 0x95c9, 0x9e49, 0xa649,
0xa5e9, 0xae69, 0xa669, 0xa649, 0xae69, 0xa648, 0xa648, 0xa668, 0xa668, 0xa668, 0xa688, 0xa668, 0xa667, 0xa648, 0xa648, 0xae88,
0xae88, 0xae68, 0xae48, 0xae68, 0xae68, 0xae68, 0xae68, 0xa648, 0xae48, 0xae68, 0xae67, 0xae88, 0xae88, 0xae68, 0xae48, 0xae88,
0xb6a8, 0xae68, 0xae68, 0xb6a8, 0xb688, 0xae68, 0xb668, 0xb688, 0xb688, 0xae68, 0xae68, 0xae68, 0xae68, 0xb689, 0xae89, 0xae88,
0xae89, 0xb6a9, 0xb6a9, 0xb689, 0xb6a9, 0xb689, 0xb688, 0xb688, 0xbea8, 0xb689, 0xb6a9, 0xb689, 0xb688, 0xb688, 0xb688, 0xae89,
0xb689, 0xb688, 0xb668, 0xb689, 0xb689, 0xb689, 0xb689, 0xbea9, 0xb688, 0xae68, 0xb688, 0xb688, 0xbe88, 0xb668, 0xae48, 0xae48,
0xb668, 0xb668, 0xae68, 0xae48, 0xa648, 0xae68, 0xae68, 0xb668, 0xbe68, 0xb668, 0xae68, 0xb668, 0xb668, 0xa648, 0xae48, 0xb648,
0xa648, 0xa628, 0xb647, 0xb648, 0xa668, 0xae68, 0xb668, 0xae68, 0xa648, 0xa648, 0xb668, 0xbe88, 0xae69, 0xbe89, 0xd6a8, 0xb688,
0xae68, 0xae68, 0xb688, 0xe6c8, 0xeec7, 0xcea7, 0xbe89, 0xb669, 0xce87, 0xf6c5, 0xe6a6, 0xc6a9, 0xae89, 0xbe89, 0xdea7, 0xe6a5,
0xff04, 0xe6c6, 0xb649, 0xf6e6, 0xfee6, 0xde87, 0xf6e7, 0xff07, 0xf6e5, 0xe685, 0xeee6, 0xff06, 0xeec7, 0xd6a8, 0xee85, 0xfea5,
0xfee6, 0xfee6, 0xfee6, 0xfee5, 0xfee5, 0xfec6, 0xf6e6, 0xfee6, 0xfea5, 0xf684, 0xf685, 0xeea7, 0xff07, 0xfee7, 0xf642, 0xee43,
0xde65, 0xe6e8, 0xef08, 0xf6c6, 0xf6c6, 0xfec5, 0xfee6, 0xf6c5, 0xfea5, 0xfea5, 0xfee6, 0xff48, 0xff07, 0xfec5, 0xff07, 0xfee6,
0xfee6, 0xff27, 0xfee6, 0xfec5, 0xfec5, 0xfea5, 0xff29, 0xfee6, 0xf683, 0xfea5, 0xfea5, 0xff09, 0xfee6, 0xfea3, 0xff09, 0xff08,
0xfee6, 0xfee6, 0xf6a4, 0xf6a5, 0xf6e6, 0xf6c5, 0xf685, 0xee23, 0xf6a4, 0xff4a, 0xfec6, 0xf684, 0xf6a4, 0xfee5, 0xff06, 0xf6a5,
0xee43, 0xf663, 0xfea5, 0xf6c6, 0xfee6, 0x7485, 0x2305, 0x1b05, 0x7ca5, 0xf6c5, 0xfea6, 0xde46, 0x4c05, 0x43c6, 0x1ac6, 0x2306,
0xdde5, 0xfe84, 0xf684, 0x7c65, 0x1286, 0x0245, 0x63a4, 0xfe43, 0xee64, 0xf709, 0xff2a, 0xff06, 0xf684, 0xee23, 0xee03, 0xee04,
0xfe84, 0xf663, 0xf642, 0xf685, 0xff2a, 0xede4, 0xdd82, 0xf644, 0xf685, 0xfee8, 0xf665, 0xe582, 0xee03, 0xfee7, 0xfee7, 0xfea4,
0xf683, 0xee64, 0x7446, 0x6c05, 0xde25, 0xf685, 0xfea4, 0x9525, 0x4406, 0x3386, 0x0ac6, 0x3366, 0xee66, 0xfe86, 0xee64, 0x6c05,
0x0a26, 0x6c05, 0xe684, 0xf6a5, 0xff6a, 0xf685, 0xe5c3, 0xede4, 0xe604, 0xeec6, 0xf707, 0xf6c6, 0xede3, 0xe5a3, 0xf683, 0xfee5,
0xff47, 0xfee6, 0xf663, 0xee43, 0xee24, 0xf6a7, 0xfee8, 0xf664, 0xf663, 0xf643, 0xf664, 0xf685, 0xfec5, 0xfee5, 0xf6c5, 0xf6a4,
0xf685, 0xfec5, 0xfec5, 0xe604, 0xe5a3, 0xfec6, 0xff07, 0xede2, 0xe5c2, 0xf685, 0xfea5, 0xfec5, 0xee04, 0xd541, 0xee64, 0xf685,
0xf685, 0xee24, 0xdd41, 0xdd61, 0xe5c2, 0xdd82, 0xd542, 0xd502, 0xd542, 0xddc2, 0xdda2, 0xe5e3, 0xd542, 0xc4a2, 0xc481, 0xc4a1,
0xcce2, 0xd502, 0xcce2, 0xc4c1, 0xbc62, 0xc4c2, 0xede2, 0xc4c2, 0xb483, 0xc4e2, 0xcd22, 0xdd62, 0xc4e3, 0x9c64, 0x7445, 0xb503,
0xd522, 0xac42, 0x93a3, 0x93e3, 0xbd03, 0xbd43, 0x6c86, 0x5c26, 0x94a4, 0xcce2, 0xb4c3, 0x74a7, 0x7c05, 0x9bc3, 0x8c23, 0x7c43,
0x4b85, 0x12a8, 0x3307, 0x3307, 0x2b08, 0x3308, 0x3b28, 0x32c8, 0x9be9, 0xbc2a, 0xb42a, 0xbc6b, 0xd4cc, 0xcccc, 0xc4cc, 0xc4ac,
0xccac, 0xe58c, 0xfe2d, 0xedef, 0xedf0, 0xf651, 0xff2d, 0xe5cb, 0xc4cc, 0xcd0c, 0xbccc, 0xdd69, 0xcd28, 0x83e9, 0x7c08, 0x6c08,
0x95e8, 0x9e28, 0x6c4a, 0x6c4a, 0x6469, 0x9e09, 0xb688, 0xae69, 0xae69, 0xae69, 0xae89, 0xae69, 0xae48, 0xa649, 0xa669, 0xa668,
0xa649, 0xa648, 0xae68, 0xa669, 0xa648, 0xa648, 0xa648, 0xa648, 0xa648, 0xa648, 0xa648, 0xa648, 0xae68, 0xae48, 0xa628, 0x9e08,
0xa628, 0xa628, 0xb648, 0xa648, 0x9e28, 0x9e28, 0x9e28, 0xae47, 0xae47, 0x9e28, 0xa648, 0xae68, 0xa668, 0xa648, 0xa648, 0xa628,
0x9e28, 0x9e28, 0xae48, 0xae48, 0x9e28, 0x9e28, 0x9e28, 0xa648, 0xb668, 0xa649, 0xa648, 0x9e28, 0xae47, 0xae47, 0xa648, 0xa648,
0x9e28, 0xa648, 0xa648, 0xa648, 0xa649, 0x9e28, 0x9e28, 0xa627, 0xa628, 0x9e07, 0x9e28, 0xa628, 0xae48, 0x9e48, 0x9e49, 0x9e49,
0xa628, 0xa628, 0xa628, 0xae48, 0xa648, 0xa648, 0xa649, 0xa628, 0xa628, 0xa629, 0xa628, 0xa649, 0xa648, 0xae27, 0xa628, 0x9e48,
0xae49, 0xb669, 0xa649, 0xa649, 0xae69, 0xae48, 0xae48, 0xa648, 0xa648, 0xa628, 0x9e28, 0x9e28, 0x9e28, 0x9e49, 0xa668, 0xa648,
0xa628, 0xa648, 0xae48, 0xa649, 0xa649, 0xa649, 0xa669, 0x9e28, 0x9e28, 0xa628, 0x9e08, 0x9e28, 0x9e28, 0xa648, 0xa628, 0x9e08,
0x9e08, 0x9e48, 0xae47, 0xa628, 0x9e28, 0x9e28, 0x9e28, 0x9e28, 0x9e28, 0x9e28, 0xa649, 0xae49, 0xa649, 0xa649, 0xa649, 0xa669,
0xa668, 0xa648, 0xae69, 0xa649, 0xa669, 0x9e69, 0xa668, 0xb668, 0xa648, 0xa648, 0x9e48, 0x9e48, 0xa668, 0xa648, 0xa648, 0xa648,

/* -87- */
0xee22, 0xee23, 0xf6a7, 0xf6c7, 0xf6a6, 0xee03, 0xede3, 0xf664, 0xfea4, 0xee23, 0xede3, 0xf623, 0xf644, 0xf6c7, 0xfea6, 0xfea4,
0xf664, 0x5365, 0x22a5, 0x1ac5, 0x5406, 0xde26, 0xfee4, 0x8d25, 0x3c06, 0x2b66, 0x12c7, 0x3346, 0xf6a6, 0xee86, 0x3b86, 0x1ae6,
0x1ae6, 0x0a46, 0x8445, 0xfec4, 0xf6c6, 0xee44, 0xe582, 0xedc2, 0xeec6, 0xef27, 0xe603, 0xe5a2, 0xee03, 0xf684, 0xf684, 0xf643,
0xf664, 0xf6a4, 0xf684, 0xe5c3, 0xdd42, 0xf645, 0xf686, 0xfee7, 0xf6c6, 0xe5a1, 0xe5a2, 0xee24, 0xf665, 0xff07, 0xede3, 0xe582,
0xf664, 0xf664, 0xee23, 0xd542, 0xccc2, 0xe5e3, 0xf685, 0xee23, 0xe5e2, 0xdd62, 0xe603, 0xf664, 0xee44, 0xf664, 0xd521, 0xcce1,
0xcce2, 0xd502, 0xede4, 0xdda3, 0xd501, 0xcce1, 0xcce2, 0xcd02, 0xdd63, 0xee25, 0xcd42, 0xcd22, 0xcd22, 0xcd02, 0xccc2, 0xcce2,
0xd522, 0xcce2, 0xa463, 0xac83, 0xb462, 0xc4c2, 0xe561, 0xbca2, 0xac63, 0xa483, 0xaca3, 0xcce3, 0xbc83, 0xa463, 0x94a4, 0x94a4,
0xb463, 0xa403, 0x83c4, 0x7404, 0x8ca4, 0x9ce4, 0x94e4, 0x5c26, 0x7c65, 0x9c84, 0x8c64, 0x6446, 0x43c6, 0x2ae6, 0x22c7, 0x1ae7,
0x1ac7, 0x5348, 0xac29, 0xa3c9, 0x9ba9, 0xa3c9, 0xb3ea, 0xc44b, 0xc48c, 0xcccd, 0xcccd, 0xe5ae, 0xf690, 0xf650, 0xf671, 0xf670,
0xf6af, 0xff0d, 0xee09, 0xdd8e, 0xd570, 0xd58e, 0xfee7, 0xe628, 0xacaa, 0x8449, 0x740a, 0xbd66, 0xde26, 0x9d89, 0x8d68, 0x8549,
0x95e8, 0xb686, 0xb628, 0xae28, 0xae88, 0xb6a8, 0xbe88, 0xb649, 0xae49, 0xb668, 0xb688, 0xc6a7, 0xe6c6, 0xce67, 0xae48, 0xae68,
0xa648, 0xce46, 0xee85, 0xb627, 0x9e08, 0xa628, 0x9e28, 0xcea8, 0xd687, 0x9e07, 0xa627, 0xb647, 0xe6a5, 0xf6a6, 0xae28, 0x9e08,
0xa608, 0xae47, 0xee85, 0xc626, 0x9e07, 0x9de7, 0x9de7, 0xd688, 0xde88, 0x9e07, 0xa607, 0xa627, 0xa628, 0xce67, 0xde46, 0xae07,
0x9e07, 0x9e07, 0xee66, 0xce46, 0x9607, 0x9e07, 0x9e07, 0xc646, 0xee85, 0xa607, 0x9e28, 0xa627, 0xae27, 0xc646, 0xae26, 0x9e07,
0x9e27, 0xc666, 0xf6a6, 0xbe47, 0x9607, 0x9e07, 0x9e07, 0xe6a6, 0xd667, 0x95c7, 0x95e7, 0xb627, 0xf6a6, 0xce67, 0x95e8, 0x9de8,
0xae07, 0xbe47, 0xb648, 0xd686, 0xd686, 0xa628, 0x9e28, 0xa628, 0xb627, 0xae27, 0xa628, 0x9e28, 0xae48, 0xf686, 0xb606, 0x9e07,
0xa628, 0xae48, 0xa628, 0xa648, 0xae48, 0xb647, 0xce66, 0xb627, 0x9e07, 0x9e08, 0x9e08, 0x9e08, 0x9e08, 0xa628, 0xf6c6, 0xce67,
0xae27, 0xbe26, 0xbe06, 0xa608, 0x9e08, 0xa628, 0xa628, 0x9e28, 0xae27, 0xeea6, 0xbe47, 0x8de7, 0xa628, 0xe667, 0xbe07, 0x9e07,
0x9607, 0x9e27, 0xde65, 0xc626, 0xa627, 0xae48, 0xae28, 0xa607, 0x9e08, 0x9e28, 0xbe67, 0xe688, 0xa629, 0x9609, 0x9e28, 0xa648,
0xdea7, 0xde86, 0x9e08, 0xce87, 0xd6a8, 0x9e49, 0xbe88, 0xfee7, 0xce46, 0x9e07, 0x9e08, 0xae48, 0xeec7, 0xb627, 0x9607, 0xa607,
0xd625, 0xe665, 0xa607, 0x95e8, 0x9608, 0xbe47, 0xeea5, 0xae08, 0x95e8, 0x9e08, 0x9e08, 0xc626, 0xeea5, 0xdea7, 0xa5e8, 0x9de8,
0x9e08, 0xa628, 0xf6c6, 0xce47, 0x9e08, 0x9e28, 0xa648, 0xde88, 0xe687, 0x9e27, 0x9e28, 0xd666, 0xe686, 0xeee9, 0xc648, 0xa628,
0xae68, 0xdea7, 0xee66, 0xd626, 0x9647, 0xa668, 0xd6a7, 0xd6a7, 0xce87, 0xb667, 0xae68, 0xae48, 0xae47, 0xbe67, 0xc687, 0xb668,
0xb648, 0xae28, 0xb649, 0xd6a6, 0xde85, 0xada7, 0x9d06, 0xc5e6, 0xe685, 0x5b86, 0x2ac7, 0x0a27, 0x42e5, 0xc583, 0xeea4, 0x6c06,
0x0a28, 0x1248, 0xb545, 0xe643, 0x8445, 0x01a7, 0x7c26, 0xe625, 0xb4e6, 0x11c5, 0x0186, 0x6bc7, 0xc4e6, 0x5ac5, 0x6b26, 0x8367,
0x9ba7, 0xaba7, 0x9b67, 0x8b47, 0x8328, 0x9b88, 0xa388, 0xab88, 0xb3c9, 0xa3a9, 0x9c09, 0x9489, 0x84e9, 0x8549, 0x7d08, 0x7d08,
0x8527, 0x7d08, 0x7d08, 0x7d28, 0x8548, 0x8568, 0x8da8, 0x95a8, 0x95c9, 0x95c8, 0x9dc8, 0x9de8, 0xa5e8, 0x9dc8, 0x95c8, 0x95e8,
0x95e7, 0x95c7, 0x95c8, 0x95c8, 0x95a7, 0x95c8, 0x9e08, 0xa628, 0xa628, 0xa628, 0xae48, 0xa648, 0xae48, 0xae48, 0xae48, 0xae68,
0xa648, 0xa648, 0xae48, 0xae48, 0xae48, 0xa648, 0xa648, 0xae48, 0xae48, 0xae48, 0xae47, 0xa648, 0xa648, 0xa648, 0x9e28, 0x9e08,
0xa629, 0xae69, 0xae49, 0xae69, 0xae68, 0xae68, 0xae68, 0xae68, 0xae68, 0xae88, 0xae68, 0xa668, 0xae69, 0xae69, 0xae69, 0xae69,
0xae69, 0xb689, 0xae69, 0xae89, 0xae88, 0xae68, 0xae68, 0xa648, 0xa648, 0xa668, 0xa648, 0xa668, 0xae68, 0xb668, 0xb689, 0xae69,
0xae68, 0xae68, 0xb688, 0xae89, 0xa669, 0xa648, 0xa648, 0xa648, 0xae48, 0xae68, 0xae68, 0xae68, 0xa648, 0xae48, 0xae68, 0xae68,
0xa668, 0xae68, 0xb688, 0xb688, 0xae68, 0xae48, 0xae68, 0xb688, 0xae68, 0xa648, 0x9e28, 0xa648, 0xa648, 0xae69, 0xa668, 0xa648,
0xa648, 0xae89, 0xb6a9, 0xb689, 0xae69, 0xae68, 0xae68, 0xb688, 0xb688, 0xae69, 0xae89, 0xae89, 0xae89, 0xae68, 0xae68, 0xae69,
0xae69, 0xae49, 0xa669, 0xae69, 0xae69, 0xae69, 0xae69, 0xae69, 0xae68, 0xae48, 0xb648, 0xb647, 0xb648, 0xae48, 0xae48, 0xae48,
0xc667, 0xb647, 0xa628, 0xa628, 0xa628, 0xa648, 0xa648, 0xbe68, 0xf6a6, 0xe685, 0xc647, 0xbe67, 0xae48, 0xa628, 0xf6e7, 0xf6c6,
0xb627, 0x9e28, 0xde86, 0xd666, 0xae68, 0xbea9, 0xf6e9, 0xd689, 0xb669, 0x9607, 0xce87, 0xff08, 0xdeca, 0xd6ac, 0xae48, 0xb688,
0xeec6, 0xd666, 0xeee7, 0xef2a, 0xe70a, 0xef08, 0xef08, 0xf6c6, 0xe6a6, 0xd645, 0xf6c6, 0xfee8, 0xe6a8, 0xd687, 0xf6c5, 0xfec5,
0xf6a5, 0xeea6, 0xdea8, 0xf707, 0xff06, 0xff07, 0xfea5, 0xf664, 0xf6c5, 0xff48, 0xf6e5, 0xfee5, 0xf6c5, 0xf6a5, 0xff07, 0xfee6,
0xfec5, 0xfec6, 0xfec6, 0xee44, 0xf664, 0xfec5, 0xf6e6, 0xf6e6, 0xf684, 0xf663, 0xee64, 0xe686, 0xf6c6, 0xf6a5, 0xfe83, 0xf663,
0xe684, 0xeec6, 0xf728, 0xf6c5, 0xfe84, 0xfe84, 0xfec5, 0xff08, 0xfee7, 0xf664, 0xf6a5, 0xff49, 0xff07, 0xfee6, 0xf684, 0xfea4,
0xff07, 0xff07, 0xff06, 0xfee6, 0xfec4, 0xf6e8, 0xf6e7, 0xf684, 0xfea5, 0xfec5, 0xfee6, 0xfec6, 0xfec5, 0xfee6, 0xfe84, 0xf6a5,
0xfea4, 0xee64, 0xf6a5, 0xff06, 0xf6e7, 0xf685, 0xee24, 0xf687, 0xf6e8, 0xff2a, 0xf6a5, 0xee23, 0xf6a5, 0xff07, 0xf664, 0xee23,
0xee24, 0xf622, 0xf6c8, 0xfee6, 0xe604, 0x3b65, 0x2b45, 0x3365, 0x3385, 0x5406, 0xfee6, 0xde66, 0x3bc5, 0x3bc6, 0x12a6, 0x1b06,
0xde06, 0xfee6, 0x5447, 0x2347, 0x2327, 0x12c6, 0x6405, 0xf643, 0xee23, 0xf70b, 0xf70a, 0xfec5, 0xee23, 0xee02, 0xee03, 0xee65,
0xee22, 0xee23, 0xf6a7, 0xf6c7, 0xf6a6, 0xee03, 0xede3, 0xf664, 0xfea4, 0xee23, 0xede3, 0xf623, 0xf644, 0xf6c7, 0xfea6, 0xfea4,
0xf664, 0x5365, 0x22a5, 0x1ac5, 0x5406, 0xde26, 0xfee4, 0x8d25, 0x3c06, 0x2b66, 0x12c7, 0x3346, 0xf6a6, 0xee86, 0x3b86, 0x1ae6,
0x1ae6, 0x0a46, 0x8445, 0xfec4, 0xf6c6, 0xee44, 0xe582, 0xedc2, 0xeec6, 0xef27, 0xe603, 0xe5a2, 0xee03, 0xf684, 0xf684, 0xf643,
0xf664, 0xf6a4, 0xf684, 0xe5c3, 0xdd42, 0xf645, 0xf686, 0xfee7, 0xf6c6, 0xe5a1, 0xe5a2, 0xee24, 0xf665, 0xff07, 0xede3, 0xe582,
0xf664, 0xf664, 0xee23, 0xd542, 0xccc2, 0xe5e3, 0xf685, 0xee23, 0xe5e2, 0xdd62, 0xe603, 0xf664, 0xee44, 0xf664, 0xd521, 0xcce1,
0xcce2, 0xd502, 0xede4, 0xdda3, 0xd501, 0xcce1, 0xcce2, 0xcd02, 0xdd63, 0xee25, 0xcd42, 0xcd22, 0xcd22, 0xcd02, 0xccc2, 0xcce2,
0xd522, 0xcce2, 0xa463, 0xac83, 0xb462, 0xc4c2, 0xe561, 0xbca2, 0xac63, 0xa483, 0xaca3, 0xcce3, 0xbc83, 0xa463, 0x94a4, 0x94a4,
0xb463, 0xa403, 0x83c4, 0x7404, 0x8ca4, 0x9ce4, 0x94e4, 0x5c26, 0x7c65, 0x9c84, 0x8c64, 0x6446, 0x43c6, 0x2ae6, 0x22c7, 0x1ae7,
0x1ac7, 0x5348, 0xac29, 0xa3c9, 0x9ba9, 0xa3c9, 0xb3ea, 0xc44b, 0xc48c, 0xcccd, 0xcccd, 0xe5ae, 0xf690, 0xf650, 0xf671, 0xf670,
0xf6af, 0xff0d, 0xee09, 0xdd8e, 0xd570, 0xd58e, 0xfee7, 0xe628, 0xacaa, 0x8449, 0x740a, 0xbd66, 0xde26, 0x9d89, 0x8d68, 0x8549,
0x95e8, 0xb686, 0xb628, 0xae28, 0xae88, 0xb6a8, 0xbe88, 0xb649, 0xae49, 0xb668, 0xb688, 0xc6a7, 0xe6c6, 0xce67, 0xae48, 0xae68,
0xa648, 0xce46, 0xee85, 0xb627, 0x9e08, 0xa628, 0x9e28, 0xcea8, 0xd687, 0x9e07, 0xa627, 0xb647, 0xe6a5, 0xf6a6, 0xae28, 0x9e08,
0xa608, 0xae47, 0xee85, 0xc626, 0x9e07, 0x9de7, 0x9de7, 0xd688, 0xde88, 0x9e07, 0xa607, 0xa627, 0xa628, 0xce67, 0xde46, 0xae07,
0x9e07, 0x9e07, 0xee66, 0xce46, 0x9607, 0x9e07, 0x9e07, 0xc646, 0xee85, 0xa607, 0x9e28, 0xa627, 0xae27, 0xc646, 0xae26, 0x9e07,
0x9e27, 0xc666, 0xf6a6, 0xbe47, 0x9607, 0x9e07, 0x9e07, 0xe6a6, 0xd667, 0x95c7, 0x95e7, 0xb627, 0xf6a6, 0xce67, 0x95e8, 0x9de8,
0xae07, 0xbe47, 0xb648, 0xd686, 0xd686, 0xa628, 0x9e28, 0xa628, 0xb627, 0xae27, 0xa628, 0x9e28, 0xae48, 0xf686, 0xb606, 0x9e07,
0xa628, 0xae48, 0xa628, 0xa648, 0xae48, 0xb647, 0xce66, 0xb627, 0x9e07, 0x9e08, 0x9e08, 0x9e08, 0x9e08, 0xa628, 0xf6c6, 0xce67,
0xae27, 0xbe26, 0xbe06, 0xa608, 0x9e08, 0xa628, 0xa628, 0x9e28, 0xae27, 0xeea6, 0xbe47, 0x8de7, 0xa628, 0xe667, 0xbe07, 0x9e07,
0x9607, 0x9e27, 0xde65, 0xc626, 0xa627, 0xae48, 0xae28, 0xa607, 0x9e08, 0x9e28, 0xbe67, 0xe688, 0xa629, 0x9609, 0x9e28, 0xa648,
0xdea7, 0xde86, 0x9e08, 0xce87, 0xd6a8, 0x9e49, 0xbe88, 0xfee7, 0xce46, 0x9e07, 0x9e08, 0xae48, 0xeec7, 0xb627, 0x9607, 0xa607,

/* -88- */
0xe5c1, 0xee03, 0xfeea, 0xee66, 0xe5a1, 0xede2, 0xee03, 0xe5e3, 0xdde3, 0xddc3, 0xdda2, 0xe582, 0xee04, 0xf6e9, 0xede3, 0xee23,
0xfea5, 0x4b86, 0x12c5, 0x2326, 0x2346, 0x6447, 0xee44, 0xe603, 0xa504, 0x1ac6, 0x0a67, 0x6c05, 0xe6a5, 0x6466, 0x2326, 0x1ae6,
0x1ac6, 0x0246, 0x9485, 0xfea3, 0xf684, 0xe5a3, 0xe542, 0xf685, 0xdde3, 0xdde3, 0xe5c3, 0xdd62, 0xee23, 0xfec5, 0xe5c2, 0xdd62,
0xdd23, 0xdda3, 0xfee6, 0xf665, 0xe5a3, 0xdd23, 0xe584, 0xfee8, 0xf6c7, 0xe561, 0xdd21, 0xdd41, 0xee44, 0xff28, 0xd542, 0xccc1,
0xdd62, 0xdd82, 0xee03, 0xdd42, 0xccc1, 0xdd22, 0xdd22, 0xee03, 0xee23, 0xd541, 0xcce2, 0xc4a2, 0xdd83, 0xf685, 0xccc1, 0xbc41,
0xb421, 0xc481, 0xf624, 0xd522, 0xbc61, 0xbc81, 0xbc82, 0xbc82, 0xc4c2, 0xd563, 0xcd42, 0xbc83, 0xb463, 0xb483, 0xcd02, 0xc4c2,
0xbca2, 0xc4a2, 0xa483, 0xa4a3, 0xb4a2, 0xa442, 0xb462, 0xb462, 0xb462, 0x9c83, 0x7425, 0x7c05, 0xac23, 0xac23, 0x7425, 0x6405,
0xbc62, 0xac23, 0x7be5, 0x4ba6, 0x6c87, 0x8ca5, 0x7c45, 0x3b66, 0x1b06, 0x2346, 0x2366, 0x1367, 0x2ba7, 0x9c29, 0xa40a, 0xa40a,
0x9c0b, 0xac2b, 0xc46b, 0xc46a, 0xc48a, 0xc44a, 0xd4eb, 0xdd8d, 0xedcf, 0xfecd, 0xff0d, 0xff2d, 0xfe8b, 0xfe6e, 0xde30, 0xe62d,
0xfec8, 0xff08, 0xfea6, 0xc5c9, 0xa50c, 0xad2a, 0xe685, 0xff05, 0xc5c7, 0x6ca8, 0xb5e7, 0xde04, 0xf6a5, 0xe667, 0xce26, 0xb5e6,
0x9e07, 0xc645, 0xf664, 0xf685, 0xef27, 0xc687, 0xbe87, 0xae28, 0xb648, 0xf6e5, 0xdea5, 0xc666, 0xce66, 0xa5e8, 0xde85, 0xe6a4,
0xa627, 0xc626, 0xde25, 0xe6a7, 0xe6c7, 0xade6, 0xa607, 0xd6a8, 0xf6e6, 0xde65, 0xae06, 0xb646, 0xf6c4, 0xfec6, 0xb628, 0xa608,
0xce66, 0xce65, 0xf6a4, 0xce45, 0x9dc7, 0xbe05, 0xbe06, 0xc689, 0xeec7, 0xe664, 0xde44, 0xd625, 0xce47, 0xe6a7, 0xee65, 0xce25,
0x9dc7, 0x9de6, 0xee86, 0xf6a6, 0xde66, 0xa5e6, 0xade6, 0xe664, 0xfe84, 0xee65, 0xbe26, 0x95e7, 0xae27, 0xee86, 0xf686, 0xde66,
0x95e6, 0xa626, 0xee86, 0xeea6, 0xde85, 0x9dc6, 0xa5c6, 0xeec6, 0xeec7, 0x9dc6, 0xa5e6, 0xd666, 0xff06, 0xce67, 0x95c8, 0xa5e7,
0xe685, 0xbe27, 0x8da8, 0xc646, 0xf6c4, 0xce25, 0xce46, 0x9de8, 0xae08, 0xeec6, 0xbe26, 0xc646, 0xc687, 0xf6c7, 0xf6a6, 0xc626,
0x8dc7, 0x9e08, 0xdea7, 0xee85, 0xf684, 0xb626, 0xa627, 0xde65, 0xee65, 0xe666, 0xbe06, 0xd625, 0xe6c7, 0xdec8, 0xd625, 0xb606,
0xce46, 0xe665, 0xee85, 0xde45, 0xc626, 0x9de8, 0xbe68, 0xe6a7, 0xee85, 0xfec5, 0xc646, 0x95c7, 0xbe47, 0xf6a5, 0xfea5, 0xc646,
0x9606, 0xc666, 0xfec5, 0xee64, 0xde45, 0xb627, 0xb627, 0xe646, 0xc606, 0xb606, 0xe686, 0xfec7, 0xc648, 0x95c9, 0xa5e7, 0xde86,
0xff06, 0xd666, 0x85a7, 0xd686, 0xeea6, 0xae27, 0xbe47, 0xff07, 0xe686, 0xc625, 0xae06, 0xa627, 0xf6e7, 0xe6a6, 0xe6a6, 0xde66,
0xde04, 0xf684, 0xee86, 0xce46, 0xc667, 0xe6a6, 0xf6c6, 0xce88, 0xbe48, 0xb627, 0xbe27, 0xe644, 0xe686, 0xdeeb, 0xe6c5, 0xd665,
0x9dc7, 0xa607, 0xf6c6, 0xee86, 0xde66, 0xde46, 0xb648, 0xd6a8, 0xf6c7, 0xe6c7, 0xc647, 0xe644, 0xf685, 0xf6c7, 0xf6a5, 0xc646,
0xa607, 0xe6a7, 0xfec6, 0xee86, 0xb667, 0xc687, 0xde66, 0xd687, 0xf6e7, 0xe6c8, 0xc688, 0xae68, 0xd6a7, 0xf6e6, 0xd6a7, 0xd686,
0xdec6, 0xe6e6, 0xcea9, 0xcea8, 0xe6c5, 0xeea5, 0xf6a5, 0xdea7, 0xbe48, 0xbe68, 0xb607, 0xbdc6, 0x9cc4, 0x6b84, 0xe664, 0xf6c5,
0x2ae8, 0x01e8, 0xbd65, 0xff04, 0xd646, 0x0a47, 0x0a06, 0xd5a5, 0xee26, 0x11c5, 0x11c6, 0xcde6, 0xfe85, 0xb446, 0x7ba7, 0xa488,
0xd548, 0xc447, 0xd4c8, 0xac89, 0x842a, 0xbd4a, 0xbd29, 0xbd29, 0xb509, 0xa54a, 0x9daa, 0x9de9, 0x95e9, 0x8de8, 0x9e08, 0x9e08,
0x9e08, 0x9e28, 0xa668, 0xae68, 0xa668, 0xa669, 0xae88, 0xae68, 0xa668, 0xa668, 0xa648, 0xae68, 0xae68, 0xae68, 0xa647, 0xa647,
0xae48, 0xae68, 0xb688, 0xb688, 0xae88, 0xae68, 0xae68, 0xae68, 0xae68, 0xae68, 0xae68, 0xae68, 0xae68, 0xae68, 0xae68, 0xae68,
0xae68, 0xae68, 0xae68, 0xae68, 0xae68, 0xae88, 0xae88, 0xae68, 0xae88, 0xae88, 0xae88, 0xae68, 0xae88, 0xb688, 0x5c67, 0x3bc7,
0x7508, 0xae68, 0xa648, 0xae68, 0xae68, 0xae68, 0xae68, 0xae68, 0xa668, 0xae68, 0xae68, 0xa668, 0xa648, 0xae68, 0xae68, 0xae68,
0xae89, 0xae68, 0xae68, 0xae88, 0xae68, 0xb689, 0xb668, 0xa648, 0xa668, 0xae88, 0xae89, 0xa669, 0xae69, 0xae69, 0xae69, 0xa669,
0xa668, 0xae68, 0xae69, 0xa669, 0xa669, 0xa668, 0xae69, 0xa649, 0xa649, 0xa649, 0xa649, 0xa649, 0xa649, 0xa648, 0xa648, 0xa648,
0xa648, 0xa648, 0xa669, 0xa649, 0xa648, 0xa648, 0xa648, 0x9e28, 0x9e28, 0x9e28, 0x9e28, 0x9e28, 0x9e28, 0x9e48, 0x9e48, 0x9e28,
0x9e28, 0xa629, 0xa649, 0xa648, 0xa648, 0x9e28, 0x9e08, 0xae48, 0xae68, 0xa648, 0xa648, 0xa668, 0xae68, 0xa668, 0x9e48, 0xa648,
0xae48, 0xb669, 0xae89, 0xbe68, 0xbe68, 0xa669, 0xae69, 0xa669, 0xbe67, 0xd686, 0xb667, 0xbe67, 0xbe67, 0xae48, 0xa648, 0xcea7,
0xfec5, 0xce67, 0x9608, 0xd646, 0xd646, 0xa627, 0x9e28, 0xbe68, 0xe6a6, 0xf6a5, 0xde86, 0xae27, 0x9e08, 0x9de8, 0xeee7, 0xfee6,
0xc646, 0x9607, 0xce66, 0xeea6, 0xe707, 0xeee7, 0xeec7, 0xcea9, 0xde66, 0xde44, 0xee85, 0xfea5, 0xb668, 0xb66b, 0xe685, 0xe6a4,
0xfec4, 0xfec5, 0xee63, 0xe6e9, 0xe72c, 0xf6a4, 0xfe84, 0xfec6, 0xef07, 0xdea6, 0xee86, 0xfec7, 0xfea6, 0xfec5, 0xff05, 0xf685,
0xf664, 0xf6a6, 0xf74b, 0xfec6, 0xf664, 0xf685, 0xfea5, 0xfee7, 0xf6e6, 0xf6a4, 0xf603, 0xf603, 0xfee6, 0xfee6, 0xfea5, 0xfea4,
0xff07, 0xfec6, 0xee24, 0xf684, 0xf6a4, 0xee84, 0xeea5, 0xf684, 0xf684, 0xf6c6, 0xe665, 0xde87, 0xe665, 0xee44, 0xff27, 0xeea5,
0xde45, 0xe686, 0xf707, 0xf6c6, 0xf664, 0xfe84, 0xfec5, 0xfec5, 0xfec5, 0xfec6, 0xfee6, 0xfee6, 0xfec6, 0xf685, 0xd562, 0xe604,
0xf72b, 0xf6e8, 0xf6c5, 0xf644, 0xedc1, 0xf6e9, 0xf6e9, 0xfea6, 0xf685, 0xee03, 0xf664, 0xff08, 0xf6e6, 0xf707, 0xf603, 0xddc3,
0xde25, 0xde85, 0xeea5, 0xf6c6, 0xf707, 0xee04, 0xe5c4, 0xf689, 0xf6c9, 0xf6c6, 0xee64, 0xee23, 0xfee5, 0xff25, 0xf643, 0xe5c3,
0xe5c3, 0xf643, 0xfec6, 0xfea5, 0xee02, 0x3325, 0x2305, 0x3365, 0x3386, 0x33a6, 0x8d06, 0xfee5, 0x74c5, 0x33a6, 0x0246, 0x6406,
0xd647, 0x5c67, 0x2b87, 0x2347, 0x2307, 0x0a86, 0x63e5, 0xfe43, 0xf603, 0xfee6, 0xf686, 0xd562, 0xee03, 0xf644, 0xe5a2, 0xe5a2,
0xe5c1, 0xee03, 0xfeea, 0xee66, 0xe5a1, 0xede2, 0xee03, 0xe5e3, 0xdde3, 0xddc3, 0xdda2, 0xe582, 0xee04, 0xf6e9, 0xede3, 0xee23,
0xfea5, 0x4b86, 0x12c5, 0x2326, 0x2346, 0x6447, 0xee44, 0xe603, 0xa504, 0x1ac6, 0x0a67, 0x6c05, 0xe6a5, 0x6466, 0x2326, 0x1ae6,
0x1ac6, 0x0246, 0x9485, 0xfea3, 0xf684, 0xe5a3, 0xe542, 0xf685, 0xdde3, 0xdde3, 0xe5c3, 0xdd62, 0xee23, 0xfec5, 0xe5c2, 0xdd62,
0xdd23, 0xdda3, 0xfee6, 0xf665, 0xe5a3, 0xdd23, 0xe584, 0xfee8, 0xf6c7, 0xe561, 0xdd21, 0xdd41, 0xee44, 0xff28, 0xd542, 0xccc1,
0xdd62, 0xdd82, 0xee03, 0xdd42, 0xccc1, 0xdd22, 0xdd22, 0xee03, 0xee23, 0xd541, 0xcce2, 0xc4a2, 0xdd83, 0xf685, 0xccc1, 0xbc41,
0xb421, 0xc481, 0xf624, 0xd522, 0xbc61, 0xbc81, 0xbc82, 0xbc82, 0xc4c2, 0xd563, 0xcd42, 0xbc83, 0xb463, 0xb483, 0xcd02, 0xc4c2,
0xbca2, 0xc4a2, 0xa483, 0xa4a3, 0xb4a2, 0xa442, 0xb462, 0xb462, 0xb462, 0x9c83, 0x7425, 0x7c05, 0xac23, 0xac23, 0x7425, 0x6405,
0xbc62, 0xac23, 0x7be5, 0x4ba6, 0x6c87, 0x8ca5, 0x7c45, 0x3b66, 0x1b06, 0x2346, 0x2366, 0x1367, 0x2ba7, 0x9c29, 0xa40a, 0xa40a,
0x9c0b, 0xac2b, 0xc46b, 0xc46a, 0xc48a, 0xc44a, 0xd4eb, 0xdd8d, 0xedcf, 0xfecd, 0xff0d, 0xff2d, 0xfe8b, 0xfe6e, 0xde30, 0xe62d,
0xfec8, 0xff08, 0xfea6, 0xc5c9, 0xa50c, 0xad2a, 0xe685, 0xff05, 0xc5c7, 0x6ca8, 0xb5e7, 0xde04, 0xf6a5, 0xe667, 0xce26, 0xb5e6,
0x9e07, 0xc645, 0xf664, 0xf685, 0xef27, 0xc687, 0xbe87, 0xae28, 0xb648, 0xf6e5, 0xdea5, 0xc666, 0xce66, 0xa5e8, 0xde85, 0xe6a4,
0xa627, 0xc626, 0xde25, 0xe6a7, 0xe6c7, 0xade6, 0xa607, 0xd6a8, 0xf6e6, 0xde65, 0xae06, 0xb646, 0xf6c4, 0xfec6, 0xb628, 0xa608,
0xce66, 0xce65, 0xf6a4, 0xce45, 0x9dc7, 0xbe05, 0xbe06, 0xc689, 0xeec7, 0xe664, 0xde44, 0xd625, 0xce47, 0xe6a7, 0xee65, 0xce25,
0x9dc7, 0x9de6, 0xee86, 0xf6a6, 0xde66, 0xa5e6, 0xade6, 0xe664, 0xfe84, 0xee65, 0xbe26, 0x95e7, 0xae27, 0xee86, 0xf686, 0xde66,
0x95e6, 0xa626, 0xee86, 0xeea6, 0xde85, 0x9dc6, 0xa5c6, 0xeec6, 0xeec7, 0x9dc6, 0xa5e6, 0xd666, 0xff06, 0xce67, 0x95c8, 0xa5e7,
0xe685, 0xbe27, 0x8da8, 0xc646, 0xf6c4, 0xce25, 0xce46, 0x9de8, 0xae08, 0xeec6, 0xbe26, 0xc646, 0xc687, 0xf6c7, 0xf6a6, 0xc626,
0x8dc7, 0x9e08, 0xdea7, 0xee85, 0xf684, 0xb626, 0xa627, 0xde65, 0xee65, 0xe666, 0xbe06, 0xd625, 0xe6c7, 0xdec8, 0xd625, 0xb606,
0xce46, 0xe665, 0xee85, 0xde45, 0xc626, 0x9de8, 0xbe68, 0xe6a7, 0xee85, 0xfec5, 0xc646, 0x95c7, 0xbe47, 0xf6a5, 0xfea5, 0xc646,
0x9606, 0xc666, 0xfec5, 0xee64, 0xde45, 0xb627, 0xb627, 0xe646, 0xc606, 0xb606, 0xe686, 0xfec7, 0xc648, 0x95c9, 0xa5e7, 0xde86,
0xff06, 0xd666, 0x85a7, 0xd686, 0xeea6, 0xae27, 0xbe47, 0xff07, 0xe686, 0xc625, 0xae06, 0xa627, 0xf6e7, 0xe6a6, 0xe6a6, 0xde66,

/* -89- */
0xe5a1, 0xe5c2, 0xf6a8, 0xf686, 0xede2, 0xdda2, 0xedc2, 0x94c5, 0x5c46, 0xc585, 0xeda3, 0xdd82, 0xe5c3, 0xee26, 0xee03, 0xf623,
0xfe64, 0x7c25, 0x4385, 0x2b25, 0x1ae5, 0x2ae6, 0x7c65, 0xee02, 0xcd42, 0x1246, 0x0206, 0x8445, 0xb5a4, 0x2b86, 0x2306, 0x1ae7,
0x22e6, 0x32e5, 0xacc5, 0xfe63, 0xf664, 0xe583, 0xe582, 0xf665, 0xe5e4, 0xdde3, 0xe5e3, 0xe5a2, 0xede3, 0xee44, 0xe5c1, 0xdd42,
0xccc3, 0xd503, 0xf664, 0xf664, 0xf623, 0xd4c2, 0xccc2, 0xee05, 0xee24, 0xe5a1, 0xd522, 0xd541, 0xe5c3, 0xee45, 0xdd22, 0xd502,
0xd522, 0xd522, 0xd543, 0xdd62, 0xe5a3, 0xdd62, 0xccc2, 0xe582, 0xe5e2, 0xdd81, 0xc482, 0xbc22, 0xcce3, 0xe5e4, 0xccc1, 0xbc61,
0xb421, 0xbc62, 0xe5a3, 0xc4e2, 0xb461, 0xb482, 0xb482, 0xb462, 0xb462, 0xbce2, 0xbce2, 0xb463, 0xac43, 0xac43, 0xb4c3, 0xbc83,
0xbc62, 0xbc62, 0xa463, 0x8ca4, 0x9483, 0x9c43, 0xac42, 0xac42, 0xa443, 0x8464, 0x53e6, 0x4b86, 0x9bc3, 0xb403, 0x4bc6, 0x3ba7,
0x9424, 0x8c05, 0x63c6, 0x4387, 0x43a7, 0x5ba6, 0x4346, 0x5327, 0x6327, 0x5b08, 0x5b28, 0x5b69, 0x73ea, 0xccab, 0xd4ac, 0xcc8b,
0xccac, 0xccac, 0xc48c, 0xe58c, 0xfeec, 0xfe8c, 0xfecc, 0xf650, 0xf62f, 0xfee9, 0xfee8, 0xff09, 0xfec9, 0xf66a, 0xb5cd, 0x9d6b,
0xf6a6, 0xff07, 0xf6e6, 0xc607, 0x84e8, 0xb586, 0xf6a4, 0xfec4, 0xee86, 0xa5e9, 0xd687, 0xfee5, 0xf6a5, 0xee45, 0xeea6, 0xde87,
0xae27, 0xbe46, 0xf663, 0xf684, 0xf726, 0xe6c6, 0xd6a7, 0xbe68, 0xc668, 0xf6a5, 0xeee5, 0xe6c6, 0xdea7, 0xb649, 0xd665, 0xe683,
0xce46, 0xd646, 0xe665, 0xeea6, 0xf6c6, 0xce46, 0xb607, 0xb648, 0xd686, 0xf6a5, 0xd645, 0xd685, 0xf6c4, 0xf6c6, 0xc648, 0xbe49,
0xeea6, 0xde65, 0xde85, 0xd666, 0xc647, 0xd645, 0xce25, 0xd6a9, 0xeec8, 0xd664, 0xee84, 0xfe84, 0xde66, 0xbe68, 0xe645, 0xe644,
0xc605, 0xbe06, 0xf6a7, 0xeea7, 0xde66, 0xc606, 0xadc6, 0xd645, 0xfea4, 0xe645, 0xc605, 0xa5c6, 0xa606, 0xf6c7, 0xf685, 0xde45,
0xb625, 0xb626, 0xe6a6, 0xee85, 0xe644, 0xbde5, 0xade6, 0xde86, 0xf6e7, 0xc646, 0xc626, 0xd665, 0xff06, 0xde87, 0xae08, 0xce66,
0xf6a5, 0xc647, 0xae07, 0xd666, 0xf6a4, 0xe664, 0xc626, 0x9de8, 0xbe48, 0xfee6, 0xde65, 0xbe26, 0xb668, 0xf6e7, 0xfea5, 0xe665,
0x95e7, 0x95e8, 0xeec6, 0xee84, 0xee64, 0xce45, 0xbe66, 0xf6a5, 0xee85, 0xc626, 0xbdc5, 0xc5a4, 0xe6c7, 0xff28, 0xde65, 0xce46,
0xc626, 0xce26, 0xf6e6, 0xf685, 0xde45, 0xbe27, 0xa608, 0xde86, 0xfea5, 0xfec5, 0xce45, 0x8d86, 0xc627, 0xfec5, 0xf6a5, 0xde66,
0xae26, 0xb626, 0xf6c6, 0xf685, 0xf684, 0xd687, 0xc648, 0xce47, 0xd646, 0xd646, 0xeea6, 0xfee7, 0xde88, 0xbe28, 0xd666, 0xde65,
0xeea7, 0xde87, 0xb626, 0xce45, 0xe685, 0xd666, 0xd667, 0xfee7, 0xe665, 0xc605, 0xd625, 0xb627, 0xeec6, 0xfec6, 0xde86, 0xe665,
0xe624, 0xee65, 0xff06, 0xdea7, 0xce87, 0xeee7, 0xfee6, 0xd6a8, 0xb649, 0xce67, 0xde86, 0xf6a4, 0xeec6, 0xdeeb, 0xe684, 0xe664,
0xc627, 0xbe27, 0xd667, 0xeea6, 0xfea5, 0xee65, 0xbe48, 0xd6a8, 0xf6c7, 0xde87, 0xe666, 0xf664, 0xf685, 0xf6c6, 0xe685, 0xce26,
0xc626, 0xc646, 0xe6a7, 0xfec7, 0xe666, 0xee85, 0xd666, 0xcea8, 0xfec7, 0xf6a6, 0xe6a7, 0xbe68, 0xc668, 0xdea7, 0xde87, 0xeea6,
0xf6c6, 0xe6e6, 0xd6a8, 0xd687, 0xf6c5, 0xf685, 0xfea5, 0xeea6, 0xc6a8, 0xc6c8, 0xdee8, 0xf6e6, 0xe666, 0xa526, 0xe6a6, 0xff26,
0x6c07, 0x4b47, 0xde25, 0xee84, 0xce25, 0x7446, 0x6be6, 0xddc4, 0xee45, 0x4b45, 0x4b45, 0xe685, 0xeea4, 0xad48, 0x6c29, 0x9d09,
0xfee9, 0xe648, 0xc5ca, 0x850a, 0x5c6a, 0x95a9, 0xb668, 0xb647, 0xb607, 0x9e29, 0x9629, 0x85c8, 0x85a8, 0x85a8, 0x9e28, 0xa669,
0xae89, 0xae69, 0xb6a9, 0xbec9, 0xb6a9, 0xbec9, 0xbec8, 0xbea8, 0xbea8, 0xc6c8, 0xbea8, 0xb688, 0xbea8, 0xc6c9, 0xb688, 0xb688,
0xb688, 0xbe88, 0xb688, 0xb688, 0xb6a8, 0xb688, 0xae88, 0xae68, 0xae68, 0xae68, 0xae68, 0xae68, 0xae68, 0xae68, 0xae68, 0xae68,
0xae68, 0xae68, 0xae68, 0xae68, 0xae68, 0xae68, 0xae68, 0xae68, 0xae68, 0xb688, 0xb688, 0xb688, 0x95c8, 0x8587, 0x4c07, 0x2b67,
0x6ce8, 0xae68, 0xa628, 0xa628, 0xa628, 0xa628, 0xae68, 0xae68, 0xa668, 0xa668, 0xa668, 0xa668, 0xa668, 0xae68, 0xae68, 0xae68,
0xae68, 0xae89, 0xae88, 0xae68, 0xa669, 0xb689, 0xb688, 0xae68, 0xae88, 0xb689, 0xae89, 0xae69, 0xb688, 0xb668, 0xae69, 0xae68,
0xb668, 0xb688, 0xae89, 0xae69, 0xae69, 0xae69, 0xb669, 0xa649, 0xa648, 0xae49, 0xae69, 0xa649, 0xa649, 0xae68, 0xae48, 0xa648,
0xae68, 0xae69, 0xa669, 0xa669, 0xa669, 0x9e49, 0x9e48, 0xae68, 0xa648, 0x9e48, 0xa648, 0xa648, 0xa648, 0xae69, 0x9e48, 0x9e48,
0xa648, 0xa649, 0xa649, 0x9e49, 0x9e49, 0xa649, 0xa628, 0xae68, 0xa669, 0xa648, 0xae68, 0xae68, 0xa668, 0xa668, 0xc687, 0xb648,
0xae28, 0xb668, 0xb689, 0xdea7, 0xe6a6, 0xa669, 0xa649, 0xa648, 0xbe67, 0xdea6, 0xdea7, 0xce87, 0xb668, 0xae68, 0xa649, 0xce87,
0xf6e5, 0xde86, 0xa608, 0xd645, 0xde45, 0xbe26, 0xae27, 0xc688, 0xe6c8, 0xeea6, 0xe686, 0xbe48, 0xa628, 0xbe68, 0xeec6, 0xfee5,
0xdea6, 0xa628, 0xce66, 0xf6c5, 0xff05, 0xf6a5, 0xde86, 0xb688, 0xe666, 0xfe84, 0xf684, 0xfe85, 0xce87, 0xce89, 0xfea5, 0xfea4,
0xf6a4, 0xf684, 0xee64, 0xeec8, 0xf70a, 0xf644, 0xf644, 0xf6a6, 0xeee7, 0xef08, 0xee67, 0xf666, 0xf685, 0xfee6, 0xfec5, 0xf684,
0xf664, 0xf685, 0xf6c8, 0xf6a5, 0xf685, 0xf665, 0xfe85, 0xfec6, 0xf6c6, 0xf6a4, 0xf644, 0xf644, 0xf665, 0xf685, 0xfee6, 0xf6c6,
0xf686, 0xf686, 0xee45, 0xf6a5, 0xfee5, 0xe646, 0xde26, 0xee64, 0xf684, 0xf6c6, 0xeea6, 0xe6c9, 0xe645, 0xe624, 0xf6a6, 0xeea6,
0xd645, 0xd646, 0xeec7, 0xee85, 0xf684, 0xfea5, 0xfea6, 0xfea5, 0xfea5, 0xf6c6, 0xeec6, 0xfee5, 0xfec5, 0xf644, 0xe603, 0xee45,
0xeee9, 0xeea7, 0xee64, 0xf643, 0xee22, 0xf6c8, 0xe6c8, 0xde66, 0xee45, 0xede3, 0xf664, 0xf6c6, 0xeea6, 0xf6c6, 0xf665, 0xe625,
0xde25, 0xe665, 0xee85, 0xf685, 0xf6a6, 0xe5e5, 0xede5, 0xee47, 0xf687, 0xf6a6, 0xf663, 0xe603, 0xb5a6, 0xb5a6, 0xee64, 0xf624,
0xe5c3, 0xf624, 0xf686, 0xf685, 0xf623, 0x6c05, 0x53a5, 0x3b85, 0x33a6, 0x33c6, 0x3be7, 0xbdc5, 0x7cc5, 0x3385, 0x0206, 0x63c6,
0x9d46, 0x1b06, 0x22e5, 0x1aa6, 0x2ae5, 0x4b44, 0x8444, 0xf602, 0xedc2, 0xf664, 0xee24, 0xdda3, 0xee24, 0xf644, 0xe562, 0xe561,
0xe5a1, 0xe5c2, 0xf6a8, 0xf686, 0xede2, 0xdda2, 0xedc2, 0x94c5, 0x5c46, 0xc585, 0xeda3, 0xdd82, 0xe5c3, 0xee26, 0xee03, 0xf623,
0xfe64, 0x7c25, 0x4385, 0x2b25, 0x1ae5, 0x2ae6, 0x7c65, 0xee02, 0xcd42, 0x1246, 0x0206, 0x8445, 0xb5a4, 0x2b86, 0x2306, 0x1ae7,
0x22e6, 0x32e5, 0xacc5, 0xfe63, 0xf664, 0xe583, 0xe582, 0xf665, 0xe5e4, 0xdde3, 0xe5e3, 0xe5a2, 0xede3, 0xee44, 0xe5c1, 0xdd42,
0xccc3, 0xd503, 0xf664, 0xf664, 0xf623, 0xd4c2, 0xccc2, 0xee05, 0xee24, 0xe5a1, 0xd522, 0xd541, 0xe5c3, 0xee45, 0xdd22, 0xd502,
0xd522, 0xd522, 0xd543, 0xdd62, 0xe5a3, 0xdd62, 0xccc2, 0xe582, 0xe5e2, 0xdd81, 0xc482, 0xbc22, 0xcce3, 0xe5e4, 0xccc1, 0xbc61,
0xb421, 0xbc62, 0xe5a3, 0xc4e2, 0xb461, 0xb482, 0xb482, 0xb462, 0xb462, 0xbce2, 0xbce2, 0xb463, 0xac43, 0xac43, 0xb4c3, 0xbc83,
0xbc62, 0xbc62, 0xa463, 0x8ca4, 0x9483, 0x9c43, 0xac42, 0xac42, 0xa443, 0x8464, 0x53e6, 0x4b86, 0x9bc3, 0xb403, 0x4bc6, 0x3ba7,
0x9424, 0x8c05, 0x63c6, 0x4387, 0x43a7, 0x5ba6, 0x4346, 0x5327, 0x6327, 0x5b08, 0x5b28, 0x5b69, 0x73ea, 0xccab, 0xd4ac, 0xcc8b,
0xccac, 0xccac, 0xc48c, 0xe58c, 0xfeec, 0xfe8c, 0xfecc, 0xf650, 0xf62f, 0xfee9, 0xfee8, 0xff09, 0xfec9, 0xf66a, 0xb5cd, 0x9d6b,
0xf6a6, 0xff07, 0xf6e6, 0xc607, 0x84e8, 0xb586, 0xf6a4, 0xfec4, 0xee86, 0xa5e9, 0xd687, 0xfee5, 0xf6a5, 0xee45, 0xeea6, 0xde87,
0xae27, 0xbe46, 0xf663, 0xf684, 0xf726, 0xe6c6, 0xd6a7, 0xbe68, 0xc668, 0xf6a5, 0xeee5, 0xe6c6, 0xdea7, 0xb649, 0xd665, 0xe683,
0xce46, 0xd646, 0xe665, 0xeea6, 0xf6c6, 0xce46, 0xb607, 0xb648, 0xd686, 0xf6a5, 0xd645, 0xd685, 0xf6c4, 0xf6c6, 0xc648, 0xbe49,
0xeea6, 0xde65, 0xde85, 0xd666, 0xc647, 0xd645, 0xce25, 0xd6a9, 0xeec8, 0xd664, 0xee84, 0xfe84, 0xde66, 0xbe68, 0xe645, 0xe644,
0xc605, 0xbe06, 0xf6a7, 0xeea7, 0xde66, 0xc606, 0xadc6, 0xd645, 0xfea4, 0xe645, 0xc605, 0xa5c6, 0xa606, 0xf6c7, 0xf685, 0xde45,
0xb625, 0xb626, 0xe6a6, 0xee85, 0xe644, 0xbde5, 0xade6, 0xde86, 0xf6e7, 0xc646, 0xc626, 0xd665, 0xff06, 0xde87, 0xae08, 0xce66,
0xf6a5, 0xc647, 0xae07, 0xd666, 0xf6a4, 0xe664, 0xc626, 0x9de8, 0xbe48, 0xfee6, 0xde65, 0xbe26, 0xb668, 0xf6e7, 0xfea5, 0xe665,
0x95e7, 0x95e8, 0xeec6, 0xee84, 0xee64, 0xce45, 0xbe66, 0xf6a5, 0xee85, 0xc626, 0xbdc5, 0xc5a4, 0xe6c7, 0xff28, 0xde65, 0xce46,
0xc626, 0xce26, 0xf6e6, 0xf685, 0xde45, 0xbe27, 0xa608, 0xde86, 0xfea5, 0xfec5, 0xce45, 0x8d86, 0xc627, 0xfec5, 0xf6a5, 0xde66,
0xae26, 0xb626, 0xf6c6, 0xf685, 0xf684, 0xd687, 0xc648, 0xce47, 0xd646, 0xd646, 0xeea6, 0xfee7, 0xde88, 0xbe28, 0xd666, 0xde65,
0xeea7, 0xde87, 0xb626, 0xce45, 0xe685, 0xd666, 0xd667, 0xfee7, 0xe665, 0xc605, 0xd625, 0xb627, 0xeec6, 0xfec6, 0xde86, 0xe665,

/* -90- */
0xe582, 0xdd81, 0xee23, 0xfea6, 0xf686, 0xdd63, 0xdd42, 0x7445, 0x2367, 0xa546, 0xede3, 0xedc2, 0xe5a3, 0xdd22, 0xf685, 0xf644,
0xede3, 0xee24, 0xe604, 0x42e5, 0x1a65, 0x22c5, 0x1ac7, 0x8cc5, 0x9484, 0x1246, 0x1226, 0x3b26, 0x3b66, 0x1ac6, 0x1a86, 0x1245,
0x4b05, 0xe5a4, 0xede4, 0xee03, 0xe5e3, 0xede3, 0xede4, 0xedc2, 0xe645, 0xe666, 0xedc3, 0xe5c3, 0xe582, 0xdd42, 0xe5a2, 0xcd43,
0xb464, 0xbc83, 0xd4e2, 0xee23, 0xfec4, 0xd4e2, 0xc482, 0xcce2, 0xdd82, 0xfea3, 0xe5c3, 0xe5c3, 0xdd43, 0xd4e2, 0xe562, 0xdd62,
0xcd23, 0xc503, 0xac62, 0xd543, 0xee24, 0xe583, 0xc442, 0xbc62, 0xcd02, 0xdda1, 0xc482, 0xbc42, 0xbc22, 0xbc42, 0xc4e2, 0xbcc1,
0xbc62, 0xc482, 0xb442, 0xa442, 0xa482, 0xac82, 0xa483, 0xac43, 0xac63, 0x9ce4, 0xa463, 0xac23, 0xb443, 0xb463, 0x7465, 0x9c84,
0xb423, 0xb3e2, 0x9c03, 0x5c45, 0x5445, 0x8444, 0xac62, 0x9423, 0x8444, 0x6c65, 0x53e6, 0x3b66, 0x8bc4, 0xa3e3, 0x4386, 0x2346,
0x2b27, 0x5367, 0x6387, 0x4b47, 0x3ae7, 0x3ac7, 0x3ac7, 0x93a9, 0xcc2a, 0xc42a, 0xcc4b, 0xd46c, 0xd4ac, 0xcccc, 0xedcf, 0xedaf,
0xf62e, 0xfe4e, 0xf5ef, 0xf62d, 0xf68c, 0xfeea, 0xff49, 0xe5cc, 0xdd6d, 0xf667, 0xf626, 0xfee7, 0xff27, 0xfee7, 0xc609, 0x8ce9,
0xd607, 0xfec7, 0xff07, 0xff27, 0xad67, 0xd626, 0xff05, 0xfea4, 0xfec5, 0xf6a6, 0xe646, 0xff27, 0xf6a5, 0xee23, 0xf6c6, 0xf6e6,
0xdec7, 0xce66, 0xe644, 0xee64, 0xe685, 0xff28, 0xff48, 0xe6a6, 0xd646, 0xd5e4, 0xf6c5, 0xff47, 0xff28, 0xd689, 0xc606, 0xd624,
0xfec5, 0xee85, 0xf6a5, 0xf6e6, 0xf6e6, 0xf6c6, 0xd666, 0x9e08, 0xc667, 0xfec5, 0xf6c5, 0xfec5, 0xee84, 0xe686, 0xeee9, 0xeec8,
0xf6a5, 0xe6a6, 0xb627, 0xe6a7, 0xff27, 0xe665, 0xd645, 0xe6a8, 0xe686, 0xadc5, 0xde65, 0xfec5, 0xe686, 0x9dc8, 0xc5e5, 0xe645,
0xfea5, 0xee65, 0xf6a6, 0xc6a7, 0xb626, 0xd645, 0xb5e6, 0xce26, 0xf6a5, 0xadc6, 0xc606, 0xe624, 0xbe05, 0xf6c7, 0xc625, 0xade5,
0xf6a5, 0xde45, 0xd686, 0xe665, 0xd624, 0xdea5, 0xc646, 0xb606, 0xe686, 0xff46, 0xde86, 0xc626, 0xeea6, 0xf6c7, 0xf6e6, 0xf6c6,
0xde86, 0xc648, 0xeea6, 0xf684, 0xe685, 0xee85, 0xb5e7, 0xae29, 0xdec8, 0xf707, 0xf6c5, 0xb626, 0xae48, 0xeee6, 0xfee5, 0xf6a6,
0xb627, 0x9de8, 0xeea5, 0xe664, 0xce04, 0xee84, 0xf6c5, 0xf6c5, 0xe685, 0xb606, 0xadc5, 0x9d86, 0xd687, 0xff07, 0xfec5, 0xee85,
0xc606, 0xbe06, 0xeea6, 0xeea6, 0xe685, 0xde66, 0x9dc7, 0xce46, 0xfea4, 0xfec5, 0xbe25, 0x9565, 0xc626, 0xfee5, 0xd686, 0xde86,
0xce46, 0xa606, 0xe686, 0xeea6, 0xe6a6, 0xf6c6, 0xde87, 0x9e08, 0xde87, 0xf6a6, 0xe666, 0xf6c7, 0xeea7, 0xeea6, 0xfee6, 0xd645,
0xd646, 0xfec7, 0xf6a6, 0xce45, 0xd665, 0xf6a6, 0xf6c6, 0xfec6, 0xde65, 0xb606, 0xee65, 0xde66, 0xe666, 0xee85, 0xbe47, 0xde66,
0xd625, 0xd625, 0xfee6, 0xe6a7, 0xce67, 0xeee7, 0xff07, 0xdea7, 0xce68, 0xef07, 0xf707, 0xe686, 0xdea7, 0xd688, 0xc5a4, 0xce05,
0xfee7, 0xeea7, 0xbe07, 0xeec6, 0xfee5, 0xc626, 0xbe28, 0xe6a6, 0xe686, 0xb606, 0xde65, 0xf684, 0xf6a4, 0xfec5, 0xce25, 0xc626,
0xde86, 0xc625, 0xde86, 0xfec6, 0xfe85, 0xfe65, 0xe666, 0xd687, 0xeec7, 0xfec5, 0xf6c6, 0xc647, 0xae28, 0xbe28, 0xeec7, 0xfee5,
0xeec6, 0xcea8, 0xce68, 0xf685, 0xff06, 0xf6a5, 0xf684, 0xf6a5, 0xeec6, 0xe666, 0xf6a6, 0xf6e7, 0xfec6, 0xff06, 0xf726, 0xe6a6,
0xd5c6, 0xcd66, 0xff05, 0xd664, 0xad84, 0xde64, 0xfea4, 0xf683, 0xe665, 0x9da5, 0xae06, 0xef45, 0xe6e6, 0x9d69, 0x5c29, 0x9528,
0xff67, 0xffa9, 0x8d69, 0x4449, 0x3be8, 0x74e8, 0x9dc6, 0xde85, 0xf6c7, 0x7d27, 0x7568, 0x6d07, 0x8da7, 0xb627, 0x8588, 0x8dc9,
0xae8a, 0xae89, 0xae89, 0xa668, 0xa648, 0xb6a8, 0xbea8, 0xb688, 0xbea8, 0xc6a8, 0xbea8, 0xbea8, 0xbe88, 0xbe88, 0xbea8, 0xbea7,
0xbe88, 0xb687, 0xbe87, 0xbe87, 0xb688, 0xb688, 0xb668, 0xb668, 0xae68, 0xae68, 0xae68, 0xae68, 0xae68, 0xae68, 0xae68, 0xae68,
0xae68, 0xae68, 0xae68, 0xae68, 0xae68, 0xae68, 0xae68, 0xb6a8, 0xb6a8, 0xb688, 0xb688, 0xb6a8, 0x7508, 0x5467, 0x3bc8, 0x12e8,
0x6ce9, 0xb689, 0xa648, 0xae69, 0x6c88, 0x3b87, 0xa628, 0xb688, 0xae68, 0xa668, 0xa668, 0xa668, 0xa668, 0xae68, 0xae68, 0xae68,
0xae68, 0xb689, 0xae89, 0xae68, 0xae69, 0xae69, 0xae69, 0xae69, 0xae69, 0xae69, 0xa669, 0xae69, 0xbe88, 0xb668, 0xa669, 0xae68,
0xb688, 0xb688, 0xb689, 0xae89, 0xae89, 0xb689, 0xae69, 0xa649, 0xae69, 0xae68, 0xae48, 0xa648, 0xa648, 0xae69, 0xae68, 0xa668,
0xae89, 0xae89, 0xa669, 0x9e49, 0x9e48, 0xa649, 0xa648, 0xb688, 0xae69, 0x9e49, 0xae69, 0xa669, 0xa669, 0xb689, 0xa669, 0xa668,
0xae89, 0xb689, 0xae89, 0xae68, 0xb667, 0xb688, 0xb668, 0xb688, 0xa649, 0x9e28, 0xa647, 0xa647, 0xa668, 0xae88, 0xff07, 0xd687,
0xa607, 0xa628, 0x9e08, 0xeec6, 0xf706, 0xb647, 0xae27, 0xa607, 0xa627, 0xb668, 0xff08, 0xe6a7, 0xbe68, 0xb669, 0xb689, 0xb668,
0xde86, 0xf6a5, 0xde66, 0xb626, 0xc646, 0xde86, 0xce66, 0xe6c8, 0xf708, 0xe6a7, 0xd687, 0xc667, 0xc688, 0xfee7, 0xeea5, 0xeea4,
0xd686, 0xb667, 0xe6c6, 0xff06, 0xfee6, 0xde45, 0xbe06, 0xc668, 0xf6e7, 0xf729, 0xf685, 0xf684, 0xfea5, 0xfee7, 0xff6b, 0xff2a,
0xee44, 0xe603, 0xfec5, 0xff28, 0xff4a, 0xee24, 0xedc3, 0xf645, 0xfee6, 0xff4a, 0xf6a7, 0xede4, 0xf645, 0xfec5, 0xee44, 0xfee5,
0xf6c5, 0xf644, 0xf603, 0xf685, 0xf6e6, 0xf685, 0xee24, 0xf644, 0xf6c5, 0xff26, 0xf708, 0xf6c8, 0xe5e4, 0xee24, 0xff49, 0xf6e8,
0xe583, 0xe5e4, 0xf6a5, 0xf6c6, 0xff27, 0xe646, 0xcda6, 0xf664, 0xf6a4, 0xee63, 0xf6e8, 0xef0b, 0xee44, 0xee24, 0xee24, 0xee44,
0xe666, 0xce05, 0xe686, 0xf685, 0xfea5, 0xfea6, 0xf664, 0xf664, 0xfea5, 0xada6, 0x6c66, 0xe665, 0xf684, 0xf643, 0xff8a, 0xff28,
0xee03, 0xee04, 0xe5e3, 0xf6c5, 0xff47, 0xeec7, 0xd666, 0xc5c4, 0xe624, 0xf664, 0xf685, 0xf644, 0xee03, 0xee24, 0xff09, 0xf6a8,
0xe5c4, 0xdde4, 0xee65, 0xee65, 0xee03, 0xf665, 0xf6a6, 0xee24, 0xee44, 0xf664, 0xee43, 0xd5e4, 0x3367, 0x2306, 0xe666, 0xfec5,
0xee04, 0xe582, 0xf624, 0xfea4, 0xfe84, 0xee65, 0xfea5, 0x6be5, 0x22e5, 0x2b65, 0x2b86, 0x33a6, 0x3bc5, 0x3b85, 0x1a66, 0x2286,
0x2b06, 0x2ae6, 0x2285, 0x1245, 0x63a5, 0xf624, 0xee03, 0xede3, 0xede3, 0xe5a2, 0xee03, 0xfea6, 0xf644, 0xedc2, 0xdd22, 0xd4e1,
0xe582, 0xdd81, 0xee23, 0xfea6, 0xf686, 0xdd63, 0xdd42, 0x7445, 0x2367, 0xa546, 0xede3, 0xedc2, 0xe5a3, 0xdd22, 0xf685, 0xf644,
0xede3, 0xee24, 0xe604, 0x42e5, 0x1a65, 0x22c5, 0x1ac7, 0x8cc5, 0x9484, 0x1246, 0x1226, 0x3b26, 0x3b66, 0x1ac6, 0x1a86, 0x1245,
0x4b05, 0xe5a4, 0xede4, 0xee03, 0xe5e3, 0xede3, 0xede4, 0xedc2, 0xe645, 0xe666, 0xedc3, 0xe5c3, 0xe582, 0xdd42, 0xe5a2, 0xcd43,
0xb464, 0xbc83, 0xd4e2, 0xee23, 0xfec4, 0xd4e2, 0xc482, 0xcce2, 0xdd82, 0xfea3, 0xe5c3, 0xe5c3, 0xdd43, 0xd4e2, 0xe562, 0xdd62,
0xcd23, 0xc503, 0xac62, 0xd543, 0xee24, 0xe583, 0xc442, 0xbc62, 0xcd02, 0xdda1, 0xc482, 0xbc42, 0xbc22, 0xbc42, 0xc4e2, 0xbcc1,
0xbc62, 0xc482, 0xb442, 0xa442, 0xa482, 0xac82, 0xa483, 0xac43, 0xac63, 0x9ce4, 0xa463, 0xac23, 0xb443, 0xb463, 0x7465, 0x9c84,
0xb423, 0xb3e2, 0x9c03, 0x5c45, 0x5445, 0x8444, 0xac62, 0x9423, 0x8444, 0x6c65, 0x53e6, 0x3b66, 0x8bc4, 0xa3e3, 0x4386, 0x2346,
0x2b27, 0x5367, 0x6387, 0x4b47, 0x3ae7, 0x3ac7, 0x3ac7, 0x93a9, 0xcc2a, 0xc42a, 0xcc4b, 0xd46c, 0xd4ac, 0xcccc, 0xedcf, 0xedaf,
0xf62e, 0xfe4e, 0xf5ef, 0xf62d, 0xf68c, 0xfeea, 0xff49, 0xe5cc, 0xdd6d, 0xf667, 0xf626, 0xfee7, 0xff27, 0xfee7, 0xc609, 0x8ce9,
0xd607, 0xfec7, 0xff07, 0xff27, 0xad67, 0xd626, 0xff05, 0xfea4, 0xfec5, 0xf6a6, 0xe646, 0xff27, 0xf6a5, 0xee23, 0xf6c6, 0xf6e6,
0xdec7, 0xce66, 0xe644, 0xee64, 0xe685, 0xff28, 0xff48, 0xe6a6, 0xd646, 0xd5e4, 0xf6c5, 0xff47, 0xff28, 0xd689, 0xc606, 0xd624,
0xfec5, 0xee85, 0xf6a5, 0xf6e6, 0xf6e6, 0xf6c6, 0xd666, 0x9e08, 0xc667, 0xfec5, 0xf6c5, 0xfec5, 0xee84, 0xe686, 0xeee9, 0xeec8,
0xf6a5, 0xe6a6, 0xb627, 0xe6a7, 0xff27, 0xe665, 0xd645, 0xe6a8, 0xe686, 0xadc5, 0xde65, 0xfec5, 0xe686, 0x9dc8, 0xc5e5, 0xe645,
0xfea5, 0xee65, 0xf6a6, 0xc6a7, 0xb626, 0xd645, 0xb5e6, 0xce26, 0xf6a5, 0xadc6, 0xc606, 0xe624, 0xbe05, 0xf6c7, 0xc625, 0xade5,
0xf6a5, 0xde45, 0xd686, 0xe665, 0xd624, 0xdea5, 0xc646, 0xb606, 0xe686, 0xff46, 0xde86, 0xc626, 0xeea6, 0xf6c7, 0xf6e6, 0xf6c6,
0xde86, 0xc648, 0xeea6, 0xf684, 0xe685, 0xee85, 0xb5e7, 0xae29, 0xdec8, 0xf707, 0xf6c5, 0xb626, 0xae48, 0xeee6, 0xfee5, 0xf6a6,
0xb627, 0x9de8, 0xeea5, 0xe664, 0xce04, 0xee84, 0xf6c5, 0xf6c5, 0xe685, 0xb606, 0xadc5, 0x9d86, 0xd687, 0xff07, 0xfec5, 0xee85,
0xc606, 0xbe06, 0xeea6, 0xeea6, 0xe685, 0xde66, 0x9dc7, 0xce46, 0xfea4, 0xfec5, 0xbe25, 0x9565, 0xc626, 0xfee5, 0xd686, 0xde86,
0xce46, 0xa606, 0xe686, 0xeea6, 0xe6a6, 0xf6c6, 0xde87, 0x9e08, 0xde87, 0xf6a6, 0xe666, 0xf6c7, 0xeea7, 0xeea6, 0xfee6, 0xd645,
0xd646, 0xfec7, 0xf6a6, 0xce45, 0xd665, 0xf6a6, 0xf6c6, 0xfec6, 0xde65, 0xb606, 0xee65, 0xde66, 0xe666, 0xee85, 0xbe47, 0xde66,

/* -91- */
0xdd62, 0xdd41, 0xede3, 0xf623, 0xfe44, 0xdd83, 0xd542, 0x6c25, 0x2b46, 0x3346, 0xacc4, 0xf602, 0xeda2, 0xdd62, 0xee23, 0xf643,
0xf643, 0xfe43, 0xf622, 0xcd83, 0x8424, 0x1266, 0x22e5, 0x3b86, 0x3b86, 0x2b26, 0x22e6, 0x1aa6, 0x1a86, 0x1266, 0x09e5, 0x8c04,
0xd543, 0xdda3, 0xddc3, 0xdde4, 0xde04, 0xdda4, 0xdd63, 0xf666, 0xc503, 0xcd03, 0xede3, 0xe582, 0xdd82, 0xd583, 0x5c26, 0x4c06,
0xb4c4, 0xd502, 0xccc2, 0xee02, 0xfee3, 0xd502, 0xc4a2, 0xcce2, 0xdd82, 0xfec3, 0xd543, 0xc4a2, 0xcce2, 0xcce2, 0xe562, 0xbce3,
0x5427, 0x7466, 0xb4c3, 0xb4a3, 0xc4e2, 0xdd83, 0xccc2, 0xb442, 0xc4c2, 0xddc2, 0xc4a2, 0xc482, 0xc482, 0xb443, 0x9d24, 0xad02,
0xcca2, 0xcca1, 0xb442, 0x8424, 0x6c25, 0xa462, 0x9ca3, 0xa423, 0x9424, 0x74e6, 0x8c24, 0xa3c4, 0xb443, 0xb462, 0x5c46, 0x4c47,
0x9c04, 0xbc02, 0x9423, 0x5c65, 0x4c25, 0x5405, 0x83e4, 0x93e4, 0x7be5, 0x3b66, 0x2326, 0x2b06, 0x5b46, 0x6346, 0x22e6, 0x22e6,
0x22c6, 0x7b88, 0xbc09, 0xabe9, 0xb409, 0xb42a, 0xc44b, 0xbc2a, 0xbc2a, 0xc44b, 0xdd6d, 0xee4d, 0xf64c, 0xf60d, 0xf650, 0xfe30,
0xfecb, 0xfee9, 0xe56d, 0xdd4c, 0xe58b, 0xfea7, 0xff25, 0xfec7, 0xd56a, 0xbca8, 0xdd86, 0xfec5, 0xfea5, 0xee25, 0xee45, 0xe667,
0xee88, 0xf6a8, 0xf645, 0xf665, 0xf6e8, 0xf709, 0xfea5, 0xfe84, 0xf664, 0xf644, 0xf664, 0xf603, 0xf6a5, 0xff06, 0xee03, 0xede3,
0xf6c7, 0xf6c6, 0xf684, 0xee44, 0xe5e3, 0xeea6, 0xff49, 0xf6c6, 0xe604, 0xee04, 0xf6a4, 0xff07, 0xff08, 0xd627, 0xeea5, 0xfea5,
0xee25, 0xee46, 0xf709, 0xeec6, 0xee85, 0xeea5, 0xf6c6, 0xe6a6, 0xee85, 0xfea5, 0xee44, 0xf6a5, 0xf6a5, 0xe666, 0xf709, 0xf6c7,
0xee43, 0xf6a6, 0xf6a7, 0xf6c7, 0xff27, 0xee43, 0xe603, 0xf685, 0xfec5, 0xf684, 0xee65, 0xee64, 0xee85, 0xf6a5, 0xf6c6, 0xf6e6,
0xee65, 0xdde4, 0xf6e6, 0xf728, 0xee85, 0xde04, 0xee64, 0xf684, 0xf684, 0xee65, 0xee85, 0xfe85, 0xf6a5, 0xe644, 0xe685, 0xeec5,
0xf6c6, 0xfee7, 0xd5e5, 0xe623, 0xfea3, 0xce25, 0xc625, 0xe6a6, 0xf706, 0xff06, 0xe645, 0xee85, 0xf6c6, 0xe625, 0xee65, 0xee65,
0xd646, 0xe6a7, 0xf6a4, 0xf684, 0xf6a4, 0xf684, 0xf6c5, 0xee85, 0xee85, 0xf6a5, 0xee64, 0xfea5, 0xf685, 0xee84, 0xff27, 0xf6e6,
0xe686, 0xee86, 0xf663, 0xee43, 0xee84, 0xee65, 0xf6e5, 0xee64, 0xee64, 0xf6a5, 0xee65, 0xf685, 0xf6e7, 0xff07, 0xf6a4, 0xe625,
0xee65, 0xf6c6, 0xff27, 0xe686, 0xce25, 0xc605, 0xeea5, 0xf6e5, 0xf6a5, 0xf6c5, 0xd625, 0xe624, 0xf6c5, 0xf6e5, 0xe6e7, 0xd687,
0xeea6, 0xfec6, 0xfec6, 0xce46, 0xce26, 0xf6c6, 0xee86, 0xe645, 0xe644, 0xe624, 0xee66, 0xf6c7, 0xe625, 0xddc4, 0xee24, 0xee44,
0xf70a, 0xf6e8, 0xee44, 0xee64, 0xf685, 0xe624, 0xf686, 0xfec6, 0xf6a5, 0xee85, 0xee44, 0xee44, 0xf684, 0xf6a5, 0xf6c7, 0xeea6,
0xe645, 0xee85, 0xfee5, 0xe645, 0xcde5, 0xf707, 0xff48, 0xde25, 0xcdc5, 0xee64, 0xf6c6, 0xf74a, 0xd647, 0xcde5, 0xee83, 0xee84,
0xf6c7, 0xf6e7, 0xee85, 0xf6e5, 0xfee4, 0xce06, 0xd647, 0xf6a4, 0xfec4, 0xfee5, 0xf6c5, 0xf6c7, 0xf6c8, 0xf6a4, 0xfec4, 0xf6a5,
0xf684, 0xfee6, 0xfec6, 0xf685, 0xee03, 0xf624, 0xeea6, 0xe666, 0xe645, 0xfee6, 0xf6c6, 0xe6a6, 0xeea6, 0xe665, 0xf6a6, 0xf6a5,
0xeea5, 0xeec6, 0xe625, 0xf624, 0xfea4, 0xf685, 0xf6c6, 0xee85, 0xe5e3, 0xf624, 0xf665, 0xf6c7, 0xf665, 0xee65, 0xeec5, 0xe665,
0xe5e4, 0xf665, 0xf644, 0xee64, 0xee84, 0xe644, 0xee65, 0xf685, 0xf6a5, 0xe645, 0xe645, 0xf645, 0xdde4, 0xa4e6, 0x9d26, 0xf727,
0xf706, 0xce04, 0x4bc6, 0x43c6, 0x94c5, 0xb566, 0xde45, 0xf6c6, 0xee66, 0x6446, 0x5446, 0x5c87, 0xb627, 0xff28, 0x8da8, 0x7d68,
0x8dc9, 0x8de8, 0x8dc8, 0x8da8, 0x8da8, 0x9e07, 0x9e27, 0x9e07, 0xa647, 0xb667, 0xb667, 0xae68, 0xb688, 0xae88, 0xa627, 0xb687,
0xb687, 0xbe87, 0xbea7, 0xbe87, 0xb687, 0xb687, 0xb688, 0xb688, 0xb668, 0xae68, 0xae68, 0xae68, 0xae68, 0xae68, 0xae68, 0xae68,
0xae68, 0xae68, 0xae68, 0xae69, 0xa669, 0xae69, 0xb6a9, 0x64c9, 0x6d09, 0xbee8, 0xb688, 0xbea7, 0x7d47, 0x5c67, 0x3388, 0x0ac8,
0x6ce9, 0xb689, 0xae69, 0x5408, 0x22a7, 0x1226, 0x2b06, 0x8d87, 0xa648, 0xae68, 0xae68, 0xa668, 0xa668, 0xa668, 0xa668, 0xae68,
0xae68, 0xae68, 0xa668, 0xa668, 0xa668, 0xa669, 0xae69, 0xa668, 0xa668, 0xa668, 0xa668, 0xae68, 0xae68, 0xae48, 0xa648, 0xa648,
0xb667, 0xbe87, 0xae68, 0xa668, 0xa668, 0xae68, 0xae68, 0xa648, 0xa649, 0xa648, 0xa648, 0xa648, 0xa648, 0xa628, 0xa648, 0xa648,
0xa648, 0xa668, 0xa648, 0xa648, 0x9e28, 0x9e28, 0x9e28, 0xa628, 0xa649, 0xa669, 0xa648, 0xa648, 0xa648, 0x9e28, 0x9e49, 0x9e48,
0xae47, 0xae47, 0x9e28, 0xbe67, 0xe6a5, 0xc666, 0xae47, 0xb667, 0xa669, 0xb668, 0xbe67, 0xbe67, 0xae68, 0x9649, 0xe6e8, 0xe6c7,
0xde66, 0xc646, 0x9607, 0xd686, 0xf6e6, 0xf708, 0xf6e8, 0xb627, 0x9e07, 0xae48, 0xeea6, 0xfee7, 0xff28, 0xcea8, 0xa648, 0xd666,
0xfe84, 0xfea5, 0xee65, 0xe6e6, 0xef07, 0xde86, 0xf6a6, 0xeea7, 0xeec7, 0xf708, 0xd687, 0xce67, 0xdea7, 0xf6c7, 0xee85, 0xee84,
0xeec7, 0xef08, 0xff49, 0xfee6, 0xf665, 0xee65, 0xe686, 0xf6e9, 0xff09, 0xff29, 0xf644, 0xee03, 0xf685, 0xff08, 0xff29, 0xff08,
0xfea6, 0xf685, 0xee02, 0xfea5, 0xff08, 0xf6c6, 0xf6c7, 0xee24, 0xf623, 0xfee6, 0xfee7, 0xff0a, 0xee45, 0xe5c3, 0xe5c3, 0xf644,
0xff0a, 0xf687, 0xede3, 0xf664, 0xf6a5, 0xf6a6, 0xf6e8, 0xee03, 0xee23, 0xf6a3, 0xf6c6, 0xf6c8, 0xee45, 0xee04, 0xf685, 0xfe85,
0xfec6, 0xfea6, 0xede3, 0xee03, 0xf623, 0xf686, 0xf6c8, 0xee64, 0xe5e4, 0xddc4, 0xee45, 0xf686, 0xee23, 0xee23, 0xf6c6, 0xf685,
0xddc4, 0xe666, 0xee65, 0xee86, 0xf6e7, 0xf664, 0xf664, 0xfec5, 0xe666, 0x5426, 0x3bc5, 0x3bc5, 0x8ca5, 0xfe22, 0xf749, 0xff28,
0xdd62, 0xdd63, 0xdd83, 0xf6c6, 0xff69, 0xc606, 0xbde5, 0xcdc3, 0xe645, 0xff4c, 0xf666, 0xedc2, 0xf644, 0xf664, 0xf6a6, 0xf666,
0xe5c3, 0xe5e4, 0xe5e3, 0xee45, 0xee85, 0xddc3, 0xe5c3, 0xf685, 0xe625, 0x84c4, 0x6445, 0x5c25, 0x3ba6, 0x2b86, 0x6486, 0xb5a6,
0xfe64, 0xee04, 0xfe63, 0xad25, 0x94c5, 0xd604, 0xee44, 0xee43, 0x9ca4, 0x0a45, 0x1ac5, 0x2b25, 0x3ba5, 0x3ba5, 0x1287, 0x1267,
0x1aa6, 0x1266, 0x2286, 0xb544, 0xe624, 0xe624, 0xde04, 0x63c7, 0x3306, 0xa4a4, 0xfe64, 0xf686, 0xee03, 0xd501, 0xd502, 0xd502,
0xdd62, 0xdd41, 0xede3, 0xf623, 0xfe44, 0xdd83, 0xd542, 0x6c25, 0x2b46, 0x3346, 0xacc4, 0xf602, 0xeda2, 0xdd62, 0xee23, 0xf643,
0xf643, 0xfe43, 0xf622, 0xcd83, 0x8424, 0x1266, 0x22e5, 0x3b86, 0x3b86, 0x2b26, 0x22e6, 0x1aa6, 0x1a86, 0x1266, 0x09e5, 0x8c04,
0xd543, 0xdda3, 0xddc3, 0xdde4, 0xde04, 0xdda4, 0xdd63, 0xf666, 0xc503, 0xcd03, 0xede3, 0xe582, 0xdd82, 0xd583, 0x5c26, 0x4c06,
0xb4c4, 0xd502, 0xccc2, 0xee02, 0xfee3, 0xd502, 0xc4a2, 0xcce2, 0xdd82, 0xfec3, 0xd543, 0xc4a2, 0xcce2, 0xcce2, 0xe562, 0xbce3,
0x5427, 0x7466, 0xb4c3, 0xb4a3, 0xc4e2, 0xdd83, 0xccc2, 0xb442, 0xc4c2, 0xddc2, 0xc4a2, 0xc482, 0xc482, 0xb443, 0x9d24, 0xad02,
0xcca2, 0xcca1, 0xb442, 0x8424, 0x6c25, 0xa462, 0x9ca3, 0xa423, 0x9424, 0x74e6, 0x8c24, 0xa3c4, 0xb443, 0xb462, 0x5c46, 0x4c47,
0x9c04, 0xbc02, 0x9423, 0x5c65, 0x4c25, 0x5405, 0x83e4, 0x93e4, 0x7be5, 0x3b66, 0x2326, 0x2b06, 0x5b46, 0x6346, 0x22e6, 0x22e6,
0x22c6, 0x7b88, 0xbc09, 0xabe9, 0xb409, 0xb42a, 0xc44b, 0xbc2a, 0xbc2a, 0xc44b, 0xdd6d, 0xee4d, 0xf64c, 0xf60d, 0xf650, 0xfe30,
0xfecb, 0xfee9, 0xe56d, 0xdd4c, 0xe58b, 0xfea7, 0xff25, 0xfec7, 0xd56a, 0xbca8, 0xdd86, 0xfec5, 0xfea5, 0xee25, 0xee45, 0xe667,
0xee88, 0xf6a8, 0xf645, 0xf665, 0xf6e8, 0xf709, 0xfea5, 0xfe84, 0xf664, 0xf644, 0xf664, 0xf603, 0xf6a5, 0xff06, 0xee03, 0xede3,
0xf6c7, 0xf6c6, 0xf684, 0xee44, 0xe5e3, 0xeea6, 0xff49, 0xf6c6, 0xe604, 0xee04, 0xf6a4, 0xff07, 0xff08, 0xd627, 0xeea5, 0xfea5,
0xee25, 0xee46, 0xf709, 0xeec6, 0xee85, 0xeea5, 0xf6c6, 0xe6a6, 0xee85, 0xfea5, 0xee44, 0xf6a5, 0xf6a5, 0xe666, 0xf709, 0xf6c7,
0xee43, 0xf6a6, 0xf6a7, 0xf6c7, 0xff27, 0xee43, 0xe603, 0xf685, 0xfec5, 0xf684, 0xee65, 0xee64, 0xee85, 0xf6a5, 0xf6c6, 0xf6e6,
0xee65, 0xdde4, 0xf6e6, 0xf728, 0xee85, 0xde04, 0xee64, 0xf684, 0xf684, 0xee65, 0xee85, 0xfe85, 0xf6a5, 0xe644, 0xe685, 0xeec5,
0xf6c6, 0xfee7, 0xd5e5, 0xe623, 0xfea3, 0xce25, 0xc625, 0xe6a6, 0xf706, 0xff06, 0xe645, 0xee85, 0xf6c6, 0xe625, 0xee65, 0xee65,
0xd646, 0xe6a7, 0xf6a4, 0xf684, 0xf6a4, 0xf684, 0xf6c5, 0xee85, 0xee85, 0xf6a5, 0xee64, 0xfea5, 0xf685, 0xee84, 0xff27, 0xf6e6,
0xe686, 0xee86, 0xf663, 0xee43, 0xee84, 0xee65, 0xf6e5, 0xee64, 0xee64, 0xf6a5, 0xee65, 0xf685, 0xf6e7, 0xff07, 0xf6a4, 0xe625,
0xee65, 0xf6c6, 0xff27, 0xe686, 0xce25, 0xc605, 0xeea5, 0xf6e5, 0xf6a5, 0xf6c5, 0xd625, 0xe624, 0xf6c5, 0xf6e5, 0xe6e7, 0xd687,
0xeea6, 0xfec6, 0xfec6, 0xce46, 0xce26, 0xf6c6, 0xee86, 0xe645, 0xe644, 0xe624, 0xee66, 0xf6c7, 0xe625, 0xddc4, 0xee24, 0xee44,
0xf70a, 0xf6e8, 0xee44, 0xee64, 0xf685, 0xe624, 0xf686, 0xfec6, 0xf6a5, 0xee85, 0xee44, 0xee44, 0xf684, 0xf6a5, 0xf6c7, 0xeea6,

/* -92- */
0xdd22, 0xdd42, 0xe562, 0xb524, 0x5465, 0xb544, 0xede2, 0x6c86, 0x2b87, 0x4bc6, 0xc562, 0xddc2, 0x8ca5, 0xace4, 0xf621, 0xbd23,
0x63e6, 0x6406, 0x8c85, 0xd5c3, 0xc563, 0x53a5, 0x3305, 0x2b06, 0x2306, 0x2b46, 0x2306, 0x1246, 0x0a06, 0x1246, 0x9ca4, 0xddc3,
0xe5a2, 0x5b65, 0x3b07, 0x4347, 0x4347, 0xace4, 0xe583, 0xe5a3, 0xcce2, 0xcd02, 0xede3, 0xedc2, 0xb544, 0x84c5, 0x3c06, 0x4c26,
0xc503, 0xd502, 0xdd62, 0xdd62, 0xd502, 0xc4a2, 0xc482, 0xd502, 0xd523, 0xcce2, 0xc4a2, 0xc482, 0xc4a2, 0xbc82, 0xcce2, 0x9cc4,
0x2387, 0x5c25, 0xbd02, 0xc522, 0xcd22, 0xd502, 0xccc2, 0xcca2, 0xaca3, 0x9cc4, 0xb4a3, 0xbc82, 0xc482, 0xbca2, 0x7ce5, 0x8cc4,
0xbc22, 0xb422, 0xac02, 0x63c5, 0x4ba6, 0x9c22, 0x9ca2, 0xa442, 0x9c23, 0x74a5, 0x8c44, 0x9be3, 0xa403, 0x9c43, 0x5c46, 0x6466,
0x9484, 0x7c25, 0x43a6, 0x3ba6, 0x3b66, 0x2b26, 0x5345, 0x83a5, 0x93c5, 0x73a6, 0x5347, 0x7367, 0x93a8, 0xa3e9, 0xa409, 0xa42a,
0xa40a, 0xb42a, 0xbc2a, 0xbc2a, 0xbc4a, 0xc46b, 0xdd4e, 0xe5af, 0xe5cf, 0xedee, 0xf64d, 0xfeed, 0xfecb, 0xfe6c, 0xe58f, 0xe56f,
0xfe88, 0xfec4, 0xedab, 0xdd0d, 0xd4cb, 0xf665, 0xff04, 0xfee4, 0xe5e6, 0xd546, 0xe5c5, 0xfec6, 0xfea5, 0xf685, 0xff06, 0xfee6,
0xfee7, 0xfec6, 0xedc3, 0xf664, 0xfee6, 0xff07, 0xf624, 0xf623, 0xfea4, 0xfe84, 0xf623, 0xf603, 0xf684, 0xf684, 0xf664, 0xf624,
0xf625, 0xf665, 0xfec5, 0xf6a4, 0xf683, 0xf664, 0xf684, 0xf664, 0xfe64, 0xfe64, 0xfea5, 0xfe85, 0xf665, 0xf687, 0xf6a5, 0xf685,
0xee44, 0xee45, 0xf708, 0xf6a4, 0xf662, 0xf663, 0xf644, 0xfe85, 0xfe85, 0xf643, 0xf664, 0xfea5, 0xf6a5, 0xe5c2, 0xee03, 0xf664,
0xfea5, 0xfe85, 0xf644, 0xf664, 0xfea5, 0xfe84, 0xee24, 0xe5e2, 0xf644, 0xfee6, 0xf665, 0xf665, 0xf665, 0xf684, 0xfee5, 0xf6a5,
0xee44, 0xf6a6, 0xf6c6, 0xf6c5, 0xfe84, 0xf644, 0xfe83, 0xfe84, 0xf6a5, 0xf684, 0xf664, 0xf6a5, 0xfee7, 0xe5e3, 0xf684, 0xfee5,
0xf664, 0xee44, 0xe604, 0xf684, 0xfec4, 0xe645, 0xe645, 0xf685, 0xfea4, 0xfee5, 0xf664, 0xfe83, 0xfe84, 0xf665, 0xf6c6, 0xfee6,
0xee44, 0xf685, 0xfec4, 0xfe83, 0xf663, 0xf684, 0xf683, 0xfee5, 0xf6c5, 0xee23, 0xf643, 0xf663, 0xf684, 0xf684, 0xe604, 0xee44,
0xff08, 0xfea5, 0xf643, 0xee64, 0xf664, 0xf624, 0xf624, 0xee44, 0xf684, 0xfee4, 0xfe64, 0xf644, 0xf623, 0xf624, 0xfea5, 0xf665,
0xf624, 0xf644, 0xfec5, 0xee44, 0xee03, 0xf644, 0xf644, 0xf684, 0xee44, 0xee63, 0xfe83, 0xfe42, 0xfe63, 0xfea4, 0xee63, 0xee64,
0xfec5, 0xfee5, 0xf684, 0xee24, 0xe624, 0xfea4, 0xfe64, 0xf664, 0xf6c5, 0xfee6, 0xf664, 0xf644, 0xf623, 0xee24, 0xf6c5, 0xfec5,
0xf6a6, 0xf6a6, 0xf685, 0xf664, 0xf664, 0xf624, 0xf685, 0xfee6, 0xf664, 0xf684, 0xf664, 0xf644, 0xfec5, 0xee64, 0xdde3, 0xee44,
0xfea5, 0xf685, 0xe5e3, 0xf624, 0xf684, 0xf6a5, 0xf665, 0xee24, 0xee24, 0xf643, 0xf684, 0xf685, 0xee24, 0xee44, 0xf6c4, 0xfea4,
0xf684, 0xf664, 0xfec5, 0xfec4, 0xfec4, 0xe604, 0xe605, 0xfea5, 0xfec4, 0xfea3, 0xfea4, 0xfec6, 0xf6a6, 0xfea4, 0xee43, 0xf643,
0xfe84, 0xff07, 0xfec6, 0xf685, 0xede3, 0xf603, 0xfee8, 0xf686, 0xf623, 0xf664, 0xf664, 0xf685, 0xf684, 0xfee5, 0xf684, 0xf644,
0xfe84, 0xfe84, 0xf685, 0xf685, 0xf644, 0xf644, 0xfec6, 0xfec6, 0xf664, 0xf644, 0xf644, 0xf623, 0xfea5, 0xee45, 0xd583, 0xddc4,
0xe5c4, 0xfe85, 0xf685, 0xf644, 0xf684, 0xee24, 0xede3, 0xf645, 0xfea6, 0xfea6, 0xfe86, 0xedc3, 0xdd82, 0xc544, 0xff45, 0xff45,
0xd644, 0x7c64, 0x84c4, 0xd645, 0xfea4, 0xdde4, 0xf6e6, 0xff07, 0xe646, 0x6486, 0x4c25, 0x6445, 0xeee7, 0xff87, 0x8507, 0x5427,
0x6487, 0x64a7, 0x64c8, 0x7d28, 0x7528, 0x6d08, 0x6ce7, 0x8588, 0xae68, 0xa648, 0xa648, 0xae68, 0x7528, 0x43a7, 0x74e7, 0xb667,
0xbea8, 0xb688, 0xb667, 0xbe87, 0xbe87, 0xbe87, 0xb667, 0xbe88, 0xae28, 0x8da7, 0xa607, 0xb668, 0xae68, 0xae68, 0xae48, 0xae68,
0xae68, 0xae48, 0xb668, 0xb689, 0xbec9, 0x9de9, 0x64c8, 0x1b07, 0x2327, 0x6ca7, 0xae27, 0xc6e6, 0x7d06, 0x53e6, 0x2b27, 0x0247,
0x6ca8, 0xb689, 0x5c47, 0x1247, 0x1247, 0x1246, 0x0a26, 0x8547, 0xae68, 0xb689, 0xb688, 0xae68, 0xa648, 0xae68, 0xb688, 0xae68,
0xae68, 0xae68, 0xae68, 0xa668, 0xa668, 0xa668, 0xa669, 0xa668, 0xa648, 0xa648, 0xae68, 0xae68, 0xae68, 0xae68, 0xae68, 0xae89,
0xb688, 0xb667, 0xbe88, 0xb668, 0xa648, 0xa668, 0xa668, 0xa668, 0xa668, 0xbe68, 0xbe67, 0xb668, 0xae28, 0xa628, 0xa628, 0xa648,
0xae48, 0xb668, 0xc6a9, 0xb648, 0xae48, 0xae48, 0xa627, 0xe6a7, 0xd6a8, 0xa648, 0xae48, 0xa627, 0xae48, 0xcea9, 0xbe88, 0xbe67,
0xd625, 0xd645, 0xd6c9, 0xbe68, 0xb667, 0xce87, 0xf6a5, 0xde86, 0xbea9, 0xef09, 0xf6e8, 0xf708, 0xe6e8, 0x9e28, 0xcea8, 0xe707,
0xff07, 0xeee7, 0xae48, 0xade6, 0xc626, 0xf708, 0xff28, 0xbe48, 0x95c7, 0xbe28, 0xee85, 0xfee6, 0xff27, 0xd687, 0xbe06, 0xee85,
0xfea4, 0xfec6, 0xff08, 0xc644, 0xbe25, 0xf6a6, 0xfec6, 0xf6c6, 0xf6c6, 0xfea5, 0xf6c6, 0xf6e9, 0xf6a7, 0xf684, 0xf6a4, 0xf6a4,
0xff08, 0xff4a, 0xfec5, 0xfea4, 0xf6a5, 0xf6a6, 0xfec7, 0xfee7, 0xff07, 0xf663, 0xf663, 0xf643, 0xfec6, 0xff2b, 0xfea4, 0xf685,
0xf6a6, 0xf6a6, 0xf6a6, 0xf643, 0xf663, 0xf665, 0xee25, 0xee44, 0xf6c5, 0xfee5, 0xfee7, 0xfee8, 0xfec6, 0xee24, 0xf644, 0xf685,
0xf6c7, 0xf6a6, 0xf6a5, 0xf6a5, 0xfea4, 0xfee6, 0xf6c6, 0xf685, 0xee64, 0xf682, 0xf6e6, 0xf708, 0xf644, 0xee23, 0xf602, 0xf643,
0xf6a5, 0xf685, 0xf665, 0xf684, 0xf684, 0xf685, 0xf6a5, 0xf6c5, 0xe624, 0xe5e3, 0xee23, 0xf623, 0xf664, 0xf685, 0xf6a5, 0xf6a5,
0xf665, 0xf664, 0xf683, 0xfe64, 0xfe85, 0xfe85, 0xfe85, 0xc5a5, 0x8ce5, 0x4c05, 0x3b85, 0x1ae5, 0x9483, 0xfe42, 0xf6e6, 0xfec5,
0xf5e3, 0xede3, 0xe5a2, 0xf6c7, 0xff8a, 0xd5c4, 0xc563, 0xd563, 0xee45, 0xff8f, 0xf685, 0xfe01, 0x9505, 0x4c26, 0xdde5, 0xfe65,
0xf644, 0xee24, 0xe5c3, 0xe5e3, 0xdde3, 0xd583, 0xe5c2, 0xfec5, 0xde25, 0x6464, 0x4c26, 0x4c26, 0x3be6, 0x2ba6, 0x23a7, 0x8506,
0xfe83, 0xee24, 0xee03, 0x4ba5, 0x0aa7, 0x3346, 0x4366, 0x6406, 0x94e6, 0x7c46, 0x22e5, 0x2305, 0x3365, 0x3385, 0x1266, 0x1266,
0x1287, 0x1aa6, 0x7c64, 0xc563, 0x6be5, 0x4326, 0x32c6, 0x1227, 0x01a6, 0x6364, 0xfe63, 0xf6c7, 0xdda2, 0xcd01, 0xd501, 0xc4e2,
0xdd22, 0xdd42, 0xe562, 0xb524, 0x5465, 0xb544, 0xede2, 0x6c86, 0x2b87, 0x4bc6, 0xc562, 0xddc2, 0x8ca5, 0xace4, 0xf621, 0xbd23,
0x63e6, 0x6406, 0x8c85, 0xd5c3, 0xc563, 0x53a5, 0x3305, 0x2b06, 0x2306, 0x2b46, 0x2306, 0x1246, 0x0a06, 0x1246, 0x9ca4, 0xddc3,
0xe5a2, 0x5b65, 0x3b07, 0x4347, 0x4347, 0xace4, 0xe583, 0xe5a3, 0xcce2, 0xcd02, 0xede3, 0xedc2, 0xb544, 0x84c5, 0x3c06, 0x4c26,
0xc503, 0xd502, 0xdd62, 0xdd62, 0xd502, 0xc4a2, 0xc482, 0xd502, 0xd523, 0xcce2, 0xc4a2, 0xc482, 0xc4a2, 0xbc82, 0xcce2, 0x9cc4,
0x2387, 0x5c25, 0xbd02, 0xc522, 0xcd22, 0xd502, 0xccc2, 0xcca2, 0xaca3, 0x9cc4, 0xb4a3, 0xbc82, 0xc482, 0xbca2, 0x7ce5, 0x8cc4,
0xbc22, 0xb422, 0xac02, 0x63c5, 0x4ba6, 0x9c22, 0x9ca2, 0xa442, 0x9c23, 0x74a5, 0x8c44, 0x9be3, 0xa403, 0x9c43, 0x5c46, 0x6466,
0x9484, 0x7c25, 0x43a6, 0x3ba6, 0x3b66, 0x2b26, 0x5345, 0x83a5, 0x93c5, 0x73a6, 0x5347, 0x7367, 0x93a8, 0xa3e9, 0xa409, 0xa42a,
0xa40a, 0xb42a, 0xbc2a, 0xbc2a, 0xbc4a, 0xc46b, 0xdd4e, 0xe5af, 0xe5cf, 0xedee, 0xf64d, 0xfeed, 0xfecb, 0xfe6c, 0xe58f, 0xe56f,
0xfe88, 0xfec4, 0xedab, 0xdd0d, 0xd4cb, 0xf665, 0xff04, 0xfee4, 0xe5e6, 0xd546, 0xe5c5, 0xfec6, 0xfea5, 0xf685, 0xff06, 0xfee6,
0xfee7, 0xfec6, 0xedc3, 0xf664, 0xfee6, 0xff07, 0xf624, 0xf623, 0xfea4, 0xfe84, 0xf623, 0xf603, 0xf684, 0xf684, 0xf664, 0xf624,
0xf625, 0xf665, 0xfec5, 0xf6a4, 0xf683, 0xf664, 0xf684, 0xf664, 0xfe64, 0xfe64, 0xfea5, 0xfe85, 0xf665, 0xf687, 0xf6a5, 0xf685,
0xee44, 0xee45, 0xf708, 0xf6a4, 0xf662, 0xf663, 0xf644, 0xfe85, 0xfe85, 0xf643, 0xf664, 0xfea5, 0xf6a5, 0xe5c2, 0xee03, 0xf664,
0xfea5, 0xfe85, 0xf644, 0xf664, 0xfea5, 0xfe84, 0xee24, 0xe5e2, 0xf644, 0xfee6, 0xf665, 0xf665, 0xf665, 0xf684, 0xfee5, 0xf6a5,
0xee44, 0xf6a6, 0xf6c6, 0xf6c5, 0xfe84, 0xf644, 0xfe83, 0xfe84, 0xf6a5, 0xf684, 0xf664, 0xf6a5, 0xfee7, 0xe5e3, 0xf684, 0xfee5,
0xf664, 0xee44, 0xe604, 0xf684, 0xfec4, 0xe645, 0xe645, 0xf685, 0xfea4, 0xfee5, 0xf664, 0xfe83, 0xfe84, 0xf665, 0xf6c6, 0xfee6,
0xee44, 0xf685, 0xfec4, 0xfe83, 0xf663, 0xf684, 0xf683, 0xfee5, 0xf6c5, 0xee23, 0xf643, 0xf663, 0xf684, 0xf684, 0xe604, 0xee44,
0xff08, 0xfea5, 0xf643, 0xee64, 0xf664, 0xf624, 0xf624, 0xee44, 0xf684, 0xfee4, 0xfe64, 0xf644, 0xf623, 0xf624, 0xfea5, 0xf665,
0xf624, 0xf644, 0xfec5, 0xee44, 0xee03, 0xf644, 0xf644, 0xf684, 0xee44, 0xee63, 0xfe83, 0xfe42, 0xfe63, 0xfea4, 0xee63, 0xee64,
0xfec5, 0xfee5, 0xf684, 0xee24, 0xe624, 0xfea4, 0xfe64, 0xf664, 0xf6c5, 0xfee6, 0xf664, 0xf644, 0xf623, 0xee24, 0xf6c5, 0xfec5,
0xf6a6, 0xf6a6, 0xf685, 0xf664, 0xf664, 0xf624, 0xf685, 0xfee6, 0xf664, 0xf684, 0xf664, 0xf644, 0xfec5, 0xee64, 0xdde3, 0xee44,

/* -93- */
0xcce3, 0xd503, 0xdd02, 0xc4c3, 0x7c64, 0x6ca5, 0x8d05, 0x5c66, 0x3be7, 0x4bc7, 0x7465, 0x5c46, 0x6486, 0xb523, 0xe5a1, 0xaca2,
0x1267, 0x0227, 0x22c6, 0x4b85, 0x5bc5, 0x5be5, 0x3b66, 0x1a66, 0x1246, 0x1a86, 0x1267, 0x1267, 0x22e7, 0x3347, 0x7c65, 0x6c05,
0x5b85, 0x1a66, 0x0208, 0x0a07, 0x01c7, 0x9444, 0xdd62, 0xd522, 0xccc2, 0xbc82, 0x9ce4, 0x9d04, 0x9d44, 0x7ce5, 0x3be6, 0x5426,
0xc4e2, 0xc4c2, 0xcd22, 0xbca2, 0xb422, 0xb442, 0xbc42, 0xd523, 0xcd03, 0xac22, 0xb463, 0xbca3, 0xc4c2, 0xd4c2, 0x8ca3, 0x5c85,
0x2bc7, 0x6486, 0x74c5, 0x8506, 0xd583, 0xdd22, 0xb463, 0x9c84, 0x8464, 0x7445, 0x9464, 0xb463, 0x9c43, 0x7445, 0x5486, 0x7c85,
0xb402, 0xabe2, 0x8bc3, 0x5ba5, 0x63a5, 0x8c03, 0x9c43, 0x73c5, 0x5ba7, 0x94c4, 0x8c84, 0x5bc6, 0x5ba6, 0x53c6, 0x4be7, 0x53e7,
0x53c7, 0x4367, 0x4b47, 0x5347, 0x5327, 0x6347, 0x5c06, 0x5c06, 0x5bc6, 0x6ba6, 0x9be8, 0xbc4a, 0xc48a, 0xc48b, 0xd4cb, 0xd4cb,
0xd48b, 0xcc8b, 0xdd2d, 0xe56e, 0xdd4e, 0xdd4e, 0xedf0, 0xf651, 0xf650, 0xfeca, 0xfea8, 0xeded, 0xf68a, 0xff0a, 0xe58f, 0xd4ee,
0xede7, 0xfec4, 0xfea7, 0xee2a, 0xdd89, 0xe565, 0xee23, 0xfea4, 0xf685, 0xf6a6, 0xee66, 0xe5e4, 0xf644, 0xfec5, 0xff05, 0xee04,
0xe5c4, 0xf664, 0xf683, 0xf684, 0xf665, 0xee04, 0xe5a4, 0xf685, 0xfee5, 0xf623, 0xede3, 0xedc3, 0xf664, 0xfe84, 0xfea4, 0xf624,
0xe5a4, 0xede5, 0xff06, 0xf664, 0xee03, 0xf623, 0xf603, 0xede3, 0xf644, 0xfec5, 0xf644, 0xede3, 0xee04, 0xf6c7, 0xf6a5, 0xf685,
0xfec7, 0xf6a6, 0xf644, 0xf623, 0xee23, 0xf664, 0xf664, 0xfe85, 0xf684, 0xf602, 0xfea6, 0xff28, 0xf685, 0xede2, 0xee02, 0xf623,
0xf645, 0xf665, 0xff09, 0xee45, 0xede3, 0xf664, 0xf644, 0xf645, 0xf645, 0xee24, 0xee24, 0xf644, 0xee65, 0xf685, 0xee24, 0xee44,
0xf686, 0xf665, 0xf6a6, 0xf6a5, 0xf663, 0xe5c4, 0xe604, 0xf664, 0xf6a5, 0xf664, 0xee24, 0xee65, 0xf6a6, 0xf643, 0xf684, 0xf684,
0xee24, 0xee04, 0xf686, 0xf664, 0xf623, 0xfe84, 0xf685, 0xf664, 0xf643, 0xf622, 0xede3, 0xee03, 0xf687, 0xf687, 0xee24, 0xee44,
0xfe84, 0xf665, 0xee24, 0xf664, 0xf684, 0xf664, 0xee23, 0xee44, 0xee44, 0xe5c2, 0xee23, 0xf6a5, 0xf664, 0xf664, 0xee23, 0xee03,
0xee25, 0xee45, 0xf663, 0xee64, 0xf6a4, 0xf644, 0xf624, 0xfee6, 0xf6a6, 0xede3, 0xee44, 0xf665, 0xf685, 0xf6a6, 0xf644, 0xf644,
0xf685, 0xf665, 0xf644, 0xf644, 0xee04, 0xe5e4, 0xee04, 0xfe84, 0xf663, 0xf663, 0xe5c3, 0xe5a2, 0xf623, 0xfe83, 0xf6a4, 0xee24,
0xf644, 0xf664, 0xf644, 0xf644, 0xf684, 0xe604, 0xdde5, 0xf6c8, 0xf6c6, 0xf664, 0xf664, 0xf664, 0xf624, 0xee04, 0xf664, 0xf664,
0xf664, 0xee24, 0xee04, 0xf6a5, 0xf684, 0xfec6, 0xfea6, 0xee04, 0xf664, 0xf684, 0xee23, 0xee03, 0xf664, 0xf644, 0xee64, 0xf684,
0xde05, 0xddc5, 0xf6a6, 0xf664, 0xf623, 0xf664, 0xee44, 0xe5c4, 0xee04, 0xf6a5, 0xee04, 0xe5c3, 0xede3, 0xf643, 0xfee5, 0xf684,
0xee03, 0xee03, 0xfec6, 0xee24, 0xe5c2, 0xee25, 0xee47, 0xfec7, 0xf6a5, 0xee02, 0xf643, 0xfea5, 0xf665, 0xe604, 0xe5c2, 0xf663,
0xfee6, 0xf665, 0xe5e4, 0xee03, 0xf664, 0xf664, 0xfec6, 0xf6a6, 0xf685, 0xf623, 0xee03, 0xee24, 0xf644, 0xf685, 0xf664, 0xee24,
0xee04, 0xee03, 0xf6c7, 0xfec6, 0xf684, 0xf684, 0xf685, 0xe5c4, 0xede4, 0xf664, 0xfe85, 0xf6c7, 0xee05, 0xe5c4, 0xe625, 0xddc4,
0xdd85, 0xee05, 0xf6c7, 0xee24, 0xee23, 0xf666, 0xf6a8, 0xf666, 0xf645, 0xede4, 0xe5e4, 0xee88, 0xee87, 0xee03, 0xf6c3, 0xee43,
0xcd83, 0xbd64, 0xeea5, 0xe624, 0xb4c2, 0xd5a4, 0xf706, 0xf6a6, 0xcda4, 0x3b85, 0x5c66, 0xd668, 0xde88, 0x8cc6, 0x4be7, 0x7467,
0xcd66, 0xd5a6, 0x6467, 0x5489, 0x6d09, 0x5488, 0x5cc8, 0x85a9, 0x8dc9, 0x9e08, 0x9e28, 0x7d68, 0x3bc7, 0x2b67, 0x7507, 0x8da7,
0x95a7, 0x95e7, 0xa606, 0xae47, 0xbe87, 0xb647, 0xbe26, 0xce67, 0xae07, 0x7527, 0x7d68, 0x7d68, 0x95e8, 0xa648, 0xbec9, 0xc6a8,
0xde65, 0xd666, 0xb668, 0x8d88, 0x74e8, 0x74e8, 0x5447, 0x43c7, 0x2b47, 0x1ae7, 0x6ca7, 0xc6a7, 0x8567, 0x5426, 0x2b47, 0x0a88,
0x64a8, 0x6ce8, 0x12a7, 0x1267, 0x1267, 0x4ba6, 0x7d06, 0x9dc7, 0xa628, 0x9de8, 0x9e08, 0x9e28, 0x9e28, 0x9e28, 0xbe67, 0xce86,
0xce86, 0xc667, 0xae48, 0xae68, 0xbe68, 0xbe68, 0xae68, 0xae49, 0xae48, 0xae68, 0xd666, 0xde47, 0xae68, 0xa648, 0xa669, 0xb689,
0xb688, 0xae68, 0xae68, 0xa648, 0x9e28, 0xcea8, 0xdec8, 0xbe88, 0xa649, 0xb668, 0xce87, 0xce66, 0xbe47, 0xbe47, 0xae28, 0xa628,
0xb627, 0xd645, 0xd686, 0xc647, 0xb648, 0xae48, 0xae28, 0xc667, 0xe666, 0xe665, 0xb647, 0xa627, 0xa607, 0xb627, 0xde65, 0xe664,
0xde04, 0xd625, 0xb648, 0xc687, 0xdea6, 0xde45, 0xf644, 0xc5c5, 0x85a7, 0xeee8, 0xff28, 0xfee6, 0xfec5, 0xd625, 0xae05, 0xce66,
0xf685, 0xf685, 0xdeea, 0xbe48, 0xd605, 0xee44, 0xf685, 0xee66, 0xce27, 0xde47, 0xf6a5, 0xfea4, 0xfea4, 0xee64, 0xddc2, 0xe5e2,
0xf663, 0xfec6, 0xff4b, 0xe6a6, 0xce24, 0xce24, 0xd645, 0xeee8, 0xf6e8, 0xe603, 0xee65, 0xeec8, 0xf6a6, 0xf684, 0xf662, 0xfe83,
0xff06, 0xff07, 0xf622, 0xf643, 0xfec5, 0xfec6, 0xfee8, 0xee45, 0xee03, 0xee02, 0xf684, 0xfee9, 0xfee9, 0xfee9, 0xee23, 0xee43,
0xf6c8, 0xf6c7, 0xff08, 0xf684, 0xee03, 0xe5e5, 0xe5e6, 0xf6a8, 0xf6c6, 0xf683, 0xf684, 0xf6a5, 0xe605, 0xe5c4, 0xf644, 0xf685,
0xf686, 0xf665, 0xf664, 0xfea4, 0xfea4, 0xee24, 0xe5e3, 0xf6c6, 0xee65, 0xddc3, 0xf6c5, 0xf6e6, 0xe5c3, 0xe5a3, 0xe562, 0xee03,
0xfee7, 0xf6a6, 0xfec6, 0xf624, 0xede3, 0xede3, 0xee23, 0xf684, 0xee64, 0xee64, 0xf664, 0xf685, 0xf644, 0xee45, 0xee04, 0xee04,
0xfec6, 0xf664, 0xddc3, 0x94c5, 0x8cc6, 0xa567, 0xf645, 0xe5e4, 0xad23, 0x4c25, 0x3ba5, 0x2b26, 0xcd83, 0xfea3, 0xcde4, 0x9d05,
0x6c65, 0x84a5, 0xe5c3, 0xf6c6, 0xff48, 0xdd63, 0xccc3, 0xdd83, 0xf623, 0xfe85, 0xd5a4, 0x9ce4, 0x5c45, 0x2ba6, 0xc585, 0xe5e4,
0xcd64, 0xe5e3, 0xe5c3, 0xdda3, 0xdd83, 0xdd82, 0xedc2, 0xee03, 0xe604, 0xbda4, 0x6cc5, 0x4c66, 0x3be6, 0x2346, 0x6445, 0xc584,
0xf622, 0xd5a3, 0x9c84, 0x3305, 0x0a66, 0x0a66, 0x0a67, 0x12a7, 0x3b67, 0x5bc7, 0x2286, 0x1246, 0x3345, 0x3365, 0x0a06, 0x1246,
0x2306, 0x3b66, 0x53a5, 0x4305, 0x09e6, 0x01a7, 0x01c6, 0x09e6, 0x0186, 0x6344, 0xf602, 0xee24, 0xdd62, 0xd501, 0x8443, 0x5be5,
0xcce3, 0xd503, 0xdd02, 0xc4c3, 0x7c64, 0x6ca5, 0x8d05, 0x5c66, 0x3be7, 0x4bc7, 0x7465, 0x5c46, 0x6486, 0xb523, 0xe5a1, 0xaca2,
0x1267, 0x0227, 0x22c6, 0x4b85, 0x5bc5, 0x5be5, 0x3b66, 0x1a66, 0x1246, 0x1a86, 0x1267, 0x1267, 0x22e7, 0x3347, 0x7c65, 0x6c05,
0x5b85, 0x1a66, 0x0208, 0x0a07, 0x01c7, 0x9444, 0xdd62, 0xd522, 0xccc2, 0xbc82, 0x9ce4, 0x9d04, 0x9d44, 0x7ce5, 0x3be6, 0x5426,
0xc4e2, 0xc4c2, 0xcd22, 0xbca2, 0xb422, 0xb442, 0xbc42, 0xd523, 0xcd03, 0xac22, 0xb463, 0xbca3, 0xc4c2, 0xd4c2, 0x8ca3, 0x5c85,
0x2bc7, 0x6486, 0x74c5, 0x8506, 0xd583, 0xdd22, 0xb463, 0x9c84, 0x8464, 0x7445, 0x9464, 0xb463, 0x9c43, 0x7445, 0x5486, 0x7c85,
0xb402, 0xabe2, 0x8bc3, 0x5ba5, 0x63a5, 0x8c03, 0x9c43, 0x73c5, 0x5ba7, 0x94c4, 0x8c84, 0x5bc6, 0x5ba6, 0x53c6, 0x4be7, 0x53e7,
0x53c7, 0x4367, 0x4b47, 0x5347, 0x5327, 0x6347, 0x5c06, 0x5c06, 0x5bc6, 0x6ba6, 0x9be8, 0xbc4a, 0xc48a, 0xc48b, 0xd4cb, 0xd4cb,
0xd48b, 0xcc8b, 0xdd2d, 0xe56e, 0xdd4e, 0xdd4e, 0xedf0, 0xf651, 0xf650, 0xfeca, 0xfea8, 0xeded, 0xf68a, 0xff0a, 0xe58f, 0xd4ee,
0xede7, 0xfec4, 0xfea7, 0xee2a, 0xdd89, 0xe565, 0xee23, 0xfea4, 0xf685, 0xf6a6, 0xee66, 0xe5e4, 0xf644, 0xfec5, 0xff05, 0xee04,
0xe5c4, 0xf664, 0xf683, 0xf684, 0xf665, 0xee04, 0xe5a4, 0xf685, 0xfee5, 0xf623, 0xede3, 0xedc3, 0xf664, 0xfe84, 0xfea4, 0xf624,
0xe5a4, 0xede5, 0xff06, 0xf664, 0xee03, 0xf623, 0xf603, 0xede3, 0xf644, 0xfec5, 0xf644, 0xede3, 0xee04, 0xf6c7, 0xf6a5, 0xf685,
0xfec7, 0xf6a6, 0xf644, 0xf623, 0xee23, 0xf664, 0xf664, 0xfe85, 0xf684, 0xf602, 0xfea6, 0xff28, 0xf685, 0xede2, 0xee02, 0xf623,
0xf645, 0xf665, 0xff09, 0xee45, 0xede3, 0xf664, 0xf644, 0xf645, 0xf645, 0xee24, 0xee24, 0xf644, 0xee65, 0xf685, 0xee24, 0xee44,
0xf686, 0xf665, 0xf6a6, 0xf6a5, 0xf663, 0xe5c4, 0xe604, 0xf664, 0xf6a5, 0xf664, 0xee24, 0xee65, 0xf6a6, 0xf643, 0xf684, 0xf684,
0xee24, 0xee04, 0xf686, 0xf664, 0xf623, 0xfe84, 0xf685, 0xf664, 0xf643, 0xf622, 0xede3, 0xee03, 0xf687, 0xf687, 0xee24, 0xee44,
0xfe84, 0xf665, 0xee24, 0xf664, 0xf684, 0xf664, 0xee23, 0xee44, 0xee44, 0xe5c2, 0xee23, 0xf6a5, 0xf664, 0xf664, 0xee23, 0xee03,
0xee25, 0xee45, 0xf663, 0xee64, 0xf6a4, 0xf644, 0xf624, 0xfee6, 0xf6a6, 0xede3, 0xee44, 0xf665, 0xf685, 0xf6a6, 0xf644, 0xf644,
0xf685, 0xf665, 0xf644, 0xf644, 0xee04, 0xe5e4, 0xee04, 0xfe84, 0xf663, 0xf663, 0xe5c3, 0xe5a2, 0xf623, 0xfe83, 0xf6a4, 0xee24,
0xf644, 0xf664, 0xf644, 0xf644, 0xf684, 0xe604, 0xdde5, 0xf6c8, 0xf6c6, 0xf664, 0xf664, 0xf664, 0xf624, 0xee04, 0xf664, 0xf664,
0xf664, 0xee24, 0xee04, 0xf6a5, 0xf684, 0xfec6, 0xfea6, 0xee04, 0xf664, 0xf684, 0xee23, 0xee03, 0xf664, 0xf644, 0xee64, 0xf684,

/* -94- */
0xbcc3, 0xc4c4, 0xdd22, 0xe522, 0xe522, 0x6c85, 0x3c26, 0x4c26, 0x4407, 0x3b67, 0x3b86, 0x2b67, 0x7ca5, 0xc542, 0xd541, 0xbcc1,
0x2266, 0x1246, 0x1225, 0x01e5, 0x1a86, 0x3326, 0x3b86, 0x1a87, 0x0a07, 0x0a08, 0x0a08, 0x1a68, 0x43c6, 0x43c6, 0x3b66, 0x22c6,
0x0208, 0x0a27, 0x1227, 0x1205, 0x09c5, 0x9404, 0xd502, 0xcd03, 0xcca2, 0xb423, 0x4ba5, 0x5425, 0x7cc5, 0x7ca5, 0x2b86, 0x53c5,
0xc4c2, 0xc4c2, 0xcce2, 0xc4c2, 0xb4a2, 0xb462, 0xc462, 0xdd43, 0xd543, 0xb442, 0x8c24, 0x8c65, 0xcce2, 0xdce1, 0x8483, 0x4c65,
0x2b87, 0x5c46, 0x5446, 0x5c66, 0xd543, 0xcce3, 0x83c4, 0x63e5, 0x6405, 0x73e4, 0x8403, 0xac41, 0x8c44, 0x4c07, 0x3c48, 0x7ca5,
0xbc63, 0xbc43, 0x7be5, 0x5bc6, 0x6be5, 0x8c04, 0x9443, 0x4ba7, 0x2b49, 0x8ca5, 0x7c45, 0x3308, 0x22c7, 0x22c7, 0x2ac7, 0x2ae7,
0x2ac7, 0x4b07, 0xc3ea, 0xc3ca, 0xb3aa, 0xb429, 0x6466, 0x4c46, 0x3bc7, 0x2b07, 0x9388, 0xccab, 0xdd4d, 0xd4ec, 0xd50d, 0xd50c,
0xcccb, 0xd4ec, 0xedef, 0xf631, 0xf651, 0xf631, 0xf611, 0xee10, 0xee2f, 0xfee7, 0xf687, 0xdd6d, 0xee49, 0xff68, 0xf64e, 0xdd0d,
0xdd48, 0xfec5, 0xfee6, 0xff26, 0xf6c7, 0xd4e3, 0xd523, 0xee24, 0xfea5, 0xfec6, 0xee86, 0xdd63, 0xf623, 0xf684, 0xf684, 0xd543,
0xcce3, 0xee24, 0xff25, 0xfee5, 0xf644, 0xdd84, 0xd523, 0xf6a5, 0xfee5, 0xf603, 0xedc3, 0xe582, 0xf644, 0xfe85, 0xfec4, 0xee24,
0xdd44, 0xe5c5, 0xfee6, 0xf623, 0xedc2, 0xee03, 0xee03, 0xe583, 0xede3, 0xff26, 0xee24, 0xedc3, 0xede4, 0xf666, 0xf6c6, 0xfec6,
0xff29, 0xf6a7, 0xede3, 0xede3, 0xee03, 0xf685, 0xfe86, 0xf645, 0xf665, 0xfe84, 0xf6c6, 0xff49, 0xf6a5, 0xedc1, 0xfea5, 0xf644,
0xede3, 0xf624, 0xff29, 0xee44, 0xdd81, 0xee03, 0xf644, 0xf686, 0xf645, 0xe582, 0xede3, 0xf664, 0xf665, 0xf6c6, 0xd522, 0xe5c3,
0xf6a6, 0xee03, 0xf6a7, 0xf6e6, 0xfec5, 0xdda4, 0xd583, 0xe665, 0xf748, 0xf664, 0xf664, 0xf665, 0xee65, 0xf643, 0xf684, 0xf684,
0xee45, 0xee46, 0xf6ca, 0xee24, 0xdd80, 0xf664, 0xf685, 0xe5c3, 0xe5a2, 0xede2, 0xede2, 0xe5e2, 0xee67, 0xee45, 0xede3, 0xee23,
0xfe85, 0xee05, 0xcd03, 0xee24, 0xfee5, 0xf664, 0xede3, 0xd502, 0xcd02, 0xede3, 0xf623, 0xfee6, 0xf644, 0xee24, 0xfea4, 0xf644,
0xd563, 0xe5c4, 0xee23, 0xee23, 0xf6e5, 0xf685, 0xf685, 0xf6c6, 0xee24, 0xdd42, 0xee25, 0xff07, 0xf6c6, 0xff06, 0xfec5, 0xf665,
0xf6c6, 0xf6c6, 0xf624, 0xfe85, 0xee44, 0xcd43, 0xe5e4, 0xfea4, 0xfec4, 0xfea4, 0xc4e2, 0xd522, 0xee03, 0xfe84, 0xff06, 0xe603,
0xede3, 0xee03, 0xede3, 0xf664, 0xfee5, 0xdda4, 0xc545, 0xee88, 0xee45, 0xede2, 0xf664, 0xfec5, 0xedc3, 0xdd62, 0xf644, 0xf644,
0xf664, 0xede3, 0xd521, 0xee43, 0xfee5, 0xfee6, 0xf665, 0xdd21, 0xee44, 0xfea4, 0xedc2, 0xe5c2, 0xede3, 0xf644, 0xff05, 0xf6c6,
0xbd67, 0xc567, 0xff29, 0xf685, 0xee03, 0xf665, 0xf665, 0xd522, 0xdda3, 0xff26, 0xede3, 0xe583, 0xe5a3, 0xee03, 0xff26, 0xf6a5,
0xe5c3, 0xede3, 0xfec6, 0xe5a3, 0xd501, 0xfec9, 0xf6a9, 0xf6a8, 0xf687, 0xede2, 0xe5c2, 0xfea6, 0xee66, 0xc502, 0xdd61, 0xfe83,
0xfec6, 0xf624, 0xdd63, 0xdd63, 0xfec6, 0xfec5, 0xfe85, 0xfec6, 0xfee7, 0xf643, 0xede3, 0xee44, 0xf685, 0xee45, 0xee24, 0xee24,
0xdda3, 0xe5e4, 0xeeaa, 0xf6c7, 0xfea3, 0xfec4, 0xf644, 0xd503, 0xd503, 0xf6a4, 0xfee6, 0xf708, 0xe5c4, 0xe583, 0xff26, 0xee25,
0xdd86, 0xf646, 0xf6a9, 0xee24, 0xede2, 0xf6a7, 0xf72d, 0xf686, 0xede3, 0xd542, 0xdd62, 0xf70b, 0xff4a, 0xf663, 0xede1, 0xdd82,
0xe5e3, 0xfea4, 0xff07, 0xd5a5, 0x9ba1, 0xde05, 0xff49, 0xf666, 0xc544, 0x3b45, 0x9547, 0xffcb, 0xc5e8, 0x22e6, 0x1286, 0x8ca7,
0xfe87, 0xfe66, 0x6c47, 0x33c8, 0x5c89, 0x4428, 0x5ca8, 0x7d49, 0x64c8, 0x85a8, 0x8587, 0x4407, 0x2327, 0x2b67, 0x64a7, 0x7d26,
0x74e6, 0x8546, 0x9de6, 0xae47, 0xb667, 0xbe46, 0xd644, 0xd665, 0xb627, 0x7568, 0x7568, 0x5cc8, 0x7da8, 0x9e28, 0xd6c8, 0xe6a6,
0xfea5, 0xf6c5, 0xce67, 0x74a7, 0x3366, 0x5c47, 0x7d07, 0x7d06, 0x5c66, 0x2306, 0x2b27, 0xa5e6, 0x9586, 0x5c87, 0x2b67, 0x0a88,
0x5488, 0x33a7, 0x12a8, 0x0a88, 0x3327, 0x9586, 0xae26, 0xa5e7, 0x9dc7, 0x8547, 0x7507, 0x95c8, 0x9e28, 0x8da8, 0xb647, 0xd685,
0xd686, 0xce87, 0xae47, 0xbe67, 0xcec7, 0xcea8, 0xb648, 0xa629, 0xae48, 0xbe88, 0xe666, 0xfe86, 0xbe47, 0xa648, 0xa668, 0xae68,
0xb688, 0xae68, 0xa648, 0xa628, 0xa628, 0xeee7, 0xff48, 0xc688, 0x9e29, 0x9e28, 0xc666, 0xe6a5, 0xa565, 0x6447, 0xae08, 0xae27,
0xade6, 0xc604, 0xee84, 0xee85, 0xbe27, 0xa607, 0xae27, 0xbe06, 0xde25, 0xfe84, 0xae07, 0x9de7, 0x9dc7, 0x9d86, 0xee65, 0xee64,
0xcdc4, 0xbdc5, 0x7588, 0xbe68, 0xff06, 0xde25, 0xdde4, 0xa586, 0x7547, 0xe686, 0xfee6, 0xf6a5, 0xf684, 0xf664, 0xad64, 0xad84,
0xee04, 0xf645, 0xe70c, 0xdeeb, 0xf6a7, 0xee03, 0xee23, 0xfea4, 0xe667, 0xd607, 0xfec5, 0xf664, 0xf664, 0xf685, 0xd582, 0xd581,
0xe603, 0xf6c6, 0xff4b, 0xff29, 0xee85, 0xbda3, 0xbda4, 0xe687, 0xf6a7, 0xdda1, 0xde03, 0xee85, 0xee64, 0xf663, 0xee01, 0xf642,
0xfee6, 0xfec5, 0xede2, 0xee22, 0xfee6, 0xf6e7, 0xf708, 0xe624, 0xe5a1, 0xede1, 0xf685, 0xff2b, 0xff0a, 0xfee8, 0xee01, 0xee22,
0xf6c8, 0xfec7, 0xfee8, 0xfec5, 0xf622, 0xcd44, 0xdde6, 0xee88, 0xf685, 0xf661, 0xee22, 0xf644, 0xdd63, 0xd523, 0xee04, 0xf685,
0xf6c8, 0xf645, 0xedc3, 0xfe84, 0xfee5, 0xdd82, 0xd582, 0xee65, 0xe605, 0xd562, 0xf6a5, 0xf6c5, 0xe562, 0xdd23, 0xd4c2, 0xe5a4,
0xff28, 0xf6c7, 0xf685, 0xe5a2, 0xe541, 0xede2, 0xee23, 0xee22, 0xee64, 0xeec7, 0xf6a6, 0xf6e7, 0xee24, 0xe5c3, 0xe5a3, 0xe5c3,
0xf6a5, 0xfe84, 0xbd02, 0x22c5, 0x12e6, 0x3ba6, 0xe605, 0xfe63, 0xd5a3, 0x4c25, 0x3ba6, 0x3346, 0xd5a3, 0xfea3, 0x9504, 0x4c05,
0x02c6, 0x2b26, 0xdda3, 0xf664, 0xf706, 0xd522, 0xc4c2, 0xe5c3, 0xf602, 0xf5c0, 0xbd04, 0x5c05, 0x5405, 0x3ba6, 0x6c45, 0x9ca4,
0xb4c3, 0xdd83, 0xe5c2, 0xe5c3, 0xe5a2, 0xe5a2, 0xedc3, 0xe5a3, 0xe5e3, 0xfe63, 0x74c5, 0x4467, 0x3be6, 0x2326, 0xbd64, 0xee03,
0xcd42, 0xb504, 0x63e5, 0x32c4, 0x1a45, 0x0a25, 0x1246, 0x0a46, 0x0a46, 0x0a46, 0x0a26, 0x0a27, 0x2b46, 0x3386, 0x09c7, 0x1227,
0x43e6, 0x4c05, 0x0a47, 0x01e8, 0x0a07, 0x1227, 0x1207, 0x11e6, 0x0185, 0x6344, 0xf5a1, 0xe581, 0xd502, 0xcce2, 0x53c5, 0x2b86,
0xbcc3, 0xc4c4, 0xdd22, 0xe522, 0xe522, 0x6c85, 0x3c26, 0x4c26, 0x4407, 0x3b67, 0x3b86, 0x2b67, 0x7ca5, 0xc542, 0xd541, 0xbcc1,
0x2266, 0x1246, 0x1225, 0x01e5, 0x1a86, 0x3326, 0x3b86, 0x1a87, 0x0a07, 0x0a08, 0x0a08, 0x1a68, 0x43c6, 0x43c6, 0x3b66, 0x22c6,
0x0208, 0x0a27, 0x1227, 0x1205, 0x09c5, 0x9404, 0xd502, 0xcd03, 0xcca2, 0xb423, 0x4ba5, 0x5425, 0x7cc5, 0x7ca5, 0x2b86, 0x53c5,
0xc4c2, 0xc4c2, 0xcce2, 0xc4c2, 0xb4a2, 0xb462, 0xc462, 0xdd43, 0xd543, 0xb442, 0x8c24, 0x8c65, 0xcce2, 0xdce1, 0x8483, 0x4c65,
0x2b87, 0x5c46, 0x5446, 0x5c66, 0xd543, 0xcce3, 0x83c4, 0x63e5, 0x6405, 0x73e4, 0x8403, 0xac41, 0x8c44, 0x4c07, 0x3c48, 0x7ca5,
0xbc63, 0xbc43, 0x7be5, 0x5bc6, 0x6be5, 0x8c04, 0x9443, 0x4ba7, 0x2b49, 0x8ca5, 0x7c45, 0x3308, 0x22c7, 0x22c7, 0x2ac7, 0x2ae7,
0x2ac7, 0x4b07, 0xc3ea, 0xc3ca, 0xb3aa, 0xb429, 0x6466, 0x4c46, 0x3bc7, 0x2b07, 0x9388, 0xccab, 0xdd4d, 0xd4ec, 0xd50d, 0xd50c,
0xcccb, 0xd4ec, 0xedef, 0xf631, 0xf651, 0xf631, 0xf611, 0xee10, 0xee2f, 0xfee7, 0xf687, 0xdd6d, 0xee49, 0xff68, 0xf64e, 0xdd0d,
0xdd48, 0xfec5, 0xfee6, 0xff26, 0xf6c7, 0xd4e3, 0xd523, 0xee24, 0xfea5, 0xfec6, 0xee86, 0xdd63, 0xf623, 0xf684, 0xf684, 0xd543,
0xcce3, 0xee24, 0xff25, 0xfee5, 0xf644, 0xdd84, 0xd523, 0xf6a5, 0xfee5, 0xf603, 0xedc3, 0xe582, 0xf644, 0xfe85, 0xfec4, 0xee24,
0xdd44, 0xe5c5, 0xfee6, 0xf623, 0xedc2, 0xee03, 0xee03, 0xe583, 0xede3, 0xff26, 0xee24, 0xedc3, 0xede4, 0xf666, 0xf6c6, 0xfec6,
0xff29, 0xf6a7, 0xede3, 0xede3, 0xee03, 0xf685, 0xfe86, 0xf645, 0xf665, 0xfe84, 0xf6c6, 0xff49, 0xf6a5, 0xedc1, 0xfea5, 0xf644,
0xede3, 0xf624, 0xff29, 0xee44, 0xdd81, 0xee03, 0xf644, 0xf686, 0xf645, 0xe582, 0xede3, 0xf664, 0xf665, 0xf6c6, 0xd522, 0xe5c3,
0xf6a6, 0xee03, 0xf6a7, 0xf6e6, 0xfec5, 0xdda4, 0xd583, 0xe665, 0xf748, 0xf664, 0xf664, 0xf665, 0xee65, 0xf643, 0xf684, 0xf684,
0xee45, 0xee46, 0xf6ca, 0xee24, 0xdd80, 0xf664, 0xf685, 0xe5c3, 0xe5a2, 0xede2, 0xede2, 0xe5e2, 0xee67, 0xee45, 0xede3, 0xee23,
0xfe85, 0xee05, 0xcd03, 0xee24, 0xfee5, 0xf664, 0xede3, 0xd502, 0xcd02, 0xede3, 0xf623, 0xfee6, 0xf644, 0xee24, 0xfea4, 0xf644,
0xd563, 0xe5c4, 0xee23, 0xee23, 0xf6e5, 0xf685, 0xf685, 0xf6c6, 0xee24, 0xdd42, 0xee25, 0xff07, 0xf6c6, 0xff06, 0xfec5, 0xf665,
0xf6c6, 0xf6c6, 0xf624, 0xfe85, 0xee44, 0xcd43, 0xe5e4, 0xfea4, 0xfec4, 0xfea4, 0xc4e2, 0xd522, 0xee03, 0xfe84, 0xff06, 0xe603,
0xede3, 0xee03, 0xede3, 0xf664, 0xfee5, 0xdda4, 0xc545, 0xee88, 0xee45, 0xede2, 0xf664, 0xfec5, 0xedc3, 0xdd62, 0xf644, 0xf644,
0xf664, 0xede3, 0xd521, 0xee43, 0xfee5, 0xfee6, 0xf665, 0xdd21, 0xee44, 0xfea4, 0xedc2, 0xe5c2, 0xede3, 0xf644, 0xff05, 0xf6c6,

/* -95- */
0xd523, 0x8446, 0x5ba6, 0x9464, 0xf562, 0xa4c4, 0x4406, 0x43c6, 0x3b87, 0x2b07, 0x6405, 0x9ce3, 0x7c44, 0x4b46, 0x3b06, 0x83e3,
0xbca2, 0xac83, 0x1a06, 0x01c6, 0x1227, 0x1227, 0x1a87, 0x3b86, 0x3b66, 0x1247, 0x0a08, 0x1a67, 0x3346, 0x3346, 0x1a87, 0x1227,
0x1247, 0x1227, 0x01a7, 0x73a4, 0xccc3, 0xc4c2, 0xccc2, 0x9444, 0x9c83, 0xaca3, 0x9c83, 0x6405, 0x53e5, 0x6c45, 0x1b06, 0x4365,
0xccc2, 0xc4e2, 0x7c86, 0x5426, 0x4c06, 0xb4a3, 0xd4e2, 0xd4e2, 0xccc2, 0xc4a2, 0x63e5, 0x33e7, 0x9c43, 0xcc61, 0x9483, 0x6465,
0x2307, 0x2b26, 0x9c64, 0xbca3, 0xa484, 0x7c25, 0x7405, 0x43a6, 0x5bc5, 0xb4a3, 0xc527, 0xeed3, 0xbdef, 0x6c89, 0x6cc9, 0x9ca5,
0xbc63, 0xb443, 0x8c05, 0x4386, 0x2328, 0x4327, 0x4307, 0x2b28, 0x2329, 0x3b08, 0x3b08, 0x2ae8, 0x4b28, 0x93a9, 0x9388, 0x8388,
0x83c8, 0x83e8, 0x9408, 0xcc8b, 0xcc8b, 0xbcaa, 0x64a6, 0x4c66, 0x4407, 0x4388, 0xdd8d, 0xe5ae, 0xdd8d, 0xe5ef, 0xee50, 0xf671,
0xf651, 0xf651, 0xf631, 0xf651, 0xf651, 0xf630, 0xee10, 0xc4ac, 0xd54c, 0xfea6, 0xf666, 0xf668, 0xf686, 0xff06, 0xfea9, 0xe549,
0xccc7, 0xd505, 0xee24, 0xf663, 0xf643, 0xf644, 0xd502, 0xdd83, 0xfec5, 0xf644, 0xe584, 0xede4, 0xfec4, 0xf684, 0xee03, 0xee46,
0xdd64, 0xf644, 0xfea4, 0xf664, 0xf644, 0xf665, 0xf665, 0xee03, 0xe5c3, 0xfea5, 0xee04, 0xf6a7, 0xf686, 0xe5a4, 0xf684, 0xf684,
0xf686, 0xe5c5, 0xd503, 0xee45, 0xfec6, 0xf685, 0xf665, 0xf665, 0xf645, 0xedc3, 0xf665, 0xee04, 0xe5a3, 0xf625, 0xfec6, 0xf6a6,
0xf686, 0xede4, 0xe562, 0xf645, 0xf6a6, 0xee04, 0xee05, 0xdda4, 0xee25, 0xff29, 0xf665, 0xede3, 0xee03, 0xf644, 0xf6c7, 0xee45,
0xe582, 0xede3, 0xfea5, 0xfea5, 0xf685, 0xd522, 0xdd63, 0xede4, 0xee25, 0xfee7, 0xede4, 0xdd22, 0xdd43, 0xdd83, 0xf685, 0xf6a5,
0xf685, 0xf665, 0xee04, 0xde04, 0xee44, 0xf664, 0xf664, 0xee24, 0xdd83, 0xf664, 0xf6a5, 0xf644, 0xe5a3, 0xf664, 0xee02, 0xee02,
0xf6c9, 0xf667, 0xee04, 0xf665, 0xf6a6, 0xdda2, 0xdda3, 0xf644, 0xee44, 0xf686, 0xf664, 0xf644, 0xee25, 0xee45, 0xee65, 0xf686,
0xd605, 0xd605, 0xf664, 0xf6a5, 0xf6c5, 0xe583, 0xe543, 0xee45, 0xee45, 0xf6c6, 0xf645, 0xe5a3, 0xe563, 0xeda3, 0xff28, 0xfec6,
0xe5c4, 0xdd83, 0xe5c3, 0xee44, 0xf684, 0xf665, 0xf685, 0xf665, 0xf645, 0xf6a5, 0xe5c4, 0xdd63, 0xe5c3, 0xf664, 0xff26, 0xf685,
0xeda3, 0xf5e3, 0xf5c3, 0xe5a3, 0xddc3, 0xde04, 0xe624, 0xfec4, 0xf643, 0xcd22, 0xdd63, 0xf685, 0xfea5, 0xf684, 0xee23, 0xee03,
0xf624, 0xf623, 0xfea5, 0xfe84, 0xee03, 0xe5c4, 0xee25, 0xd563, 0xe604, 0xff28, 0xf645, 0xede3, 0xf624, 0xee44, 0xf664, 0xf644,
0xf644, 0xf665, 0xf665, 0xee02, 0xf683, 0xfea5, 0xf624, 0xf665, 0xe5e3, 0xe5e3, 0xf664, 0xe5c2, 0xee03, 0xee24, 0xfee6, 0xee66,
0xe606, 0xee46, 0xfea5, 0xfe85, 0xf665, 0xdd22, 0xe562, 0xf644, 0xf664, 0xf684, 0xf624, 0xf685, 0xe5a3, 0xdd22, 0xe5c3, 0xede3,
0xf6c7, 0xf686, 0xdd63, 0xede4, 0xf685, 0xfeea, 0xf688, 0xee04, 0xede4, 0xe5a2, 0xede2, 0xee03, 0xede3, 0xf665, 0xf685, 0xfec5,
0xfe64, 0xd522, 0xdd43, 0xe5a3, 0xf6a5, 0xee24, 0xede2, 0xf623, 0xee23, 0xee65, 0xee25, 0xf6a6, 0xf6c7, 0xf665, 0xf644, 0xe5e3,
0xee25, 0xf709, 0xdde6, 0xf665, 0xfec4, 0xe583, 0xdd23, 0xee04, 0xf685, 0xfec5, 0xee44, 0xf666, 0xede4, 0xeda3, 0xfee6, 0xfea6,
0xf6c7, 0xfec7, 0xe583, 0xedc3, 0xf603, 0xf645, 0xf685, 0xe5c3, 0xdd83, 0xfee6, 0xee24, 0xe5a2, 0xee02, 0xf643, 0xe5c2, 0xe5c3,
0xf684, 0xfea5, 0xe5e4, 0xee05, 0xf666, 0xf6a6, 0xff28, 0xf646, 0xee05, 0xf6c7, 0xf686, 0xfe86, 0xcda5, 0x22a6, 0x7c67, 0xde28,
0xfea8, 0xfe87, 0x5bc7, 0x22e7, 0x2b06, 0x3367, 0x3ba7, 0x43e8, 0x4c08, 0x5c48, 0x8566, 0x8da6, 0x3b86, 0x0a86, 0x5427, 0x95a6,
0x8566, 0x8586, 0x7d47, 0x6ce7, 0x7528, 0xb605, 0xbe04, 0x9d85, 0x8d86, 0x85c8, 0x3ba8, 0x3367, 0x8dc7, 0x9e06, 0xde45, 0xe665,
0xde45, 0xde64, 0xf6c6, 0x7446, 0x1a25, 0x3306, 0x3b67, 0x7d27, 0x74e6, 0x3326, 0x3326, 0x43c6, 0x5c46, 0x6486, 0x22e7, 0x01c7,
0x22e8, 0x2307, 0x0248, 0x43c8, 0xbe68, 0xa5c7, 0x9da7, 0x5407, 0x3307, 0x3307, 0x22a7, 0x3327, 0x4be8, 0xce66, 0xe6a5, 0xe6a5,
0xbe66, 0xa628, 0xbe67, 0xb627, 0x6ca7, 0x6ce7, 0xbe88, 0xbe68, 0xbe67, 0xb627, 0xade6, 0xb627, 0xf6e8, 0xe6c8, 0x9e07, 0x9e07,
0xae47, 0xae47, 0xa627, 0xb627, 0xce46, 0xf6e7, 0xe6c7, 0xd667, 0xd687, 0xd687, 0x8d67, 0x9586, 0x5446, 0x1b27, 0x95a8, 0xc668,
0xce47, 0xa5e7, 0xbe67, 0xfec6, 0xf6a6, 0xce47, 0x8d87, 0xe6a7, 0xff08, 0xf6e7, 0xc626, 0x9e07, 0xae06, 0xee45, 0xff07, 0xf6c6,
0xa585, 0x9da7, 0xdea8, 0xeee8, 0xff08, 0xd646, 0xadc5, 0xc626, 0xde66, 0xf665, 0xee44, 0x9d25, 0xad85, 0xfec5, 0xf6e7, 0xce46,
0xd605, 0xee45, 0xe6a9, 0xeeea, 0xeea8, 0xee25, 0xee04, 0xfea4, 0xf6c7, 0xde26, 0xee65, 0xfe84, 0xde45, 0xbda5, 0xede2, 0xf644,
0xff2a, 0xff09, 0xff08, 0xee24, 0xee24, 0xf6a6, 0xe603, 0xe644, 0xf664, 0xf6c7, 0xf685, 0xee44, 0xdd83, 0xe5c2, 0xfec6, 0xff08,
0xfee7, 0xe625, 0xddc3, 0xf684, 0xff27, 0xddc4, 0xcd84, 0xee04, 0xf685, 0xff09, 0xfea6, 0xe5e4, 0xe5e4, 0xfec6, 0xff09, 0xee87,
0xd522, 0xede4, 0xfee8, 0xfee7, 0xfec7, 0xdda4, 0xd564, 0xe5e5, 0xee45, 0xfee5, 0xee23, 0xe5a3, 0xf685, 0xf665, 0xf6a7, 0xf687,
0xee25, 0xee04, 0xe5a3, 0xf664, 0xf6a4, 0xf6a6, 0xf686, 0xdd82, 0xdd83, 0xede3, 0xee23, 0xf644, 0xd502, 0xd4e2, 0xee66, 0xf6a6,
0xf6a6, 0xe5c4, 0xdd62, 0xf667, 0xf6a7, 0xf687, 0xf666, 0xf664, 0xee23, 0xddc3, 0xee45, 0xfea6, 0xee04, 0xe5a3, 0xdd62, 0xee24,
0xfee6, 0xf684, 0xdda2, 0xc584, 0x4ba5, 0x2b26, 0x43a6, 0xcdc3, 0xdda1, 0x5c05, 0x2b05, 0x4325, 0xc523, 0x6c45, 0x3b45, 0x1aa5,
0x3b65, 0xbd24, 0xe583, 0xdd83, 0xd563, 0xe5a3, 0xe5c3, 0x8c65, 0xace4, 0xfe22, 0xd5a3, 0x8ca5, 0x5be5, 0x3366, 0x1ae6, 0x7405,
0xf5e3, 0xede3, 0xdd83, 0xc523, 0xdd62, 0xd563, 0x7445, 0x7465, 0x9ce4, 0xfe22, 0xbd63, 0x3c26, 0x3386, 0x1ae6, 0xad04, 0xcd63,
0x7445, 0x53c5, 0x22e5, 0x8403, 0xd522, 0x5b24, 0x01a6, 0x0a05, 0x1246, 0x1a86, 0x0a47, 0x0a27, 0x3346, 0x3386, 0x09e7, 0x1247,
0x22c7, 0x2286, 0x1207, 0x0a07, 0x09e7, 0x09e7, 0x01c7, 0x7365, 0xbca4, 0xbcc4, 0xcce3, 0xc4c3, 0xbc82, 0xc4a2, 0x4325, 0x22e5,
0xd523, 0x8446, 0x5ba6, 0x9464, 0xf562, 0xa4c4, 0x4406, 0x43c6, 0x3b87, 0x2b07, 0x6405, 0x9ce3, 0x7c44, 0x4b46, 0x3b06, 0x83e3,
0xbca2, 0xac83, 0x1a06, 0x01c6, 0x1227, 0x1227, 0x1a87, 0x3b86, 0x3b66, 0x1247, 0x0a08, 0x1a67, 0x3346, 0x3346, 0x1a87, 0x1227,
0x1247, 0x1227, 0x01a7, 0x73a4, 0xccc3, 0xc4c2, 0xccc2, 0x9444, 0x9c83, 0xaca3, 0x9c83, 0x6405, 0x53e5, 0x6c45, 0x1b06, 0x4365,
0xccc2, 0xc4e2, 0x7c86, 0x5426, 0x4c06, 0xb4a3, 0xd4e2, 0xd4e2, 0xccc2, 0xc4a2, 0x63e5, 0x33e7, 0x9c43, 0xcc61, 0x9483, 0x6465,
0x2307, 0x2b26, 0x9c64, 0xbca3, 0xa484, 0x7c25, 0x7405, 0x43a6, 0x5bc5, 0xb4a3, 0xc527, 0xeed3, 0xbdef, 0x6c89, 0x6cc9, 0x9ca5,
0xbc63, 0xb443, 0x8c05, 0x4386, 0x2328, 0x4327, 0x4307, 0x2b28, 0x2329, 0x3b08, 0x3b08, 0x2ae8, 0x4b28, 0x93a9, 0x9388, 0x8388,
0x83c8, 0x83e8, 0x9408, 0xcc8b, 0xcc8b, 0xbcaa, 0x64a6, 0x4c66, 0x4407, 0x4388, 0xdd8d, 0xe5ae, 0xdd8d, 0xe5ef, 0xee50, 0xf671,
0xf651, 0xf651, 0xf631, 0xf651, 0xf651, 0xf630, 0xee10, 0xc4ac, 0xd54c, 0xfea6, 0xf666, 0xf668, 0xf686, 0xff06, 0xfea9, 0xe549,
0xccc7, 0xd505, 0xee24, 0xf663, 0xf643, 0xf644, 0xd502, 0xdd83, 0xfec5, 0xf644, 0xe584, 0xede4, 0xfec4, 0xf684, 0xee03, 0xee46,
0xdd64, 0xf644, 0xfea4, 0xf664, 0xf644, 0xf665, 0xf665, 0xee03, 0xe5c3, 0xfea5, 0xee04, 0xf6a7, 0xf686, 0xe5a4, 0xf684, 0xf684,
0xf686, 0xe5c5, 0xd503, 0xee45, 0xfec6, 0xf685, 0xf665, 0xf665, 0xf645, 0xedc3, 0xf665, 0xee04, 0xe5a3, 0xf625, 0xfec6, 0xf6a6,
0xf686, 0xede4, 0xe562, 0xf645, 0xf6a6, 0xee04, 0xee05, 0xdda4, 0xee25, 0xff29, 0xf665, 0xede3, 0xee03, 0xf644, 0xf6c7, 0xee45,
0xe582, 0xede3, 0xfea5, 0xfea5, 0xf685, 0xd522, 0xdd63, 0xede4, 0xee25, 0xfee7, 0xede4, 0xdd22, 0xdd43, 0xdd83, 0xf685, 0xf6a5,
0xf685, 0xf665, 0xee04, 0xde04, 0xee44, 0xf664, 0xf664, 0xee24, 0xdd83, 0xf664, 0xf6a5, 0xf644, 0xe5a3, 0xf664, 0xee02, 0xee02,
0xf6c9, 0xf667, 0xee04, 0xf665, 0xf6a6, 0xdda2, 0xdda3, 0xf644, 0xee44, 0xf686, 0xf664, 0xf644, 0xee25, 0xee45, 0xee65, 0xf686,
0xd605, 0xd605, 0xf664, 0xf6a5, 0xf6c5, 0xe583, 0xe543, 0xee45, 0xee45, 0xf6c6, 0xf645, 0xe5a3, 0xe563, 0xeda3, 0xff28, 0xfec6,
0xe5c4, 0xdd83, 0xe5c3, 0xee44, 0xf684, 0xf665, 0xf685, 0xf665, 0xf645, 0xf6a5, 0xe5c4, 0xdd63, 0xe5c3, 0xf664, 0xff26, 0xf685,
0xeda3, 0xf5e3, 0xf5c3, 0xe5a3, 0xddc3, 0xde04, 0xe624, 0xfec4, 0xf643, 0xcd22, 0xdd63, 0xf685, 0xfea5, 0xf684, 0xee23, 0xee03,
0xf624, 0xf623, 0xfea5, 0xfe84, 0xee03, 0xe5c4, 0xee25, 0xd563, 0xe604, 0xff28, 0xf645, 0xede3, 0xf624, 0xee44, 0xf664, 0xf644,
0xf644, 0xf665, 0xf665, 0xee02, 0xf683, 0xfea5, 0xf624, 0xf665, 0xe5e3, 0xe5e3, 0xf664, 0xe5c2, 0xee03, 0xee24, 0xfee6, 0xee66,

/* -96- */
0xe563, 0x7406, 0x1ac7, 0x4365, 0xa483, 0xa463, 0x8c43, 0x4386, 0x3326, 0x22e7, 0x5be5, 0xa4e2, 0x7404, 0x22e7, 0x12a8, 0x8424,
0xdd61, 0xd542, 0x4307, 0x2266, 0x1207, 0x01c7, 0x11e6, 0x3b66, 0x3b66, 0x11e6, 0x09a7, 0x1207, 0x2ae6, 0x2ae6, 0x1227, 0x09e7,
0x01c7, 0x2245, 0x5b45, 0xb4c4, 0xdd42, 0xcd02, 0xcd03, 0x63e5, 0x4bc5, 0x7485, 0xcd63, 0x9ca4, 0x6425, 0x53e5, 0x1ac6, 0x3b25,
0xc4c2, 0xc4c2, 0x3bc7, 0x33a7, 0x5c25, 0xbcc3, 0xdce2, 0xd4e2, 0xac63, 0x7bc4, 0x63e5, 0x2b87, 0x5bc5, 0xbc42, 0xa482, 0x6c45,
0x1b06, 0x3326, 0xb4a3, 0xdd02, 0x9445, 0x4387, 0x3b87, 0x4bc7, 0x9485, 0xbce4, 0xc528, 0xce97, 0xa5b2, 0x5c09, 0x3b68, 0x6366,
0x8365, 0x7b65, 0x4306, 0x1ae7, 0x1b08, 0x6348, 0x6b69, 0x4b08, 0x5308, 0x8369, 0x8389, 0x8baa, 0xa40a, 0xbc4a, 0xcc6a, 0x9c69,
0x5c08, 0x6407, 0x7467, 0xc54b, 0xedcd, 0xee0c, 0x6ce7, 0x4426, 0x3387, 0x3b68, 0xe5ce, 0xf5ed, 0xcd8c, 0x5c68, 0x6488, 0x84ca,
0xfe71, 0xf651, 0xee10, 0xdd2d, 0xdd4d, 0xe58d, 0xdd2b, 0xc48a, 0xccc9, 0xdd26, 0xee25, 0xf6a5, 0xee25, 0xe5e4, 0xfec6, 0xf6c6,
0xe605, 0xddc5, 0xd544, 0xe5c3, 0xfec4, 0xfec4, 0xe5c3, 0xee03, 0xfee6, 0xee04, 0xd4e3, 0xe5c4, 0xfec4, 0xfec4, 0xee65, 0xee25,
0xdd43, 0xf664, 0xf684, 0xee24, 0xf685, 0xf685, 0xfee5, 0xee03, 0xe563, 0xf664, 0xee04, 0xf6e8, 0xfec7, 0xdd43, 0xe582, 0xf643,
0xff06, 0xee04, 0xc441, 0xede4, 0xfec5, 0xfec7, 0xfee9, 0xede4, 0xe5a3, 0xe5a2, 0xf684, 0xee24, 0xe5c3, 0xf624, 0xf6a6, 0xf685,
0xfe64, 0xeda3, 0xdce1, 0xf644, 0xfee6, 0xee04, 0xe5e4, 0xee04, 0xf624, 0xfec6, 0xf644, 0xedc2, 0xee24, 0xf686, 0xf6a7, 0xe605,
0xdd61, 0xee03, 0xfe85, 0xfec7, 0xff08, 0xdd22, 0xdd62, 0xee04, 0xee25, 0xff28, 0xee04, 0xd502, 0xd502, 0xd502, 0xf6a6, 0xfec5,
0xfe84, 0xf664, 0xd522, 0xcd85, 0xfee7, 0xfe84, 0xfe43, 0xedc3, 0xd522, 0xf6c6, 0xf6a6, 0xee03, 0xede3, 0xe582, 0xee03, 0xfee6,
0xff2a, 0xf686, 0xe5a1, 0xe624, 0xf686, 0xe604, 0xee25, 0xe5e3, 0xe5e3, 0xf665, 0xf664, 0xf685, 0xee25, 0xe5e4, 0xede4, 0xe5e4,
0xcde5, 0xde25, 0xf643, 0xf685, 0xf644, 0xd4e2, 0xd4e2, 0xee03, 0xfea5, 0xff68, 0xf685, 0xf644, 0xe563, 0xe522, 0xff28, 0xff08,
0xf645, 0xe5c4, 0xdd83, 0xf644, 0xfee6, 0xede4, 0xf625, 0xee05, 0xee04, 0xff26, 0xee04, 0xd543, 0xe5a3, 0xf623, 0xee24, 0xee24,
0xf644, 0xf604, 0xf5e3, 0xc503, 0xacc3, 0xd5c4, 0xee65, 0xff06, 0xdda3, 0xb481, 0xdda3, 0xff07, 0xff27, 0xf685, 0xcce2, 0xdd83,
0xfe84, 0xf664, 0xfee6, 0xf623, 0xdda3, 0xee25, 0xf686, 0xdd62, 0xe5c3, 0xff28, 0xf644, 0xede3, 0xf6a6, 0xf6a6, 0xdd22, 0xdd83,
0xfe65, 0xee25, 0xe5e4, 0xee23, 0xf663, 0xf664, 0xf624, 0xfe65, 0xee03, 0xe5e3, 0xee44, 0xedc2, 0xe5c2, 0xe5c3, 0xf6c6, 0xf665,
0xf645, 0xfe85, 0xfe85, 0xe5c3, 0xdd62, 0xdd62, 0xee25, 0xfec6, 0xf624, 0xede2, 0xf664, 0xff07, 0xede3, 0xdd21, 0xd501, 0xe5a3,
0xfee7, 0xee45, 0xd4e2, 0xe5c3, 0xfec6, 0xff0a, 0xfec8, 0xedc3, 0xe5a2, 0xd542, 0xe5a3, 0xede3, 0xede3, 0xfec6, 0xfee6, 0xf665,
0xe5a2, 0xe5a3, 0xf624, 0xfea4, 0xfec5, 0xee03, 0xedc2, 0xee02, 0xe5e2, 0xe6a8, 0xe666, 0xf644, 0xf685, 0xfee7, 0xee24, 0xdd41,
0xee66, 0xff6a, 0xe5c4, 0xede3, 0xf643, 0xd502, 0xdd02, 0xf644, 0xfec5, 0xff26, 0xee24, 0xdd83, 0xf604, 0xf624, 0xcd83, 0xee65,
0xff07, 0xfec7, 0xedc3, 0xd4e2, 0xccc2, 0xf645, 0xf686, 0xe5c4, 0xdd63, 0xee04, 0xede3, 0xee03, 0xee03, 0xddc2, 0xbd44, 0xd5c5,
0xfec4, 0xf643, 0xcce3, 0xdd44, 0xfea5, 0xfec7, 0xfe86, 0xd504, 0xd564, 0xff28, 0xfec6, 0xe583, 0xcd03, 0x9c86, 0xde6a, 0xfeea,
0xf6a8, 0x9d08, 0x12c7, 0x53a8, 0xb4e8, 0xb4e8, 0x94a8, 0x3368, 0x3ba8, 0x4c07, 0x7526, 0x85a6, 0x3ba7, 0x12a7, 0x5406, 0x95a5,
0x8545, 0x8d85, 0x3ba7, 0x2327, 0x3be8, 0x8d65, 0x9564, 0x7d25, 0x6d06, 0x4c87, 0x1aa7, 0x22e7, 0x7d47, 0x95a6, 0xde44, 0xde44,
0xe664, 0xe664, 0xd626, 0x63c7, 0x09e6, 0x22c6, 0x1ae7, 0x64c7, 0x7506, 0x3b86, 0x2306, 0x2327, 0x43c6, 0x5c66, 0x1a66, 0x0186,
0x09e6, 0x1287, 0x2327, 0x5c67, 0xae07, 0x7d27, 0x7508, 0x3347, 0x01e7, 0x0a07, 0x0a06, 0x01c6, 0x3306, 0xe6a5, 0xde85, 0xde85,
0xbe67, 0xa627, 0xd6a6, 0xb606, 0x4406, 0x3bc6, 0x8d47, 0xe686, 0xf6a5, 0xe665, 0x9587, 0x8de8, 0xeee8, 0xfec8, 0xd687, 0x9586,
0x8d46, 0x9dc7, 0x8546, 0xb5e6, 0xeec7, 0xf748, 0xf708, 0xeec6, 0xfea6, 0xde46, 0x6cc7, 0x7d66, 0x5c87, 0x2367, 0x4407, 0x9568,
0xf708, 0xc667, 0xbe68, 0xdea6, 0xf6c6, 0xd646, 0x9da7, 0xbdc5, 0xe687, 0xff6b, 0xe6a8, 0x9e08, 0xadc6, 0xfea6, 0xff08, 0xe686,
0x8587, 0xa5c7, 0xfea7, 0xfec6, 0xff06, 0xe6a7, 0xb627, 0xc606, 0xe624, 0xfec4, 0xcda4, 0x74c5, 0x8d45, 0xee85, 0xeec6, 0xc605,
0xd646, 0xee65, 0xfea4, 0xf6c7, 0xe687, 0xcde5, 0xde24, 0xff06, 0xff08, 0xf6a7, 0xd626, 0xe686, 0xce67, 0xa586, 0xfe84, 0xfe86,
0xff6c, 0xff09, 0xf644, 0xee03, 0xee23, 0xff07, 0xf6c7, 0xee24, 0xee03, 0xff2b, 0xee87, 0xe5c2, 0xdd62, 0xdd81, 0xf6c8, 0xff0a,
0xee87, 0xdde5, 0xee65, 0xfee5, 0xfea4, 0xc502, 0xb4a2, 0xee03, 0xfec6, 0xff4c, 0xee45, 0xcd42, 0xd582, 0xf642, 0xff4e, 0xee8a,
0xd522, 0xe5a3, 0xf644, 0xf6c9, 0xff4d, 0xe5e4, 0xd583, 0xdda3, 0xe5c4, 0xf6a5, 0xe5c3, 0xdd83, 0xf6a5, 0xfea5, 0xee45, 0xe5e5,
0xf6a6, 0xee25, 0xdd42, 0xede3, 0xf663, 0xfee7, 0xfec7, 0xdda2, 0xdd42, 0xd4e1, 0xdd62, 0xe5a3, 0xd4e2, 0xd4c2, 0xf6c7, 0xff07,
0xfee7, 0xe5e4, 0xd501, 0xdd82, 0xf644, 0xfeea, 0xf667, 0xe582, 0xdd62, 0xcd02, 0xee25, 0xfee7, 0xdd63, 0xccc2, 0xee03, 0xfea6,
0xfec6, 0xf643, 0xf622, 0xfe42, 0x73e5, 0x3305, 0x22e5, 0x5be5, 0x7c84, 0x7484, 0x2ae6, 0x3ae5, 0x7425, 0x2b46, 0x1a85, 0x32e4,
0x9484, 0xedc2, 0xf5c2, 0xe5a2, 0xd583, 0xee04, 0xe5c3, 0x7425, 0x6425, 0x9d05, 0xc5a4, 0xddc3, 0x7465, 0x2326, 0x1b06, 0x7c65,
0xee04, 0xc585, 0x7445, 0x6405, 0xd563, 0xbce3, 0x2b45, 0x2b65, 0x5bc5, 0xd562, 0xc542, 0x6c45, 0x3325, 0x1265, 0xbd23, 0xbd43,
0x3b67, 0x2b46, 0x4345, 0xb4e3, 0xede1, 0xbd03, 0x6ba5, 0x1a25, 0x0a26, 0x1246, 0x0a07, 0x0a07, 0x1a67, 0x1a66, 0x09a7, 0x11c7,
0x11e6, 0x11e7, 0x11e7, 0x09c7, 0x1a06, 0x4ae5, 0x42c5, 0xac84, 0xdd83, 0xb505, 0x8445, 0x7426, 0xac83, 0xcca2, 0x5b45, 0x3305,
0xe563, 0x7406, 0x1ac7, 0x4365, 0xa483, 0xa463, 0x8c43, 0x4386, 0x3326, 0x22e7, 0x5be5, 0xa4e2, 0x7404, 0x22e7, 0x12a8, 0x8424,
0xdd61, 0xd542, 0x4307, 0x2266, 0x1207, 0x01c7, 0x11e6, 0x3b66, 0x3b66, 0x11e6, 0x09a7, 0x1207, 0x2ae6, 0x2ae6, 0x1227, 0x09e7,
0x01c7, 0x2245, 0x5b45, 0xb4c4, 0xdd42, 0xcd02, 0xcd03, 0x63e5, 0x4bc5, 0x7485, 0xcd63, 0x9ca4, 0x6425, 0x53e5, 0x1ac6, 0x3b25,
0xc4c2, 0xc4c2, 0x3bc7, 0x33a7, 0x5c25, 0xbcc3, 0xdce2, 0xd4e2, 0xac63, 0x7bc4, 0x63e5, 0x2b87, 0x5bc5, 0xbc42, 0xa482, 0x6c45,
0x1b06, 0x3326, 0xb4a3, 0xdd02, 0x9445, 0x4387, 0x3b87, 0x4bc7, 0x9485, 0xbce4, 0xc528, 0xce97, 0xa5b2, 0x5c09, 0x3b68, 0x6366,
0x8365, 0x7b65, 0x4306, 0x1ae7, 0x1b08, 0x6348, 0x6b69, 0x4b08, 0x5308, 0x8369, 0x8389, 0x8baa, 0xa40a, 0xbc4a, 0xcc6a, 0x9c69,
0x5c08, 0x6407, 0x7467, 0xc54b, 0xedcd, 0xee0c, 0x6ce7, 0x4426, 0x3387, 0x3b68, 0xe5ce, 0xf5ed, 0xcd8c, 0x5c68, 0x6488, 0x84ca,
0xfe71, 0xf651, 0xee10, 0xdd2d, 0xdd4d, 0xe58d, 0xdd2b, 0xc48a, 0xccc9, 0xdd26, 0xee25, 0xf6a5, 0xee25, 0xe5e4, 0xfec6, 0xf6c6,
0xe605, 0xddc5, 0xd544, 0xe5c3, 0xfec4, 0xfec4, 0xe5c3, 0xee03, 0xfee6, 0xee04, 0xd4e3, 0xe5c4, 0xfec4, 0xfec4, 0xee65, 0xee25,
0xdd43, 0xf664, 0xf684, 0xee24, 0xf685, 0xf685, 0xfee5, 0xee03, 0xe563, 0xf664, 0xee04, 0xf6e8, 0xfec7, 0xdd43, 0xe582, 0xf643,
0xff06, 0xee04, 0xc441, 0xede4, 0xfec5, 0xfec7, 0xfee9, 0xede4, 0xe5a3, 0xe5a2, 0xf684, 0xee24, 0xe5c3, 0xf624, 0xf6a6, 0xf685,
0xfe64, 0xeda3, 0xdce1, 0xf644, 0xfee6, 0xee04, 0xe5e4, 0xee04, 0xf624, 0xfec6, 0xf644, 0xedc2, 0xee24, 0xf686, 0xf6a7, 0xe605,
0xdd61, 0xee03, 0xfe85, 0xfec7, 0xff08, 0xdd22, 0xdd62, 0xee04, 0xee25, 0xff28, 0xee04, 0xd502, 0xd502, 0xd502, 0xf6a6, 0xfec5,
0xfe84, 0xf664, 0xd522, 0xcd85, 0xfee7, 0xfe84, 0xfe43, 0xedc3, 0xd522, 0xf6c6, 0xf6a6, 0xee03, 0xede3, 0xe582, 0xee03, 0xfee6,
0xff2a, 0xf686, 0xe5a1, 0xe624, 0xf686, 0xe604, 0xee25, 0xe5e3, 0xe5e3, 0xf665, 0xf664, 0xf685, 0xee25, 0xe5e4, 0xede4, 0xe5e4,
0xcde5, 0xde25, 0xf643, 0xf685, 0xf644, 0xd4e2, 0xd4e2, 0xee03, 0xfea5, 0xff68, 0xf685, 0xf644, 0xe563, 0xe522, 0xff28, 0xff08,
0xf645, 0xe5c4, 0xdd83, 0xf644, 0xfee6, 0xede4, 0xf625, 0xee05, 0xee04, 0xff26, 0xee04, 0xd543, 0xe5a3, 0xf623, 0xee24, 0xee24,
0xf644, 0xf604, 0xf5e3, 0xc503, 0xacc3, 0xd5c4, 0xee65, 0xff06, 0xdda3, 0xb481, 0xdda3, 0xff07, 0xff27, 0xf685, 0xcce2, 0xdd83,
0xfe84, 0xf664, 0xfee6, 0xf623, 0xdda3, 0xee25, 0xf686, 0xdd62, 0xe5c3, 0xff28, 0xf644, 0xede3, 0xf6a6, 0xf6a6, 0xdd22, 0xdd83,
0xfe65, 0xee25, 0xe5e4, 0xee23, 0xf663, 0xf664, 0xf624, 0xfe65, 0xee03, 0xe5e3, 0xee44, 0xedc2, 0xe5c2, 0xe5c3, 0xf6c6, 0xf665,

/* -97- */
0xe5a2, 0x8465, 0x2b26, 0x2b06, 0x1ac6, 0x7404, 0xd521, 0x4ba5, 0x2b06, 0x22c7, 0x5be6, 0x7c44, 0x4b66, 0x2307, 0x5426, 0x8d05,
0x9525, 0x9525, 0xa544, 0xad24, 0x3aa6, 0x01c8, 0x1228, 0x1268, 0x1a67, 0x09e7, 0x09a6, 0x09c6, 0x1207, 0x1207, 0x09e7, 0x11e6,
0x11e5, 0x52c3, 0xbc81, 0xb461, 0xc4c2, 0xcce3, 0xcd43, 0x7c65, 0x3366, 0x3ba5, 0xa504, 0xd5e4, 0x8d06, 0x3ba5, 0x1ac5, 0x3325,
0x9463, 0x5bc5, 0x2b47, 0x2b26, 0x5be5, 0xac63, 0xcc82, 0xcc82, 0x8c04, 0x3326, 0x43c6, 0x3be6, 0x4c26, 0x7445, 0xad03, 0x74a5,
0x1b27, 0x3b86, 0xaca4, 0x9465, 0x4ba6, 0x2327, 0x1ae7, 0x63c7, 0xa485, 0xa464, 0x9ca7, 0x84cd, 0x8d30, 0x8d2e, 0x22a7, 0x1226,
0x4aa6, 0x6b26, 0x5b67, 0x5368, 0x5b89, 0xbcac, 0xe54e, 0xcd0d, 0xc4ac, 0xc46a, 0xc44a, 0xc44a, 0xc44a, 0xc48b, 0xa4aa, 0x6c68,
0x4c27, 0x64a7, 0x6ce7, 0x7508, 0xe66d, 0xf6ad, 0x6ce7, 0x3c06, 0x2b66, 0x4bc7, 0xedeb, 0xd58b, 0x6c68, 0x2b65, 0x2b65, 0x3385,
0xaccb, 0xedaf, 0xdd4d, 0xd4ec, 0xd4eb, 0xdd4a, 0xeda7, 0xd4e8, 0xd4e9, 0xdd67, 0xee25, 0xf6c6, 0xddc5, 0xc462, 0xd522, 0xee23,
0xff25, 0xf6c5, 0xdd64, 0xdd83, 0xee44, 0xf685, 0xff06, 0xfee6, 0xf644, 0xe583, 0xd4e3, 0xdd84, 0xf643, 0xf684, 0xe5e4, 0xdd43,
0xee25, 0xf664, 0xf623, 0xe5a3, 0xe5a3, 0xf6a6, 0xff27, 0xede3, 0xe582, 0xe582, 0xe5c4, 0xf6a7, 0xee04, 0xdd62, 0xede3, 0xee23,
0xf685, 0xee44, 0xe5e4, 0xee04, 0xf603, 0xf6c8, 0xff0a, 0xe5c4, 0xe5c3, 0xf684, 0xf664, 0xfee6, 0xfea5, 0xee24, 0xee24, 0xede3,
0xe5c3, 0xe583, 0xedc3, 0xf664, 0xf665, 0xf6a6, 0xff08, 0xf664, 0xf643, 0xee02, 0xede2, 0xf622, 0xee22, 0xe604, 0xee66, 0xee45,
0xf6c6, 0xf665, 0xdd62, 0xf686, 0xff08, 0xf686, 0xee25, 0xe562, 0xdd82, 0xede4, 0xe583, 0xdd22, 0xe5a3, 0xf685, 0xfec5, 0xf644,
0xe582, 0xdd42, 0xe5c3, 0xee65, 0xff08, 0xff08, 0xe5a3, 0xe561, 0xedc2, 0xee24, 0xee24, 0xee03, 0xe5c3, 0xf664, 0xfec5, 0xfec5,
0xee24, 0xe5c2, 0xe5c2, 0xddc2, 0xe5e2, 0xfee7, 0xff08, 0xe5c3, 0xe5a2, 0xedc3, 0xf644, 0xfea5, 0xe5c4, 0xd543, 0xf624, 0xee03,
0xdde3, 0xe624, 0xfe63, 0xede3, 0xdd42, 0xe542, 0xedc3, 0xf6a5, 0xf6a6, 0xee24, 0xf664, 0xff26, 0xf604, 0xedc3, 0xf684, 0xfea5,
0xff08, 0xfea6, 0xdd62, 0xe583, 0xede4, 0xe5c3, 0xe5a3, 0xdd63, 0xee45, 0xff47, 0xee24, 0xe583, 0xe5e3, 0xf664, 0xe582, 0xee03,
0xff06, 0xf665, 0xf604, 0xe604, 0xddc3, 0xd563, 0xe5e4, 0xee25, 0xd563, 0xdda3, 0xee45, 0xfee7, 0xee24, 0xe5a3, 0xe582, 0xedc3,
0xfea4, 0xf624, 0xee03, 0xe5a2, 0xe5a3, 0xf6a6, 0xfea6, 0xe5c3, 0xee03, 0xf603, 0xedc3, 0xf624, 0xf685, 0xf665, 0xe582, 0xdd62,
0xe5c3, 0xedc3, 0xe5c3, 0xf624, 0xee03, 0xf645, 0xf645, 0xedc3, 0xede3, 0xee45, 0xf6a6, 0xfea5, 0xede3, 0xcca1, 0xe5a3, 0xf644,
0xf664, 0xf644, 0xd523, 0xd542, 0xe5e3, 0xf708, 0xff6a, 0xf665, 0xdd63, 0xccc1, 0xee45, 0xff6a, 0xf686, 0xee03, 0xdd01, 0xdd42,
0xf645, 0xe5a4, 0xd502, 0xee45, 0xfee6, 0xfea5, 0xf644, 0xdd81, 0xe5e3, 0xfec6, 0xe5e3, 0xf623, 0xfea5, 0xfee7, 0xee65, 0xe5e3,
0xe5a2, 0xf663, 0xfec5, 0xfec6, 0xe624, 0xe5e3, 0xede2, 0xe603, 0xee03, 0xe6a9, 0xe6a8, 0xdd61, 0xdd82, 0xfee6, 0xf6a5, 0xee44,
0xede3, 0xe604, 0xf646, 0xee04, 0xdd62, 0xe583, 0xf624, 0xfec6, 0xff07, 0xee44, 0xe5c3, 0xe5a3, 0xf665, 0xf685, 0xc4e1, 0xdde2,
0xff06, 0xfec6, 0xf664, 0xcce2, 0xbc41, 0xee03, 0xf664, 0xee04, 0xe5c3, 0xede3, 0xee04, 0xfe85, 0xfe84, 0xee65, 0xc5a6, 0xde06,
0xf664, 0xf603, 0xc4c3, 0xdd84, 0xfe85, 0xf645, 0xe584, 0xb463, 0xbcc3, 0xff27, 0xfea5, 0xe5a2, 0xdda3, 0xfe84, 0xfee7, 0xf687,
0xddc5, 0x7405, 0x8487, 0xc569, 0xfde8, 0xfe08, 0xd548, 0x73e7, 0x7406, 0x5c06, 0x4c26, 0x4c46, 0x3386, 0x12a7, 0x53e5, 0x9d64,
0x9564, 0x5c46, 0x1267, 0x1267, 0x2328, 0x6ce6, 0x7d25, 0x8585, 0x6d26, 0x4c47, 0x3367, 0x2b47, 0x4427, 0x6ce7, 0xc605, 0xc5e5,
0xce25, 0xde64, 0xad65, 0x9526, 0x8506, 0x4366, 0x1aa7, 0x2b47, 0x3347, 0x2b27, 0x22e7, 0x1ae8, 0x3bc7, 0x5426, 0x1a66, 0x0186,
0x0186, 0x1aa6, 0x74e6, 0x74e6, 0x7506, 0x3b87, 0x0a27, 0x1267, 0x1247, 0x1267, 0x1267, 0x3367, 0x84e6, 0xe6e6, 0xdec6, 0xd6a6,
0xce87, 0xce87, 0x9566, 0x74c6, 0x4c47, 0x3be7, 0x6466, 0xd605, 0xf6a4, 0xf6a4, 0xb5e6, 0xa5e7, 0xe6c7, 0xfee8, 0xff08, 0xa5a6,
0x7d05, 0x8566, 0x8d67, 0xdea8, 0xff69, 0xff48, 0xbe49, 0xde67, 0xfea5, 0xee45, 0x7cc6, 0x4c26, 0x3ba6, 0x2306, 0x2b25, 0xad84,
0xf6e6, 0xf6c5, 0xb5a5, 0x84e6, 0xcde5, 0xeea6, 0xeec7, 0xc5a5, 0xdde5, 0xfee7, 0xf6e8, 0xd668, 0xd626, 0xf665, 0xe604, 0xcdc5,
0xce27, 0xee87, 0xf6c7, 0xee24, 0xede2, 0xf6c7, 0xf709, 0xf6c7, 0xee44, 0xede2, 0xc563, 0x9d45, 0xb5c6, 0xd605, 0xee84, 0xde25,
0xf6c7, 0xfea4, 0xfea3, 0xcd83, 0xbd22, 0xde47, 0xe6c9, 0xff6c, 0xf709, 0xd604, 0xc605, 0xce46, 0xb5e6, 0x9d66, 0xee45, 0xfec8,
0xff4b, 0xf6c7, 0xcd42, 0xc523, 0xd604, 0xf709, 0xff4b, 0xf686, 0xee44, 0xf6a8, 0xe5e4, 0xd521, 0xdda3, 0xf686, 0xfee7, 0xf686,
0xddc4, 0xe603, 0xf6c7, 0xfea6, 0xe5c2, 0xcd22, 0xdd62, 0xfec7, 0xff2a, 0xf6a6, 0xe5e3, 0xcd62, 0xd582, 0xf622, 0xee67, 0xe605,
0xe5e4, 0xede3, 0xede1, 0xf665, 0xff0a, 0xf6a8, 0xee87, 0xd562, 0xd542, 0xe5a3, 0xdd62, 0xe583, 0xf684, 0xf6a4, 0xf664, 0xee03,
0xf664, 0xee03, 0xdd82, 0xd542, 0xdd82, 0xfec7, 0xfee7, 0xf6e7, 0xe5e4, 0xcc81, 0xd4c2, 0xd4e2, 0xd4c2, 0xdd43, 0xf708, 0xff06,
0xf6a5, 0xe5e3, 0xdd21, 0xdd41, 0xe5c3, 0xf6c9, 0xf666, 0xd501, 0xd4e1, 0xdd62, 0xf665, 0xfee7, 0xedc2, 0xe582, 0xf603, 0xe5e3,
0xdd82, 0xbd44, 0xb524, 0xb524, 0xd5a2, 0x9ca3, 0x2ae5, 0x2b25, 0x3ba6, 0x6ca5, 0x3346, 0x22e7, 0x2347, 0x2367, 0x3325, 0x8445,
0xfe42, 0xbd24, 0x7405, 0x6c04, 0x94a4, 0xfe44, 0xede3, 0x6c45, 0x33a6, 0x2b86, 0x84e5, 0xfe62, 0x8cc4, 0x1b26, 0x3366, 0x94e5,
0xcda5, 0x5406, 0x3386, 0x53c5, 0xd563, 0xb4c3, 0x4b84, 0x3345, 0x3345, 0x53c6, 0x94a4, 0xbd83, 0x4365, 0x1265, 0x7425, 0x7446,
0x2b47, 0x2347, 0xbda4, 0xcdc4, 0xa524, 0xc5a4, 0xcde4, 0x3b26, 0x0a46, 0x0a26, 0x09e6, 0x09c6, 0x01c6, 0x01a6, 0x09a6, 0x09a6,
0x09a6, 0x09a6, 0x0986, 0x09a6, 0x2286, 0xcd03, 0xeda2, 0xc524, 0xad04, 0x6446, 0x3387, 0x33a7, 0x9483, 0xbca2, 0x9484, 0x8ca4,
0xe5a2, 0x8465, 0x2b26, 0x2b06, 0x1ac6, 0x7404, 0xd521, 0x4ba5, 0x2b06, 0x22c7, 0x5be6, 0x7c44, 0x4b66, 0x2307, 0x5426, 0x8d05,
0x9525, 0x9525, 0xa544, 0xad24, 0x3aa6, 0x01c8, 0x1228, 0x1268, 0x1a67, 0x09e7, 0x09a6, 0x09c6, 0x1207, 0x1207, 0x09e7, 0x11e6,
0x11e5, 0x52c3, 0xbc81, 0xb461, 0xc4c2, 0xcce3, 0xcd43, 0x7c65, 0x3366, 0x3ba5, 0xa504, 0xd5e4, 0x8d06, 0x3ba5, 0x1ac5, 0x3325,
0x9463, 0x5bc5, 0x2b47, 0x2b26, 0x5be5, 0xac63, 0xcc82, 0xcc82, 0x8c04, 0x3326, 0x43c6, 0x3be6, 0x4c26, 0x7445, 0xad03, 0x74a5,
0x1b27, 0x3b86, 0xaca4, 0x9465, 0x4ba6, 0x2327, 0x1ae7, 0x63c7, 0xa485, 0xa464, 0x9ca7, 0x84cd, 0x8d30, 0x8d2e, 0x22a7, 0x1226,
0x4aa6, 0x6b26, 0x5b67, 0x5368, 0x5b89, 0xbcac, 0xe54e, 0xcd0d, 0xc4ac, 0xc46a, 0xc44a, 0xc44a, 0xc44a, 0xc48b, 0xa4aa, 0x6c68,
0x4c27, 0x64a7, 0x6ce7, 0x7508, 0xe66d, 0xf6ad, 0x6ce7, 0x3c06, 0x2b66, 0x4bc7, 0xedeb, 0xd58b, 0x6c68, 0x2b65, 0x2b65, 0x3385,
0xaccb, 0xedaf, 0xdd4d, 0xd4ec, 0xd4eb, 0xdd4a, 0xeda7, 0xd4e8, 0xd4e9, 0xdd67, 0xee25, 0xf6c6, 0xddc5, 0xc462, 0xd522, 0xee23,
0xff25, 0xf6c5, 0xdd64, 0xdd83, 0xee44, 0xf685, 0xff06, 0xfee6, 0xf644, 0xe583, 0xd4e3, 0xdd84, 0xf643, 0xf684, 0xe5e4, 0xdd43,
0xee25, 0xf664, 0xf623, 0xe5a3, 0xe5a3, 0xf6a6, 0xff27, 0xede3, 0xe582, 0xe582, 0xe5c4, 0xf6a7, 0xee04, 0xdd62, 0xede3, 0xee23,
0xf685, 0xee44, 0xe5e4, 0xee04, 0xf603, 0xf6c8, 0xff0a, 0xe5c4, 0xe5c3, 0xf684, 0xf664, 0xfee6, 0xfea5, 0xee24, 0xee24, 0xede3,
0xe5c3, 0xe583, 0xedc3, 0xf664, 0xf665, 0xf6a6, 0xff08, 0xf664, 0xf643, 0xee02, 0xede2, 0xf622, 0xee22, 0xe604, 0xee66, 0xee45,
0xf6c6, 0xf665, 0xdd62, 0xf686, 0xff08, 0xf686, 0xee25, 0xe562, 0xdd82, 0xede4, 0xe583, 0xdd22, 0xe5a3, 0xf685, 0xfec5, 0xf644,
0xe582, 0xdd42, 0xe5c3, 0xee65, 0xff08, 0xff08, 0xe5a3, 0xe561, 0xedc2, 0xee24, 0xee24, 0xee03, 0xe5c3, 0xf664, 0xfec5, 0xfec5,
0xee24, 0xe5c2, 0xe5c2, 0xddc2, 0xe5e2, 0xfee7, 0xff08, 0xe5c3, 0xe5a2, 0xedc3, 0xf644, 0xfea5, 0xe5c4, 0xd543, 0xf624, 0xee03,
0xdde3, 0xe624, 0xfe63, 0xede3, 0xdd42, 0xe542, 0xedc3, 0xf6a5, 0xf6a6, 0xee24, 0xf664, 0xff26, 0xf604, 0xedc3, 0xf684, 0xfea5,
0xff08, 0xfea6, 0xdd62, 0xe583, 0xede4, 0xe5c3, 0xe5a3, 0xdd63, 0xee45, 0xff47, 0xee24, 0xe583, 0xe5e3, 0xf664, 0xe582, 0xee03,
0xff06, 0xf665, 0xf604, 0xe604, 0xddc3, 0xd563, 0xe5e4, 0xee25, 0xd563, 0xdda3, 0xee45, 0xfee7, 0xee24, 0xe5a3, 0xe582, 0xedc3,
0xfea4, 0xf624, 0xee03, 0xe5a2, 0xe5a3, 0xf6a6, 0xfea6, 0xe5c3, 0xee03, 0xf603, 0xedc3, 0xf624, 0xf685, 0xf665, 0xe582, 0xdd62,
0xe5c3, 0xedc3, 0xe5c3, 0xf624, 0xee03, 0xf645, 0xf645, 0xedc3, 0xede3, 0xee45, 0xf6a6, 0xfea5, 0xede3, 0xcca1, 0xe5a3, 0xf644,

/* -98- */
0xb523, 0xad03, 0x3b66, 0x22e6, 0x22e6, 0x3346, 0x6c25, 0x3b67, 0x2b07, 0x1a87, 0x3306, 0x32e6, 0x22c6, 0x3367, 0x6ce6, 0x7d26,
0x7506, 0x7d06, 0x74c6, 0x7466, 0x3307, 0x1248, 0x1248, 0x0a28, 0x0a08, 0x09e7, 0x09c7, 0x09c7, 0x09c7, 0x09c7, 0x09e7, 0x1a26,
0x3a85, 0x6ba8, 0xbdad, 0xb56c, 0x9464, 0xa4a4, 0xb504, 0x9ce5, 0x6426, 0x3366, 0x4bc6, 0xada7, 0x8527, 0x4426, 0x2346, 0x3346,
0x6405, 0x2b46, 0x1ac6, 0x1ac5, 0x3326, 0x9c24, 0xc442, 0xb423, 0x73c4, 0x2b26, 0x3386, 0x4c26, 0x4c26, 0x4c26, 0x8d05, 0x74a6,
0x2367, 0x3ba7, 0x6c07, 0x4387, 0x1ae7, 0x1ac6, 0x2ac7, 0xa428, 0xac48, 0x5be6, 0x6449, 0x74ce, 0x9d70, 0xc650, 0x43a8, 0x2b06,
0x4b46, 0x8bc6, 0xa447, 0xb48a, 0xbcac, 0xcd0d, 0xdd6d, 0xe5d0, 0xe5d0, 0xdd2d, 0xdd2d, 0xd50d, 0xd54d, 0xed8f, 0x53e8, 0x2ba6,
0x4427, 0x64a7, 0x64c7, 0x6ce8, 0x8d49, 0xe66b, 0x74e7, 0x3bc6, 0x3367, 0xada6, 0xc5c8, 0x84a7, 0x2b66, 0x3386, 0x33a6, 0x2b66,
0x4b87, 0xc4ab, 0xd4ec, 0xcccc, 0xccec, 0xee08, 0xfe84, 0xe565, 0xcce8, 0xdd68, 0xee27, 0xf6e7, 0xee46, 0xccc2, 0xcca1, 0xd501,
0xee24, 0xee23, 0xee23, 0xe584, 0xdd64, 0xee04, 0xf684, 0xff27, 0xee44, 0xdd43, 0xd504, 0xd524, 0xe5a3, 0xedc3, 0xe583, 0xede4,
0xff06, 0xf685, 0xede3, 0xdd63, 0xd4e2, 0xee04, 0xf6a5, 0xf6a5, 0xf624, 0xdd42, 0xdd43, 0xe5c3, 0xede3, 0xf6a6, 0xf665, 0xe5e3,
0xe5e3, 0xee45, 0xff48, 0xf644, 0xed62, 0xeda4, 0xee05, 0xf687, 0xfec6, 0xf6a5, 0xee03, 0xf664, 0xfee6, 0xfee6, 0xe5a3, 0xd522,
0xd502, 0xe582, 0xfe84, 0xf6a5, 0xf685, 0xe604, 0xee45, 0xf685, 0xf644, 0xedc1, 0xc5a3, 0xad85, 0xada4, 0xde04, 0xee24, 0xee45,
0xf6e9, 0xee66, 0xd521, 0xede4, 0xfea6, 0xfee8, 0xfee7, 0xe562, 0xd502, 0xd502, 0xd522, 0xe582, 0xee45, 0xff08, 0xf685, 0xede3,
0xd522, 0xd4e2, 0xee04, 0xf664, 0xf686, 0xfee9, 0xf686, 0xe5c4, 0xd502, 0xdd83, 0xe5a3, 0xee03, 0xee04, 0xfee6, 0xf6a4, 0xee03,
0xdd42, 0xd522, 0xee23, 0xe5c2, 0xdda2, 0xf686, 0xfee7, 0xfec6, 0xf665, 0xe583, 0xe5c4, 0xee24, 0xdd63, 0xe5a3, 0xf664, 0xf643,
0xee03, 0xe5e3, 0xdd83, 0xe583, 0xeda3, 0xf603, 0xfe84, 0xfec5, 0xee24, 0xd4c1, 0xdd83, 0xfec5, 0xfec5, 0xff06, 0xede3, 0xee04,
0xf6c7, 0xfec7, 0xf644, 0xdd63, 0xd4e2, 0xdd43, 0xe583, 0xf624, 0xfec5, 0xff06, 0xd563, 0xc4a2, 0xd563, 0xee24, 0xede2, 0xf623,
0xf685, 0xee24, 0xf665, 0xfee5, 0xfe84, 0xdd23, 0xd523, 0xcce3, 0xcd03, 0xf685, 0xfec5, 0xfec6, 0xdd62, 0xd522, 0xedc3, 0xedc3,
0xede4, 0xede3, 0xee03, 0xede3, 0xe5c3, 0xee24, 0xee45, 0xf708, 0xf6a7, 0xdd62, 0xe5a2, 0xee03, 0xe5e4, 0xdd63, 0xe582, 0xedc2,
0xee23, 0xf644, 0xf666, 0xf624, 0xedc4, 0xedc4, 0xf604, 0xe583, 0xe583, 0xee45, 0xf6e7, 0xff26, 0xf684, 0xcc61, 0xd502, 0xee03,
0xede3, 0xdd83, 0xbc61, 0xe5e4, 0xff68, 0xf6e7, 0xee66, 0xee04, 0xe582, 0xd4c1, 0xe5e5, 0xf6c8, 0xff09, 0xff49, 0xdd42, 0xd4e2,
0xd543, 0xdd83, 0xee03, 0xf6e6, 0xf6e6, 0xe581, 0xd542, 0xe5c2, 0xee23, 0xee44, 0xee44, 0xfea5, 0xfec6, 0xfee6, 0xe604, 0xe5c3,
0xee04, 0xf664, 0xfea4, 0xfea5, 0xc564, 0xa545, 0xa545, 0xbda4, 0xf644, 0xe646, 0xe645, 0xe5a2, 0xdd82, 0xe5e3, 0xf6c7, 0xfec6,
0xe5e3, 0xdd83, 0xe5e5, 0xe5c4, 0xe582, 0xee04, 0xff07, 0xff07, 0xf6a6, 0xdd22, 0xd502, 0xe583, 0xf6a7, 0xff08, 0xdda2, 0xd582,
0xe624, 0xee85, 0xff28, 0xee03, 0xd4e1, 0xcd02, 0xdd62, 0xee65, 0xf6a7, 0xf643, 0xf644, 0xf665, 0xee25, 0xf686, 0xd5e6, 0xd5c6,
0xe605, 0xfea5, 0xe606, 0xee06, 0xede5, 0xd544, 0xc4c4, 0xc4c4, 0xd563, 0xf684, 0xf664, 0xfea4, 0xee23, 0xdd83, 0xdd62, 0xdd82,
0xd562, 0xd544, 0xeda5, 0xed87, 0xe527, 0xcd27, 0x9ce7, 0x8ca7, 0x9ca7, 0x9486, 0x5c06, 0x4c05, 0x3346, 0x12a7, 0x7465, 0xa584,
0x7d05, 0x3b86, 0x12a8, 0x1ae8, 0x2b68, 0x5c86, 0x6ce6, 0x6d46, 0x64e6, 0x5ca6, 0x4c07, 0x3b87, 0x43e7, 0x4c27, 0x6466, 0x7ce6,
0xa585, 0xa564, 0xad64, 0x84c5, 0x6445, 0x4386, 0x2b27, 0x2307, 0x1ae7, 0x1ae8, 0x1ae8, 0x1b08, 0x2b67, 0x3367, 0x1aa7, 0x0a27,
0x0207, 0x2b06, 0x5c66, 0x4bc6, 0x22a7, 0x1a46, 0x09c6, 0x09e6, 0x1226, 0x2286, 0x1ac6, 0x84e7, 0xbe27, 0xc666, 0xbe47, 0xb647,
0xd686, 0xe685, 0x8525, 0x5c86, 0x5447, 0x4c27, 0x9505, 0xdde3, 0xd5e3, 0xb564, 0x9505, 0x7cc5, 0xd625, 0xfee7, 0xff28, 0xbe07,
0x8d86, 0x7d46, 0xc668, 0xff09, 0xeea7, 0x9d26, 0x64a7, 0x8ce6, 0xdde5, 0xfe64, 0x94e5, 0x33a6, 0x3345, 0x1a85, 0x3b45, 0xe664,
0xee85, 0xb5c5, 0x7ce5, 0x33a7, 0x6446, 0xce06, 0xfee6, 0xe5e4, 0xdda3, 0xe5e3, 0xf6c7, 0xfec7, 0xee25, 0xc523, 0xcd43, 0xd5c4,
0xf687, 0xfee8, 0xf686, 0xee04, 0xdda2, 0xde05, 0xeec8, 0xff4a, 0xfee7, 0xee24, 0xc543, 0xd5a4, 0xd5a4, 0xd5a4, 0xf644, 0xfee6,
0xfee6, 0xf6a4, 0xf642, 0xbd02, 0xaca1, 0xc5c6, 0xce89, 0xff6c, 0xff09, 0xe602, 0xd583, 0xcda3, 0xb563, 0xb585, 0xf6a7, 0xff2b,
0xff4b, 0xee65, 0xc4e1, 0xa481, 0xc5c4, 0xff2a, 0xff2b, 0xfee8, 0xf6a5, 0xe5c3, 0xdd62, 0xdd62, 0xee25, 0xff09, 0xf686, 0xe5e3,
0xd562, 0xede2, 0xf6c7, 0xf6a6, 0xe5c3, 0xe5c3, 0xf685, 0xfec7, 0xfee7, 0xf643, 0xc583, 0xa544, 0x9d45, 0xbdc5, 0xd5a3, 0xdda2,
0xee24, 0xee03, 0xe5c2, 0xe5c2, 0xee24, 0xff4c, 0xff2a, 0xdda3, 0xd521, 0xe582, 0xdd62, 0xede3, 0xfee7, 0xf6c6, 0xf684, 0xe5e3,
0xcd23, 0xd563, 0xe5c2, 0xdd41, 0xdd61, 0xee44, 0xf686, 0xff69, 0xf666, 0xd502, 0xd4e2, 0xd4e2, 0xdd23, 0xee25, 0xff67, 0xf6a4,
0xdd41, 0xd522, 0xdd62, 0xdd41, 0xdd61, 0xee04, 0xede4, 0xe5a2, 0xe5c2, 0xee44, 0xfec7, 0xff0a, 0xf622, 0xede1, 0xe562, 0xd522,
0xcd02, 0x4ba6, 0x2b46, 0x3346, 0x8ca4, 0xa4e2, 0x7403, 0x3b85, 0x3386, 0x4406, 0x2b67, 0x22e7, 0x2348, 0x2387, 0xa544, 0xad24,
0x94e5, 0x6426, 0x0a47, 0x1a85, 0x6bc4, 0xf603, 0xede3, 0x8424, 0x3b85, 0x3b85, 0x5c25, 0xbda3, 0x7ca5, 0x1b27, 0x7ce6, 0xada5,
0x74a6, 0x3ba5, 0x3b65, 0x9ce4, 0xe5c3, 0xc524, 0x9464, 0x3b45, 0x2b05, 0x3346, 0x53e6, 0x7ca5, 0x3b66, 0x1ac6, 0x22e7, 0x1b07,
0x3ba7, 0x5447, 0x9d65, 0x7ce6, 0x5467, 0x6487, 0x6466, 0x4be6, 0x2ae6, 0x1246, 0x09e6, 0x09c6, 0x09c6, 0x09a6, 0x09a6, 0x0986,
0x09a6, 0x11c6, 0x2246, 0x1a66, 0x1a66, 0x8485, 0xa545, 0x8d06, 0x74c6, 0x3bc6, 0x2366, 0x33c6, 0x4c05, 0x6405, 0x6405, 0x6445,
0xb523, 0xad03, 0x3b66, 0x22e6, 0x22e6, 0x3346, 0x6c25, 0x3b67, 0x2b07, 0x1a87, 0x3306, 0x32e6, 0x22c6, 0x3367, 0x6ce6, 0x7d26,
0x7506, 0x7d06, 0x74c6, 0x7466, 0x3307, 0x1248, 0x1248, 0x0a28, 0x0a08, 0x09e7, 0x09c7, 0x09c7, 0x09c7, 0x09c7, 0x09e7, 0x1a26,
0x3a85, 0x6ba8, 0xbdad, 0xb56c, 0x9464, 0xa4a4, 0xb504, 0x9ce5, 0x6426, 0x3366, 0x4bc6, 0xada7, 0x8527, 0x4426, 0x2346, 0x3346,
0x6405, 0x2b46, 0x1ac6, 0x1ac5, 0x3326, 0x9c24, 0xc442, 0xb423, 0x73c4, 0x2b26, 0x3386, 0x4c26, 0x4c26, 0x4c26, 0x8d05, 0x74a6,
0x2367, 0x3ba7, 0x6c07, 0x4387, 0x1ae7, 0x1ac6, 0x2ac7, 0xa428, 0xac48, 0x5be6, 0x6449, 0x74ce, 0x9d70, 0xc650, 0x43a8, 0x2b06,
0x4b46, 0x8bc6, 0xa447, 0xb48a, 0xbcac, 0xcd0d, 0xdd6d, 0xe5d0, 0xe5d0, 0xdd2d, 0xdd2d, 0xd50d, 0xd54d, 0xed8f, 0x53e8, 0x2ba6,
0x4427, 0x64a7, 0x64c7, 0x6ce8, 0x8d49, 0xe66b, 0x74e7, 0x3bc6, 0x3367, 0xada6, 0xc5c8, 0x84a7, 0x2b66, 0x3386, 0x33a6, 0x2b66,
0x4b87, 0xc4ab, 0xd4ec, 0xcccc, 0xccec, 0xee08, 0xfe84, 0xe565, 0xcce8, 0xdd68, 0xee27, 0xf6e7, 0xee46, 0xccc2, 0xcca1, 0xd501,
0xee24, 0xee23, 0xee23, 0xe584, 0xdd64, 0xee04, 0xf684, 0xff27, 0xee44, 0xdd43, 0xd504, 0xd524, 0xe5a3, 0xedc3, 0xe583, 0xede4,
0xff06, 0xf685, 0xede3, 0xdd63, 0xd4e2, 0xee04, 0xf6a5, 0xf6a5, 0xf624, 0xdd42, 0xdd43, 0xe5c3, 0xede3, 0xf6a6, 0xf665, 0xe5e3,
0xe5e3, 0xee45, 0xff48, 0xf644, 0xed62, 0xeda4, 0xee05, 0xf687, 0xfec6, 0xf6a5, 0xee03, 0xf664, 0xfee6, 0xfee6, 0xe5a3, 0xd522,
0xd502, 0xe582, 0xfe84, 0xf6a5, 0xf685, 0xe604, 0xee45, 0xf685, 0xf644, 0xedc1, 0xc5a3, 0xad85, 0xada4, 0xde04, 0xee24, 0xee45,
0xf6e9, 0xee66, 0xd521, 0xede4, 0xfea6, 0xfee8, 0xfee7, 0xe562, 0xd502, 0xd502, 0xd522, 0xe582, 0xee45, 0xff08, 0xf685, 0xede3,
0xd522, 0xd4e2, 0xee04, 0xf664, 0xf686, 0xfee9, 0xf686, 0xe5c4, 0xd502, 0xdd83, 0xe5a3, 0xee03, 0xee04, 0xfee6, 0xf6a4, 0xee03,
0xdd42, 0xd522, 0xee23, 0xe5c2, 0xdda2, 0xf686, 0xfee7, 0xfec6, 0xf665, 0xe583, 0xe5c4, 0xee24, 0xdd63, 0xe5a3, 0xf664, 0xf643,
0xee03, 0xe5e3, 0xdd83, 0xe583, 0xeda3, 0xf603, 0xfe84, 0xfec5, 0xee24, 0xd4c1, 0xdd83, 0xfec5, 0xfec5, 0xff06, 0xede3, 0xee04,
0xf6c7, 0xfec7, 0xf644, 0xdd63, 0xd4e2, 0xdd43, 0xe583, 0xf624, 0xfec5, 0xff06, 0xd563, 0xc4a2, 0xd563, 0xee24, 0xede2, 0xf623,
0xf685, 0xee24, 0xf665, 0xfee5, 0xfe84, 0xdd23, 0xd523, 0xcce3, 0xcd03, 0xf685, 0xfec5, 0xfec6, 0xdd62, 0xd522, 0xedc3, 0xedc3,
0xede4, 0xede3, 0xee03, 0xede3, 0xe5c3, 0xee24, 0xee45, 0xf708, 0xf6a7, 0xdd62, 0xe5a2, 0xee03, 0xe5e4, 0xdd63, 0xe582, 0xedc2,
0xee23, 0xf644, 0xf666, 0xf624, 0xedc4, 0xedc4, 0xf604, 0xe583, 0xe583, 0xee45, 0xf6e7, 0xff26, 0xf684, 0xcc61, 0xd502, 0xee03,

/* -99- */
0x94a4, 0xa4c3, 0xaca3, 0x73a5, 0x1ac6, 0x22e6, 0x1ae6, 0x2b67, 0x2b67, 0x1247, 0x1227, 0x0a27, 0x2307, 0x64e7, 0x6ce6, 0x74e6,
0x7506, 0x6ce6, 0x22e7, 0x0a27, 0x1aa7, 0x22e7, 0x1a87, 0x09e7, 0x09c7, 0x09c7, 0x09c7, 0x09c7, 0x09c7, 0x09e7, 0x09e7, 0x0a06,
0x0a03, 0x5c4e, 0xffff, 0xf7de, 0x53a6, 0x5382, 0x6c24, 0x8ca4, 0xa524, 0x84a5, 0x1ae6, 0x33a6, 0x5467, 0x4c26, 0x2b66, 0x2b46,
0x4386, 0x3b66, 0x0247, 0x3306, 0x8c85, 0xb4a4, 0xd4c2, 0xa403, 0x5345, 0x1aa5, 0x1b06, 0x1b27, 0x3be6, 0x5c46, 0x6c85, 0x6466,
0x2b67, 0x2b48, 0x22e7, 0x22c6, 0x1266, 0x7ba9, 0xa409, 0xfe73, 0xd613, 0x3b66, 0x3387, 0x850d, 0xce90, 0xc66d, 0x6468, 0x4bc5,
0x7465, 0x8445, 0x3b08, 0xac8d, 0xfe95, 0xeeb6, 0xe56b, 0xdd4b, 0xe58e, 0xe58e, 0xe58f, 0xf611, 0xf654, 0xfe74, 0xad0c, 0x6427,
0x33a6, 0x3ba6, 0x3ba7, 0x5427, 0x7ce7, 0x7ce8, 0x6487, 0x3366, 0x22e6, 0xbdc5, 0x8d06, 0x2ba7, 0x3bc7, 0x33c7, 0x2366, 0x2b66,
0x2ae6, 0xac2a, 0xdd0c, 0xc48b, 0xc4ca, 0xee25, 0xfe83, 0xe584, 0xccc5, 0xcce5, 0xc4e5, 0xee45, 0xff05, 0xf6a4, 0xe582, 0xd522,
0xd522, 0xdd62, 0xf644, 0xe584, 0xcce3, 0xdd42, 0xede1, 0xff06, 0xf685, 0xdd63, 0xd523, 0xd544, 0xdd64, 0xd4c2, 0xe563, 0xfec5,
0xfee6, 0xf664, 0xdd62, 0xc482, 0xbc21, 0xd502, 0xe5c3, 0xfee6, 0xf665, 0xd4e2, 0xdd23, 0xe5a3, 0xf646, 0xff09, 0xdd42, 0xd4e2,
0xdda3, 0xee24, 0xff28, 0xedc4, 0xdca1, 0xd4c2, 0xdd03, 0xf687, 0xf6a7, 0xeda1, 0xdd61, 0xedc2, 0xfec4, 0xff27, 0xccc2, 0xc462,
0xd502, 0xedc3, 0xfe85, 0xfea5, 0xfea5, 0xc564, 0xa4c4, 0xee03, 0xf622, 0xf5c1, 0xad44, 0x6cc6, 0x7506, 0xc563, 0xed81, 0xe5a1,
0xe625, 0xdde4, 0xd563, 0xd542, 0xedc2, 0xfee8, 0xfee7, 0xedc3, 0xdd42, 0xd4e2, 0xccc2, 0xede4, 0xfee7, 0xff08, 0xdda3, 0xdd42,
0xd4e2, 0xccc2, 0xcce2, 0xd542, 0xe5e3, 0xfee8, 0xff29, 0xe606, 0xbc22, 0xdd63, 0xede4, 0xfea5, 0xfea5, 0xfee5, 0xe5c3, 0xcce2,
0xbc82, 0xc4a2, 0xee03, 0xdd82, 0xbca1, 0xd582, 0xfe84, 0xff29, 0xf6c9, 0xd4e2, 0xcce2, 0xdd22, 0xdd42, 0xe5c3, 0xee44, 0xfe84,
0xf643, 0xe5c3, 0xac03, 0xccc3, 0xfe84, 0xfec5, 0xfec5, 0xeda2, 0xd501, 0xbc41, 0xccc1, 0xfe84, 0xfec5, 0xfee6, 0xdd83, 0xcce2,
0xede4, 0xfee6, 0xff06, 0xe5c4, 0xcca2, 0xd4e2, 0xe542, 0xfea5, 0xfea5, 0xee03, 0xd522, 0xc4c2, 0xc4c2, 0xd502, 0xfec5, 0xf664,
0xd542, 0xd563, 0xee03, 0xfea5, 0xfea5, 0xd502, 0xcc82, 0xbc62, 0xc482, 0xf686, 0xfec5, 0xfe85, 0xe582, 0xdd42, 0xe562, 0xdd22,
0xc4a1, 0xe583, 0xfea5, 0xf664, 0xede3, 0xc4e3, 0xcd23, 0xf729, 0xf6a7, 0xdd41, 0xe5c3, 0xf645, 0xd544, 0xbc63, 0xc461, 0xe582,
0xfee6, 0xf644, 0xe562, 0xeda2, 0xeda2, 0xdd02, 0xd4e1, 0xdd02, 0xd522, 0xede2, 0xfec6, 0xff06, 0xf684, 0xd4c2, 0xcc81, 0xedc3,
0xdd42, 0xcce2, 0xc4a1, 0xf665, 0xff68, 0xee44, 0xd501, 0xdd42, 0xdd42, 0xcc81, 0xcce1, 0xe5c4, 0xf6a8, 0xff2a, 0xe5a3, 0xd502,
0xac02, 0xcd04, 0xff07, 0xfec3, 0xee22, 0xbc82, 0xbc82, 0xee04, 0xede3, 0xbc60, 0xee87, 0xff69, 0xfe64, 0xedc3, 0xede3, 0xd583,
0xad24, 0xee04, 0xfe43, 0xf643, 0xc563, 0x6c66, 0x4c06, 0x9505, 0xf603, 0xf5e2, 0xdda2, 0xb545, 0xbd44, 0xd542, 0xf6a7, 0xff29,
0xee24, 0xdda3, 0xcd03, 0xd502, 0xe582, 0xfec7, 0xff49, 0xfe44, 0xed82, 0xcca2, 0xcca2, 0xc461, 0xe604, 0xff28, 0xf620, 0xc502,
0xa443, 0xcd65, 0xff29, 0xfec5, 0xee03, 0xb441, 0xbc81, 0xee67, 0xf6c9, 0xe5c1, 0xee03, 0xfea5, 0xf665, 0xddc3, 0xbd03, 0xb4e3,
0xddc4, 0xff07, 0xff69, 0xee47, 0xcce5, 0xb465, 0xb465, 0xbc83, 0xdda4, 0xff07, 0xfec6, 0xfe64, 0xd523, 0xac02, 0xa3e2, 0xcd03,
0xfe44, 0xe5a4, 0xbc85, 0xc464, 0xcc44, 0x5b85, 0x0305, 0x02c6, 0x3ba7, 0xddc6, 0xd585, 0x5c05, 0x2b46, 0x1b07, 0xbde5, 0xc605,
0x3388, 0x2368, 0x12e8, 0x0288, 0x43a7, 0xb567, 0x84c7, 0x3ba7, 0x43e7, 0x7526, 0x5c66, 0x3b87, 0x43e7, 0x3ba7, 0x0a48, 0x4be7,
0x9585, 0x9d44, 0xbde4, 0x3b45, 0x01a6, 0x3366, 0x3ba6, 0x4406, 0x43e7, 0x1268, 0x12a8, 0x1ae8, 0x1aa7, 0x1287, 0x1ac7, 0x1ae7,
0x12a7, 0x3386, 0x3366, 0x22a7, 0x01e7, 0x09e7, 0x0a07, 0x01a7, 0x2ac6, 0x8d26, 0x7cc6, 0x8d07, 0xa5a6, 0xa5a6, 0x74c7, 0x4c28,
0x7ca6, 0xf663, 0xa585, 0x6ca6, 0x5467, 0x5c67, 0xad44, 0xfea2, 0xcdc4, 0x4bc6, 0x2b25, 0x12c5, 0xb524, 0xfe84, 0xff47, 0xc5e6,
0x8526, 0x7506, 0xe709, 0xff08, 0xde06, 0x2b06, 0x2b66, 0x2347, 0x7486, 0xfe84, 0xbd84, 0x4406, 0x3b86, 0x1aa6, 0x9524, 0xe664,
0xde25, 0x4c08, 0x2367, 0x1b27, 0x0207, 0x7c45, 0xfea4, 0xfe43, 0xf5e3, 0xedc2, 0xff2a, 0xff08, 0xe5e3, 0xbce3, 0xc4e2, 0xe626,
0xff6c, 0xff09, 0xe5e3, 0xe5c2, 0xf5e2, 0xb4c2, 0xcda5, 0xff6a, 0xff29, 0xff07, 0xcd63, 0xd563, 0xd543, 0xd503, 0xe562, 0xfec7,
0xff07, 0xdde4, 0xc4e2, 0xbcc1, 0xb4c2, 0x9c82, 0x9525, 0xf74c, 0xff4b, 0xff08, 0xd543, 0xcd21, 0xc521, 0xee66, 0xff6a, 0xff4b,
0xff28, 0xe581, 0xc481, 0xbcc1, 0xbd22, 0xe686, 0xff09, 0xff29, 0xf686, 0xccc1, 0xccc1, 0xf666, 0xfec9, 0xfee8, 0xe5c3, 0xd541,
0xd542, 0xee02, 0xf664, 0xfe84, 0xfea5, 0xfee6, 0xff28, 0xf602, 0xf5e1, 0xf602, 0x8ce5, 0x74e6, 0x6ce7, 0x64a6, 0xcd84, 0xe5c3,
0xf664, 0xe5c3, 0xcd22, 0xdd62, 0xee03, 0xff09, 0xff09, 0xe5e3, 0xdd21, 0xd4e1, 0xdda3, 0xfee8, 0xfec6, 0xf6a5, 0xfea3, 0xcd23,
0xa3a3, 0xbc63, 0xe5a2, 0xe581, 0xdd41, 0xcca1, 0xd523, 0xff08, 0xfee7, 0xf6a5, 0xd4c2, 0xcc82, 0xe5a4, 0xf6a6, 0xff66, 0xee84,
0xbc41, 0xc4a2, 0xe582, 0xdd41, 0xd521, 0xd541, 0xdd61, 0xe581, 0xf643, 0xfee5, 0xf6a6, 0xff09, 0xdd61, 0xcce1, 0xd4e1, 0xd4e1,
0xcd02, 0x3b26, 0x0266, 0x12a5, 0x22e6, 0x4346, 0x6be4, 0x84c3, 0x7484, 0x3be6, 0x2b47, 0x0a28, 0x4bc7, 0xb5c5, 0x7c45, 0x5b85,
0x1aa8, 0x1287, 0x0a07, 0x7c04, 0xd542, 0xe562, 0xe582, 0xac83, 0x5b44, 0x43a5, 0x43c6, 0x5c66, 0x5c45, 0x2347, 0x7d06, 0x9d85,
0x2b46, 0x3b65, 0xa4c4, 0xee24, 0xfe83, 0xfe22, 0xfe23, 0x53c5, 0x1ae5, 0x2b46, 0x3366, 0x43c6, 0x3ba6, 0x2347, 0x1287, 0x1ac7,
0x8d67, 0x95a6, 0x5426, 0x4407, 0x4c27, 0x4c27, 0x43e7, 0x3b86, 0x2b06, 0x1206, 0x1206, 0x09e7, 0x09e7, 0x09c7, 0x09c7, 0x01a7,
0x0166, 0x1247, 0x8587, 0x6487, 0x1226, 0x3386, 0x4407, 0x64c7, 0x6ce6, 0x4406, 0x33a6, 0x33a6, 0x2b86, 0x3386, 0x43c7, 0x5406,
0x94a4, 0xa4c3, 0xaca3, 0x73a5, 0x1ac6, 0x22e6, 0x1ae6, 0x2b67, 0x2b67, 0x1247, 0x1227, 0x0a27, 0x2307, 0x64e7, 0x6ce6, 0x74e6,
0x7506, 0x6ce6, 0x22e7, 0x0a27, 0x1aa7, 0x22e7, 0x1a87, 0x09e7, 0x09c7, 0x09c7, 0x09c7, 0x09c7, 0x09c7, 0x09e7, 0x09e7, 0x0a06,
0x0a03, 0x5c4e, 0xffff, 0xf7de, 0x53a6, 0x5382, 0x6c24, 0x8ca4, 0xa524, 0x84a5, 0x1ae6, 0x33a6, 0x5467, 0x4c26, 0x2b66, 0x2b46,
0x4386, 0x3b66, 0x0247, 0x3306, 0x8c85, 0xb4a4, 0xd4c2, 0xa403, 0x5345, 0x1aa5, 0x1b06, 0x1b27, 0x3be6, 0x5c46, 0x6c85, 0x6466,
0x2b67, 0x2b48, 0x22e7, 0x22c6, 0x1266, 0x7ba9, 0xa409, 0xfe73, 0xd613, 0x3b66, 0x3387, 0x850d, 0xce90, 0xc66d, 0x6468, 0x4bc5,
0x7465, 0x8445, 0x3b08, 0xac8d, 0xfe95, 0xeeb6, 0xe56b, 0xdd4b, 0xe58e, 0xe58e, 0xe58f, 0xf611, 0xf654, 0xfe74, 0xad0c, 0x6427,
0x33a6, 0x3ba6, 0x3ba7, 0x5427, 0x7ce7, 0x7ce8, 0x6487, 0x3366, 0x22e6, 0xbdc5, 0x8d06, 0x2ba7, 0x3bc7, 0x33c7, 0x2366, 0x2b66,
0x2ae6, 0xac2a, 0xdd0c, 0xc48b, 0xc4ca, 0xee25, 0xfe83, 0xe584, 0xccc5, 0xcce5, 0xc4e5, 0xee45, 0xff05, 0xf6a4, 0xe582, 0xd522,
0xd522, 0xdd62, 0xf644, 0xe584, 0xcce3, 0xdd42, 0xede1, 0xff06, 0xf685, 0xdd63, 0xd523, 0xd544, 0xdd64, 0xd4c2, 0xe563, 0xfec5,
0xfee6, 0xf664, 0xdd62, 0xc482, 0xbc21, 0xd502, 0xe5c3, 0xfee6, 0xf665, 0xd4e2, 0xdd23, 0xe5a3, 0xf646, 0xff09, 0xdd42, 0xd4e2,
0xdda3, 0xee24, 0xff28, 0xedc4, 0xdca1, 0xd4c2, 0xdd03, 0xf687, 0xf6a7, 0xeda1, 0xdd61, 0xedc2, 0xfec4, 0xff27, 0xccc2, 0xc462,
0xd502, 0xedc3, 0xfe85, 0xfea5, 0xfea5, 0xc564, 0xa4c4, 0xee03, 0xf622, 0xf5c1, 0xad44, 0x6cc6, 0x7506, 0xc563, 0xed81, 0xe5a1,
0xe625, 0xdde4, 0xd563, 0xd542, 0xedc2, 0xfee8, 0xfee7, 0xedc3, 0xdd42, 0xd4e2, 0xccc2, 0xede4, 0xfee7, 0xff08, 0xdda3, 0xdd42,
0xd4e2, 0xccc2, 0xcce2, 0xd542, 0xe5e3, 0xfee8, 0xff29, 0xe606, 0xbc22, 0xdd63, 0xede4, 0xfea5, 0xfea5, 0xfee5, 0xe5c3, 0xcce2,
0xbc82, 0xc4a2, 0xee03, 0xdd82, 0xbca1, 0xd582, 0xfe84, 0xff29, 0xf6c9, 0xd4e2, 0xcce2, 0xdd22, 0xdd42, 0xe5c3, 0xee44, 0xfe84,
0xf643, 0xe5c3, 0xac03, 0xccc3, 0xfe84, 0xfec5, 0xfec5, 0xeda2, 0xd501, 0xbc41, 0xccc1, 0xfe84, 0xfec5, 0xfee6, 0xdd83, 0xcce2,
0xede4, 0xfee6, 0xff06, 0xe5c4, 0xcca2, 0xd4e2, 0xe542, 0xfea5, 0xfea5, 0xee03, 0xd522, 0xc4c2, 0xc4c2, 0xd502, 0xfec5, 0xf664,
0xd542, 0xd563, 0xee03, 0xfea5, 0xfea5, 0xd502, 0xcc82, 0xbc62, 0xc482, 0xf686, 0xfec5, 0xfe85, 0xe582, 0xdd42, 0xe562, 0xdd22,
0xc4a1, 0xe583, 0xfea5, 0xf664, 0xede3, 0xc4e3, 0xcd23, 0xf729, 0xf6a7, 0xdd41, 0xe5c3, 0xf645, 0xd544, 0xbc63, 0xc461, 0xe582,
0xfee6, 0xf644, 0xe562, 0xeda2, 0xeda2, 0xdd02, 0xd4e1, 0xdd02, 0xd522, 0xede2, 0xfec6, 0xff06, 0xf684, 0xd4c2, 0xcc81, 0xedc3,

/* -100- */
0x5bc6, 0x7c05, 0xc4c2, 0x9c23, 0x4366, 0x3366, 0x2346, 0x2307, 0x22e8, 0x1268, 0x1ac7, 0x2b67, 0x43e7, 0x6d07, 0x6ce6, 0x5c46,
0x5407, 0x4be7, 0x22a7, 0x22a6, 0x3326, 0x3b47, 0x32e6, 0x1206, 0x09c6, 0x09c6, 0x09c7, 0x09e7, 0x0a07, 0x0a07, 0x3b6b, 0x6c8f,
0x642d, 0x8d31, 0xceb7, 0xc696, 0x7cab, 0x8d0c, 0x952c, 0x5ba5, 0x6be5, 0x6be5, 0x32e5, 0x2ae6, 0x3b86, 0x43a6, 0x2286, 0x1a66,
0x2ae6, 0x3347, 0x1b07, 0x5c06, 0xb544, 0x9466, 0x9c86, 0xb4a7, 0x8c27, 0x6ba6, 0x3b26, 0x1286, 0x3366, 0x4be6, 0x43a6, 0x3b46,
0x1a87, 0x22c7, 0x22a7, 0x2ac7, 0x5b89, 0xcd71, 0xe5d2, 0xee54, 0xb571, 0x4bc7, 0x43c7, 0x4c08, 0x9daa, 0xce8c, 0x6447, 0x43a6,
0x4ba7, 0x5bc7, 0x2b09, 0xa531, 0xfed6, 0xf6d5, 0xee0e, 0xedf0, 0xee12, 0xee33, 0xdd6f, 0xc54e, 0xd58f, 0xddaf, 0xdd8e, 0xc52c,
0x63e8, 0x2b46, 0x2326, 0x3b66, 0x5c47, 0x5c46, 0x5c46, 0x3346, 0x22c6, 0x7ca6, 0x5c26, 0x2b87, 0x2b67, 0x2b87, 0x53c7, 0x8c09,
0x9c0a, 0xbc6b, 0xcc8b, 0xac6a, 0xa487, 0xd584, 0xede2, 0xd543, 0xcce4, 0xb485, 0x8bc4, 0xb4a5, 0xee04, 0xee23, 0xf622, 0xd562,
0xbca3, 0xd503, 0xf624, 0xee05, 0xdd84, 0xc4c3, 0xd523, 0xf6a5, 0xf684, 0xe583, 0xcca3, 0xc4c3, 0xd503, 0xdd23, 0xe5c4, 0xfea6,
0xf665, 0xe5a3, 0xc4a2, 0xc4a2, 0xd502, 0xccc2, 0xd522, 0xee24, 0xf665, 0xe5c4, 0xdd23, 0xede4, 0xee45, 0xee46, 0xccc2, 0xc482,
0xd503, 0xdd83, 0xf6a6, 0xf665, 0xe583, 0xcc82, 0xccc2, 0xee46, 0xf686, 0xede1, 0xcce1, 0xdd22, 0xfe83, 0xff06, 0xe5c5, 0xd503,
0xedc3, 0xee24, 0xf645, 0xee05, 0xf624, 0xc584, 0x9ce4, 0xbd84, 0xddc3, 0xf5c1, 0xa504, 0x5c45, 0x6445, 0xbd23, 0xe581, 0xdd83,
0xa565, 0xb544, 0xd543, 0xdd83, 0xede3, 0xf686, 0xfee7, 0xf644, 0xdd62, 0xbc41, 0xd4e2, 0xf664, 0xf685, 0xee25, 0xc4e3, 0xcd02,
0xd502, 0xcce1, 0xcce2, 0xd523, 0xe5c4, 0xee47, 0xfee9, 0xf687, 0xdd44, 0xccc3, 0xe5a4, 0xfec5, 0xf685, 0xdde4, 0xc4e2, 0xbc82,
0xb462, 0xbca2, 0xdd83, 0xdd82, 0xcd22, 0xcd03, 0xe5a4, 0xf6c8, 0xfee9, 0xe5a4, 0xd4e2, 0xccc2, 0xcce2, 0xe5c3, 0xf643, 0xf664,
0xd583, 0xcd23, 0xb462, 0xd543, 0xfee6, 0xf6a5, 0xf644, 0xd542, 0xc4e2, 0xbca2, 0xbca2, 0xdda3, 0xf664, 0xfec5, 0xdd42, 0xc482,
0xcd03, 0xee25, 0xff06, 0xe5a4, 0xc462, 0xdd43, 0xee24, 0xfea6, 0xf665, 0xe5a3, 0xc4e3, 0xac62, 0xbc82, 0xcce2, 0xee44, 0xee23,
0xdd82, 0xd522, 0xd522, 0xee44, 0xfec5, 0xede4, 0xccc2, 0xc462, 0xd543, 0xf6a6, 0xf6a6, 0xee24, 0xdd62, 0xd542, 0xcd22, 0xcce2,
0xccc2, 0xd502, 0xe5c4, 0xf623, 0xede3, 0xc4c3, 0xbca3, 0xe606, 0xee66, 0xee24, 0xe5c3, 0xede4, 0xdd43, 0xc4a2, 0xe5c4, 0xf644,
0xfea6, 0xede4, 0xc4a2, 0xcce2, 0xd542, 0xe582, 0xdd22, 0xd502, 0xc4c2, 0xd522, 0xe5e4, 0xfec5, 0xfee6, 0xede4, 0xd4e2, 0xdd43,
0xd4e2, 0xd522, 0xe584, 0xfec7, 0xf6c6, 0xdd63, 0xcca2, 0xccc2, 0xd502, 0xd502, 0xbc62, 0xcce3, 0xee26, 0xff08, 0xf665, 0xdd83,
0xb402, 0xd523, 0xfee6, 0xee44, 0xdd82, 0xc482, 0xc482, 0xede4, 0xee04, 0xdd83, 0xf6c6, 0xff07, 0xf5e3, 0xdd02, 0xeda2, 0xbd03,
0x8464, 0xb544, 0xe604, 0xf602, 0xd563, 0x7c85, 0x4c06, 0x8cc5, 0xede3, 0xd583, 0xb524, 0x7cc5, 0xa504, 0xdd82, 0xee46, 0xf6c7,
0xf686, 0xee04, 0xcce3, 0xd523, 0xee03, 0xfec6, 0xfec5, 0xdd63, 0xc4c2, 0xcce2, 0xbc82, 0xbc62, 0xd524, 0xee46, 0xf621, 0xcd02,
0xac43, 0xcd44, 0xfee7, 0xfee7, 0xf665, 0xc4a1, 0xc4c1, 0xf645, 0xf686, 0xede3, 0xdd62, 0xdd83, 0xd563, 0xcd43, 0xd563, 0xb4a3,
0xbca3, 0xe604, 0xff07, 0xee47, 0xcd26, 0xb445, 0xbc85, 0xd584, 0xee25, 0xff08, 0xee46, 0xe5a4, 0xd503, 0xbc62, 0xcce3, 0xdd84,
0xede5, 0xcd04, 0xa404, 0xbcea, 0xdd2d, 0x83e9, 0x3b47, 0x22a5, 0x22c6, 0x8c87, 0xb585, 0x7485, 0x3386, 0x1b07, 0x9526, 0x8ce6,
0x2348, 0x1b08, 0x53c8, 0x6c08, 0x8447, 0xcd46, 0x9466, 0x22c7, 0x3327, 0x5c66, 0x4c07, 0x43a7, 0x3367, 0x2307, 0x1ac7, 0x4c07,
0x8546, 0x8526, 0xa5e5, 0x6c86, 0x4ba6, 0x3b66, 0x2b46, 0x3ba6, 0x43c6, 0x3b26, 0x2287, 0x1247, 0x1a66, 0x1a66, 0x1246, 0x1227,
0x1247, 0x2b06, 0x22c6, 0x1247, 0x0a08, 0x1268, 0x12a8, 0x2307, 0x5427, 0x9566, 0x74e7, 0x8507, 0x9d86, 0xa586, 0x5c27, 0x22e6,
0x4ba6, 0xa524, 0xb582, 0x8ce4, 0x3ba6, 0x5c46, 0xbda3, 0xc5c5, 0x8ce6, 0x3bc6, 0x33a6, 0x53a5, 0x9ca4, 0xd583, 0xfec4, 0xde05,
0xa546, 0x6c86, 0xe6a7, 0xf6a6, 0xd5a4, 0x63e5, 0x3ba6, 0x2b87, 0x5447, 0xa546, 0xbde4, 0x6cc6, 0x3bc6, 0x12c6, 0xad84, 0xb5a5,
0x7ca6, 0x3b87, 0x1b07, 0x2306, 0x5b84, 0xacc4, 0xede2, 0xddc4, 0xcdc5, 0xd626, 0xf70a, 0xfec7, 0xde04, 0x94e4, 0xcd83, 0xee67,
0xff6c, 0xf687, 0xd562, 0xd562, 0xbd23, 0x8463, 0xa4e3, 0xee66, 0xff08, 0xff08, 0xcd83, 0xc543, 0xace3, 0xd584, 0xf624, 0xf6e7,
0xf6a6, 0xc5a5, 0x8c84, 0xbd63, 0xcd83, 0xa4c3, 0xa545, 0xf6a8, 0xfee9, 0xff2a, 0xe5e4, 0xcd43, 0x9462, 0xd606, 0xff49, 0xf6a7,
0xee44, 0xd522, 0xc4c2, 0xb4a3, 0x9cc4, 0xb545, 0xe646, 0xff28, 0xf6a6, 0xc4c1, 0xdd83, 0xfea8, 0xf6a8, 0xee46, 0xbd84, 0xa523,
0xc522, 0xe582, 0xee44, 0xfe85, 0xf685, 0xc585, 0xbd85, 0xcd63, 0xeda1, 0xf601, 0x9d24, 0x74c6, 0x6486, 0x6c85, 0xddc4, 0xe5e4,
0xe5e4, 0xc564, 0x9484, 0xbce3, 0xd542, 0xf6a6, 0xfee7, 0xf665, 0xdd83, 0xb420, 0xdda5, 0xff4a, 0xf643, 0xee02, 0xe5c3, 0xc4c3,
0xabe3, 0xb463, 0xdd43, 0xe5a2, 0xdd62, 0xb422, 0xc4a2, 0xf665, 0xf6a4, 0xfea4, 0xc482, 0xbc42, 0xee45, 0xf6c6, 0xee85, 0xe5e4,
0xc482, 0xc482, 0xcce2, 0xdd62, 0xdd41, 0xd564, 0xe607, 0xd563, 0xb4e3, 0x9d05, 0xde08, 0xee8b, 0xb463, 0xac03, 0xcce1, 0xd521,
0xdd42, 0x8445, 0x63e5, 0x4b85, 0x1ac6, 0x22c7, 0x22e7, 0x6c65, 0x7484, 0x3ba7, 0x2307, 0x01e7, 0x4b87, 0x94e5, 0x3b06, 0x22a6,
0x12a8, 0x1aa7, 0x5b65, 0xacc3, 0xdd62, 0xa4a4, 0xbd03, 0xd563, 0x9c44, 0x3b65, 0x3ba6, 0x5c25, 0x4bc5, 0x22e6, 0x3b46, 0x4b85,
0x4ba6, 0x6c05, 0xe626, 0xdde5, 0xb504, 0xa4c4, 0xbd44, 0x9d05, 0x53e6, 0x2b66, 0x3387, 0x3bc7, 0x2b67, 0x12e7, 0x2307, 0x3b67,
0x74c6, 0x74a5, 0x5405, 0x3b86, 0x3327, 0x2ae6, 0x2ae6, 0x2b06, 0x2b06, 0x32e5, 0x1a46, 0x09e7, 0x09e7, 0x0a07, 0x0a08, 0x22a8,
0x3b47, 0x43a7, 0x5447, 0x3ba7, 0x1a87, 0x5447, 0x6cc6, 0x64a6, 0x6486, 0x3b67, 0x22e6, 0x22c6, 0x2b07, 0x2b48, 0x5426, 0x6466,
0x5bc6, 0x7c05, 0xc4c2, 0x9c23, 0x4366, 0x3366, 0x2346, 0x2307, 0x22e8, 0x1268, 0x1ac7, 0x2b67, 0x43e7, 0x6d07, 0x6ce6, 0x5c46,
0x5407, 0x4be7, 0x22a7, 0x22a6, 0x3326, 0x3b47, 0x32e6, 0x1206, 0x09c6, 0x09c6, 0x09c7, 0x09e7, 0x0a07, 0x0a07, 0x3b6b, 0x6c8f,
0x642d, 0x8d31, 0xceb7, 0xc696, 0x7cab, 0x8d0c, 0x952c, 0x5ba5, 0x6be5, 0x6be5, 0x32e5, 0x2ae6, 0x3b86, 0x43a6, 0x2286, 0x1a66,
0x2ae6, 0x3347, 0x1b07, 0x5c06, 0xb544, 0x9466, 0x9c86, 0xb4a7, 0x8c27, 0x6ba6, 0x3b26, 0x1286, 0x3366, 0x4be6, 0x43a6, 0x3b46,
0x1a87, 0x22c7, 0x22a7, 0x2ac7, 0x5b89, 0xcd71, 0xe5d2, 0xee54, 0xb571, 0x4bc7, 0x43c7, 0x4c08, 0x9daa, 0xce8c, 0x6447, 0x43a6,
0x4ba7, 0x5bc7, 0x2b09, 0xa531, 0xfed6, 0xf6d5, 0xee0e, 0xedf0, 0xee12, 0xee33, 0xdd6f, 0xc54e, 0xd58f, 0xddaf, 0xdd8e, 0xc52c,
0x63e8, 0x2b46, 0x2326, 0x3b66, 0x5c47, 0x5c46, 0x5c46, 0x3346, 0x22c6, 0x7ca6, 0x5c26, 0x2b87, 0x2b67, 0x2b87, 0x53c7, 0x8c09,
0x9c0a, 0xbc6b, 0xcc8b, 0xac6a, 0xa487, 0xd584, 0xede2, 0xd543, 0xcce4, 0xb485, 0x8bc4, 0xb4a5, 0xee04, 0xee23, 0xf622, 0xd562,
0xbca3, 0xd503, 0xf624, 0xee05, 0xdd84, 0xc4c3, 0xd523, 0xf6a5, 0xf684, 0xe583, 0xcca3, 0xc4c3, 0xd503, 0xdd23, 0xe5c4, 0xfea6,
0xf665, 0xe5a3, 0xc4a2, 0xc4a2, 0xd502, 0xccc2, 0xd522, 0xee24, 0xf665, 0xe5c4, 0xdd23, 0xede4, 0xee45, 0xee46, 0xccc2, 0xc482,
0xd503, 0xdd83, 0xf6a6, 0xf665, 0xe583, 0xcc82, 0xccc2, 0xee46, 0xf686, 0xede1, 0xcce1, 0xdd22, 0xfe83, 0xff06, 0xe5c5, 0xd503,
0xedc3, 0xee24, 0xf645, 0xee05, 0xf624, 0xc584, 0x9ce4, 0xbd84, 0xddc3, 0xf5c1, 0xa504, 0x5c45, 0x6445, 0xbd23, 0xe581, 0xdd83,
0xa565, 0xb544, 0xd543, 0xdd83, 0xede3, 0xf686, 0xfee7, 0xf644, 0xdd62, 0xbc41, 0xd4e2, 0xf664, 0xf685, 0xee25, 0xc4e3, 0xcd02,
0xd502, 0xcce1, 0xcce2, 0xd523, 0xe5c4, 0xee47, 0xfee9, 0xf687, 0xdd44, 0xccc3, 0xe5a4, 0xfec5, 0xf685, 0xdde4, 0xc4e2, 0xbc82,
0xb462, 0xbca2, 0xdd83, 0xdd82, 0xcd22, 0xcd03, 0xe5a4, 0xf6c8, 0xfee9, 0xe5a4, 0xd4e2, 0xccc2, 0xcce2, 0xe5c3, 0xf643, 0xf664,
0xd583, 0xcd23, 0xb462, 0xd543, 0xfee6, 0xf6a5, 0xf644, 0xd542, 0xc4e2, 0xbca2, 0xbca2, 0xdda3, 0xf664, 0xfec5, 0xdd42, 0xc482,
0xcd03, 0xee25, 0xff06, 0xe5a4, 0xc462, 0xdd43, 0xee24, 0xfea6, 0xf665, 0xe5a3, 0xc4e3, 0xac62, 0xbc82, 0xcce2, 0xee44, 0xee23,
0xdd82, 0xd522, 0xd522, 0xee44, 0xfec5, 0xede4, 0xccc2, 0xc462, 0xd543, 0xf6a6, 0xf6a6, 0xee24, 0xdd62, 0xd542, 0xcd22, 0xcce2,
0xccc2, 0xd502, 0xe5c4, 0xf623, 0xede3, 0xc4c3, 0xbca3, 0xe606, 0xee66, 0xee24, 0xe5c3, 0xede4, 0xdd43, 0xc4a2, 0xe5c4, 0xf644,
0xfea6, 0xede4, 0xc4a2, 0xcce2, 0xd542, 0xe582, 0xdd22, 0xd502, 0xc4c2, 0xd522, 0xe5e4, 0xfec5, 0xfee6, 0xede4, 0xd4e2, 0xdd43,

/* -101- */
0x1227, 0x4306, 0xb482, 0xaca2, 0x9d23, 0x43a5, 0x2326, 0x1a67, 0x0a08, 0x0a08, 0x22e7, 0x4c46, 0x64a6, 0x8587, 0x7506, 0x2b27,
0x1aa8, 0x1aa7, 0x1a87, 0x3326, 0x5405, 0x53e5, 0x4ba5, 0x2a85, 0x0985, 0x09a6, 0x09c6, 0x09e7, 0x0a07, 0x01a6, 0x8d52, 0xffff,
0xffff, 0xf7bd, 0x4b86, 0x4ba6, 0xdf19, 0xffff, 0xdf3b, 0x2267, 0x11e6, 0x2246, 0x5384, 0x1a66, 0x3346, 0x43a6, 0x09c6, 0x0986,
0x01c7, 0x22c7, 0x5c27, 0x9d24, 0xc5a3, 0x53c7, 0x2329, 0xc58c, 0xf60a, 0xe587, 0x73a6, 0x1a66, 0x3346, 0x43c7, 0x22c7, 0x0a06,
0x09c6, 0x1206, 0x1a67, 0x3ae6, 0xbd8e, 0xffff, 0xffff, 0x8c0c, 0x6388, 0x5be7, 0x4bc6, 0x2b65, 0x6467, 0xc649, 0x6447, 0x3326,
0x09e7, 0x1a68, 0x1aa7, 0xb615, 0xffbc, 0xf6b4, 0xf6d5, 0xf6f8, 0xff7d, 0xee98, 0xc4ec, 0x5bc5, 0x63e5, 0x8447, 0xaccb, 0xe5d0,
0xb4ed, 0x2ae7, 0x2307, 0x1aa7, 0x1267, 0x43c6, 0x6486, 0x3346, 0x22a6, 0x2b07, 0x2307, 0x2b07, 0x12a7, 0x22c7, 0xc4eb, 0xd4cb,
0xccab, 0xc48b, 0xccab, 0x7ba8, 0x4b45, 0xd5a5, 0xede4, 0xe5a3, 0xe5a4, 0x7324, 0x3a25, 0x7b46, 0xd4e3, 0xe561, 0xff03, 0xcd43,
0x7b45, 0xb445, 0xf624, 0xfec5, 0xfea5, 0xac24, 0xac03, 0xee43, 0xf684, 0xe5c4, 0xa3a2, 0xa3c3, 0xc4c3, 0xf623, 0xf6c6, 0xfee7,
0xedc2, 0xc4a2, 0x9bc1, 0xcd03, 0xfe85, 0xc4a2, 0xbc61, 0xccc2, 0xe605, 0xff08, 0xdd43, 0xf665, 0xf664, 0xcce2, 0xabc2, 0xabc2,
0xb402, 0xc4a2, 0xe5c2, 0xf6e6, 0xff27, 0xc441, 0xbc21, 0xf666, 0xfe85, 0xe5a2, 0x9ba2, 0xb422, 0xeda1, 0xfe63, 0xff48, 0xee04,
0xfec7, 0xf686, 0xe5a3, 0xcce3, 0xcce3, 0xd542, 0xbd24, 0x6486, 0x8d05, 0xf5e2, 0x9d04, 0x3bc5, 0x53e5, 0xc523, 0xf5e4, 0xdda5,
0x5425, 0x9463, 0xd4c2, 0xe5c4, 0xe5a3, 0xe5a3, 0xfec6, 0xfee6, 0xdda4, 0x82e1, 0xcd03, 0xff06, 0xee25, 0xbc82, 0x9bc3, 0xbca3,
0xeda2, 0xe561, 0xbc62, 0xccc3, 0xe582, 0xd522, 0xf6a6, 0xfee6, 0xf664, 0xb403, 0xd524, 0xff05, 0xf684, 0xa3e2, 0x9c02, 0x9c43,
0xbcc3, 0xcce2, 0xbc62, 0xd562, 0xe5c2, 0xb423, 0xbc43, 0xf645, 0xfee7, 0xfee7, 0xd503, 0xbc42, 0xc482, 0xe583, 0xfec5, 0xee66,
0xac44, 0xac43, 0xcce2, 0xee04, 0xff69, 0xf664, 0xeda2, 0xbc82, 0xa464, 0xc585, 0xac83, 0xb421, 0xe5e4, 0xfea5, 0xc4a1, 0xbc22,
0xabe2, 0xcd03, 0xff26, 0xdda4, 0xb401, 0xe5c5, 0xff07, 0xfec6, 0xee04, 0xbc81, 0xa423, 0x7ba4, 0xac42, 0xc4a1, 0xcce2, 0xe5c3,
0xfe84, 0xe583, 0xb401, 0xe5c4, 0xfee6, 0xff07, 0xcd03, 0xbc62, 0xf664, 0xff06, 0xee05, 0xcce2, 0xdd42, 0xd523, 0x73e4, 0x9464,
0xdd02, 0xcca2, 0xb442, 0xe5a3, 0xfe63, 0xccc2, 0xb422, 0xbc82, 0xe5e5, 0xff8a, 0xe5e4, 0xdd62, 0xd543, 0xcca2, 0xf685, 0xfee6,
0xfec5, 0xdd83, 0xa3c2, 0x8ba2, 0x9423, 0xe5e3, 0xe5a2, 0xccc1, 0xac02, 0x9bc2, 0xbc42, 0xf625, 0xff49, 0xff29, 0xedc4, 0xb402,
0xb402, 0xdd43, 0xfea7, 0xff07, 0xee24, 0xb402, 0xb422, 0xac02, 0xbca3, 0xe603, 0xabe2, 0xa3a1, 0xd563, 0xfea4, 0xff26, 0xe605,
0xabc1, 0xdd64, 0xff07, 0xdd64, 0xbc62, 0xb422, 0xbc42, 0xdd63, 0xe5c4, 0xfee6, 0xfee6, 0xfec5, 0xdd42, 0xa3e3, 0xdd02, 0xcd03,
0x8444, 0x4be6, 0xa505, 0xfe03, 0xe5a3, 0x84a5, 0x43e6, 0x84a5, 0xf603, 0x94e6, 0x6ca6, 0x8ce5, 0xbd23, 0xe582, 0xdd62, 0xe5e3,
0xff07, 0xfec6, 0xc4a2, 0xd523, 0xff26, 0xfec5, 0xfe84, 0xa423, 0x93e3, 0xc4e3, 0xa443, 0xb442, 0xb422, 0xbc82, 0xfe61, 0xd522,
0xa3e2, 0xcd03, 0xf645, 0xff08, 0xf6c7, 0xc460, 0xbc81, 0xf624, 0xfee6, 0xfec5, 0xc482, 0x9ba2, 0xac02, 0xb462, 0xee23, 0xbca2,
0x9362, 0xc4c3, 0xfec5, 0xfee7, 0xdde7, 0x9b84, 0xac24, 0xfe86, 0xfec7, 0xfee6, 0xd544, 0xc462, 0xc4a2, 0xbc82, 0xf605, 0xfe25,
0xedc3, 0xac44, 0x5b04, 0xbe16, 0xffff, 0xf71a, 0xcd2c, 0x5324, 0x1a65, 0x1a86, 0x7ca5, 0x9d44, 0x3386, 0x12e7, 0x5c26, 0x4386,
0x0a47, 0x0227, 0x9cc8, 0xfe07, 0xdd66, 0xd524, 0x9c65, 0x22c6, 0x2ae6, 0x22c7, 0x3347, 0x4407, 0x22c7, 0x09e7, 0x2b07, 0x4c07,
0x64a7, 0x5447, 0x64a7, 0xa5c5, 0xadc4, 0x3307, 0x0a47, 0x3347, 0x5426, 0x6cc5, 0x3b26, 0x0187, 0x1a66, 0x22a6, 0x11c6, 0x0186,
0x09e6, 0x1206, 0x09e6, 0x09a7, 0x09a6, 0x1287, 0x2347, 0x64c7, 0x7d47, 0x7d26, 0x4be7, 0x6487, 0xade6, 0xbe27, 0x3b67, 0x1aa6,
0x2b46, 0x3b86, 0xa563, 0x8ce3, 0x0a46, 0x4b85, 0xbd84, 0x4be6, 0x2367, 0x2347, 0x5be5, 0xcd63, 0x8444, 0x8464, 0xfe43, 0xfea5,
0xc5e6, 0x7cc6, 0xf6c6, 0xe625, 0xb4e4, 0xd5c4, 0x5426, 0x2367, 0x2ba7, 0x3be7, 0x8526, 0x74e6, 0x3b66, 0x0a66, 0x84c5, 0x7ca6,
0x2b48, 0x2b27, 0x1ae7, 0x4ba7, 0xd5c3, 0xee02, 0xee02, 0xb565, 0x8ce6, 0x9506, 0xeec8, 0xfec6, 0xc5c5, 0x33c4, 0xce07, 0xfee9,
0xff6a, 0xe5e4, 0xc4c2, 0xa4c3, 0x5405, 0x43c5, 0x7423, 0xc502, 0xf6c9, 0xff6c, 0xee64, 0xad43, 0x7444, 0xd626, 0xff49, 0xf6e8,
0xe604, 0x9d24, 0x5405, 0xc606, 0xee87, 0x9ca3, 0xb4c3, 0xeda2, 0xf624, 0xff29, 0xfea5, 0xbd43, 0x6be3, 0xcda5, 0xff27, 0xe5c3,
0xd542, 0xb4e4, 0xb4e4, 0xb565, 0x8527, 0x8c64, 0xdda4, 0xff49, 0xf6a7, 0xb480, 0xe5e5, 0xff09, 0xf666, 0xc4e1, 0x7485, 0x6485,
0xa463, 0xbc81, 0xee66, 0xf6c7, 0xf6a7, 0x63a4, 0x4324, 0x8444, 0xe5c3, 0xfe43, 0xada4, 0x6cc5, 0x43c6, 0x6c45, 0xe5c4, 0xe5e4,
0xd5a4, 0x9ce5, 0x3b66, 0x73e4, 0xb442, 0xf664, 0xfea5, 0xff06, 0xee45, 0x9b80, 0xcd65, 0xff6b, 0xf642, 0xe562, 0xb422, 0xb423,
0xa3e3, 0xac03, 0xb463, 0xe5a3, 0xe5a2, 0xabe2, 0xbc62, 0xe5e3, 0xf664, 0xfec5, 0xc462, 0xbc21, 0xfea5, 0xfec5, 0xdd42, 0xc482,
0xbc62, 0xb442, 0xa3e2, 0xdd42, 0xdd81, 0xe691, 0xffb9, 0xd5a6, 0x8423, 0x3b25, 0xce0d, 0xeeb0, 0xa422, 0xa3e1, 0xc481, 0xd521,
0xdd62, 0xe581, 0xf5c1, 0x8c24, 0x01c6, 0x1226, 0x1a87, 0x1ac7, 0x3367, 0x3b66, 0x1a87, 0x09e7, 0x3307, 0x4b67, 0x0a07, 0x01e8,
0x0227, 0x3b06, 0xdde3, 0xe602, 0xbd43, 0x3347, 0x5be6, 0xfea6, 0xd5a7, 0x11e5, 0x1a85, 0x4385, 0x3325, 0x22a6, 0x1206, 0x01e6,
0x7c66, 0xb524, 0xff49, 0xb5ea, 0x2b08, 0x2b48, 0x43c7, 0xe685, 0x9d26, 0x0a45, 0x1b06, 0x2b67, 0x1ae7, 0x0227, 0x5427, 0x74c7,
0x6c66, 0x6445, 0x5405, 0x1a26, 0x0166, 0x0126, 0x09a6, 0x1a66, 0x2b26, 0x4bc5, 0x2266, 0x01a7, 0x09c7, 0x09e7, 0x0187, 0x43a7,
0x9e07, 0x8566, 0x1248, 0x0189, 0x09e8, 0x7d27, 0x8d86, 0x5c26, 0x5405, 0x2ac6, 0x09c7, 0x09c7, 0x0a08, 0x1248, 0x7465, 0x84a3,
0x1227, 0x4306, 0xb482, 0xaca2, 0x9d23, 0x43a5, 0x2326, 0x1a67, 0x0a08, 0x0a08, 0x22e7, 0x4c46, 0x64a6, 0x8587, 0x7506, 0x2b27,
0x1aa8, 0x1aa7, 0x1a87, 0x3326, 0x5405, 0x53e5, 0x4ba5, 0x2a85, 0x0985, 0x09a6, 0x09c6, 0x09e7, 0x0a07, 0x01a6, 0x8d52, 0xffff,
0xffff, 0xf7bd, 0x4b86, 0x4ba6, 0xdf19, 0xffff, 0xdf3b, 0x2267, 0x11e6, 0x2246, 0x5384, 0x1a66, 0x3346, 0x43a6, 0x09c6, 0x0986,
0x01c7, 0x22c7, 0x5c27, 0x9d24, 0xc5a3, 0x53c7, 0x2329, 0xc58c, 0xf60a, 0xe587, 0x73a6, 0x1a66, 0x3346, 0x43c7, 0x22c7, 0x0a06,
0x09c6, 0x1206, 0x1a67, 0x3ae6, 0xbd8e, 0xffff, 0xffff, 0x8c0c, 0x6388, 0x5be7, 0x4bc6, 0x2b65, 0x6467, 0xc649, 0x6447, 0x3326,
0x09e7, 0x1a68, 0x1aa7, 0xb615, 0xffbc, 0xf6b4, 0xf6d5, 0xf6f8, 0xff7d, 0xee98, 0xc4ec, 0x5bc5, 0x63e5, 0x8447, 0xaccb, 0xe5d0,
0xb4ed, 0x2ae7, 0x2307, 0x1aa7, 0x1267, 0x43c6, 0x6486, 0x3346, 0x22a6, 0x2b07, 0x2307, 0x2b07, 0x12a7, 0x22c7, 0xc4eb, 0xd4cb,
0xccab, 0xc48b, 0xccab, 0x7ba8, 0x4b45, 0xd5a5, 0xede4, 0xe5a3, 0xe5a4, 0x7324, 0x3a25, 0x7b46, 0xd4e3, 0xe561, 0xff03, 0xcd43,
0x7b45, 0xb445, 0xf624, 0xfec5, 0xfea5, 0xac24, 0xac03, 0xee43, 0xf684, 0xe5c4, 0xa3a2, 0xa3c3, 0xc4c3, 0xf623, 0xf6c6, 0xfee7,
0xedc2, 0xc4a2, 0x9bc1, 0xcd03, 0xfe85, 0xc4a2, 0xbc61, 0xccc2, 0xe605, 0xff08, 0xdd43, 0xf665, 0xf664, 0xcce2, 0xabc2, 0xabc2,
0xb402, 0xc4a2, 0xe5c2, 0xf6e6, 0xff27, 0xc441, 0xbc21, 0xf666, 0xfe85, 0xe5a2, 0x9ba2, 0xb422, 0xeda1, 0xfe63, 0xff48, 0xee04,
0xfec7, 0xf686, 0xe5a3, 0xcce3, 0xcce3, 0xd542, 0xbd24, 0x6486, 0x8d05, 0xf5e2, 0x9d04, 0x3bc5, 0x53e5, 0xc523, 0xf5e4, 0xdda5,
0x5425, 0x9463, 0xd4c2, 0xe5c4, 0xe5a3, 0xe5a3, 0xfec6, 0xfee6, 0xdda4, 0x82e1, 0xcd03, 0xff06, 0xee25, 0xbc82, 0x9bc3, 0xbca3,
0xeda2, 0xe561, 0xbc62, 0xccc3, 0xe582, 0xd522, 0xf6a6, 0xfee6, 0xf664, 0xb403, 0xd524, 0xff05, 0xf684, 0xa3e2, 0x9c02, 0x9c43,
0xbcc3, 0xcce2, 0xbc62, 0xd562, 0xe5c2, 0xb423, 0xbc43, 0xf645, 0xfee7, 0xfee7, 0xd503, 0xbc42, 0xc482, 0xe583, 0xfec5, 0xee66,
0xac44, 0xac43, 0xcce2, 0xee04, 0xff69, 0xf664, 0xeda2, 0xbc82, 0xa464, 0xc585, 0xac83, 0xb421, 0xe5e4, 0xfea5, 0xc4a1, 0xbc22,
0xabe2, 0xcd03, 0xff26, 0xdda4, 0xb401, 0xe5c5, 0xff07, 0xfec6, 0xee04, 0xbc81, 0xa423, 0x7ba4, 0xac42, 0xc4a1, 0xcce2, 0xe5c3,
0xfe84, 0xe583, 0xb401, 0xe5c4, 0xfee6, 0xff07, 0xcd03, 0xbc62, 0xf664, 0xff06, 0xee05, 0xcce2, 0xdd42, 0xd523, 0x73e4, 0x9464,
0xdd02, 0xcca2, 0xb442, 0xe5a3, 0xfe63, 0xccc2, 0xb422, 0xbc82, 0xe5e5, 0xff8a, 0xe5e4, 0xdd62, 0xd543, 0xcca2, 0xf685, 0xfee6,
0xfec5, 0xdd83, 0xa3c2, 0x8ba2, 0x9423, 0xe5e3, 0xe5a2, 0xccc1, 0xac02, 0x9bc2, 0xbc42, 0xf625, 0xff49, 0xff29, 0xedc4, 0xb402,

/* -102- */
0x2287, 0x2ae6, 0x53a5, 0x5c06, 0x64a5, 0x4c05, 0x2305, 0x1247, 0x1228, 0x0a08, 0x22c7, 0x5446, 0x5c86, 0x6cc6, 0x5c65, 0x22e7,
0x1267, 0x22c8, 0x3367, 0x43c6, 0x3b45, 0x22a6, 0x2266, 0x2285, 0x2265, 0x11c6, 0x09a6, 0x09a6, 0x09a6, 0x0145, 0x6c6f, 0xd759,
0xb656, 0xa5f2, 0x6469, 0x5c48, 0xae34, 0xcef9, 0xbe97, 0x3b4a, 0x1a47, 0x2287, 0x22a6, 0x1a87, 0x2b27, 0x2b27, 0x1207, 0x09e7,
0x01e7, 0x2b27, 0x7cc6, 0x8484, 0x6c05, 0x3347, 0x2328, 0x6c48, 0x8487, 0x8ca6, 0x7c66, 0x7466, 0x5407, 0x3347, 0x1a67, 0x11e6,
0x01a6, 0x2a87, 0x9cca, 0xbd6b, 0xd62f, 0xd697, 0xce97, 0x742d, 0x6c0a, 0x8cc6, 0x53e6, 0x2326, 0x43c7, 0x5c48, 0x3b67, 0x22e7,
0x2287, 0x3308, 0x4387, 0x7caa, 0x956c, 0xe693, 0xff9c, 0xfef9, 0xe5f4, 0xedf2, 0xbce8, 0x7ca6, 0x7cc6, 0x6467, 0x4ba7, 0x8c8a,
0xc5ab, 0x9d69, 0x2307, 0x1ac7, 0x1b08, 0x3387, 0x4426, 0x2b47, 0x22c7, 0x2b07, 0x22e7, 0x1267, 0x53a8, 0x8c69, 0xa469, 0x8c09,
0x6ba8, 0x5b68, 0x4b28, 0x7c27, 0xa525, 0xbd85, 0xb565, 0x8ca6, 0x9485, 0xa485, 0x9c45, 0x93c5, 0xbc63, 0xeda1, 0xdd42, 0xa402,
0x93a4, 0xcd04, 0xfec4, 0xe5c3, 0xcce2, 0xb443, 0xb443, 0xc4e3, 0xe5c3, 0xee23, 0xc4c2, 0xcce3, 0xe5c3, 0xf685, 0xee24, 0xdda3,
0xbc82, 0xb422, 0xac62, 0xc503, 0xdd63, 0xbc61, 0xbc61, 0xcce2, 0xcd23, 0xdda4, 0xede3, 0xee23, 0xee02, 0xdd62, 0xb402, 0xabc2,
0xb402, 0xc482, 0xdd42, 0xee85, 0xf6c5, 0xdd62, 0xe5a3, 0xf644, 0xdd83, 0xbc61, 0xa3e1, 0xac02, 0xbc61, 0xe5a2, 0xff06, 0xf685,
0xf6a4, 0xe5c4, 0xccc2, 0xc4c3, 0xc4c2, 0xcce2, 0xbce3, 0x94c4, 0xa544, 0xbdc4, 0x7ce5, 0x4426, 0x5c45, 0xcd43, 0xc544, 0xacc4,
0x9c42, 0x8c03, 0x5c05, 0xa4e4, 0xdd22, 0xd522, 0xdd62, 0xf685, 0xee45, 0xbc82, 0xdda3, 0xfea5, 0xd543, 0xbc82, 0xb462, 0xb483,
0xd542, 0xe581, 0xbc82, 0xa403, 0xbc82, 0xc4c3, 0xdda3, 0xee43, 0xf6c5, 0xd503, 0xdd83, 0xfec5, 0xd542, 0xac22, 0xac62, 0xa463,
0xc4e2, 0xd4e1, 0xb461, 0xbc81, 0xac62, 0xac23, 0xbc63, 0xcce2, 0xe5e3, 0xfee6, 0xee24, 0xdd63, 0xcce2, 0xedc3, 0xdd83, 0xc503,
0x9c23, 0x9be2, 0xdda4, 0xfec5, 0xfee5, 0xdd43, 0xd4c1, 0xb462, 0x9423, 0x8465, 0xaca3, 0xd501, 0xdd62, 0xe5a2, 0xddc3, 0xc4c2,
0xabe2, 0xbc62, 0xee23, 0xee43, 0xd562, 0xe5e4, 0xfe64, 0xe583, 0xcce2, 0xac21, 0x9c22, 0x8c24, 0xbcc3, 0xdd02, 0xb462, 0xbcc3,
0xe5c3, 0xe562, 0xcc81, 0xcd02, 0xdd83, 0xfec6, 0xee24, 0xe5a3, 0xee03, 0xee03, 0xdd43, 0xcca2, 0xc4a3, 0xa443, 0x8c44, 0x9ca4,
0xd4e2, 0xc4a2, 0xac22, 0xbca2, 0xd563, 0xd563, 0xcd03, 0xbc82, 0xd563, 0xf665, 0xe5a3, 0xcd02, 0xd543, 0xe5c4, 0xf6a5, 0xf6a5,
0xd522, 0xbc62, 0xa3c2, 0x93c2, 0x9422, 0xd562, 0xeda2, 0xcce1, 0xa402, 0xa3e2, 0xb442, 0xcd03, 0xfec7, 0xff07, 0xf665, 0xc482,
0xb401, 0xdd84, 0xff08, 0xee04, 0xcca1, 0xbc42, 0xb442, 0xb422, 0xa442, 0xa4a2, 0xa402, 0xac02, 0xc4a2, 0xdd82, 0xfee6, 0xf685,
0xe583, 0xee04, 0xedc4, 0xccc3, 0xb442, 0xbc62, 0xcce2, 0xdd62, 0xe5e4, 0xfee6, 0xee03, 0xdd62, 0xcce2, 0xa403, 0xb483, 0xc4e2,
0xb4e3, 0x5c46, 0x6c85, 0xa504, 0xdd84, 0x8ca5, 0x43e6, 0x84c5, 0xd5a4, 0x8526, 0x7ce5, 0xc4e2, 0xb4c3, 0x6c46, 0xb4e3, 0xdd62,
0xf644, 0xfe84, 0xbc82, 0xcd23, 0xff27, 0xe5c3, 0xcce2, 0xac23, 0x9403, 0x8c23, 0x9c43, 0xbc62, 0xc4a2, 0xbca3, 0xc502, 0xbca2,
0xb462, 0xc4a2, 0xd522, 0xee45, 0xfea6, 0xdd83, 0xd542, 0xfe84, 0xee24, 0xcd02, 0xac02, 0x9ba2, 0xb442, 0xcd02, 0xcd22, 0xb462,
0xa3e2, 0xbc82, 0xfec5, 0xf664, 0xcce3, 0xc4c3, 0xd564, 0xf665, 0xf665, 0xd523, 0xc482, 0xb422, 0xbc82, 0xd504, 0xdd44, 0xb4a4,
0x9443, 0x6ba4, 0x3b24, 0x952d, 0xd633, 0xe6d9, 0xf77c, 0xd672, 0x94a7, 0x6c25, 0x53e5, 0x53e6, 0x2b27, 0x1aa7, 0x22a6, 0x2286,
0x0207, 0x4347, 0x94c7, 0x9ca6, 0x94a6, 0x8446, 0x7445, 0x6466, 0x5c47, 0x3ba7, 0x2b48, 0x2308, 0x1a88, 0x1247, 0x6cc6, 0x6ca6,
0x3bc7, 0x3bc7, 0x43e7, 0x5426, 0x6446, 0x43a7, 0x3347, 0x22c7, 0x22c7, 0x2ae7, 0x1a87, 0x0a47, 0x22c6, 0x2ae6, 0x1a26, 0x09a6,
0x09e7, 0x09e7, 0x09c6, 0x09a6, 0x0187, 0x2ae7, 0x43c7, 0x3ba7, 0x22e7, 0x22c7, 0x22e7, 0x3367, 0x3ba7, 0x6467, 0x5c47, 0x5427,
0x5447, 0x3be7, 0x6466, 0x5c05, 0x1ac6, 0x3306, 0x4ba5, 0x3346, 0x2327, 0x2b27, 0xa503, 0xb4e2, 0x6c45, 0x5c45, 0x8ce5, 0xde66,
0xeea7, 0xce26, 0xd5e5, 0xb504, 0xa4c4, 0xbd83, 0x9505, 0x5426, 0x2347, 0x3367, 0x43c7, 0x4c26, 0x3346, 0x1a86, 0x3b46, 0x3b47,
0x22c7, 0x2b07, 0x5bc6, 0xbd83, 0xd5a2, 0xa504, 0x84a5, 0x5c05, 0x74a6, 0xbde6, 0xc5c5, 0xe623, 0xbd84, 0x6485, 0xd668, 0xfee8,
0xe5e4, 0xcce3, 0xa4a3, 0x7c84, 0x7485, 0x8c83, 0x9c63, 0xa463, 0xd584, 0xf6a6, 0xff4a, 0xc607, 0x7c43, 0xde05, 0xff68, 0xde26,
0xa524, 0x7ca5, 0x5c45, 0xbd84, 0xd583, 0xbce3, 0xc4a2, 0xb461, 0xcd63, 0xfee6, 0xfec7, 0xde47, 0xad03, 0xdde4, 0xfee5, 0xcd43,
0xbd03, 0xb504, 0x8cc5, 0x6ca6, 0x74a6, 0xbca2, 0xccc2, 0xee24, 0xfea6, 0xdde5, 0xee67, 0xee24, 0xcd02, 0xa482, 0x6c64, 0x6c65,
0xb462, 0xc4a1, 0xf686, 0xf6a7, 0xcdc5, 0x7465, 0x7464, 0x8484, 0xa4e4, 0xd5e3, 0xa584, 0x6c85, 0x3b86, 0x6c04, 0xeda2, 0xd563,
0x8cc5, 0x5c45, 0x3ba6, 0x9484, 0xcce2, 0xdd62, 0xe5e3, 0xff07, 0xf6a6, 0xc4a1, 0xdda3, 0xfec7, 0xd522, 0xc482, 0xb442, 0xac23,
0xac23, 0xac23, 0x9c23, 0xa483, 0xb4a3, 0xb442, 0xbc82, 0xc4a2, 0xe5c3, 0xff26, 0xdd83, 0xd522, 0xfea5, 0xf684, 0xc482, 0xb402,
0xa3c2, 0xac02, 0xac22, 0xd523, 0xdd62, 0xde6e, 0xf710, 0xe5c4, 0xb524, 0x8cc6, 0xc5ca, 0xee90, 0xde2f, 0xd58b, 0xd4e4, 0xbce4,
0x8464, 0x8444, 0xac83, 0xa483, 0x8c24, 0x7be4, 0x2245, 0x09e5, 0x1246, 0x1ac7, 0x1267, 0x0a27, 0x1a68, 0x1aa8, 0x0a48, 0x1a87,
0x7466, 0x8ce5, 0x94e5, 0x9d05, 0x84c5, 0x3367, 0x43e6, 0x8ce7, 0xad06, 0x9ca5, 0x5ba5, 0x22a5, 0x2286, 0x1a66, 0x1226, 0x1247,
0x7486, 0x94e5, 0xb5a7, 0x6ca9, 0x2308, 0x3367, 0x43e8, 0x9d67, 0xadc8, 0x74c8, 0x43a7, 0x12a6, 0x1a67, 0x0a07, 0x43a7, 0x5407,
0x3b66, 0x53e5, 0x43c6, 0x1a67, 0x1a67, 0x1a87, 0x22c8, 0x1aa7, 0x1267, 0x1aa7, 0x1247, 0x0a07, 0x09e7, 0x1227, 0x5c48, 0x7d08,
0x6486, 0x4c26, 0x3389, 0x3b68, 0x43a8, 0x5407, 0x4386, 0x3b46, 0x3b66, 0x1a67, 0x09c6, 0x09a6, 0x22c7, 0x3b87, 0x6445, 0x6c44,
0x2287, 0x2ae6, 0x53a5, 0x5c06, 0x64a5, 0x4c05, 0x2305, 0x1247, 0x1228, 0x0a08, 0x22c7, 0x5446, 0x5c86, 0x6cc6, 0x5c65, 0x22e7,
0x1267, 0x22c8, 0x3367, 0x43c6, 0x3b45, 0x22a6, 0x2266, 0x2285, 0x2265, 0x11c6, 0x09a6, 0x09a6, 0x09a6, 0x0145, 0x6c6f, 0xd759,
0xb656, 0xa5f2, 0x6469, 0x5c48, 0xae34, 0xcef9, 0xbe97, 0x3b4a, 0x1a47, 0x2287, 0x22a6, 0x1a87, 0x2b27, 0x2b27, 0x1207, 0x09e7,
0x01e7, 0x2b27, 0x7cc6, 0x8484, 0x6c05, 0x3347, 0x2328, 0x6c48, 0x8487, 0x8ca6, 0x7c66, 0x7466, 0x5407, 0x3347, 0x1a67, 0x11e6,
0x01a6, 0x2a87, 0x9cca, 0xbd6b, 0xd62f, 0xd697, 0xce97, 0x742d, 0x6c0a, 0x8cc6, 0x53e6, 0x2326, 0x43c7, 0x5c48, 0x3b67, 0x22e7,
0x2287, 0x3308, 0x4387, 0x7caa, 0x956c, 0xe693, 0xff9c, 0xfef9, 0xe5f4, 0xedf2, 0xbce8, 0x7ca6, 0x7cc6, 0x6467, 0x4ba7, 0x8c8a,
0xc5ab, 0x9d69, 0x2307, 0x1ac7, 0x1b08, 0x3387, 0x4426, 0x2b47, 0x22c7, 0x2b07, 0x22e7, 0x1267, 0x53a8, 0x8c69, 0xa469, 0x8c09,
0x6ba8, 0x5b68, 0x4b28, 0x7c27, 0xa525, 0xbd85, 0xb565, 0x8ca6, 0x9485, 0xa485, 0x9c45, 0x93c5, 0xbc63, 0xeda1, 0xdd42, 0xa402,
0x93a4, 0xcd04, 0xfec4, 0xe5c3, 0xcce2, 0xb443, 0xb443, 0xc4e3, 0xe5c3, 0xee23, 0xc4c2, 0xcce3, 0xe5c3, 0xf685, 0xee24, 0xdda3,
0xbc82, 0xb422, 0xac62, 0xc503, 0xdd63, 0xbc61, 0xbc61, 0xcce2, 0xcd23, 0xdda4, 0xede3, 0xee23, 0xee02, 0xdd62, 0xb402, 0xabc2,
0xb402, 0xc482, 0xdd42, 0xee85, 0xf6c5, 0xdd62, 0xe5a3, 0xf644, 0xdd83, 0xbc61, 0xa3e1, 0xac02, 0xbc61, 0xe5a2, 0xff06, 0xf685,
0xf6a4, 0xe5c4, 0xccc2, 0xc4c3, 0xc4c2, 0xcce2, 0xbce3, 0x94c4, 0xa544, 0xbdc4, 0x7ce5, 0x4426, 0x5c45, 0xcd43, 0xc544, 0xacc4,
0x9c42, 0x8c03, 0x5c05, 0xa4e4, 0xdd22, 0xd522, 0xdd62, 0xf685, 0xee45, 0xbc82, 0xdda3, 0xfea5, 0xd543, 0xbc82, 0xb462, 0xb483,
0xd542, 0xe581, 0xbc82, 0xa403, 0xbc82, 0xc4c3, 0xdda3, 0xee43, 0xf6c5, 0xd503, 0xdd83, 0xfec5, 0xd542, 0xac22, 0xac62, 0xa463,
0xc4e2, 0xd4e1, 0xb461, 0xbc81, 0xac62, 0xac23, 0xbc63, 0xcce2, 0xe5e3, 0xfee6, 0xee24, 0xdd63, 0xcce2, 0xedc3, 0xdd83, 0xc503,
0x9c23, 0x9be2, 0xdda4, 0xfec5, 0xfee5, 0xdd43, 0xd4c1, 0xb462, 0x9423, 0x8465, 0xaca3, 0xd501, 0xdd62, 0xe5a2, 0xddc3, 0xc4c2,
0xabe2, 0xbc62, 0xee23, 0xee43, 0xd562, 0xe5e4, 0xfe64, 0xe583, 0xcce2, 0xac21, 0x9c22, 0x8c24, 0xbcc3, 0xdd02, 0xb462, 0xbcc3,
0xe5c3, 0xe562, 0xcc81, 0xcd02, 0xdd83, 0xfec6, 0xee24, 0xe5a3, 0xee03, 0xee03, 0xdd43, 0xcca2, 0xc4a3, 0xa443, 0x8c44, 0x9ca4,
0xd4e2, 0xc4a2, 0xac22, 0xbca2, 0xd563, 0xd563, 0xcd03, 0xbc82, 0xd563, 0xf665, 0xe5a3, 0xcd02, 0xd543, 0xe5c4, 0xf6a5, 0xf6a5,
0xd522, 0xbc62, 0xa3c2, 0x93c2, 0x9422, 0xd562, 0xeda2, 0xcce1, 0xa402, 0xa3e2, 0xb442, 0xcd03, 0xfec7, 0xff07, 0xf665, 0xc482,

/* -103- */
0x3347, 0x2b27, 0x22c7, 0x3327, 0x4bc6, 0x4be6, 0x2b26, 0x1268, 0x1248, 0x0a28, 0x1aa7, 0x4c26, 0x4c06, 0x3b86, 0x3b46, 0x1aa7,
0x1288, 0x2308, 0x3c08, 0x4407, 0x1aa7, 0x0a28, 0x1247, 0x22a6, 0x2ae6, 0x1226, 0x09a6, 0x09a6, 0x09a6, 0x09a6, 0x2a88, 0x3309,
0x2ae7, 0x8d6e, 0xe758, 0x9db2, 0x3b69, 0x43ab, 0x43ab, 0x334a, 0x1a88, 0x1aa8, 0x1a87, 0x22c7, 0x2328, 0x22e7, 0x1248, 0x1248,
0x22e8, 0x43a7, 0x8505, 0x6c24, 0x3b45, 0x2306, 0x22e7, 0x3ba7, 0x4bc6, 0x5c46, 0x7cc6, 0x8d05, 0x5c06, 0x22e7, 0x1226, 0x11c6,
0x09c6, 0x3ae8, 0xb52a, 0xbdab, 0xc5ec, 0x950d, 0x850e, 0x7cad, 0x748a, 0x7cc5, 0x5406, 0x2366, 0x33a7, 0x33a7, 0x22e8, 0x2307,
0x43a7, 0x4be6, 0x6486, 0x7466, 0x6c66, 0xa58f, 0xb636, 0xadd4, 0xb54b, 0xcd88, 0xace5, 0x84a5, 0x7ca6, 0x7487, 0x2b06, 0x43c6,
0x8508, 0x8548, 0x2b88, 0x1b08, 0x1b08, 0x2368, 0x33c6, 0x2327, 0x1ac7, 0x2307, 0x2b27, 0x1ae7, 0x5c08, 0x8c89, 0x6c07, 0x4367,
0x3306, 0x32e6, 0x3ae6, 0x9486, 0xbd64, 0x8cc5, 0x7465, 0x3326, 0x3305, 0xa484, 0xd4e3, 0xbc43, 0xbc43, 0xd522, 0xc4a1, 0xbc62,
0xccc2, 0xe5a3, 0xf6a4, 0xd522, 0xb421, 0xb442, 0xb442, 0xac22, 0xcd23, 0xede2, 0xd522, 0xe5a3, 0xfe83, 0xfec5, 0xe5a3, 0xccc1,
0xac22, 0xa402, 0xb4c3, 0xb503, 0xb4a2, 0xb441, 0xb462, 0xc4c2, 0xbca2, 0xc4c2, 0xee03, 0xee23, 0xee22, 0xe5e2, 0xb442, 0xb402,
0xb402, 0xbc22, 0xc462, 0xe5e3, 0xfee5, 0xf664, 0xf644, 0xe5a3, 0xcce2, 0xac01, 0xb441, 0xac22, 0xac22, 0xdd62, 0xf6c5, 0xfee5,
0xf684, 0xdd83, 0xcce2, 0x9c84, 0x8464, 0x9483, 0x9483, 0xb4e3, 0xbd23, 0xb564, 0x74a6, 0x3be6, 0x5426, 0xdd23, 0xa4c4, 0x7c24,
0x8423, 0x5c04, 0x5c64, 0xb4c2, 0xc4c1, 0xcce1, 0xccc1, 0xf664, 0xfec5, 0xee23, 0xe604, 0xf644, 0xcce2, 0xb442, 0xb462, 0xac62,
0xbcc3, 0xd542, 0xbca2, 0xa402, 0x93c2, 0xb463, 0xcce2, 0xe5e3, 0xff47, 0xee24, 0xee04, 0xee24, 0xbc82, 0xac22, 0xb462, 0xac62,
0xa483, 0xbca2, 0xb461, 0xb461, 0x9c02, 0x9bc3, 0xac23, 0xb441, 0xd563, 0xfee5, 0xff05, 0xf685, 0xdd42, 0xedc2, 0xcce2, 0xac62,
0xa422, 0xb461, 0xee45, 0xf6c5, 0xee03, 0xc482, 0xb421, 0xa402, 0x8be3, 0x6be5, 0xaca2, 0xd521, 0xd542, 0xdd82, 0xee44, 0xcd23,
0xbc42, 0xbc42, 0xdd62, 0xf683, 0xf6a4, 0xee23, 0xf624, 0xcce2, 0xb421, 0xa3e2, 0xa422, 0x9463, 0xb4e3, 0xd502, 0xac42, 0xac22,
0xc4c2, 0xd502, 0xd4e2, 0xbc61, 0xbc82, 0xf664, 0xfea4, 0xf643, 0xede2, 0xe582, 0xcce2, 0xc4a2, 0xa423, 0x8be3, 0xbcc2, 0xb4c3,
0xcd03, 0xcce2, 0xb462, 0xb462, 0xb4a2, 0xddc5, 0xe5a4, 0xb421, 0xbca2, 0xdd62, 0xd542, 0xccc1, 0xdd63, 0xfea5, 0xf6a4, 0xe5c3,
0xb421, 0xac02, 0xa3e2, 0x9c02, 0x9c42, 0xcd01, 0xed82, 0xcce1, 0xac42, 0xa422, 0xac22, 0xbc62, 0xee25, 0xfec6, 0xfec5, 0xc4c2,
0xabe0, 0xe5c4, 0xff07, 0xd522, 0xb400, 0xb442, 0xb442, 0xb442, 0xac42, 0x8c02, 0xa422, 0xac22, 0xbc81, 0xdda2, 0xf6c6, 0xfea5,
0xfe84, 0xee04, 0xcca2, 0xb462, 0xac22, 0xc482, 0xdd22, 0xdd62, 0xe5e4, 0xff27, 0xdda3, 0xccc1, 0xb482, 0x8c64, 0x8444, 0xaca3,
0xd542, 0x7ca5, 0x4c46, 0x6466, 0xcd84, 0x84a5, 0x3be6, 0x6c86, 0xad04, 0x94c4, 0x9ca4, 0xa4c4, 0x8464, 0x43a6, 0x9c63, 0xc481,
0xdd82, 0xf643, 0xd563, 0xe5e4, 0xff06, 0xd543, 0xb421, 0xa403, 0x9403, 0x8c43, 0x9c83, 0xb4a2, 0xc4c2, 0xc4c2, 0x9c43, 0xa443,
0xbc62, 0xb442, 0xbc61, 0xdd83, 0xfea5, 0xfea5, 0xf644, 0xede3, 0xd522, 0xac01, 0xa402, 0x9bc2, 0xb463, 0xd542, 0xbc82, 0xb442,
0xb462, 0xb462, 0xee03, 0xee24, 0xdd83, 0xe5e4, 0xf644, 0xee45, 0xe5c4, 0xb422, 0xbc42, 0xb442, 0xb463, 0xa4c5, 0x7c04, 0x5ba4,
0x4ba5, 0x43a5, 0x43a6, 0x5427, 0x5bc6, 0xbdf2, 0xe77b, 0xe6f6, 0xcdeb, 0x84e5, 0x3ba6, 0x2347, 0x2307, 0x1ac7, 0x0a06, 0x1205,
0x1aa6, 0x53c7, 0x7446, 0x5c06, 0x5c26, 0x5c26, 0x6466, 0x74e6, 0x6cc6, 0x5c66, 0x3367, 0x12a9, 0x1aa8, 0x22c8, 0x7d47, 0x6ce6,
0x33a7, 0x3bc7, 0x33a7, 0x3387, 0x3b87, 0x3b87, 0x3ba7, 0x1a47, 0x09c7, 0x0a07, 0x0a07, 0x1267, 0x1267, 0x1a87, 0x1a47, 0x09c7,
0x09e7, 0x09e7, 0x09e7, 0x1227, 0x1a87, 0x3327, 0x3347, 0x22c7, 0x0a08, 0x01c7, 0x1247, 0x1aa7, 0x0a87, 0x2307, 0x5c46, 0x74c6,
0x64a6, 0x3bc7, 0x3bc7, 0x3b86, 0x2b27, 0x2b26, 0x2326, 0x2326, 0x3346, 0x5c26, 0xa524, 0x94e4, 0x43e6, 0x33c6, 0x4425, 0xc626,
0xfec5, 0xf644, 0xb4e4, 0x6be4, 0x63e5, 0x7c85, 0x84e5, 0x5c46, 0x2327, 0x1ae7, 0x2b67, 0x3be6, 0x2b67, 0x2307, 0x2307, 0x22e7,
0x1aa7, 0x4b86, 0x9d04, 0x94a4, 0x6bc3, 0x4b64, 0x2b05, 0x22c4, 0x7465, 0xce25, 0xa4e3, 0xa4e3, 0xad44, 0xde66, 0xf6e7, 0xf6a6,
0xd4e2, 0xb4c3, 0x8ce5, 0x6485, 0x9d24, 0xc502, 0xaca2, 0xaca2, 0xcd21, 0xe5e4, 0xff8d, 0xde88, 0xb503, 0xdda4, 0xf6a6, 0xbd84,
0x7464, 0x6445, 0x5c45, 0xbd23, 0xcd02, 0xa483, 0x9c43, 0x9c42, 0xc503, 0xf665, 0xfee9, 0xff4b, 0xee04, 0xede4, 0xf644, 0xbd23,
0x9cc3, 0x94c3, 0x6c65, 0x3ba5, 0x6404, 0xbc82, 0xb441, 0xd562, 0xf685, 0xff0b, 0xf6a9, 0xdda3, 0xaca2, 0x8463, 0x7464, 0x8484,
0xbc82, 0xcca2, 0xf6c5, 0xd646, 0x84a4, 0x8ce5, 0x9ce4, 0x9c84, 0x9c83, 0xb502, 0x9d23, 0x5c46, 0x3345, 0x7be4, 0xdd62, 0xacc3,
0x4c25, 0x3c26, 0x5c45, 0xbce3, 0xd501, 0xc4c1, 0xc4c1, 0xf6c6, 0xfee6, 0xe5e2, 0xe5c3, 0xede4, 0xc4a2, 0xb442, 0xbc62, 0xa422,
0xac43, 0xb442, 0x9423, 0x83e3, 0x8c03, 0xac42, 0xbc62, 0xb401, 0xd563, 0xf6a5, 0xfec5, 0xfea5, 0xf643, 0xee04, 0xb422, 0xb401,
0xb401, 0xb422, 0xbc82, 0xa4e4, 0xad65, 0xee6a, 0xf6a9, 0xf645, 0xd5c5, 0xbd86, 0xad46, 0xcde9, 0xf6f1, 0xe670, 0xa4e7, 0x7486,
0x33e7, 0x2ba7, 0x7405, 0x9c84, 0xbd23, 0xbd45, 0x63eb, 0x3b08, 0x1a86, 0x1267, 0x1247, 0x1207, 0x1227, 0x0a27, 0x22c7, 0x4387,
0x9525, 0x84e5, 0x6c65, 0x6445, 0x4bc6, 0x2b46, 0x3387, 0x4c28, 0x7487, 0xc5a5, 0x6c25, 0x1286, 0x1a86, 0x1267, 0x1ac7, 0x3347,
0x7ce6, 0x8d25, 0x8527, 0x43c8, 0x1b07, 0x3367, 0x43a7, 0x6447, 0x84e7, 0x9568, 0x4ba7, 0x0a26, 0x1227, 0x0a07, 0x2b07, 0x3347,
0x1aa7, 0x3386, 0x3b86, 0x3367, 0x3bc7, 0x3367, 0x2b27, 0x1ac7, 0x0a07, 0x09e7, 0x0a07, 0x0a07, 0x09c7, 0x1a47, 0x8549, 0x7d27,
0x43c6, 0x3ba6, 0x5447, 0x5c67, 0x5447, 0x3367, 0x22e7, 0x2307, 0x22e7, 0x1228, 0x0a07, 0x1247, 0x3b87, 0x5426, 0x4c06, 0x4c06,
0x3347, 0x2b27, 0x22c7, 0x3327, 0x4bc6, 0x4be6, 0x2b26, 0x1268, 0x1248, 0x0a28, 0x1aa7, 0x4c26, 0x4c06, 0x3b86, 0x3b46, 0x1aa7,
0x1288, 0x2308, 0x3c08, 0x4407, 0x1aa7, 0x0a28, 0x1247, 0x22a6, 0x2ae6, 0x1226, 0x09a6, 0x09a6, 0x09a6, 0x09a6, 0x2a88, 0x3309,
0x2ae7, 0x8d6e, 0xe758, 0x9db2, 0x3b69, 0x43ab, 0x43ab, 0x334a, 0x1a88, 0x1aa8, 0x1a87, 0x22c7, 0x2328, 0x22e7, 0x1248, 0x1248,
0x22e8, 0x43a7, 0x8505, 0x6c24, 0x3b45, 0x2306, 0x22e7, 0x3ba7, 0x4bc6, 0x5c46, 0x7cc6, 0x8d05, 0x5c06, 0x22e7, 0x1226, 0x11c6,
0x09c6, 0x3ae8, 0xb52a, 0xbdab, 0xc5ec, 0x950d, 0x850e, 0x7cad, 0x748a, 0x7cc5, 0x5406, 0x2366, 0x33a7, 0x33a7, 0x22e8, 0x2307,
0x43a7, 0x4be6, 0x6486, 0x7466, 0x6c66, 0xa58f, 0xb636, 0xadd4, 0xb54b, 0xcd88, 0xace5, 0x84a5, 0x7ca6, 0x7487, 0x2b06, 0x43c6,
0x8508, 0x8548, 0x2b88, 0x1b08, 0x1b08, 0x2368, 0x33c6, 0x2327, 0x1ac7, 0x2307, 0x2b27, 0x1ae7, 0x5c08, 0x8c89, 0x6c07, 0x4367,
0x3306, 0x32e6, 0x3ae6, 0x9486, 0xbd64, 0x8cc5, 0x7465, 0x3326, 0x3305, 0xa484, 0xd4e3, 0xbc43, 0xbc43, 0xd522, 0xc4a1, 0xbc62,
0xccc2, 0xe5a3, 0xf6a4, 0xd522, 0xb421, 0xb442, 0xb442, 0xac22, 0xcd23, 0xede2, 0xd522, 0xe5a3, 0xfe83, 0xfec5, 0xe5a3, 0xccc1,
0xac22, 0xa402, 0xb4c3, 0xb503, 0xb4a2, 0xb441, 0xb462, 0xc4c2, 0xbca2, 0xc4c2, 0xee03, 0xee23, 0xee22, 0xe5e2, 0xb442, 0xb402,
0xb402, 0xbc22, 0xc462, 0xe5e3, 0xfee5, 0xf664, 0xf644, 0xe5a3, 0xcce2, 0xac01, 0xb441, 0xac22, 0xac22, 0xdd62, 0xf6c5, 0xfee5,
0xf684, 0xdd83, 0xcce2, 0x9c84, 0x8464, 0x9483, 0x9483, 0xb4e3, 0xbd23, 0xb564, 0x74a6, 0x3be6, 0x5426, 0xdd23, 0xa4c4, 0x7c24,
0x8423, 0x5c04, 0x5c64, 0xb4c2, 0xc4c1, 0xcce1, 0xccc1, 0xf664, 0xfec5, 0xee23, 0xe604, 0xf644, 0xcce2, 0xb442, 0xb462, 0xac62,
0xbcc3, 0xd542, 0xbca2, 0xa402, 0x93c2, 0xb463, 0xcce2, 0xe5e3, 0xff47, 0xee24, 0xee04, 0xee24, 0xbc82, 0xac22, 0xb462, 0xac62,
0xa483, 0xbca2, 0xb461, 0xb461, 0x9c02, 0x9bc3, 0xac23, 0xb441, 0xd563, 0xfee5, 0xff05, 0xf685, 0xdd42, 0xedc2, 0xcce2, 0xac62,
0xa422, 0xb461, 0xee45, 0xf6c5, 0xee03, 0xc482, 0xb421, 0xa402, 0x8be3, 0x6be5, 0xaca2, 0xd521, 0xd542, 0xdd82, 0xee44, 0xcd23,
0xbc42, 0xbc42, 0xdd62, 0xf683, 0xf6a4, 0xee23, 0xf624, 0xcce2, 0xb421, 0xa3e2, 0xa422, 0x9463, 0xb4e3, 0xd502, 0xac42, 0xac22,
0xc4c2, 0xd502, 0xd4e2, 0xbc61, 0xbc82, 0xf664, 0xfea4, 0xf643, 0xede2, 0xe582, 0xcce2, 0xc4a2, 0xa423, 0x8be3, 0xbcc2, 0xb4c3,
0xcd03, 0xcce2, 0xb462, 0xb462, 0xb4a2, 0xddc5, 0xe5a4, 0xb421, 0xbca2, 0xdd62, 0xd542, 0xccc1, 0xdd63, 0xfea5, 0xf6a4, 0xe5c3,
0xb421, 0xac02, 0xa3e2, 0x9c02, 0x9c42, 0xcd01, 0xed82, 0xcce1, 0xac42, 0xa422, 0xac22, 0xbc62, 0xee25, 0xfec6, 0xfec5, 0xc4c2,

/* -104- */
0x4c07, 0x3b87, 0x11e7, 0x09c7, 0x1a27, 0x3346, 0x43c6, 0x22e7, 0x1a68, 0x09e7, 0x1247, 0x12a7, 0x1267, 0x0a07, 0x0a27, 0x1287,
0x1b08, 0x2328, 0x1ac8, 0x0a48, 0x0a08, 0x0a28, 0x0a47, 0x22a6, 0x1aa6, 0x1206, 0x1a26, 0x2a86, 0x1a26, 0x11e6, 0x11e6, 0x11c6,
0x2287, 0x8d4f, 0xffff, 0xadf5, 0x1247, 0x1a48, 0x1227, 0x1268, 0x1288, 0x22e8, 0x3b67, 0x3348, 0x1aa8, 0x0a48, 0x0a28, 0x1268,
0x5c68, 0x6467, 0x3b46, 0x22c6, 0x22a6, 0x2b26, 0x2b47, 0x1aa7, 0x1a67, 0x1247, 0x5406, 0x8525, 0x6c86, 0x43e7, 0x1a87, 0x0a07,
0x2b07, 0x4387, 0x2b07, 0x53c7, 0x8507, 0x53e6, 0x3b67, 0x5c4a, 0x6468, 0x6465, 0x4c05, 0x33a6, 0x2327, 0x1288, 0x0a47, 0x22a7,
0x6ca6, 0x6ca6, 0x5404, 0xb5f2, 0xef3a, 0x546d, 0x3be9, 0x4408, 0x4be6, 0x7443, 0x8cc4, 0x84a5, 0x7486, 0x74a7, 0x3b66, 0x3366,
0x3be6, 0x4407, 0x4427, 0x2308, 0x01a8, 0x22e7, 0x33a6, 0x2307, 0x1aa7, 0x2307, 0x2b67, 0x3388, 0x3388, 0x2b47, 0x1ae6, 0x1ac5,
0x2b26, 0x63c6, 0xcce4, 0xaca5, 0x9464, 0x6426, 0x3b87, 0x22a6, 0x2265, 0x6344, 0xcc82, 0xc463, 0xac23, 0x8ba4, 0xb442, 0xdd21,
0xdd22, 0xe582, 0xdd61, 0xc4a1, 0xb442, 0xbc82, 0xb462, 0xac42, 0x9423, 0xbc62, 0xc481, 0xdd62, 0xf643, 0xf622, 0xccc2, 0xb422,
0xac22, 0xac22, 0x8c65, 0x8ca5, 0xaca3, 0xb482, 0xb462, 0xac42, 0xbc82, 0xc4a2, 0xcd02, 0xf623, 0xdda3, 0xc4e2, 0x9c23, 0xa402,
0xb402, 0xac02, 0xa3a2, 0xc4c2, 0xee43, 0xf664, 0xede4, 0xccc1, 0xc4a1, 0xb442, 0xb442, 0xb442, 0xbc82, 0xdd62, 0xee23, 0xfe84,
0xe5e3, 0xcd03, 0xc4a2, 0xa443, 0x8c23, 0x4bc5, 0x3bc6, 0x7c84, 0x9cc4, 0xbce3, 0x6c45, 0x2b86, 0x4be6, 0xccc2, 0x9c83, 0x5444,
0x2c26, 0x6485, 0xbcc2, 0xcce2, 0xc4e1, 0xbca2, 0xb462, 0xdda2, 0xee44, 0xf6c5, 0xd522, 0xccc2, 0xc482, 0xb422, 0xac22, 0xac42,
0xa4c4, 0x8ca5, 0xc503, 0xcca3, 0x9c03, 0x9c03, 0xc4a2, 0xe5e3, 0xff06, 0xf664, 0xd543, 0xbc62, 0xbc62, 0xac02, 0xb422, 0xac42,
0x7c64, 0x7485, 0xb4a2, 0xc4a1, 0xb461, 0x93c4, 0x9be3, 0xac23, 0xbcc2, 0xede2, 0xf6a5, 0xfee6, 0xdd22, 0xd4e1, 0xb442, 0x8bc2,
0x93c2, 0xcd01, 0xf6a4, 0xddc4, 0xbc41, 0xac02, 0xabe2, 0xa402, 0x8be3, 0x6bc4, 0x9423, 0xa422, 0xcd22, 0xee03, 0xc4c1, 0xbc42,
0xbc82, 0xc4a2, 0xbc62, 0xdd83, 0xfec5, 0xee03, 0xe5a2, 0xb422, 0xa402, 0xb422, 0x9c02, 0x7c24, 0x7c24, 0xac42, 0xac22, 0xb442,
0xa402, 0xb442, 0xdd22, 0xb442, 0xac01, 0xcce2, 0xf623, 0xf643, 0xede2, 0xcce2, 0xbc82, 0xac42, 0xa423, 0xa443, 0xdd21, 0xbca2,
0x9444, 0xac83, 0xc481, 0xbc62, 0xb461, 0xcd23, 0xede4, 0xb442, 0x9be2, 0xa3e2, 0xc481, 0xc4a1, 0xdd62, 0xf686, 0xe581, 0xccc1,
0x9be2, 0xa402, 0xac22, 0xb461, 0xb482, 0xbc82, 0xac42, 0xa443, 0xbca2, 0xbc82, 0xac22, 0xac02, 0xc482, 0xfe83, 0xf6a4, 0xbca2,
0xabc0, 0xdda3, 0xe5a3, 0xbc41, 0xb421, 0x93a3, 0x93a3, 0xb442, 0xbc61, 0xac62, 0x9c23, 0x9403, 0xac63, 0xc4e3, 0xee44, 0xf644,
0xee03, 0xe5a3, 0xb442, 0xa402, 0xa402, 0xbc62, 0xb442, 0xc4a2, 0xdd82, 0xf664, 0xe5a3, 0xcd02, 0xa483, 0x4c26, 0x4c26, 0x8464,
0xb482, 0xc4e2, 0x5c45, 0x3c26, 0xbd65, 0x7ca5, 0x3407, 0x6466, 0xac63, 0xc421, 0x8c23, 0x2bc7, 0x4bc6, 0x9c03, 0xb441, 0xbc41,
0xbc61, 0xc4a1, 0xf664, 0xfe84, 0xf623, 0xc4a2, 0xac02, 0x9c03, 0x9424, 0xacc3, 0xacc3, 0x9ca4, 0xac83, 0xbc62, 0x7404, 0x7c24,
0xb422, 0xac22, 0xa3e2, 0xc4c2, 0xede3, 0xf664, 0xee04, 0xbc81, 0xb421, 0xa402, 0xac22, 0xa403, 0xa423, 0xcd01, 0xbcc2, 0xb462,
0xb462, 0xbc83, 0xbc82, 0xdd63, 0xf644, 0xe5c3, 0xee04, 0xc4c3, 0xac02, 0xb422, 0xb462, 0xc482, 0xa443, 0x4bc5, 0x3365, 0x3b85,
0x3b86, 0x3386, 0x33a6, 0x43c6, 0x4386, 0x5c07, 0x6c69, 0xce94, 0xa58f, 0x1b25, 0x2367, 0x2347, 0x1ac7, 0x1247, 0x01a6, 0x22a6,
0x5427, 0x4bc7, 0x12a7, 0x1ac7, 0x3347, 0x6446, 0x6465, 0x4bc6, 0x4c06, 0x5c85, 0x3b87, 0x0a28, 0x1a88, 0x1aa8, 0x1aa7, 0x4c27,
0x64e7, 0x5c86, 0x4c26, 0x1ac7, 0x1267, 0x1ac7, 0x1ac7, 0x1ac7, 0x1a67, 0x09e6, 0x09e7, 0x09e7, 0x09e7, 0x09e7, 0x09c7, 0x09e7,
0x09e7, 0x09e7, 0x09e8, 0x22c7, 0x3b67, 0x1a88, 0x0a08, 0x0a08, 0x0a07, 0x09e7, 0x1206, 0x1247, 0x22c7, 0x4386, 0x4ba6, 0x5406,
0x4c06, 0x4be6, 0x3366, 0x2b46, 0x2b47, 0x2307, 0x2327, 0x4c26, 0x6486, 0x8d25, 0x5c47, 0x33a8, 0x1b28, 0x1b47, 0x5466, 0xada5,
0xf623, 0xe603, 0x9ca4, 0x3b25, 0x1ac6, 0x3346, 0x3366, 0x3bc7, 0x3387, 0x1287, 0x22e7, 0x2b47, 0x2b47, 0x2307, 0x1aa7, 0x1247,
0x1aa7, 0x6426, 0x8ce4, 0x4345, 0x0206, 0x0a66, 0x2ae5, 0x6c44, 0x8cc4, 0xa523, 0x8cc4, 0x6444, 0x8d06, 0xf6c8, 0xfea4, 0xd563,
0x8484, 0x84c5, 0x6c86, 0x94c4, 0xbd23, 0xbd22, 0x94c4, 0x6465, 0xa4c3, 0xd562, 0xff2a, 0xf6c7, 0xf643, 0xdd43, 0xcca1, 0x9c83,
0x53e5, 0x5c05, 0x6446, 0xc502, 0xdd41, 0x53a4, 0x3ba5, 0x9c83, 0xbcc2, 0xcce0, 0xee45, 0xff4b, 0xfe23, 0xdd42, 0xc4a1, 0xa4a3,
0x7485, 0x7485, 0x7465, 0x8c84, 0xaca3, 0xb4c3, 0xacc3, 0xcd01, 0xe5a3, 0xff2d, 0xd5e6, 0xc502, 0xa4e4, 0x53e5, 0x7c44, 0xbc81,
0xc461, 0xbc61, 0xee44, 0xad65, 0x53c5, 0x6465, 0x6c65, 0x8c44, 0xac43, 0xac42, 0x9463, 0x4c06, 0x3b86, 0x9424, 0xac63, 0x7445,
0x23e7, 0x5c66, 0xcd22, 0xd4e1, 0xc4c1, 0xa422, 0x9be2, 0xdda3, 0xf664, 0xf6a4, 0xd563, 0xc482, 0xbc62, 0xac22, 0xc482, 0xb462,
0x83e4, 0x8c24, 0xbc82, 0xa423, 0x9403, 0xa423, 0xb442, 0xbc62, 0xc482, 0xd4e1, 0xf665, 0xf6c6, 0xcd02, 0xc4a2, 0xbc22, 0xbc22,
0xc462, 0xc462, 0x9c43, 0x3bc6, 0x43c6, 0xad27, 0xbd46, 0xf688, 0xd64b, 0x6c48, 0x7467, 0x8485, 0xdda5, 0xee49, 0x33c6, 0x2c07,
0x3c48, 0x3428, 0x4408, 0x43c7, 0x3343, 0x958e, 0xf7fc, 0x8daf, 0x3386, 0x0a87, 0x0a47, 0x09e7, 0x1207, 0x2286, 0x6445, 0x6c65,
0x4bc6, 0x5406, 0x8547, 0x3b46, 0x2265, 0x3b86, 0x3bc7, 0x2b67, 0x2347, 0x43e6, 0x3be7, 0x2bc7, 0x2348, 0x0a68, 0x4c07, 0x6ce7,
0x5c87, 0x4c27, 0x2348, 0x1ae7, 0x22e6, 0x4386, 0x4386, 0x3346, 0x2ae5, 0x22c6, 0x22c6, 0x1aa6, 0x1247, 0x09e7, 0x09e7, 0x0a27,
0x2307, 0x2307, 0x2307, 0x2b07, 0x22e7, 0x22c7, 0x22e7, 0x3b66, 0x2b06, 0x1a26, 0x09a6, 0x09a6, 0x09a6, 0x09a6, 0x0187, 0x3327,
0x6485, 0x5445, 0x5c65, 0x3b66, 0x1a86, 0x22e7, 0x1ac7, 0x1248, 0x09e8, 0x01c8, 0x1a67, 0x3b66, 0x3b66, 0x3b86, 0x43a7, 0x43c7,
0x4c07, 0x3b87, 0x11e7, 0x09c7, 0x1a27, 0x3346, 0x43c6, 0x22e7, 0x1a68, 0x09e7, 0x1247, 0x12a7, 0x1267, 0x0a07, 0x0a27, 0x1287,
0x1b08, 0x2328, 0x1ac8, 0x0a48, 0x0a08, 0x0a28, 0x0a47, 0x22a6, 0x1aa6, 0x1206, 0x1a26, 0x2a86, 0x1a26, 0x11e6, 0x11e6, 0x11c6,
0x2287, 0x8d4f, 0xffff, 0xadf5, 0x1247, 0x1a48, 0x1227, 0x1268, 0x1288, 0x22e8, 0x3b67, 0x3348, 0x1aa8, 0x0a48, 0x0a28, 0x1268,
0x5c68, 0x6467, 0x3b46, 0x22c6, 0x22a6, 0x2b26, 0x2b47, 0x1aa7, 0x1a67, 0x1247, 0x5406, 0x8525, 0x6c86, 0x43e7, 0x1a87, 0x0a07,
0x2b07, 0x4387, 0x2b07, 0x53c7, 0x8507, 0x53e6, 0x3b67, 0x5c4a, 0x6468, 0x6465, 0x4c05, 0x33a6, 0x2327, 0x1288, 0x0a47, 0x22a7,
0x6ca6, 0x6ca6, 0x5404, 0xb5f2, 0xef3a, 0x546d, 0x3be9, 0x4408, 0x4be6, 0x7443, 0x8cc4, 0x84a5, 0x7486, 0x74a7, 0x3b66, 0x3366,
0x3be6, 0x4407, 0x4427, 0x2308, 0x01a8, 0x22e7, 0x33a6, 0x2307, 0x1aa7, 0x2307, 0x2b67, 0x3388, 0x3388, 0x2b47, 0x1ae6, 0x1ac5,
0x2b26, 0x63c6, 0xcce4, 0xaca5, 0x9464, 0x6426, 0x3b87, 0x22a6, 0x2265, 0x6344, 0xcc82, 0xc463, 0xac23, 0x8ba4, 0xb442, 0xdd21,
0xdd22, 0xe582, 0xdd61, 0xc4a1, 0xb442, 0xbc82, 0xb462, 0xac42, 0x9423, 0xbc62, 0xc481, 0xdd62, 0xf643, 0xf622, 0xccc2, 0xb422,
0xac22, 0xac22, 0x8c65, 0x8ca5, 0xaca3, 0xb482, 0xb462, 0xac42, 0xbc82, 0xc4a2, 0xcd02, 0xf623, 0xdda3, 0xc4e2, 0x9c23, 0xa402,
0xb402, 0xac02, 0xa3a2, 0xc4c2, 0xee43, 0xf664, 0xede4, 0xccc1, 0xc4a1, 0xb442, 0xb442, 0xb442, 0xbc82, 0xdd62, 0xee23, 0xfe84,
0xe5e3, 0xcd03, 0xc4a2, 0xa443, 0x8c23, 0x4bc5, 0x3bc6, 0x7c84, 0x9cc4, 0xbce3, 0x6c45, 0x2b86, 0x4be6, 0xccc2, 0x9c83, 0x5444,
0x2c26, 0x6485, 0xbcc2, 0xcce2, 0xc4e1, 0xbca2, 0xb462, 0xdda2, 0xee44, 0xf6c5, 0xd522, 0xccc2, 0xc482, 0xb422, 0xac22, 0xac42,
0xa4c4, 0x8ca5, 0xc503, 0xcca3, 0x9c03, 0x9c03, 0xc4a2, 0xe5e3, 0xff06, 0xf664, 0xd543, 0xbc62, 0xbc62, 0xac02, 0xb422, 0xac42,
0x7c64, 0x7485, 0xb4a2, 0xc4a1, 0xb461, 0x93c4, 0x9be3, 0xac23, 0xbcc2, 0xede2, 0xf6a5, 0xfee6, 0xdd22, 0xd4e1, 0xb442, 0x8bc2,
0x93c2, 0xcd01, 0xf6a4, 0xddc4, 0xbc41, 0xac02, 0xabe2, 0xa402, 0x8be3, 0x6bc4, 0x9423, 0xa422, 0xcd22, 0xee03, 0xc4c1, 0xbc42,
0xbc82, 0xc4a2, 0xbc62, 0xdd83, 0xfec5, 0xee03, 0xe5a2, 0xb422, 0xa402, 0xb422, 0x9c02, 0x7c24, 0x7c24, 0xac42, 0xac22, 0xb442,
0xa402, 0xb442, 0xdd22, 0xb442, 0xac01, 0xcce2, 0xf623, 0xf643, 0xede2, 0xcce2, 0xbc82, 0xac42, 0xa423, 0xa443, 0xdd21, 0xbca2,
0x9444, 0xac83, 0xc481, 0xbc62, 0xb461, 0xcd23, 0xede4, 0xb442, 0x9be2, 0xa3e2, 0xc481, 0xc4a1, 0xdd62, 0xf686, 0xe581, 0xccc1,
0x9be2, 0xa402, 0xac22, 0xb461, 0xb482, 0xbc82, 0xac42, 0xa443, 0xbca2, 0xbc82, 0xac22, 0xac02, 0xc482, 0xfe83, 0xf6a4, 0xbca2,

/* -105- */
0x43c7, 0x3b87, 0x1207, 0x11e6, 0x11e6, 0x2ac7, 0x3b46, 0x22c7, 0x1a67, 0x09e6, 0x1226, 0x1267, 0x1227, 0x01c6, 0x1227, 0x1aa7,
0x22e7, 0x1ae8, 0x1268, 0x1247, 0x1247, 0x1248, 0x1247, 0x1267, 0x1247, 0x0a07, 0x1a67, 0x3b46, 0x3306, 0x2266, 0x1a46, 0x1a47,
0x09c5, 0x4b6b, 0xef9c, 0xa5d4, 0x1a67, 0x1a48, 0x1248, 0x1a88, 0x1288, 0x2b08, 0x43a8, 0x3b68, 0x22a8, 0x0a28, 0x1268, 0x1aa8,
0x5448, 0x5c47, 0x1a87, 0x1a87, 0x22e6, 0x2b06, 0x2b47, 0x1227, 0x09e7, 0x1a87, 0x5c26, 0x8525, 0x74c5, 0x5c66, 0x22c8, 0x0a27,
0x3368, 0x3ba7, 0x1287, 0x43c7, 0x95a8, 0x6446, 0x4386, 0x3326, 0x3b66, 0x5c45, 0x43c5, 0x3366, 0x22c6, 0x09e7, 0x1206, 0x2a86,
0x6c65, 0x6445, 0x4385, 0xa5d4, 0xf7df, 0x7d30, 0x4c69, 0x5468, 0x43a7, 0x7468, 0x84e5, 0x7cc6, 0x74a7, 0x6ca7, 0x6ca7, 0x5447,
0x3be7, 0x4427, 0x43e7, 0x22e7, 0x09a6, 0x2286, 0x2b26, 0x1ac6, 0x1a67, 0x2b27, 0x2b27, 0x2b27, 0x1ac7, 0x1265, 0x0a25, 0x22a5,
0x3b86, 0x6c26, 0xc4e4, 0xacc5, 0x8ca5, 0x4bc6, 0x2b47, 0x3305, 0x42e5, 0x7ba3, 0xc4a3, 0xb483, 0x9404, 0x8364, 0xa403, 0xdd01,
0xdd21, 0xe562, 0xcce1, 0xac62, 0xb462, 0xbc82, 0xb462, 0xa443, 0x8c04, 0xb462, 0xc462, 0xdd62, 0xf642, 0xf622, 0xc4a2, 0xa403,
0xa402, 0xa402, 0x7c45, 0x8465, 0xb4a2, 0xac82, 0xa443, 0xa443, 0xbc82, 0xc4a2, 0xcce2, 0xf603, 0xd542, 0xac62, 0x8403, 0x93e3,
0xac42, 0xac22, 0xabe2, 0xbc62, 0xdd62, 0xfe84, 0xee04, 0xc481, 0xbc82, 0xac42, 0xac42, 0xac22, 0xb442, 0xd502, 0xee03, 0xf664,
0xe582, 0xccc2, 0xb442, 0xbc22, 0xb422, 0x53a5, 0x4385, 0x4be5, 0x7c64, 0xd523, 0x7c45, 0x2ba6, 0x4406, 0xb462, 0x8443, 0x4424,
0x2405, 0x8464, 0xc462, 0xc4a2, 0xc4c2, 0xac62, 0xa443, 0xcca1, 0xe5a3, 0xff06, 0xd502, 0xc462, 0xbc62, 0xac22, 0xbc82, 0xb4a2,
0x9ca4, 0x7445, 0xc4c3, 0xcca2, 0x9c03, 0x9be3, 0xbc62, 0xdda3, 0xf6a5, 0xf663, 0xdd43, 0xbc42, 0xb442, 0xa3e3, 0xa402, 0xac42,
0x8464, 0x7464, 0xa463, 0xbc81, 0xbcc2, 0x9403, 0x9c03, 0xac02, 0xbc82, 0xe5a2, 0xf6a5, 0xfec5, 0xd501, 0xcca1, 0xa402, 0x83a2,
0x83a2, 0xcce1, 0xf664, 0xddc3, 0xbc62, 0xb422, 0xac02, 0xa402, 0x9423, 0x7c24, 0x8c03, 0x93e3, 0xc4e2, 0xede2, 0xc4c2, 0xb462,
0xbc82, 0xbc82, 0xbc42, 0xd563, 0xfec4, 0xede3, 0xe562, 0xac22, 0xa402, 0xbc62, 0x9c22, 0x7404, 0x73e4, 0xa402, 0xac02, 0xb422,
0xa3e2, 0xac22, 0xd503, 0xb442, 0xac21, 0xc4a2, 0xf623, 0xf663, 0xede2, 0xccc2, 0xbc62, 0xa423, 0xa423, 0xac62, 0xe541, 0xb482,
0x7be4, 0x9443, 0xbc62, 0xbc41, 0xac41, 0xbca2, 0xe583, 0xb442, 0x93e2, 0xa3e2, 0xbc82, 0xc481, 0xd542, 0xf6a6, 0xdd61, 0xcca1,
0x93e3, 0xa403, 0xb442, 0xaca2, 0xaca2, 0xbc82, 0xac22, 0xa423, 0xb4a2, 0xb4a2, 0xb442, 0xac02, 0xbc62, 0xf623, 0xf684, 0xc4a2,
0xb401, 0xdd83, 0xd542, 0xbc41, 0xb441, 0x93c3, 0x8ba3, 0xb442, 0xbca1, 0xa482, 0x9c63, 0x9423, 0xac43, 0xbc62, 0xee24, 0xf644,
0xee03, 0xe582, 0xb442, 0x9c02, 0xa402, 0xb442, 0x9be2, 0xbc62, 0xdd63, 0xf643, 0xdd63, 0xc4e2, 0xac83, 0x5c25, 0x5c24, 0x7444,
0x9463, 0xcd02, 0x6c85, 0x4446, 0x9d25, 0x6ca6, 0x3407, 0x5c66, 0xa483, 0xa422, 0x6bc3, 0x2b46, 0x5b85, 0xb401, 0xbc61, 0xb441,
0xac41, 0xb441, 0xee65, 0xf685, 0xede2, 0xc4a2, 0xa3e3, 0x9c03, 0x8c24, 0xb503, 0xace3, 0x8ca4, 0xac83, 0xc462, 0x6405, 0x5c05,
0x9c23, 0xa3e2, 0xa3e1, 0xc4c2, 0xe5c3, 0xf664, 0xee04, 0xbc61, 0xa421, 0x9c02, 0xa442, 0x9c03, 0x9403, 0xc522, 0xbce2, 0xb482,
0xb482, 0xb463, 0xb462, 0xd543, 0xee04, 0xe5c3, 0xe5a3, 0xb462, 0xa3c2, 0xa3e2, 0xac23, 0xbc63, 0xa463, 0x6c05, 0x8485, 0x4ba6,
0x2307, 0x1b27, 0x1307, 0x4c07, 0x6426, 0x3b05, 0x4ba7, 0xced6, 0x9d90, 0x2305, 0x2347, 0x2327, 0x1287, 0x0a07, 0x0a06, 0x2b27,
0x5c87, 0x5447, 0x12e7, 0x1b28, 0x3bc8, 0x74c5, 0x74e5, 0x3b47, 0x3b67, 0x5c65, 0x3b66, 0x1227, 0x1a67, 0x1a46, 0x1207, 0x3b87,
0x5467, 0x5447, 0x4be7, 0x1a67, 0x0a27, 0x1a87, 0x22e7, 0x2368, 0x3388, 0x1a67, 0x0a27, 0x0a07, 0x0a07, 0x0a07, 0x1227, 0x1227,
0x0a08, 0x0a08, 0x0a08, 0x1aa7, 0x3327, 0x22a7, 0x1247, 0x1227, 0x1207, 0x09e6, 0x1206, 0x1227, 0x22c7, 0x4ba7, 0x5406, 0x5c26,
0x5c26, 0x4c06, 0x2b07, 0x22e7, 0x2b27, 0x12a7, 0x2327, 0x7506, 0x74e6, 0x6485, 0x3367, 0x12e8, 0x1b07, 0x2b46, 0x5c46, 0x9545,
0xd604, 0xee23, 0x94e5, 0x4385, 0x2b26, 0x3b86, 0x3386, 0x3bc6, 0x3366, 0x1a46, 0x1247, 0x22a7, 0x22c6, 0x22a6, 0x1227, 0x09e7,
0x22a6, 0x3b66, 0x2b26, 0x22e6, 0x12a6, 0x12a6, 0x43a6, 0x9d44, 0x9d24, 0x9503, 0x7cc4, 0x6464, 0x9526, 0xfee8, 0xf623, 0xbd23,
0x6465, 0x6c85, 0x5406, 0xaca3, 0xcce2, 0xb4e3, 0x7485, 0x33e7, 0x9484, 0xd542, 0xf6c8, 0xf6a6, 0xee64, 0xcd03, 0xbc81, 0x8443,
0x4bc5, 0x5be5, 0x7445, 0xcd02, 0xd521, 0x4ba4, 0x3ba5, 0x9463, 0xb482, 0xc4a1, 0xee25, 0xff29, 0xf623, 0xd522, 0xb482, 0x8463,
0x5c05, 0x6445, 0x7485, 0xbce2, 0xcce2, 0xa4e4, 0x94c5, 0xc501, 0xdd62, 0xff0b, 0xd5c5, 0xbce2, 0x94a4, 0x43a5, 0x9464, 0xc4c2,
0xc482, 0xc481, 0xc502, 0xacc3, 0x7c44, 0x4385, 0x3385, 0x43a5, 0x9423, 0xc481, 0xa482, 0x5426, 0x3ba6, 0x9464, 0x9464, 0x5c45,
0x3406, 0x6c65, 0xd502, 0xd501, 0xc4e1, 0x9c42, 0xa422, 0xcd22, 0xe5e3, 0xfec4, 0xd542, 0xbc42, 0xb442, 0x9c02, 0xc482, 0xb462,
0x5ba5, 0x7c05, 0xc482, 0xb442, 0x9c23, 0x8c44, 0xa463, 0xc482, 0xc482, 0xd4e1, 0xf665, 0xf6a6, 0xccc2, 0xbc62, 0xb422, 0xb402,
0xbc42, 0xbc62, 0x8c24, 0x43a6, 0x4b85, 0x5b65, 0x6365, 0xc5c9, 0xc62c, 0x8d2c, 0x6407, 0x7426, 0xd5a5, 0xe5c4, 0x6be4, 0x4c27,
0x4468, 0x5cca, 0xa5af, 0x850c, 0x3305, 0x7d0d, 0xeffb, 0x64cd, 0x1ae6, 0x1ae8, 0x1268, 0x09e7, 0x2267, 0x4b87, 0x5c06, 0x4ba5,
0x2ae6, 0x4366, 0x7d28, 0x3b66, 0x22a6, 0x4bc6, 0x4be7, 0x1ac6, 0x1aa6, 0x4406, 0x3c07, 0x33e8, 0x2368, 0x0a48, 0x4c07, 0x6ce6,
0x5467, 0x3ba7, 0x1ac7, 0x1a86, 0x22a6, 0x4386, 0x4366, 0x3b66, 0x2b06, 0x2b06, 0x2ae6, 0x22a6, 0x1226, 0x09c7, 0x0a07, 0x1267,
0x1ac7, 0x22e7, 0x2327, 0x22e7, 0x1a87, 0x1aa7, 0x22e7, 0x3ba6, 0x3b86, 0x2ae6, 0x09c7, 0x09a6, 0x09a6, 0x09c6, 0x09c7, 0x3b47,
0x5c46, 0x5426, 0x5446, 0x3b66, 0x22a6, 0x22a7, 0x1a87, 0x1207, 0x09c7, 0x11e7, 0x22a7, 0x43a6, 0x3b66, 0x3b67, 0x3b87, 0x3b67,
0x43c7, 0x3b87, 0x1207, 0x11e6, 0x11e6, 0x2ac7, 0x3b46, 0x22c7, 0x1a67, 0x09e6, 0x1226, 0x1267, 0x1227, 0x01c6, 0x1227, 0x1aa7,
0x22e7, 0x1ae8, 0x1268, 0x1247, 0x1247, 0x1248, 0x1247, 0x1267, 0x1247, 0x0a07, 0x1a67, 0x3b46, 0x3306, 0x2266, 0x1a46, 0x1a47,
0x09c5, 0x4b6b, 0xef9c, 0xa5d4, 0x1a67, 0x1a48, 0x1248, 0x1a88, 0x1288, 0x2b08, 0x43a8, 0x3b68, 0x22a8, 0x0a28, 0x1268, 0x1aa8,
0x5448, 0x5c47, 0x1a87, 0x1a87, 0x22e6, 0x2b06, 0x2b47, 0x1227, 0x09e7, 0x1a87, 0x5c26, 0x8525, 0x74c5, 0x5c66, 0x22c8, 0x0a27,
0x3368, 0x3ba7, 0x1287, 0x43c7, 0x95a8, 0x6446, 0x4386, 0x3326, 0x3b66, 0x5c45, 0x43c5, 0x3366, 0x22c6, 0x09e7, 0x1206, 0x2a86,
0x6c65, 0x6445, 0x4385, 0xa5d4, 0xf7df, 0x7d30, 0x4c69, 0x5468, 0x43a7, 0x7468, 0x84e5, 0x7cc6, 0x74a7, 0x6ca7, 0x6ca7, 0x5447,
0x3be7, 0x4427, 0x43e7, 0x22e7, 0x09a6, 0x2286, 0x2b26, 0x1ac6, 0x1a67, 0x2b27, 0x2b27, 0x2b27, 0x1ac7, 0x1265, 0x0a25, 0x22a5,
0x3b86, 0x6c26, 0xc4e4, 0xacc5, 0x8ca5, 0x4bc6, 0x2b47, 0x3305, 0x42e5, 0x7ba3, 0xc4a3, 0xb483, 0x9404, 0x8364, 0xa403, 0xdd01,
0xdd21, 0xe562, 0xcce1, 0xac62, 0xb462, 0xbc82, 0xb462, 0xa443, 0x8c04, 0xb462, 0xc462, 0xdd62, 0xf642, 0xf622, 0xc4a2, 0xa403,
0xa402, 0xa402, 0x7c45, 0x8465, 0xb4a2, 0xac82, 0xa443, 0xa443, 0xbc82, 0xc4a2, 0xcce2, 0xf603, 0xd542, 0xac62, 0x8403, 0x93e3,
0xac42, 0xac22, 0xabe2, 0xbc62, 0xdd62, 0xfe84, 0xee04, 0xc481, 0xbc82, 0xac42, 0xac42, 0xac22, 0xb442, 0xd502, 0xee03, 0xf664,
0xe582, 0xccc2, 0xb442, 0xbc22, 0xb422, 0x53a5, 0x4385, 0x4be5, 0x7c64, 0xd523, 0x7c45, 0x2ba6, 0x4406, 0xb462, 0x8443, 0x4424,
0x2405, 0x8464, 0xc462, 0xc4a2, 0xc4c2, 0xac62, 0xa443, 0xcca1, 0xe5a3, 0xff06, 0xd502, 0xc462, 0xbc62, 0xac22, 0xbc82, 0xb4a2,
0x9ca4, 0x7445, 0xc4c3, 0xcca2, 0x9c03, 0x9be3, 0xbc62, 0xdda3, 0xf6a5, 0xf663, 0xdd43, 0xbc42, 0xb442, 0xa3e3, 0xa402, 0xac42,
0x8464, 0x7464, 0xa463, 0xbc81, 0xbcc2, 0x9403, 0x9c03, 0xac02, 0xbc82, 0xe5a2, 0xf6a5, 0xfec5, 0xd501, 0xcca1, 0xa402, 0x83a2,
0x83a2, 0xcce1, 0xf664, 0xddc3, 0xbc62, 0xb422, 0xac02, 0xa402, 0x9423, 0x7c24, 0x8c03, 0x93e3, 0xc4e2, 0xede2, 0xc4c2, 0xb462,
0xbc82, 0xbc82, 0xbc42, 0xd563, 0xfec4, 0xede3, 0xe562, 0xac22, 0xa402, 0xbc62, 0x9c22, 0x7404, 0x73e4, 0xa402, 0xac02, 0xb422,
0xa3e2, 0xac22, 0xd503, 0xb442, 0xac21, 0xc4a2, 0xf623, 0xf663, 0xede2, 0xccc2, 0xbc62, 0xa423, 0xa423, 0xac62, 0xe541, 0xb482,
0x7be4, 0x9443, 0xbc62, 0xbc41, 0xac41, 0xbca2, 0xe583, 0xb442, 0x93e2, 0xa3e2, 0xbc82, 0xc481, 0xd542, 0xf6a6, 0xdd61, 0xcca1,
0x93e3, 0xa403, 0xb442, 0xaca2, 0xaca2, 0xbc82, 0xac22, 0xa423, 0xb4a2, 0xb4a2, 0xb442, 0xac02, 0xbc62, 0xf623, 0xf684, 0xc4a2,

/* -106- */
0x0a08, 0x22a8, 0x4c06, 0x4366, 0x1a07, 0x11c7, 0x0a07, 0x22e7, 0x3b67, 0x5c05, 0x32e6, 0x0187, 0x0a07, 0x1287, 0x3b86, 0x3b65,
0x1227, 0x0a07, 0x1aa7, 0x3b66, 0x3b86, 0x3386, 0x2b27, 0x1227, 0x1207, 0x09e8, 0x1a87, 0x2307, 0x5447, 0x8587, 0x3307, 0x1207,
0x1a87, 0x1a68, 0x330b, 0x2228, 0x0165, 0x0a07, 0x0a28, 0x1aa7, 0x3b86, 0x3347, 0x1207, 0x1207, 0x1208, 0x09e7, 0x4386, 0x4ba7,
0x1a67, 0x22e7, 0x5407, 0x4ba6, 0x3b66, 0x22a7, 0x0a27, 0x0a08, 0x3307, 0x7cc6, 0x7485, 0x6c85, 0x6c85, 0x5c66, 0x1a88, 0x0a27,
0x4408, 0x4c28, 0x3ba8, 0x2b47, 0x2b26, 0x9587, 0xa5e7, 0x5c27, 0x3b26, 0x1a46, 0x1a46, 0x22c7, 0x1227, 0x09a7, 0x6406, 0x7447,
0x4b88, 0x3b28, 0x2ac7, 0x4bcb, 0x752f, 0xef98, 0x6cab, 0x22e5, 0xc695, 0xffdb, 0x53aa, 0x1a87, 0x3b88, 0x4c07, 0xb606, 0x9546,
0x1287, 0x2b27, 0x7507, 0x5c46, 0x3305, 0x1a66, 0x09e7, 0x1a67, 0x1247, 0x1207, 0x11e7, 0x11e7, 0x0a07, 0x53e6, 0x6c86, 0x7486,
0x6c86, 0x5bc6, 0x8445, 0x6c06, 0x22e7, 0x12a7, 0x22e6, 0x7364, 0xbce4, 0xcd44, 0x8485, 0x7c66, 0x7ba5, 0x8b84, 0x8b83, 0x9be3,
0xdce1, 0xdd01, 0xac22, 0x6bc4, 0x9c44, 0xc462, 0xb443, 0x7c04, 0x8c23, 0xa403, 0xa3e2, 0xe583, 0xf644, 0xdd22, 0xa423, 0x83a4,
0xa3e2, 0x93e3, 0x6be5, 0x8c44, 0xac62, 0x83c4, 0x7bc4, 0x7be4, 0xac43, 0xd4c2, 0xdd02, 0xe582, 0xdd22, 0xa443, 0x7be4, 0x7be3,
0x5bc4, 0xac43, 0xbc42, 0xac02, 0xccc2, 0xfec5, 0xede4, 0xa3e1, 0x9c02, 0x8c43, 0x8403, 0xac22, 0xac02, 0xabe2, 0xede3, 0xf643,
0xd4e2, 0xb423, 0xa3e3, 0xcc62, 0xc462, 0xbc83, 0x9c63, 0x3b86, 0x5405, 0xb4c3, 0x8464, 0x3be6, 0x4406, 0x9c64, 0x43c5, 0x1366,
0x9423, 0xb422, 0xcc61, 0x83c3, 0x2b26, 0x8424, 0xc462, 0xcca1, 0xe5a3, 0xff47, 0xd523, 0xb402, 0xb422, 0x8c24, 0x6c25, 0xa463,
0x9c23, 0x73c4, 0xac43, 0xcc62, 0xb402, 0x9bc2, 0x9bc2, 0xbc62, 0xede3, 0xfe84, 0xdd63, 0xc462, 0xbc62, 0x7bc4, 0x9c23, 0xbc82,
0xa463, 0x8c03, 0x8383, 0xac22, 0xbc82, 0x9c03, 0x9be3, 0xb402, 0xb422, 0xbc42, 0xee65, 0xff05, 0xccc1, 0xa3e2, 0x73a4, 0x73a3,
0x8bc2, 0xdd61, 0xcd03, 0xbc63, 0xbc42, 0xb403, 0xa3e2, 0xb442, 0xb4a3, 0x6c04, 0x8c24, 0x8bc3, 0xbca2, 0xedc3, 0xb462, 0xac82,
0x9ca3, 0x8424, 0xb402, 0xd523, 0xfec4, 0xd522, 0xc461, 0xa3e2, 0x93e3, 0xb462, 0x8c23, 0x7404, 0x73c3, 0x8ba3, 0xcc82, 0xbc22,
0xb422, 0xb422, 0xa3c2, 0xa402, 0xac22, 0xb441, 0xf643, 0xf623, 0xd501, 0xb422, 0xa402, 0x9c43, 0x8c04, 0xb462, 0xbc81, 0x9403,
0x7be4, 0x8c03, 0xb442, 0xd4a1, 0xb442, 0xa442, 0xdce2, 0x9be3, 0x8bc3, 0xb463, 0xb442, 0xac01, 0xd542, 0xfea5, 0xd501, 0xabe2,
0x7b84, 0x9c03, 0xc483, 0x8444, 0x8464, 0xcca2, 0xc442, 0x93e3, 0x8424, 0x7c64, 0x8c04, 0xac02, 0xabe2, 0xcce2, 0xf6a4, 0xc4c1,
0xb421, 0xc482, 0xcca2, 0xa442, 0x7be4, 0xac03, 0xb423, 0xbc42, 0xac82, 0x6c45, 0x8c44, 0xb442, 0xb442, 0xb442, 0xe5c2, 0xfe63,
0xdd63, 0xc462, 0x9c03, 0x8c03, 0x8c43, 0x8be3, 0xb422, 0xb421, 0xcce2, 0xfe84, 0xc4a2, 0xa3e2, 0x9ba3, 0xd482, 0xdca1, 0x9443,
0x4be6, 0x5426, 0x8cc4, 0x9ce4, 0x33a6, 0x2b86, 0x2367, 0x5406, 0x8ce5, 0x3386, 0x2326, 0x8c03, 0xb442, 0xbc61, 0x7c04, 0x4ba6,
0x53a5, 0x8bc3, 0xf686, 0xfea5, 0xe582, 0xb442, 0xa403, 0xa423, 0x9424, 0x8444, 0x9ca3, 0x8c84, 0xac63, 0xcc62, 0x9c43, 0x7be4,
0x5b84, 0x6384, 0xa3e2, 0xb402, 0xbc61, 0xf645, 0xfe44, 0xb442, 0x83e3, 0x9443, 0xa403, 0x8ba4, 0x7bc4, 0x9ca3, 0xbd02, 0xb483,
0xb483, 0xa444, 0xac03, 0xcce3, 0xf623, 0xdd63, 0xb442, 0xa3c3, 0x9bc2, 0xccc3, 0xac43, 0x9be3, 0xa423, 0xb464, 0xdd65, 0xdd87,
0xbd28, 0x1286, 0x0246, 0x43c7, 0x7ca6, 0x9d86, 0x9547, 0x3307, 0x2ae7, 0x4be7, 0x43a7, 0x0a06, 0x09c6, 0x0a06, 0x6489, 0x6ca9,
0x2348, 0x2348, 0x3bc7, 0x2b68, 0x3ba7, 0x6ca6, 0x5c45, 0x4be6, 0x2ae7, 0x09e8, 0x2b07, 0x6ce6, 0x74e6, 0x64a7, 0x1a46, 0x2266,
0x1a87, 0x1a67, 0x1207, 0x09a7, 0x01a7, 0x01a7, 0x1248, 0x0a68, 0x3367, 0x7d06, 0x3327, 0x01c7, 0x0a08, 0x0a07, 0x43a7, 0x43c7,
0x1208, 0x09e8, 0x0a08, 0x09e7, 0x09a6, 0x3306, 0x43a6, 0x4366, 0x43a6, 0x4be6, 0x2286, 0x0986, 0x09c6, 0x09e7, 0x6466, 0x8505,
0x6486, 0x2b06, 0x1ac7, 0x1aa7, 0x0a48, 0x0a68, 0x3b87, 0x6d05, 0x4c26, 0x1aa8, 0x22e7, 0x3326, 0x5405, 0x6c65, 0x6445, 0x4c06,
0x9506, 0xf683, 0x6c45, 0x6c44, 0x7c84, 0x53a5, 0x1227, 0x1ae7, 0x4c06, 0x6c65, 0x3b06, 0x09c6, 0x11e6, 0x09e7, 0x09c7, 0x2287,
0x43c5, 0x3b86, 0x0a07, 0x0a47, 0x1aa6, 0x6425, 0x7ca4, 0x9504, 0x6c45, 0x2b06, 0x53c5, 0x5c24, 0x9d25, 0xff26, 0xc503, 0x7c64,
0x6465, 0x5c45, 0x9cc5, 0xc4c3, 0xbc82, 0x9464, 0x5c06, 0x43c6, 0x9484, 0xb4c2, 0xacc3, 0xe624, 0xfee6, 0xb4a3, 0xac62, 0x5bc4,
0x3b85, 0x63c4, 0xc4e2, 0x8c63, 0x7404, 0x53c5, 0x4bc5, 0xa463, 0xb482, 0xa421, 0xdda3, 0xff06, 0xeda1, 0xbce2, 0x7444, 0x5c05,
0x5be5, 0x53c5, 0x6c25, 0xc4a1, 0xac62, 0x43a5, 0x94c4, 0xc4c1, 0xd501, 0xfea6, 0xcd63, 0x8c83, 0x6c45, 0x6425, 0xacc3, 0x7424,
0x6bc4, 0xb442, 0xe583, 0xdd63, 0xcce2, 0xc4c3, 0x4365, 0x2b45, 0x3bc5, 0x8c64, 0xc502, 0x5406, 0x2367, 0x5c26, 0x33e7, 0x1387,
0x8c84, 0xb4a3, 0xd4e2, 0x7424, 0x33a6, 0xaca3, 0xcc82, 0xb442, 0xcd02, 0xfee5, 0xd542, 0xb402, 0xac22, 0xb462, 0xb442, 0xa422,
0x5ba5, 0x7c04, 0xc462, 0xc441, 0xb422, 0x5be4, 0x9464, 0xcca2, 0xcca2, 0xd4e1, 0xf685, 0xf6c6, 0xb422, 0xabe2, 0xb402, 0x93e3,
0x4b65, 0x8405, 0xd584, 0xcd44, 0xcd24, 0xd564, 0x7c05, 0x3346, 0x43a6, 0x2304, 0x952c, 0xeed5, 0x7449, 0x7404, 0xcce1, 0x7bc4,
0x22a6, 0x4307, 0xe6d7, 0xf7bc, 0xfffd, 0x84ef, 0x1a86, 0x958c, 0xce94, 0xff9c, 0x9d53, 0x0186, 0x11e7, 0x1207, 0x1a26, 0x1a26,
0x1206, 0x1246, 0x22c6, 0x2b06, 0x43a6, 0x74e6, 0x74a6, 0x4bc6, 0x4386, 0x2b06, 0x1aa7, 0x1248, 0x1248, 0x0a28, 0x5c87, 0x64e7,
0x2308, 0x1288, 0x0a47, 0x4bc6, 0x6cc7, 0x4387, 0x4387, 0x2287, 0x2ac6, 0x6467, 0x5c27, 0x5c67, 0x2287, 0x01c7, 0x2b07, 0x2b07,
0x1a87, 0x1288, 0x12a8, 0x2b46, 0x43e6, 0x1aa7, 0x0a07, 0x3387, 0x2ae7, 0x1207, 0x09e7, 0x09c7, 0x09a7, 0x09e7, 0x3b66, 0x43c7,
0x43a7, 0x3b66, 0x0a07, 0x3b66, 0x5404, 0x1207, 0x09e7, 0x09e7, 0x09e7, 0x43e6, 0x4c26, 0x3ba6, 0x3367, 0x1a88, 0x1248, 0x1208,
0x0a08, 0x22a8, 0x4c06, 0x4366, 0x1a07, 0x11c7, 0x0a07, 0x22e7, 0x3b67, 0x5c05, 0x32e6, 0x0187, 0x0a07, 0x1287, 0x3b86, 0x3b65,
0x1227, 0x0a07, 0x1aa7, 0x3b66, 0x3b86, 0x3386, 0x2b27, 0x1227, 0x1207, 0x09e8, 0x1a87, 0x2307, 0x5447, 0x8587, 0x3307, 0x1207,
0x1a87, 0x1a68, 0x330b, 0x2228, 0x0165, 0x0a07, 0x0a28, 0x1aa7, 0x3b86, 0x3347, 0x1207, 0x1207, 0x1208, 0x09e7, 0x4386, 0x4ba7,
0x1a67, 0x22e7, 0x5407, 0x4ba6, 0x3b66, 0x22a7, 0x0a27, 0x0a08, 0x3307, 0x7cc6, 0x7485, 0x6c85, 0x6c85, 0x5c66, 0x1a88, 0x0a27,
0x4408, 0x4c28, 0x3ba8, 0x2b47, 0x2b26, 0x9587, 0xa5e7, 0x5c27, 0x3b26, 0x1a46, 0x1a46, 0x22c7, 0x1227, 0x09a7, 0x6406, 0x7447,
0x4b88, 0x3b28, 0x2ac7, 0x4bcb, 0x752f, 0xef98, 0x6cab, 0x22e5, 0xc695, 0xffdb, 0x53aa, 0x1a87, 0x3b88, 0x4c07, 0xb606, 0x9546,
0x1287, 0x2b27, 0x7507, 0x5c46, 0x3305, 0x1a66, 0x09e7, 0x1a67, 0x1247, 0x1207, 0x11e7, 0x11e7, 0x0a07, 0x53e6, 0x6c86, 0x7486,
0x6c86, 0x5bc6, 0x8445, 0x6c06, 0x22e7, 0x12a7, 0x22e6, 0x7364, 0xbce4, 0xcd44, 0x8485, 0x7c66, 0x7ba5, 0x8b84, 0x8b83, 0x9be3,
0xdce1, 0xdd01, 0xac22, 0x6bc4, 0x9c44, 0xc462, 0xb443, 0x7c04, 0x8c23, 0xa403, 0xa3e2, 0xe583, 0xf644, 0xdd22, 0xa423, 0x83a4,
0xa3e2, 0x93e3, 0x6be5, 0x8c44, 0xac62, 0x83c4, 0x7bc4, 0x7be4, 0xac43, 0xd4c2, 0xdd02, 0xe582, 0xdd22, 0xa443, 0x7be4, 0x7be3,
0x5bc4, 0xac43, 0xbc42, 0xac02, 0xccc2, 0xfec5, 0xede4, 0xa3e1, 0x9c02, 0x8c43, 0x8403, 0xac22, 0xac02, 0xabe2, 0xede3, 0xf643,
0xd4e2, 0xb423, 0xa3e3, 0xcc62, 0xc462, 0xbc83, 0x9c63, 0x3b86, 0x5405, 0xb4c3, 0x8464, 0x3be6, 0x4406, 0x9c64, 0x43c5, 0x1366,
0x9423, 0xb422, 0xcc61, 0x83c3, 0x2b26, 0x8424, 0xc462, 0xcca1, 0xe5a3, 0xff47, 0xd523, 0xb402, 0xb422, 0x8c24, 0x6c25, 0xa463,
0x9c23, 0x73c4, 0xac43, 0xcc62, 0xb402, 0x9bc2, 0x9bc2, 0xbc62, 0xede3, 0xfe84, 0xdd63, 0xc462, 0xbc62, 0x7bc4, 0x9c23, 0xbc82,
0xa463, 0x8c03, 0x8383, 0xac22, 0xbc82, 0x9c03, 0x9be3, 0xb402, 0xb422, 0xbc42, 0xee65, 0xff05, 0xccc1, 0xa3e2, 0x73a4, 0x73a3,
0x8bc2, 0xdd61, 0xcd03, 0xbc63, 0xbc42, 0xb403, 0xa3e2, 0xb442, 0xb4a3, 0x6c04, 0x8c24, 0x8bc3, 0xbca2, 0xedc3, 0xb462, 0xac82,
0x9ca3, 0x8424, 0xb402, 0xd523, 0xfec4, 0xd522, 0xc461, 0xa3e2, 0x93e3, 0xb462, 0x8c23, 0x7404, 0x73c3, 0x8ba3, 0xcc82, 0xbc22,
0xb422, 0xb422, 0xa3c2, 0xa402, 0xac22, 0xb441, 0xf643, 0xf623, 0xd501, 0xb422, 0xa402, 0x9c43, 0x8c04, 0xb462, 0xbc81, 0x9403,
0x7be4, 0x8c03, 0xb442, 0xd4a1, 0xb442, 0xa442, 0xdce2, 0x9be3, 0x8bc3, 0xb463, 0xb442, 0xac01, 0xd542, 0xfea5, 0xd501, 0xabe2,
0x7b84, 0x9c03, 0xc483, 0x8444, 0x8464, 0xcca2, 0xc442, 0x93e3, 0x8424, 0x7c64, 0x8c04, 0xac02, 0xabe2, 0xcce2, 0xf6a4, 0xc4c1,

/* -107- */
0x09c7, 0x1227, 0x3b67, 0x43a6, 0x2ac6, 0x1a27, 0x09e8, 0x1267, 0x2b07, 0x6465, 0x3b46, 0x09c8, 0x0a07, 0x1247, 0x3346, 0x2b06,
0x1207, 0x1227, 0x22a7, 0x3325, 0x3325, 0x22c6, 0x2286, 0x11e7, 0x1207, 0x11e7, 0x1207, 0x22e7, 0x5c87, 0x7d47, 0x4be7, 0x22c6,
0x1247, 0x1228, 0x1249, 0x09c7, 0x0186, 0x1227, 0x22a6, 0x22c6, 0x22a6, 0x2246, 0x09a6, 0x09c7, 0x1a27, 0x1247, 0x3306, 0x32c6,
0x0a07, 0x1a67, 0x3327, 0x3b46, 0x3b25, 0x1247, 0x0a28, 0x3307, 0x4ba6, 0x7485, 0x5c05, 0x4ba6, 0x43a6, 0x43c7, 0x1a88, 0x0a28,
0x2b48, 0x2b48, 0x2307, 0x2327, 0x2b67, 0x7d28, 0x8528, 0x32e7, 0x2286, 0x1226, 0x0a07, 0x1247, 0x1227, 0x1228, 0x6406, 0x6426,
0x3329, 0x2ae9, 0x2ae8, 0x43a9, 0x5c69, 0x95ae, 0x7ccc, 0x644b, 0x850f, 0x9d91, 0x3349, 0x0a87, 0x4408, 0x6cc8, 0x8d26, 0x74a6,
0x22e8, 0x3348, 0x5407, 0x4386, 0x3325, 0x1a86, 0x0a08, 0x1248, 0x1227, 0x09c7, 0x09c7, 0x2267, 0x3307, 0x53e6, 0x5c26, 0x6446,
0x7486, 0x53c7, 0x4346, 0x3b67, 0x1ae7, 0x12c7, 0x4366, 0xac83, 0xc524, 0xb504, 0x5c26, 0x4c06, 0x63a5, 0x6b84, 0x7ba4, 0x9c03,
0xc461, 0xc461, 0xac02, 0x73e4, 0x7c24, 0xa423, 0x9c03, 0x6bc4, 0x7c03, 0xa3e2, 0xa3e2, 0xd4e2, 0xe583, 0xcca2, 0xa403, 0x83c4,
0x93e3, 0x93e3, 0x8404, 0x9423, 0x9403, 0x7ba4, 0x7ba4, 0x83c4, 0xac22, 0xc482, 0xccc2, 0xdd62, 0xd4e2, 0x9c03, 0x7ba4, 0x73a4,
0x5ba4, 0x9403, 0xb403, 0xac02, 0xc4a2, 0xf643, 0xe5a3, 0xa3c1, 0x9bc2, 0x83e3, 0x6be3, 0x9be2, 0xa3e1, 0xabe1, 0xdd42, 0xe582,
0xc482, 0xac02, 0x93c3, 0x9424, 0x9c64, 0xbca3, 0xaca3, 0x3be6, 0x43e5, 0x7c64, 0x8464, 0x43c6, 0x33a6, 0x5c26, 0x43e6, 0x53e5,
0xb402, 0xabe3, 0x8be3, 0x5bc4, 0x3ba5, 0x9443, 0xbc42, 0xbc41, 0xd522, 0xf684, 0xccc2, 0xac02, 0xac02, 0x73e5, 0x5bc5, 0x8bc3,
0x93c3, 0x83a3, 0xac23, 0xac43, 0x9403, 0x9403, 0xa3e2, 0xbc42, 0xd522, 0xee03, 0xd523, 0xb422, 0xb422, 0x7be4, 0x9c63, 0xb483,
0x9424, 0x93e3, 0x93c3, 0x9403, 0x8c23, 0x9be2, 0x9bc2, 0x93a2, 0xa3e2, 0xb422, 0xdda3, 0xf623, 0xcca2, 0xa3e1, 0x73c4, 0x73e3,
0x9c21, 0xc4a1, 0xbc62, 0xb423, 0xbc42, 0xb402, 0xa3c2, 0xa403, 0x9444, 0x6c05, 0x7404, 0x8be4, 0xb462, 0xd502, 0xb462, 0x9443,
0x7c44, 0x8404, 0xabe2, 0xc4c2, 0xe5c2, 0xccc2, 0xbc22, 0xac02, 0x93e3, 0x8c44, 0x7404, 0x6405, 0x7be4, 0x8be3, 0xbc42, 0xb422,
0xbc41, 0xb422, 0x9bc2, 0x9be3, 0x9c03, 0xac42, 0xdd62, 0xe582, 0xcce1, 0xac02, 0x93c3, 0x7be4, 0x8c03, 0xbc62, 0x9c03, 0x7383,
0x7be3, 0x9403, 0xbc62, 0xaca3, 0x9463, 0xa462, 0xcc82, 0xac22, 0x9403, 0x9423, 0x9403, 0xac02, 0xd502, 0xedc3, 0xc481, 0x9bc2,
0x7ba4, 0x8be4, 0x9c03, 0x73e4, 0x73e4, 0xac22, 0xb402, 0xa3c3, 0x7c04, 0x6c05, 0x73e4, 0x9be3, 0xb402, 0xc462, 0xdda2, 0xcca1,
0xbc41, 0xb442, 0xbc62, 0x9c23, 0x7be4, 0xac23, 0xc442, 0x9424, 0x6424, 0x6405, 0x8404, 0xac23, 0xac02, 0xac02, 0xcd02, 0xe5a3,
0xd503, 0xbc42, 0x9c03, 0x83e4, 0x8404, 0x83e3, 0xa402, 0xa401, 0xc4a2, 0xee23, 0xbc82, 0x9bc2, 0x9bc3, 0xbc42, 0xbc62, 0x9463,
0x6c45, 0x43e6, 0x6c45, 0x8c84, 0x4bc5, 0x3386, 0x2347, 0x43c6, 0x7486, 0x2b67, 0x2b46, 0x9423, 0xa423, 0x8c43, 0x6c25, 0x53e6,
0x6be4, 0x93e2, 0xe5c4, 0xede4, 0xd502, 0xa3e3, 0x8bc3, 0x9c03, 0x9424, 0x7404, 0x7404, 0x9444, 0xac22, 0xb422, 0x9403, 0x73a4,
0x5ba4, 0x6bc4, 0xa3e2, 0xb422, 0xbc61, 0xe5a4, 0xe563, 0xb422, 0x8bc3, 0x7be3, 0x93c3, 0x8ba3, 0x83c4, 0x8c43, 0xa4a3, 0xac63,
0x9444, 0x8424, 0xa3e3, 0xc482, 0xe5a2, 0xd502, 0xabe2, 0xa3e3, 0xa3e3, 0xbc63, 0xa424, 0x83e5, 0x73e5, 0x73e5, 0xc4e6, 0xdd46,
0xe5c9, 0x848b, 0x12e7, 0x3bc7, 0x6ca7, 0x6cc7, 0x5427, 0x1aa7, 0x2327, 0x5c68, 0x43a8, 0x1247, 0x09e6, 0x09e6, 0x4bc8, 0x4be7,
0x2b48, 0x2b67, 0x3386, 0x3ba7, 0x43c7, 0x5c06, 0x4b85, 0x22c7, 0x1a67, 0x01c8, 0x2b08, 0x64a6, 0x64a6, 0x64a7, 0x3307, 0x1a66,
0x0a07, 0x1247, 0x1a67, 0x22a7, 0x1aa7, 0x0a08, 0x0a08, 0x0228, 0x22e7, 0x5427, 0x2ae7, 0x01a7, 0x09e7, 0x0a07, 0x3347, 0x3346,
0x1207, 0x09e7, 0x09e7, 0x09e7, 0x09c6, 0x2ac6, 0x2ae6, 0x2ac6, 0x2ae6, 0x3b66, 0x22c7, 0x1247, 0x1248, 0x0a48, 0x43a7, 0x6486,
0x6ca6, 0x3ba7, 0x2b47, 0x2308, 0x0a07, 0x0a27, 0x22e7, 0x3ba6, 0x3347, 0x1288, 0x22e7, 0x4ba5, 0x5c25, 0x5c45, 0x5c45, 0x5426,
0x6c86, 0x9d25, 0x6425, 0x6c24, 0x6c24, 0x3b25, 0x1247, 0x2307, 0x43e6, 0x6465, 0x3326, 0x0a07, 0x0a28, 0x0a28, 0x0a28, 0x22c7,
0x3b66, 0x22e6, 0x01e7, 0x1287, 0x3b86, 0x7484, 0x84c4, 0x5c05, 0x3326, 0x12a7, 0x3b85, 0x6c24, 0xa503, 0xf602, 0xb4e2, 0x6c84,
0x6464, 0x5426, 0x7c65, 0xbc83, 0xb443, 0x73e5, 0x5be6, 0x53e6, 0x7c44, 0x9483, 0x9483, 0xd583, 0xf643, 0x9c83, 0x8c43, 0x6405,
0x4385, 0x6be4, 0xc4c2, 0x7c24, 0x53c5, 0x5bc5, 0x5be5, 0x7404, 0x8423, 0x9422, 0xcd63, 0xf644, 0xd501, 0xaca2, 0x7445, 0x5c05,
0x53e5, 0x4ba5, 0x63e5, 0xac61, 0x8c23, 0x3386, 0x6c65, 0xa4a2, 0xd501, 0xf603, 0xc522, 0x7c84, 0x6445, 0x6c25, 0x8c64, 0x53a4,
0x4b64, 0x9c02, 0xcce2, 0xbcc3, 0xbca3, 0xccc2, 0x8c24, 0x4b85, 0x2b86, 0x5426, 0x9ce4, 0x5406, 0x2367, 0x43e6, 0x2be8, 0x3406,
0xa4a3, 0x9c43, 0x73e4, 0x4bc5, 0x33c6, 0x9c43, 0xb421, 0xa3e2, 0xc4c2, 0xf684, 0xd523, 0xbc22, 0xac23, 0xac43, 0xa423, 0x8404,
0x7405, 0x9444, 0xac23, 0xb402, 0x9c02, 0x63e4, 0x8424, 0xbc62, 0xc482, 0xcca2, 0xe5c3, 0xe5e4, 0xb402, 0xabe2, 0x93c3, 0x73c4,
0x4365, 0x5ba5, 0x9465, 0xd585, 0xcd45, 0xa445, 0x7be5, 0x2b05, 0x3386, 0x5468, 0x74ec, 0x9570, 0x43c9, 0x53e6, 0xa483, 0x6bc5,
0x12a6, 0x3b27, 0x952f, 0x9d92, 0x9db2, 0x6c6d, 0x53cb, 0x850b, 0x7ccd, 0xadd5, 0x7490, 0x09c6, 0x11c7, 0x09e7, 0x1227, 0x1a67,
0x22c7, 0x1ac7, 0x1268, 0x2b47, 0x5447, 0x64a7, 0x5c66, 0x3b87, 0x3b66, 0x43a5, 0x2ae6, 0x1228, 0x1248, 0x1227, 0x43c7, 0x43e7,
0x12a8, 0x1268, 0x1267, 0x3346, 0x4c07, 0x3348, 0x3348, 0x2ac7, 0x3326, 0x4bc6, 0x43a7, 0x43a7, 0x1a67, 0x09e7, 0x1a86, 0x1a87,
0x1288, 0x22e8, 0x2328, 0x2b46, 0x2b26, 0x1a47, 0x1207, 0x2b27, 0x22e7, 0x1227, 0x09c6, 0x09c6, 0x09e6, 0x1226, 0x4386, 0x3b66,
0x22e6, 0x22a6, 0x0a07, 0x2b26, 0x3b85, 0x09e7, 0x09c8, 0x0a07, 0x1247, 0x3366, 0x3ba6, 0x43a6, 0x2327, 0x0a68, 0x1228, 0x09e8,
0x09c7, 0x1227, 0x3b67, 0x43a6, 0x2ac6, 0x1a27, 0x09e8, 0x1267, 0x2b07, 0x6465, 0x3b46, 0x09c8, 0x0a07, 0x1247, 0x3346, 0x2b06,
0x1207, 0x1227, 0x22a7, 0x3325, 0x3325, 0x22c6, 0x2286, 0x11e7, 0x1207, 0x11e7, 0x1207, 0x22e7, 0x5c87, 0x7d47, 0x4be7, 0x22c6,
0x1247, 0x1228, 0x1249, 0x09c7, 0x0186, 0x1227, 0x22a6, 0x22c6, 0x22a6, 0x2246, 0x09a6, 0x09c7, 0x1a27, 0x1247, 0x3306, 0x32c6,
0x0a07, 0x1a67, 0x3327, 0x3b46, 0x3b25, 0x1247, 0x0a28, 0x3307, 0x4ba6, 0x7485, 0x5c05, 0x4ba6, 0x43a6, 0x43c7, 0x1a88, 0x0a28,
0x2b48, 0x2b48, 0x2307, 0x2327, 0x2b67, 0x7d28, 0x8528, 0x32e7, 0x2286, 0x1226, 0x0a07, 0x1247, 0x1227, 0x1228, 0x6406, 0x6426,
0x3329, 0x2ae9, 0x2ae8, 0x43a9, 0x5c69, 0x95ae, 0x7ccc, 0x644b, 0x850f, 0x9d91, 0x3349, 0x0a87, 0x4408, 0x6cc8, 0x8d26, 0x74a6,
0x22e8, 0x3348, 0x5407, 0x4386, 0x3325, 0x1a86, 0x0a08, 0x1248, 0x1227, 0x09c7, 0x09c7, 0x2267, 0x3307, 0x53e6, 0x5c26, 0x6446,
0x7486, 0x53c7, 0x4346, 0x3b67, 0x1ae7, 0x12c7, 0x4366, 0xac83, 0xc524, 0xb504, 0x5c26, 0x4c06, 0x63a5, 0x6b84, 0x7ba4, 0x9c03,
0xc461, 0xc461, 0xac02, 0x73e4, 0x7c24, 0xa423, 0x9c03, 0x6bc4, 0x7c03, 0xa3e2, 0xa3e2, 0xd4e2, 0xe583, 0xcca2, 0xa403, 0x83c4,
0x93e3, 0x93e3, 0x8404, 0x9423, 0x9403, 0x7ba4, 0x7ba4, 0x83c4, 0xac22, 0xc482, 0xccc2, 0xdd62, 0xd4e2, 0x9c03, 0x7ba4, 0x73a4,
0x5ba4, 0x9403, 0xb403, 0xac02, 0xc4a2, 0xf643, 0xe5a3, 0xa3c1, 0x9bc2, 0x83e3, 0x6be3, 0x9be2, 0xa3e1, 0xabe1, 0xdd42, 0xe582,
0xc482, 0xac02, 0x93c3, 0x9424, 0x9c64, 0xbca3, 0xaca3, 0x3be6, 0x43e5, 0x7c64, 0x8464, 0x43c6, 0x33a6, 0x5c26, 0x43e6, 0x53e5,
0xb402, 0xabe3, 0x8be3, 0x5bc4, 0x3ba5, 0x9443, 0xbc42, 0xbc41, 0xd522, 0xf684, 0xccc2, 0xac02, 0xac02, 0x73e5, 0x5bc5, 0x8bc3,
0x93c3, 0x83a3, 0xac23, 0xac43, 0x9403, 0x9403, 0xa3e2, 0xbc42, 0xd522, 0xee03, 0xd523, 0xb422, 0xb422, 0x7be4, 0x9c63, 0xb483,
0x9424, 0x93e3, 0x93c3, 0x9403, 0x8c23, 0x9be2, 0x9bc2, 0x93a2, 0xa3e2, 0xb422, 0xdda3, 0xf623, 0xcca2, 0xa3e1, 0x73c4, 0x73e3,
0x9c21, 0xc4a1, 0xbc62, 0xb423, 0xbc42, 0xb402, 0xa3c2, 0xa403, 0x9444, 0x6c05, 0x7404, 0x8be4, 0xb462, 0xd502, 0xb462, 0x9443,
0x7c44, 0x8404, 0xabe2, 0xc4c2, 0xe5c2, 0xccc2, 0xbc22, 0xac02, 0x93e3, 0x8c44, 0x7404, 0x6405, 0x7be4, 0x8be3, 0xbc42, 0xb422,
0xbc41, 0xb422, 0x9bc2, 0x9be3, 0x9c03, 0xac42, 0xdd62, 0xe582, 0xcce1, 0xac02, 0x93c3, 0x7be4, 0x8c03, 0xbc62, 0x9c03, 0x7383,
0x7be3, 0x9403, 0xbc62, 0xaca3, 0x9463, 0xa462, 0xcc82, 0xac22, 0x9403, 0x9423, 0x9403, 0xac02, 0xd502, 0xedc3, 0xc481, 0x9bc2,
0x7ba4, 0x8be4, 0x9c03, 0x73e4, 0x73e4, 0xac22, 0xb402, 0xa3c3, 0x7c04, 0x6c05, 0x73e4, 0x9be3, 0xb402, 0xc462, 0xdda2, 0xcca1,

/* -108- */
0x09c6, 0x09c6, 0x09e7, 0x2b05, 0x3ba4, 0x1a86, 0x09e8, 0x01e7, 0x1246, 0x43c5, 0x3326, 0x09e7, 0x09e7, 0x0a07, 0x1aa6, 0x1267,
0x0a07, 0x1247, 0x1aa7, 0x1aa6, 0x1a46, 0x09c7, 0x11c6, 0x11e7, 0x1227, 0x1a87, 0x09e7, 0x1aa7, 0x5447, 0x5c87, 0x5ca6, 0x3346,
0x09c7, 0x0a08, 0x09e7, 0x09e7, 0x09e7, 0x1aa6, 0x3b65, 0x2ae5, 0x09c6, 0x09a6, 0x11e6, 0x1a47, 0x3327, 0x2b07, 0x1268, 0x0a27,
0x0a27, 0x1267, 0x1267, 0x22a6, 0x2ae6, 0x0a48, 0x12c8, 0x5446, 0x5c45, 0x5c24, 0x2b06, 0x0a48, 0x0a28, 0x01e8, 0x1a87, 0x1a87,
0x1247, 0x1246, 0x1266, 0x22c7, 0x2b47, 0x3ba8, 0x3348, 0x01c7, 0x1247, 0x2327, 0x12a7, 0x0a28, 0x1268, 0x22c8, 0x53c5, 0x4ba6,
0x1ae8, 0x22e8, 0x4388, 0x43c8, 0x4c08, 0x2306, 0x542b, 0x8d71, 0x3309, 0x1a87, 0x22e7, 0x22e8, 0x5c89, 0x7509, 0x3b67, 0x3367,
0x3387, 0x3347, 0x22a7, 0x2ae7, 0x3365, 0x1aa7, 0x0a28, 0x0a28, 0x1227, 0x1a87, 0x2287, 0x43c7, 0x5c87, 0x3326, 0x1247, 0x22a7,
0x53c6, 0x3b47, 0x0a48, 0x1ae7, 0x33a7, 0x2b47, 0x5be6, 0xbd24, 0x9ca4, 0x7425, 0x33a6, 0x2b86, 0x3386, 0x3366, 0x6bc4, 0xac22,
0xa3c2, 0xabc1, 0xabe1, 0x93e3, 0x5c05, 0x6405, 0x73e4, 0x6bc4, 0x7be3, 0xa3c2, 0xa3c2, 0xbc42, 0xcca2, 0xbc62, 0xa402, 0x93c3,
0x83a3, 0x8be3, 0x9403, 0x9403, 0x73c4, 0x83c3, 0x93c3, 0x93e3, 0xac23, 0xa3e2, 0xbc42, 0xe562, 0xccc1, 0x9bc2, 0x7b83, 0x6ba4,
0x63e4, 0x73e3, 0xa3c2, 0xac03, 0xb442, 0xdd82, 0xd522, 0x9ba2, 0x8b82, 0x83a3, 0x6be3, 0x83e2, 0x9bc2, 0xabe2, 0xcca2, 0xcca1,
0xc462, 0xac22, 0x93e3, 0x5405, 0x5c45, 0xa4c4, 0xa4c4, 0x5c45, 0x43e5, 0x33a6, 0x6c25, 0x3b86, 0x2b66, 0x43a6, 0x4bc6, 0x7c04,
0x93e3, 0x6be4, 0x2ba5, 0x5c45, 0x8cc3, 0x9c63, 0xa402, 0xa3e2, 0xbc62, 0xe5a1, 0xb442, 0xabe3, 0xa3e3, 0x7be4, 0x7bc4, 0x8bc3,
0x93e3, 0x93e3, 0x8be3, 0x6be4, 0x5be4, 0x7c04, 0xac22, 0xb442, 0xc462, 0xdd22, 0xc4a2, 0x9bc2, 0x9be2, 0x8be3, 0x9443, 0x9444,
0x73c4, 0x8bc3, 0x9be3, 0x8404, 0x5c05, 0x9402, 0x93e2, 0x73a3, 0x93c3, 0xac02, 0xccc2, 0xdd42, 0xc482, 0xb421, 0x7be4, 0x6c24,
0xa461, 0xa442, 0xb462, 0xb442, 0xb422, 0xb402, 0xabe2, 0x8bc3, 0x73c4, 0x73e4, 0x5bc5, 0x7c25, 0xac43, 0xbc62, 0xc481, 0x8c23,
0x6be4, 0x83e4, 0xa3c3, 0xbc62, 0xd4e1, 0xcca1, 0xb402, 0xabe2, 0x9c02, 0x8404, 0x7404, 0x63e5, 0x83e4, 0x93e3, 0x9c02, 0xa423,
0xac22, 0xac02, 0x9be2, 0x93c3, 0x93e3, 0xac43, 0xbc82, 0xd501, 0xcce2, 0xa3e2, 0x8bc3, 0x7ba3, 0x9403, 0xac42, 0x8be3, 0x6b84,
0x8c03, 0xac22, 0xbc62, 0x7444, 0x6c44, 0x9c23, 0xb422, 0xbc42, 0x9403, 0x6bc3, 0x83c3, 0xac21, 0xd4e2, 0xdd02, 0x9bc2, 0x8ba3,
0x83c4, 0x83e4, 0x73e3, 0x73e4, 0x73e4, 0x83c3, 0xabc2, 0xb3c2, 0x83e3, 0x63e5, 0x63c5, 0x83e3, 0xb422, 0xbc22, 0xc481, 0xccc1,
0xbc41, 0xb422, 0xac02, 0x93e3, 0x83e4, 0xac03, 0xbc22, 0x7c24, 0x4be5, 0x5c05, 0x8404, 0x8be3, 0x9be2, 0xabe2, 0xac02, 0xb442,
0xcca2, 0xbc62, 0x9c02, 0x83a3, 0x83a3, 0x83c3, 0x83c3, 0x93c2, 0xb442, 0xdd21, 0xbc62, 0xac02, 0x9c03, 0x6405, 0x5c05, 0x7c44,
0x8463, 0x5bc5, 0x4385, 0x4385, 0x5c05, 0x3b86, 0x1b07, 0x3367, 0x5406, 0x2347, 0x3b86, 0x7c04, 0x6be5, 0x53c5, 0x6c25, 0x7444,
0x8c03, 0xa402, 0xd502, 0xd4e2, 0xbc42, 0x8bc3, 0x7384, 0x83e4, 0x9424, 0x7404, 0x63c5, 0x9403, 0xac02, 0xa3e2, 0x73e4, 0x6384,
0x63c4, 0x7c04, 0xa3c3, 0xb442, 0xc4a1, 0xd4c2, 0xc441, 0xac02, 0x93c2, 0x7383, 0x7bc3, 0x93c3, 0x93e3, 0x9423, 0x9423, 0x9c23,
0x73e4, 0x6be4, 0x9bc2, 0xbc42, 0xd4e1, 0xc482, 0xabe2, 0xa3e2, 0xa403, 0x8c03, 0x8424, 0x6c46, 0x3be6, 0x4386, 0xa486, 0xaca6,
0xc54a, 0xb5ab, 0x2ba9, 0x2388, 0x2ba7, 0x0aa8, 0x1287, 0x1ae8, 0x33a9, 0x5c69, 0x3bc9, 0x2348, 0x1248, 0x0a47, 0x1ac7, 0x2307,
0x3387, 0x3ba7, 0x1ac7, 0x3ba7, 0x4be7, 0x2ae7, 0x2ac6, 0x0a28, 0x1247, 0x1aa7, 0x3368, 0x4c08, 0x4c08, 0x4be7, 0x4c07, 0x22c6,
0x09e7, 0x1227, 0x1267, 0x3ba7, 0x43c6, 0x1268, 0x0a28, 0x0a28, 0x1aa8, 0x22e7, 0x1227, 0x09e7, 0x09e7, 0x09e7, 0x1227, 0x0a07,
0x09e7, 0x09e7, 0x0a07, 0x1247, 0x1a67, 0x1247, 0x01c7, 0x09e6, 0x0a06, 0x1246, 0x1aa7, 0x1ac7, 0x1aa8, 0x12a8, 0x0a48, 0x12a8,
0x3bc6, 0x43c6, 0x3bc7, 0x3387, 0x09e7, 0x0a07, 0x0a27, 0x0a27, 0x1267, 0x1ac7, 0x2b07, 0x53c5, 0x43a5, 0x3b86, 0x5425, 0x5c46,
0x5446, 0x4c26, 0x5c45, 0x5c25, 0x3b86, 0x22e7, 0x2b07, 0x2307, 0x2b47, 0x43c5, 0x22e7, 0x1267, 0x0a27, 0x0a07, 0x1a87, 0x22a6,
0x1a66, 0x0a05, 0x0a26, 0x43a7, 0x5c87, 0x5c66, 0x6c85, 0x1b07, 0x0ae8, 0x2b86, 0x43c5, 0x7464, 0x9d04, 0xdd61, 0x9ca2, 0x6444,
0x5c25, 0x5426, 0x4c07, 0x9c43, 0xa402, 0x4b86, 0x53e6, 0x5c26, 0x6425, 0x7c44, 0x8464, 0xc502, 0xf5c2, 0x8485, 0x6425, 0x6c25,
0x5be5, 0x7c04, 0xb4a2, 0x7424, 0x43a5, 0x53a5, 0x63e4, 0x53a5, 0x63e5, 0x7c24, 0xb4e4, 0xeda3, 0xb482, 0x9c63, 0x8c84, 0x5be5,
0x53c5, 0x5be5, 0x6405, 0x9463, 0x8443, 0x4be6, 0x3be6, 0x8c63, 0xcce2, 0xe561, 0xa4a2, 0x7444, 0x7445, 0x7c24, 0x5be5, 0x53c5,
0x5ba4, 0x83e3, 0xb462, 0x8c44, 0x5c06, 0x8444, 0x9c63, 0x63c5, 0x3366, 0x3386, 0x6425, 0x43c6, 0x2347, 0x2ba7, 0x2be7, 0x6c85,
0x9463, 0x63c4, 0x1b05, 0x4bc5, 0x7443, 0x8403, 0x93c2, 0x9bc2, 0xbc82, 0xee03, 0xc4c3, 0xb403, 0xa403, 0x9404, 0x9c43, 0x7c04,
0x8c65, 0xac64, 0x9be3, 0x9be3, 0x8c03, 0x6c04, 0x6be4, 0xa402, 0xbc22, 0xb402, 0xd502, 0xd4e2, 0xb402, 0xb402, 0x63a4, 0x4ba5,
0x5be5, 0x53c5, 0x4ba5, 0xd5c7, 0xdda6, 0x7386, 0x7be5, 0x2b45, 0x33e7, 0x5d0a, 0x33c9, 0x2368, 0x3ba7, 0x4bc7, 0x53e6, 0x3b66,
0x1a86, 0x2b06, 0x22e6, 0x1aa5, 0x0a23, 0x74ef, 0xe79a, 0x9dd1, 0x3327, 0x0206, 0x0a47, 0x1248, 0x0a07, 0x0a27, 0x22c7, 0x22e7,
0x2b47, 0x1b28, 0x0a88, 0x33a8, 0x4447, 0x3388, 0x2b47, 0x22c7, 0x2b06, 0x5405, 0x3326, 0x1227, 0x1247, 0x1a47, 0x2ae6, 0x22c7,
0x1247, 0x1247, 0x1267, 0x22a6, 0x22e7, 0x22e8, 0x1ae8, 0x3368, 0x3366, 0x1aa5, 0x1246, 0x09e7, 0x0a07, 0x0a07, 0x09c6, 0x01c6,
0x1227, 0x2b47, 0x2ba7, 0x1a66, 0x09a6, 0x09a6, 0x1206, 0x1aa6, 0x22e6, 0x2286, 0x09a6, 0x1226, 0x22c7, 0x2b07, 0x43c6, 0x2b07,
0x0a07, 0x0a27, 0x1227, 0x0a26, 0x09e6, 0x09e7, 0x09e7, 0x1a86, 0x22e6, 0x1266, 0x1226, 0x22e6, 0x1267, 0x0a27, 0x09c7, 0x09a6,
0x09c6, 0x09c6, 0x09e7, 0x2b05, 0x3ba4, 0x1a86, 0x09e8, 0x01e7, 0x1246, 0x43c5, 0x3326, 0x09e7, 0x09e7, 0x0a07, 0x1aa6, 0x1267,
0x0a07, 0x1247, 0x1aa7, 0x1aa6, 0x1a46, 0x09c7, 0x11c6, 0x11e7, 0x1227, 0x1a87, 0x09e7, 0x1aa7, 0x5447, 0x5c87, 0x5ca6, 0x3346,
0x09c7, 0x0a08, 0x09e7, 0x09e7, 0x09e7, 0x1aa6, 0x3b65, 0x2ae5, 0x09c6, 0x09a6, 0x11e6, 0x1a47, 0x3327, 0x2b07, 0x1268, 0x0a27,
0x0a27, 0x1267, 0x1267, 0x22a6, 0x2ae6, 0x0a48, 0x12c8, 0x5446, 0x5c45, 0x5c24, 0x2b06, 0x0a48, 0x0a28, 0x01e8, 0x1a87, 0x1a87,
0x1247, 0x1246, 0x1266, 0x22c7, 0x2b47, 0x3ba8, 0x3348, 0x01c7, 0x1247, 0x2327, 0x12a7, 0x0a28, 0x1268, 0x22c8, 0x53c5, 0x4ba6,
0x1ae8, 0x22e8, 0x4388, 0x43c8, 0x4c08, 0x2306, 0x542b, 0x8d71, 0x3309, 0x1a87, 0x22e7, 0x22e8, 0x5c89, 0x7509, 0x3b67, 0x3367,
0x3387, 0x3347, 0x22a7, 0x2ae7, 0x3365, 0x1aa7, 0x0a28, 0x0a28, 0x1227, 0x1a87, 0x2287, 0x43c7, 0x5c87, 0x3326, 0x1247, 0x22a7,
0x53c6, 0x3b47, 0x0a48, 0x1ae7, 0x33a7, 0x2b47, 0x5be6, 0xbd24, 0x9ca4, 0x7425, 0x33a6, 0x2b86, 0x3386, 0x3366, 0x6bc4, 0xac22,
0xa3c2, 0xabc1, 0xabe1, 0x93e3, 0x5c05, 0x6405, 0x73e4, 0x6bc4, 0x7be3, 0xa3c2, 0xa3c2, 0xbc42, 0xcca2, 0xbc62, 0xa402, 0x93c3,
0x83a3, 0x8be3, 0x9403, 0x9403, 0x73c4, 0x83c3, 0x93c3, 0x93e3, 0xac23, 0xa3e2, 0xbc42, 0xe562, 0xccc1, 0x9bc2, 0x7b83, 0x6ba4,
0x63e4, 0x73e3, 0xa3c2, 0xac03, 0xb442, 0xdd82, 0xd522, 0x9ba2, 0x8b82, 0x83a3, 0x6be3, 0x83e2, 0x9bc2, 0xabe2, 0xcca2, 0xcca1,
0xc462, 0xac22, 0x93e3, 0x5405, 0x5c45, 0xa4c4, 0xa4c4, 0x5c45, 0x43e5, 0x33a6, 0x6c25, 0x3b86, 0x2b66, 0x43a6, 0x4bc6, 0x7c04,
0x93e3, 0x6be4, 0x2ba5, 0x5c45, 0x8cc3, 0x9c63, 0xa402, 0xa3e2, 0xbc62, 0xe5a1, 0xb442, 0xabe3, 0xa3e3, 0x7be4, 0x7bc4, 0x8bc3,
0x93e3, 0x93e3, 0x8be3, 0x6be4, 0x5be4, 0x7c04, 0xac22, 0xb442, 0xc462, 0xdd22, 0xc4a2, 0x9bc2, 0x9be2, 0x8be3, 0x9443, 0x9444,
0x73c4, 0x8bc3, 0x9be3, 0x8404, 0x5c05, 0x9402, 0x93e2, 0x73a3, 0x93c3, 0xac02, 0xccc2, 0xdd42, 0xc482, 0xb421, 0x7be4, 0x6c24,
0xa461, 0xa442, 0xb462, 0xb442, 0xb422, 0xb402, 0xabe2, 0x8bc3, 0x73c4, 0x73e4, 0x5bc5, 0x7c25, 0xac43, 0xbc62, 0xc481, 0x8c23,
0x6be4, 0x83e4, 0xa3c3, 0xbc62, 0xd4e1, 0xcca1, 0xb402, 0xabe2, 0x9c02, 0x8404, 0x7404, 0x63e5, 0x83e4, 0x93e3, 0x9c02, 0xa423,
0xac22, 0xac02, 0x9be2, 0x93c3, 0x93e3, 0xac43, 0xbc82, 0xd501, 0xcce2, 0xa3e2, 0x8bc3, 0x7ba3, 0x9403, 0xac42, 0x8be3, 0x6b84,
0x8c03, 0xac22, 0xbc62, 0x7444, 0x6c44, 0x9c23, 0xb422, 0xbc42, 0x9403, 0x6bc3, 0x83c3, 0xac21, 0xd4e2, 0xdd02, 0x9bc2, 0x8ba3,
0x83c4, 0x83e4, 0x73e3, 0x73e4, 0x73e4, 0x83c3, 0xabc2, 0xb3c2, 0x83e3, 0x63e5, 0x63c5, 0x83e3, 0xb422, 0xbc22, 0xc481, 0xccc1,

/* -109- */
0x01a6, 0x09a6, 0x09e6, 0x09c6, 0x09c6, 0x09a6, 0x09c7, 0x0a26, 0x0a46, 0x09e6, 0x09c6, 0x09c7, 0x0a06, 0x1266, 0x1246, 0x1226,
0x1226, 0x1226, 0x0a26, 0x09e6, 0x09c6, 0x09c6, 0x09e6, 0x1226, 0x1a66, 0x22c6, 0x1a87, 0x0207, 0x2b07, 0x5467, 0x2b47, 0x0a07,
0x09c7, 0x09e7, 0x09e7, 0x09e7, 0x0a07, 0x22e6, 0x3325, 0x2ac5, 0x1207, 0x09c7, 0x2286, 0x3b26, 0x3327, 0x22c7, 0x0a07, 0x09e7,
0x1247, 0x1aa7, 0x3b85, 0x2b06, 0x1247, 0x1288, 0x1ac8, 0x4be6, 0x5425, 0x2b06, 0x1267, 0x09e8, 0x09e7, 0x09e7, 0x2ae6, 0x3326,
0x2b07, 0x3306, 0x4b86, 0x3326, 0x09e6, 0x09c6, 0x09e7, 0x09e7, 0x1a87, 0x33a6, 0x2327, 0x0a28, 0x1ac8, 0x3b86, 0x4bc5, 0x43a5,
0x2b28, 0x2308, 0x2ae7, 0x2b27, 0x3347, 0x2b28, 0x22c8, 0x2ac9, 0x2ae9, 0x22a8, 0x43a8, 0x43e8, 0x1a87, 0x1227, 0x1247, 0x1a87,
0x1a87, 0x22c8, 0x3367, 0x3b87, 0x2b26, 0x1267, 0x0a08, 0x0208, 0x1287, 0x43a6, 0x43e6, 0x4c27, 0x43c7, 0x22c7, 0x1267, 0x1aa7,
0x2b07, 0x1a87, 0x1267, 0x1ae7, 0x4be6, 0x6c46, 0x6c05, 0x7404, 0x4b85, 0x1b27, 0x2346, 0x2b46, 0x2326, 0x5385, 0x83c3, 0x93c2,
0x9ba2, 0xabe2, 0xa3c2, 0x83a3, 0x5c05, 0x63e5, 0x6be5, 0x53a5, 0x7be3, 0xa3e2, 0xa3e2, 0xbc42, 0xd4e3, 0xa3e2, 0x9bc2, 0x93c3,
0x83a3, 0x8bc3, 0x63e5, 0x5be5, 0x8be4, 0x9be3, 0xa403, 0x93e3, 0x8bc3, 0xa3e2, 0xbc42, 0xe562, 0xbca2, 0x8ba3, 0x8ba3, 0x73c4,
0x53c5, 0x6be4, 0xa402, 0xa3e2, 0xac02, 0xd582, 0xd522, 0xa3c2, 0x8b82, 0x7bc3, 0x6be3, 0x7be3, 0x8be3, 0xac03, 0xc482, 0xcca1,
0xc4a2, 0xac22, 0x9be2, 0x5bc5, 0x53e5, 0x8485, 0x8ca5, 0x8cc4, 0x6c45, 0x2326, 0x3366, 0x3366, 0x3386, 0x6406, 0x3367, 0x2367,
0x3bc6, 0x3be6, 0x7c83, 0x8ca3, 0x8ca3, 0x9463, 0x9be3, 0xa3c2, 0xbc62, 0xe5a2, 0xb442, 0xa3e2, 0xa403, 0x6be5, 0x6be5, 0x93e3,
0xa402, 0xa403, 0x5364, 0x4b85, 0x7404, 0x7c04, 0xac22, 0xbc42, 0xb421, 0xdd02, 0xc482, 0x93a2, 0x9bc3, 0x93e3, 0x83e4, 0x73e4,
0x73c4, 0x8bc3, 0x93e3, 0x7be4, 0x53c5, 0x8c03, 0x7c04, 0x73c4, 0x9ba2, 0x9ba2, 0xc4a2, 0xeda2, 0xcca2, 0xb421, 0x8be3, 0x6c24,
0x6c44, 0x9cc3, 0xbc82, 0xbc22, 0xb402, 0xa3e3, 0xa3c2, 0x83a3, 0x63a4, 0x6bc4, 0x5ba5, 0x5be5, 0x9424, 0xb443, 0xb461, 0x8c23,
0x7bc4, 0x93c3, 0x9ba3, 0xb442, 0xd501, 0xd502, 0xb402, 0xa3e2, 0x93e3, 0x8c03, 0x7c04, 0x7405, 0x8404, 0x8be4, 0x93e3, 0x9403,
0xb442, 0x93e3, 0x93c3, 0x93c3, 0x93c3, 0xac23, 0xc4a2, 0xdd22, 0xcce2, 0x9ba2, 0x8ba3, 0x8be3, 0x8be3, 0x73c4, 0x7c03, 0x6be3,
0x9c02, 0xac02, 0xb442, 0x6c04, 0x53c5, 0x83e3, 0xac02, 0xbc42, 0x9c03, 0x6bc3, 0x83e3, 0xbc41, 0xd502, 0xdd42, 0x9be3, 0x83a3,
0x73a4, 0x83e4, 0x83e3, 0x7be4, 0x7be3, 0x83e3, 0x9be3, 0xa3a2, 0x8ba3, 0x6bc4, 0x5385, 0x83c4, 0xac02, 0xac02, 0xc482, 0xd502,
0xc482, 0xb442, 0xac23, 0x9be3, 0x93e3, 0x9be3, 0x9be3, 0x6c04, 0x5405, 0x6be4, 0x7c04, 0x7404, 0x93e2, 0xb3e2, 0xac02, 0xb422,
0xcca1, 0xbc61, 0x93c3, 0x8ba3, 0x83a3, 0x83c3, 0x7be4, 0x93e3, 0xb422, 0xd501, 0xb442, 0xac02, 0xa403, 0x6c05, 0x43e5, 0x4be5,
0x7444, 0x8443, 0x5385, 0x1ae6, 0x4385, 0x3b66, 0x1ae7, 0x2b47, 0x33a7, 0x33a7, 0x4be7, 0x6426, 0x6c25, 0x7c04, 0x7c24, 0x7404,
0x83c3, 0xa402, 0xd522, 0xcce2, 0xa3e2, 0x8bc3, 0x7384, 0x83e4, 0x8c04, 0x63c4, 0x5ba5, 0x8bc3, 0xac02, 0xa422, 0x6c04, 0x63c4,
0x7be4, 0x7bc4, 0x93a4, 0xb422, 0xc481, 0xd4e2, 0xcc81, 0xa3e2, 0x93a2, 0x8ba3, 0x73a3, 0x73a3, 0x8be3, 0x9c22, 0x9403, 0x7bc3,
0x6bc4, 0x73e4, 0xa3e2, 0xb442, 0xbc62, 0xb422, 0xabe2, 0xa3e2, 0x9c03, 0x53c5, 0x43e6, 0x4426, 0x4c46, 0x6405, 0x7b85, 0x73c5,
0x4b45, 0x2ae6, 0x2bc9, 0x2368, 0x12c7, 0x1267, 0x1227, 0x2b8a, 0x3c0a, 0x43c8, 0x3bc8, 0x22e8, 0x09e7, 0x0a27, 0x1aa6, 0x22c6,
0x1ac7, 0x2307, 0x1ac7, 0x0a27, 0x0a07, 0x01e7, 0x09e7, 0x0a08, 0x22a7, 0x43a6, 0x43a7, 0x3b88, 0x3348, 0x3b87, 0x4c27, 0x22e7,
0x01e7, 0x0a07, 0x1267, 0x2b26, 0x3326, 0x0a27, 0x0a08, 0x0a28, 0x0a27, 0x0a26, 0x09e7, 0x09c7, 0x09c7, 0x09c7, 0x09c7, 0x09c7,
0x0a07, 0x1226, 0x0a07, 0x0a07, 0x09e7, 0x09c7, 0x09c7, 0x0a06, 0x1226, 0x0a27, 0x1248, 0x1a87, 0x2b07, 0x1ac8, 0x0a28, 0x0a48,
0x1267, 0x1ac6, 0x3387, 0x2b47, 0x09e7, 0x09e7, 0x0a07, 0x1207, 0x1a87, 0x2b07, 0x3327, 0x2b26, 0x1ac7, 0x2b27, 0x5426, 0x5c46,
0x5c46, 0x5446, 0x43c6, 0x2b27, 0x2307, 0x2b47, 0x3347, 0x1aa7, 0x1287, 0x22e6, 0x22e6, 0x1aa7, 0x0a27, 0x09e7, 0x22e6, 0x2b05,
0x1266, 0x22a5, 0x4366, 0x5c27, 0x5427, 0x2b48, 0x02a9, 0x1308, 0x4407, 0x6ca4, 0x6c65, 0x5c25, 0x8cc5, 0xeda2, 0x9482, 0x5405,
0x33c6, 0x4c27, 0x4c47, 0x8c44, 0x9c22, 0x53c6, 0x43a6, 0x43a7, 0x5c05, 0x8444, 0x7444, 0xb4c2, 0xf602, 0x8ca4, 0x6c45, 0x5c05,
0x5be5, 0x8c44, 0xb4c2, 0x6c05, 0x3386, 0x3b85, 0x5bc5, 0x6c04, 0x7404, 0x6c04, 0x9ce4, 0xeda4, 0xbca2, 0xac83, 0x9cc4, 0x5be5,
0x3366, 0x5c06, 0x6c45, 0x8c83, 0x7c44, 0x4bc6, 0x43c6, 0x7c23, 0xc4c2, 0xe561, 0x9443, 0x73e4, 0x8404, 0x8404, 0x63e5, 0x5c05,
0x63e5, 0x6be4, 0xc4a2, 0x9c83, 0x5c45, 0x5446, 0x4c06, 0x6446, 0x4be6, 0x0ac6, 0x3bc6, 0x3386, 0x2307, 0x3386, 0x5405, 0x53e5,
0x3387, 0x43a6, 0x8443, 0x7c44, 0x7c63, 0x7c03, 0x83a3, 0x9ba2, 0xbc82, 0xee02, 0xc4c3, 0xac03, 0xac03, 0x9c03, 0xa462, 0x8424,
0x7c25, 0x9c44, 0xa3e2, 0x8be3, 0x7404, 0x6c05, 0x73e4, 0xa3e3, 0xa3e2, 0xa3c2, 0xdd02, 0xdd02, 0xabe2, 0xac01, 0x5ba4, 0x4b85,
0x4bc6, 0x53e6, 0x4bc6, 0x8d27, 0xb5a7, 0xcdc9, 0xace7, 0x6364, 0x43c6, 0x2ba8, 0x2b48, 0x2328, 0x3367, 0x3b86, 0x4ba6, 0x43a6,
0x3347, 0x1246, 0x1207, 0x1a66, 0x1a85, 0x74ce, 0xae34, 0xd714, 0xadef, 0x0a47, 0x1248, 0x0a07, 0x0a28, 0x0a28, 0x22e6, 0x22e7,
0x1288, 0x1ae8, 0x33c8, 0x33a7, 0x33a7, 0x2308, 0x1269, 0x2b28, 0x43a7, 0x4bc6, 0x22a6, 0x01a6, 0x1a47, 0x22c7, 0x3325, 0x2ae6,
0x0a07, 0x0a07, 0x1267, 0x22a6, 0x2ae6, 0x2ae6, 0x2b07, 0x1287, 0x1a86, 0x22e5, 0x1246, 0x09c7, 0x09e7, 0x0a06, 0x09e6, 0x09a6,
0x09e6, 0x22a5, 0x1265, 0x0a07, 0x09e6, 0x09c6, 0x09c6, 0x1266, 0x1aa6, 0x1a66, 0x09c6, 0x1207, 0x3347, 0x43e7, 0x3ba7, 0x2ae7,
0x0a08, 0x0a07, 0x09e7, 0x09c6, 0x09c7, 0x09e7, 0x09e7, 0x1ac6, 0x2b06, 0x1246, 0x09c6, 0x09c6, 0x09c7, 0x09a6, 0x09a6, 0x09a6,
0x01a6, 0x09a6, 0x09e6, 0x09c6, 0x09c6, 0x09a6, 0x09c7, 0x0a26, 0x0a46, 0x09e6, 0x09c6, 0x09c7, 0x0a06, 0x1266, 0x1246, 0x1226,
0x1226, 0x1226, 0x0a26, 0x09e6, 0x09c6, 0x09c6, 0x09e6, 0x1226, 0x1a66, 0x22c6, 0x1a87, 0x0207, 0x2b07, 0x5467, 0x2b47, 0x0a07,
0x09c7, 0x09e7, 0x09e7, 0x09e7, 0x0a07, 0x22e6, 0x3325, 0x2ac5, 0x1207, 0x09c7, 0x2286, 0x3b26, 0x3327, 0x22c7, 0x0a07, 0x09e7,
0x1247, 0x1aa7, 0x3b85, 0x2b06, 0x1247, 0x1288, 0x1ac8, 0x4be6, 0x5425, 0x2b06, 0x1267, 0x09e8, 0x09e7, 0x09e7, 0x2ae6, 0x3326,
0x2b07, 0x3306, 0x4b86, 0x3326, 0x09e6, 0x09c6, 0x09e7, 0x09e7, 0x1a87, 0x33a6, 0x2327, 0x0a28, 0x1ac8, 0x3b86, 0x4bc5, 0x43a5,
0x2b28, 0x2308, 0x2ae7, 0x2b27, 0x3347, 0x2b28, 0x22c8, 0x2ac9, 0x2ae9, 0x22a8, 0x43a8, 0x43e8, 0x1a87, 0x1227, 0x1247, 0x1a87,
0x1a87, 0x22c8, 0x3367, 0x3b87, 0x2b26, 0x1267, 0x0a08, 0x0208, 0x1287, 0x43a6, 0x43e6, 0x4c27, 0x43c7, 0x22c7, 0x1267, 0x1aa7,
0x2b07, 0x1a87, 0x1267, 0x1ae7, 0x4be6, 0x6c46, 0x6c05, 0x7404, 0x4b85, 0x1b27, 0x2346, 0x2b46, 0x2326, 0x5385, 0x83c3, 0x93c2,
0x9ba2, 0xabe2, 0xa3c2, 0x83a3, 0x5c05, 0x63e5, 0x6be5, 0x53a5, 0x7be3, 0xa3e2, 0xa3e2, 0xbc42, 0xd4e3, 0xa3e2, 0x9bc2, 0x93c3,
0x83a3, 0x8bc3, 0x63e5, 0x5be5, 0x8be4, 0x9be3, 0xa403, 0x93e3, 0x8bc3, 0xa3e2, 0xbc42, 0xe562, 0xbca2, 0x8ba3, 0x8ba3, 0x73c4,
0x53c5, 0x6be4, 0xa402, 0xa3e2, 0xac02, 0xd582, 0xd522, 0xa3c2, 0x8b82, 0x7bc3, 0x6be3, 0x7be3, 0x8be3, 0xac03, 0xc482, 0xcca1,
0xc4a2, 0xac22, 0x9be2, 0x5bc5, 0x53e5, 0x8485, 0x8ca5, 0x8cc4, 0x6c45, 0x2326, 0x3366, 0x3366, 0x3386, 0x6406, 0x3367, 0x2367,
0x3bc6, 0x3be6, 0x7c83, 0x8ca3, 0x8ca3, 0x9463, 0x9be3, 0xa3c2, 0xbc62, 0xe5a2, 0xb442, 0xa3e2, 0xa403, 0x6be5, 0x6be5, 0x93e3,
0xa402, 0xa403, 0x5364, 0x4b85, 0x7404, 0x7c04, 0xac22, 0xbc42, 0xb421, 0xdd02, 0xc482, 0x93a2, 0x9bc3, 0x93e3, 0x83e4, 0x73e4,
0x73c4, 0x8bc3, 0x93e3, 0x7be4, 0x53c5, 0x8c03, 0x7c04, 0x73c4, 0x9ba2, 0x9ba2, 0xc4a2, 0xeda2, 0xcca2, 0xb421, 0x8be3, 0x6c24,
0x6c44, 0x9cc3, 0xbc82, 0xbc22, 0xb402, 0xa3e3, 0xa3c2, 0x83a3, 0x63a4, 0x6bc4, 0x5ba5, 0x5be5, 0x9424, 0xb443, 0xb461, 0x8c23,
0x7bc4, 0x93c3, 0x9ba3, 0xb442, 0xd501, 0xd502, 0xb402, 0xa3e2, 0x93e3, 0x8c03, 0x7c04, 0x7405, 0x8404, 0x8be4, 0x93e3, 0x9403,
0xb442, 0x93e3, 0x93c3, 0x93c3, 0x93c3, 0xac23, 0xc4a2, 0xdd22, 0xcce2, 0x9ba2, 0x8ba3, 0x8be3, 0x8be3, 0x73c4, 0x7c03, 0x6be3,
0x9c02, 0xac02, 0xb442, 0x6c04, 0x53c5, 0x83e3, 0xac02, 0xbc42, 0x9c03, 0x6bc3, 0x83e3, 0xbc41, 0xd502, 0xdd42, 0x9be3, 0x83a3,
0x73a4, 0x83e4, 0x83e3, 0x7be4, 0x7be3, 0x83e3, 0x9be3, 0xa3a2, 0x8ba3, 0x6bc4, 0x5385, 0x83c4, 0xac02, 0xac02, 0xc482, 0xd502,

/* -110- */
0x0986, 0x09a6, 0x09c6, 0x0986, 0x0986, 0x09a6, 0x09a6, 0x0a06, 0x0a06, 0x09a6, 0x09a7, 0x09c7, 0x0a06, 0x1266, 0x1246, 0x1226,
0x1226, 0x1206, 0x0a06, 0x09e7, 0x09c7, 0x09c7, 0x09c7, 0x09c6, 0x09e6, 0x1206, 0x0a06, 0x09e6, 0x1a86, 0x3366, 0x1aa7, 0x09c7,
0x09c7, 0x09c7, 0x09e7, 0x09e7, 0x0a27, 0x1246, 0x1266, 0x2286, 0x1227, 0x1248, 0x32e6, 0x3b25, 0x22a6, 0x09e7, 0x09c7, 0x09c7,
0x1226, 0x22a6, 0x43c6, 0x2b26, 0x0a07, 0x0a27, 0x0a28, 0x1a67, 0x22c7, 0x1ac7, 0x0a67, 0x09e8, 0x09e7, 0x09e7, 0x22c6, 0x2b26,
0x2ae6, 0x3326, 0x53c6, 0x3b66, 0x09e6, 0x09a6, 0x09c7, 0x09e7, 0x1227, 0x1ac7, 0x1a87, 0x0a08, 0x22e7, 0x4be6, 0x4ba5, 0x4386,
0x22c7, 0x22e8, 0x3347, 0x2b27, 0x2b27, 0x2b07, 0x2288, 0x2288, 0x2288, 0x3308, 0x43a8, 0x3ba7, 0x1a47, 0x1227, 0x2266, 0x2267,
0x1a67, 0x22a8, 0x3367, 0x3387, 0x1247, 0x0a07, 0x0a07, 0x0a28, 0x1aa7, 0x3366, 0x2b46, 0x1ae7, 0x3ba7, 0x43c7, 0x22c7, 0x0a07,
0x09e7, 0x09e7, 0x1267, 0x1a86, 0x4ba6, 0x7465, 0x5bc5, 0x2286, 0x22e6, 0x3b66, 0x4386, 0x4346, 0x4326, 0x6b44, 0x9be2, 0x9be2,
0x93a2, 0xac02, 0x9ba2, 0x7b83, 0x5c25, 0x7424, 0x63c5, 0x5b85, 0x83e3, 0xa3c2, 0x9ba2, 0xb422, 0xccc3, 0xabe2, 0x93c3, 0x6bc4,
0x7ba3, 0x8ba2, 0x5be5, 0x5be5, 0x93e3, 0x9be3, 0x9c03, 0x93e3, 0x8ba3, 0x9ba2, 0xb422, 0xdd42, 0xb462, 0x7b63, 0x93c3, 0x73c4,
0x53c5, 0x6bc4, 0xa3e3, 0xa3c3, 0x9ba3, 0xac02, 0xc4a2, 0xa3c2, 0x8b62, 0x63c4, 0x63e4, 0x7be3, 0x8be3, 0xabe2, 0xcca1, 0xcca2,
0x9c03, 0x9be3, 0x9bc3, 0x9ba3, 0x7ba4, 0x4385, 0x4be6, 0x7c85, 0x6445, 0x2326, 0x2b06, 0x2306, 0x3367, 0x43c7, 0x2b27, 0x3367,
0x6444, 0x6444, 0x6c24, 0x8443, 0x9c63, 0x93e3, 0x8bc3, 0xa3e2, 0xbc82, 0xe5a2, 0xbc62, 0xa3c2, 0x9be3, 0x6ba5, 0x53a5, 0x8be4,
0xa403, 0xa403, 0x4b65, 0x4365, 0x83e4, 0x83e4, 0xa402, 0xb422, 0xb422, 0xd4c2, 0xbc62, 0x93a2, 0x9bc3, 0x93e3, 0x83e4, 0x7be4,
0x73a4, 0x8bc3, 0x73a4, 0x5385, 0x5ba5, 0x9be3, 0x7be4, 0x7be4, 0x9bc3, 0x93a2, 0xc4a2, 0xeda2, 0xccc2, 0xabe2, 0x83c3, 0x6404,
0x6c44, 0x8443, 0xbc62, 0xc442, 0xabe2, 0x93a3, 0x93a3, 0x83a3, 0x5365, 0x4b65, 0x6bc5, 0x5ba5, 0x83e4, 0xb403, 0xa402, 0x8be3,
0x83c4, 0x8bc4, 0x9bc3, 0xabe2, 0xb422, 0xd522, 0xb422, 0x93a3, 0x73a4, 0x5bc5, 0x7c25, 0x7405, 0x63c5, 0x4b65, 0x8be4, 0x9c03,
0xac22, 0x8bc3, 0x8bc3, 0x93c3, 0x93c3, 0x93a3, 0xbc82, 0xdd21, 0xcce2, 0x9bc3, 0x93c3, 0x8bc3, 0x93e3, 0x6bc4, 0x3b86, 0x6be4,
0xac02, 0xa403, 0xa422, 0x6be4, 0x53a5, 0x7bc3, 0xa3e3, 0xc442, 0xa403, 0x6bc3, 0x83e3, 0xbc61, 0xd4e2, 0xc482, 0x9be2, 0x7bc4,
0x53a5, 0x63c4, 0xa3c3, 0x7b63, 0x7ba3, 0x83c3, 0x83c3, 0xa3a3, 0x9ba3, 0x7bc4, 0x6bc4, 0x8bc3, 0x9bc3, 0xa402, 0xbc62, 0xccc2,
0xc482, 0xb462, 0x83e4, 0x9be3, 0xa3e3, 0x93c3, 0x83c3, 0x5ba4, 0x5bc4, 0x7ba3, 0x83c3, 0x6bc4, 0x8bc3, 0xa3e2, 0xa3e2, 0xb422,
0xc482, 0xb422, 0x9bc2, 0x83a3, 0x73c4, 0x8404, 0x73e5, 0x9c03, 0xb441, 0xd4c0, 0xac02, 0x9bc3, 0x9be3, 0x9bc3, 0x73a4, 0x4b85,
0x3346, 0x7424, 0x63e4, 0x4385, 0x3b66, 0x3346, 0x22c7, 0x22e8, 0x2b88, 0x5c26, 0x5c27, 0x5c46, 0x5c46, 0x5ba5, 0x9403, 0x93c2,
0x8b83, 0x93a3, 0xcce2, 0xccc2, 0xa3e2, 0x93c3, 0x73a4, 0x63a4, 0x4ba5, 0x7ba4, 0x6364, 0x7b84, 0xa3e2, 0x9c23, 0x6425, 0x6c05,
0x83e4, 0x7ba4, 0x8b83, 0xa3e3, 0xac02, 0xc482, 0xcca1, 0xa402, 0x93a3, 0x8ba3, 0x6ba3, 0x73a3, 0x93c3, 0x9be3, 0x8bc3, 0x7ba3,
0x7bc3, 0x7be3, 0x9403, 0xac42, 0xbc62, 0xb422, 0xa403, 0x9be3, 0x83e3, 0x6b84, 0x4345, 0x33c6, 0x4c26, 0x6405, 0x5345, 0x5345,
0x4b24, 0x3b25, 0x2bc8, 0x2ba7, 0x2307, 0x1268, 0x1228, 0x2b8a, 0x3ba8, 0x3325, 0x1246, 0x0a07, 0x09c7, 0x09e6, 0x3345, 0x3b45,
0x1aa6, 0x2307, 0x1267, 0x09c7, 0x01c6, 0x09e7, 0x09e7, 0x01a7, 0x1a67, 0x43a6, 0x4387, 0x3328, 0x22c8, 0x2b27, 0x43a7, 0x22e7,
0x0a08, 0x0a07, 0x1267, 0x1267, 0x1a86, 0x1227, 0x09e7, 0x09e7, 0x09e7, 0x09c7, 0x09c7, 0x09c7, 0x09a7, 0x09c7, 0x09c7, 0x09c7,
0x1a46, 0x1a66, 0x0a06, 0x09e7, 0x09c6, 0x09c6, 0x09c7, 0x0a07, 0x0a27, 0x09e8, 0x1248, 0x2b06, 0x2b26, 0x1a87, 0x0a08, 0x0a27,
0x1a86, 0x22c6, 0x2307, 0x22e7, 0x09e7, 0x0a07, 0x0a07, 0x09e7, 0x1227, 0x1268, 0x22c7, 0x2307, 0x2327, 0x3327, 0x3366, 0x5426,
0x5c46, 0x5405, 0x4be6, 0x22c6, 0x0a47, 0x1ac7, 0x2b47, 0x2307, 0x1287, 0x0a07, 0x1227, 0x1266, 0x1227, 0x09e8, 0x1227, 0x1267,
0x1aa6, 0x3b46, 0x4ba6, 0x22c7, 0x22a7, 0x1aa7, 0x0a68, 0x3bc7, 0x5446, 0x6465, 0x6465, 0x5c25, 0x7c85, 0xe582, 0x8c42, 0x43a5,
0x2b66, 0x3be7, 0x4427, 0x8444, 0x9c43, 0x4366, 0x3367, 0x3387, 0x5c05, 0x8c63, 0x6c24, 0x9ca3, 0xf603, 0x8ca4, 0x6405, 0x53e6,
0x6c05, 0x9444, 0xaca3, 0x6c05, 0x3b86, 0x2306, 0x3b66, 0x7425, 0x6c05, 0x6404, 0x8c84, 0xcd03, 0xc4a2, 0xa4a3, 0x7c85, 0x53e6,
0x2346, 0x5be5, 0x7445, 0x63e5, 0x53a5, 0x2306, 0x3b85, 0x7c24, 0xb4c3, 0xe581, 0x9c63, 0x73e3, 0x63c4, 0x3b66, 0x63e5, 0x6c04,
0x4ba5, 0x3b65, 0xbca3, 0xc4a2, 0x9c63, 0x4be5, 0x3bc6, 0x5c46, 0x5426, 0x3387, 0x3386, 0x22e7, 0x0a67, 0x2306, 0x6c24, 0x63e4,
0x2b66, 0x4bc5, 0x9483, 0x8c83, 0x6c24, 0x7c03, 0x8bc3, 0x9be2, 0xbc82, 0xe5a2, 0xccc2, 0xac03, 0x9c03, 0x9424, 0xac63, 0x7c04,
0x53a5, 0x7be4, 0xabe3, 0x7bc4, 0x63e5, 0x7404, 0x8404, 0x93a3, 0x9bc3, 0xa3e2, 0xc481, 0xc4a1, 0xabe2, 0xa3e2, 0x5ba4, 0x4ba5,
0x33a6, 0x43c7, 0x5c46, 0x2ba7, 0x4c27, 0xc5c9, 0xb507, 0xabe2, 0x6365, 0x0a66, 0x1ac7, 0x1ac7, 0x3b67, 0x4ba7, 0x53e6, 0x43a6,
0x3347, 0x1a67, 0x1247, 0x22e7, 0x3326, 0x1a88, 0x1a69, 0x852c, 0x7d2b, 0x01e6, 0x09e7, 0x09e7, 0x09e7, 0x09e7, 0x1266, 0x1286,
0x0a07, 0x1287, 0x2b47, 0x2306, 0x22e6, 0x1267, 0x1228, 0x0a28, 0x2b27, 0x4c06, 0x1aa7, 0x01e7, 0x1247, 0x1aa7, 0x2b06, 0x22c6,
0x0a07, 0x0a07, 0x1267, 0x1a86, 0x2286, 0x2ac6, 0x2ae6, 0x22a7, 0x1246, 0x0a06, 0x09c7, 0x01a7, 0x09e6, 0x0a26, 0x09e6, 0x09c6,
0x09e6, 0x1a65, 0x1266, 0x09e7, 0x09c6, 0x09c6, 0x09c7, 0x1267, 0x1267, 0x0a06, 0x09c6, 0x09c6, 0x3326, 0x3b87, 0x2b07, 0x1a67,
0x09c7, 0x09c7, 0x09c7, 0x09c7, 0x09a6, 0x09c6, 0x09e7, 0x1a66, 0x1a85, 0x1206, 0x09c6, 0x09e6, 0x09a6, 0x09a6, 0x09a6, 0x09a6,
0x0986, 0x09a6, 0x09c6, 0x0986, 0x0986, 0x09a6, 0x09a6, 0x0a06, 0x0a06, 0x09a6, 0x09a7, 0x09c7, 0x0a06, 0x1266, 0x1246, 0x1226,
0x1226, 0x1206, 0x0a06, 0x09e7, 0x09c7, 0x09c7, 0x09c7, 0x09c6, 0x09e6, 0x1206, 0x0a06, 0x09e6, 0x1a86, 0x3366, 0x1aa7, 0x09c7,
0x09c7, 0x09c7, 0x09e7, 0x09e7, 0x0a27, 0x1246, 0x1266, 0x2286, 0x1227, 0x1248, 0x32e6, 0x3b25, 0x22a6, 0x09e7, 0x09c7, 0x09c7,
0x1226, 0x22a6, 0x43c6, 0x2b26, 0x0a07, 0x0a27, 0x0a28, 0x1a67, 0x22c7, 0x1ac7, 0x0a67, 0x09e8, 0x09e7, 0x09e7, 0x22c6, 0x2b26,
0x2ae6, 0x3326, 0x53c6, 0x3b66, 0x09e6, 0x09a6, 0x09c7, 0x09e7, 0x1227, 0x1ac7, 0x1a87, 0x0a08, 0x22e7, 0x4be6, 0x4ba5, 0x4386,
0x22c7, 0x22e8, 0x3347, 0x2b27, 0x2b27, 0x2b07, 0x2288, 0x2288, 0x2288, 0x3308, 0x43a8, 0x3ba7, 0x1a47, 0x1227, 0x2266, 0x2267,
0x1a67, 0x22a8, 0x3367, 0x3387, 0x1247, 0x0a07, 0x0a07, 0x0a28, 0x1aa7, 0x3366, 0x2b46, 0x1ae7, 0x3ba7, 0x43c7, 0x22c7, 0x0a07,
0x09e7, 0x09e7, 0x1267, 0x1a86, 0x4ba6, 0x7465, 0x5bc5, 0x2286, 0x22e6, 0x3b66, 0x4386, 0x4346, 0x4326, 0x6b44, 0x9be2, 0x9be2,
0x93a2, 0xac02, 0x9ba2, 0x7b83, 0x5c25, 0x7424, 0x63c5, 0x5b85, 0x83e3, 0xa3c2, 0x9ba2, 0xb422, 0xccc3, 0xabe2, 0x93c3, 0x6bc4,
0x7ba3, 0x8ba2, 0x5be5, 0x5be5, 0x93e3, 0x9be3, 0x9c03, 0x93e3, 0x8ba3, 0x9ba2, 0xb422, 0xdd42, 0xb462, 0x7b63, 0x93c3, 0x73c4,
0x53c5, 0x6bc4, 0xa3e3, 0xa3c3, 0x9ba3, 0xac02, 0xc4a2, 0xa3c2, 0x8b62, 0x63c4, 0x63e4, 0x7be3, 0x8be3, 0xabe2, 0xcca1, 0xcca2,
0x9c03, 0x9be3, 0x9bc3, 0x9ba3, 0x7ba4, 0x4385, 0x4be6, 0x7c85, 0x6445, 0x2326, 0x2b06, 0x2306, 0x3367, 0x43c7, 0x2b27, 0x3367,
0x6444, 0x6444, 0x6c24, 0x8443, 0x9c63, 0x93e3, 0x8bc3, 0xa3e2, 0xbc82, 0xe5a2, 0xbc62, 0xa3c2, 0x9be3, 0x6ba5, 0x53a5, 0x8be4,
0xa403, 0xa403, 0x4b65, 0x4365, 0x83e4, 0x83e4, 0xa402, 0xb422, 0xb422, 0xd4c2, 0xbc62, 0x93a2, 0x9bc3, 0x93e3, 0x83e4, 0x7be4,
0x73a4, 0x8bc3, 0x73a4, 0x5385, 0x5ba5, 0x9be3, 0x7be4, 0x7be4, 0x9bc3, 0x93a2, 0xc4a2, 0xeda2, 0xccc2, 0xabe2, 0x83c3, 0x6404,
0x6c44, 0x8443, 0xbc62, 0xc442, 0xabe2, 0x93a3, 0x93a3, 0x83a3, 0x5365, 0x4b65, 0x6bc5, 0x5ba5, 0x83e4, 0xb403, 0xa402, 0x8be3,
0x83c4, 0x8bc4, 0x9bc3, 0xabe2, 0xb422, 0xd522, 0xb422, 0x93a3, 0x73a4, 0x5bc5, 0x7c25, 0x7405, 0x63c5, 0x4b65, 0x8be4, 0x9c03,
0xac22, 0x8bc3, 0x8bc3, 0x93c3, 0x93c3, 0x93a3, 0xbc82, 0xdd21, 0xcce2, 0x9bc3, 0x93c3, 0x8bc3, 0x93e3, 0x6bc4, 0x3b86, 0x6be4,
0xac02, 0xa403, 0xa422, 0x6be4, 0x53a5, 0x7bc3, 0xa3e3, 0xc442, 0xa403, 0x6bc3, 0x83e3, 0xbc61, 0xd4e2, 0xc482, 0x9be2, 0x7bc4,
0x53a5, 0x63c4, 0xa3c3, 0x7b63, 0x7ba3, 0x83c3, 0x83c3, 0xa3a3, 0x9ba3, 0x7bc4, 0x6bc4, 0x8bc3, 0x9bc3, 0xa402, 0xbc62, 0xccc2,

/* -111- */
0x0986, 0x09a6, 0x09a6, 0x09a6, 0x0986, 0x0986, 0x0986, 0x0986, 0x09a6, 0x09a6, 0x09a7, 0x09a7, 0x0a07, 0x1247, 0x1246, 0x09e7,
0x09c6, 0x09e6, 0x09e6, 0x09c6, 0x09a6, 0x09a7, 0x09a7, 0x09a6, 0x09a6, 0x09a6, 0x09c6, 0x09e6, 0x09e6, 0x09c6, 0x09a6, 0x09a7,
0x09c7, 0x09c7, 0x09e7, 0x09e7, 0x09e6, 0x09e7, 0x09e7, 0x09e7, 0x09e7, 0x1247, 0x2b07, 0x22c6, 0x1a46, 0x09a7, 0x09c6, 0x09c7,
0x1226, 0x1a87, 0x22c7, 0x1a67, 0x1207, 0x09e7, 0x09e7, 0x09e7, 0x1227, 0x2307, 0x1247, 0x09a7, 0x09e7, 0x0a47, 0x1246, 0x1247,
0x1247, 0x1a87, 0x2b07, 0x1a67, 0x09c6, 0x09c6, 0x09c7, 0x09c7, 0x09e7, 0x09c7, 0x09c7, 0x09a7, 0x22a7, 0x3b67, 0x43a6, 0x2ae7,
0x1227, 0x22c7, 0x3347, 0x22e7, 0x1a67, 0x1227, 0x1207, 0x3326, 0x4bc6, 0x53e6, 0x2266, 0x1207, 0x1a27, 0x1a67, 0x5406, 0x43a6,
0x1207, 0x11e7, 0x22e7, 0x1b07, 0x1227, 0x09e7, 0x09e7, 0x0a48, 0x12a7, 0x22e6, 0x0a27, 0x01e8, 0x3347, 0x3b87, 0x1247, 0x09c7,
0x09e6, 0x09c6, 0x1227, 0x4ba6, 0x6426, 0x32e6, 0x2246, 0x09e6, 0x3306, 0x5c25, 0x3ac7, 0x32a7, 0x42e6, 0x7b43, 0x6364, 0x3b25,
0x7b83, 0xac02, 0xa3e2, 0x7be3, 0x4c06, 0x7424, 0x7404, 0x3b65, 0x5b85, 0xa3c3, 0x9bc2, 0xac03, 0xabe2, 0xabc2, 0x93e3, 0x5bc5,
0x5ba4, 0x5384, 0x4bc5, 0x6c05, 0x93c3, 0x93e3, 0x5bc5, 0x73c4, 0x93a3, 0xa3c2, 0xbc42, 0xcca1, 0xac02, 0x7ba4, 0x7bc4, 0x5bc5,
0x4b85, 0x6384, 0xa3c3, 0xa3a3, 0x9b83, 0xabe2, 0xbc42, 0xa3c2, 0x8383, 0x63c4, 0x5bc4, 0x6be4, 0x7bc3, 0xabe2, 0xbc42, 0xc481,
0x9c03, 0x93e3, 0xa3c3, 0xaba2, 0x9383, 0x3305, 0x2306, 0x6c65, 0x6c45, 0x2b26, 0x1aa6, 0x0a26, 0x2b07, 0x43c7, 0x2b47, 0x3b87,
0x6444, 0x6444, 0x3346, 0x3b26, 0x93c3, 0x9bc2, 0x9bc3, 0xa3e2, 0xbc62, 0xdd62, 0xbc62, 0x9bc3, 0x5b85, 0x4b85, 0x5b85, 0x93e3,
0xa403, 0xa423, 0x4365, 0x3b45, 0x8be4, 0x8be4, 0x6bc4, 0x8be3, 0xb402, 0xbc42, 0xa403, 0x9bc3, 0x93e3, 0x4365, 0x73e5, 0x8c04,
0x6364, 0x5b44, 0x5ba5, 0x4b65, 0x5b64, 0x9bc3, 0x93e3, 0x83c4, 0x83c3, 0x9bc3, 0xbc62, 0xdd21, 0xd4e2, 0xa3c2, 0x8be3, 0x5c04,
0x53e4, 0x8bc3, 0xac22, 0xc421, 0xb402, 0x8383, 0x63a5, 0x5b85, 0x4b85, 0x5b85, 0x73c5, 0x4ba5, 0x7be4, 0xbc22, 0xac02, 0x93e3,
0x63a4, 0x6384, 0xa3e3, 0xabe2, 0xb402, 0xd4e2, 0xbc42, 0x93c3, 0x6385, 0x43a6, 0x8425, 0x7c05, 0x5365, 0x3ae5, 0x6385, 0x9be3,
0xb422, 0x83c4, 0x4b45, 0x83c4, 0x9be3, 0x93a3, 0xbc82, 0xcce1, 0xb442, 0xa3e3, 0x9be3, 0x8be3, 0x5be5, 0x3b65, 0x3ba6, 0x8404,
0xb422, 0x93e4, 0x9c03, 0x6bc4, 0x4b85, 0x6b84, 0x9bc3, 0xcc62, 0x9c23, 0x4bc4, 0x73e3, 0xcc82, 0xccc2, 0xa3e2, 0x9be2, 0x6bc4,
0x3365, 0x63a4, 0xaba3, 0x8b63, 0x8b83, 0x93c3, 0x8ba3, 0x9ba3, 0x73c4, 0x4bc4, 0x7be3, 0x8bc3, 0x63a4, 0x83c3, 0xac23, 0xc4a2,
0xc482, 0x9c03, 0x73a4, 0x9be3, 0xb403, 0x6364, 0x3346, 0x4b85, 0x6ba4, 0x8383, 0x7ba3, 0x7384, 0x6364, 0x5b65, 0x9be2, 0xbc42,
0xc462, 0xac02, 0xa3e2, 0x7bc4, 0x4be5, 0x4ba5, 0x6be5, 0xa403, 0xb402, 0xb402, 0x9bc2, 0x93e3, 0x93c3, 0x9383, 0xab82, 0x7323,
0x12a6, 0x3326, 0x53c5, 0x6404, 0x2b26, 0x1aa7, 0x1268, 0x2308, 0x3387, 0x6c86, 0x53e6, 0x1ae7, 0x3b86, 0x8c03, 0x8bc2, 0x8b82,
0x9383, 0x9383, 0xc4a2, 0xc4a2, 0x9bc2, 0x73a4, 0x6384, 0x3b65, 0x3345, 0x83a3, 0x6364, 0x6365, 0x9c03, 0x9c43, 0x4406, 0x4be6,
0x83c4, 0x7ba4, 0x5ba5, 0x7ba4, 0xabe2, 0xbc62, 0xcca1, 0xac02, 0x8384, 0x4ba5, 0x53c5, 0x8383, 0x9383, 0x9bc3, 0x73a4, 0x7b83,
0x8ba3, 0x83c3, 0x5bc4, 0x9403, 0xcc81, 0xac42, 0x83e4, 0x73c5, 0x73c4, 0x8c23, 0x6b64, 0x1a26, 0x3b67, 0x6486, 0x5c65, 0x3326,
0x1248, 0x1a88, 0x1248, 0x3367, 0x4c06, 0x0a07, 0x09e7, 0x1269, 0x2b07, 0x43c5, 0x1a66, 0x09c7, 0x09c7, 0x11e7, 0x4386, 0x3346,
0x09e7, 0x1227, 0x1227, 0x09e7, 0x09e7, 0x09c7, 0x09c7, 0x01a7, 0x1247, 0x3327, 0x22a7, 0x1228, 0x3367, 0x3b86, 0x1248, 0x1207,
0x09e7, 0x09e7, 0x09e7, 0x09e7, 0x0a06, 0x0a07, 0x09e7, 0x09c7, 0x09c7, 0x09a7, 0x09a7, 0x09a7, 0x09a7, 0x09c7, 0x09c7, 0x09c7,
0x1a47, 0x1a86, 0x09e7, 0x09c7, 0x09a7, 0x09c7, 0x09c7, 0x09c7, 0x09c7, 0x09c7, 0x0a07, 0x1267, 0x1267, 0x0a07, 0x0a07, 0x1206,
0x1a46, 0x1aa5, 0x1247, 0x0a07, 0x09e7, 0x09e7, 0x09e7, 0x09e7, 0x0a07, 0x0a28, 0x3b66, 0x43a6, 0x1267, 0x1247, 0x22e7, 0x43a6,
0x5426, 0x5426, 0x22c7, 0x1247, 0x1247, 0x1aa7, 0x2b26, 0x1a67, 0x09e7, 0x09c7, 0x1206, 0x1265, 0x1226, 0x09e7, 0x09c7, 0x1227,
0x2b46, 0x3b66, 0x22a7, 0x0a08, 0x09e8, 0x1a87, 0x3346, 0x43e6, 0x3367, 0x22c7, 0x6446, 0x6425, 0x7445, 0xbce2, 0x8c63, 0x43a5,
0x2306, 0x3ba7, 0x5427, 0x8424, 0x9c43, 0x3326, 0x2b06, 0x3367, 0x53c5, 0x7c44, 0x7c64, 0x8ca4, 0xdda2, 0x8ca4, 0x3ba6, 0x3ba6,
0x7425, 0x8c64, 0x7c64, 0x4bc6, 0x2b26, 0x22e6, 0x3b66, 0x7445, 0x6405, 0x3b86, 0x7c65, 0xbca2, 0xc4a2, 0x9c83, 0x4c06, 0x43a5,
0x2326, 0x53c5, 0x7445, 0x53c5, 0x3346, 0x1aa6, 0x4ba5, 0x5be5, 0x8c64, 0xe541, 0x9463, 0x63c4, 0x4385, 0x2306, 0x6bc4, 0x6be4,
0x3365, 0x3b85, 0x8c44, 0xc4a2, 0xc481, 0x7c04, 0x4386, 0x22e6, 0x3b67, 0x6446, 0x43a6, 0x1a86, 0x0a27, 0x22c7, 0x7444, 0x53c5,
0x2307, 0x53e5, 0xa502, 0x7c44, 0x4b85, 0x5ba4, 0x63a4, 0x9c02, 0xc482, 0xdd41, 0xc4a2, 0xa402, 0x5ba4, 0x5bc4, 0x9c63, 0x7c04,
0x53a5, 0x7be4, 0xac03, 0x73c4, 0x53a5, 0x3b85, 0x73c4, 0x9bc3, 0x9bc3, 0x9bc3, 0xcca2, 0xd4c1, 0x9c03, 0x6ba4, 0x6ba4, 0x7383,
0x7383, 0x3b66, 0x5467, 0x4c07, 0x3347, 0x3347, 0x5bc7, 0x8424, 0x7c24, 0x63e4, 0x1a46, 0x11e7, 0x3b67, 0x5406, 0x5426, 0x3326,
0x09e7, 0x1208, 0x2ae7, 0x43c6, 0x43e6, 0x0a07, 0x09c7, 0x22e9, 0x3328, 0x11e6, 0x09a6, 0x09a6, 0x09c6, 0x09c7, 0x09c7, 0x09e7,
0x09e7, 0x1247, 0x1267, 0x3306, 0x3325, 0x11e6, 0x09c7, 0x0a07, 0x1ac8, 0x3367, 0x1268, 0x0a08, 0x0a08, 0x0a07, 0x1227, 0x1226,
0x09e7, 0x09e7, 0x09e7, 0x2286, 0x3306, 0x2ae6, 0x2ae6, 0x1a47, 0x09c7, 0x09a7, 0x09a6, 0x09a6, 0x09a6, 0x09a6, 0x09c6, 0x09c6,
0x09e6, 0x09c6, 0x09c6, 0x09a6, 0x09a6, 0x09a6, 0x09a6, 0x09e7, 0x09e7, 0x09c7, 0x09e7, 0x1a47, 0x22c7, 0x2287, 0x1207, 0x09c7,
0x09c7, 0x09a7, 0x09a6, 0x09a6, 0x09a6, 0x09a6, 0x09a6, 0x09a6, 0x09a6, 0x09a6, 0x09c6, 0x09e5, 0x09a6, 0x0986, 0x09a6, 0x09a6,
0x0986, 0x09a6, 0x09a6, 0x09a6, 0x0986, 0x0986, 0x0986, 0x0986, 0x09a6, 0x09a6, 0x09a7, 0x09a7, 0x0a07, 0x1247, 0x1246, 0x09e7,
0x09c6, 0x09e6, 0x09e6, 0x09c6, 0x09a6, 0x09a7, 0x09a7, 0x09a6, 0x09a6, 0x09a6, 0x09c6, 0x09e6, 0x09e6, 0x09c6, 0x09a6, 0x09a7,
0x09c7, 0x09c7, 0x09e7, 0x09e7, 0x09e6, 0x09e7, 0x09e7, 0x09e7, 0x09e7, 0x1247, 0x2b07, 0x22c6, 0x1a46, 0x09a7, 0x09c6, 0x09c7,
0x1226, 0x1a87, 0x22c7, 0x1a67, 0x1207, 0x09e7, 0x09e7, 0x09e7, 0x1227, 0x2307, 0x1247, 0x09a7, 0x09e7, 0x0a47, 0x1246, 0x1247,
0x1247, 0x1a87, 0x2b07, 0x1a67, 0x09c6, 0x09c6, 0x09c7, 0x09c7, 0x09e7, 0x09c7, 0x09c7, 0x09a7, 0x22a7, 0x3b67, 0x43a6, 0x2ae7,
0x1227, 0x22c7, 0x3347, 0x22e7, 0x1a67, 0x1227, 0x1207, 0x3326, 0x4bc6, 0x53e6, 0x2266, 0x1207, 0x1a27, 0x1a67, 0x5406, 0x43a6,
0x1207, 0x11e7, 0x22e7, 0x1b07, 0x1227, 0x09e7, 0x09e7, 0x0a48, 0x12a7, 0x22e6, 0x0a27, 0x01e8, 0x3347, 0x3b87, 0x1247, 0x09c7,
0x09e6, 0x09c6, 0x1227, 0x4ba6, 0x6426, 0x32e6, 0x2246, 0x09e6, 0x3306, 0x5c25, 0x3ac7, 0x32a7, 0x42e6, 0x7b43, 0x6364, 0x3b25,
0x7b83, 0xac02, 0xa3e2, 0x7be3, 0x4c06, 0x7424, 0x7404, 0x3b65, 0x5b85, 0xa3c3, 0x9bc2, 0xac03, 0xabe2, 0xabc2, 0x93e3, 0x5bc5,
0x5ba4, 0x5384, 0x4bc5, 0x6c05, 0x93c3, 0x93e3, 0x5bc5, 0x73c4, 0x93a3, 0xa3c2, 0xbc42, 0xcca1, 0xac02, 0x7ba4, 0x7bc4, 0x5bc5,
0x4b85, 0x6384, 0xa3c3, 0xa3a3, 0x9b83, 0xabe2, 0xbc42, 0xa3c2, 0x8383, 0x63c4, 0x5bc4, 0x6be4, 0x7bc3, 0xabe2, 0xbc42, 0xc481,
0x9c03, 0x93e3, 0xa3c3, 0xaba2, 0x9383, 0x3305, 0x2306, 0x6c65, 0x6c45, 0x2b26, 0x1aa6, 0x0a26, 0x2b07, 0x43c7, 0x2b47, 0x3b87,
0x6444, 0x6444, 0x3346, 0x3b26, 0x93c3, 0x9bc2, 0x9bc3, 0xa3e2, 0xbc62, 0xdd62, 0xbc62, 0x9bc3, 0x5b85, 0x4b85, 0x5b85, 0x93e3,
0xa403, 0xa423, 0x4365, 0x3b45, 0x8be4, 0x8be4, 0x6bc4, 0x8be3, 0xb402, 0xbc42, 0xa403, 0x9bc3, 0x93e3, 0x4365, 0x73e5, 0x8c04,
0x6364, 0x5b44, 0x5ba5, 0x4b65, 0x5b64, 0x9bc3, 0x93e3, 0x83c4, 0x83c3, 0x9bc3, 0xbc62, 0xdd21, 0xd4e2, 0xa3c2, 0x8be3, 0x5c04,
0x53e4, 0x8bc3, 0xac22, 0xc421, 0xb402, 0x8383, 0x63a5, 0x5b85, 0x4b85, 0x5b85, 0x73c5, 0x4ba5, 0x7be4, 0xbc22, 0xac02, 0x93e3,
0x63a4, 0x6384, 0xa3e3, 0xabe2, 0xb402, 0xd4e2, 0xbc42, 0x93c3, 0x6385, 0x43a6, 0x8425, 0x7c05, 0x5365, 0x3ae5, 0x6385, 0x9be3,
0xb422, 0x83c4, 0x4b45, 0x83c4, 0x9be3, 0x93a3, 0xbc82, 0xcce1, 0xb442, 0xa3e3, 0x9be3, 0x8be3, 0x5be5, 0x3b65, 0x3ba6, 0x8404,
0xb422, 0x93e4, 0x9c03, 0x6bc4, 0x4b85, 0x6b84, 0x9bc3, 0xcc62, 0x9c23, 0x4bc4, 0x73e3, 0xcc82, 0xccc2, 0xa3e2, 0x9be2, 0x6bc4,
0x3365, 0x63a4, 0xaba3, 0x8b63, 0x8b83, 0x93c3, 0x8ba3, 0x9ba3, 0x73c4, 0x4bc4, 0x7be3, 0x8bc3, 0x63a4, 0x83c3, 0xac23, 0xc4a2,

/* -112- */
0x0986, 0x0986, 0x0986, 0x0986, 0x0986, 0x0986, 0x0986, 0x0986, 0x09a6, 0x09a6, 0x09a6, 0x09a6, 0x09c7, 0x0a07, 0x0a06, 0x09c7,
0x09a6, 0x09c6, 0x09c6, 0x09a6, 0x09a6, 0x09a7, 0x09a7, 0x09a7, 0x09a6, 0x09a6, 0x09a6, 0x09c6, 0x09a6, 0x09a6, 0x0986, 0x0986,
0x09a6, 0x09a6, 0x09c7, 0x09c7, 0x09c7, 0x09c6, 0x09c6, 0x09c7, 0x09c7, 0x1207, 0x1a67, 0x1246, 0x1207, 0x09c7, 0x09c7, 0x09c7,
0x09e6, 0x1207, 0x1227, 0x1207, 0x09e7, 0x09e7, 0x09c7, 0x09e7, 0x1207, 0x1a67, 0x1207, 0x09a7, 0x09e7, 0x0a06, 0x0a06, 0x0a06,
0x0a07, 0x1227, 0x1227, 0x09e7, 0x09a6, 0x09a6, 0x09a6, 0x09a6, 0x09a6, 0x09a7, 0x09c7, 0x09c7, 0x1227, 0x2287, 0x22c7, 0x1a47,
0x09e6, 0x1a47, 0x22c7, 0x1a67, 0x11e7, 0x1207, 0x1207, 0x2ac7, 0x3326, 0x3326, 0x1a47, 0x1207, 0x1227, 0x1a68, 0x3347, 0x3307,
0x1207, 0x11e8, 0x1247, 0x1247, 0x0a07, 0x09c7, 0x09c7, 0x09e7, 0x0a27, 0x1246, 0x09e7, 0x09e7, 0x2267, 0x2286, 0x09e6, 0x09c6,
0x09e7, 0x09e7, 0x1227, 0x3b47, 0x4366, 0x1227, 0x11e7, 0x11e6, 0x2266, 0x3b05, 0x2247, 0x1a47, 0x2a87, 0x4b05, 0x32e5, 0x1ac6,
0x6b84, 0xa402, 0xac02, 0x7be3, 0x4be6, 0x63e5, 0x63a5, 0x3345, 0x5385, 0xa3c3, 0xa3c3, 0xa3c3, 0xa3c2, 0xa3e2, 0x8bc3, 0x4ba5,
0x3b65, 0x4385, 0x4bc5, 0x6be4, 0x93c3, 0x83c4, 0x4ba5, 0x6ba4, 0x93a3, 0xabe2, 0xbc42, 0xbc41, 0xa3e2, 0x63a4, 0x5bc5, 0x4ba5,
0x3b45, 0x5364, 0x7384, 0x83a3, 0xa3a2, 0xa3c2, 0xabe2, 0x9bc2, 0x7ba3, 0x63c4, 0x5bc4, 0x5ba4, 0x73c4, 0xabe2, 0xb402, 0xb422,
0x9c02, 0x93e3, 0x83a4, 0x8b84, 0x7b84, 0x4b65, 0x2b05, 0x43a5, 0x4385, 0x2b25, 0x1aa6, 0x0206, 0x2307, 0x4be7, 0x2b47, 0x2b47,
0x3ba6, 0x3b65, 0x1ac6, 0x3306, 0x8ba3, 0x8bc3, 0x83e4, 0xa3e3, 0xbc62, 0xd502, 0xb442, 0x93a3, 0x5385, 0x3365, 0x5385, 0x9c04,
0x9c24, 0x7c05, 0x3b65, 0x4345, 0x8be4, 0x83e4, 0x63c4, 0x83e3, 0xbc22, 0xb422, 0xa3e2, 0x83a3, 0x6384, 0x3325, 0x63c5, 0x8c04,
0x6364, 0x5365, 0x5385, 0x4b85, 0x6385, 0x9ba3, 0x93c3, 0x73c4, 0x63a4, 0x9c03, 0xbc62, 0xc482, 0xc482, 0xa3e2, 0x7be3, 0x43c4,
0x4ba4, 0x8ba3, 0xac03, 0xb402, 0xabc2, 0x7363, 0x4385, 0x4b85, 0x4b85, 0x5b85, 0x5ba5, 0x4ba5, 0x83e4, 0xac03, 0xa3e3, 0x83a3,
0x4b44, 0x5b85, 0xac03, 0xb402, 0xabe2, 0xb422, 0xb402, 0x83a4, 0x4345, 0x4386, 0x8424, 0x7c04, 0x5365, 0x3ae5, 0x5365, 0x9c03,
0xac02, 0x7384, 0x3b25, 0x7bc4, 0xa3e3, 0x93c3, 0xbc62, 0xc481, 0xa3e3, 0xa3e3, 0x9be3, 0x73e5, 0x43a6, 0x2b45, 0x4ba5, 0x8c24,
0xb442, 0x83e4, 0x63c5, 0x53a5, 0x4b85, 0x6b84, 0x9bc3, 0xb423, 0x83e3, 0x43c4, 0x7403, 0xc462, 0xbc62, 0xa3c2, 0x7bc3, 0x53a4,
0x3365, 0x5ba4, 0xa3a3, 0x9383, 0x8ba3, 0x93c3, 0x8bc3, 0x93c3, 0x5ba4, 0x3385, 0x6ba4, 0x6ba4, 0x5385, 0x7bc3, 0xac43, 0xd4e3,
0xbc62, 0x8bc3, 0x7383, 0x83a3, 0x93a3, 0x4b25, 0x2306, 0x5b84, 0x7bc3, 0x8ba3, 0x6b84, 0x5364, 0x5365, 0x5365, 0xa3e2, 0xbc42,
0xbc42, 0xa402, 0xa3e2, 0x6bc4, 0x3ba5, 0x3365, 0x63c5, 0xac03, 0xb3e2, 0xa3c2, 0xa3c2, 0x8be3, 0x73c4, 0x7364, 0x8b63, 0x6b44,
0x2b26, 0x2306, 0x3b86, 0x4ba5, 0x2b27, 0x1287, 0x1268, 0x2328, 0x2b87, 0x43c6, 0x3b46, 0x12a7, 0x2327, 0x5ba5, 0x6b84, 0x7383,
0x9383, 0x9383, 0xb443, 0xb442, 0x93e3, 0x5b84, 0x4365, 0x3325, 0x3b45, 0x83c3, 0x6b85, 0x5b85, 0x8404, 0x8424, 0x4bc6, 0x43a6,
0x6ba5, 0x6ba5, 0x4386, 0x73a4, 0xabe2, 0xb442, 0xbc62, 0xa402, 0x8384, 0x3b85, 0x4ba5, 0x8384, 0x9384, 0x83a4, 0x6b84, 0x7b84,
0x73a4, 0x6bc4, 0x5bc5, 0x93e3, 0xbc21, 0xa422, 0x7bc4, 0x63a5, 0x4b45, 0x5344, 0x4ae4, 0x19e6, 0x22a6, 0x3b86, 0x3b86, 0x22a6,
0x09e7, 0x1207, 0x09c7, 0x1a86, 0x3326, 0x09e7, 0x09c7, 0x0a08, 0x1a67, 0x2ac6, 0x1206, 0x09c7, 0x09c7, 0x11e7, 0x22a7, 0x2287,
0x09e7, 0x09e7, 0x11e7, 0x09c6, 0x09c6, 0x09c6, 0x09c6, 0x09c7, 0x09e7, 0x1247, 0x1207, 0x0a07, 0x22a7, 0x22a6, 0x09e7, 0x09c7,
0x09c7, 0x09c7, 0x09c7, 0x09c7, 0x09c6, 0x09e6, 0x09c6, 0x09c6, 0x09a7, 0x09a7, 0x09a7, 0x09a7, 0x09c7, 0x09c7, 0x09c7, 0x09c7,
0x1207, 0x1227, 0x09c7, 0x09a7, 0x09c7, 0x09a7, 0x09a6, 0x09a6, 0x09a6, 0x09a6, 0x09c6, 0x09e7, 0x09e6, 0x09c7, 0x09e6, 0x09e6,
0x1206, 0x1226, 0x0a07, 0x09e8, 0x0a07, 0x09e7, 0x09e7, 0x0a07, 0x0a07, 0x1208, 0x2ae6, 0x2ae6, 0x0a07, 0x0a07, 0x1267, 0x3326,
0x4bc6, 0x43c6, 0x1268, 0x0a27, 0x1227, 0x1247, 0x1a66, 0x1207, 0x09c7, 0x09c7, 0x1206, 0x1226, 0x1207, 0x09e7, 0x09c7, 0x1207,
0x1a86, 0x1a86, 0x1227, 0x0a08, 0x0a08, 0x1a87, 0x2b06, 0x2b06, 0x1aa6, 0x1247, 0x3b46, 0x4b85, 0x63e5, 0x8464, 0x7464, 0x4be5,
0x1ae7, 0x3367, 0x4be7, 0x8c44, 0x9c63, 0x3b26, 0x22e6, 0x2b27, 0x4ba6, 0x7c64, 0x7c64, 0x8484, 0xb563, 0x7c84, 0x3386, 0x3386,
0x7425, 0x8444, 0x5c05, 0x3366, 0x2326, 0x22e6, 0x4385, 0x7465, 0x6405, 0x3b86, 0x7444, 0xbca2, 0xc4a2, 0x9c43, 0x43c6, 0x3b65,
0x2306, 0x53c5, 0x7445, 0x53c6, 0x3346, 0x1ac6, 0x4ba5, 0x5c05, 0x7c24, 0xac82, 0x8423, 0x4ba5, 0x3366, 0x2b25, 0x6be4, 0x6be4,
0x3345, 0x3b85, 0x8444, 0x9c63, 0x9c43, 0x7c04, 0x4386, 0x1a87, 0x22c7, 0x4ba6, 0x3b66, 0x1aa6, 0x1247, 0x1ae7, 0x3b86, 0x3326,
0x2307, 0x3b66, 0x53c5, 0x4ba5, 0x4365, 0x4b85, 0x5ba5, 0x9c03, 0xc482, 0xdd42, 0xb462, 0x8ba2, 0x5364, 0x4b84, 0x8c24, 0x73e4,
0x5b85, 0x83e4, 0x9c03, 0x6bc4, 0x4385, 0x3345, 0x5bc5, 0x6be4, 0x7bc4, 0x9bc3, 0xc4a2, 0xcca1, 0x9403, 0x4b65, 0x5b84, 0x6b64,
0x62e4, 0x2a86, 0x3347, 0x2b27, 0x1aa6, 0x0a46, 0x22a7, 0x3b26, 0x4b66, 0x5bc5, 0x1a46, 0x09c7, 0x2b07, 0x3b67, 0x3b66, 0x22a7,
0x09e8, 0x0a08, 0x1a67, 0x2ae6, 0x2ae6, 0x09e7, 0x09c7, 0x09e7, 0x1206, 0x11e6, 0x09a6, 0x09a6, 0x09c7, 0x09c7, 0x09c7, 0x09c7,
0x09e7, 0x1207, 0x1207, 0x1a46, 0x2266, 0x09e6, 0x09c6, 0x09e7, 0x1227, 0x1247, 0x0a07, 0x09e7, 0x09e7, 0x09e7, 0x09e7, 0x09e7,
0x09e7, 0x09c7, 0x09c7, 0x1a47, 0x2286, 0x1a66, 0x1a66, 0x11e7, 0x09a7, 0x09a6, 0x0986, 0x0986, 0x0986, 0x09a6, 0x09a6, 0x09a6,
0x09c6, 0x09c6, 0x09a6, 0x09a6, 0x09a6, 0x09a6, 0x09a6, 0x09a6, 0x09c6, 0x09c7, 0x09e7, 0x1207, 0x1227, 0x11e7, 0x09c7, 0x09c7,
0x09a7, 0x09a7, 0x09a6, 0x09a6, 0x09a6, 0x09a6, 0x09a6, 0x09a6, 0x09a6, 0x09a6, 0x09a6, 0x09c6, 0x09a6, 0x09a6, 0x09a6, 0x0986,
0x0986, 0x0986, 0x0986, 0x0986, 0x0986, 0x0986, 0x0986, 0x0986, 0x09a6, 0x09a6, 0x09a6, 0x09a6, 0x09c7, 0x0a07, 0x0a06, 0x09c7,
0x09a6, 0x09c6, 0x09c6, 0x09a6, 0x09a6, 0x09a7, 0x09a7, 0x09a7, 0x09a6, 0x09a6, 0x09a6, 0x09c6, 0x09a6, 0x09a6, 0x0986, 0x0986,
0x09a6, 0x09a6, 0x09c7, 0x09c7, 0x09c7, 0x09c6, 0x09c6, 0x09c7, 0x09c7, 0x1207, 0x1a67, 0x1246, 0x1207, 0x09c7, 0x09c7, 0x09c7,
0x09e6, 0x1207, 0x1227, 0x1207, 0x09e7, 0x09e7, 0x09c7, 0x09e7, 0x1207, 0x1a67, 0x1207, 0x09a7, 0x09e7, 0x0a06, 0x0a06, 0x0a06,
0x0a07, 0x1227, 0x1227, 0x09e7, 0x09a6, 0x09a6, 0x09a6, 0x09a6, 0x09a6, 0x09a7, 0x09c7, 0x09c7, 0x1227, 0x2287, 0x22c7, 0x1a47,
0x09e6, 0x1a47, 0x22c7, 0x1a67, 0x11e7, 0x1207, 0x1207, 0x2ac7, 0x3326, 0x3326, 0x1a47, 0x1207, 0x1227, 0x1a68, 0x3347, 0x3307,
0x1207, 0x11e8, 0x1247, 0x1247, 0x0a07, 0x09c7, 0x09c7, 0x09e7, 0x0a27, 0x1246, 0x09e7, 0x09e7, 0x2267, 0x2286, 0x09e6, 0x09c6,
0x09e7, 0x09e7, 0x1227, 0x3b47, 0x4366, 0x1227, 0x11e7, 0x11e6, 0x2266, 0x3b05, 0x2247, 0x1a47, 0x2a87, 0x4b05, 0x32e5, 0x1ac6,
0x6b84, 0xa402, 0xac02, 0x7be3, 0x4be6, 0x63e5, 0x63a5, 0x3345, 0x5385, 0xa3c3, 0xa3c3, 0xa3c3, 0xa3c2, 0xa3e2, 0x8bc3, 0x4ba5,
0x3b65, 0x4385, 0x4bc5, 0x6be4, 0x93c3, 0x83c4, 0x4ba5, 0x6ba4, 0x93a3, 0xabe2, 0xbc42, 0xbc41, 0xa3e2, 0x63a4, 0x5bc5, 0x4ba5,
0x3b45, 0x5364, 0x7384, 0x83a3, 0xa3a2, 0xa3c2, 0xabe2, 0x9bc2, 0x7ba3, 0x63c4, 0x5bc4, 0x5ba4, 0x73c4, 0xabe2, 0xb402, 0xb422,
0x9c02, 0x93e3, 0x83a4, 0x8b84, 0x7b84, 0x4b65, 0x2b05, 0x43a5, 0x4385, 0x2b25, 0x1aa6, 0x0206, 0x2307, 0x4be7, 0x2b47, 0x2b47,
0x3ba6, 0x3b65, 0x1ac6, 0x3306, 0x8ba3, 0x8bc3, 0x83e4, 0xa3e3, 0xbc62, 0xd502, 0xb442, 0x93a3, 0x5385, 0x3365, 0x5385, 0x9c04,
0x9c24, 0x7c05, 0x3b65, 0x4345, 0x8be4, 0x83e4, 0x63c4, 0x83e3, 0xbc22, 0xb422, 0xa3e2, 0x83a3, 0x6384, 0x3325, 0x63c5, 0x8c04,
0x6364, 0x5365, 0x5385, 0x4b85, 0x6385, 0x9ba3, 0x93c3, 0x73c4, 0x63a4, 0x9c03, 0xbc62, 0xc482, 0xc482, 0xa3e2, 0x7be3, 0x43c4,
0x4ba4, 0x8ba3, 0xac03, 0xb402, 0xabc2, 0x7363, 0x4385, 0x4b85, 0x4b85, 0x5b85, 0x5ba5, 0x4ba5, 0x83e4, 0xac03, 0xa3e3, 0x83a3,
0x4b44, 0x5b85, 0xac03, 0xb402, 0xabe2, 0xb422, 0xb402, 0x83a4, 0x4345, 0x4386, 0x8424, 0x7c04, 0x5365, 0x3ae5, 0x5365, 0x9c03,
0xac02, 0x7384, 0x3b25, 0x7bc4, 0xa3e3, 0x93c3, 0xbc62, 0xc481, 0xa3e3, 0xa3e3, 0x9be3, 0x73e5, 0x43a6, 0x2b45, 0x4ba5, 0x8c24,
0xb442, 0x83e4, 0x63c5, 0x53a5, 0x4b85, 0x6b84, 0x9bc3, 0xb423, 0x83e3, 0x43c4, 0x7403, 0xc462, 0xbc62, 0xa3c2, 0x7bc3, 0x53a4,
0x3365, 0x5ba4, 0xa3a3, 0x9383, 0x8ba3, 0x93c3, 0x8bc3, 0x93c3, 0x5ba4, 0x3385, 0x6ba4, 0x6ba4, 0x5385, 0x7bc3, 0xac43, 0xd4e3,

/* -113- */
0x0986, 0x0986, 0x0986, 0x0986, 0x0986, 0x0986, 0x0986, 0x0986, 0x0986, 0x0986, 0x0986, 0x09a6, 0x09a6, 0x09a6, 0x09a6, 0x09a6,
0x09a6, 0x09a6, 0x09a6, 0x09a6, 0x09a6, 0x09a7, 0x09a7, 0x09a6, 0x09a6, 0x09a6, 0x09a6, 0x09a6, 0x09a6, 0x0986, 0x0986, 0x0986,
0x09a6, 0x09a7, 0x09c7, 0x09c7, 0x09c7, 0x09c6, 0x09c7, 0x09c7, 0x09c7, 0x09c7, 0x09c6, 0x09c6, 0x09c6, 0x09c7, 0x09c7, 0x09c7,
0x09c6, 0x09c6, 0x09c6, 0x09c7, 0x09c7, 0x09c7, 0x09c7, 0x09c7, 0x09c6, 0x09a6, 0x09a6, 0x09c7, 0x09c7, 0x09c7, 0x09c7, 0x09c7,
0x09e7, 0x09e7, 0x09c6, 0x09a6, 0x09a6, 0x09a6, 0x09a6, 0x09a6, 0x09a6, 0x09a6, 0x09c7, 0x09c7, 0x09e7, 0x09e7, 0x09e7, 0x09e7,
0x09e6, 0x0a07, 0x1a67, 0x1207, 0x09c7, 0x1207, 0x1227, 0x1208, 0x09e7, 0x0a07, 0x1227, 0x1228, 0x1228, 0x1227, 0x1207, 0x1207,
0x1207, 0x11e8, 0x09c7, 0x09c7, 0x09c7, 0x09c6, 0x09c7, 0x09a6, 0x09a6, 0x09a6, 0x09a6, 0x09c6, 0x09e6, 0x09c6, 0x09c6, 0x09c6,
0x09e7, 0x09e7, 0x0a07, 0x0a07, 0x1207, 0x1207, 0x1207, 0x11e7, 0x11c6, 0x09c6, 0x11e6, 0x1207, 0x1a47, 0x1a66, 0x1a86, 0x1aa6,
0x5b64, 0x9c03, 0xa422, 0x7be3, 0x4be5, 0x4b85, 0x3b25, 0x3325, 0x53a5, 0xa3c3, 0xa3a3, 0x9bc2, 0xa3c2, 0xa3e3, 0x8bc3, 0x4b85,
0x3345, 0x3365, 0x4bc5, 0x7405, 0x9be3, 0x8be4, 0x43a5, 0x6ba4, 0x93a3, 0xabe2, 0xbc21, 0xb401, 0xa3c2, 0x5b84, 0x43a5, 0x4ba5,
0x3b45, 0x3b45, 0x2b25, 0x6384, 0xa3a2, 0x9ba3, 0x93a2, 0x8bc2, 0x7bc3, 0x63c4, 0x5ba4, 0x53a5, 0x6bc4, 0xabe2, 0xac02, 0xabe2,
0xa402, 0x8be3, 0x5b86, 0x5b85, 0x5b85, 0x5385, 0x3b65, 0x2305, 0x22e5, 0x2b26, 0x22c6, 0x01e6, 0x22e7, 0x4c08, 0x2b27, 0x1aa7,
0x1aa6, 0x1a86, 0x1a86, 0x4345, 0x8ba3, 0x73a4, 0x6bc4, 0xa3e3, 0xb442, 0xccc1, 0xac02, 0x8b83, 0x5385, 0x2b66, 0x53a5, 0xa424,
0x9424, 0x4b86, 0x3b26, 0x4345, 0x8be4, 0x7be4, 0x63e4, 0x8403, 0xbc22, 0xb422, 0xa3e2, 0x7b63, 0x4305, 0x3305, 0x5ba5, 0x8404,
0x6b85, 0x5385, 0x5385, 0x4b85, 0x63a5, 0x93c3, 0x93e3, 0x5ba5, 0x3b86, 0x9c23, 0xb422, 0xb422, 0xb422, 0xac02, 0x6bc4, 0x3ba5,
0x4ba3, 0x8ba2, 0xa3e3, 0xabe2, 0x9ba2, 0x6344, 0x3b65, 0x4b85, 0x53a5, 0x53a5, 0x4b85, 0x4ba5, 0x7be4, 0xa3e3, 0x9bc3, 0x7384,
0x3b25, 0x4b65, 0xa403, 0xb402, 0xabe2, 0xa3e2, 0xa3e2, 0x7b84, 0x3326, 0x4bc6, 0x8464, 0x7c25, 0x5365, 0x3b06, 0x5b85, 0x93e3,
0x9ba3, 0x5b64, 0x3345, 0x7bc4, 0xa3e3, 0x93c3, 0xbc62, 0xbc82, 0x93c3, 0xa3e3, 0x9bc3, 0x5ba5, 0x3366, 0x3345, 0x3b86, 0x7c24,
0xb442, 0x7be5, 0x3387, 0x3b66, 0x4386, 0x73a4, 0x9bc3, 0x9be3, 0x6bc4, 0x43c5, 0x6c03, 0xb421, 0xac01, 0x9bc2, 0x6384, 0x4384,
0x3364, 0x53a4, 0x93c3, 0x93a3, 0x8ba4, 0x8ba3, 0x93c3, 0x93c3, 0x5ba4, 0x3385, 0x53a4, 0x5365, 0x5385, 0x73a3, 0xa423, 0xd4c3,
0xac22, 0x83c3, 0x7ba3, 0x7383, 0x7383, 0x4325, 0x2306, 0x5b84, 0x83c3, 0x8bc2, 0x6384, 0x3325, 0x4b65, 0x5385, 0xa403, 0xc441,
0xb422, 0xa3e2, 0xa3e2, 0x63a4, 0x3365, 0x3345, 0x63c4, 0xac03, 0xabe2, 0xa3c2, 0xa3c2, 0x83c3, 0x5b85, 0x4b45, 0x4b45, 0x4b65,
0x4386, 0x3346, 0x2b27, 0x2307, 0x2b27, 0x1a87, 0x0a28, 0x2308, 0x2b67, 0x1ac6, 0x1287, 0x1ae7, 0x1ae8, 0x1ae7, 0x3b66, 0x5ba5,
0x8363, 0x9b83, 0xa3c3, 0xa3e2, 0x9be2, 0x5364, 0x3325, 0x3325, 0x3b45, 0x8404, 0x6385, 0x5b86, 0x6c06, 0x5be6, 0x4bc6, 0x4b85,
0x4366, 0x4ba6, 0x4386, 0x73a4, 0xabe2, 0xac02, 0xa402, 0xa402, 0x8384, 0x3365, 0x43a5, 0x83a3, 0x9383, 0x6385, 0x5b85, 0x6ba4,
0x53c5, 0x53c5, 0x5bc5, 0x8be3, 0xb401, 0x9be2, 0x83c3, 0x6384, 0x2a65, 0x1a05, 0x1206, 0x1a27, 0x1206, 0x09e6, 0x1226, 0x1227,
0x0a07, 0x09e7, 0x09e7, 0x09c6, 0x01c6, 0x09c7, 0x09c7, 0x09c7, 0x09c6, 0x09a6, 0x09a6, 0x09a7, 0x09c7, 0x09c6, 0x09e6, 0x09e7,
0x09e7, 0x09e7, 0x09e7, 0x09c7, 0x09a6, 0x09a6, 0x09a6, 0x09c7, 0x09c6, 0x09c6, 0x09e7, 0x11e7, 0x11e7, 0x09c6, 0x09c6, 0x09c6,
0x09c7, 0x09a7, 0x09a7, 0x09c6, 0x09c6, 0x09a6, 0x09a6, 0x09a6, 0x09a7, 0x09a7, 0x09a7, 0x09a7, 0x09c7, 0x09c7, 0x09c7, 0x09c7,
0x09c6, 0x09c6, 0x09c6, 0x09c7, 0x09a7, 0x09a6, 0x09a6, 0x09a6, 0x09a6, 0x09a6, 0x09a6, 0x09a6, 0x09a6, 0x09a6, 0x09a6, 0x09c6,
0x09c6, 0x09c6, 0x09e7, 0x09e7, 0x0a08, 0x0a08, 0x0a08, 0x1207, 0x0a07, 0x1207, 0x11e7, 0x09e7, 0x0a07, 0x0a07, 0x09e7, 0x2ae6,
0x3b46, 0x2b06, 0x1247, 0x0a07, 0x0a07, 0x11e7, 0x09e6, 0x09e7, 0x09e7, 0x09c7, 0x09c7, 0x09e6, 0x09e7, 0x09e7, 0x09c7, 0x09c7,
0x09a6, 0x09c6, 0x09e7, 0x0a07, 0x1207, 0x1227, 0x0a26, 0x0a06, 0x0a26, 0x1227, 0x1a46, 0x22a6, 0x4365, 0x53c5, 0x6405, 0x53e6,
0x1ae7, 0x3327, 0x3ba7, 0x8464, 0xa484, 0x3b26, 0x22e7, 0x2307, 0x4ba6, 0x7c64, 0x7c44, 0x8464, 0xa503, 0x7444, 0x3b86, 0x3b86,
0x7c44, 0x7c64, 0x3be5, 0x2b66, 0x2b26, 0x22e6, 0x4ba5, 0x7465, 0x5be6, 0x3386, 0x6c44, 0xbca1, 0xc482, 0x9443, 0x3ba6, 0x3365,
0x2b06, 0x5be5, 0x7445, 0x4bc6, 0x3346, 0x1aa6, 0x43a5, 0x5c05, 0x6405, 0x7404, 0x6be4, 0x3b85, 0x2b66, 0x2b45, 0x6c04, 0x6c04,
0x3365, 0x3b85, 0x7c45, 0x6c05, 0x5bc5, 0x5be6, 0x4ba6, 0x22c7, 0x1267, 0x1aa7, 0x2307, 0x1ac7, 0x1268, 0x22e8, 0x12c7, 0x12a7,
0x22e6, 0x2306, 0x12c7, 0x3347, 0x4b86, 0x4b85, 0x5bc5, 0x9be3, 0xbc42, 0xd4e1, 0xac22, 0x7b62, 0x5364, 0x4b64, 0x73e4, 0x73c4,
0x63a5, 0x83e4, 0x8c04, 0x63c5, 0x4b85, 0x3b65, 0x43c5, 0x43c6, 0x63c5, 0x9bc3, 0xbc62, 0xc481, 0x93e2, 0x3b25, 0x32e6, 0x4b25,
0x2246, 0x1206, 0x1206, 0x0a27, 0x1226, 0x1206, 0x09e5, 0x09e6, 0x1a27, 0x2aa7, 0x1226, 0x09e7, 0x1207, 0x1227, 0x1227, 0x1228,
0x1228, 0x0a08, 0x09e7, 0x09c6, 0x09c6, 0x09c6, 0x09c6, 0x09c6, 0x09a6, 0x09c6, 0x09c6, 0x09a7, 0x09c7, 0x09c7, 0x09c7, 0x09c7,
0x09c7, 0x09e7, 0x09c7, 0x09a6, 0x09c6, 0x09c6, 0x09c7, 0x09c7, 0x09c6, 0x09c6, 0x09c7, 0x09c7, 0x09e7, 0x09e7, 0x09e7, 0x09e7,
0x09e7, 0x09c7, 0x09e7, 0x09e7, 0x11e6, 0x09e6, 0x09c6, 0x09c7, 0x09a7, 0x0986, 0x0986, 0x0986, 0x0986, 0x0986, 0x0986, 0x09a6,
0x09a6, 0x09c6, 0x09a6, 0x09a6, 0x09a6, 0x09a6, 0x09a6, 0x09a6, 0x09a6, 0x09a7, 0x09c6, 0x09c6, 0x09c6, 0x09a6, 0x09a6, 0x09a6,
0x09a7, 0x09a7, 0x09a6, 0x09a6, 0x09a6, 0x09a6, 0x09a6, 0x09a6, 0x09a6, 0x09a6, 0x09a6, 0x09a6, 0x09a6, 0x09a6, 0x0986, 0x0986,
0x0986, 0x0986, 0x0986, 0x0986, 0x0986, 0x0986, 0x0986, 0x0986, 0x0986, 0x0986, 0x0986, 0x09a6, 0x09a6, 0x09a6, 0x09a6, 0x09a6,
0x09a6, 0x09a6, 0x09a6, 0x09a6, 0x09a6, 0x09a7, 0x09a7, 0x09a6, 0x09a6, 0x09a6, 0x09a6, 0x09a6, 0x09a6, 0x0986, 0x0986, 0x0986,
0x09a6, 0x09a7, 0x09c7, 0x09c7, 0x09c7, 0x09c6, 0x09c7, 0x09c7, 0x09c7, 0x09c7, 0x09c6, 0x09c6, 0x09c6, 0x09c7, 0x09c7, 0x09c7,
0x09c6, 0x09c6, 0x09c6, 0x09c7, 0x09c7, 0x09c7, 0x09c7, 0x09c7, 0x09c6, 0x09a6, 0x09a6, 0x09c7, 0x09c7, 0x09c7, 0x09c7, 0x09c7,
0x09e7, 0x09e7, 0x09c6, 0x09a6, 0x09a6, 0x09a6, 0x09a6, 0x09a6, 0x09a6, 0x09a6, 0x09c7, 0x09c7, 0x09e7, 0x09e7, 0x09e7, 0x09e7,
0x09e6, 0x0a07, 0x1a67, 0x1207, 0x09c7, 0x1207, 0x1227, 0x1208, 0x09e7, 0x0a07, 0x1227, 0x1228, 0x1228, 0x1227, 0x1207, 0x1207,
0x1207, 0x11e8, 0x09c7, 0x09c7, 0x09c7, 0x09c6, 0x09c7, 0x09a6, 0x09a6, 0x09a6, 0x09a6, 0x09c6, 0x09e6, 0x09c6, 0x09c6, 0x09c6,
0x09e7, 0x09e7, 0x0a07, 0x0a07, 0x1207, 0x1207, 0x1207, 0x11e7, 0x11c6, 0x09c6, 0x11e6, 0x1207, 0x1a47, 0x1a66, 0x1a86, 0x1aa6,
0x5b64, 0x9c03, 0xa422, 0x7be3, 0x4be5, 0x4b85, 0x3b25, 0x3325, 0x53a5, 0xa3c3, 0xa3a3, 0x9bc2, 0xa3c2, 0xa3e3, 0x8bc3, 0x4b85,
0x3345, 0x3365, 0x4bc5, 0x7405, 0x9be3, 0x8be4, 0x43a5, 0x6ba4, 0x93a3, 0xabe2, 0xbc21, 0xb401, 0xa3c2, 0x5b84, 0x43a5, 0x4ba5,
0x3b45, 0x3b45, 0x2b25, 0x6384, 0xa3a2, 0x9ba3, 0x93a2, 0x8bc2, 0x7bc3, 0x63c4, 0x5ba4, 0x53a5, 0x6bc4, 0xabe2, 0xac02, 0xabe2,
0xa402, 0x8be3, 0x5b86, 0x5b85, 0x5b85, 0x5385, 0x3b65, 0x2305, 0x22e5, 0x2b26, 0x22c6, 0x01e6, 0x22e7, 0x4c08, 0x2b27, 0x1aa7,
0x1aa6, 0x1a86, 0x1a86, 0x4345, 0x8ba3, 0x73a4, 0x6bc4, 0xa3e3, 0xb442, 0xccc1, 0xac02, 0x8b83, 0x5385, 0x2b66, 0x53a5, 0xa424,
0x9424, 0x4b86, 0x3b26, 0x4345, 0x8be4, 0x7be4, 0x63e4, 0x8403, 0xbc22, 0xb422, 0xa3e2, 0x7b63, 0x4305, 0x3305, 0x5ba5, 0x8404,
0x6b85, 0x5385, 0x5385, 0x4b85, 0x63a5, 0x93c3, 0x93e3, 0x5ba5, 0x3b86, 0x9c23, 0xb422, 0xb422, 0xb422, 0xac02, 0x6bc4, 0x3ba5,
0x4ba3, 0x8ba2, 0xa3e3, 0xabe2, 0x9ba2, 0x6344, 0x3b65, 0x4b85, 0x53a5, 0x53a5, 0x4b85, 0x4ba5, 0x7be4, 0xa3e3, 0x9bc3, 0x7384,
0x3b25, 0x4b65, 0xa403, 0xb402, 0xabe2, 0xa3e2, 0xa3e2, 0x7b84, 0x3326, 0x4bc6, 0x8464, 0x7c25, 0x5365, 0x3b06, 0x5b85, 0x93e3,
0x9ba3, 0x5b64, 0x3345, 0x7bc4, 0xa3e3, 0x93c3, 0xbc62, 0xbc82, 0x93c3, 0xa3e3, 0x9bc3, 0x5ba5, 0x3366, 0x3345, 0x3b86, 0x7c24,
0xb442, 0x7be5, 0x3387, 0x3b66, 0x4386, 0x73a4, 0x9bc3, 0x9be3, 0x6bc4, 0x43c5, 0x6c03, 0xb421, 0xac01, 0x9bc2, 0x6384, 0x4384,
0x3364, 0x53a4, 0x93c3, 0x93a3, 0x8ba4, 0x8ba3, 0x93c3, 0x93c3, 0x5ba4, 0x3385, 0x53a4, 0x5365, 0x5385, 0x73a3, 0xa423, 0xd4c3,

};


extern const arm_2d_tile_t c_tilePlatformerMidFarRGB565;
ARM_SECTION("arm2d.tile.c_tilePlatformerMidFarRGB565")
const arm_2d_tile_t c_tilePlatformerMidFarRGB565 = {
    .tRegion = {
        .tSize = {
            .iWidth = 1040,
            .iHeight = 114,
        },
    },
    .tInfo = {
        .bIsRoot = true,
        .bHasEnforcedColour = true,
        .tColourInfo = {
            .chScheme = ARM_2D_COLOUR_RGB565,
        },
    },
    .phwBuffer = (uint16_t*)c_bmpPlatformerMidFarRGB565,
};




#if defined(__clang__)
#   pragma clang diagnostic pop
#elif defined(__IS_COMPILER_ARM_COMPILER_5__)
#   pragma diag_warning=1296
#endif


