
/* Generated on Fri Sep  4 16:26:42 2026 from -i */
/* Re-sized : False */
/* Rotated : 0.0 deg */

#include "arm_2d.h"

#if defined(__clang__)
#   pragma clang diagnostic push
#   pragma clang diagnostic ignored "-Wunknown-warning-option"
#   pragma clang diagnostic ignored "-Wreserved-identifier"
#   pragma clang diagnostic ignored "-Wmissing-variable-declarations"
#   pragma clang diagnostic ignored "-Wcast-qual"
#elif defined(__IS_COMPILER_ARM_COMPILER_5__)
#   pragma diag_suppress=1296
#endif



ARM_SECTION("arm2d.asset.c_bmpPlatformerHeroWalkRGB565")
const uint16_t c_bmpPlatformerHeroWalkRGB565[384*64] = {
/* -0- */
0x0000, 0x0000, 0x0000, 0x0000, 0x0000, 0x0000, 0x0000, 0x0000, 0x0000, 0x0000, 0x0000, 0x0000, 0x0000, 0x0000, 0x0000, 0x0000,
0x0000, 0x0000, 0x0000, 0x0000, 0x0000, 0x0000, 0x0000, 0x0000, 0x0000, 0x0000, 0x0000, 0x0000, 0x0000, 0x0000, 0x0000, 0x0000,
0x0000, 0x0000, 0x0000, 0x0000, 0x0000, 0x0000, 0x0000, 0x0000, 0x0000, 0x0000, 0x0000, 0x0000, 0x0000, 0x0000, 0x0000, 0x0000,
0x0000, 0x0000, 0x0000, 0x0000, 0x0000, 0x0000, 0x0000, 0x0000, 0x0000, 0x0000, 0x0000, 0x0000, 0x0000, 0x0000, 0x0000, 0x0000,
0x0000, 0x0000, 0x0000, 0x0000, 0x0000, 0x0000, 0x0000, 0x0000, 0x0000, 0x0000, 0x0000, 0x0000, 0x0000, 0x0000, 0x0000, 0x0000,
0x0000, 0x0000, 0x0000, 0x0000, 0x0000, 0x0000, 0x0000, 0x0000, 0x0000, 0x0000, 0x0000, 0x0000, 0x0000, 0x0000, 0x0000, 0x0000,
0x0000, 0x0000, 0x0000, 0x0000, 0x0000, 0x0000, 0x0000, 0x0000, 0x0000, 0x0000, 0x0000, 0x0000, 0x0000, 0x0000, 0x0000, 0x0000,
0x0000, 0x0000, 0x0000, 0x0000, 0x0000, 0x0000, 0x0000, 0x0000, 0x0000, 0x0000, 0x0000, 0x0000, 0x0000, 0x0000, 0x0000, 0x0000,
0x0000, 0x0000, 0x0000, 0x0000, 0x0000, 0x0000, 0x0000, 0x0000, 0x0000, 0x0000, 0x0000, 0x0000, 0x0000, 0x0000, 0x0000, 0x0000,
0x0000, 0x0000, 0x0000, 0x0000, 0x0000, 0x0000, 0x0000, 0x0000, 0x0000, 0x0000, 0x0000, 0x0000, 0x0000, 0x0000, 0x0000, 0x0000,
0x0000, 0x0000, 0x0000, 0x0000, 0x0000, 0x0000, 0x0000, 0x0000, 0x0000, 0x0000, 0x0000, 0x0000, 0x0000, 0x0000, 0x0000, 0x0000,
0x0000, 0x0000, 0x0000, 0x0000, 0x0000, 0x0000, 0x0000, 0x0000, 0x0000, 0x0000, 0x0000, 0x0000, 0x0000, 0x0000, 0x0000, 0x0000,
0x0000, 0x0000, 0x0000, 0x0000, 0x0000, 0x0000, 0x0000, 0x0000, 0x0000, 0x0000, 0x0000, 0x0000, 0x0000, 0x0000, 0x0000, 0x0000,
0x0000, 0x0000, 0x0000, 0x0000, 0x0000, 0x0000, 0x0000, 0x0000, 0x0000, 0x0000, 0x0000, 0x0000, 0x0000, 0x0000, 0x0000, 0x0000,
0x0000, 0x0000, 0x0000, 0x0000, 0x0000, 0x0000, 0x0000, 0x0000, 0x0000, 0x0000, 0x0000, 0x0000, 0x0000, 0x0000, 0x0000, 0x0000,
0x0000, 0x0000, 0x0000, 0x0000, 0x0000, 0x0000, 0x0000, 0x0000, 0x0000, 0x0000, 0x0000, 0x0000, 0x0000, 0x0000, 0x0000, 0x0000,
0x0000, 0x0000, 0x0000, 0x0000, 0x0000, 0x0000, 0x0000, 0x0000, 0x0000, 0x0000, 0x0000, 0x0000, 0x0000, 0x0000, 0x0000, 0x0000,
0x0000, 0x0000, 0x0000, 0x0000, 0x0000, 0x0000, 0x0000, 0x0000, 0x0000, 0x0000, 0x0000, 0x0000, 0x0000, 0x0000, 0x0000, 0x0000,
0x0000, 0x0000, 0x0000, 0x0000, 0x0000, 0x0000, 0x0000, 0x0000, 0x0000, 0x0000, 0x0000, 0x0000, 0x0000, 0x0000, 0x0000, 0x0000,
0x0000, 0x0000, 0x0000, 0x0000, 0x0000, 0x0000, 0x0000, 0x0000, 0x0000, 0x0000, 0x0000, 0x0000, 0x0000, 0x0000, 0x0000, 0x0000,
0x0000, 0x0000, 0x0000, 0x0000, 0x0000, 0x0000, 0x0000, 0x0000, 0x0000, 0x0000, 0x0000, 0x0000, 0x0000, 0x0000, 0x0000, 0x0000,
0x0000, 0x0000, 0x0000, 0x0000, 0x0000, 0x0000, 0x0000, 0x0000, 0x0000, 0x0000, 0x0000, 0x0000, 0x0000, 0x0000, 0x0000, 0x0000,
0x0000, 0x0000, 0x0000, 0x0000, 0x0000, 0x0000, 0x0000, 0x0000, 0x0000, 0x0000, 0x0000, 0x0000, 0x0000, 0x0000, 0x0000, 0x0000,
0x0000, 0x0000, 0x0000, 0x0000, 0x0000, 0x0000, 0x0000, 0x0000, 0x0000, 0x0000, 0x0000, 0x0000, 0x0000, 0x0000, 0x0000, 0x0000,

/* -1- */
0x0000, 0x0000, 0x0000, 0x0000, 0x0000, 0x0000, 0x0000, 0x0000, 0x0000, 0x0000, 0x0000, 0x0000, 0x0000, 0x0000, 0x0000, 0x0000,
0x0000, 0x0000, 0x0000, 0x0000, 0x0000, 0x0000, 0x0000, 0x0000, 0x0000, 0x0000, 0x0000, 0x0000, 0x0000, 0x0000, 0x0000, 0x0000,
0x0000, 0x0000, 0x0000, 0x0000, 0x0000, 0x0000, 0x0000, 0x0000, 0x0000, 0x0000, 0x0000, 0x0000, 0x0000, 0x0000, 0x0000, 0x0000,
0x0000, 0x0000, 0x0000, 0x0000, 0x0000, 0x0000, 0x0000, 0x0000, 0x0000, 0x0000, 0x0000, 0x0000, 0x0000, 0x0000, 0x0000, 0x0000,
0x0000, 0x0000, 0x0000, 0x0000, 0x0000, 0x0000, 0x0000, 0x0000, 0x0000, 0x0000, 0x0000, 0x0000, 0x0000, 0x0000, 0x0000, 0x0000,
0x0000, 0x0000, 0x0000, 0x0000, 0x0000, 0x0000, 0x0000, 0x0000, 0x0000, 0x0000, 0x0000, 0x0000, 0x0000, 0x0000, 0x0000, 0x0000,
0x0000, 0x0000, 0x0000, 0x0000, 0x0000, 0x0000, 0x0000, 0x0000, 0x0000, 0x0000, 0x0000, 0x0000, 0x0000, 0x0000, 0x0000, 0x0000,
0x0000, 0x0000, 0x0000, 0x0000, 0x0000, 0x0000, 0x0000, 0x0000, 0x0000, 0x0000, 0x0000, 0x0000, 0x0000, 0x0000, 0x0000, 0x0000,
0x0000, 0x0000, 0x0000, 0x0000, 0x0000, 0x0000, 0x0000, 0x0000, 0x0000, 0x0000, 0x0000, 0x0000, 0x0000, 0x0000, 0x0000, 0x0000,
0x0000, 0x0000, 0x0000, 0x0000, 0x0000, 0x0000, 0x0000, 0x0000, 0x0000, 0x0000, 0x0000, 0x0000, 0x0000, 0x0000, 0x0000, 0x0000,
0x0000, 0x0000, 0x0000, 0x0000, 0x0000, 0x0000, 0x0000, 0x0000, 0x0000, 0x0000, 0x0000, 0x0000, 0x0000, 0x0000, 0x0000, 0x0000,
0x0000, 0x0000, 0x0000, 0x0000, 0x0000, 0x0000, 0x0000, 0x0000, 0x0000, 0x0000, 0x0000, 0x0000, 0x0000, 0x0000, 0x0000, 0x0000,
0x0000, 0x0000, 0x0000, 0x0000, 0x0000, 0x0000, 0x0000, 0x0000, 0x0000, 0x0000, 0x0000, 0x0000, 0x0000, 0x0000, 0x0000, 0x0000,
0x0000, 0x0000, 0x0000, 0x0000, 0x0000, 0x0000, 0x0000, 0x0000, 0x0000, 0x0000, 0x0000, 0x0000, 0x0000, 0x0000, 0x0000, 0x0000,
0x0000, 0x0000, 0x0000, 0x0000, 0x0000, 0x0000, 0x0000, 0x0000, 0x0000, 0x0000, 0x0000, 0x0000, 0x0000, 0x0000, 0x0000, 0x0000,
0x0000, 0x0000, 0x0000, 0x0000, 0x0000, 0x0000, 0x0000, 0x0000, 0x0000, 0x0000, 0x0000, 0x0000, 0x0000, 0x0000, 0x0000, 0x0000,
0x0000, 0x0000, 0x0000, 0x0000, 0x0000, 0x0000, 0x0000, 0x0000, 0x0000, 0x0000, 0x0000, 0x0000, 0x0000, 0x0000, 0x0000, 0x0000,
0x0000, 0x0000, 0x0000, 0x0000, 0x0000, 0x0000, 0x0000, 0x0000, 0x0000, 0x0000, 0x0000, 0x0000, 0x0000, 0x0000, 0x0000, 0x0000,
0x0000, 0x0000, 0x0000, 0x0000, 0x0000, 0x0000, 0x0000, 0x0000, 0x0000, 0x0000, 0x0000, 0x0000, 0x0000, 0x0000, 0x0000, 0x0000,
0x0000, 0x0000, 0x0000, 0x0000, 0x0000, 0x0000, 0x0000, 0x0000, 0x0000, 0x0000, 0x0000, 0x0000, 0x0000, 0x0000, 0x0000, 0x0000,
0x0000, 0x0000, 0x0000, 0x0000, 0x0000, 0x0000, 0x0000, 0x0000, 0x0000, 0x0000, 0x0000, 0x0000, 0x0000, 0x0000, 0x0000, 0x0000,
0x0000, 0x0000, 0x0000, 0x0000, 0x0000, 0x0000, 0x0000, 0x0000, 0x0000, 0x0000, 0x0000, 0x0000, 0x0000, 0x0000, 0x0000, 0x0000,
0x0000, 0x0000, 0x0000, 0x0000, 0x0000, 0x0000, 0x0000, 0x0000, 0x0000, 0x0000, 0x0000, 0x0000, 0x0000, 0x0000, 0x0000, 0x0000,
0x0000, 0x0000, 0x0000, 0x0000, 0x0000, 0x0000, 0x0000, 0x0000, 0x0000, 0x0000, 0x0000, 0x0000, 0x0000, 0x0000, 0x0000, 0x0000,

/* -2- */
0x0000, 0x0000, 0x0000, 0x0000, 0x0000, 0x0000, 0x0000, 0x0000, 0x0000, 0x0000, 0x0000, 0x0000, 0x0000, 0x0000, 0x0000, 0x0000,
0x0000, 0x0000, 0x0000, 0xffff, 0x0000, 0x0000, 0x0000, 0x0841, 0x10a2, 0x18e3, 0x2104, 0x2104, 0x2104, 0x18e3, 0x10a2, 0x0841,
0x0000, 0x0000, 0x0000, 0x0000, 0x0000, 0x0000, 0x0000, 0x0000, 0x0000, 0x0000, 0x0000, 0x0000, 0x0000, 0x0000, 0x0000, 0x0000,
0x0000, 0x0000, 0x0000, 0x0000, 0x0000, 0x0000, 0x0000, 0x0000, 0x0000, 0x0000, 0x0000, 0x0000, 0x0000, 0x0000, 0x0000, 0x0000,
0x0000, 0x0000, 0x0000, 0x0000, 0x0000, 0x0000, 0x0000, 0x0861, 0x18c3, 0x2104, 0x2925, 0x2125, 0x2104, 0x18e4, 0x10a3, 0x0861,
0x0000, 0x0000, 0x0000, 0x0000, 0x0000, 0x0000, 0x0000, 0x0000, 0x0000, 0x0000, 0x0000, 0x0000, 0x0000, 0x0000, 0x0000, 0x0000,
0x0000, 0x0000, 0x0000, 0x0000, 0x0000, 0x0000, 0x0000, 0x0000, 0x0000, 0x0000, 0x0000, 0x0000, 0x0000, 0x0000, 0x0000, 0x0000,
0x0000, 0x0000, 0x0000, 0xffff, 0x0000, 0x0000, 0x0000, 0x0841, 0x18a3, 0x2104, 0x2925, 0x2925, 0x2104, 0x2104, 0x18e3, 0x1082,
0x0000, 0x0000, 0x0000, 0x0000, 0x0000, 0x0000, 0x0000, 0x0000, 0x0000, 0x0000, 0x0000, 0x0000, 0x0000, 0x0000, 0x0000, 0x0000,
0x0000, 0x0000, 0x0000, 0x0000, 0x0000, 0x0000, 0x0000, 0x0000, 0x0000, 0x0000, 0x0000, 0x0000, 0x0000, 0x0000, 0x0000, 0x0000,
0x0000, 0x0000, 0x0000, 0xffff, 0x0000, 0x0000, 0x0000, 0x0841, 0x18c3, 0x2104, 0x2925, 0x2945, 0x2924, 0x2124, 0x18e3, 0x1082,
0x0000, 0x0000, 0x0000, 0x0000, 0x0000, 0x0000, 0x0000, 0x0000, 0x0000, 0x0000, 0x0000, 0x0000, 0x0000, 0x0000, 0x0000, 0x0000,
0x0000, 0x0000, 0x0000, 0x0000, 0x0000, 0x0000, 0x0000, 0x0000, 0x0000, 0x0000, 0x0000, 0x0000, 0x0000, 0x0000, 0x0000, 0x0000,
0x0000, 0x0000, 0x0000, 0xffff, 0x0000, 0x0000, 0x0000, 0x0841, 0x18a3, 0x20e4, 0x2124, 0x2124, 0x2124, 0x20e4, 0x10a2, 0x0020,
0x0000, 0x0000, 0x0000, 0x0000, 0x0000, 0x0000, 0x0000, 0x0000, 0x0000, 0x0000, 0x0000, 0x0000, 0x0000, 0x0000, 0x0000, 0x0000,
0x0000, 0x0000, 0x0000, 0x0000, 0x0000, 0x0000, 0x0000, 0x0000, 0x0000, 0x0000, 0x0000, 0x0000, 0x0000, 0x0000, 0x0000, 0x0000,
0x0000, 0x0000, 0x0000, 0x0000, 0x0000, 0x0000, 0x0000, 0x1082, 0x18e3, 0x2104, 0x2104, 0x2104, 0x2104, 0x18c3, 0x1082, 0x0000,
0x0000, 0x0000, 0x0000, 0x0000, 0x0000, 0x0000, 0x0000, 0x0000, 0x0000, 0x0000, 0x0000, 0x0000, 0x0000, 0x0000, 0x0000, 0x0000,
0x0000, 0x0000, 0x0000, 0x0000, 0x0000, 0x0000, 0x0000, 0x0000, 0x0000, 0x0000, 0x0000, 0x0000, 0x0000, 0x0000, 0x0000, 0x0000,
0x0000, 0x0000, 0x0000, 0x0000, 0x0000, 0x0000, 0x0000, 0x0841, 0x10a2, 0x20e4, 0x2124, 0x2124, 0x2104, 0x20e4, 0x18a2, 0x0841,
0x0000, 0x0000, 0x0000, 0x0000, 0x0000, 0x0000, 0x0000, 0x0000, 0x0000, 0x0000, 0x0000, 0x0000, 0x0000, 0x0000, 0x0000, 0x0000,
0x0000, 0x0000, 0x0000, 0x0000, 0x0000, 0x0000, 0x0000, 0x0000, 0x0000, 0x0000, 0x0000, 0x0000, 0x0000, 0x0000, 0x0000, 0x0000,
0x0000, 0x0000, 0x0000, 0xffff, 0x0000, 0x0000, 0x0000, 0x0841, 0x10a3, 0x20e4, 0x2925, 0x2945, 0x2124, 0x2104, 0x18a3, 0x0861,
0x0000, 0x0000, 0x0000, 0x0000, 0x0000, 0x0000, 0x0000, 0x0000, 0x0000, 0x0000, 0x0000, 0x0000, 0x0000, 0x0000, 0x0000, 0x0000,

/* -3- */
0x0000, 0x0000, 0x0000, 0x0000, 0x0000, 0x0000, 0x0000, 0x0000, 0x0000, 0x0000, 0x0000, 0x0000, 0x0000, 0x0000, 0x0000, 0x0000,
0x0000, 0x0000, 0x0000, 0x0000, 0x0000, 0x18c3, 0x2945, 0x39c7, 0x4208, 0x4a29, 0x4a29, 0x4a29, 0x4a49, 0x4a49, 0x4a29, 0x39a7,
0x2945, 0x1082, 0x0000, 0x0000, 0x0000, 0x0000, 0x0000, 0x0000, 0x0000, 0x0000, 0x0000, 0x0000, 0x0000, 0x0000, 0x0000, 0x0000,
0x0000, 0x0000, 0x0000, 0x0000, 0x0000, 0x0000, 0x0000, 0x0000, 0x0000, 0x0000, 0x0000, 0x0000, 0x0000, 0x0000, 0x0000, 0x0000,
0x0000, 0x0000, 0x0000, 0x0000, 0x0020, 0x18e4, 0x3166, 0x41e8, 0x4a29, 0x4a29, 0x4a29, 0x4a29, 0x4a29, 0x4a29, 0x4a29, 0x39a7,
0x2945, 0x10a2, 0x0000, 0x0000, 0x0000, 0x0000, 0x0000, 0x0000, 0x0000, 0x0000, 0x0000, 0x0000, 0x0000, 0x0000, 0x0000, 0x0000,
0x0000, 0x0000, 0x0000, 0x0000, 0x0000, 0x0000, 0x0000, 0x0000, 0x0000, 0x0000, 0x0000, 0x0000, 0x0000, 0x0000, 0x0000, 0x0000,
0x0000, 0x0000, 0x0000, 0x0000, 0x0000, 0x18e3, 0x3166, 0x41e8, 0x4a09, 0x4a29, 0x4a09, 0x4a09, 0x4a29, 0x4a29, 0x4a49, 0x39a7,
0x2945, 0x18c3, 0x0000, 0x0000, 0x0000, 0x0000, 0x0000, 0x0000, 0x0000, 0x0000, 0x0000, 0x0000, 0x0000, 0x0000, 0x0000, 0x0000,
0x0000, 0x0000, 0x0000, 0x0000, 0x0000, 0x0000, 0x0000, 0x0000, 0x0000, 0x0000, 0x0000, 0x0000, 0x0000, 0x0000, 0x0000, 0x0000,
0x0000, 0x0000, 0x0000, 0x0000, 0x0000, 0x18e3, 0x2966, 0x39c8, 0x4209, 0x4a29, 0x4a29, 0x4a29, 0x4a49, 0x4a49, 0x4a29, 0x39a7,
0x2925, 0x10a2, 0x0000, 0x0000, 0x0000, 0x0000, 0x0000, 0x0000, 0x0000, 0x0000, 0x0000, 0x0000, 0x0000, 0x0000, 0x0000, 0x0000,
0x0000, 0x0000, 0x0000, 0x0000, 0x0000, 0x0000, 0x0000, 0x0000, 0x0000, 0x0000, 0x0000, 0x0000, 0x0000, 0x0000, 0x0000, 0x0000,
0x0000, 0x0000, 0x0000, 0x0000, 0x0000, 0x18c3, 0x2945, 0x39a7, 0x4208, 0x4a29, 0x4a29, 0x4a29, 0x4a29, 0x4a29, 0x4209, 0x39a7,
0x2945, 0x10a2, 0x0000, 0x0000, 0x0000, 0x0000, 0x0000, 0x0000, 0x0000, 0x0000, 0x0000, 0x0000, 0x0000, 0x0000, 0x0000, 0x0000,
0x0000, 0x0000, 0x0000, 0x0000, 0x0000, 0x0000, 0x0000, 0x0000, 0x0000, 0x0000, 0x0000, 0x0000, 0x0000, 0x0000, 0x0000, 0x0000,
0x0000, 0x0000, 0x0000, 0x0000, 0x1082, 0x2125, 0x3187, 0x41e8, 0x4a09, 0x4209, 0x4a09, 0x4a29, 0x4a29, 0x4a29, 0x39c7, 0x2945,
0x2104, 0x0000, 0x0000, 0x0000, 0x0000, 0x0000, 0x0000, 0x0000, 0x0000, 0x0000, 0x0000, 0x0000, 0x0000, 0x0000, 0x0000, 0x0000,
0x0000, 0x0000, 0x0000, 0x0000, 0x0000, 0x0000, 0x0000, 0x0000, 0x0000, 0x0000, 0x0000, 0x0000, 0x0000, 0x0000, 0x0000, 0x0000,
0x0000, 0x0000, 0x0000, 0x0000, 0x0000, 0x18e4, 0x2966, 0x39c7, 0x4208, 0x4a29, 0x4a29, 0x4a29, 0x4a29, 0x4a49, 0x4a29, 0x3186,
0x2925, 0x18a2, 0x0000, 0x0000, 0x0000, 0x0000, 0x0000, 0x0000, 0x0000, 0x0000, 0x0000, 0x0000, 0x0000, 0x0000, 0x0000, 0x0000,
0x0000, 0x0000, 0x0000, 0x0000, 0x0000, 0x0000, 0x0000, 0x0000, 0x0000, 0x0000, 0x0000, 0x0000, 0x0000, 0x0000, 0x0000, 0x0000,
0x0000, 0x0000, 0x0000, 0x0000, 0x0000, 0x18e3, 0x2966, 0x39c8, 0x4209, 0x4a29, 0x4a29, 0x4a29, 0x4a29, 0x4a29, 0x4a29, 0x39a7,
0x2945, 0x18c3, 0x0000, 0x0000, 0x0000, 0x0000, 0x0000, 0x0000, 0x0000, 0x0000, 0x0000, 0x0000, 0x0000, 0x0000, 0x0000, 0x0000,

/* -4- */
0x0000, 0x0000, 0x0000, 0x0000, 0x0000, 0x0000, 0x0000, 0x0000, 0x0000, 0x0000, 0x0000, 0x0000, 0x0000, 0x0000, 0x0000, 0x0000,
0x0000, 0x0000, 0x0000, 0x10a2, 0x3186, 0x4208, 0x4209, 0x41e8, 0x41e8, 0x4208, 0x4209, 0x4209, 0x4a29, 0x4208, 0x41e8, 0x5acb,
0x4a09, 0x41e8, 0x2104, 0x0000, 0x0000, 0x0000, 0x0000, 0x0000, 0x0000, 0x0000, 0x0000, 0x0000, 0x0000, 0x0000, 0x0000, 0x0000,
0x0000, 0x0000, 0x0000, 0x0000, 0x0000, 0x0000, 0x0000, 0x0000, 0x0000, 0x0000, 0x0000, 0x0000, 0x0000, 0x0000, 0x0000, 0x0000,
0x0000, 0x0000, 0x0000, 0x18c3, 0x39a7, 0x4a29, 0x4209, 0x4208, 0x4208, 0x4208, 0x4208, 0x4208, 0x4208, 0x41e8, 0x39c7, 0x62ec,
0x4208, 0x39c7, 0x2925, 0x0840, 0x0000, 0x0000, 0x0000, 0x0000, 0x0000, 0x0000, 0x0000, 0x0000, 0x0000, 0x0000, 0x0000, 0x0000,
0x0000, 0x0000, 0x0000, 0x0000, 0x0000, 0x0000, 0x0000, 0x0000, 0x0000, 0x0000, 0x0000, 0x0000, 0x0000, 0x0000, 0x0000, 0x0000,
0x0000, 0x0000, 0x0000, 0x18a3, 0x3186, 0x4229, 0x4a29, 0x4209, 0x41e8, 0x41e8, 0x4208, 0x4208, 0x4208, 0x4209, 0x39c7, 0x62ec,
0x526a, 0x4a29, 0x3186, 0x0841, 0x0000, 0x0000, 0x0000, 0x0000, 0x0000, 0x0000, 0x0000, 0x0000, 0x0000, 0x0000, 0x0000, 0x0000,
0x0000, 0x0000, 0x0000, 0x0000, 0x0000, 0x0000, 0x0000, 0x0000, 0x0000, 0x0000, 0x0000, 0x0000, 0x0000, 0x0000, 0x0000, 0x0000,
0x0000, 0x0000, 0x0000, 0x18a3, 0x39a7, 0x4a29, 0x4a09, 0x4209, 0x4208, 0x41e8, 0x4208, 0x4208, 0x4208, 0x4208, 0x39c7, 0x62ec,
0x4a49, 0x41e8, 0x2965, 0x0841, 0x0000, 0x0000, 0x0000, 0x0000, 0x0000, 0x0000, 0x0000, 0x0000, 0x0000, 0x0000, 0x0000, 0x0000,
0x0000, 0x0000, 0x0000, 0x0000, 0x0000, 0x0000, 0x0000, 0x0000, 0x0000, 0x0000, 0x0000, 0x0000, 0x0000, 0x0000, 0x0000, 0x0000,
0x0000, 0x0000, 0x0000, 0x18a3, 0x3186, 0x4209, 0x4208, 0x41e8, 0x41e8, 0x41e8, 0x4208, 0x4208, 0x4208, 0x4208, 0x39c7, 0x630c,
0x526a, 0x39c7, 0x2104, 0x0000, 0x0000, 0x0000, 0x0000, 0x0000, 0x0000, 0x0000, 0x0000, 0x0000, 0x0000, 0x0000, 0x0000, 0x0000,
0x0000, 0x0000, 0x0000, 0x0000, 0x0000, 0x0000, 0x0000, 0x0000, 0x0000, 0x0000, 0x0000, 0x0000, 0x0000, 0x0000, 0x0000, 0x0000,
0x0000, 0x0000, 0x0841, 0x2124, 0x41e8, 0x4209, 0x4208, 0x41e8, 0x41e8, 0x41e8, 0x4208, 0x4208, 0x4208, 0x39a7, 0x5aab, 0x5acb,
0x39c7, 0x3186, 0x1082, 0x0000, 0x0000, 0x0000, 0x0000, 0x0000, 0x0000, 0x0000, 0x0000, 0x0000, 0x0000, 0x0000, 0x0000, 0x0000,
0x0000, 0x0000, 0x0000, 0x0000, 0x0000, 0x0000, 0x0000, 0x0000, 0x0000, 0x0000, 0x0000, 0x0000, 0x0000, 0x0000, 0x0000, 0x0000,
0x0000, 0x0000, 0x0000, 0x18c3, 0x39a7, 0x4208, 0x4208, 0x41e8, 0x41e8, 0x41e8, 0x4208, 0x4208, 0x4a29, 0x4209, 0x39c7, 0x5aab,
0x4209, 0x41e8, 0x2925, 0x0000, 0x0000, 0x0000, 0x0000, 0x0000, 0x0000, 0x0000, 0x0000, 0x0000, 0x0000, 0x0000, 0x0000, 0x0000,
0x0000, 0x0000, 0x0000, 0x0000, 0x0000, 0x0000, 0x0000, 0x0000, 0x0000, 0x0000, 0x0000, 0x0000, 0x0000, 0x0000, 0x0000, 0x0000,
0x0000, 0x0000, 0x0000, 0x18c3, 0x39a7, 0x4a29, 0x4209, 0x41e8, 0x41e8, 0x41e8, 0x41e8, 0x4208, 0x4208, 0x4209, 0x39c7, 0x62ec,
0x4a4a, 0x4208, 0x3166, 0x1081, 0x0000, 0x0000, 0x0000, 0x0000, 0x0000, 0x0000, 0x0000, 0x0000, 0x0000, 0x0000, 0x0000, 0x0000,

/* -5- */
0x0000, 0x0000, 0x0000, 0x0000, 0x0000, 0x0000, 0x0000, 0x0000, 0x0000, 0x0000, 0x0000, 0x0000, 0x0000, 0x0000, 0x0000, 0x0000,
0x0000, 0x0020, 0x2104, 0x41e8, 0x41e8, 0x39a7, 0x39a7, 0x39a7, 0x39c7, 0x41e8, 0x41e8, 0x41e8, 0x4208, 0x4208, 0xb596, 0xbdd7,
0xa4f3, 0x39c7, 0x41e8, 0x2925, 0x20c2, 0x0000, 0xffe0, 0x0000, 0x0000, 0x0000, 0x0000, 0x0000, 0x0000, 0x0000, 0x0000, 0x0000,
0x0000, 0x0000, 0x0000, 0x0000, 0x0000, 0x0000, 0x0000, 0x0000, 0x0000, 0x0000, 0x0000, 0x0000, 0x0000, 0x0000, 0x0000, 0xffff,
0x0000, 0x0841, 0x2945, 0x4208, 0x41e8, 0x39c7, 0x39c7, 0x39c7, 0x39e7, 0x39c8, 0x41e8, 0x41e8, 0x41e8, 0x39c7, 0xb596, 0xbdd7,
0xad55, 0x4a49, 0x4209, 0x2945, 0x1081, 0x0000, 0x0000, 0x0000, 0x0000, 0x0000, 0x0000, 0x0000, 0x0000, 0x0000, 0x0000, 0x0000,
0x0000, 0x0000, 0x0000, 0x0000, 0x0000, 0x0000, 0x0000, 0x0000, 0x0000, 0x0000, 0x0000, 0x0000, 0x0000, 0x0000, 0x0000, 0x0000,
0x0000, 0x0000, 0x2124, 0x41e8, 0x41e8, 0x39c7, 0x39c7, 0x39c7, 0x39e8, 0x41e8, 0x41e8, 0x41e8, 0x41e8, 0x39c7, 0xb575, 0xbdd7,
0xb5b6, 0x5aab, 0x4208, 0x3186, 0x18c2, 0x3184, 0x0000, 0x0000, 0x0000, 0x0000, 0x0000, 0x0000, 0x0000, 0x0000, 0x0000, 0x0000,
0x0000, 0x0000, 0x0000, 0x0000, 0x0000, 0x0000, 0x0000, 0x0000, 0x0000, 0x0000, 0x0000, 0x0000, 0x0000, 0x0000, 0x0000, 0x0000,
0x0000, 0x0000, 0x2104, 0x41e8, 0x41e8, 0x39c7, 0x39a7, 0x39c7, 0x39e8, 0x39e8, 0x41e8, 0x41e8, 0x41e8, 0x39a7, 0xad35, 0xbdf7,
0xb5b6, 0x4a6a, 0x39c7, 0x2945, 0x18a2, 0x4a64, 0x0000, 0x0000, 0x0000, 0x0000, 0x0000, 0x0000, 0x0000, 0x0000, 0x0000, 0x0000,
0x0000, 0x0000, 0x0000, 0x0000, 0x0000, 0x0000, 0x0000, 0x0000, 0x0000, 0x0000, 0x0000, 0x0000, 0x0000, 0x0000, 0x0000, 0x0000,
0x0000, 0x0020, 0x2124, 0x41e8, 0x41e8, 0x39c7, 0x39a7, 0x39a7, 0x39a7, 0x39a7, 0x39c7, 0x39c7, 0x41e8, 0x39c7, 0xb575, 0xc618,
0xb596, 0x4a29, 0x39c8, 0x2945, 0x18c2, 0x0000, 0x0000, 0x0000, 0x0000, 0x0000, 0x0000, 0x0000, 0x0000, 0x0000, 0x0000, 0x0000,
0x0000, 0x0000, 0x0000, 0x0000, 0x0000, 0x0000, 0x0000, 0x0000, 0x0000, 0x0000, 0x0000, 0x0000, 0x0000, 0x0000, 0x0000, 0x0000,
0x0000, 0x1082, 0x3186, 0x41e8, 0x39c7, 0x39a7, 0x39a7, 0x39a7, 0x39c7, 0x39e8, 0x41e8, 0x4208, 0x3186, 0x8410, 0xce38, 0xbdb6,
0x736e, 0x39c7, 0x39a7, 0x18c3, 0x1081, 0x0000, 0x3800, 0x0000, 0x0000, 0x0000, 0x0000, 0x0000, 0x0000, 0x0000, 0x0000, 0x0000,
0x0000, 0x0000, 0x0000, 0x0000, 0x0000, 0x0000, 0x0000, 0x0000, 0x0000, 0x0000, 0x0000, 0x0000, 0x0000, 0x0000, 0x0000, 0x0000,
0x0000, 0x0020, 0x2925, 0x41e8, 0x39c8, 0x39a7, 0x39a7, 0x39c7, 0x39c7, 0x39c7, 0x39e8, 0x41e8, 0x4208, 0x39c8, 0xad55, 0xc5f7,
0xb575, 0x41e8, 0x39c8, 0x2945, 0x10a1, 0xffef, 0x0000, 0x0000, 0x0000, 0x0000, 0x0000, 0x0000, 0x0000, 0x0000, 0x0000, 0x0000,
0x0000, 0x0000, 0x0000, 0x0000, 0x0000, 0x0000, 0x0000, 0x0000, 0x0000, 0x0000, 0x0000, 0x0000, 0x0000, 0x0000, 0x0000, 0x0000,
0x0000, 0x0020, 0x2104, 0x41e8, 0x4208, 0x39c7, 0x39a7, 0x39c7, 0x39c7, 0x39c7, 0x39e8, 0x39e8, 0x41e8, 0x39a7, 0xad34, 0xc618,
0xbdf7, 0x528a, 0x39a7, 0x3166, 0x18a2, 0x1941, 0x0000, 0x3800, 0x0000, 0x0000, 0x0000, 0x0000, 0x0000, 0x0000, 0x0000, 0x0000,

/* -6- */
0x0000, 0x0000, 0x0000, 0x0000, 0x0000, 0x0000, 0x0000, 0x0000, 0x0000, 0x0000, 0x0000, 0x0000, 0x0000, 0x0000, 0x0000, 0x0000,
0x0841, 0x3166, 0x41e8, 0x31a7, 0x3186, 0x3186, 0x3187, 0x31a7, 0x39a7, 0x39c7, 0x39c7, 0x41e8, 0x2966, 0x9471, 0xb575, 0x0000,
0x83f0, 0x83f0, 0x3186, 0x4209, 0x2105, 0x0000, 0x0000, 0x0000, 0x52a0, 0x0000, 0x0000, 0x0000, 0x0000, 0x0000, 0x0000, 0x0000,
0x0000, 0x0000, 0x0000, 0x0000, 0x0000, 0x0000, 0x0000, 0x0000, 0x0000, 0x0000, 0x0000, 0x0000, 0x0000, 0x0000, 0x000f, 0x0000,
0x0861, 0x3186, 0x39c8, 0x39a7, 0x31a7, 0x31a7, 0x31a7, 0x39a7, 0x39a7, 0x39a7, 0x39c7, 0x39e8, 0x2966, 0x8410, 0xbdf7, 0x0000,
0x6b6d, 0x8c51, 0x2945, 0x39a7, 0x18e4, 0x1020, 0x0000, 0x0000, 0xfbe0, 0x0000, 0x0000, 0x0000, 0x0000, 0x0000, 0x0000, 0x0000,
0x0000, 0x0000, 0x0000, 0x0000, 0x0000, 0x0000, 0x0000, 0x0000, 0x0000, 0x0000, 0x0000, 0x0000, 0x0000, 0x0000, 0x0000, 0x0000,
0x0020, 0x2945, 0x41e8, 0x39a7, 0x3186, 0x31a7, 0x39a7, 0x39a7, 0x39a7, 0x39c7, 0x39c7, 0x39e8, 0x3186, 0x6b4d, 0xce59, 0x0841,
0x528a, 0x9cd3, 0x3186, 0x4209, 0x2925, 0x1040, 0x0000, 0x0000, 0xffe0, 0x0000, 0x0000, 0x0000, 0x0000, 0x0000, 0x0000, 0x0000,
0x0000, 0x0000, 0x0000, 0x0000, 0x0000, 0x0000, 0x0000, 0x0000, 0x0000, 0x0000, 0x0000, 0x0000, 0x0000, 0x0000, 0x0000, 0x0000,
0x0820, 0x2945, 0x41e8, 0x39a7, 0x3187, 0x31a7, 0x39a7, 0x39a7, 0x39a7, 0x39c7, 0x39c7, 0x39e8, 0x3186, 0x7b8e, 0xce59, 0x0000,
0x52aa, 0x9472, 0x2965, 0x39c8, 0x2925, 0x1040, 0x0000, 0x0000, 0xffe0, 0x0000, 0x0000, 0x0000, 0x0000, 0x0000, 0x0000, 0x0000,
0x0000, 0x0000, 0x0000, 0x0000, 0x0000, 0x0000, 0x0000, 0x0000, 0x0000, 0x0000, 0x0000, 0x0000, 0x0000, 0x0000, 0x0000, 0x0000,
0x0841, 0x2945, 0x39e8, 0x31a7, 0x3186, 0x3186, 0x3186, 0x3186, 0x3186, 0x31a7, 0x39a7, 0x39c7, 0x3166, 0x736e, 0xce38, 0x0020,
0x632c, 0x8c51, 0x2945, 0x39c8, 0x2105, 0x0800, 0x0000, 0x0000, 0xaaa0, 0x0000, 0x0000, 0x0000, 0x0000, 0x0000, 0x0000, 0x0000,
0x0000, 0x0000, 0x0000, 0x0000, 0x0000, 0x0000, 0x0000, 0x0000, 0x0000, 0x0000, 0x0000, 0x0000, 0x0000, 0x0000, 0x0000, 0x0000,
0x18c3, 0x39a7, 0x39a7, 0x3186, 0x3186, 0x3186, 0x3186, 0x3187, 0x39a7, 0x39c7, 0x39c7, 0x39c7, 0x41e8, 0xdedb, 0x31a6, 0x2104,
0xad34, 0x39a7, 0x39c7, 0x2926, 0x1880, 0x0000, 0x0000, 0x0000, 0x0000, 0x0000, 0x0000, 0x0000, 0x0000, 0x0000, 0x0000, 0x0000,
0x0000, 0x0000, 0x0000, 0x0000, 0x0000, 0x0000, 0x0000, 0x0000, 0x0000, 0x0000, 0x0000, 0x0000, 0x0000, 0x0000, 0x0000, 0x0000,
0x0861, 0x3166, 0x39c8, 0x3186, 0x3186, 0x3186, 0x3187, 0x31a7, 0x39a7, 0x39a7, 0x39c7, 0x39e8, 0x3166, 0x83f0, 0xbdd7, 0x0020,
0x738e, 0x8410, 0x3166, 0x39c8, 0x2104, 0x0800, 0x0000, 0x0000, 0xfbe0, 0x0000, 0x0000, 0x0000, 0x0000, 0x0000, 0x0000, 0x0000,
0x0000, 0x0000, 0x0000, 0x0000, 0x0000, 0x0000, 0x0000, 0x0000, 0x0000, 0x0000, 0x0000, 0x0000, 0x0000, 0x0000, 0x0000, 0x0000,
0x0841, 0x2945, 0x41e8, 0x39a7, 0x31a7, 0x31a7, 0x39a7, 0x39a7, 0x39a7, 0x39a7, 0x39c7, 0x39c8, 0x3186, 0x738e, 0xd69a, 0x0841,
0x528a, 0x9c92, 0x2945, 0x39c8, 0x2946, 0x1040, 0x0000, 0x0000, 0x0000, 0x0000, 0x0000, 0x0000, 0x0000, 0x0000, 0x0000, 0x0000,

/* -7- */
0x0000, 0x0000, 0x0000, 0x0000, 0x0000, 0x0000, 0x0000, 0x0000, 0x0000, 0x0000, 0x0000, 0x0000, 0x0000, 0x0000, 0x0000, 0x0841,
0x2945, 0x39c8, 0x3186, 0x3186, 0x3186, 0x3186, 0x3186, 0x3186, 0x3186, 0x3186, 0x31a7, 0x39c7, 0x2125, 0x9c92, 0xa4f4, 0x0000,
0x6b4d, 0x8c51, 0x2946, 0x3144, 0xac21, 0xbca4, 0x51e1, 0x0000, 0x0000, 0x0000, 0x0000, 0x0000, 0x0000, 0x0000, 0x0000, 0x0000,
0x0000, 0x0000, 0x0000, 0x0000, 0x0000, 0x0000, 0x0000, 0x0000, 0x0000, 0x0000, 0x0000, 0x0000, 0x0000, 0x0007, 0x0000, 0x0861,
0x3186, 0x39c8, 0x3166, 0x3186, 0x3186, 0x3186, 0x3186, 0x3186, 0x3186, 0x3187, 0x3186, 0x31a7, 0x2125, 0x7bae, 0xbdb7, 0x0020,
0x5aaa, 0x8410, 0x2126, 0x3164, 0xb482, 0xd586, 0x6a82, 0x0000, 0x0000, 0x0000, 0x0000, 0x0000, 0x0000, 0x0000, 0x0000, 0x0000,
0x0000, 0x0000, 0x0000, 0x0000, 0x0000, 0x0000, 0x0000, 0x0000, 0x0000, 0x0000, 0x0000, 0x0000, 0x0000, 0x0000, 0x0000, 0x0020,
0x2925, 0x39c8, 0x3186, 0x3186, 0x3186, 0x3186, 0x3186, 0x3186, 0x3187, 0x31a7, 0x31a7, 0x39a7, 0x3166, 0x62cb, 0xcdf7, 0x10a2,
0x4a49, 0x9451, 0x2946, 0x3165, 0xb441, 0xd5a6, 0x72c3, 0x0800, 0x0000, 0x0000, 0x0000, 0x0000, 0x0000, 0x0000, 0x0000, 0x0000,
0x0000, 0x0000, 0x0000, 0x0000, 0x0000, 0x0000, 0x0000, 0x0000, 0x0000, 0x0000, 0x0000, 0x0000, 0x0000, 0x0000, 0x0000, 0x0020,
0x2925, 0x39c7, 0x3186, 0x3186, 0x3186, 0x3186, 0x3186, 0x3186, 0x3187, 0x39a7, 0x39a7, 0x39a7, 0x3166, 0x62ec, 0xbd96, 0x10a2,
0x5acb, 0x8c30, 0x2125, 0x3165, 0xbc61, 0xd585, 0x7282, 0x0800, 0x0000, 0x0000, 0x0000, 0x0000, 0x0000, 0x0000, 0x0000, 0x0000,
0x0000, 0x0000, 0x0000, 0x0000, 0x0000, 0x0000, 0x0000, 0x0000, 0x0000, 0x0000, 0x0000, 0x0000, 0x0000, 0x0000, 0x0000, 0x0820,
0x2925, 0x39a7, 0x3166, 0x3186, 0x3186, 0x3166, 0x3166, 0x3166, 0x3166, 0x3186, 0x3187, 0x39a7, 0x2945, 0x6b2d, 0xbd96, 0x0000,
0x5acb, 0x9c92, 0x2125, 0x3164, 0xac00, 0xc504, 0x5a42, 0x0000, 0x0000, 0x0000, 0x0000, 0x0000, 0x0000, 0x0000, 0x0000, 0x0000,
0x0000, 0x0000, 0x0000, 0x0000, 0x0000, 0x0000, 0x0000, 0x0000, 0x0000, 0x0000, 0x0000, 0x0000, 0x0000, 0x0000, 0x0000, 0x10a2,
0x39c7, 0x39a7, 0x3166, 0x3166, 0x3166, 0x3166, 0x3166, 0x3186, 0x3186, 0x3186, 0x31a7, 0x3187, 0x39a7, 0xcdf7, 0x4a49, 0x2945,
0xa4d3, 0x39a7, 0x2945, 0x9b81, 0xddc5, 0x8b44, 0x2080, 0x0000, 0x0000, 0x0000, 0x0000, 0x0000, 0x0000, 0x0000, 0x0000, 0x0000,
0x0000, 0x0000, 0x0000, 0x0000, 0x0000, 0x0000, 0x0000, 0x0000, 0x0000, 0x0000, 0x0000, 0x0000, 0x0000, 0x0000, 0x0000, 0x0841,
0x3166, 0x39a7, 0x3166, 0x3166, 0x3166, 0x3166, 0x3166, 0x3186, 0x3186, 0x3187, 0x31a7, 0x39a7, 0x2945, 0x7b6e, 0xad34, 0x0000,
0x5acb, 0x8410, 0x2125, 0x3964, 0xbc81, 0xcd45, 0x6222, 0x0000, 0x0000, 0x0000, 0x0000, 0x0000, 0x0000, 0x0000, 0x0000, 0x0000,
0x0000, 0x0000, 0x0000, 0x0000, 0x0000, 0x0000, 0x0000, 0x0000, 0x0000, 0x0000, 0x0000, 0x0000, 0x0000, 0x0000, 0x0000, 0x0841,
0x2945, 0x39c7, 0x3186, 0x3186, 0x3186, 0x3186, 0x3186, 0x3187, 0x31a7, 0x3187, 0x3187, 0x39a7, 0x2966, 0x62ec, 0xc5d7, 0x0882,
0x4a49, 0x9c92, 0x2946, 0x3165, 0xac01, 0xd565, 0x7ae3, 0x1000, 0x0000, 0x0000, 0x0000, 0x0000, 0x0000, 0x0000, 0x0000, 0x0000,

/* -8- */
0x0000, 0x0000, 0x0000, 0x0000, 0x0000, 0x0000, 0x0000, 0x0000, 0x0000, 0x0000, 0x0000, 0x0000, 0x0000, 0x0000, 0x0000, 0x2104,
0x39a7, 0x3166, 0x3186, 0x3166, 0x3166, 0x3166, 0x3166, 0x3166, 0x3186, 0x3186, 0x3186, 0x3186, 0x3166, 0x41e8, 0xad14, 0x9471,
0x9c92, 0x39e8, 0x2104, 0xc480, 0xfe40, 0xfe85, 0xfe86, 0x9bc2, 0x30e0, 0x0000, 0x0000, 0x0000, 0x0000, 0x0000, 0x0000, 0x0000,
0x0000, 0x0000, 0x0000, 0x0000, 0x0000, 0x0000, 0x0000, 0x0000, 0x0000, 0x0000, 0x0000, 0x0000, 0x0000, 0x0000, 0x0841, 0x2945,
0x39a7, 0x3186, 0x3186, 0x3166, 0x3166, 0x3166, 0x3186, 0x3186, 0x3186, 0x3186, 0x3166, 0x3166, 0x3186, 0x31a7, 0x9c92, 0xa4d3,
0x9cb2, 0x4209, 0x2104, 0xc480, 0xfe40, 0xfe64, 0xfec6, 0xbca3, 0x4140, 0x0000, 0x0000, 0x0000, 0x0000, 0x0000, 0x0000, 0x0000,
0x0000, 0x0000, 0x0000, 0x0000, 0x0000, 0x0000, 0x0000, 0x0000, 0x0000, 0x0000, 0x0000, 0x0000, 0x0000, 0x0000, 0x0000, 0x20e4,
0x39a7, 0x3186, 0x3186, 0x3186, 0x3166, 0x3186, 0x3186, 0x3166, 0x3166, 0x3186, 0x3186, 0x3186, 0x31a7, 0x3166, 0x83cf, 0xad14,
0xa4d3, 0x4229, 0x2104, 0xc480, 0xfe60, 0xfe63, 0xfea7, 0xbc84, 0x4160, 0x0000, 0x0000, 0x0000, 0x0000, 0x0000, 0x0000, 0x0000,
0x0000, 0x0000, 0x0000, 0x0000, 0x0000, 0x0000, 0x0000, 0x0000, 0x0000, 0x0000, 0x0000, 0x0000, 0x0000, 0x0000, 0x0000, 0x2104,
0x39a7, 0x3166, 0x3186, 0x3166, 0x3166, 0x3166, 0x3166, 0x3166, 0x3186, 0x3186, 0x3186, 0x3186, 0x3186, 0x2945, 0x7bae, 0xad14,
0xa4d3, 0x41e8, 0x2104, 0xc460, 0xfe40, 0xfe42, 0xfe65, 0xbca4, 0x4140, 0x0000, 0x0000, 0x0000, 0x0000, 0x0000, 0x0000, 0x0000,
0x0000, 0x0000, 0x0000, 0x0000, 0x0000, 0x0000, 0x0000, 0x0000, 0x0000, 0x0000, 0x0000, 0x0000, 0x0000, 0x0000, 0x0020, 0x2104,
0x3187, 0x3166, 0x3166, 0x3166, 0x3166, 0x3166, 0x3166, 0x3166, 0x3166, 0x3166, 0x3166, 0x3186, 0x3187, 0x3186, 0x9c72, 0xa4d3,
0xad14, 0x4a49, 0x2904, 0xc480, 0xfe40, 0xfe83, 0xfea7, 0xac23, 0x3900, 0x0000, 0x0000, 0x0000, 0x0000, 0x0000, 0x0000, 0x0000,
0x0000, 0x0000, 0x0000, 0x0000, 0x0000, 0x0000, 0x0000, 0x0000, 0x0000, 0x0000, 0x0000, 0x0000, 0x0000, 0x0000, 0x1061, 0x3186,
0x3187, 0x3166, 0x3166, 0x3166, 0x3166, 0x3166, 0x3166, 0x3166, 0x3166, 0x3186, 0x3186, 0x31a7, 0x3166, 0x5acb, 0xacf4, 0xa4d3,
0x5acb, 0x18e5, 0xa380, 0xfe40, 0xfe21, 0xfea6, 0xdd64, 0x5a00, 0x0000, 0x0000, 0x0000, 0x0000, 0x0000, 0x0000, 0x0000, 0x0000,
0x0000, 0x0000, 0x0000, 0x0000, 0x0000, 0x0000, 0x0000, 0x0000, 0x0000, 0x0000, 0x0000, 0x0000, 0x0000, 0x0000, 0x0020, 0x2925,
0x31a7, 0x3166, 0x3166, 0x3186, 0x3166, 0x3166, 0x3166, 0x3166, 0x3166, 0x3166, 0x3166, 0x3186, 0x3186, 0x3186, 0x9451, 0xa4b2,
0x9c92, 0x39e8, 0x2924, 0xd4a0, 0xfe40, 0xfe84, 0xfe87, 0xac43, 0x3100, 0x0000, 0x0000, 0x0000, 0x0000, 0x0000, 0x0000, 0x0000,
0x0000, 0x0000, 0x0000, 0x0000, 0x0000, 0x0000, 0x0000, 0x0000, 0x0000, 0x0000, 0x0000, 0x0000, 0x0000, 0x0000, 0x0020, 0x2104,
0x39a7, 0x3166, 0x3186, 0x3186, 0x3186, 0x3186, 0x3166, 0x3186, 0x3186, 0x3186, 0x3186, 0x3186, 0x3187, 0x2945, 0x83cf, 0xad34,
0xacf4, 0x4a6a, 0x2105, 0xb400, 0xfe40, 0xfe42, 0xfe85, 0xcce4, 0x51a0, 0x0000, 0x0000, 0x0000, 0x0000, 0x0000, 0x0000, 0x0000,

/* -9- */
0x0000, 0x0000, 0x0000, 0x0000, 0x0000, 0x0000, 0x0000, 0x0000, 0x0000, 0x0000, 0x0000, 0x0000, 0x0000, 0x0000, 0x18a3, 0x3187,
0x3166, 0x3186, 0x3166, 0x3166, 0x3166, 0x3166, 0x3166, 0x3166, 0x3166, 0x3166, 0x3166, 0x3166, 0x3186, 0x2966, 0x3166, 0x526a,
0x39a7, 0x2105, 0xa340, 0xfe00, 0xf5a0, 0xf5a0, 0xfde0, 0xfec4, 0xddc6, 0x51e0, 0x0000, 0x0000, 0x0000, 0x0000, 0x0000, 0x0000,
0x0000, 0x0000, 0x0000, 0x0000, 0x0000, 0x0000, 0x0000, 0x0000, 0x0000, 0x0000, 0x0000, 0x0000, 0x0000, 0x0000, 0x18c3, 0x31a7,
0x3166, 0x3186, 0x3186, 0x3186, 0x3166, 0x3166, 0x3166, 0x3166, 0x3166, 0x3166, 0x3166, 0x3166, 0x3186, 0x3186, 0x2945, 0x4a29,
0x39a7, 0x2105, 0x9b21, 0xfe00, 0xf5c0, 0xfdc0, 0xfdc0, 0xfea3, 0xee05, 0x6a61, 0x0020, 0x0000, 0x0000, 0x0000, 0x0000, 0x0000,
0x0000, 0x0000, 0x0000, 0x0000, 0x0000, 0x0000, 0x0000, 0x0000, 0x0000, 0x0000, 0x0000, 0x0000, 0x0000, 0x0000, 0x1082, 0x3187,
0x3186, 0x3166, 0x3186, 0x3186, 0x3166, 0x3186, 0x3186, 0x3166, 0x3166, 0x3166, 0x3166, 0x3166, 0x3166, 0x3186, 0x2945, 0x41e8,
0x39c7, 0x2106, 0x9b01, 0xfde0, 0xf5c0, 0xf5c0, 0xf5a0, 0xfe62, 0xf624, 0x72a1, 0x0800, 0x0000, 0x0000, 0x0000, 0x0000, 0x0000,
0x0000, 0x0000, 0x0000, 0x0000, 0x0000, 0x0000, 0x0000, 0x0000, 0x0000, 0x0000, 0x0000, 0x0000, 0x0000, 0x0000, 0x10a3, 0x3186,
0x3166, 0x3166, 0x3166, 0x3166, 0x3166, 0x3166, 0x3166, 0x3166, 0x3186, 0x3166, 0x3166, 0x3166, 0x3166, 0x3186, 0x2945, 0x39c8,
0x31a7, 0x2105, 0xa300, 0xfde0, 0xf5c0, 0xf5c0, 0xf5c0, 0xfe83, 0xee24, 0x6240, 0x0820, 0x0000, 0x0000, 0x0000, 0x0000, 0x0000,
0x0000, 0x0000, 0x0000, 0x0000, 0x0000, 0x0000, 0x0000, 0x0000, 0x0000, 0x0000, 0x0000, 0x0000, 0x0000, 0x0000, 0x18a2, 0x3186,
0x3166, 0x3186, 0x3186, 0x3166, 0x3166, 0x3166, 0x3166, 0x3166, 0x3166, 0x3166, 0x3166, 0x3166, 0x3166, 0x3166, 0x2945, 0x4a29,
0x39c7, 0x18e5, 0x9b21, 0xfe00, 0xf5c0, 0xfdc0, 0xfde0, 0xfea3, 0xede5, 0x6241, 0x0000, 0x0000, 0x0000, 0x0000, 0x0000, 0x0000,
0x0000, 0x0000, 0x0000, 0x0000, 0x0000, 0x0000, 0x0000, 0x0000, 0x0000, 0x0000, 0x0000, 0x0000, 0x0000, 0x0020, 0x2925, 0x3187,
0x3166, 0x3166, 0x3166, 0x3166, 0x3166, 0x3166, 0x3166, 0x3166, 0x3166, 0x3166, 0x3166, 0x3186, 0x3187, 0x2946, 0x3186, 0x39a7,
0x2106, 0x7a61, 0xfdc0, 0xf5e0, 0xfdc0, 0xf5c0, 0xfe62, 0xfe85, 0x8b21, 0x1860, 0x0000, 0x0000, 0x0000, 0x0000, 0x0000, 0x0000,
0x0000, 0x0000, 0x0000, 0x0000, 0x0000, 0x0000, 0x0000, 0x0000, 0x0000, 0x0000, 0x0000, 0x0000, 0x0000, 0x0000, 0x18c3, 0x3187,
0x3166, 0x3186, 0x3186, 0x3186, 0x3186, 0x3166, 0x3166, 0x3166, 0x3166, 0x3166, 0x3166, 0x3186, 0x3186, 0x3166, 0x2945, 0x4a29,
0x39c7, 0x2105, 0xab60, 0xfde0, 0xf5a0, 0xf5a0, 0xfdc0, 0xfea3, 0xede4, 0x6220, 0x0000, 0x0000, 0x0000, 0x0000, 0x0000, 0x0000,
0x0000, 0x0000, 0x0000, 0x0000, 0x0000, 0x0000, 0x0000, 0x0000, 0x0000, 0x0000, 0x0000, 0x0000, 0x0000, 0x0000, 0x18a3, 0x3187,
0x3166, 0x3166, 0x3186, 0x3186, 0x3187, 0x3186, 0x3186, 0x3186, 0x3186, 0x3166, 0x3166, 0x3186, 0x3186, 0x3186, 0x2925, 0x41e8,
0x39a7, 0x2106, 0x92c1, 0xfde0, 0xf5c0, 0xf5c0, 0xf5c0, 0xfe82, 0xf645, 0x72a1, 0x0820, 0x0000, 0x0000, 0x0000, 0x0000, 0x0000,

/* -10- */
0x0000, 0x0000, 0x0000, 0x0000, 0x0000, 0x0000, 0x0000, 0x0000, 0x0000, 0x0000, 0x0000, 0x0000, 0x0000, 0x0861, 0x3166, 0x3186,
0x3166, 0x3166, 0x3166, 0x3166, 0x3166, 0x3166, 0x3166, 0x3186, 0x3166, 0x3166, 0x3166, 0x3166, 0x3186, 0x3186, 0x3187, 0x2945,
0x2105, 0x3102, 0xe420, 0xfd80, 0xfde0, 0xfe00, 0xfe00, 0xfde0, 0xfec2, 0xfd60, 0x4920, 0x0000, 0x0000, 0x0000, 0x0000, 0x0000,
0x0000, 0x0000, 0x0000, 0x0000, 0x0000, 0x0000, 0x0000, 0x0000, 0x0000, 0x0000, 0x0000, 0x0000, 0x0000, 0x1082, 0x3166, 0x3166,
0x3166, 0x3166, 0x3186, 0x3186, 0x3166, 0x3186, 0x3186, 0x3186, 0x3166, 0x3166, 0x3186, 0x3186, 0x3186, 0x3186, 0x31a7, 0x2945,
0x2105, 0x28e2, 0xdbe0, 0xfd60, 0xfde0, 0xfe20, 0xfe00, 0xfdc0, 0xfe82, 0xfdc1, 0x5960, 0x0000, 0x0000, 0x0000, 0x0000, 0x0000,
0x0000, 0x0000, 0x0000, 0x0000, 0x0000, 0x0000, 0x0000, 0x0000, 0x0000, 0x0000, 0x0000, 0x0000, 0x0000, 0x0020, 0x2945, 0x3187,
0x3166, 0x3186, 0x3186, 0x3186, 0x3186, 0x3186, 0x3186, 0x3186, 0x3186, 0x3166, 0x3166, 0x3186, 0x3186, 0x3186, 0x31a7, 0x2945,
0x2104, 0x18a2, 0xc360, 0xfd40, 0xfde0, 0xfe00, 0xfe00, 0xfde0, 0xfe61, 0xfdc1, 0x5980, 0x0000, 0x0000, 0x0000, 0x0000, 0x0000,
0x0000, 0x0000, 0x0000, 0x0000, 0x0000, 0x0000, 0x0000, 0x0000, 0x0000, 0x0000, 0x0000, 0x0000, 0x0000, 0x0841, 0x2945, 0x3186,
0x3166, 0x3166, 0x3186, 0x3186, 0x3186, 0x3186, 0x3186, 0x3187, 0x3187, 0x3166, 0x3166, 0x3186, 0x3166, 0x3186, 0x39a7, 0x2966,
0x18e4, 0x18a2, 0xc320, 0xfd00, 0xfdc0, 0xfe20, 0xfe20, 0xfde0, 0xfe81, 0xfd61, 0x4920, 0x0000, 0x0000, 0x0000, 0x0000, 0x0000,
0x0000, 0x0000, 0x0000, 0x0000, 0x0000, 0x0000, 0x0000, 0x0000, 0x0000, 0x0000, 0x0000, 0x0000, 0x0000, 0x0841, 0x2945, 0x3166,
0x3166, 0x3186, 0x3186, 0x3186, 0x3166, 0x3166, 0x3186, 0x3187, 0x3186, 0x3166, 0x3166, 0x3166, 0x3166, 0x3186, 0x3187, 0x2945,
0x2105, 0x28c2, 0xe400, 0xfd60, 0xfde0, 0xfe00, 0xfe00, 0xfde0, 0xfea2, 0xfda2, 0x4920, 0x0000, 0x0000, 0x0000, 0x0000, 0x0000,
0x0000, 0x0000, 0x0000, 0x0000, 0x0000, 0x0000, 0x0000, 0x0000, 0x0000, 0x0000, 0x0000, 0x0000, 0x0000, 0x18a3, 0x3186, 0x3166,
0x3166, 0x3166, 0x3166, 0x3166, 0x3166, 0x3166, 0x3166, 0x3186, 0x3166, 0x3166, 0x3186, 0x3186, 0x3186, 0x39a7, 0x3166, 0x2925,
0x18c3, 0x9280, 0xfcc0, 0xfda0, 0xfe00, 0xfe00, 0xfde0, 0xfe21, 0xfdc1, 0x69c0, 0x0000, 0x0000, 0x0000, 0x0000, 0x0000, 0x0000,
0x0000, 0x0000, 0x0000, 0x0000, 0x0000, 0x0000, 0x0000, 0x0000, 0x0000, 0x0000, 0x0000, 0x0000, 0x0000, 0x1062, 0x2966, 0x3166,
0x3186, 0x3186, 0x3186, 0x3186, 0x3186, 0x3186, 0x3186, 0x3187, 0x3186, 0x3186, 0x3186, 0x3186, 0x3186, 0x3186, 0x31a7, 0x2945,
0x1904, 0x28e2, 0xdbe0, 0xfd40, 0xfde0, 0xfe20, 0xfe00, 0xfde0, 0xfea1, 0xfd41, 0x4100, 0x0000, 0x0000, 0x0000, 0x0000, 0x0000,
0x0000, 0x0000, 0x0000, 0x0000, 0x0000, 0x0000, 0x0000, 0x0000, 0x0000, 0x0000, 0x0000, 0x0000, 0x0000, 0x0861, 0x2945, 0x3186,
0x3166, 0x3186, 0x3186, 0x3186, 0x3187, 0x3187, 0x3187, 0x3187, 0x3187, 0x3166, 0x3186, 0x3186, 0x3186, 0x3186, 0x3187, 0x2945,
0x2104, 0x1082, 0xb300, 0xfce0, 0xfdc0, 0xfe20, 0xfe20, 0xfde0, 0xfe61, 0xfda1, 0x5160, 0x0000, 0x0000, 0x0000, 0x0000, 0x0000,

/* -11- */
0x0000, 0x0000, 0x0000, 0x0000, 0x0000, 0x0000, 0x0000, 0x0000, 0x0000, 0x0000, 0x0000, 0x0000, 0x0000, 0x18e3, 0x3187, 0x3166,
0x3186, 0x3186, 0x3186, 0x3186, 0x3186, 0x3186, 0x3166, 0x2104, 0x2946, 0x3187, 0x3166, 0x3186, 0x3186, 0x39a7, 0x2925, 0x10a3,
0x10a2, 0x1082, 0x28c1, 0x8240, 0xbb60, 0xdc20, 0xecc0, 0xecc0, 0xe420, 0x9aa0, 0x30e0, 0x0000, 0x0000, 0x0000, 0x0000, 0x0000,
0x0000, 0x0000, 0x0000, 0x0000, 0x0000, 0x0000, 0x0000, 0x0000, 0x0000, 0x0000, 0x0000, 0x0000, 0x0020, 0x2104, 0x3186, 0x3166,
0x3166, 0x3186, 0x3186, 0x3186, 0x3186, 0x3187, 0x3166, 0x2104, 0x2966, 0x3186, 0x3166, 0x3186, 0x3187, 0x3187, 0x2104, 0x1082,
0x10a2, 0x10a3, 0x20a1, 0x71e0, 0xb300, 0xcbc0, 0xe440, 0xec80, 0xe420, 0xa2c0, 0x30e0, 0x0000, 0x0000, 0x0000, 0x0000, 0x0000,
0x0000, 0x0000, 0x0000, 0x0000, 0x0000, 0x0000, 0x0000, 0x0000, 0x0000, 0x0000, 0x0000, 0x0000, 0x0000, 0x10a3, 0x3166, 0x3166,
0x3166, 0x3166, 0x3186, 0x3186, 0x3187, 0x3187, 0x3186, 0x2925, 0x2946, 0x3186, 0x3166, 0x3186, 0x3186, 0x3186, 0x2125, 0x10a2,
0x10a2, 0x18c3, 0x1882, 0x59a0, 0xa2c0, 0xc3a0, 0xdc00, 0xdc00, 0xd3a0, 0x9a80, 0x30e0, 0x0000, 0x0000, 0x0000, 0x0000, 0x0000,
0x0000, 0x0000, 0x0000, 0x0000, 0x0000, 0x0000, 0x0000, 0x0000, 0x0000, 0x0000, 0x0000, 0x0000, 0x0000, 0x18c3, 0x3166, 0x3166,
0x3186, 0x3186, 0x3186, 0x3186, 0x3187, 0x3187, 0x3166, 0x2945, 0x3166, 0x39a7, 0x3186, 0x3186, 0x3186, 0x3186, 0x20e4, 0x10a2,
0x18a3, 0x18c3, 0x1882, 0x5980, 0x92a0, 0xbb60, 0xd3e0, 0xdc20, 0xcb80, 0x7a00, 0x20a0, 0x0000, 0x0000, 0x0000, 0x0000, 0x0000,
0x0000, 0x0000, 0x0000, 0x0000, 0x0000, 0x0000, 0x0000, 0x0000, 0x0000, 0x0000, 0x0000, 0x0000, 0x0000, 0x18c3, 0x3166, 0x2966,
0x3166, 0x3186, 0x3186, 0x3186, 0x3186, 0x3186, 0x3186, 0x2104, 0x2966, 0x3187, 0x3186, 0x3186, 0x3186, 0x3186, 0x2104, 0x10a2,
0x10a2, 0x10a3, 0x28c1, 0x7200, 0xab00, 0xcba0, 0xdc20, 0xe460, 0xe400, 0xa2c0, 0x30c0, 0x0000, 0x0000, 0x0000, 0x0000, 0x0000,
0x0000, 0x0000, 0x0000, 0x0000, 0x0000, 0x0000, 0x0000, 0x0000, 0x0000, 0x0000, 0x0000, 0x0000, 0x0841, 0x2945, 0x3166, 0x3166,
0x3166, 0x3166, 0x3186, 0x3186, 0x3186, 0x3187, 0x2945, 0x2125, 0x3186, 0x3186, 0x3186, 0x3186, 0x31a7, 0x2925, 0x1082, 0x1082,
0x18e3, 0x10a3, 0x3901, 0x8240, 0xb320, 0xcbc0, 0xdc00, 0xcb60, 0x9240, 0x30e0, 0x0000, 0x0000, 0x0000, 0x0000, 0x0000, 0x0000,
0x0000, 0x0000, 0x0000, 0x0000, 0x0000, 0x0000, 0x0000, 0x0000, 0x0000, 0x0000, 0x0000, 0x0000, 0x0000, 0x20e4, 0x3166, 0x3166,
0x3186, 0x3186, 0x3186, 0x3186, 0x3186, 0x3187, 0x3166, 0x2104, 0x3187, 0x31a7, 0x3186, 0x3166, 0x3187, 0x3186, 0x20e4, 0x1082,
0x1082, 0x10a3, 0x28c1, 0x71e0, 0xb320, 0xcbe0, 0xdc40, 0xe460, 0xd3c0, 0x8a40, 0x28a0, 0x0000, 0x0000, 0x0000, 0x0000, 0x0000,
0x0000, 0x0000, 0x0000, 0x0000, 0x0000, 0x0000, 0x0000, 0x0000, 0x0000, 0x0000, 0x0000, 0x0000, 0x0000, 0x18e3, 0x3186, 0x3166,
0x3186, 0x3186, 0x3187, 0x3186, 0x3187, 0x3187, 0x3166, 0x2925, 0x3166, 0x31a7, 0x3186, 0x3186, 0x3186, 0x3186, 0x2104, 0x1082,
0x10a2, 0x18c3, 0x20a2, 0x5960, 0x9280, 0xbb60, 0xcbc0, 0xd400, 0xcb80, 0x8220, 0x28c0, 0x0000, 0x0000, 0x0000, 0x0000, 0x0000,

/* -12- */
0x0000, 0x0000, 0x0000, 0x0000, 0x0000, 0x0000, 0x0000, 0x0000, 0x0000, 0x0000, 0x0000, 0x0000, 0x0841, 0x2945, 0x3186, 0x3166,
0x3186, 0x3186, 0x3186, 0x3186, 0x3186, 0x31a7, 0x18e4, 0x7c52, 0x4208, 0x2946, 0x3186, 0x3186, 0x3166, 0x18c3, 0x10a2, 0x2104,
0x18c3, 0x2924, 0x1904, 0x0883, 0x1082, 0x1861, 0x2080, 0x28a0, 0x28a0, 0x0000, 0x0000, 0x0000, 0x0000, 0x0000, 0x0000, 0x0000,
0x0000, 0x0000, 0x0000, 0x0000, 0x0000, 0x0000, 0x0000, 0x0000, 0x0000, 0x0000, 0x000f, 0x0000, 0x1082, 0x2946, 0x3166, 0x3166,
0x3186, 0x3186, 0x3186, 0x3186, 0x3187, 0x3186, 0x2125, 0x7c52, 0x3186, 0x3186, 0x3186, 0x3186, 0x3166, 0x18c3, 0x18c3, 0x2925,
0x20e4, 0x2924, 0x2104, 0x0883, 0x1062, 0x1041, 0x2060, 0x2880, 0x2080, 0x0021, 0x0000, 0x0000, 0x0000, 0x0000, 0x0000, 0x0000,
0x0000, 0x0000, 0x0000, 0x0000, 0x0000, 0x0000, 0x0000, 0x0000, 0x0000, 0x0000, 0x0000, 0x0000, 0x0841, 0x2925, 0x3166, 0x3166,
0x3166, 0x3186, 0x3186, 0x3186, 0x3186, 0x39a7, 0x18c3, 0x6baf, 0x5aeb, 0x2925, 0x39a7, 0x3186, 0x3166, 0x18c3, 0x1082, 0x2924,
0x2925, 0x2945, 0x2925, 0x10a3, 0x0862, 0x1061, 0x1861, 0x2081, 0x1860, 0x0000, 0x0000, 0x0000, 0x0000, 0x0000, 0x0000, 0x0000,
0x0000, 0x0000, 0x0000, 0x0000, 0x0000, 0x0000, 0x0000, 0x0000, 0x0000, 0x0000, 0x0000, 0x0000, 0x0820, 0x2925, 0x3166, 0x3166,
0x3186, 0x3186, 0x3186, 0x3186, 0x3187, 0x39a7, 0x18e4, 0x7431, 0x528a, 0x2945, 0x31a7, 0x3186, 0x2945, 0x10a2, 0x10a2, 0x2124,
0x20e4, 0x2965, 0x2945, 0x10a3, 0x0862, 0x0841, 0x1061, 0x1861, 0x1040, 0x0000, 0x0000, 0x0000, 0x0000, 0x0000, 0x0000, 0x0000,
0x0000, 0x0000, 0x0000, 0x0000, 0x0000, 0x0000, 0x0000, 0x0000, 0x0000, 0x0000, 0x0000, 0x0000, 0x0841, 0x2925, 0x3166, 0x3166,
0x3166, 0x3186, 0x3186, 0x3186, 0x3186, 0x3187, 0x18c3, 0x6baf, 0x4a6a, 0x2966, 0x3187, 0x3186, 0x3166, 0x18c3, 0x10a2, 0x2104,
0x18c3, 0x2104, 0x18e4, 0x0883, 0x0862, 0x1881, 0x20a1, 0x28a1, 0x28a0, 0x0000, 0x0000, 0x0000, 0x0000, 0x0000, 0x0000, 0x0000,
0x0000, 0x0000, 0x0000, 0x0000, 0x0000, 0x0000, 0x0000, 0x0000, 0x0000, 0x0000, 0x0000, 0x0000, 0x10a2, 0x3166, 0x3166, 0x3166,
0x3166, 0x3186, 0x3186, 0x3186, 0x31a7, 0x2925, 0x3209, 0x7c31, 0x2104, 0x39c7, 0x3186, 0x3187, 0x20e4, 0x10a2, 0x2124, 0x2104,
0x2104, 0x2945, 0x10c4, 0x0863, 0x0842, 0x1041, 0x1881, 0x1040, 0x0000, 0x001f, 0x0000, 0x0000, 0x0000, 0x0000, 0x0000, 0x0000,
0x0000, 0x0000, 0x0000, 0x0000, 0x0000, 0x0000, 0x0000, 0x0000, 0x0000, 0x0000, 0x0000, 0x0000, 0x0861, 0x2945, 0x3166, 0x3186,
0x3186, 0x3186, 0x3186, 0x3186, 0x3186, 0x3186, 0x18e4, 0x7c51, 0x3186, 0x3186, 0x31a7, 0x31a7, 0x2966, 0x10a2, 0x10a2, 0x2124,
0x20e4, 0x2924, 0x18e4, 0x0883, 0x0862, 0x1061, 0x1860, 0x20a1, 0x1880, 0x0000, 0x0000, 0x0000, 0x0000, 0x0000, 0x0000, 0x0000,
0x0000, 0x0000, 0x0000, 0x0000, 0x0000, 0x0000, 0x0000, 0x0000, 0x0000, 0x0000, 0x0000, 0x0000, 0x0841, 0x2945, 0x3186, 0x3186,
0x3186, 0x3186, 0x3186, 0x3187, 0x3186, 0x39a7, 0x18c3, 0x7c72, 0x528a, 0x2945, 0x3187, 0x3166, 0x2945, 0x10a2, 0x18a2, 0x2925,
0x2124, 0x2945, 0x2945, 0x10c4, 0x0883, 0x0841, 0x1041, 0x1881, 0x1860, 0x0000, 0x0000, 0x0000, 0x0000, 0x0000, 0x0000, 0x0000,

/* -13- */
0x0000, 0x0000, 0x0000, 0x0000, 0x0000, 0x0000, 0x0000, 0x0000, 0x0000, 0x0000, 0x0000, 0x0000, 0x10a2, 0x3166, 0x3166, 0x3186,
0x3186, 0x3186, 0x3186, 0x3186, 0x3187, 0x39a7, 0x10a2, 0x4aec, 0x9d35, 0x20e4, 0x3187, 0x3186, 0x18a3, 0x20e4, 0x39c7, 0x2945,
0x2104, 0x39c7, 0x39a6, 0x2945, 0x39a6, 0x2966, 0x2104, 0x2105, 0x10a2, 0x0000, 0x5000, 0x0000, 0x0000, 0x0000, 0x0000, 0x0000,
0x0000, 0x0000, 0x0000, 0x0000, 0x0000, 0x0000, 0x0000, 0x0000, 0x0000, 0x0000, 0x0000, 0x0000, 0x18c3, 0x3166, 0x3166, 0x3186,
0x3186, 0x3186, 0x3186, 0x3186, 0x3187, 0x3187, 0x18a3, 0x5b6e, 0x8cb3, 0x18a3, 0x39a7, 0x2966, 0x18c3, 0x2924, 0x39c7, 0x2945,
0x20e3, 0x3186, 0x3165, 0x2945, 0x39a6, 0x3186, 0x2125, 0x2946, 0x18c3, 0x0000, 0xfbe0, 0x0000, 0x0000, 0x0000, 0x0000, 0x0000,
0x0000, 0x0000, 0x0000, 0x0000, 0x0000, 0x0000, 0x0000, 0x0000, 0x0000, 0x0000, 0x0000, 0x0000, 0x1082, 0x2966, 0x3166, 0x3186,
0x3186, 0x3186, 0x3186, 0x3187, 0x3187, 0x39c7, 0x2104, 0x31c8, 0x9d96, 0x3186, 0x2966, 0x2966, 0x18a3, 0x20e4, 0x3186, 0x2945,
0x20e3, 0x39a6, 0x39a6, 0x3165, 0x39a6, 0x3186, 0x2124, 0x2945, 0x18c2, 0x0000, 0xffe0, 0x0000, 0x0000, 0x0000, 0x0000, 0x0000,
0x0000, 0x0000, 0x0000, 0x0000, 0x0000, 0x0000, 0x0000, 0x0000, 0x0000, 0x0000, 0x0000, 0x0000, 0x1082, 0x2945, 0x3166, 0x3166,
0x3186, 0x3186, 0x3187, 0x3187, 0x3187, 0x39c7, 0x20e4, 0x3209, 0xa597, 0x2125, 0x2946, 0x2945, 0x10a2, 0x2925, 0x39c7, 0x2965,
0x2904, 0x41e7, 0x39a6, 0x3145, 0x3986, 0x3186, 0x2124, 0x3166, 0x18c3, 0x0000, 0x52aa, 0x0000, 0x0000, 0x0000, 0x0000, 0x0000,
0x0000, 0x0000, 0x0000, 0x0000, 0x0000, 0x0000, 0x0000, 0x0000, 0x0000, 0x0000, 0x0000, 0x0000, 0x1082, 0x2966, 0x3166, 0x3166,
0x3186, 0x3186, 0x3186, 0x3186, 0x3186, 0x31a7, 0x18c3, 0x4acc, 0x9d55, 0x2104, 0x31a7, 0x3166, 0x18a3, 0x20e4, 0x3186, 0x2925,
0x20e3, 0x39c7, 0x3986, 0x3165, 0x39a6, 0x3186, 0x2945, 0x2945, 0x18c2, 0x0000, 0xf800, 0x0000, 0x0000, 0x0000, 0x0000, 0x0000,
0x0000, 0x0000, 0x0000, 0x0000, 0x0000, 0x0000, 0x0000, 0x0000, 0x0000, 0x0000, 0x0000, 0x0020, 0x2104, 0x3166, 0x3166, 0x3166,
0x3186, 0x3186, 0x3186, 0x3186, 0x31a7, 0x3166, 0x0882, 0x84b4, 0x632d, 0x20e4, 0x39a7, 0x18c3, 0x20e3, 0x3186, 0x3186, 0x18c3,
0x3165, 0x3186, 0x2904, 0x3186, 0x39a6, 0x2965, 0x2966, 0x2103, 0x28e0, 0xffe0, 0x0000, 0x0000, 0x0000, 0x0000, 0x0000, 0x0000,
0x0000, 0x0000, 0x0000, 0x0000, 0x0000, 0x0000, 0x0000, 0x0000, 0x0000, 0x0000, 0x0000, 0x0000, 0x10a3, 0x3166, 0x3166, 0x3186,
0x3186, 0x3186, 0x3186, 0x3186, 0x3186, 0x31a7, 0x18a3, 0x63af, 0x9535, 0x20e4, 0x39c7, 0x2945, 0x18a3, 0x2104, 0x3186, 0x2104,
0x18c3, 0x39a7, 0x3186, 0x3165, 0x3186, 0x3166, 0x2104, 0x2125, 0x10c2, 0x0000, 0x500a, 0x0000, 0x0000, 0x0000, 0x0000, 0x0000,
0x0000, 0x0000, 0x0000, 0x0000, 0x0000, 0x0000, 0x0000, 0x0000, 0x0000, 0x0000, 0x0000, 0x0000, 0x10a2, 0x3166, 0x3166, 0x3186,
0x3186, 0x3186, 0x3187, 0x3186, 0x31a7, 0x39a7, 0x18a2, 0x428b, 0x9d76, 0x2104, 0x3166, 0x2945, 0x10a2, 0x2924, 0x39c7, 0x3166,
0x2924, 0x3186, 0x3166, 0x2924, 0x3185, 0x3186, 0x2945, 0x3166, 0x20e3, 0x0000, 0x780f, 0x0000, 0x0000, 0x0000, 0x0000, 0x0000,

/* -14- */
0x0000, 0x0000, 0x0000, 0x0000, 0x0000, 0x0000, 0x0000, 0x0000, 0x0000, 0x0000, 0x0000, 0x0000, 0x18e4, 0x3166, 0x3166, 0x3186,
0x3186, 0x3186, 0x3186, 0x3186, 0x31a7, 0x2104, 0x20e4, 0x18c3, 0x7c93, 0x7c10, 0x0861, 0x18c3, 0x2945, 0x4a28, 0x39e7, 0x6a07,
0x49c7, 0x5269, 0x39a6, 0x3165, 0x4208, 0x5249, 0x39c7, 0x4a28, 0x2945, 0x0020, 0x0000, 0x0000, 0x0000, 0x0000, 0x0000, 0x0000,
0x0000, 0x0000, 0x0000, 0x0000, 0x0000, 0x0000, 0x0000, 0x0000, 0x0000, 0x0000, 0x0000, 0x0020, 0x2104, 0x3166, 0x3166, 0x3166,
0x3186, 0x3186, 0x3186, 0x3187, 0x3186, 0x2945, 0x2945, 0x2145, 0x8cf4, 0x6b6e, 0x18c3, 0x18c3, 0x3166, 0x4208, 0x31c7, 0x61c6,
0x49a6, 0x5269, 0x41e7, 0x39c7, 0x4a28, 0x5249, 0x39a6, 0x4a08, 0x3165, 0x0820, 0x0000, 0x0000, 0x0000, 0x0000, 0x0000, 0x0000,
0x0000, 0x0000, 0x0000, 0x0000, 0x0000, 0x0000, 0x0000, 0x0000, 0x0000, 0x0000, 0x0000, 0x0000, 0x18a3, 0x3166, 0x3166, 0x3186,
0x3186, 0x3186, 0x3186, 0x3186, 0x3187, 0x2945, 0x2945, 0x2945, 0x5b6e, 0x9514, 0x18a2, 0x10a2, 0x2945, 0x4208, 0x39e7, 0x51a6,
0x51a5, 0x4228, 0x41e7, 0x3166, 0x41e7, 0x4a28, 0x39c7, 0x5249, 0x39a6, 0x0020, 0x0000, 0x0000, 0x0000, 0x0000, 0x0000, 0x0000,
0x0000, 0x0000, 0x0000, 0x0000, 0x0000, 0x0000, 0x0000, 0x0000, 0x0000, 0x0000, 0x0000, 0x0000, 0x18c3, 0x3166, 0x3166, 0x3166,
0x3186, 0x3186, 0x3187, 0x3187, 0x3187, 0x2945, 0x2104, 0x2945, 0x63af, 0x8cd3, 0x1082, 0x18c3, 0x3186, 0x4a08, 0x39c7, 0x6a07,
0x51c7, 0x5aaa, 0x4a08, 0x39a6, 0x41c7, 0x5249, 0x39a6, 0x5249, 0x41c7, 0x0000, 0x0000, 0x0000, 0x0000, 0x0000, 0x0000, 0x0000,
0x0000, 0x0000, 0x0000, 0x0000, 0x0000, 0x0000, 0x0000, 0x0000, 0x0000, 0x0000, 0x0000, 0x0000, 0x18e3, 0x3166, 0x3166, 0x3166,
0x3166, 0x3186, 0x3186, 0x3186, 0x3187, 0x2925, 0x18c3, 0x10a2, 0x7c72, 0x8431, 0x18a2, 0x18c3, 0x2924, 0x4208, 0x39e7, 0x59c6,
0x51c6, 0x528a, 0x41e7, 0x3186, 0x41e7, 0x4a08, 0x3186, 0x4a08, 0x3165, 0x0000, 0x0000, 0x0000, 0x0000, 0x0000, 0x0000, 0x0000,
0x0000, 0x0000, 0x0000, 0x0000, 0x0000, 0x0000, 0x0000, 0x0000, 0x0000, 0x0000, 0x0000, 0x0841, 0x2925, 0x3186, 0x3166, 0x3186,
0x3186, 0x3186, 0x3186, 0x3187, 0x2946, 0x20e4, 0x3186, 0x3a09, 0xa597, 0x39e7, 0x0861, 0x2104, 0x41e7, 0x39e7, 0x49a6, 0x61c6,
0x4208, 0x4a28, 0x3166, 0x41e7, 0x5249, 0x39c7, 0x39c7, 0x41e7, 0x0840, 0x0000, 0x0000, 0x0000, 0x0000, 0x0000, 0x0000, 0x0000,
0x0000, 0x0000, 0x0000, 0x0000, 0x0000, 0x0000, 0x0000, 0x0000, 0x0000, 0x0000, 0x0000, 0x0020, 0x2104, 0x3166, 0x3166, 0x3186,
0x3186, 0x3186, 0x3186, 0x3186, 0x3186, 0x2104, 0x2904, 0x2124, 0x84d4, 0x73cf, 0x1082, 0x18a2, 0x3166, 0x4208, 0x39c7, 0x59c6,
0x4165, 0x4a49, 0x4208, 0x39a6, 0x41e8, 0x5269, 0x41e7, 0x41e7, 0x3165, 0x0000, 0x0000, 0x0000, 0x0000, 0x0000, 0x0000, 0x0000,
0x0000, 0x0000, 0x0000, 0x0000, 0x0000, 0x0000, 0x0000, 0x0000, 0x0000, 0x0000, 0x0000, 0x0000, 0x18e3, 0x3186, 0x3186, 0x3186,
0x3186, 0x3186, 0x3187, 0x3187, 0x3187, 0x2104, 0x2104, 0x2125, 0x6c11, 0x7c51, 0x18a3, 0x18e4, 0x3186, 0x4a08, 0x31a6, 0x61e7,
0x51c6, 0x39c7, 0x4208, 0x3186, 0x39c7, 0x5249, 0x41e7, 0x4a28, 0x41c7, 0x0020, 0x0000, 0x0000, 0x0000, 0x0000, 0x0000, 0x0000,

/* -15- */
0x0000, 0x0000, 0x0000, 0x0000, 0x0000, 0x0000, 0x0000, 0x0000, 0x0000, 0x0000, 0x0000, 0x0020, 0x2104, 0x3186, 0x3166, 0x3186,
0x3186, 0x3186, 0x3186, 0x31a7, 0x18e4, 0x4aab, 0x7431, 0x8cd4, 0x29c8, 0x8493, 0x39e7, 0x18a2, 0x39c7, 0x39c7, 0x5a07, 0xc42f,
0x3165, 0x4a28, 0x39a6, 0x39a6, 0x5a8a, 0x5a8a, 0x3166, 0x41e7, 0x39a6, 0x0841, 0x0000, 0x0000, 0x0000, 0x0000, 0x0000, 0x0000,
0x0000, 0x0000, 0x0000, 0x0000, 0x0000, 0x0000, 0x0000, 0x0000, 0x0000, 0x0000, 0x0000, 0x0841, 0x2925, 0x3166, 0x3166, 0x3166,
0x3186, 0x3186, 0x3166, 0x3187, 0x18c3, 0x638f, 0x7452, 0x6c11, 0x31e8, 0x84d4, 0x2945, 0x20e4, 0x41e8, 0x3a08, 0x5a28, 0xdcf1,
0x41c7, 0x4208, 0x39a7, 0x39a6, 0x5249, 0x5a8a, 0x39a7, 0x41e7, 0x39a6, 0x0840, 0x0000, 0x0000, 0x0000, 0x0000, 0x0000, 0x0000,
0x0000, 0x0000, 0x0000, 0x0000, 0x0000, 0x0000, 0x0000, 0x0000, 0x0000, 0x0000, 0x0000, 0x0000, 0x20e4, 0x3166, 0x3166, 0x3166,
0x3186, 0x3186, 0x3186, 0x31a7, 0x2104, 0x52ec, 0x7410, 0x7431, 0x3209, 0x7432, 0x530c, 0x18c3, 0x41e7, 0x3186, 0x41a6, 0xd42e,
0x5208, 0x41e8, 0x39c7, 0x3186, 0x4a08, 0x5a69, 0x39a6, 0x4208, 0x41c7, 0x0861, 0x0000, 0x0000, 0x0000, 0x0000, 0x0000, 0x0000,
0x0000, 0x0000, 0x0000, 0x0000, 0x0000, 0x0000, 0x0000, 0x0000, 0x0000, 0x0000, 0x0000, 0x0020, 0x20e4, 0x3166, 0x3166, 0x3166,
0x3166, 0x3166, 0x3166, 0x39a7, 0x18c3, 0x530c, 0x8492, 0x7c72, 0x31e8, 0x7c72, 0x4a8a, 0x2104, 0x41c7, 0x31a6, 0x51e7, 0xd42e,
0x3986, 0x41e7, 0x39c7, 0x39a6, 0x4a08, 0x5a8a, 0x39a6, 0x39a6, 0x39c7, 0x0841, 0x0000, 0x0000, 0x0000, 0x0000, 0x0000, 0x0000,
0x0000, 0x0000, 0x0000, 0x0000, 0x0000, 0x0000, 0x0000, 0x0000, 0x0000, 0x0000, 0x0000, 0x0020, 0x2104, 0x3186, 0x3166, 0x3166,
0x3166, 0x3166, 0x3166, 0x3187, 0x20e4, 0x426a, 0x6bd0, 0x7431, 0x3a29, 0x84b4, 0x31a7, 0x18a3, 0x39a7, 0x31a6, 0x39a6, 0xcc2e,
0x51e7, 0x4228, 0x39c7, 0x39a6, 0x4a28, 0x5249, 0x3186, 0x41e7, 0x3186, 0x0820, 0x0000, 0x0000, 0x0000, 0x0000, 0x0000, 0x0000,
0x0000, 0x0000, 0x0000, 0x0000, 0x0000, 0x0000, 0x0000, 0x0000, 0x0000, 0x0000, 0x0000, 0x1082, 0x2945, 0x3166, 0x3186, 0x3186,
0x3186, 0x3186, 0x3187, 0x2925, 0x31c7, 0x7431, 0x7c52, 0x530d, 0x3a4a, 0x6bf1, 0x18c3, 0x39a7, 0x4208, 0x39c7, 0xbbcd, 0x7aea,
0x2965, 0x39a6, 0x2924, 0x39c7, 0x5269, 0x41c7, 0x39a7, 0x4a08, 0x1082, 0x0000, 0x0000, 0x0000, 0x0000, 0x0000, 0x0000, 0x0000,
0x0000, 0x0000, 0x0000, 0x0000, 0x0000, 0x0000, 0x0000, 0x0000, 0x0000, 0x0000, 0x0000, 0x0861, 0x2925, 0x3166, 0x3166, 0x3166,
0x3186, 0x3166, 0x3186, 0x3186, 0x18e4, 0x5b8e, 0x7451, 0x7c72, 0x29a7, 0x84d4, 0x2986, 0x2104, 0x41e7, 0x31a7, 0x5207, 0xd42f,
0x41c7, 0x5249, 0x39c7, 0x3166, 0x4a08, 0x62ab, 0x41e8, 0x3186, 0x39a6, 0x0841, 0x0000, 0x0000, 0x0000, 0x0000, 0x0000, 0x0000,
0x0000, 0x0000, 0x0000, 0x0000, 0x0000, 0x0000, 0x0000, 0x0000, 0x0000, 0x0000, 0x0000, 0x0020, 0x2104, 0x3186, 0x3186, 0x3186,
0x3186, 0x3186, 0x3186, 0x39a7, 0x18a3, 0x428a, 0x73f1, 0x73f1, 0x31c8, 0x7c73, 0x4a6a, 0x2104, 0x39c7, 0x2966, 0x41a6, 0xdc6f,
0x49c6, 0x39c7, 0x4208, 0x39a6, 0x4a08, 0x5a8a, 0x41c7, 0x39a6, 0x39c7, 0x1061, 0x0000, 0x0000, 0x0000, 0x0000, 0x0000, 0x0000,

/* -16- */
0x0000, 0x0000, 0x0000, 0x0000, 0x0000, 0x0000, 0x0000, 0x0000, 0x0000, 0x0000, 0x0000, 0x0841, 0x2925, 0x3186, 0x3166, 0x3186,
0x3186, 0x3186, 0x3187, 0x2966, 0x1082, 0x29a7, 0x426a, 0x426a, 0x2966, 0x2986, 0x638f, 0x2945, 0x3166, 0x2903, 0xcc6f, 0xcd12,
0x2904, 0x39a6, 0x3165, 0x3145, 0x41e7, 0x41e7, 0x2925, 0x3186, 0x39a6, 0x0861, 0x0000, 0x0000, 0x0000, 0x0000, 0x0000, 0x0000,
0x0000, 0x0000, 0x0000, 0x0000, 0x0000, 0x0000, 0x0000, 0x0000, 0x0000, 0x0000, 0x0000, 0x1062, 0x2945, 0x3166, 0x3166, 0x3166,
0x3186, 0x3186, 0x3187, 0x2945, 0x1061, 0x2125, 0x31c8, 0x3a09, 0x18c3, 0x3a29, 0x6bd0, 0x2945, 0x39a6, 0x2924, 0xbbed, 0xc512,
0x39a6, 0x39a6, 0x39a6, 0x3165, 0x41e7, 0x41e7, 0x2945, 0x3165, 0x39a6, 0x1061, 0x0000, 0x0000, 0x0000, 0x0000, 0x0000, 0x0000,
0x0000, 0x0000, 0x0000, 0x0000, 0x0000, 0x0000, 0x0000, 0x0000, 0x0000, 0x0000, 0x0000, 0x0841, 0x2104, 0x3166, 0x3166, 0x3166,
0x3186, 0x3186, 0x3186, 0x3166, 0x18a2, 0x1904, 0x29a7, 0x3a4a, 0x2946, 0x1904, 0x63d0, 0x31a6, 0x39c7, 0x2924, 0xb3ad, 0xd512,
0x41a6, 0x3186, 0x39a7, 0x3165, 0x41e7, 0x41e7, 0x2945, 0x3165, 0x39a6, 0x1082, 0x0000, 0x0000, 0x0000, 0x0000, 0x0000, 0x0000,
0x0000, 0x0000, 0x0000, 0x0000, 0x0000, 0x0000, 0x0000, 0x0000, 0x0000, 0x0000, 0x0000, 0x0841, 0x2125, 0x3166, 0x3166, 0x3166,
0x3166, 0x3186, 0x3186, 0x3166, 0x1082, 0x2145, 0x3209, 0x3a09, 0x2104, 0x2145, 0x63b0, 0x3186, 0x39e7, 0x3145, 0xc44f, 0xc4f1,
0x3985, 0x39a6, 0x3165, 0x3145, 0x39c7, 0x4208, 0x3165, 0x3165, 0x39a6, 0x1082, 0x0000, 0x0000, 0x0000, 0x0000, 0x0000, 0x0000,
0x0000, 0x0000, 0x0000, 0x0000, 0x0000, 0x0000, 0x0000, 0x0000, 0x0000, 0x0000, 0x0000, 0x0841, 0x2125, 0x3186, 0x3166, 0x3186,
0x3166, 0x3166, 0x3186, 0x3166, 0x10a2, 0x31a7, 0x428b, 0x426a, 0x2125, 0x29a7, 0x6bf0, 0x2945, 0x3186, 0x10c3, 0x9b4b, 0xd512,
0x3965, 0x3986, 0x3186, 0x3186, 0x41e7, 0x41e8, 0x2945, 0x3165, 0x3165, 0x0861, 0x0000, 0x0000, 0x0000, 0x0000, 0x0000, 0x0000,
0x0000, 0x0000, 0x0000, 0x0000, 0x0000, 0x0000, 0x0000, 0x0000, 0x0000, 0x0000, 0x0000, 0x1082, 0x2946, 0x2966, 0x3166, 0x3166,
0x3186, 0x3186, 0x31a7, 0x18e3, 0x10a3, 0x2166, 0x3a29, 0x31a7, 0x1082, 0x4aec, 0x424a, 0x3165, 0x2124, 0x7268, 0xedb4, 0x6aca,
0x2945, 0x39a6, 0x2924, 0x3186, 0x41c7, 0x3165, 0x2945, 0x39c7, 0x18c2, 0x0000, 0x0000, 0x0000, 0x0000, 0x0000, 0x0000, 0x0000,
0x0000, 0x0000, 0x0000, 0x0000, 0x0000, 0x0000, 0x0000, 0x0000, 0x0000, 0x0000, 0x0000, 0x0862, 0x2945, 0x3166, 0x3166, 0x3166,
0x3186, 0x3186, 0x3186, 0x2945, 0x1082, 0x2166, 0x3a2a, 0x426b, 0x10a3, 0x29a7, 0x6bf0, 0x3165, 0x41e8, 0x2924, 0xbc0e, 0xbc70,
0x2944, 0x39a6, 0x3986, 0x3145, 0x41e7, 0x4a08, 0x3165, 0x2945, 0x31a6, 0x1082, 0x0000, 0x0000, 0x0000, 0x0000, 0x0000, 0x0000,
0x0000, 0x0000, 0x0000, 0x0000, 0x0000, 0x0000, 0x0000, 0x0000, 0x0000, 0x0000, 0x0000, 0x0841, 0x2945, 0x3186, 0x3186, 0x3186,
0x3186, 0x3186, 0x3186, 0x2945, 0x1082, 0x18e4, 0x39e9, 0x4aac, 0x2125, 0x2166, 0x63af, 0x2965, 0x39a6, 0x20e3, 0xc490, 0xee36,
0x41c7, 0x3186, 0x39a6, 0x2924, 0x41c7, 0x4208, 0x3186, 0x3165, 0x39a6, 0x10a2, 0x0000, 0x0000, 0x0000, 0x0000, 0x0000, 0x0000,

/* -17- */
0x0000, 0x0000, 0x0000, 0x0000, 0x0000, 0x0000, 0x0000, 0x0000, 0x0000, 0x0000, 0x0000, 0x0861, 0x2945, 0x3186, 0x3166, 0x3186,
0x3186, 0x3186, 0x3187, 0x18c3, 0x2124, 0x18a2, 0x18e4, 0x2125, 0x18e4, 0x20e4, 0x1904, 0x4208, 0x2104, 0x7aa9, 0xff3a, 0xe657,
0x4186, 0x49c6, 0x2925, 0x3965, 0x41c7, 0x41c7, 0x3965, 0x39c7, 0x39a6, 0x1082, 0x0000, 0x0000, 0x0000, 0x0000, 0x0000, 0x0000,
0x0000, 0x0000, 0x0000, 0x0000, 0x0000, 0x0000, 0x0000, 0x0000, 0x0000, 0x0000, 0x0000, 0x1082, 0x2946, 0x3166, 0x3166, 0x3166,
0x3166, 0x3166, 0x3187, 0x18c3, 0x2945, 0x2104, 0x2104, 0x2966, 0x2945, 0x18e4, 0x1924, 0x41c7, 0x18e3, 0x6a27, 0xfe77, 0xee77,
0x5207, 0x41a6, 0x3165, 0x3165, 0x49e7, 0x4a07, 0x3165, 0x3165, 0x3186, 0x1082, 0x0000, 0x0000, 0x0000, 0x0000, 0x0000, 0x0000,
0x0000, 0x0000, 0x0000, 0x0000, 0x0000, 0x0000, 0x0000, 0x0000, 0x0000, 0x0000, 0x0000, 0x0841, 0x2925, 0x3166, 0x3166, 0x3166,
0x3166, 0x3166, 0x3186, 0x20e4, 0x2124, 0x3165, 0x20e4, 0x2966, 0x2124, 0x2124, 0x10c3, 0x3186, 0x2124, 0x6a27, 0xfeb8, 0xfed9,
0x6a89, 0x49a6, 0x3165, 0x3144, 0x41e7, 0x49e7, 0x3986, 0x3186, 0x3186, 0x1082, 0x0000, 0x0000, 0x0000, 0x0000, 0x0000, 0x0000,
0x0000, 0x0000, 0x0000, 0x0000, 0x0000, 0x0000, 0x0000, 0x0000, 0x0000, 0x0000, 0x0000, 0x0841, 0x2925, 0x3166, 0x3166, 0x3166,
0x3166, 0x3166, 0x3186, 0x18c3, 0x2104, 0x2945, 0x18e3, 0x1904, 0x2104, 0x2925, 0x2104, 0x4a49, 0x2945, 0x7289, 0xff1a, 0xf698,
0x5a07, 0x5a07, 0x3165, 0x3945, 0x41c7, 0x49e7, 0x3165, 0x3166, 0x3186, 0x1082, 0x0000, 0x0000, 0x0000, 0x0000, 0x0000, 0x0000,
0x0000, 0x0000, 0x0000, 0x0000, 0x0000, 0x0000, 0x0000, 0x0000, 0x0000, 0x0000, 0x0000, 0x0841, 0x2945, 0x3186, 0x3186, 0x3186,
0x3166, 0x3166, 0x3186, 0x20e4, 0x2104, 0x2104, 0x10a2, 0x2145, 0x2104, 0x20e3, 0x2145, 0x41e8, 0x2945, 0x4985, 0xf677, 0xfed9,
0x6a48, 0x49c6, 0x3165, 0x3986, 0x49e7, 0x49e7, 0x3165, 0x3166, 0x3186, 0x0861, 0x0000, 0x0000, 0x0000, 0x0000, 0x0000, 0x0000,
0x0000, 0x0000, 0x0000, 0x0000, 0x0000, 0x0000, 0x0000, 0x0000, 0x0000, 0x0000, 0x0000, 0x10a3, 0x2966, 0x3166, 0x3166, 0x3166,
0x3166, 0x3186, 0x2945, 0x18c3, 0x3165, 0x20e3, 0x2145, 0x2925, 0x3166, 0x18e3, 0x2965, 0x3186, 0x28c3, 0xdd12, 0xff5a, 0x8b6c,
0x49a6, 0x4186, 0x2904, 0x39a6, 0x49e7, 0x3986, 0x2925, 0x3186, 0x10a2, 0x0000, 0x0000, 0x0000, 0x0000, 0x0000, 0x0000, 0x0000,
0x0000, 0x0000, 0x0000, 0x0000, 0x0000, 0x0000, 0x0000, 0x0000, 0x0000, 0x0000, 0x0000, 0x1062, 0x2945, 0x3166, 0x3166, 0x3166,
0x3166, 0x3166, 0x3166, 0x18a3, 0x2945, 0x2904, 0x2966, 0x2946, 0x2945, 0x18e3, 0x18e3, 0x41e7, 0x2124, 0x7289, 0xff1a, 0xee57,
0x49c6, 0x49c6, 0x3145, 0x3965, 0x41e7, 0x4a08, 0x39a6, 0x3186, 0x3186, 0x0861, 0x0000, 0x0000, 0x0000, 0x0000, 0x0000, 0x0000,
0x0000, 0x0000, 0x0000, 0x0000, 0x0000, 0x0000, 0x0000, 0x0000, 0x0000, 0x0000, 0x0000, 0x0862, 0x2945, 0x3186, 0x3186, 0x3186,
0x3186, 0x3186, 0x3186, 0x18a3, 0x2925, 0x2924, 0x1904, 0x2966, 0x20e3, 0x20e3, 0x18c3, 0x4a28, 0x2145, 0x6a48, 0xff3a, 0xff1a,
0x6248, 0x51e7, 0x3985, 0x2924, 0x41c7, 0x49e7, 0x3165, 0x3165, 0x39a6, 0x10a2, 0x0000, 0x0000, 0x0000, 0x0000, 0x0000, 0x0000,

/* -18- */
0x0000, 0x0000, 0x0000, 0x0000, 0x0000, 0x0000, 0x0000, 0x0000, 0x0000, 0x0000, 0x0000, 0x1062, 0x2945, 0x3166, 0x3166, 0x3186,
0x3186, 0x3186, 0x2925, 0x18c3, 0x39c7, 0x41e7, 0x18a3, 0x2924, 0x39c7, 0x39a7, 0x41e7, 0x4a49, 0x28e3, 0xdd32, 0xff3a, 0xf677,
0x7288, 0x92e9, 0x5a07, 0x59e6, 0x6a48, 0x6228, 0x4186, 0x41c7, 0x2924, 0x1041, 0x0000, 0x0000, 0x0000, 0x0000, 0x0000, 0x0000,
0x0000, 0x0000, 0x0000, 0x0000, 0x0000, 0x0000, 0x0000, 0x0000, 0x0000, 0x0000, 0x0000, 0x1082, 0x2966, 0x3166, 0x3186, 0x3186,
0x3166, 0x3186, 0x2104, 0x18c3, 0x4208, 0x41e7, 0x18a3, 0x3165, 0x41e7, 0x39c7, 0x4a08, 0x5aaa, 0x3124, 0xd512, 0xff3a, 0xfef8,
0x82ea, 0x82a9, 0x5a07, 0x49a5, 0x6a28, 0x6a48, 0x3965, 0x39a6, 0x2944, 0x1081, 0x0000, 0x0000, 0x0000, 0x0000, 0x0000, 0x0000,
0x0000, 0x0000, 0x0000, 0x0000, 0x0000, 0x0000, 0x0000, 0x0000, 0x0000, 0x0000, 0x0000, 0x0861, 0x2945, 0x3166, 0x3166, 0x3186,
0x3166, 0x3186, 0x2945, 0x10a2, 0x39a6, 0x41e8, 0x18a2, 0x2924, 0x4a28, 0x39c7, 0x41e8, 0x5269, 0x2924, 0xc490, 0xff19, 0xfef9,
0x934b, 0x8288, 0x6a89, 0x59e7, 0x6a68, 0x7268, 0x3965, 0x3186, 0x2104, 0x1061, 0x0000, 0x0000, 0x0000, 0x0000, 0x0000, 0x0000,
0x0000, 0x0000, 0x0000, 0x0000, 0x0000, 0x0000, 0x0000, 0x0000, 0x0000, 0x0000, 0x0000, 0x0861, 0x2945, 0x3186, 0x3166, 0x3166,
0x2966, 0x3186, 0x2925, 0x18c3, 0x39c7, 0x4228, 0x2104, 0x2945, 0x4208, 0x39a6, 0x4a28, 0x528a, 0x2904, 0xd4f1, 0xff1a, 0xfed8,
0x8b2a, 0x8288, 0x6a48, 0x6227, 0x7289, 0x7269, 0x4185, 0x3186, 0x20e3, 0x0840, 0x0000, 0x0000, 0x0000, 0x0000, 0x0000, 0x0000,
0x0000, 0x0000, 0x0000, 0x0000, 0x0000, 0x0000, 0x0000, 0x0000, 0x0000, 0x0000, 0x0000, 0x0862, 0x2945, 0x3166, 0x3166, 0x3166,
0x3166, 0x3186, 0x2945, 0x18c3, 0x39a6, 0x39a7, 0x18c3, 0x2945, 0x41c7, 0x39a6, 0x41e7, 0x5a8a, 0x2104, 0xb40e, 0xff3a, 0xff19,
0x934b, 0x7a89, 0x5a07, 0x49c6, 0x6208, 0x5a07, 0x3145, 0x39a6, 0x2104, 0x0841, 0x0000, 0x0000, 0x0000, 0x0000, 0x0000, 0x0000,
0x0000, 0x0000, 0x0000, 0x0000, 0x0000, 0x0000, 0x0000, 0x0000, 0x0000, 0x0000, 0x0000, 0x18a3, 0x3166, 0x3166, 0x3186, 0x3186,
0x3186, 0x3166, 0x10a3, 0x2925, 0x4208, 0x2924, 0x18a2, 0x41e7, 0x39c7, 0x4208, 0x528a, 0x31a6, 0x82c9, 0xfef9, 0xff19, 0xbc90,
0x7247, 0x8ac9, 0x6207, 0x5a07, 0x6a68, 0x4185, 0x3986, 0x2945, 0x1081, 0x0000, 0x0000, 0x0000, 0x0000, 0x0000, 0x0000, 0x0000,
0x0000, 0x0000, 0x0000, 0x0000, 0x0000, 0x0000, 0x0000, 0x0000, 0x0000, 0x0000, 0x0000, 0x1082, 0x2946, 0x3166, 0x3186, 0x3186,
0x3186, 0x3186, 0x2104, 0x18c3, 0x41e7, 0x39e7, 0x1082, 0x39a6, 0x4a49, 0x41e7, 0x5269, 0x5acb, 0x2904, 0xd511, 0xff1a, 0xfed8,
0x7ac9, 0x92e9, 0x6248, 0x51e7, 0x6a68, 0x5a48, 0x3165, 0x3186, 0x2104, 0x0020, 0x0000, 0x0000, 0x0000, 0x0000, 0x0000, 0x0000,
0x0000, 0x0000, 0x0000, 0x0000, 0x0000, 0x0000, 0x0000, 0x0000, 0x0000, 0x0000, 0x0000, 0x0861, 0x2945, 0x3186, 0x3186, 0x3166,
0x3166, 0x3187, 0x2125, 0x18c3, 0x39c7, 0x39c7, 0x18a3, 0x2924, 0x39e7, 0x3166, 0x41e7, 0x5a8a, 0x2903, 0xccd1, 0xff39, 0xff19,
0x936b, 0x8ac9, 0x82c9, 0x51c6, 0x6227, 0x7268, 0x3965, 0x3186, 0x2924, 0x0841, 0x0000, 0x0000, 0x0000, 0x0000, 0x0000, 0x0000,

/* -19- */
0x0000, 0x0000, 0x0000, 0x0000, 0x0000, 0x0000, 0x0000, 0x0000, 0x0000, 0x0000, 0x0000, 0x1062, 0x2945, 0x3166, 0x3166, 0x3166,
0x3186, 0x2966, 0x18e3, 0x3186, 0x4208, 0x2924, 0x2104, 0x5a8a, 0x39c7, 0x3186, 0x4208, 0x39c7, 0x6207, 0xfe77, 0xff7b, 0xcd94,
0x3923, 0x28c2, 0x61c6, 0xbbcc, 0xdcb0, 0xcc0e, 0x6a07, 0x18c2, 0x20c3, 0x0000, 0x0000, 0x0000, 0x0000, 0x0000, 0x0000, 0x0000,
0x0000, 0x0000, 0x0000, 0x0000, 0x0000, 0x0000, 0x0000, 0x0000, 0x0000, 0x0000, 0x0000, 0x10a2, 0x2966, 0x3166, 0x3166, 0x3166,
0x3186, 0x2966, 0x18e3, 0x3186, 0x41e7, 0x20e4, 0x2945, 0x5269, 0x39c7, 0x39c7, 0x4a28, 0x41e8, 0x6207, 0xfe77, 0xff7b, 0xddf5,
0x4185, 0x28e3, 0x7268, 0xc44e, 0xdcd0, 0xcc0e, 0x7227, 0x18a2, 0x20e2, 0x0000, 0x0000, 0x0000, 0x0000, 0x0000, 0x0000, 0x0000,
0x0000, 0x0000, 0x0000, 0x0000, 0x0000, 0x0000, 0x0000, 0x0000, 0x0000, 0x0000, 0x0000, 0x0861, 0x2945, 0x3166, 0x3166, 0x3186,
0x3186, 0x2946, 0x18e3, 0x2945, 0x41e8, 0x2945, 0x2104, 0x528a, 0x4208, 0x3186, 0x41e8, 0x4207, 0x51e7, 0xf636, 0xff7b, 0xddb4,
0x3923, 0x1881, 0x59e6, 0xb3cd, 0xe4d0, 0xd44e, 0x7a27, 0x10a2, 0x20c3, 0x2945, 0x0000, 0x0000, 0x0000, 0x0000, 0x0000, 0x0000,
0x0000, 0x0000, 0x0000, 0x0000, 0x0000, 0x0000, 0x0000, 0x0000, 0x0000, 0x0000, 0x0000, 0x0861, 0x2945, 0x3186, 0x3166, 0x3166,
0x3186, 0x2966, 0x2104, 0x3186, 0x41e7, 0x2104, 0x20e3, 0x5249, 0x39c7, 0x3186, 0x4a28, 0x4228, 0x5a07, 0xfe36, 0xff5a, 0xb4b0,
0x20a2, 0x1040, 0x3923, 0xa34b, 0xe4f1, 0xe4b0, 0x8aa9, 0x0861, 0x2903, 0x0000, 0x0000, 0x0000, 0x0000, 0x0000, 0x0000, 0x0000,
0x0000, 0x0000, 0x0000, 0x0000, 0x0000, 0x0000, 0x0000, 0x0000, 0x0000, 0x0000, 0x0000, 0x1061, 0x2945, 0x3166, 0x3166, 0x3166,
0x3166, 0x2966, 0x20e4, 0x2965, 0x41e7, 0x2925, 0x2104, 0x5269, 0x4a28, 0x39a6, 0x4208, 0x41e8, 0x49a6, 0xedd4, 0xff5b, 0xe636,
0x51c6, 0x28e3, 0x6a68, 0xbc0d, 0xd46f, 0xc3cd, 0x69e7, 0x10a2, 0x18c3, 0x5000, 0x0000, 0x0000, 0x0000, 0x0000, 0x0000, 0x0000,
0x0000, 0x0000, 0x0000, 0x0000, 0x0000, 0x0000, 0x0000, 0x0000, 0x0000, 0x0000, 0x0000, 0x18c3, 0x3166, 0x3166, 0x3166, 0x3186,
0x3186, 0x2124, 0x2104, 0x39c7, 0x3166, 0x10a2, 0x41e7, 0x4a28, 0x2965, 0x41e7, 0x4208, 0x3165, 0xbc4f, 0xff5a, 0xee97, 0x5206,
0x1041, 0x3944, 0xa36b, 0xd4b0, 0xdc90, 0xa30a, 0x18a2, 0x18c2, 0x3180, 0x0000, 0x0000, 0x0000, 0x0000, 0x0000, 0x0000, 0x0000,
0x0000, 0x0000, 0x0000, 0x0000, 0x0000, 0x0000, 0x0000, 0x0000, 0x0000, 0x0000, 0x0000, 0x1082, 0x2966, 0x3166, 0x3186, 0x3186,
0x3186, 0x2945, 0x18c3, 0x3186, 0x4208, 0x2924, 0x2925, 0x528a, 0x4208, 0x39a7, 0x4a49, 0x4208, 0x6207, 0xfe77, 0xff7b, 0xd573,
0x3124, 0x20a2, 0x6a68, 0xcc70, 0xdcb0, 0xcbed, 0x69e6, 0x10a2, 0x20e3, 0x0000, 0x0000, 0x0000, 0x0000, 0x0000, 0x0000, 0x0000,
0x0000, 0x0000, 0x0000, 0x0000, 0x0000, 0x0000, 0x0000, 0x0000, 0x0000, 0x0000, 0x0000, 0x0861, 0x2966, 0x3186, 0x3186, 0x3186,
0x3187, 0x2966, 0x2104, 0x3165, 0x3186, 0x18e3, 0x20e3, 0x4a28, 0x39c7, 0x39a6, 0x4a28, 0x4208, 0x5a07, 0xfe36, 0xff5a, 0xc532,
0x28c2, 0x1041, 0x3944, 0xa38c, 0xed32, 0xe4b0, 0x8a89, 0x1082, 0x2903, 0x0000, 0x0000, 0x0000, 0x0000, 0x0000, 0x0000, 0x0000,

/* -20- */
0x0000, 0x0000, 0x0000, 0x0000, 0x0000, 0x0000, 0x0000, 0x0000, 0x0000, 0x0000, 0x0000, 0x0862, 0x2945, 0x3166, 0x3166, 0x3166,
0x3186, 0x20e4, 0x18e3, 0x2945, 0x2104, 0x0861, 0x41e7, 0x4a49, 0x2924, 0x3186, 0x39c7, 0x31a6, 0x82eb, 0xff3a, 0xc574, 0x0841,
0x4a28, 0x5249, 0x0861, 0x3985, 0xee36, 0xff19, 0x7aa9, 0x0000, 0x0000, 0x0000, 0x0000, 0x0000, 0x0000, 0x0000, 0x0000, 0x0000,
0x0000, 0x0000, 0x0000, 0x0000, 0x0000, 0x0000, 0x0000, 0x0000, 0x0000, 0x0000, 0x0000, 0x1082, 0x2966, 0x3166, 0x3166, 0x3166,
0x3186, 0x18c3, 0x18e3, 0x2925, 0x2124, 0x1082, 0x41e8, 0x5249, 0x2945, 0x3186, 0x41c7, 0x3186, 0x7aeb, 0xff19, 0xcdb4, 0x1081,
0x39a6, 0x41e7, 0x0821, 0x3985, 0xe5d4, 0xfeb7, 0x8aea, 0x0000, 0x0000, 0x0000, 0x0000, 0x0000, 0x0000, 0x0000, 0x0000, 0x0000,
0x0000, 0x0000, 0x0000, 0x0000, 0x0000, 0x0000, 0x0000, 0x0000, 0x0000, 0x0000, 0x0000, 0x0861, 0x2945, 0x3166, 0x3166, 0x3166,
0x3187, 0x2124, 0x18c3, 0x2945, 0x2925, 0x1082, 0x3186, 0x4a49, 0x2925, 0x2945, 0x39a6, 0x31a6, 0x6248, 0xfed9, 0xd5f5, 0x1082,
0x39c7, 0x62cb, 0x1062, 0x20e3, 0xcd94, 0xff5a, 0x932b, 0x0000, 0x0000, 0x0000, 0x0000, 0x0000, 0x0000, 0x0000, 0x0000, 0x0000,
0x0000, 0x0000, 0x0000, 0x0000, 0x0000, 0x0000, 0x0000, 0x0000, 0x0000, 0x0000, 0x0000, 0x0861, 0x2925, 0x3186, 0x3166, 0x3186,
0x3187, 0x2104, 0x18c3, 0x2124, 0x20e4, 0x0841, 0x3186, 0x4a49, 0x3165, 0x3166, 0x41e7, 0x31c7, 0x7aea, 0xff19, 0xacd1, 0x0020,
0x62cb, 0x7b6d, 0x18c4, 0x18a2, 0xd594, 0xff5a, 0x8b2b, 0x0000, 0x0000, 0x0000, 0x0000, 0x0000, 0x0000, 0x0000, 0x0000, 0x0000,
0x0000, 0x0000, 0x0000, 0x0000, 0x0000, 0x0000, 0x0000, 0x0000, 0x0000, 0x0000, 0x0000, 0x0861, 0x2945, 0x3166, 0x3166, 0x3186,
0x3186, 0x2104, 0x18c3, 0x2925, 0x2925, 0x1062, 0x3165, 0x4208, 0x3186, 0x3165, 0x39a6, 0x31a6, 0x5a28, 0xfe97, 0xde15, 0x18a2,
0x3166, 0x3986, 0x0861, 0x3144, 0xe5d4, 0xfed8, 0x8aea, 0x0000, 0x0000, 0x0000, 0x0000, 0x0000, 0x0000, 0x0000, 0x0000, 0x0000,
0x0000, 0x0000, 0x0000, 0x0000, 0x0000, 0x0000, 0x0000, 0x0000, 0x0000, 0x0000, 0x0000, 0x18a3, 0x3166, 0x3166, 0x3166, 0x3186,
0x3166, 0x18c3, 0x20e4, 0x2925, 0x18c3, 0x20e4, 0x5249, 0x39a6, 0x2124, 0x39a6, 0x39a6, 0x3986, 0xdd73, 0xeeb8, 0x3144, 0x2945,
0x8c10, 0x2104, 0x0861, 0xb4b1, 0xff39, 0xbc4e, 0x0000, 0x0000, 0x0000, 0x0000, 0x0000, 0x0000, 0x0000, 0x0000, 0x0000, 0x0000,
0x0000, 0x0000, 0x0000, 0x0000, 0x0000, 0x0000, 0x0000, 0x0000, 0x0000, 0x0000, 0x0000, 0x1082, 0x3166, 0x3166, 0x3166, 0x3166,
0x3186, 0x18e3, 0x18e3, 0x2945, 0x2104, 0x1062, 0x39c7, 0x4a49, 0x2945, 0x3166, 0x41c7, 0x3186, 0x7aca, 0xff1a, 0xc594, 0x0861,
0x41e8, 0x5249, 0x0021, 0x3985, 0xee57, 0xff19, 0x82ea, 0x0000, 0x0000, 0x0000, 0x0000, 0x0000, 0x0000, 0x0000, 0x0000, 0x0000,
0x0000, 0x0000, 0x0000, 0x0000, 0x0000, 0x0000, 0x0000, 0x0000, 0x0000, 0x0000, 0x0000, 0x1062, 0x2945, 0x3186, 0x3186, 0x3186,
0x3187, 0x2104, 0x18c3, 0x2124, 0x20e4, 0x0861, 0x3166, 0x4a28, 0x2945, 0x31a6, 0x4208, 0x31a6, 0x6aa9, 0xff19, 0xc594, 0x0840,
0x526a, 0x62aa, 0x20e4, 0x2104, 0xddd4, 0xff5a, 0x9bac, 0x0000, 0x0000, 0x0000, 0x0000, 0x0000, 0x0000, 0x0000, 0x0000, 0x0000,

/* -21- */
0x0000, 0x0000, 0x0000, 0x0000, 0x0000, 0x0000, 0x0000, 0x0000, 0x0000, 0x0000, 0x0000, 0x0861, 0x2945, 0x3166, 0x3166, 0x3166,
0x3186, 0x2945, 0x18a2, 0x2924, 0x2925, 0x18c3, 0x4208, 0x4208, 0x2104, 0x3186, 0x39a6, 0x2945, 0x7b0b, 0xf6f9, 0x20e3, 0x62ec,
0xe69a, 0x8bcf, 0x4167, 0x6aec, 0xf6b8, 0xff3a, 0x6268, 0x0000, 0x52aa, 0x7800, 0x0000, 0x0000, 0x0000, 0x0000, 0x0000, 0x0000,
0x0000, 0x0000, 0x0000, 0x0000, 0x0000, 0x0000, 0x0000, 0x0000, 0x0000, 0x0000, 0x0000, 0x10a2, 0x2966, 0x3166, 0x3186, 0x3186,
0x3186, 0x2945, 0x18a3, 0x2104, 0x2924, 0x18c3, 0x4208, 0x41e7, 0x2104, 0x3166, 0x39a6, 0x2945, 0x8b4c, 0xee77, 0x10a2, 0x528a,
0xde79, 0x7b6e, 0x3925, 0x732c, 0xee77, 0xff5b, 0x6aea, 0x0020, 0xad55, 0x0000, 0x0000, 0x0000, 0x0000, 0x0000, 0x0000, 0x0000,
0x0000, 0x0000, 0x0000, 0x0000, 0x0000, 0x0000, 0x0000, 0x0000, 0x0000, 0x0000, 0x0000, 0x0861, 0x2945, 0x3166, 0x3166, 0x3166,
0x3186, 0x3166, 0x18c3, 0x2925, 0x3186, 0x18e3, 0x39a6, 0x4a08, 0x2104, 0x2965, 0x39a6, 0x2966, 0x5a48, 0xf6b8, 0x2924, 0x4a29,
0xeefb, 0x8bf0, 0x41c8, 0x6aec, 0xee98, 0xff7b, 0x732b, 0x0000, 0xfd55, 0x0000, 0x0000, 0x0000, 0x0000, 0x0000, 0x0000, 0x0000,
0x0000, 0x0000, 0x0000, 0x0000, 0x0000, 0x0000, 0x0000, 0x0000, 0x0000, 0x0000, 0x0000, 0x0841, 0x2925, 0x3166, 0x3186, 0x3186,
0x3186, 0x2946, 0x18c3, 0x2945, 0x3166, 0x18c3, 0x39a6, 0x4a08, 0x2945, 0x2945, 0x39a6, 0x2965, 0x6289, 0xfef9, 0x2924, 0x6b4d,
0xf75d, 0x62ab, 0x3146, 0x6b0c, 0xf6d8, 0xff5a, 0x6aea, 0x0020, 0xfd55, 0x0000, 0x0000, 0x0000, 0x0000, 0x0000, 0x0000, 0x0000,
0x0000, 0x0000, 0x0000, 0x0000, 0x0000, 0x0000, 0x0000, 0x0000, 0x0000, 0x0000, 0x0000, 0x0861, 0x2945, 0x3166, 0x3166, 0x3166,
0x3166, 0x2946, 0x18a3, 0x2104, 0x2104, 0x1082, 0x39a6, 0x41c7, 0x2945, 0x3165, 0x3986, 0x3166, 0x5a48, 0xf698, 0x2944, 0x4a08,
0xe69a, 0x836d, 0x41e8, 0x5a8a, 0xee97, 0xff7b, 0x6aca, 0x0020, 0xffff, 0x0000, 0x0000, 0x0000, 0x0000, 0x0000, 0x0000, 0x0000,
0x0000, 0x0000, 0x0000, 0x0000, 0x0000, 0x0000, 0x0000, 0x0000, 0x0000, 0x0000, 0x0000, 0x10a3, 0x3166, 0x3166, 0x3186, 0x3186,
0x3187, 0x20e4, 0x20e4, 0x3186, 0x2104, 0x2925, 0x4a08, 0x3166, 0x2104, 0x39a6, 0x3186, 0x3165, 0xe5f6, 0x8bce, 0x1082, 0xef1c,
0x9c92, 0x4a29, 0x39c8, 0xe657, 0xff5a, 0xa46f, 0x0000, 0xad55, 0x0000, 0x0000, 0x0000, 0x0000, 0x0000, 0x0000, 0x0000, 0x0000,
0x0000, 0x0000, 0x0000, 0x0000, 0x0000, 0x0000, 0x0000, 0x0000, 0x0000, 0x0000, 0x0000, 0x1082, 0x3166, 0x3186, 0x3186, 0x3166,
0x3186, 0x2945, 0x18a3, 0x2945, 0x2945, 0x18c3, 0x41e7, 0x4207, 0x2104, 0x3166, 0x39a6, 0x2965, 0x72ea, 0xf6d9, 0x18c3, 0x5acb,
0xeefb, 0x83af, 0x3987, 0x6b2c, 0xf6f9, 0xff5a, 0x6289, 0x0020, 0xfff5, 0x0000, 0x0000, 0x0000, 0x0000, 0x0000, 0x0000, 0x0000,
0x0000, 0x0000, 0x0000, 0x0000, 0x0000, 0x0000, 0x0000, 0x0000, 0x0000, 0x0000, 0x0000, 0x1062, 0x2945, 0x3186, 0x3186, 0x3186,
0x3186, 0x2945, 0x18c3, 0x3186, 0x3165, 0x18c3, 0x39c7, 0x4208, 0x2124, 0x3186, 0x39c7, 0x2965, 0x5a48, 0xfef9, 0x3165, 0x5acb,
0xffbe, 0x83cf, 0x4a29, 0x62ec, 0xf6fa, 0xff7b, 0x7b4c, 0x0000, 0xffff, 0x0000, 0x0000, 0x0000, 0x0000, 0x0000, 0x0000, 0x0000,

/* -22- */
0x0000, 0x0000, 0x0000, 0x0000, 0x0000, 0x0000, 0x0000, 0x0000, 0x0000, 0x0000, 0x0000, 0x1062, 0x2945, 0x3166, 0x3166, 0x3166,
0x3186, 0x2125, 0x2124, 0x4a28, 0x3186, 0x18c3, 0x41e7, 0x4208, 0x2104, 0x3186, 0x39a6, 0x2965, 0x6269, 0xff3a, 0x940e, 0xc618,
0xdedb, 0x2126, 0x18a4, 0x83f0, 0xff7b, 0xfeb7, 0x5a48, 0x3186, 0x0000, 0x0000, 0x0000, 0x0000, 0x0000, 0x0000, 0x0000, 0x0000,
0x0000, 0x0000, 0x0000, 0x0000, 0x0000, 0x0000, 0x0000, 0x0000, 0x0000, 0x0000, 0x0000, 0x1082, 0x2965, 0x3186, 0x3186, 0x3186,
0x3186, 0x2104, 0x2104, 0x41e7, 0x3165, 0x18c3, 0x41e7, 0x41e7, 0x20e4, 0x39a6, 0x39c7, 0x3166, 0x6aaa, 0xff19, 0x6aea, 0xc618,
0xdefb, 0x2926, 0x10a3, 0x8431, 0xff7b, 0xfef9, 0x5268, 0x1082, 0x0000, 0x0000, 0x0000, 0x0000, 0x0000, 0x0000, 0x0000, 0x0000,
0x0000, 0x0000, 0x0000, 0x0000, 0x0000, 0x0000, 0x0000, 0x0000, 0x0000, 0x0000, 0x0000, 0x0841, 0x2925, 0x3166, 0x3186, 0x3186,
0x3186, 0x2945, 0x2104, 0x41e7, 0x39a6, 0x18a3, 0x3186, 0x4a28, 0x2104, 0x2965, 0x41e7, 0x2966, 0x49c7, 0xfeb9, 0x9c4f, 0xb555,
0xf79d, 0x31c8, 0x2105, 0x6b6e, 0xff5b, 0xff19, 0x6aea, 0x0000, 0x0000, 0x0000, 0x0000, 0x0000, 0x0000, 0x0000, 0x0000, 0x0000,
0x0000, 0x0000, 0x0000, 0x0000, 0x0000, 0x0000, 0x0000, 0x0000, 0x0000, 0x0000, 0x0000, 0x0841, 0x2925, 0x3186, 0x3166, 0x3186,
0x3187, 0x2925, 0x18e3, 0x41e7, 0x3986, 0x10a3, 0x31a6, 0x4208, 0x2924, 0x2945, 0x41c7, 0x3186, 0x49c7, 0xfeb8, 0xb4d1, 0xbdb6,
0xe73c, 0x2146, 0x18c4, 0x73af, 0xff5b, 0xff19, 0x62a9, 0x0000, 0x0000, 0x0000, 0x0000, 0x0000, 0x0000, 0x0000, 0x0000, 0x0000,
0x0000, 0x0000, 0x0000, 0x0000, 0x0000, 0x0000, 0x0000, 0x0000, 0x0000, 0x0000, 0x0000, 0x0861, 0x2925, 0x3166, 0x3166, 0x3166,
0x3166, 0x2925, 0x18c3, 0x41e7, 0x3186, 0x18a3, 0x39a6, 0x41e7, 0x2925, 0x2965, 0x39c7, 0x3186, 0x41c6, 0xf698, 0x8bcd, 0xad34,
0xe71c, 0x39a7, 0x1083, 0x736e, 0xff5b, 0xfef8, 0x5a89, 0x0861, 0x0000, 0x0000, 0x0000, 0x0000, 0x0000, 0x0000, 0x0000, 0x0000,
0x0000, 0x0000, 0x0000, 0x0000, 0x0000, 0x0000, 0x0000, 0x0000, 0x0000, 0x0000, 0x0000, 0x1082, 0x2966, 0x3166, 0x3186, 0x3186,
0x3186, 0x18c3, 0x3186, 0x41e7, 0x18c3, 0x2124, 0x4208, 0x3186, 0x18e4, 0x41e7, 0x39c7, 0x2945, 0xbcf2, 0xee77, 0x9430, 0xffff,
0x5aec, 0x18e5, 0x422a, 0xeefa, 0xff5a, 0x8bed, 0x0000, 0x0000, 0x0000, 0x0000, 0x0000, 0x0000, 0x0000, 0x0000, 0x0000, 0x0000,
0x0000, 0x0000, 0x0000, 0x0000, 0x0000, 0x0000, 0x0000, 0x0000, 0x0000, 0x0000, 0x0000, 0x1082, 0x2966, 0x3186, 0x3186, 0x3186,
0x31a7, 0x2925, 0x2104, 0x41e7, 0x3165, 0x18c3, 0x39c7, 0x4208, 0x20e4, 0x3186, 0x41c7, 0x2965, 0x5a48, 0xff1a, 0x8bad, 0xce18,
0xe71c, 0x2126, 0x18c5, 0x8430, 0xff5a, 0xfed9, 0x5248, 0x2945, 0x0000, 0x0000, 0x0000, 0x0000, 0x0000, 0x0000, 0x0000, 0x0000,
0x0000, 0x0000, 0x0000, 0x0000, 0x0000, 0x0000, 0x0000, 0x0000, 0x0000, 0x0000, 0x0000, 0x0861, 0x2945, 0x3186, 0x3186, 0x3186,
0x31a7, 0x2104, 0x2104, 0x39c7, 0x2945, 0x10a3, 0x39c7, 0x4208, 0x20e4, 0x3165, 0x41e7, 0x3165, 0x41c6, 0xf698, 0xbd12, 0xb575,
0xffdf, 0x3a09, 0x10a4, 0x632d, 0xff5b, 0xff19, 0x730b, 0x0000, 0x0000, 0x0000, 0x0000, 0x0000, 0x0000, 0x0000, 0x0000, 0x0000,

/* -23- */
0x0000, 0x0000, 0x0000, 0x0000, 0x0000, 0x0000, 0x0000, 0x0000, 0x0000, 0x0000, 0x0000, 0x0841, 0x2125, 0x3166, 0x3166, 0x3166,
0x31a7, 0x2104, 0x2924, 0x39c7, 0x2945, 0x1082, 0x39a7, 0x4208, 0x18e3, 0x2945, 0x39c6, 0x3165, 0x41c7, 0xee15, 0xfef9, 0xf75c,
0xdefb, 0x530e, 0x5350, 0x9cf4, 0xff7b, 0xff5b, 0x8bcd, 0x0000, 0x0000, 0x0000, 0x0000, 0x0000, 0x0000, 0x0000, 0x0000, 0x0000,
0x0000, 0x0000, 0x0000, 0x0000, 0x0000, 0x0000, 0x0000, 0x0000, 0x0000, 0x0000, 0x0000, 0x1062, 0x2945, 0x3166, 0x3186, 0x3186,
0x3186, 0x20e4, 0x2925, 0x39c7, 0x2945, 0x18a3, 0x39c7, 0x41e7, 0x18e3, 0x3166, 0x41e7, 0x3166, 0x41a6, 0xe5f5, 0xfed8, 0xf75c,
0xd6ba, 0x4a8c, 0x4aee, 0x94d4, 0xff9c, 0xff5b, 0x83ad, 0x0000, 0x0000, 0x0000, 0x0000, 0x0000, 0x0000, 0x0000, 0x0000, 0x0000,
0x0000, 0x0000, 0x0000, 0x0000, 0x0000, 0x0000, 0x0000, 0x0000, 0x0000, 0x0000, 0x0000, 0x0020, 0x2104, 0x3166, 0x3186, 0x3166,
0x3186, 0x2105, 0x2104, 0x39c7, 0x3986, 0x18a3, 0x3166, 0x4a08, 0x2104, 0x2925, 0x41e7, 0x2965, 0x2945, 0xc4f2, 0xff39, 0xf71b,
0xe73c, 0x52cd, 0x5330, 0x8c93, 0xff7c, 0xff5a, 0xac90, 0x0820, 0x0000, 0x0000, 0x0000, 0x0000, 0x0000, 0x0000, 0x0000, 0x0000,
0x0000, 0x0000, 0x0000, 0x0000, 0x0000, 0x0000, 0x0000, 0x0000, 0x0000, 0x0000, 0x0000, 0x0020, 0x2104, 0x3166, 0x3166, 0x3166,
0x3187, 0x2925, 0x20e3, 0x39a6, 0x3186, 0x1062, 0x3165, 0x41e7, 0x2104, 0x2124, 0x41e7, 0x3186, 0x3165, 0xcd53, 0xff19, 0xf73b,
0xe73c, 0x530d, 0x5b70, 0x8c93, 0xff5b, 0xff5b, 0x9c2f, 0x0000, 0x0000, 0x0000, 0x0000, 0x0000, 0x0000, 0x0000, 0x0000, 0x0000,
0x0000, 0x0000, 0x0000, 0x0000, 0x0000, 0x0000, 0x0000, 0x0000, 0x0000, 0x0000, 0x0000, 0x0841, 0x2104, 0x3166, 0x3166, 0x3166,
0x3186, 0x2104, 0x20e4, 0x39c7, 0x3166, 0x1082, 0x3186, 0x41e7, 0x2104, 0x2925, 0x41e7, 0x3186, 0x2925, 0xcd53, 0xfef9, 0xeeda,
0xdefb, 0x4a8c, 0x426c, 0x8c93, 0xff9c, 0xff7b, 0x8bce, 0x0000, 0x0000, 0x0000, 0x0000, 0x0000, 0x0000, 0x0000, 0x0000, 0x0000,
0x0000, 0x0000, 0x0000, 0x0000, 0x0000, 0x0000, 0x0000, 0x0000, 0x0000, 0x0000, 0x0000, 0x1082, 0x2945, 0x3166, 0x3166, 0x3166,
0x3166, 0x18e4, 0x3186, 0x39c7, 0x18a3, 0x20e4, 0x41e7, 0x3186, 0x18a3, 0x39c7, 0x39c7, 0x20e4, 0x7aea, 0xff19, 0xf6fa, 0xffff,
0x7c11, 0x5b50, 0x6bb0, 0xf71a, 0xff3a, 0xcd94, 0x3124, 0x0000, 0x52aa, 0x0000, 0x0000, 0x0000, 0x0000, 0x0000, 0x0000, 0x0000,
0x0000, 0x0000, 0x0000, 0x0000, 0x0000, 0x0000, 0x0000, 0x0000, 0x0000, 0x0000, 0x0000, 0x0861, 0x2945, 0x3186, 0x3166, 0x3166,
0x3187, 0x2104, 0x2104, 0x39c7, 0x2945, 0x1082, 0x39a7, 0x4208, 0x2104, 0x3165, 0x41e7, 0x2945, 0x3965, 0xe5d5, 0xfeb8, 0xf75c,
0xd6bb, 0x428c, 0x4aee, 0x94d4, 0xff7b, 0xff5b, 0x7b6c, 0x0000, 0x0000, 0x0000, 0x0000, 0x0000, 0x0000, 0x0000, 0x0000, 0x0000,
0x0000, 0x0000, 0x0000, 0x0000, 0x0000, 0x0000, 0x0000, 0x0000, 0x0000, 0x0000, 0x0000, 0x0841, 0x2925, 0x3186, 0x3186, 0x3186,
0x31a7, 0x2104, 0x2104, 0x3986, 0x3165, 0x1082, 0x3186, 0x41e7, 0x18e3, 0x2104, 0x41e7, 0x3165, 0x3165, 0xc533, 0xff3a, 0xf71a,
0xef7e, 0x52ed, 0x4aee, 0x8452, 0xff3a, 0xff3a, 0xa4b1, 0x0000, 0x0000, 0x0000, 0x0000, 0x0000, 0x0000, 0x0000, 0x0000, 0x0000,

/* -24- */
0x0000, 0x0000, 0x0000, 0x0000, 0x0000, 0x0000, 0x0000, 0x0000, 0x0000, 0x0000, 0x0000, 0x0000, 0x2104, 0x2965, 0x3186, 0x3186,
0x31a7, 0x2125, 0x2104, 0x3186, 0x2945, 0x1082, 0x3186, 0x4208, 0x2104, 0x2104, 0x41e7, 0x3186, 0x2925, 0xb4b1, 0xff5a, 0xfed9,
0xff9d, 0x8493, 0x6bf1, 0xd617, 0xfed8, 0xff19, 0xe657, 0x3985, 0x0000, 0x79e7, 0x0000, 0x0000, 0x0000, 0x0000, 0x0000, 0x0000,
0x0000, 0x0000, 0x0000, 0x0000, 0x0000, 0x0000, 0x0000, 0x0000, 0x0000, 0x0000, 0x0000, 0x0841, 0x2125, 0x3166, 0x3166, 0x3166,
0x3186, 0x2104, 0x2124, 0x3186, 0x2945, 0x1082, 0x39a6, 0x4207, 0x18c3, 0x2924, 0x41e7, 0x3165, 0x2945, 0xbc90, 0xff7b, 0xff3b,
0xf79d, 0x7c12, 0x63b1, 0xcdf7, 0xfed8, 0xfed8, 0xee97, 0x49c6, 0x0000, 0x52aa, 0x0000, 0x0000, 0x0000, 0x0000, 0x0000, 0x0000,
0x0000, 0x0000, 0x0000, 0x0000, 0x0000, 0x0000, 0x0000, 0x0000, 0x0000, 0x0000, 0x0000, 0x0000, 0x18e3, 0x3166, 0x3166, 0x3166,
0x3166, 0x2925, 0x2104, 0x3186, 0x39a6, 0x1082, 0x2945, 0x4208, 0x2124, 0x18c3, 0x41c7, 0x3186, 0x2104, 0x830b, 0xff3a, 0xfed9,
0xff5c, 0x9492, 0x5b4f, 0xcdf7, 0xfef9, 0xfeb8, 0xff19, 0x6289, 0x0000, 0xffff, 0x0000, 0x0000, 0x0000, 0x0000, 0x0000, 0x0000,
0x0000, 0x0000, 0x0000, 0x0000, 0x0000, 0x0000, 0x0000, 0x0000, 0x0000, 0x0000, 0x0000, 0x0000, 0x18c3, 0x2945, 0x3166, 0x3166,
0x3187, 0x2945, 0x20e4, 0x3166, 0x3186, 0x0862, 0x2925, 0x41e7, 0x2945, 0x18e4, 0x41e8, 0x39c7, 0x1904, 0x8b4c, 0xff19, 0xfe97,
0xff3b, 0xa4f3, 0x73f0, 0xde58, 0xfef8, 0xfed8, 0xfef9, 0x5a48, 0x0000, 0xad55, 0x0000, 0x0000, 0x0000, 0x0000, 0x0000, 0x0000,
0x0000, 0x0000, 0x0000, 0x0000, 0x0000, 0x0000, 0x0000, 0x0000, 0x0000, 0x0000, 0x0000, 0x0020, 0x20e4, 0x3166, 0x3166, 0x3166,
0x3186, 0x2925, 0x20e4, 0x3186, 0x3165, 0x1062, 0x2945, 0x41e7, 0x2124, 0x2104, 0x41e7, 0x39a6, 0x2945, 0x9bce, 0xff5a, 0xfef9,
0xf77d, 0x8451, 0x6bd1, 0xc5d6, 0xff19, 0xfef9, 0xe677, 0x41a6, 0x0000, 0x39e7, 0x0000, 0x0000, 0x0000, 0x0000, 0x0000, 0x0000,
0x0000, 0x0000, 0x0000, 0x0000, 0x0000, 0x0000, 0x0000, 0x0000, 0x0000, 0x0000, 0x0000, 0x0841, 0x2125, 0x3166, 0x3166, 0x3166,
0x3186, 0x20e4, 0x2945, 0x39c7, 0x18c3, 0x18c3, 0x39a7, 0x31a6, 0x10a2, 0x3186, 0x41e7, 0x2124, 0x41a6, 0xee57, 0xff1a, 0xff3b,
0xc5f7, 0x5b2e, 0xad34, 0xfef9, 0xfe76, 0xff19, 0x7b2b, 0x0000, 0x0000, 0x0000, 0x0000, 0x0000, 0x0000, 0x0000, 0x0000, 0x0000,
0x0000, 0x0000, 0x0000, 0x0000, 0x0000, 0x0000, 0x0000, 0x0000, 0x0000, 0x0000, 0x0000, 0x0841, 0x2104, 0x3166, 0x3166, 0x3166,
0x3186, 0x2104, 0x2104, 0x39a6, 0x2945, 0x1082, 0x3186, 0x4208, 0x20e4, 0x2104, 0x41e7, 0x3165, 0x2104, 0xac4f, 0xff7b, 0xff1a,
0xf77c, 0x7c10, 0x6bb0, 0xd637, 0xfed8, 0xfef9, 0xe678, 0x41a5, 0x0000, 0x52aa, 0x0000, 0x0000, 0x0000, 0x0000, 0x0000, 0x0000,
0x0000, 0x0000, 0x0000, 0x0000, 0x0000, 0x0000, 0x0000, 0x0000, 0x0000, 0x0000, 0x0000, 0x0000, 0x20e4, 0x3166, 0x3186, 0x3186,
0x31a7, 0x2945, 0x2104, 0x2945, 0x3166, 0x1062, 0x2945, 0x41e7, 0x2104, 0x18e3, 0x41e7, 0x3186, 0x2104, 0x936c, 0xfed8, 0xfe97,
0xff9d, 0x94d3, 0x73d0, 0xde79, 0xff19, 0xfed8, 0xff1a, 0x62a9, 0x0000, 0xffff, 0x0000, 0x0000, 0x0000, 0x0000, 0x0000, 0x0000,

/* -25- */
0x0000, 0x0000, 0x0000, 0x0000, 0x0000, 0x0000, 0x0000, 0x0000, 0x0000, 0x0000, 0x0000, 0x0000, 0x10a2, 0x2945, 0x3186, 0x3186,
0x3187, 0x2945, 0x20e3, 0x2945, 0x3166, 0x1082, 0x3165, 0x4208, 0x2124, 0x18e3, 0x41e7, 0x41e7, 0x20e4, 0x49c6, 0xee16, 0xfeb8,
0xfe57, 0xedf6, 0xd594, 0xff39, 0xff19, 0xfef8, 0xfed8, 0x5a47, 0x0000, 0xad55, 0x0000, 0x0000, 0x0000, 0x0000, 0x0000, 0x0000,
0x0000, 0x0000, 0x0000, 0x0000, 0x0000, 0x0000, 0x0000, 0x0000, 0x0000, 0x0000, 0x0000, 0x0000, 0x18c3, 0x2945, 0x3166, 0x3166,
0x3186, 0x2925, 0x2104, 0x2945, 0x2965, 0x1082, 0x3166, 0x4208, 0x20e4, 0x18e3, 0x41c7, 0x39c7, 0x2124, 0x6228, 0xf636, 0xfe97,
0xfe36, 0xe594, 0xcd12, 0xff19, 0xff19, 0xfef9, 0xfed8, 0x5a47, 0x0000, 0xffff, 0x0000, 0x0000, 0x0000, 0x0000, 0x0000, 0x0000,
0x0000, 0x0000, 0x0000, 0x0000, 0x0000, 0x0000, 0x0000, 0x0000, 0x0000, 0x0000, 0x0000, 0x0000, 0x1082, 0x2925, 0x3166, 0x3166,
0x3186, 0x2945, 0x2104, 0x2104, 0x39a6, 0x18a2, 0x2104, 0x4208, 0x2965, 0x10a3, 0x39a7, 0x41e7, 0x2124, 0x3145, 0xc4d1, 0xfed9,
0xfdf5, 0xf5b4, 0xe553, 0xfed8, 0xff39, 0xfef9, 0xfef9, 0x6aa9, 0x0000, 0x0000, 0x0000, 0x0000, 0x0000, 0x0000, 0x0000, 0x0000,
0x0000, 0x0000, 0x0000, 0x0000, 0x0000, 0x0000, 0x0000, 0x0000, 0x0000, 0x0000, 0x0000, 0x0000, 0x1082, 0x2925, 0x3166, 0x3186,
0x3187, 0x2945, 0x20e3, 0x2104, 0x39a6, 0x1082, 0x2104, 0x41e7, 0x3186, 0x18a3, 0x39a7, 0x41e7, 0x20e4, 0x3103, 0xcd12, 0xfeb8,
0xfdd6, 0xfdf6, 0xf616, 0xfef8, 0xff19, 0xfed8, 0xfeb8, 0x5207, 0x0000, 0xffff, 0x0000, 0x0000, 0x0000, 0x0000, 0x0000, 0x0000,
0x0000, 0x0000, 0x0000, 0x0000, 0x0000, 0x0000, 0x0000, 0x0000, 0x0000, 0x0000, 0x0000, 0x0000, 0x18c3, 0x2945, 0x3166, 0x3166,
0x3166, 0x2945, 0x20e4, 0x2124, 0x3165, 0x1062, 0x2925, 0x41e7, 0x2945, 0x18c3, 0x39c7, 0x41e7, 0x2104, 0x5207, 0xe615, 0xfed8,
0xfe78, 0xe5b5, 0xd553, 0xff19, 0xff19, 0xfef8, 0xfef9, 0x6268, 0x0000, 0xffff, 0x0000, 0x0000, 0x0000, 0x0000, 0x0000, 0x0000,
0x0000, 0x0000, 0x0000, 0x0000, 0x0000, 0x0000, 0x0000, 0x0000, 0x0000, 0x0000, 0x0000, 0x0000, 0x18c3, 0x2945, 0x3186, 0x3186,
0x3186, 0x2104, 0x2104, 0x3186, 0x2104, 0x1082, 0x3186, 0x39c7, 0x10a3, 0x2945, 0x4207, 0x3165, 0x18c3, 0x7b0b, 0xfed9, 0xfdf5,
0xfdd5, 0xed73, 0xfe97, 0xfed8, 0xf6b7, 0xfef9, 0x7b0b, 0x0000, 0x0000, 0x0000, 0x0000, 0x0000, 0x0000, 0x0000, 0x0000, 0x0000,
0x0000, 0x0000, 0x0000, 0x0000, 0x0000, 0x0000, 0x0000, 0x0000, 0x0000, 0x0000, 0x0000, 0x0000, 0x18a3, 0x2945, 0x3186, 0x3166,
0x3186, 0x2925, 0x2104, 0x2925, 0x3166, 0x1062, 0x2945, 0x4207, 0x2924, 0x18c3, 0x41e7, 0x39c7, 0x2104, 0x49c6, 0xe5f5, 0xfe98,
0xfe16, 0xedb5, 0xdd94, 0xff19, 0xff39, 0xfef9, 0xfeb8, 0x51e6, 0x0000, 0xffef, 0x0000, 0x0000, 0x0000, 0x0000, 0x0000, 0x0000,
0x0000, 0x0000, 0x0000, 0x0000, 0x0000, 0x0000, 0x0000, 0x0000, 0x0000, 0x0000, 0x0000, 0x0000, 0x1082, 0x2945, 0x3186, 0x3186,
0x3186, 0x2945, 0x20e3, 0x20e4, 0x3186, 0x1082, 0x2124, 0x41e7, 0x2965, 0x18a3, 0x39a7, 0x39c7, 0x20e3, 0x3124, 0xc490, 0xfef9,
0xfe37, 0xfe16, 0xf616, 0xfef9, 0xfef9, 0xfed8, 0xfed8, 0x6aa9, 0x0000, 0x0000, 0x0000, 0x0000, 0x0000, 0x0000, 0x0000, 0x0000,

/* -26- */
0x0000, 0x0000, 0x0000, 0x0000, 0x0000, 0x0000, 0x0000, 0x0000, 0x0000, 0x0000, 0x0000, 0x0000, 0x0841, 0x18e3, 0x3166, 0x3166,
0x3186, 0x2925, 0x2104, 0x20e4, 0x39a7, 0x10a2, 0x2104, 0x41e7, 0x2945, 0x10a3, 0x3186, 0x4208, 0x3985, 0x4944, 0x9c2f, 0xfef9,
0xf5b5, 0xfdd6, 0xff19, 0xecb1, 0xd34c, 0xdd11, 0xee77, 0x28e3, 0x0000, 0x39e7, 0x0000, 0x0000, 0x0000, 0x0000, 0x0000, 0x0000,
0x0000, 0x0000, 0x0000, 0x0000, 0x0000, 0x0000, 0x0000, 0x0000, 0x0000, 0x0000, 0x0000, 0x0000, 0x0861, 0x2124, 0x3186, 0x3166,
0x3186, 0x2925, 0x20e4, 0x18e3, 0x3186, 0x10a2, 0x2925, 0x41e7, 0x2945, 0x18a3, 0x3986, 0x39e7, 0x4165, 0x4165, 0x9c4f, 0xfef9,
0xfdb5, 0xfdd5, 0xfed8, 0xf470, 0xdbee, 0xccd1, 0xeeb8, 0x3124, 0x0000, 0x52aa, 0x0000, 0x0000, 0x0000, 0x0000, 0x0000, 0x0000,
0x0000, 0x0000, 0x0000, 0x0000, 0x0000, 0x0000, 0x0000, 0x0000, 0x0000, 0x0000, 0x0000, 0x0000, 0x0020, 0x18c3, 0x3166, 0x3166,
0x3186, 0x2925, 0x2104, 0x18c3, 0x39a6, 0x2104, 0x18c3, 0x41e7, 0x39a6, 0x1082, 0x3165, 0x41e7, 0x3965, 0x5985, 0x730a, 0xfed8,
0xfe17, 0xfdf6, 0xfed8, 0xf42e, 0xd30a, 0xcc2e, 0xf6f9, 0x4185, 0x0000, 0x52aa, 0x0000, 0x0000, 0x0000, 0x0000, 0x0000, 0x0000,
0x0000, 0x0000, 0x0000, 0x0000, 0x0000, 0x0000, 0x0000, 0x0000, 0x0000, 0x0000, 0x0000, 0x0000, 0x0020, 0x18a3, 0x3166, 0x3186,
0x3187, 0x2945, 0x2104, 0x20e3, 0x39a6, 0x2104, 0x18c3, 0x39c7, 0x39a7, 0x1082, 0x2925, 0x39c7, 0x41a6, 0x7248, 0x93ce, 0xff1a,
0xfe57, 0xfe36, 0xfe77, 0xf3ad, 0xd2a9, 0xdcf1, 0xde56, 0x1081, 0x0000, 0x39e0, 0x0000, 0x0000, 0x0000, 0x0000, 0x0000, 0x0000,
0x0000, 0x0000, 0x0000, 0x0000, 0x0000, 0x0000, 0x0000, 0x0000, 0x0000, 0x0000, 0x0000, 0x0000, 0x0861, 0x20e4, 0x2966, 0x2966,
0x3166, 0x2945, 0x2924, 0x2104, 0x3186, 0x18c3, 0x20e4, 0x39c7, 0x3186, 0x1082, 0x3166, 0x39e7, 0x3965, 0x5185, 0x8bad, 0xfef9,
0xfdd6, 0xfdb5, 0xfe98, 0xf490, 0xdbce, 0xdd12, 0xf697, 0x2924, 0x0000, 0x39e7, 0x0000, 0x0000, 0x0000, 0x0000, 0x0000, 0x0000,
0x0000, 0x0000, 0x0000, 0x0000, 0x0000, 0x0000, 0x0000, 0x0000, 0x0000, 0x0000, 0x0000, 0x0000, 0x0841, 0x2125, 0x3186, 0x3186,
0x3166, 0x2925, 0x20e4, 0x2104, 0x2945, 0x1062, 0x3165, 0x4208, 0x18e3, 0x20e4, 0x39c7, 0x2965, 0x5145, 0x6228, 0xde36, 0xfe98,
0xf5d5, 0xfe98, 0xf4f1, 0xda69, 0xbaea, 0xf6d8, 0x41c6, 0x0000, 0x7bef, 0x0000, 0x0000, 0x0000, 0x0000, 0x0000, 0x0000, 0x0000,
0x0000, 0x0000, 0x0000, 0x0000, 0x0000, 0x0000, 0x0000, 0x0000, 0x0000, 0x0000, 0x0000, 0x0000, 0x0841, 0x2104, 0x3186, 0x3166,
0x3186, 0x2124, 0x2104, 0x20e4, 0x39a7, 0x10a3, 0x2104, 0x41e7, 0x3165, 0x10a3, 0x3186, 0x39c7, 0x4165, 0x5985, 0x93ee, 0xfed9,
0xfdd6, 0xfe16, 0xfeb8, 0xebce, 0xd34c, 0xe5b4, 0xde57, 0x18a2, 0x0000, 0x39e7, 0x0000, 0x0000, 0x0000, 0x0000, 0x0000, 0x0000,
0x0000, 0x0000, 0x0000, 0x0000, 0x0000, 0x0000, 0x0000, 0x0000, 0x0000, 0x0000, 0x0000, 0x0000, 0x0841, 0x18c3, 0x3166, 0x2966,
0x3186, 0x2925, 0x2104, 0x18a3, 0x3186, 0x18e3, 0x18c3, 0x39c7, 0x39a6, 0x1082, 0x2945, 0x39c7, 0x4185, 0x8268, 0x940e, 0xff1a,
0xfe37, 0xfdb5, 0xfe77, 0xebce, 0xda89, 0xcc6f, 0xeed8, 0x2903, 0x0000, 0x52aa, 0x0000, 0x0000, 0x0000, 0x0000, 0x0000, 0x0000,

/* -27- */
0x0000, 0x0000, 0x0000, 0x0000, 0x0000, 0x0000, 0x0000, 0x0000, 0x0000, 0x0000, 0x0000, 0x0000, 0x0000, 0x0861, 0x2945, 0x3166,
0x3186, 0x2124, 0x2104, 0x18c3, 0x3166, 0x20e3, 0x1082, 0x3986, 0x39a6, 0x1082, 0x2945, 0x41e7, 0x3186, 0xbbcd, 0xeeb8, 0xfed8,
0xfe98, 0xfef9, 0xedf6, 0xeb6d, 0xe9a7, 0xfd73, 0x736b, 0x0000, 0x0000, 0x0000, 0x0000, 0x0000, 0x0000, 0x0000, 0x0000, 0x0000,
0x0000, 0x0000, 0x0000, 0x0000, 0x0000, 0x0000, 0x0000, 0x0000, 0x0000, 0x0000, 0x0000, 0x0000, 0x0000, 0x18a3, 0x3166, 0x3166,
0x3166, 0x2945, 0x20e4, 0x20e4, 0x3186, 0x18c3, 0x18c3, 0x39a6, 0x31a6, 0x1083, 0x3166, 0x41e7, 0x49a6, 0xdcb0, 0xee77, 0xfed9,
0xfe98, 0xfed9, 0xf5b4, 0xf34c, 0xe9c7, 0xfcf1, 0x83ed, 0x0000, 0x0000, 0x0000, 0x0000, 0x0000, 0x0000, 0x0000, 0x0000, 0x0000,
0x0000, 0x0000, 0x0000, 0x0000, 0x0000, 0x0000, 0x0000, 0x0000, 0x0000, 0x0000, 0x0000, 0x0000, 0x0000, 0x0841, 0x2925, 0x3166,
0x3166, 0x2925, 0x20e4, 0x18c3, 0x2925, 0x3165, 0x1062, 0x3186, 0x41e7, 0x18a3, 0x2924, 0x39c7, 0x2965, 0xb36c, 0xfed8, 0xf6d9,
0xfed8, 0xfef9, 0xf616, 0xf36d, 0xe9a6, 0xfcd0, 0x8c0e, 0x0000, 0x0000, 0x0000, 0x0000, 0x0000, 0x0000, 0x0000, 0x0000, 0x0000,
0x0000, 0x0000, 0x0000, 0x0000, 0x0000, 0x0000, 0x0000, 0x0000, 0x0000, 0x0000, 0x0000, 0x0000, 0x0000, 0x0821, 0x2925, 0x3187,
0x31a6, 0x2925, 0x20e4, 0x20e3, 0x2924, 0x3186, 0x1062, 0x2945, 0x41e7, 0x18c3, 0x2104, 0x39a6, 0x3186, 0xc44f, 0xff7b, 0xf6d8,
0xfed8, 0xff19, 0xf573, 0xf32c, 0xfa07, 0xf552, 0x62c9, 0x0000, 0xffff, 0x0000, 0x0000, 0x0000, 0x0000, 0x0000, 0x0000, 0x0000,
0x0000, 0x0000, 0x0000, 0x0000, 0x0000, 0x0000, 0x0000, 0x0000, 0x0000, 0x0000, 0x0000, 0x0000, 0x0000, 0x0861, 0x2945, 0x2945,
0x3166, 0x2945, 0x2104, 0x20e3, 0x3165, 0x2925, 0x1082, 0x3186, 0x39c7, 0x1082, 0x2925, 0x39c7, 0x3986, 0xc42e, 0xee77, 0xfed8,
0xfe98, 0xfed9, 0xf5f5, 0xf3ad, 0xe9c7, 0xfd93, 0x8bcd, 0x0000, 0x0000, 0x0000, 0x0000, 0x0000, 0x0000, 0x0000, 0x0000, 0x0000,
0x0000, 0x0000, 0x0000, 0x0000, 0x0000, 0x0000, 0x0000, 0x0000, 0x0000, 0x0000, 0x0000, 0x0000, 0x0020, 0x18c3, 0x2965, 0x3166,
0x2945, 0x20e4, 0x20e4, 0x18c3, 0x3165, 0x10a2, 0x18c3, 0x39c7, 0x2945, 0x18c3, 0x39a6, 0x31a6, 0x6a07, 0xfe56, 0xf6f9, 0xfed8,
0xfed9, 0xf677, 0xebae, 0xfacb, 0xfc90, 0x8bed, 0x0000, 0x0000, 0x0000, 0x0000, 0x0000, 0x0000, 0x0000, 0x0000, 0x0000, 0x0000,
0x0000, 0x0000, 0x0000, 0x0000, 0x0000, 0x0000, 0x0000, 0x0000, 0x0000, 0x0000, 0x0000, 0x0000, 0x0000, 0x1082, 0x2946, 0x3166,
0x3186, 0x2925, 0x2104, 0x20e4, 0x2945, 0x2104, 0x1082, 0x39a6, 0x39c7, 0x10a3, 0x3145, 0x39c7, 0x3165, 0xdcb0, 0xf6d8, 0xfed8,
0xfeb8, 0xff1a, 0xf5b4, 0xf34c, 0xe9a6, 0xf594, 0x6b2b, 0x0000, 0xffff, 0x0000, 0x0000, 0x0000, 0x0000, 0x0000, 0x0000, 0x0000,
0x0000, 0x0000, 0x0000, 0x0000, 0x0000, 0x0000, 0x0000, 0x0000, 0x0000, 0x0000, 0x0000, 0x0000, 0x0000, 0x0841, 0x2924, 0x3166,
0x3166, 0x2925, 0x20e3, 0x18e4, 0x2104, 0x2945, 0x0862, 0x2945, 0x41e7, 0x10a2, 0x2124, 0x4208, 0x3186, 0xc44f, 0xff5a, 0xfed8,
0xfe98, 0xfed8, 0xf5b4, 0xf30b, 0xf9e7, 0xfd52, 0x734b, 0x0000, 0x0000, 0x0000, 0x0000, 0x0000, 0x0000, 0x0000, 0x0000, 0x0000,

/* -28- */
0x0000, 0x0000, 0x0000, 0x0000, 0x0000, 0x0000, 0x0000, 0x0000, 0x0000, 0x0000, 0x0000, 0x0000, 0x0000, 0x0000, 0x18c3, 0x3166,
0x2945, 0x18c3, 0x1082, 0x18a3, 0x18a2, 0x2925, 0x1082, 0x2945, 0x41e7, 0x20e3, 0x20e4, 0x39a6, 0x2945, 0x72aa, 0xfef8, 0xff19,
0xfed9, 0xff19, 0xfdb5, 0xfcb2, 0xfd73, 0x93cd, 0x1040, 0x0000, 0x0000, 0x0000, 0x0000, 0x0000, 0x0000, 0x0000, 0x0000, 0x0000,
0x0000, 0x0000, 0x0000, 0x0000, 0x0000, 0x0000, 0x0000, 0x0000, 0x0000, 0x0000, 0x0000, 0x0000, 0x0000, 0x0841, 0x2104, 0x3166,
0x2945, 0x18e3, 0x18a3, 0x18a3, 0x18c3, 0x3165, 0x10a2, 0x2945, 0x39c7, 0x18c3, 0x2104, 0x41c7, 0x2965, 0xa3ad, 0xff7b, 0xf6f9,
0xfed8, 0xff19, 0xf594, 0xfc70, 0xfd33, 0xa42e, 0x1081, 0x0000, 0x0000, 0x0000, 0x0000, 0x0000, 0x0000, 0x0000, 0x0000, 0x0000,
0x0000, 0x0000, 0x0000, 0x0000, 0x0000, 0x0000, 0x0000, 0x0000, 0x0000, 0x0000, 0x0000, 0x0000, 0x0000, 0x0000, 0x10a2, 0x2945,
0x2965, 0x2104, 0x10a2, 0x18a3, 0x1082, 0x2924, 0x18c3, 0x20e4, 0x39c7, 0x2924, 0x18c3, 0x39c7, 0x31a6, 0x6228, 0xfeb8, 0xff5a,
0xfef9, 0xff19, 0xfe15, 0xfc91, 0xfd32, 0x9bed, 0x1061, 0x0000, 0x7800, 0x0000, 0x0000, 0x0000, 0x0000, 0x0000, 0x0000, 0x0000,
0x0000, 0x0000, 0x0000, 0x0000, 0x0000, 0x0000, 0x0000, 0x0000, 0x0000, 0x0000, 0x0000, 0x0000, 0x0000, 0x0000, 0x1082, 0x2966,
0x3166, 0x2104, 0x18c3, 0x18c3, 0x1062, 0x2945, 0x18c3, 0x18c3, 0x41e8, 0x2965, 0x18a3, 0x3186, 0x2965, 0x5a07, 0xfdf5, 0xff19,
0xff19, 0xff3a, 0xfe98, 0xfd33, 0xed12, 0x62a9, 0x0000, 0x0000, 0x0000, 0x0000, 0x0000, 0x0000, 0x0000, 0x0000, 0x0000, 0x0000,
0x0000, 0x0000, 0x0000, 0x0000, 0x0000, 0x0000, 0x0000, 0x0000, 0x0000, 0x0000, 0x0000, 0x0000, 0x0000, 0x0020, 0x18e3, 0x3166,
0x2966, 0x2124, 0x18a2, 0x10a2, 0x1082, 0x3165, 0x1082, 0x2104, 0x41e8, 0x2104, 0x20e4, 0x39a6, 0x2966, 0x8b2b, 0xff3a, 0xfed8,
0xfed8, 0xff19, 0xf573, 0xfc90, 0xfd53, 0xa46f, 0x1882, 0x0000, 0x5000, 0x0000, 0x0000, 0x0000, 0x0000, 0x0000, 0x0000, 0x0000,
0x0000, 0x0000, 0x0000, 0x0000, 0x0000, 0x0000, 0x0000, 0x0000, 0x0000, 0x0000, 0x0000, 0x0000, 0x0000, 0x0020, 0x20e4, 0x3166,
0x2925, 0x18a3, 0x18a3, 0x10a2, 0x18c3, 0x2945, 0x18a3, 0x3166, 0x3186, 0x1082, 0x2925, 0x39a6, 0x3165, 0xdd12, 0xff5a, 0xff19,
0xff1a, 0xff1a, 0xfd53, 0xfd32, 0x8b8c, 0x1061, 0x0000, 0x0000, 0x0000, 0x0000, 0x0000, 0x0000, 0x0000, 0x0000, 0x0000, 0x0000,
0x0000, 0x0000, 0x0000, 0x0000, 0x0000, 0x0000, 0x0000, 0x0000, 0x0000, 0x0000, 0x0000, 0x0000, 0x0000, 0x0020, 0x20e4, 0x3166,
0x2965, 0x18e3, 0x18a3, 0x18c3, 0x1082, 0x2945, 0x1082, 0x2924, 0x41e7, 0x18e3, 0x2104, 0x39c7, 0x2986, 0x9b8d, 0xff3a, 0xff19,
0xfef9, 0xff19, 0xfdb4, 0xfc90, 0xfd32, 0x7b6c, 0x0000, 0x0000, 0x0000, 0x0000, 0x0000, 0x0000, 0x0000, 0x0000, 0x0000, 0x0000,
0x0000, 0x0000, 0x0000, 0x0000, 0x0000, 0x0000, 0x0000, 0x0000, 0x0000, 0x0000, 0x0000, 0x0000, 0x0000, 0x0000, 0x1082, 0x2945,
0x2966, 0x2104, 0x10a2, 0x18c3, 0x1061, 0x2924, 0x18c3, 0x18c3, 0x41e8, 0x2945, 0x18c3, 0x39a6, 0x2965, 0x6a48, 0xfe35, 0xfef9,
0xfef9, 0xff3a, 0xfe98, 0xfd33, 0xfd73, 0x834b, 0x0000, 0x0000, 0x0000, 0x0000, 0x0000, 0x0000, 0x0000, 0x0000, 0x0000, 0x0000,

/* -29- */
0x0000, 0x0000, 0x0000, 0x0000, 0x0000, 0x0000, 0x0000, 0x0000, 0x0000, 0x0000, 0x0000, 0x0000, 0x0000, 0x0000, 0x0021, 0x18e3,
0x2925, 0x2104, 0x20e4, 0x20e4, 0x18a3, 0x18c3, 0x18a2, 0x10a2, 0x3186, 0x2945, 0x1061, 0x2104, 0x3166, 0x2925, 0x9b0a, 0xf5f5,
0xff19, 0xff3a, 0xfe97, 0xc48f, 0x5a47, 0x0000, 0x0000, 0x0000, 0x0000, 0x0000, 0x0000, 0x0000, 0x0000, 0x0000, 0x0000, 0x0000,
0x0000, 0x0000, 0x0000, 0x0000, 0x0000, 0x0000, 0x0000, 0x0000, 0x0000, 0x0000, 0x0000, 0x0000, 0x0000, 0x0000, 0x0841, 0x2104,
0x2945, 0x2104, 0x2104, 0x20e4, 0x18a3, 0x20e3, 0x18c3, 0x18c3, 0x3186, 0x2924, 0x0841, 0x2925, 0x3166, 0x3965, 0xc42e, 0xfe97,
0xff19, 0xff3a, 0xfeb8, 0xd4d0, 0x6a88, 0x0000, 0x0000, 0x0000, 0x0000, 0x0000, 0x0000, 0x0000, 0x0000, 0x0000, 0x0000, 0x0000,
0x0000, 0x0000, 0x0000, 0x0000, 0x0000, 0x0000, 0x0000, 0x0000, 0x0000, 0x0000, 0x0000, 0x0000, 0x0000, 0x0000, 0x0000, 0x10a2,
0x2925, 0x2925, 0x2104, 0x2104, 0x20e4, 0x18a3, 0x18c3, 0x1082, 0x2925, 0x3186, 0x1062, 0x18e4, 0x3165, 0x2924, 0x7248, 0xe553,
0xfe77, 0xfef9, 0xfe97, 0xbc6f, 0x6227, 0x0000, 0x0000, 0x0000, 0x0000, 0x0000, 0x0000, 0x0000, 0x0000, 0x0000, 0x0000, 0x0000,
0x0000, 0x0000, 0x0000, 0x0000, 0x0000, 0x0000, 0x0000, 0x0000, 0x0000, 0x0000, 0x0000, 0x0000, 0x0000, 0x0000, 0x0000, 0x1082,
0x2925, 0x2945, 0x2925, 0x2925, 0x2104, 0x18c3, 0x18e3, 0x1062, 0x2104, 0x3186, 0x1062, 0x18a3, 0x2925, 0x2925, 0x59c6, 0xcc6f,
0xf5f5, 0xfe56, 0xddb4, 0x93ad, 0x3164, 0x0000, 0x0000, 0x0000, 0x0000, 0x0000, 0x0000, 0x0000, 0x0000, 0x0000, 0x0000, 0x0000,
0x0000, 0x0000, 0x0000, 0x0000, 0x0000, 0x0000, 0x0000, 0x0000, 0x0000, 0x0000, 0x0000, 0x0000, 0x0000, 0x0000, 0x0841, 0x18e3,
0x2925, 0x2925, 0x20e4, 0x20e4, 0x18a3, 0x18c3, 0x18e3, 0x1082, 0x3166, 0x2965, 0x1062, 0x2104, 0x2965, 0x3145, 0xb40e, 0xfe97,
0xff19, 0xff19, 0xfeb7, 0xd4f1, 0x6268, 0x0000, 0x0000, 0x0000, 0x0000, 0x0000, 0x0000, 0x0000, 0x0000, 0x0000, 0x0000, 0x0000,
0x0000, 0x0000, 0x0000, 0x0000, 0x0000, 0x0000, 0x0000, 0x0000, 0x0000, 0x0000, 0x0000, 0x0000, 0x0000, 0x0000, 0x0020, 0x18e3,
0x2925, 0x2925, 0x2925, 0x2925, 0x18c3, 0x18c3, 0x10a2, 0x18c3, 0x3166, 0x18c3, 0x0861, 0x2904, 0x2965, 0x4985, 0xbbed, 0xed73,
0xfe77, 0xe5d4, 0xac2e, 0x5206, 0x0000, 0x0000, 0x0000, 0x0000, 0x0000, 0x0000, 0x0000, 0x0000, 0x0000, 0x0000, 0x0000, 0x0000,
0x0000, 0x0000, 0x0000, 0x0000, 0x0000, 0x0000, 0x0000, 0x0000, 0x0000, 0x0000, 0x0000, 0x0000, 0x0000, 0x0000, 0x0821, 0x18c3,
0x2925, 0x2925, 0x2104, 0x2104, 0x18e3, 0x18c3, 0x18c3, 0x1082, 0x3186, 0x2944, 0x0861, 0x20e4, 0x2945, 0x3145, 0xa36b, 0xfdf5,
0xfeb8, 0xff3a, 0xfe77, 0xb40e, 0x49a5, 0x0000, 0x0000, 0x0000, 0x0000, 0x0000, 0x0000, 0x0000, 0x0000, 0x0000, 0x0000, 0x0000,
0x0000, 0x0000, 0x0000, 0x0000, 0x0000, 0x0000, 0x0000, 0x0000, 0x0000, 0x0000, 0x0000, 0x0000, 0x0000, 0x0000, 0x0000, 0x10a2,
0x2945, 0x2945, 0x2104, 0x2104, 0x2125, 0x20e4, 0x20e3, 0x1062, 0x2104, 0x3165, 0x0861, 0x18a3, 0x2925, 0x2104, 0x6a07, 0xe511,
0xfe56, 0xfeb8, 0xee56, 0xa44f, 0x49e6, 0x0000, 0x0000, 0x0000, 0x0000, 0x0000, 0x0000, 0x0000, 0x0000, 0x0000, 0x0000, 0x0000,

/* -30- */
0x0000, 0x0000, 0x0000, 0x0000, 0x0000, 0x0000, 0x0000, 0x0000, 0x0000, 0x0000, 0x0000, 0x0000, 0x0000, 0x0000, 0x0000, 0x0841,
0x18a3, 0x20e4, 0x2925, 0x2945, 0x2945, 0x2104, 0x18c3, 0x10a3, 0x1082, 0x2104, 0x1082, 0x1082, 0x20e4, 0x2945, 0x18c3, 0x28c2,
0x6a48, 0x7b0a, 0x49c5, 0x0000, 0x0000, 0x0000, 0x0000, 0x0000, 0x0000, 0x0000, 0x0000, 0x0000, 0x0000, 0x0000, 0x0000, 0x0000,
0x0000, 0x0000, 0x0000, 0x0000, 0x0000, 0x0000, 0x0000, 0x0000, 0x0000, 0x0000, 0x0000, 0x0000, 0x0000, 0x0000, 0x0000, 0x0841,
0x18c3, 0x2104, 0x2945, 0x2945, 0x2945, 0x20e4, 0x18c3, 0x18a3, 0x18c3, 0x2945, 0x1082, 0x1082, 0x20e3, 0x2104, 0x18a2, 0x61c6,
0x8b0a, 0x8b2b, 0x6207, 0x1881, 0x0000, 0x0000, 0x7800, 0x0000, 0x0000, 0x0000, 0x0000, 0x0000, 0x0000, 0x0000, 0x0000, 0x0000,
0x0000, 0x0000, 0x0000, 0x0000, 0x0000, 0x0000, 0x0000, 0x0000, 0x0000, 0x0000, 0x0000, 0x0000, 0x0000, 0x0000, 0x0000, 0x0000,
0x1082, 0x20e3, 0x2104, 0x2925, 0x2945, 0x2925, 0x20e4, 0x18a3, 0x1082, 0x20e3, 0x10a2, 0x1062, 0x18e3, 0x2945, 0x18c3, 0x20a2,
0x6a07, 0x6a48, 0x51c5, 0x0000, 0x0000, 0x0000, 0x7800, 0x0000, 0x0000, 0x0000, 0x0000, 0x0000, 0x0000, 0x0000, 0x0000, 0x0000,
0x0000, 0x0000, 0x0000, 0x0000, 0x0000, 0x0000, 0x0000, 0x0000, 0x0000, 0x0000, 0x0000, 0x0000, 0x0000, 0x0000, 0x0000, 0x0000,
0x1062, 0x18c3, 0x2104, 0x2925, 0x2925, 0x2925, 0x20e4, 0x18c3, 0x1082, 0x18c3, 0x18c3, 0x1082, 0x18c3, 0x2924, 0x18e3, 0x1061,
0x4985, 0x4165, 0x30c2, 0x0000, 0x0000, 0x0000, 0x0000, 0x0000, 0x0000, 0x0000, 0x0000, 0x0000, 0x0000, 0x0000, 0x0000, 0x0000,
0x0000, 0x0000, 0x0000, 0x0000, 0x0000, 0x0000, 0x0000, 0x0000, 0x0000, 0x0000, 0x0000, 0x0000, 0x0000, 0x0000, 0x0000, 0x0020,
0x10a2, 0x2104, 0x2945, 0x2945, 0x2965, 0x2124, 0x18c3, 0x18a3, 0x1082, 0x2104, 0x10a2, 0x1062, 0x18c3, 0x2124, 0x18a2, 0x59c6,
0x9b2b, 0x8b2b, 0x6a47, 0x20a2, 0x0000, 0x0000, 0x0000, 0x0000, 0x0000, 0x0000, 0x0000, 0x0000, 0x0000, 0x0000, 0x0000, 0x0000,
0x0000, 0x0000, 0x0000, 0x0000, 0x0000, 0x0000, 0x0000, 0x0000, 0x0000, 0x0000, 0x0000, 0x0000, 0x0000, 0x0000, 0x0000, 0x0020,
0x10a2, 0x18c3, 0x2104, 0x2925, 0x2925, 0x20e4, 0x18c4, 0x10a2, 0x10a2, 0x18c3, 0x1062, 0x1082, 0x18c3, 0x18e3, 0x0000, 0x4124,
0x49a6, 0x3924, 0x0000, 0x0000, 0x0000, 0x5000, 0x0000, 0x0000, 0x0000, 0x0000, 0x0000, 0x0000, 0x0000, 0x0000, 0x0000, 0x0000,
0x0000, 0x0000, 0x0000, 0x0000, 0x0000, 0x0000, 0x0000, 0x0000, 0x0000, 0x0000, 0x0000, 0x0000, 0x0000, 0x0000, 0x0000, 0x0020,
0x10a2, 0x20e4, 0x2104, 0x2925, 0x2945, 0x2925, 0x20e4, 0x18a3, 0x10a2, 0x2104, 0x1082, 0x1082, 0x20e3, 0x2945, 0x10a2, 0x3903,
0x7247, 0x6a89, 0x51e6, 0x0000, 0x0000, 0x0000, 0x0000, 0x0000, 0x0000, 0x0000, 0x0000, 0x0000, 0x0000, 0x0000, 0x0000, 0x0000,
0x0000, 0x0000, 0x0000, 0x0000, 0x0000, 0x0000, 0x0000, 0x0000, 0x0000, 0x0000, 0x0000, 0x0000, 0x0000, 0x0000, 0x0000, 0x0000,
0x1082, 0x18e3, 0x2104, 0x2925, 0x2925, 0x2925, 0x20e4, 0x18c3, 0x1082, 0x18c3, 0x18c3, 0x1082, 0x18c3, 0x2124, 0x10a3, 0x20a2,
0x7269, 0x51e6, 0x3943, 0x0000, 0x0000, 0x0000, 0x0000, 0x0000, 0x0000, 0x0000, 0x0000, 0x0000, 0x0000, 0x0000, 0x0000, 0x0000,

/* -31- */
0x0000, 0x0000, 0x0000, 0x0000, 0x0000, 0x0000, 0x0000, 0x0000, 0x0000, 0x0000, 0x0000, 0x0000, 0x0000, 0x0000, 0x0000, 0x0000,
0x0020, 0x0841, 0x1082, 0x18c3, 0x18c3, 0x18c3, 0x18a3, 0x18a3, 0x10a2, 0x1062, 0x1062, 0x10a2, 0x18c3, 0x2104, 0x2925, 0x10a3,
0x6a8a, 0x3965, 0x0000, 0x0000, 0x0000, 0x0000, 0x0000, 0x0000, 0x0000, 0x0000, 0x0000, 0x0000, 0x0000, 0x0000, 0x0000, 0x0000,
0x0000, 0x0000, 0x0000, 0x0000, 0x0000, 0x0000, 0x0000, 0x0000, 0x0000, 0x0000, 0x0000, 0x0000, 0x0000, 0x0000, 0x0000, 0x0000,
0x0020, 0x0861, 0x1082, 0x18a3, 0x18c3, 0x20e4, 0x18e4, 0x18c3, 0x18a3, 0x1082, 0x0861, 0x1082, 0x10a2, 0x18c3, 0x18e4, 0x18e4,
0x6aec, 0x18a2, 0x0000, 0x0000, 0x0000, 0x0000, 0x0000, 0x0000, 0x0000, 0x0000, 0x0000, 0x0000, 0x0000, 0x0000, 0x0000, 0x0000,
0x0000, 0x0000, 0x0000, 0x0000, 0x0000, 0x0000, 0x0000, 0x0000, 0x0000, 0x0000, 0x0000, 0x0000, 0x0000, 0x0000, 0x0000, 0x0000,
0x0000, 0x0841, 0x0861, 0x1082, 0x10a2, 0x10a3, 0x18a3, 0x10a2, 0x10a3, 0x1062, 0x0841, 0x1082, 0x10a2, 0x1082, 0x2925, 0x10c3,
0x730c, 0x4a08, 0x0000, 0x0000, 0x0000, 0x0000, 0x0000, 0x0000, 0x0000, 0x0000, 0x0000, 0x0000, 0x0000, 0x0000, 0x0000, 0x0000,
0x0000, 0x0000, 0x0000, 0x0000, 0x0000, 0x0000, 0x0000, 0x0000, 0x0000, 0x0000, 0x0000, 0x0000, 0x0000, 0x0000, 0x0000, 0x0000,
0x0000, 0x0000, 0x0841, 0x1082, 0x1082, 0x1082, 0x1062, 0x1082, 0x18a3, 0x1082, 0x1062, 0x18a2, 0x18a2, 0x1082, 0x18c3, 0x0882,
0x72cb, 0x49c7, 0x0000, 0x0000, 0x52aa, 0x0000, 0x0000, 0x0000, 0x0000, 0x0000, 0x0000, 0x0000, 0x0000, 0x0000, 0x0000, 0x0000,
0x0000, 0x0000, 0x0000, 0x0000, 0x0000, 0x0000, 0x0000, 0x0000, 0x0000, 0x0000, 0x0000, 0x0000, 0x0000, 0x0000, 0x0000, 0x0000,
0x0000, 0x0861, 0x1082, 0x18a3, 0x18c3, 0x18c3, 0x18a3, 0x18a3, 0x18a3, 0x1082, 0x1082, 0x18c3, 0x18a3, 0x18a3, 0x18e3, 0x10a2,
0x7b2c, 0x18a2, 0x0000, 0x0000, 0x0000, 0x0000, 0x0000, 0x0000, 0x0000, 0x0000, 0x0000, 0x0000, 0x0000, 0x0000, 0x0000, 0x0000,
0x0000, 0x0000, 0x0000, 0x0000, 0x0000, 0x0000, 0x0000, 0x0000, 0x0000, 0x0000, 0x0000, 0x0000, 0x0000, 0x0000, 0x0000, 0x0000,
0x0000, 0x0020, 0x0841, 0x0861, 0x1062, 0x1082, 0x10a2, 0x18a3, 0x1082, 0x0861, 0x1062, 0x10a3, 0x1082, 0x20e4, 0x1082, 0x4a08,
0x7b2c, 0x0882, 0x0000, 0xbbe7, 0x0000, 0x0000, 0x0000, 0x0000, 0x0000, 0x0000, 0x0000, 0x0000, 0x0000, 0x0000, 0x0000, 0x0000,
0x0000, 0x0000, 0x0000, 0x0000, 0x0000, 0x0000, 0x0000, 0x0000, 0x0000, 0x0000, 0x0000, 0x0000, 0x0000, 0x0000, 0x0000, 0x0000,
0x0000, 0x0841, 0x1062, 0x10a2, 0x18a3, 0x18a3, 0x10a3, 0x18a3, 0x18a3, 0x0862, 0x0861, 0x10a3, 0x18a3, 0x20e3, 0x2104, 0x18e4,
0x8b6d, 0x20e3, 0x0000, 0x0000, 0x0000, 0x0000, 0x0000, 0x0000, 0x0000, 0x0000, 0x0000, 0x0000, 0x0000, 0x0000, 0x0000, 0x0000,
0x0000, 0x0000, 0x0000, 0x0000, 0x0000, 0x0000, 0x0000, 0x0000, 0x0000, 0x0000, 0x0000, 0x0000, 0x0000, 0x0000, 0x0000, 0x0000,
0x0000, 0x0020, 0x0861, 0x1082, 0x1082, 0x1082, 0x1062, 0x1082, 0x18a3, 0x1082, 0x1061, 0x18c3, 0x18e3, 0x18c3, 0x2104, 0x0862,
0x8b8e, 0x39a6, 0x0000, 0x0000, 0xfbef, 0x0000, 0x0000, 0x0000, 0x0000, 0x0000, 0x0000, 0x0000, 0x0000, 0x0000, 0x0000, 0x0000,

/* -32- */
0x0000, 0x0000, 0x0000, 0x0000, 0x0000, 0x0000, 0x0000, 0x0000, 0x0000, 0x0000, 0x0000, 0x0000, 0x0000, 0x0000, 0x0000, 0x0000,
0x0000, 0x0000, 0x0000, 0x0000, 0x0000, 0x0000, 0x1082, 0x10a2, 0x18c3, 0x18c3, 0x10a2, 0x10a2, 0x18c3, 0x1082, 0x20e4, 0x18c3,
0x8bef, 0x5249, 0x52aa, 0x39e7, 0x0000, 0x0000, 0x0000, 0x0000, 0x0000, 0x0000, 0x0000, 0x0000, 0x0000, 0x0000, 0x0000, 0x0000,
0x0000, 0x0000, 0x0000, 0x0000, 0x0000, 0x0000, 0x0000, 0x0000, 0x0000, 0x0000, 0x0000, 0x0000, 0x0000, 0x0000, 0x0000, 0x0000,
0x0000, 0x0000, 0x0000, 0x0020, 0x0841, 0x0020, 0x0861, 0x0861, 0x1082, 0x1062, 0x0861, 0x18c3, 0x18c3, 0x10a2, 0x1082, 0x2924,
0xacd3, 0x39a6, 0x0000, 0x4924, 0x0000, 0x0000, 0x0000, 0x0000, 0x0000, 0x0000, 0x0000, 0x0000, 0x0000, 0x0000, 0x0000, 0x0000,
0x0000, 0x0000, 0x0000, 0x0000, 0x0000, 0x0000, 0x0000, 0x0000, 0x0000, 0x0000, 0x0000, 0x0000, 0x0000, 0x0000, 0x0000, 0x0000,
0x0000, 0x0000, 0x0000, 0x0000, 0x0000, 0x0020, 0x1062, 0x10a2, 0x10a2, 0x18a3, 0x10a2, 0x10a2, 0x18a3, 0x18c3, 0x18a3, 0x0841,
0x72eb, 0x836d, 0x0860, 0x5000, 0x5000, 0x0000, 0x0000, 0x0000, 0x0000, 0x0000, 0x0000, 0x0000, 0x0000, 0x0000, 0x0000, 0x0000,
0x0000, 0x0000, 0x0000, 0x0000, 0x0000, 0x0000, 0x0000, 0x0000, 0x0000, 0x0000, 0x0000, 0x0000, 0x0000, 0x0000, 0x0000, 0x0000,
0x0000, 0x0000, 0x0000, 0x0000, 0x0000, 0x0020, 0x10a2, 0x18c3, 0x18c3, 0x2104, 0x20e4, 0x18c3, 0x18c3, 0x2924, 0x2945, 0x2945,
0x8bcf, 0x6aca, 0x0840, 0xfbef, 0x0000, 0x0000, 0x0000, 0x0000, 0x0000, 0x0000, 0x0000, 0x0000, 0x0000, 0x0000, 0x0000, 0x0000,
0x0000, 0x0000, 0x0000, 0x0000, 0x0000, 0x0000, 0x0000, 0x0000, 0x0000, 0x0000, 0x0000, 0x0000, 0x0000, 0x0000, 0x0000, 0x0000,
0x0000, 0x0000, 0x0000, 0x0000, 0x0020, 0x0020, 0x0841, 0x0861, 0x1082, 0x1082, 0x1082, 0x18a3, 0x1082, 0x1082, 0x1082, 0x18c3,
0xac92, 0x39a6, 0x0000, 0x38e3, 0x0000, 0x0000, 0x0000, 0x0000, 0x0000, 0x0000, 0x0000, 0x0000, 0x0000, 0x0000, 0x0000, 0x0000,
0x0000, 0x0000, 0x0000, 0x0000, 0x0000, 0x0000, 0x0000, 0x0000, 0x0000, 0x0000, 0x0000, 0x0000, 0x0000, 0x0000, 0x0000, 0x0000,
0x0000, 0x0000, 0x0000, 0x0000, 0x0000, 0x0841, 0x10a2, 0x1082, 0x10a2, 0x10a2, 0x10a2, 0x18e3, 0x20e4, 0x18c3, 0x18c3, 0x41e7,
0x93cf, 0x18c3, 0x0000, 0x0000, 0x0000, 0x0000, 0x0000, 0x0000, 0x0000, 0x0000, 0x0000, 0x0000, 0x0000, 0x0000, 0x0000, 0x0000,
0x0000, 0x0000, 0x0000, 0x0000, 0x0000, 0x0000, 0x0000, 0x0000, 0x0000, 0x0000, 0x0000, 0x0000, 0x0000, 0x0000, 0x0000, 0x0000,
0x0000, 0x0000, 0x0000, 0x0000, 0x0000, 0x0020, 0x1082, 0x10a2, 0x10a2, 0x1082, 0x1082, 0x18c3, 0x18c3, 0x1082, 0x1082, 0x18a2,
0xa430, 0x5228, 0x7bef, 0x2945, 0x0000, 0x0000, 0x0000, 0x0000, 0x0000, 0x0000, 0x0000, 0x0000, 0x0000, 0x0000, 0x0000, 0x0000,
0x0000, 0x0000, 0x0000, 0x0000, 0x0000, 0x0000, 0x0000, 0x0000, 0x0000, 0x0000, 0x0000, 0x0000, 0x0000, 0x0000, 0x0000, 0x0000,
0x0000, 0x0000, 0x0000, 0x0000, 0x0000, 0x0020, 0x18a2, 0x18c3, 0x18c3, 0x20e4, 0x18c3, 0x18a3, 0x18c3, 0x18c3, 0x2945, 0x2124,
0x9c30, 0x62ca, 0x0861, 0xfd55, 0x0000, 0x0000, 0x0000, 0x0000, 0x0000, 0x0000, 0x0000, 0x0000, 0x0000, 0x0000, 0x0000, 0x0000,

/* -33- */
0x0000, 0x0000, 0x0000, 0x0000, 0x0000, 0x0000, 0x0000, 0x0000, 0x0000, 0x0000, 0x0000, 0x0000, 0x0000, 0x0000, 0x0000, 0x0000,
0x0000, 0x0000, 0x0000, 0x0000, 0x0000, 0x10a2, 0x2124, 0x2925, 0x2946, 0x3166, 0x2945, 0x2104, 0x20e4, 0x6b0c, 0xbd96, 0xbd96,
0xb534, 0x4a08, 0xad55, 0x0000, 0x0000, 0x0000, 0x0000, 0x0000, 0x0000, 0x0000, 0x0000, 0x0000, 0x0000, 0x0000, 0x0000, 0x0000,
0x0000, 0x0000, 0x0000, 0x0000, 0x0000, 0x0000, 0x0000, 0x0000, 0x0000, 0x0000, 0x0000, 0x0000, 0x0000, 0x0000, 0x0000, 0x0000,
0x0000, 0x0000, 0x0000, 0x0000, 0x0000, 0x18c3, 0x2925, 0x2925, 0x2125, 0x2125, 0x2104, 0x18e4, 0x4a08, 0x7b8e, 0x8c30, 0x9c71,
0x7b4d, 0x20e3, 0xffff, 0x0000, 0x0000, 0x0000, 0x0000, 0x0000, 0x0000, 0x0000, 0x0000, 0x0000, 0x0000, 0x0000, 0x0000, 0x0000,
0x0000, 0x0000, 0x0000, 0x0000, 0x0000, 0x0000, 0x0000, 0x0000, 0x0000, 0x0000, 0x0000, 0x0000, 0x0000, 0x0000, 0x0000, 0x0000,
0x0000, 0x0000, 0x0000, 0x0000, 0x0000, 0x1082, 0x2104, 0x2925, 0x2946, 0x3166, 0x3166, 0x2925, 0x18a3, 0x5269, 0xacd3, 0xc5b7,
0xbd96, 0x62aa, 0x0020, 0x0000, 0x0000, 0x0000, 0x0000, 0x0000, 0x0000, 0x0000, 0x0000, 0x0000, 0x0000, 0x0000, 0x0000, 0x0000,
0x0000, 0x0000, 0x0000, 0x0000, 0x0000, 0x0000, 0x0000, 0x0000, 0x0000, 0x0000, 0x0000, 0x0000, 0x0000, 0x0000, 0x0000, 0x0000,
0x0000, 0x0000, 0x0000, 0x0000, 0x0841, 0x18c3, 0x2945, 0x2945, 0x3186, 0x3187, 0x39a7, 0x3186, 0x2104, 0x734d, 0xe6ba, 0xeefb,
0xde79, 0x62aa, 0x0000, 0x0000, 0x0000, 0x0000, 0x0000, 0x0000, 0x0000, 0x0000, 0x0000, 0x0000, 0x0000, 0x0000, 0x0000, 0x0000,
0x0000, 0x0000, 0x0000, 0x0000, 0x0000, 0x0000, 0x0000, 0x0000, 0x0000, 0x0000, 0x0000, 0x0000, 0x0000, 0x0000, 0x0000, 0x0000,
0x0000, 0x0000, 0x0000, 0x0000, 0x0000, 0x1082, 0x2104, 0x2945, 0x2945, 0x2925, 0x2925, 0x2104, 0x39c7, 0x8bef, 0x8c10, 0x8c10,
0x8bcf, 0x18c3, 0x0000, 0x39e7, 0x0000, 0x0000, 0x0000, 0x0000, 0x0000, 0x0000, 0x0000, 0x0000, 0x0000, 0x0000, 0x0000, 0x0000,
0x0000, 0x0000, 0x0000, 0x0000, 0x0000, 0x0000, 0x0000, 0x0000, 0x0000, 0x0000, 0x0000, 0x0000, 0x0000, 0x0000, 0x0000, 0x0000,
0x0000, 0x0000, 0x0000, 0x0000, 0x1082, 0x18c3, 0x2104, 0x2966, 0x2945, 0x2945, 0x2104, 0x2925, 0x2966, 0x83ae, 0xd638, 0xde79,
0xa492, 0x2924, 0x0000, 0x39e7, 0x0000, 0x0000, 0x0000, 0x0000, 0x0000, 0x0000, 0x0000, 0x0000, 0x0000, 0x0000, 0x0000, 0x0000,
0x0000, 0x0000, 0x0000, 0x0000, 0x0000, 0x0000, 0x0000, 0x0000, 0x0000, 0x0000, 0x0000, 0x0000, 0x0000, 0x0000, 0x0000, 0x0000,
0x0000, 0x0000, 0x0000, 0x0000, 0x0020, 0x18a3, 0x2104, 0x2925, 0x3166, 0x3186, 0x3166, 0x20e4, 0x2124, 0x736d, 0xa4d3, 0xad14,
0xa471, 0x3145, 0x0000, 0x52aa, 0x0000, 0x0000, 0x0000, 0x0000, 0x0000, 0x0000, 0x0000, 0x0000, 0x0000, 0x0000, 0x0000, 0x0000,
0x0000, 0x0000, 0x0000, 0x0000, 0x0000, 0x0000, 0x0000, 0x0000, 0x0000, 0x0000, 0x0000, 0x0000, 0x0000, 0x0000, 0x0000, 0x0000,
0x0000, 0x0000, 0x0000, 0x0000, 0x0020, 0x18c3, 0x2125, 0x2945, 0x2966, 0x3166, 0x3186, 0x2925, 0x2945, 0x9c92, 0xe6ba, 0xe6da,
0xe69a, 0x62aa, 0x0000, 0x0000, 0x0000, 0x0000, 0x0000, 0x0000, 0x0000, 0x0000, 0x0000, 0x0000, 0x0000, 0x0000, 0x0000, 0x0000,

/* -34- */
0x0000, 0x0000, 0x0000, 0x0000, 0x0000, 0x0000, 0x0000, 0x0000, 0x0000, 0x0000, 0x0000, 0x0000, 0x0000, 0x0000, 0x0000, 0x0000,
0x0000, 0x0000, 0x0000, 0x0000, 0x0861, 0x2104, 0x2104, 0x2945, 0x3166, 0x3166, 0x39c7, 0x39c7, 0x2104, 0x9c92, 0xffff, 0xffbe,
0xffbe, 0x83ef, 0x0000, 0x0000, 0x0000, 0x0000, 0x0000, 0x0000, 0x0000, 0x0000, 0x0000, 0x0000, 0x0000, 0x0000, 0x0000, 0x0000,
0x0000, 0x0000, 0x0000, 0x0000, 0x0000, 0x0000, 0x0000, 0x0000, 0x0000, 0x0000, 0x0000, 0x0000, 0x0000, 0x0000, 0x0000, 0x0000,
0x0000, 0x0000, 0x0000, 0x0021, 0x2945, 0x39e8, 0x31a7, 0x3166, 0x3186, 0x3166, 0x2945, 0x2104, 0x6b0c, 0xffbe, 0xffde, 0xffff,
0xce18, 0x39c6, 0x0000, 0x0000, 0x0000, 0x0000, 0x0000, 0x0000, 0x0000, 0x0000, 0x0000, 0x0000, 0x0000, 0x0000, 0x0000, 0x0000,
0x0000, 0x0000, 0x0000, 0x0000, 0x0000, 0x0000, 0x0000, 0x0000, 0x0000, 0x0000, 0x0000, 0x0000, 0x0000, 0x0000, 0x0000, 0x0000,
0x0000, 0x0000, 0x0000, 0x0000, 0x0841, 0x2104, 0x2125, 0x2945, 0x3186, 0x3186, 0x31a7, 0x41e8, 0x2104, 0x3186, 0xef1c, 0xffff,
0xffff, 0xbd75, 0x1082, 0x0000, 0x3800, 0x0000, 0x0000, 0x0000, 0x0000, 0x0000, 0x0000, 0x0000, 0x0000, 0x0000, 0x0000, 0x0000,
0x0000, 0x0000, 0x0000, 0x0000, 0x0000, 0x0000, 0x0000, 0x0000, 0x0000, 0x0000, 0x0000, 0x0000, 0x0000, 0x0000, 0x0000, 0x0000,
0x0000, 0x0000, 0x0000, 0x0000, 0x1082, 0x2925, 0x2104, 0x2946, 0x3186, 0x3186, 0x39a7, 0x4208, 0x2945, 0x3186, 0xe6fb, 0xffdf,
0xffff, 0xd659, 0x2945, 0x0000, 0x52aa, 0x0000, 0x0000, 0x0000, 0x0000, 0x0000, 0x0000, 0x0000, 0x0000, 0x0000, 0x0000, 0x0000,
0x0000, 0x0000, 0x0000, 0x0000, 0x0000, 0x0000, 0x0000, 0x0000, 0x0000, 0x0000, 0x0000, 0x0000, 0x0000, 0x0000, 0x0000, 0x0000,
0x0000, 0x0000, 0x0000, 0x0000, 0x0841, 0x2925, 0x3187, 0x3187, 0x3186, 0x3166, 0x2945, 0x2105, 0x8c30, 0xffff, 0xffff, 0xffff,
0xd679, 0x2924, 0x0000, 0x6186, 0x0000, 0x0000, 0x0000, 0x0000, 0x0000, 0x0000, 0x0000, 0x0000, 0x0000, 0x0000, 0x0000, 0x0000,
0x0000, 0x0000, 0x0000, 0x0000, 0x0000, 0x0000, 0x0000, 0x0000, 0x0000, 0x0000, 0x0000, 0x0000, 0x0000, 0x0000, 0x0000, 0x0000,
0x0000, 0x0000, 0x0000, 0x0841, 0x1082, 0x2925, 0x39c7, 0x31a7, 0x3186, 0x3187, 0x3186, 0x3166, 0x20e4, 0xa4f3, 0xffff, 0xffbe,
0xffde, 0x6b4c, 0x0000, 0xffff, 0x0000, 0x0000, 0x0000, 0x0000, 0x0000, 0x0000, 0x0000, 0x0000, 0x0000, 0x0000, 0x0000, 0x0000,
0x0000, 0x0000, 0x0000, 0x0000, 0x0000, 0x0000, 0x0000, 0x0000, 0x0000, 0x0000, 0x0000, 0x0000, 0x0000, 0x0000, 0x0000, 0x0000,
0x0000, 0x0000, 0x0000, 0x0000, 0x1082, 0x2925, 0x2104, 0x2966, 0x3186, 0x3186, 0x39c7, 0x39c7, 0x1082, 0x9cb2, 0xffff, 0xffff,
0xf77d, 0x5269, 0x0000, 0xffff, 0x0000, 0x0000, 0x0000, 0x0000, 0x0000, 0x0000, 0x0000, 0x0000, 0x0000, 0x0000, 0x0000, 0x0000,
0x0000, 0x0000, 0x0000, 0x0000, 0x0000, 0x0000, 0x0000, 0x0000, 0x0000, 0x0000, 0x0000, 0x0000, 0x0000, 0x0000, 0x0000, 0x0000,
0x0000, 0x0000, 0x0000, 0x0000, 0x1062, 0x2104, 0x2104, 0x2966, 0x3166, 0x3166, 0x39c7, 0x39a7, 0x18e4, 0x7bcf, 0xffdf, 0xff9d,
0xffff, 0xcdf7, 0x18c3, 0x0000, 0x0000, 0x0000, 0x0000, 0x0000, 0x0000, 0x0000, 0x0000, 0x0000, 0x0000, 0x0000, 0x0000, 0x0000,

/* -35- */
0x0000, 0x0000, 0x0000, 0x0000, 0x0000, 0x0000, 0x0000, 0x0000, 0x0000, 0x0000, 0x0000, 0x0000, 0x0000, 0x0000, 0x0000, 0x0000,
0x0000, 0x0000, 0x0000, 0x0000, 0x18e3, 0x2925, 0x2104, 0x3166, 0x3186, 0x3186, 0x31a7, 0x41e8, 0x20e4, 0x4208, 0xef3c, 0xff7d,
0xffbe, 0xe6ba, 0x39a7, 0x0000, 0x39e7, 0x0000, 0x0000, 0x0000, 0x0000, 0x0000, 0x0000, 0x0000, 0x0000, 0x0000, 0x0000, 0x0000,
0x0000, 0x0000, 0x0000, 0x0000, 0x0000, 0x0000, 0x0000, 0x0000, 0x0000, 0x0000, 0x0000, 0x0000, 0x0000, 0x0000, 0x0000, 0x0000,
0x0000, 0x0000, 0x0841, 0x3166, 0x41c8, 0x3166, 0x2946, 0x2966, 0x3166, 0x3166, 0x2925, 0x2925, 0x5269, 0xe6fb, 0xff9e, 0xf79d,
0xffff, 0x7b8e, 0x0000, 0x0000, 0x0000, 0x0000, 0x0000, 0x0000, 0x0000, 0x0000, 0x0000, 0x0000, 0x0000, 0x0000, 0x0000, 0x0000,
0x0000, 0x0000, 0x0000, 0x0000, 0x0000, 0x0000, 0x0000, 0x0000, 0x0000, 0x0000, 0x0000, 0x0000, 0x0000, 0x0000, 0x0000, 0x0000,
0x0000, 0x0000, 0x0000, 0x0000, 0x18a3, 0x2945, 0x2104, 0x3166, 0x3186, 0x3186, 0x3186, 0x41e8, 0x39c7, 0x0861, 0xa4d3, 0xffbe,
0xff5c, 0xffbe, 0x6b0c, 0x7bef, 0xffff, 0x0000, 0x0000, 0x0000, 0x0000, 0x0000, 0x0000, 0x0000, 0x0000, 0x0000, 0x0000, 0x0000,
0x0000, 0x0000, 0x0000, 0x0000, 0x0000, 0x0000, 0x0000, 0x0000, 0x0000, 0x0000, 0x0000, 0x0000, 0x0000, 0x0000, 0x0000, 0x0000,
0x0000, 0x0000, 0x0000, 0x0020, 0x20e4, 0x2945, 0x20e4, 0x3186, 0x3186, 0x3186, 0x31a7, 0x41e8, 0x39a7, 0x10a3, 0x9cd3, 0xffff,
0xf77d, 0xffff, 0x736d, 0x0000, 0xffff, 0x0000, 0x0000, 0x0000, 0x0000, 0x0000, 0x0000, 0x0000, 0x0000, 0x0000, 0x0000, 0x0000,
0x0000, 0x0000, 0x0000, 0x0000, 0x0000, 0x0000, 0x0000, 0x0000, 0x0000, 0x0000, 0x0000, 0x0000, 0x0000, 0x0000, 0x0000, 0x0000,
0x0000, 0x0000, 0x0000, 0x0841, 0x20e4, 0x31a7, 0x3186, 0x3186, 0x3186, 0x3187, 0x2945, 0x2104, 0x528a, 0xf75d, 0xf77d, 0xf75d,
0xffff, 0x840f, 0x0000, 0x0000, 0x0000, 0x0000, 0x0000, 0x0000, 0x0000, 0x0000, 0x0000, 0x0000, 0x0000, 0x0000, 0x0000, 0x0000,
0x0000, 0x0000, 0x0000, 0x0000, 0x0000, 0x0000, 0x0000, 0x0000, 0x0000, 0x0000, 0x0000, 0x0000, 0x0000, 0x0000, 0x0000, 0x0000,
0x0000, 0x0000, 0x0000, 0x0020, 0x20e4, 0x41e8, 0x3186, 0x3166, 0x3166, 0x3186, 0x39a7, 0x2945, 0x2104, 0x630c, 0xffbe, 0xf79e,
0xffff, 0xce38, 0x18a2, 0x0000, 0x0186, 0x0000, 0x0000, 0x0000, 0x0000, 0x0000, 0x0000, 0x0000, 0x0000, 0x0000, 0x0000, 0x0000,
0x0000, 0x0000, 0x0000, 0x0000, 0x0000, 0x0000, 0x0000, 0x0000, 0x0000, 0x0000, 0x0000, 0x0000, 0x0000, 0x0000, 0x0000, 0x0000,
0x0000, 0x0000, 0x0000, 0x0020, 0x2104, 0x2925, 0x2104, 0x3166, 0x3166, 0x3186, 0x3187, 0x4208, 0x20e4, 0x41e7, 0xf73c, 0xf77d,
0xffff, 0xa4f3, 0x0020, 0x0000, 0x0000, 0x0000, 0x0000, 0x0000, 0x0000, 0x0000, 0x0000, 0x0000, 0x0000, 0x0000, 0x0000, 0x0000,
0x0000, 0x0000, 0x0000, 0x0000, 0x0000, 0x0000, 0x0000, 0x0000, 0x0000, 0x0000, 0x0000, 0x0000, 0x0000, 0x0000, 0x0000, 0x0000,
0x0000, 0x0000, 0x0000, 0x0020, 0x2104, 0x2104, 0x2124, 0x3186, 0x3166, 0x3166, 0x31a7, 0x39c8, 0x18a3, 0x4a28, 0xf75c, 0xff9e,
0xff7d, 0xffbe, 0x738d, 0x0000, 0xad55, 0x0000, 0x0000, 0x0000, 0x0000, 0x0000, 0x0000, 0x0000, 0x0000, 0x0000, 0x0000, 0x0000,

/* -36- */
0x0000, 0x0000, 0x0000, 0x0000, 0x0000, 0x0000, 0x0000, 0x0000, 0x0000, 0x0000, 0x0000, 0x0000, 0x0000, 0x0000, 0x0000, 0x0000,
0x0000, 0x0000, 0x0000, 0x1062, 0x2946, 0x2124, 0x2925, 0x3166, 0x3166, 0x3166, 0x3166, 0x39c7, 0x3166, 0x2925, 0xdeba, 0xffff,
0xff9e, 0xffff, 0x83cf, 0x0000, 0xffff, 0x0000, 0x0000, 0x0000, 0x0000, 0x0000, 0x0000, 0x0000, 0x0000, 0x0000, 0x0000, 0x0000,
0x0000, 0x0000, 0x0000, 0x0000, 0x0000, 0x0000, 0x0000, 0x0000, 0x0000, 0x0000, 0x0000, 0x0000, 0x0000, 0x0000, 0x0000, 0x0000,
0x0000, 0x0000, 0x2925, 0x41c8, 0x3166, 0x3166, 0x3166, 0x3166, 0x3166, 0x3166, 0x20e4, 0x2925, 0x3186, 0xd659, 0xffde, 0xff7d,
0xffbe, 0xc5f7, 0x0861, 0x20e3, 0x0000, 0x0000, 0x0000, 0x0000, 0x0000, 0x0000, 0x0000, 0x0000, 0x0000, 0x0000, 0x0000, 0x0000,
0x0000, 0x0000, 0x0000, 0x0000, 0x0000, 0x0000, 0x0000, 0x0000, 0x0000, 0x0000, 0x0000, 0x0000, 0x0000, 0x0000, 0x0000, 0x0000,
0x0000, 0x0000, 0x0000, 0x0841, 0x2945, 0x2946, 0x18e3, 0x3166, 0x3166, 0x3166, 0x3186, 0x3186, 0x4a09, 0x2104, 0x5249, 0xffbe,
0xffbe, 0xffff, 0xad34, 0x0000, 0x0000, 0x0000, 0x0000, 0x0000, 0x0000, 0x0000, 0x0000, 0x0000, 0x0000, 0x0000, 0x0000, 0x0000,
0x0000, 0x0000, 0x0000, 0x0000, 0x0000, 0x0000, 0x0000, 0x0000, 0x0000, 0x0000, 0x0000, 0x0000, 0x0000, 0x0000, 0x0000, 0x0000,
0x0000, 0x0000, 0x0000, 0x1082, 0x2946, 0x2925, 0x2104, 0x3186, 0x3186, 0x3186, 0x3186, 0x39a7, 0x4208, 0x1082, 0x6b2c, 0xffdf,
0xf79e, 0xffff, 0xbdb6, 0x0000, 0x0000, 0x0000, 0x0000, 0x0000, 0x0000, 0x0000, 0x0000, 0x0000, 0x0000, 0x0000, 0x0000, 0x0000,
0x0000, 0x0000, 0x0000, 0x0000, 0x0000, 0x0000, 0x0000, 0x0000, 0x0000, 0x0000, 0x0000, 0x0000, 0x0000, 0x0000, 0x0000, 0x0000,
0x0000, 0x0000, 0x0000, 0x1082, 0x3166, 0x3187, 0x3166, 0x3166, 0x3166, 0x3166, 0x2104, 0x18e4, 0x39a7, 0xef1c, 0xffbe, 0xff9e,
0xffff, 0xd679, 0x1082, 0x10a2, 0x0000, 0x0000, 0x0000, 0x0000, 0x0000, 0x0000, 0x0000, 0x0000, 0x0000, 0x0000, 0x0000, 0x0000,
0x0000, 0x0000, 0x0000, 0x0000, 0x0000, 0x0000, 0x0000, 0x0000, 0x0000, 0x0000, 0x0000, 0x0000, 0x0000, 0x0000, 0x0000, 0x0000,
0x0000, 0x0000, 0x0000, 0x1082, 0x41c8, 0x39c7, 0x3186, 0x3166, 0x3166, 0x3186, 0x3987, 0x20e4, 0x2125, 0x39a7, 0xe6db, 0xffde,
0xff7d, 0xffff, 0x4208, 0x0000, 0x0000, 0x0000, 0x0000, 0x0000, 0x0000, 0x0000, 0x0000, 0x0000, 0x0000, 0x0000, 0x0000, 0x0000,
0x0000, 0x0000, 0x0000, 0x0000, 0x0000, 0x0000, 0x0000, 0x0000, 0x0000, 0x0000, 0x0000, 0x0000, 0x0000, 0x0000, 0x0000, 0x0000,
0x0000, 0x0000, 0x0000, 0x1082, 0x3166, 0x2104, 0x2104, 0x3166, 0x3166, 0x3186, 0x3186, 0x39c7, 0x39c7, 0x18c3, 0xce38, 0xffff,
0xffdf, 0xef3c, 0x4208, 0x0000, 0x39e7, 0x0000, 0x0000, 0x0000, 0x0000, 0x0000, 0x0000, 0x0000, 0x0000, 0x0000, 0x0000, 0x0000,
0x0000, 0x0000, 0x0000, 0x0000, 0x0000, 0x0000, 0x0000, 0x0000, 0x0000, 0x0000, 0x0000, 0x0000, 0x0000, 0x0000, 0x0000, 0x0000,
0x0000, 0x0000, 0x0000, 0x1082, 0x3166, 0x20e4, 0x2945, 0x3166, 0x3166, 0x3166, 0x3186, 0x4208, 0x18c3, 0x39c7, 0xf77d, 0xffbe,
0xff9e, 0xffff, 0xb596, 0x0000, 0x0000, 0x0000, 0x0000, 0x0000, 0x0000, 0x0000, 0x0000, 0x0000, 0x0000, 0x0000, 0x0000, 0x0000,

/* -37- */
0x0000, 0x0000, 0x0000, 0x0000, 0x0000, 0x0000, 0x0000, 0x0000, 0x0000, 0x0000, 0x0000, 0x0000, 0x0000, 0x0000, 0x0000, 0x0000,
0x0000, 0x0000, 0x0000, 0x18e4, 0x3186, 0x18e3, 0x2125, 0x3166, 0x2966, 0x3166, 0x3166, 0x31a7, 0x41e8, 0x20e4, 0xd679, 0xffdf,
0xff7d, 0xffff, 0xc617, 0x18c3, 0x0000, 0x52aa, 0x0000, 0x0000, 0x0000, 0x0000, 0x0000, 0x0000, 0x0000, 0x0000, 0x0000, 0x0000,
0x0000, 0x0000, 0x0000, 0x0000, 0x0000, 0x0000, 0x0000, 0x0000, 0x0000, 0x0000, 0x0000, 0x0000, 0x0000, 0x0000, 0x0000, 0x0000,
0x0000, 0x20e4, 0x39c7, 0x3166, 0x3166, 0x2966, 0x2966, 0x3166, 0x2966, 0x2966, 0x18c3, 0x2125, 0x39c7, 0xde79, 0xffbe, 0xff7d,
0xff9d, 0xffbe, 0x5269, 0x10a3, 0x1061, 0x0000, 0x0000, 0x0000, 0x0000, 0x0000, 0x0000, 0x0000, 0x0000, 0x0000, 0x0000, 0x0000,
0x0000, 0x0000, 0x0000, 0x0000, 0x0000, 0x0000, 0x0000, 0x0000, 0x0000, 0x0000, 0x0000, 0x0000, 0x0000, 0x0000, 0x0000, 0x0000,
0x0000, 0x0000, 0x0000, 0x18a3, 0x3166, 0x2945, 0x18a3, 0x2966, 0x3166, 0x3166, 0x3186, 0x3186, 0x39c8, 0x41e8, 0x3186, 0xef1c,
0xffdf, 0xffdf, 0xe6fb, 0x39a6, 0x0000, 0xad55, 0x0000, 0x0000, 0x0000, 0x0000, 0x0000, 0x0000, 0x0000, 0x0000, 0x0000, 0x0000,
0x0000, 0x0000, 0x0000, 0x0000, 0x0000, 0x0000, 0x0000, 0x0000, 0x0000, 0x0000, 0x0000, 0x0000, 0x0000, 0x0000, 0x0000, 0x0000,
0x0000, 0x0000, 0x0020, 0x20e4, 0x3166, 0x2125, 0x18e4, 0x3186, 0x3166, 0x3166, 0x3186, 0x3186, 0x41e8, 0x2945, 0x630c, 0xffff,
0xff9d, 0xffbe, 0xf79d, 0x4a48, 0x0000, 0xffff, 0x0000, 0x0000, 0x0000, 0x0000, 0x0000, 0x0000, 0x0000, 0x0000, 0x0000, 0x0000,
0x0000, 0x0000, 0x0000, 0x0000, 0x0000, 0x0000, 0x0000, 0x0000, 0x0000, 0x0000, 0x0000, 0x0000, 0x0000, 0x0000, 0x0000, 0x0000,
0x0000, 0x0000, 0x0020, 0x2925, 0x39a7, 0x3166, 0x2966, 0x2966, 0x2966, 0x3166, 0x2104, 0x18c3, 0x5aab, 0xf77d, 0xffbe, 0xff9e,
0xff9e, 0xf75c, 0x39c7, 0x10a3, 0x0841, 0x0000, 0x0000, 0x0000, 0x0000, 0x0000, 0x0000, 0x0000, 0x0000, 0x0000, 0x0000, 0x0000,
0x0000, 0x0000, 0x0000, 0x0000, 0x0000, 0x0000, 0x0000, 0x0000, 0x0000, 0x0000, 0x0000, 0x0000, 0x0000, 0x0000, 0x0000, 0x0000,
0x0000, 0x0000, 0x0861, 0x3186, 0x39a7, 0x3166, 0x2966, 0x2966, 0x2966, 0x3186, 0x3166, 0x18e3, 0x2125, 0x4a29, 0xeedb, 0xff9e,
0xff7d, 0xffff, 0x9cd3, 0x1062, 0x18c3, 0x0000, 0x0000, 0x0000, 0x0000, 0x0000, 0x0000, 0x0000, 0x0000, 0x0000, 0x0000, 0x0000,
0x0000, 0x0000, 0x0000, 0x0000, 0x0000, 0x0000, 0x0000, 0x0000, 0x0000, 0x0000, 0x0000, 0x0000, 0x0000, 0x0000, 0x0000, 0x0000,
0x0000, 0x0000, 0x0841, 0x2104, 0x3166, 0x18e4, 0x20e4, 0x3166, 0x3166, 0x3186, 0x3186, 0x3186, 0x4a29, 0x18c3, 0xa4f3, 0xffff,
0xff9e, 0xffff, 0x738e, 0x0000, 0xffff, 0x0000, 0x0000, 0x0000, 0x0000, 0x0000, 0x0000, 0x0000, 0x0000, 0x0000, 0x0000, 0x0000,
0x0000, 0x0000, 0x0000, 0x0000, 0x0000, 0x0000, 0x0000, 0x0000, 0x0000, 0x0000, 0x0000, 0x0000, 0x0000, 0x0000, 0x0000, 0x0000,
0x0000, 0x0000, 0x0820, 0x2104, 0x2966, 0x18c3, 0x2945, 0x2946, 0x2946, 0x2966, 0x3186, 0x41e8, 0x2966, 0x39c7, 0xf7be, 0xff9e,
0xff7d, 0xff9e, 0xef1c, 0x2104, 0x0000, 0x0000, 0x0000, 0x0000, 0x0000, 0x0000, 0x0000, 0x0000, 0x0000, 0x0000, 0x0000, 0x0000,

/* -38- */
0x0000, 0x0000, 0x0000, 0x0000, 0x0000, 0x0000, 0x0000, 0x0000, 0x0000, 0x0000, 0x0000, 0x0000, 0x0000, 0x0000, 0x0000, 0x0000,
0x0000, 0x0000, 0x1082, 0x2945, 0x3166, 0x18c3, 0x2125, 0x3166, 0x3166, 0x3166, 0x3186, 0x3186, 0x4208, 0x2125, 0xacf3, 0xffbe,
0xff7d, 0xff9d, 0xffdf, 0x6b2c, 0x0000, 0xffff, 0x0000, 0x0000, 0x0000, 0x0000, 0x0000, 0x0000, 0x0000, 0x0000, 0x0000, 0x0000,
0x0000, 0x0000, 0x0000, 0x0000, 0x0000, 0x0000, 0x0000, 0x0000, 0x0000, 0x0000, 0x0000, 0x0000, 0x0000, 0x0000, 0x0000, 0x0000,
0x18c3, 0x39c7, 0x3186, 0x3166, 0x3166, 0x3166, 0x2966, 0x2966, 0x3166, 0x2925, 0x10a2, 0x2925, 0x62eb, 0xff9e, 0xffbe, 0xff9e,
0xff9d, 0xffff, 0x9451, 0x18a3, 0x2104, 0x0841, 0x0000, 0x0000, 0x0000, 0x0000, 0x0000, 0x0000, 0x0000, 0x0000, 0x0000, 0x0000,
0x0000, 0x0000, 0x0000, 0x0000, 0x0000, 0x0000, 0x0000, 0x0000, 0x0000, 0x0000, 0x0000, 0x0000, 0x0000, 0x0000, 0x0000, 0x0000,
0x0000, 0x0000, 0x0841, 0x2925, 0x3166, 0x3166, 0x10a2, 0x2945, 0x3166, 0x3166, 0x3166, 0x3186, 0x39a7, 0x4209, 0x2124, 0x9cd3,
0xffff, 0xf75c, 0xffff, 0x8c30, 0x0000, 0x0000, 0x0000, 0x0000, 0x0000, 0x0000, 0x0000, 0x0000, 0x0000, 0x0000, 0x0000, 0x0000,
0x0000, 0x0000, 0x0000, 0x0000, 0x0000, 0x0000, 0x0000, 0x0000, 0x0000, 0x0000, 0x0000, 0x0000, 0x0000, 0x0000, 0x0000, 0x0000,
0x0000, 0x0000, 0x1082, 0x2945, 0x3166, 0x2925, 0x18c3, 0x3186, 0x3166, 0x3166, 0x3166, 0x3186, 0x3187, 0x4208, 0x2945, 0xce59,
0xffdf, 0xf75d, 0xffff, 0x9cd3, 0x0000, 0x0000, 0x0000, 0x0000, 0x0000, 0x0000, 0x0000, 0x0000, 0x0000, 0x0000, 0x0000, 0x0000,
0x0000, 0x0000, 0x0000, 0x0000, 0x0000, 0x0000, 0x0000, 0x0000, 0x0000, 0x0000, 0x0000, 0x0000, 0x0000, 0x0000, 0x0000, 0x0000,
0x0000, 0x0000, 0x18c3, 0x3187, 0x3166, 0x2966, 0x2966, 0x2946, 0x2966, 0x3186, 0x20e3, 0x18c3, 0x83ef, 0xffff, 0xff7d, 0xff9e,
0xff7d, 0xffdf, 0x7b6e, 0x2104, 0x2965, 0x1082, 0x0000, 0x0000, 0x0000, 0x0000, 0x0000, 0x0000, 0x0000, 0x0000, 0x0000, 0x0000,
0x0000, 0x0000, 0x0000, 0x0000, 0x0000, 0x0000, 0x0000, 0x0000, 0x0000, 0x0000, 0x0000, 0x0000, 0x0000, 0x0000, 0x0000, 0x0000,
0x0000, 0x0020, 0x2925, 0x39c7, 0x3166, 0x3166, 0x2966, 0x2946, 0x2946, 0x3166, 0x2925, 0x18c3, 0x2945, 0x734d, 0xffbe, 0xff9e,
0xff9e, 0xffdf, 0xe6db, 0x2945, 0x18e3, 0x0861, 0x0000, 0x0000, 0x0000, 0x0000, 0x0000, 0x0000, 0x0000, 0x0000, 0x0000, 0x0000,
0x0000, 0x0000, 0x0000, 0x0000, 0x0000, 0x0000, 0x0000, 0x0000, 0x0000, 0x0000, 0x0000, 0x0000, 0x0000, 0x0000, 0x0000, 0x0000,
0x0000, 0x0000, 0x1082, 0x2945, 0x3166, 0x18e4, 0x18e4, 0x3186, 0x3166, 0x3186, 0x3186, 0x3186, 0x39c7, 0x39a7, 0x5269, 0xff9e,
0xff7d, 0xffff, 0xbdb6, 0x0820, 0x0000, 0x0000, 0x0000, 0x0000, 0x0000, 0x0000, 0x0000, 0x0000, 0x0000, 0x0000, 0x0000, 0x0000,
0x0000, 0x0000, 0x0000, 0x0000, 0x0000, 0x0000, 0x0000, 0x0000, 0x0000, 0x0000, 0x0000, 0x0000, 0x0000, 0x0000, 0x0000, 0x0000,
0x0000, 0x0000, 0x1082, 0x2945, 0x2925, 0x18c3, 0x2966, 0x2966, 0x2966, 0x3166, 0x3186, 0x39c7, 0x39c7, 0x3165, 0xef1c, 0xff9e,
0xff7d, 0xff5d, 0xffff, 0x738e, 0x0841, 0x3165, 0x0000, 0x0000, 0x0000, 0x0000, 0x0000, 0x0000, 0x0000, 0x0000, 0x0000, 0x0000,

/* -39- */
0x0000, 0x0000, 0x0000, 0x0000, 0x0000, 0x0000, 0x0000, 0x0000, 0x0000, 0x0000, 0x0000, 0x0000, 0x0000, 0x0000, 0x0000, 0x0000,
0x0000, 0x0000, 0x18c3, 0x2966, 0x3166, 0x18c3, 0x2104, 0x3166, 0x3166, 0x3166, 0x3166, 0x3166, 0x39a7, 0x3187, 0x4a28, 0xffdf,
0xff9e, 0xff9d, 0xffff, 0xb575, 0x1082, 0x0000, 0x5000, 0x0000, 0x0000, 0x0000, 0x0000, 0x0000, 0x0000, 0x0000, 0x0000, 0x0000,
0x0000, 0x0000, 0x0000, 0x0000, 0x0000, 0x0000, 0x0000, 0x0000, 0x0000, 0x0000, 0x0000, 0x0000, 0x0000, 0x0000, 0x0000, 0x1062,
0x39a7, 0x39a7, 0x3166, 0x3166, 0x3166, 0x2966, 0x2966, 0x2946, 0x3166, 0x18c3, 0x18c3, 0x2966, 0x8c10, 0xffdf, 0xff7d, 0xff9e,
0xff9d, 0xffbe, 0xce38, 0x18e3, 0x3186, 0x2966, 0x10a2, 0x0000, 0x0000, 0x0000, 0x0000, 0x0000, 0x0000, 0x0000, 0x0000, 0x0000,
0x0000, 0x0000, 0x0000, 0x0000, 0x0000, 0x0000, 0x0000, 0x0000, 0x0000, 0x0000, 0x0000, 0x0000, 0x0000, 0x0000, 0x0000, 0x0000,
0x0000, 0x0000, 0x10a2, 0x2946, 0x3166, 0x3186, 0x10a3, 0x2125, 0x3186, 0x3166, 0x2966, 0x3166, 0x3186, 0x39a7, 0x39c7, 0x41e7,
0xef5d, 0xff9e, 0xffdf, 0xd679, 0x2103, 0x0000, 0x3800, 0x0000, 0x0000, 0x0000, 0x0000, 0x0000, 0x0000, 0x0000, 0x0000, 0x0000,
0x0000, 0x0000, 0x0000, 0x0000, 0x0000, 0x0000, 0x0000, 0x0000, 0x0000, 0x0000, 0x0000, 0x0000, 0x0000, 0x0000, 0x0000, 0x0000,
0x0000, 0x0000, 0x18e3, 0x2945, 0x3166, 0x2945, 0x10a3, 0x3166, 0x3186, 0x3186, 0x3166, 0x3186, 0x3186, 0x39c8, 0x3166, 0x5acb,
0xffff, 0xff7d, 0xffdf, 0xf77d, 0x39e7, 0x0000, 0x7bef, 0x0000, 0x0000, 0x0000, 0x0000, 0x0000, 0x0000, 0x0000, 0x0000, 0x0000,
0x0000, 0x0000, 0x0000, 0x0000, 0x0000, 0x0000, 0x0000, 0x0000, 0x0000, 0x0000, 0x0000, 0x0000, 0x0000, 0x0000, 0x0000, 0x0000,
0x0000, 0x0861, 0x2966, 0x3186, 0x2966, 0x2966, 0x2966, 0x3166, 0x3166, 0x3166, 0x18c3, 0x2104, 0x9471, 0xffdf, 0xff7d, 0xff9d,
0xff7d, 0xffff, 0xbd95, 0x18c3, 0x39a7, 0x2966, 0x18a2, 0x0000, 0x0000, 0x0000, 0x0000, 0x0000, 0x0000, 0x0000, 0x0000, 0x0000,
0x0000, 0x0000, 0x0000, 0x0000, 0x0000, 0x0000, 0x0000, 0x0000, 0x0000, 0x0000, 0x0000, 0x0000, 0x0000, 0x0000, 0x0000, 0x0000,
0x0000, 0x18c3, 0x39a7, 0x3166, 0x3166, 0x2966, 0x2966, 0x2966, 0x2946, 0x3166, 0x18c3, 0x2104, 0x2966, 0x9451, 0xffbe, 0xff7d,
0xff9d, 0xff7d, 0xffff, 0x6b4d, 0x2125, 0x2124, 0x0841, 0x0000, 0x0000, 0x0000, 0x0000, 0x0000, 0x0000, 0x0000, 0x0000, 0x0000,
0x0000, 0x0000, 0x0000, 0x0000, 0x0000, 0x0000, 0x0000, 0x0000, 0x0000, 0x0000, 0x0000, 0x0000, 0x0000, 0x0000, 0x0000, 0x0000,
0x0000, 0x0020, 0x2104, 0x3166, 0x3166, 0x2104, 0x18c3, 0x3166, 0x3166, 0x3166, 0x3166, 0x3166, 0x3166, 0x4208, 0x2104, 0x9cd3,
0xffff, 0xff9e, 0xf77d, 0x4a08, 0x0000, 0xad55, 0x0000, 0x0000, 0x0000, 0x0000, 0x0000, 0x0000, 0x0000, 0x0000, 0x0000, 0x0000,
0x0000, 0x0000, 0x0000, 0x0000, 0x0000, 0x0000, 0x0000, 0x0000, 0x0000, 0x0000, 0x0000, 0x0000, 0x0000, 0x0000, 0x0000, 0x0000,
0x0000, 0x0020, 0x2104, 0x3166, 0x2124, 0x18a3, 0x3166, 0x3166, 0x3166, 0x3166, 0x3166, 0x39a7, 0x41e8, 0x2104, 0xd638, 0xffdf,
0xff9e, 0xff9e, 0xffff, 0xce38, 0x2104, 0x20e4, 0x0000, 0x0000, 0x0000, 0x0000, 0x0000, 0x0000, 0x0000, 0x0000, 0x0000, 0x0000,

/* -40- */
0x0000, 0x0000, 0x0000, 0x0000, 0x0000, 0x0000, 0x0000, 0x0000, 0x0000, 0x0000, 0x0000, 0x0000, 0x0000, 0x0000, 0x0000, 0x0000,
0x0000, 0x1062, 0x2925, 0x2966, 0x3186, 0x18c3, 0x18e3, 0x3166, 0x2966, 0x2966, 0x3166, 0x3166, 0x3186, 0x4a09, 0x2945, 0xce38,
0xffff, 0xff7d, 0xffbe, 0xf73c, 0x4a28, 0x0000, 0xaaaa, 0x0000, 0x0000, 0x0000, 0x0000, 0x0000, 0x0000, 0x0000, 0x0000, 0x0000,
0x0000, 0x0000, 0x0000, 0x0000, 0x0000, 0x0000, 0x0000, 0x0000, 0x0000, 0x0000, 0x0000, 0x0000, 0x0000, 0x0000, 0x0821, 0x2945,
0x39a7, 0x3166, 0x3166, 0x3166, 0x3166, 0x2966, 0x2946, 0x2945, 0x2124, 0x1082, 0x2966, 0x2945, 0x9430, 0xffdf, 0xff7d, 0xff9e,
0xff9e, 0xff9d, 0xffff, 0x630c, 0x18c3, 0x3166, 0x2965, 0x18a3, 0x0000, 0x0000, 0x0000, 0x0000, 0x0000, 0x0000, 0x0000, 0x0000,
0x0000, 0x0000, 0x0000, 0x0000, 0x0000, 0x0000, 0x0000, 0x0000, 0x0000, 0x0000, 0x0000, 0x0000, 0x0000, 0x0000, 0x0000, 0x0000,
0x0000, 0x0841, 0x2124, 0x3166, 0x2966, 0x3186, 0x18e3, 0x18c3, 0x3186, 0x3166, 0x3166, 0x3166, 0x3166, 0x3186, 0x4208, 0x2925,
0x83ef, 0xffff, 0xff7d, 0xffdf, 0x630b, 0x0000, 0xffff, 0x0000, 0x0000, 0x0000, 0x0000, 0x0000, 0x0000, 0x0000, 0x0000, 0x0000,
0x0000, 0x0000, 0x0000, 0x0000, 0x0000, 0x0000, 0x0000, 0x0000, 0x0000, 0x0000, 0x0000, 0x0000, 0x0000, 0x0000, 0x0000, 0x0000,
0x0000, 0x0861, 0x2925, 0x2966, 0x3166, 0x3186, 0x10a3, 0x2925, 0x3186, 0x3186, 0x3166, 0x3166, 0x3186, 0x3186, 0x4a08, 0x2945,
0xbdd7, 0xffff, 0xf77d, 0xffff, 0x83ef, 0x0000, 0x0000, 0x0000, 0x0000, 0x0000, 0x0000, 0x0000, 0x0000, 0x0000, 0x0000, 0x0000,
0x0000, 0x0000, 0x0000, 0x0000, 0x0000, 0x0000, 0x0000, 0x0000, 0x0000, 0x0000, 0x0000, 0x0000, 0x0000, 0x0000, 0x0000, 0x0000,
0x0000, 0x20e4, 0x3186, 0x3166, 0x2966, 0x3166, 0x3166, 0x2966, 0x3166, 0x2925, 0x10a2, 0x2125, 0xad14, 0xffff, 0xff7d, 0xffbe,
0xffbe, 0xffbe, 0xffbe, 0x4a08, 0x18e3, 0x3186, 0x3186, 0x18c3, 0x0020, 0x0000, 0x0000, 0x0000, 0x0000, 0x0000, 0x0000, 0x0000,
0x0000, 0x0000, 0x0000, 0x0000, 0x0000, 0x0000, 0x0000, 0x0000, 0x0000, 0x0000, 0x0000, 0x0000, 0x0000, 0x0000, 0x0000, 0x0000,
0x0861, 0x3166, 0x3187, 0x3166, 0x2966, 0x3166, 0x2966, 0x2966, 0x2966, 0x2925, 0x1082, 0x2966, 0x2925, 0xa4b2, 0xffbe, 0xff7d,
0xff9e, 0xff9e, 0xffff, 0xbd96, 0x18a3, 0x3186, 0x18c3, 0x0000, 0x0000, 0x0000, 0x0000, 0x0000, 0x0000, 0x0000, 0x0000, 0x0000,
0x0000, 0x0000, 0x0000, 0x0000, 0x0000, 0x0000, 0x0000, 0x0000, 0x0000, 0x0000, 0x0000, 0x0000, 0x0000, 0x0000, 0x0000, 0x0000,
0x0000, 0x1082, 0x2945, 0x2966, 0x3186, 0x2945, 0x1082, 0x2945, 0x3166, 0x3166, 0x3166, 0x3166, 0x3186, 0x39a7, 0x41e8, 0x39a7,
0xef3c, 0xff9d, 0xffff, 0x9451, 0x0000, 0x0000, 0x0000, 0x0000, 0x0000, 0x0000, 0x0000, 0x0000, 0x0000, 0x0000, 0x0000, 0x0000,
0x0000, 0x0000, 0x0000, 0x0000, 0x0000, 0x0000, 0x0000, 0x0000, 0x0000, 0x0000, 0x0000, 0x0000, 0x0000, 0x0000, 0x0000, 0x0000,
0x0000, 0x0861, 0x2945, 0x3166, 0x2125, 0x10a2, 0x2966, 0x2966, 0x3166, 0x3166, 0x3166, 0x3186, 0x4208, 0x20e4, 0x9492, 0xffff,
0xff9e, 0xff9e, 0xffbe, 0xffbe, 0x4208, 0x2945, 0x18c3, 0x0000, 0x0000, 0x0000, 0x0000, 0x0000, 0x0000, 0x0000, 0x0000, 0x0000,

/* -41- */
0x0000, 0x0000, 0x0000, 0x0000, 0x0000, 0x0000, 0x0000, 0x0000, 0x0000, 0x0000, 0x0000, 0x0000, 0x0000, 0x0000, 0x0000, 0x0000,
0x0000, 0x18c3, 0x2946, 0x2946, 0x3166, 0x18e4, 0x10a3, 0x2966, 0x2966, 0x3166, 0x3166, 0x3186, 0x3186, 0x41e8, 0x3166, 0x6b4d,
0xffff, 0xff7d, 0xff9d, 0xffde, 0x7b8d, 0x0000, 0x0000, 0x0000, 0x0000, 0x0000, 0x0000, 0x0000, 0x0000, 0x0000, 0x0000, 0x0000,
0x0000, 0x0000, 0x0000, 0x0000, 0x0000, 0x0000, 0x0000, 0x0000, 0x0000, 0x0000, 0x0000, 0x0000, 0x0000, 0x0000, 0x10a3, 0x3187,
0x3186, 0x3166, 0x3166, 0x3166, 0x3166, 0x2966, 0x2945, 0x2945, 0x1082, 0x18e3, 0x3187, 0x2925, 0x9451, 0xffdf, 0xff9e, 0xff9e,
0xff9e, 0xff9d, 0xffff, 0xbd95, 0x1082, 0x2945, 0x2945, 0x2945, 0x0861, 0x0000, 0x0000, 0x0000, 0x0000, 0x0000, 0x0000, 0x0000,
0x0000, 0x0000, 0x0000, 0x0000, 0x0000, 0x0000, 0x0000, 0x0000, 0x0000, 0x0000, 0x0000, 0x0000, 0x0000, 0x0000, 0x0000, 0x0000,
0x0000, 0x1082, 0x2945, 0x2946, 0x2966, 0x3166, 0x2125, 0x1082, 0x2966, 0x3166, 0x3166, 0x3166, 0x2966, 0x3166, 0x3186, 0x41e8,
0x31a6, 0xe71c, 0xffbe, 0xffdf, 0x8c10, 0x0000, 0x0000, 0x0000, 0x0000, 0x0000, 0x0000, 0x0000, 0x0000, 0x0000, 0x0000, 0x0000,
0x0000, 0x0000, 0x0000, 0x0000, 0x0000, 0x0000, 0x0000, 0x0000, 0x0000, 0x0000, 0x0000, 0x0000, 0x0000, 0x0000, 0x0000, 0x0000,
0x0020, 0x18c3, 0x2965, 0x2966, 0x2966, 0x3187, 0x18e3, 0x18c3, 0x3186, 0x3166, 0x3166, 0x3166, 0x3186, 0x3186, 0x39c7, 0x39c7,
0x528a, 0xffbe, 0xff7d, 0xffff, 0xb555, 0x0000, 0x0000, 0x0000, 0x0000, 0x0000, 0x0000, 0x0000, 0x0000, 0x0000, 0x0000, 0x0000,
0x0000, 0x0000, 0x0000, 0x0000, 0x0000, 0x0000, 0x0000, 0x0000, 0x0000, 0x0000, 0x0000, 0x0000, 0x0000, 0x0000, 0x0000, 0x0000,
0x1062, 0x3166, 0x3166, 0x2966, 0x3166, 0x2966, 0x2966, 0x2946, 0x3166, 0x18c3, 0x18c3, 0x2966, 0xb575, 0xffff, 0xff9e, 0xff9e,
0xff9e, 0xff7d, 0xffff, 0x8c30, 0x1082, 0x2966, 0x2945, 0x3166, 0x1082, 0x0000, 0x0000, 0x0000, 0x0000, 0x0000, 0x0000, 0x0000,
0x0000, 0x0000, 0x0000, 0x0000, 0x0000, 0x0000, 0x0000, 0x0000, 0x0000, 0x0000, 0x0000, 0x0000, 0x0000, 0x0000, 0x0000, 0x0000,
0x18e4, 0x3987, 0x3166, 0x2966, 0x3166, 0x3166, 0x2966, 0x2966, 0x2965, 0x18c3, 0x18a3, 0x3186, 0x2945, 0xad14, 0xffbe, 0xff9e,
0xff9e, 0xff9d, 0xffbe, 0xe6fb, 0x3165, 0x2945, 0x2945, 0x0841, 0x0000, 0x0000, 0x0000, 0x0000, 0x0000, 0x0000, 0x0000, 0x0000,
0x0000, 0x0000, 0x0000, 0x0000, 0x0000, 0x0000, 0x0000, 0x0000, 0x0000, 0x0000, 0x0000, 0x0000, 0x0000, 0x0000, 0x0000, 0x0000,
0x0020, 0x20e4, 0x3166, 0x3166, 0x3166, 0x3186, 0x1082, 0x2104, 0x3166, 0x3166, 0x3166, 0x3166, 0x3186, 0x3166, 0x41e8, 0x2925,
0x8410, 0xffff, 0xffff, 0xce38, 0x1082, 0x0000, 0x39e0, 0x0000, 0x0000, 0x0000, 0x0000, 0x0000, 0x0000, 0x0000, 0x0000, 0x0000,
0x0000, 0x0000, 0x0000, 0x0000, 0x0000, 0x0000, 0x0000, 0x0000, 0x0000, 0x0000, 0x0000, 0x0000, 0x0000, 0x0000, 0x0000, 0x0000,
0x0000, 0x18c3, 0x3166, 0x3166, 0x2945, 0x1082, 0x2945, 0x2966, 0x3166, 0x3166, 0x3166, 0x3186, 0x41e8, 0x3166, 0x6b4d, 0xffff,
0xff7d, 0xff9d, 0xff7d, 0xffff, 0x736d, 0x20e4, 0x3166, 0x0840, 0x0000, 0x0000, 0x0000, 0x0000, 0x0000, 0x0000, 0x0000, 0x0000,

/* -42- */
0x0000, 0x0000, 0x0000, 0x0000, 0x0000, 0x0000, 0x0000, 0x0000, 0x0000, 0x0000, 0x0000, 0x0000, 0x0000, 0x0000, 0x0000, 0x0000,
0x0021, 0x2105, 0x2966, 0x2946, 0x3166, 0x2125, 0x1082, 0x2945, 0x2966, 0x2966, 0x2966, 0x3166, 0x3186, 0x31a7, 0x41e8, 0x3166,
0xe6fb, 0xffde, 0xff7d, 0xffdf, 0x9451, 0x0000, 0x0000, 0x0000, 0x0000, 0x0000, 0x0000, 0x0000, 0x0000, 0x0000, 0x0000, 0x0000,
0x0000, 0x0000, 0x0000, 0x0000, 0x0000, 0x0000, 0x0000, 0x0000, 0x0000, 0x0000, 0x0000, 0x0000, 0x0000, 0x0000, 0x18c3, 0x3166,
0x3166, 0x3166, 0x3166, 0x3166, 0x3166, 0x2966, 0x2945, 0x18a3, 0x1082, 0x2966, 0x3186, 0x2125, 0x8410, 0xffbe, 0xff7d, 0xff9e,
0xff9e, 0xff9e, 0xffbe, 0xf73c, 0x3165, 0x18e4, 0x2104, 0x2104, 0x1061, 0x0000, 0x0000, 0x0000, 0x0000, 0x0000, 0x0000, 0x0000,
0x0000, 0x0000, 0x0000, 0x0000, 0x0000, 0x0000, 0x0000, 0x0000, 0x0000, 0x0000, 0x0000, 0x0000, 0x0000, 0x0000, 0x0000, 0x0000,
0x0000, 0x18e4, 0x3166, 0x2946, 0x2966, 0x3166, 0x3166, 0x1082, 0x2104, 0x3166, 0x3166, 0x3166, 0x2966, 0x3166, 0x3186, 0x4208,
0x2104, 0x8c51, 0xffff, 0xffdf, 0x9c92, 0x0000, 0x0000, 0x0000, 0x0000, 0x0000, 0x0000, 0x0000, 0x0000, 0x0000, 0x0000, 0x0000,
0x0000, 0x0000, 0x0000, 0x0000, 0x0000, 0x0000, 0x0000, 0x0000, 0x0000, 0x0000, 0x0000, 0x0000, 0x0000, 0x0000, 0x0000, 0x0000,
0x0841, 0x2925, 0x3166, 0x2946, 0x2966, 0x3186, 0x2945, 0x1082, 0x2945, 0x3166, 0x3166, 0x3166, 0x3186, 0x3186, 0x39a7, 0x4208,
0x2104, 0xc5f7, 0xffdf, 0xffde, 0xd659, 0x2104, 0x0000, 0x39e7, 0x0000, 0x0000, 0x0000, 0x0000, 0x0000, 0x0000, 0x0000, 0x0000,
0x0000, 0x0000, 0x0000, 0x0000, 0x0000, 0x0000, 0x0000, 0x0000, 0x0000, 0x0000, 0x0000, 0x0000, 0x0000, 0x0000, 0x0000, 0x0000,
0x18c3, 0x3186, 0x2966, 0x2966, 0x2966, 0x2966, 0x2966, 0x2946, 0x2945, 0x1082, 0x2945, 0x2966, 0xad14, 0xffdf, 0xff7d, 0xff9e,
0xff9e, 0xff7d, 0xffdf, 0xce58, 0x20e3, 0x2945, 0x2925, 0x2104, 0x1082, 0x0000, 0x0000, 0x0000, 0x0000, 0x0000, 0x0000, 0x0000,
0x0000, 0x0000, 0x0000, 0x0000, 0x0000, 0x0000, 0x0000, 0x0000, 0x0000, 0x0000, 0x0000, 0x0000, 0x0000, 0x0000, 0x0000, 0x0841,
0x2925, 0x3186, 0x3166, 0x2966, 0x3166, 0x3166, 0x2966, 0x2965, 0x2104, 0x0861, 0x2945, 0x3186, 0x2945, 0xacf3, 0xff9d, 0xff7d,
0xff9e, 0xff9e, 0xff9d, 0xffdf, 0x5a8a, 0x18c3, 0x2104, 0x0861, 0x0000, 0x0000, 0x0000, 0x0000, 0x0000, 0x0000, 0x0000, 0x0000,
0x0000, 0x0000, 0x0000, 0x0000, 0x0000, 0x0000, 0x0000, 0x0000, 0x0000, 0x0000, 0x0000, 0x0000, 0x0000, 0x0000, 0x0000, 0x0000,
0x1062, 0x2945, 0x3166, 0x3166, 0x3166, 0x3186, 0x20e4, 0x10a2, 0x2945, 0x3166, 0x3166, 0x3166, 0x3166, 0x3186, 0x3186, 0x39c7,
0x3165, 0xe73c, 0xffff, 0xef5d, 0x4208, 0x0000, 0x52aa, 0x0000, 0x0000, 0x0000, 0x0000, 0x0000, 0x0000, 0x0000, 0x0000, 0x0000,
0x0000, 0x0000, 0x0000, 0x0000, 0x0000, 0x0000, 0x0000, 0x0000, 0x0000, 0x0000, 0x0000, 0x0000, 0x0000, 0x0000, 0x0000, 0x0000,
0x0821, 0x2125, 0x3166, 0x3166, 0x3166, 0x10a2, 0x2104, 0x3166, 0x3166, 0x3166, 0x3166, 0x3186, 0x39c7, 0x39c7, 0x39a7, 0xef3c,
0xff9e, 0xff7d, 0xff7d, 0xffff, 0xa4d3, 0x18c3, 0x2945, 0x0841, 0x0000, 0x0000, 0x0000, 0x0000, 0x0000, 0x0000, 0x0000, 0x0000,

/* -43- */
0x0000, 0x0000, 0x0000, 0x0000, 0x0000, 0x0000, 0x0000, 0x0000, 0x0000, 0x0000, 0x0000, 0x0000, 0x0000, 0x0000, 0x0000, 0x0000,
0x1082, 0x2945, 0x2966, 0x3166, 0x3166, 0x3166, 0x1082, 0x2104, 0x2965, 0x2946, 0x2966, 0x2966, 0x3166, 0x31a7, 0x4a29, 0x2104,
0xa4f3, 0xffff, 0xf77d, 0xffbe, 0xad13, 0x0000, 0x0000, 0x0000, 0x0000, 0x0000, 0x0000, 0x0000, 0x0000, 0x0000, 0x0000, 0x0000,
0x0000, 0x0000, 0x0000, 0x0000, 0x0000, 0x0000, 0x0000, 0x0000, 0x0000, 0x0000, 0x0000, 0x0000, 0x0000, 0x0000, 0x18a3, 0x2966,
0x2966, 0x2966, 0x2966, 0x3166, 0x3166, 0x2945, 0x18a3, 0x0861, 0x2925, 0x3166, 0x3186, 0x2945, 0x62ec, 0xf77d, 0xf77d, 0xff9e,
0xff9e, 0xff9e, 0xff9e, 0xff7d, 0x4a28, 0x1082, 0x2104, 0x18e3, 0x0820, 0x0000, 0x0000, 0x0000, 0x0000, 0x0000, 0x0000, 0x0000,
0x0000, 0x0000, 0x0000, 0x0000, 0x0000, 0x0000, 0x0000, 0x0000, 0x0000, 0x0000, 0x0000, 0x0000, 0x0000, 0x0000, 0x0000, 0x0000,
0x0861, 0x2925, 0x3166, 0x2966, 0x2966, 0x2966, 0x3186, 0x2104, 0x1082, 0x2945, 0x2946, 0x3166, 0x3166, 0x3186, 0x31a7, 0x39c7,
0x2925, 0x5acb, 0xffdf, 0xffdf, 0x9cb2, 0x0000, 0x0000, 0x0000, 0x0000, 0x0000, 0x0000, 0x0000, 0x0000, 0x0000, 0x0000, 0x0000,
0x0000, 0x0000, 0x0000, 0x0000, 0x0000, 0x0000, 0x0000, 0x0000, 0x0000, 0x0000, 0x0000, 0x0000, 0x0000, 0x0000, 0x0000, 0x0000,
0x1082, 0x2945, 0x2946, 0x2966, 0x3166, 0x3166, 0x31a7, 0x18c3, 0x10a3, 0x2966, 0x3166, 0x3166, 0x3166, 0x3186, 0x3186, 0x39a7,
0x18c3, 0x9492, 0xffff, 0xffbe, 0xe6db, 0x3986, 0x0000, 0x52aa, 0x0000, 0x0000, 0x0000, 0x0000, 0x0000, 0x0000, 0x0000, 0x0000,
0x0000, 0x0000, 0x0000, 0x0000, 0x0000, 0x0000, 0x0000, 0x0000, 0x0000, 0x0000, 0x0000, 0x0000, 0x0000, 0x0000, 0x0000, 0x0020,
0x2104, 0x3166, 0x2966, 0x2946, 0x2946, 0x2946, 0x2966, 0x2965, 0x20e4, 0x10a3, 0x39a7, 0x2945, 0x8c10, 0xff9e, 0xf77d, 0xff9e,
0xff9e, 0xff9e, 0xff9e, 0xeefb, 0x3145, 0x10a3, 0x20e4, 0x18c3, 0x0861, 0x0000, 0x0000, 0x0000, 0x0000, 0x0000, 0x0000, 0x0000,
0x0000, 0x0000, 0x0000, 0x0000, 0x0000, 0x0000, 0x0000, 0x0000, 0x0000, 0x0000, 0x0000, 0x0000, 0x0000, 0x0000, 0x0000, 0x0861,
0x2945, 0x3166, 0x3166, 0x3166, 0x3166, 0x2966, 0x2945, 0x2925, 0x1062, 0x18e3, 0x3187, 0x3186, 0x2945, 0x8c30, 0xf73c, 0xf75d,
0xff9d, 0xff9e, 0xff7d, 0xffbe, 0x5aaa, 0x1082, 0x18c3, 0x0020, 0x0000, 0x0000, 0x0000, 0x0000, 0x0000, 0x0000, 0x0000, 0x0000,
0x0000, 0x0000, 0x0000, 0x0000, 0x0000, 0x0000, 0x0000, 0x0000, 0x0000, 0x0000, 0x0000, 0x0000, 0x0000, 0x0000, 0x0000, 0x0000,
0x18a3, 0x2966, 0x2966, 0x3166, 0x3166, 0x3186, 0x3166, 0x1082, 0x2104, 0x2945, 0x2966, 0x3166, 0x3166, 0x3186, 0x39a7, 0x39a7,
0x18c3, 0xb596, 0xffff, 0xf79d, 0x5aaa, 0x0000, 0xffff, 0x0000, 0x0000, 0x0000, 0x0000, 0x0000, 0x0000, 0x0000, 0x0000, 0x0000,
0x0000, 0x0000, 0x0000, 0x0000, 0x0000, 0x0000, 0x0000, 0x0000, 0x0000, 0x0000, 0x0000, 0x0000, 0x0000, 0x0000, 0x0000, 0x0000,
0x1082, 0x2945, 0x2946, 0x2966, 0x3166, 0x18c3, 0x18c3, 0x2966, 0x2966, 0x2966, 0x3166, 0x3186, 0x3187, 0x39c8, 0x18c3, 0xbdf7,
0xffff, 0xff9d, 0xff9e, 0xffff, 0xb534, 0x1082, 0x18c3, 0x0841, 0x0000, 0x0000, 0x0000, 0x0000, 0x0000, 0x0000, 0x0000, 0x0000,

/* -44- */
0x0000, 0x0000, 0x0000, 0x0000, 0x0000, 0x0000, 0x0000, 0x0000, 0x0000, 0x0000, 0x0000, 0x0000, 0x0000, 0x0000, 0x0000, 0x0000,
0x18a3, 0x2966, 0x2966, 0x3166, 0x3166, 0x3186, 0x18e3, 0x10a2, 0x2945, 0x2945, 0x2946, 0x2966, 0x3166, 0x3186, 0x39c7, 0x2104,
0x6b4d, 0xffff, 0xf77d, 0xffbe, 0xad14, 0x0000, 0x0000, 0x0000, 0x0000, 0x0000, 0x0000, 0x0000, 0x0000, 0x0000, 0x0000, 0x0000,
0x0000, 0x0000, 0x0000, 0x0000, 0x0000, 0x0000, 0x0000, 0x0000, 0x0000, 0x0000, 0x0000, 0x0000, 0x0000, 0x0000, 0x0841, 0x2125,
0x2966, 0x2966, 0x2966, 0x2966, 0x2925, 0x10a2, 0x0861, 0x2124, 0x3186, 0x3166, 0x3166, 0x3186, 0x3186, 0xcdd7, 0xff5d, 0xf75d,
0xff9d, 0xff9d, 0xff7d, 0xff7d, 0x5269, 0x1082, 0x2104, 0x1082, 0x0020, 0x0000, 0x0000, 0x0000, 0x0000, 0x0000, 0x0000, 0x0000,
0x0000, 0x0000, 0x0000, 0x0000, 0x0000, 0x0000, 0x0000, 0x0000, 0x0000, 0x0000, 0x0000, 0x0000, 0x0000, 0x0000, 0x0000, 0x0000,
0x1082, 0x2945, 0x2966, 0x3166, 0x3166, 0x3166, 0x3166, 0x3166, 0x10a2, 0x18a3, 0x2945, 0x2965, 0x3166, 0x3166, 0x3186, 0x31a7,
0x18e4, 0x62eb, 0xffff, 0xffbe, 0x8c0f, 0x0000, 0x0000, 0x0000, 0x0000, 0x0000, 0x0000, 0x0000, 0x0000, 0x0000, 0x0000, 0x0000,
0x0000, 0x0000, 0x0000, 0x0000, 0x0000, 0x0000, 0x0000, 0x0000, 0x0000, 0x0000, 0x0000, 0x0000, 0x0000, 0x0000, 0x0000, 0x0000,
0x18a3, 0x2966, 0x2966, 0x3166, 0x3166, 0x3166, 0x3186, 0x3166, 0x1082, 0x18c3, 0x2945, 0x3166, 0x3166, 0x3166, 0x3186, 0x39a7,
0x1082, 0xad55, 0xffff, 0xffbe, 0xe6ba, 0x3165, 0x0000, 0x52aa, 0x0000, 0x0000, 0x0000, 0x0000, 0x0000, 0x0000, 0x0000, 0x0000,
0x0000, 0x0000, 0x0000, 0x0000, 0x0000, 0x0000, 0x0000, 0x0000, 0x0000, 0x0000, 0x0000, 0x0000, 0x0000, 0x0000, 0x0000, 0x0841,
0x2104, 0x3166, 0x2966, 0x2946, 0x2966, 0x3166, 0x2945, 0x2945, 0x1082, 0x2124, 0x3187, 0x2945, 0x5269, 0xeedb, 0xf75d, 0xff7d,
0xff9d, 0xff9e, 0xff9e, 0xf73c, 0x39a7, 0x10a3, 0x20e4, 0x1082, 0x0841, 0x0000, 0x0000, 0x0000, 0x0000, 0x0000, 0x0000, 0x0000,
0x0000, 0x0000, 0x0000, 0x0000, 0x0000, 0x0000, 0x0000, 0x0000, 0x0000, 0x0000, 0x0000, 0x0000, 0x0000, 0x0000, 0x0000, 0x0841,
0x2104, 0x2965, 0x2946, 0x3166, 0x3166, 0x2945, 0x2925, 0x1082, 0x1082, 0x3166, 0x3166, 0x3186, 0x2945, 0x62cb, 0xe6ba, 0xf73c,
0xff7d, 0xff9e, 0xff9d, 0xffbe, 0x5a8a, 0x1082, 0x18a3, 0x1861, 0x0000, 0x0000, 0x0000, 0x0000, 0x0000, 0x0000, 0x0000, 0x0000,
0x0000, 0x0000, 0x0000, 0x0000, 0x0000, 0x0000, 0x0000, 0x0000, 0x0000, 0x0000, 0x0000, 0x0000, 0x0000, 0x0000, 0x0000, 0x0020,
0x2104, 0x3166, 0x3166, 0x3166, 0x3166, 0x3186, 0x3187, 0x2124, 0x1082, 0x2125, 0x2945, 0x2945, 0x3166, 0x3166, 0x3166, 0x3186,
0x1082, 0xbdf7, 0xffff, 0xf75d, 0x5269, 0x0000, 0xffff, 0x0000, 0x0000, 0x0000, 0x0000, 0x0000, 0x0000, 0x0000, 0x0000, 0x0000,
0x0000, 0x0000, 0x0000, 0x0000, 0x0000, 0x0000, 0x0000, 0x0000, 0x0000, 0x0000, 0x0000, 0x0000, 0x0000, 0x0000, 0x0000, 0x0000,
0x18a3, 0x2945, 0x2946, 0x2966, 0x3186, 0x2104, 0x1082, 0x2945, 0x2965, 0x3166, 0x2966, 0x3166, 0x3186, 0x3186, 0x10a3, 0xb575,
0xffff, 0xff9d, 0xff7d, 0xffdf, 0xa4f3, 0x0841, 0x1082, 0x2800, 0x0000, 0x0000, 0x0000, 0x0000, 0x0000, 0x0000, 0x0000, 0x0000,

/* -45- */
0x0000, 0x0000, 0x0000, 0x0000, 0x0000, 0x0000, 0x0000, 0x0000, 0x0000, 0x0000, 0x0000, 0x0000, 0x0000, 0x0000, 0x0000, 0x0000,
0x18e4, 0x3166, 0x3166, 0x3166, 0x3166, 0x3166, 0x3166, 0x0861, 0x20e4, 0x2965, 0x2966, 0x2946, 0x2966, 0x3186, 0x39a7, 0x10a3,
0x7bae, 0xffff, 0xf77d, 0xffbe, 0x9c51, 0x0000, 0x0000, 0x0000, 0x0000, 0x0000, 0x0000, 0x0000, 0x0000, 0x0000, 0x0000, 0x0000,
0x0000, 0x0000, 0x0000, 0x0000, 0x0000, 0x0000, 0x0000, 0x0000, 0x0000, 0x0000, 0x0000, 0x0000, 0x0000, 0x0000, 0x0000, 0x1082,
0x2104, 0x2125, 0x2104, 0x18c3, 0x0861, 0x1082, 0x2124, 0x3186, 0x3166, 0x3166, 0x3166, 0x3186, 0x2945, 0x8c10, 0xf71c, 0xf75d,
0xf75d, 0xff7d, 0xf77d, 0xf73c, 0x4a28, 0x0861, 0x1082, 0x0861, 0x0000, 0x0000, 0x0000, 0x0000, 0x0000, 0x0000, 0x0000, 0x0000,
0x0000, 0x0000, 0x0000, 0x0000, 0x0000, 0x0000, 0x0000, 0x0000, 0x0000, 0x0000, 0x0000, 0x0000, 0x0000, 0x0000, 0x0000, 0x0000,
0x18c3, 0x3166, 0x3166, 0x3166, 0x3166, 0x3166, 0x3166, 0x3166, 0x2966, 0x1082, 0x18a3, 0x2925, 0x2945, 0x2945, 0x2945, 0x2925,
0x0021, 0xad34, 0xffdf, 0xf73c, 0x5aaa, 0x0000, 0x0000, 0x0000, 0x0000, 0x0000, 0x0000, 0x0000, 0x0000, 0x0000, 0x0000, 0x0000,
0x0000, 0x0000, 0x0000, 0x0000, 0x0000, 0x0000, 0x0000, 0x0000, 0x0000, 0x0000, 0x0000, 0x0000, 0x0000, 0x0000, 0x0000, 0x0000,
0x18c3, 0x2966, 0x3166, 0x3166, 0x3166, 0x3166, 0x3166, 0x3186, 0x3166, 0x1082, 0x18a3, 0x2925, 0x2946, 0x2946, 0x2945, 0x18a3,
0x2945, 0xef1c, 0xff7d, 0xff9e, 0xcdf7, 0x20e3, 0x0000, 0x39e7, 0x0000, 0x0000, 0x0000, 0x0000, 0x0000, 0x0000, 0x0000, 0x0000,
0x0000, 0x0000, 0x0000, 0x0000, 0x0000, 0x0000, 0x0000, 0x0000, 0x0000, 0x0000, 0x0000, 0x0000, 0x0000, 0x0000, 0x0000, 0x0841,
0x20e4, 0x2945, 0x2945, 0x2966, 0x3166, 0x2945, 0x2945, 0x18c3, 0x1082, 0x3186, 0x3186, 0x3186, 0x39a7, 0xce18, 0xff5d, 0xf75c,
0xff7d, 0xff7d, 0xf77d, 0xe6ba, 0x3186, 0x1082, 0x1082, 0x0841, 0x0000, 0x0000, 0x0000, 0x0000, 0x0000, 0x0000, 0x0000, 0x0000,
0x0000, 0x0000, 0x0000, 0x0000, 0x0000, 0x0000, 0x0000, 0x0000, 0x0000, 0x0000, 0x0000, 0x0000, 0x0000, 0x0000, 0x0000, 0x0000,
0x1082, 0x2925, 0x2945, 0x2966, 0x2945, 0x2104, 0x1082, 0x1082, 0x2945, 0x3186, 0x3166, 0x3186, 0x3166, 0x39c7, 0xb514, 0xeefb,
0xf73c, 0xf77d, 0xff9d, 0xf73c, 0x39a6, 0x0000, 0x2924, 0x0000, 0x0000, 0x0000, 0x0000, 0x0000, 0x0000, 0x0000, 0x0000, 0x0000,
0x0000, 0x0000, 0x0000, 0x0000, 0x0000, 0x0000, 0x0000, 0x0000, 0x0000, 0x0000, 0x0000, 0x0000, 0x0000, 0x0000, 0x0000, 0x0861,
0x2945, 0x3166, 0x3166, 0x3166, 0x3186, 0x3186, 0x3166, 0x3187, 0x18e3, 0x1062, 0x20e4, 0x2925, 0x2945, 0x2945, 0x2966, 0x1082,
0x41e7, 0xffbe, 0xffbe, 0xef1b, 0x4a08, 0x0000, 0x0000, 0x0000, 0x0000, 0x0000, 0x0000, 0x0000, 0x0000, 0x0000, 0x0000, 0x0000,
0x0000, 0x0000, 0x0000, 0x0000, 0x0000, 0x0000, 0x0000, 0x0000, 0x0000, 0x0000, 0x0000, 0x0000, 0x0000, 0x0000, 0x0000, 0x0000,
0x18c3, 0x2965, 0x2966, 0x3166, 0x3166, 0x3186, 0x1082, 0x18e4, 0x2945, 0x2945, 0x2966, 0x3166, 0x3186, 0x2945, 0x18c3, 0xc5b6,
0xf75d, 0xf77d, 0xf77d, 0xffbe, 0x83cf, 0x0000, 0x31a6, 0x0000, 0x0000, 0x0000, 0x0000, 0x0000, 0x0000, 0x0000, 0x0000, 0x0000,

/* -46- */
0x0000, 0x0000, 0x0000, 0x0000, 0x0000, 0x0000, 0x0000, 0x0000, 0x0000, 0x0000, 0x0000, 0x0000, 0x0000, 0x0000, 0x0000, 0x0020,
0x2104, 0x3166, 0x3166, 0x3166, 0x3166, 0x3166, 0x3186, 0x2104, 0x0841, 0x2104, 0x2945, 0x2945, 0x2966, 0x3166, 0x2945, 0x0841,
0xbd55, 0xff9e, 0xf73c, 0xf73c, 0x734d, 0x0000, 0x0000, 0x0000, 0x0000, 0x0000, 0x0000, 0x0000, 0x0000, 0x0000, 0x0000, 0x0000,
0x0000, 0x0000, 0x0000, 0x0000, 0x0000, 0x0000, 0x0000, 0x0000, 0x0000, 0x0000, 0x0000, 0x0000, 0x0000, 0x0000, 0x0000, 0x0000,
0x0861, 0x1082, 0x1061, 0x1062, 0x18c3, 0x2925, 0x3166, 0x3166, 0x3166, 0x3166, 0x3166, 0x3186, 0x3186, 0x2945, 0x5aaa, 0xde99,
0xf75d, 0xf75c, 0xf75c, 0xde99, 0x41c7, 0x0020, 0xffef, 0x0000, 0x0000, 0x0000, 0x0000, 0x0000, 0x0000, 0x0000, 0x0000, 0x0000,
0x0000, 0x0000, 0x0000, 0x0000, 0x0000, 0x0000, 0x0000, 0x0000, 0x0000, 0x0000, 0x0000, 0x0000, 0x0000, 0x0000, 0x0000, 0x0841,
0x20e4, 0x3166, 0x3166, 0x3186, 0x3186, 0x3166, 0x3166, 0x3166, 0x3186, 0x2966, 0x18a3, 0x1082, 0x18c3, 0x18e4, 0x18c3, 0x1061,
0x6b0b, 0xeefb, 0xf73c, 0xc5b6, 0x20c3, 0x0000, 0x0000, 0x0000, 0x0000, 0x0000, 0x0000, 0x0000, 0x0000, 0x0000, 0x0000, 0x0000,
0x0000, 0x0000, 0x0000, 0x0000, 0x0000, 0x0000, 0x0000, 0x0000, 0x0000, 0x0000, 0x0000, 0x0000, 0x0000, 0x0000, 0x0861, 0x0841,
0x20e4, 0x3166, 0x3186, 0x3186, 0x3166, 0x3166, 0x3186, 0x3166, 0x3186, 0x2966, 0x10a3, 0x0861, 0x10a3, 0x18a3, 0x0862, 0x20e3,
0xbd55, 0xff7d, 0xf73c, 0xff7d, 0xb514, 0x1082, 0x0000, 0x3800, 0x0000, 0x0000, 0x0000, 0x0000, 0x0000, 0x0000, 0x0000, 0x0000,
0x0000, 0x0000, 0x0000, 0x0000, 0x0000, 0x0000, 0x0000, 0x0000, 0x0000, 0x0000, 0x0000, 0x0000, 0x0000, 0x0000, 0x0000, 0x0000,
0x1082, 0x2925, 0x2945, 0x2945, 0x2965, 0x2945, 0x18e3, 0x0861, 0x2945, 0x3186, 0x3186, 0x3166, 0x3166, 0x62cb, 0xc5b6, 0xf73c,
0xf73c, 0xf75d, 0xff7d, 0xce17, 0x2103, 0x0020, 0x1041, 0x0000, 0x0000, 0x0000, 0x0000, 0x0000, 0x0000, 0x0000, 0x0000, 0x0000,
0x0000, 0x0000, 0x0000, 0x0000, 0x0000, 0x0000, 0x0000, 0x0000, 0x0000, 0x0000, 0x0000, 0x0000, 0x0000, 0x0000, 0x0000, 0x0000,
0x0020, 0x1082, 0x18c3, 0x18c3, 0x10a2, 0x0861, 0x10a2, 0x2945, 0x3166, 0x3166, 0x3166, 0x3166, 0x3186, 0x3166, 0x41e8, 0xad14,
0xff7d, 0xf73c, 0xff9e, 0xd638, 0x20e3, 0x0000, 0x0000, 0x0000, 0x0000, 0x0000, 0x0000, 0x0000, 0x0000, 0x0000, 0x0000, 0x0000,
0x0000, 0x0000, 0x0000, 0x0000, 0x0000, 0x0000, 0x0000, 0x0000, 0x0000, 0x0000, 0x0000, 0x0000, 0x0000, 0x0000, 0x0000, 0x1082,
0x2946, 0x3166, 0x3166, 0x3166, 0x3186, 0x3186, 0x3166, 0x3166, 0x3186, 0x18e3, 0x0861, 0x10a3, 0x18e3, 0x18e3, 0x1082, 0x20c3,
0xcdd7, 0xff9d, 0xff7d, 0xde59, 0x3165, 0x0000, 0x52aa, 0x0000, 0x0000, 0x0000, 0x0000, 0x0000, 0x0000, 0x0000, 0x0000, 0x0000,
0x0000, 0x0000, 0x0000, 0x0000, 0x0000, 0x0000, 0x0000, 0x0000, 0x0000, 0x0000, 0x0000, 0x0000, 0x0000, 0x0000, 0x0862, 0x1082,
0x18c3, 0x2966, 0x2966, 0x3166, 0x3166, 0x3186, 0x2925, 0x1061, 0x2104, 0x2945, 0x2945, 0x2945, 0x2945, 0x10a2, 0x18a2, 0xacd3,
0xeefb, 0xf73c, 0xf73c, 0xf71c, 0x5a89, 0x0000, 0x0000, 0x0000, 0x0000, 0x0000, 0x0000, 0x0000, 0x0000, 0x0000, 0x0000, 0x0000,

/* -47- */
0x0000, 0x0000, 0x0000, 0x0000, 0x0000, 0x0000, 0x0000, 0x0000, 0x0000, 0x0000, 0x0000, 0x0000, 0x0000, 0x0000, 0x0861, 0x18a3,
0x2104, 0x2966, 0x3166, 0x3166, 0x3166, 0x3166, 0x3166, 0x3166, 0x2104, 0x1062, 0x10a2, 0x18e3, 0x20e4, 0x18c3, 0x0020, 0x6aeb,
0xeeba, 0xeefb, 0xf73c, 0xd638, 0x39c6, 0x0000, 0xffff, 0x0000, 0x0000, 0x0000, 0x0000, 0x0000, 0x0000, 0x0000, 0x0000, 0x0000,
0x0000, 0x0000, 0x0000, 0x0000, 0x0000, 0x0000, 0x0000, 0x0000, 0x0000, 0x0000, 0x0000, 0x0000, 0x0000, 0x0000, 0x0000, 0x1082,
0x10a2, 0x18c3, 0x18c3, 0x2104, 0x2945, 0x2966, 0x2966, 0x3166, 0x3166, 0x3166, 0x3166, 0x3166, 0x3166, 0x31a7, 0x2104, 0x5249,
0xde99, 0xeefb, 0xef1b, 0xb513, 0x18a2, 0x0000, 0x0000, 0x0000, 0x0000, 0x0000, 0x0000, 0x0000, 0x0000, 0x0000, 0x0000, 0x0000,
0x0000, 0x0000, 0x0000, 0x0000, 0x0000, 0x0000, 0x0000, 0x0000, 0x0000, 0x0000, 0x0000, 0x0000, 0x0000, 0x0000, 0x0862, 0x10a2,
0x2104, 0x3166, 0x3186, 0x3166, 0x3166, 0x3166, 0x3166, 0x3166, 0x3166, 0x3166, 0x3166, 0x2104, 0x18a3, 0x18a3, 0x0841, 0x62eb,
0xe69a, 0xde99, 0xe6ba, 0x4a28, 0x0000, 0xffff, 0x0000, 0x0000, 0x0000, 0x0000, 0x0000, 0x0000, 0x0000, 0x0000, 0x0000, 0x0000,
0x0000, 0x0000, 0x0000, 0x0000, 0x0000, 0x0000, 0x0000, 0x0000, 0x0000, 0x0000, 0x0000, 0x0000, 0x0000, 0x0000, 0x10a2, 0x18a3,
0x18c3, 0x2966, 0x3166, 0x3166, 0x3166, 0x3166, 0x3186, 0x3186, 0x3166, 0x3186, 0x3186, 0x2104, 0x18c3, 0x18a3, 0x1082, 0x83af,
0xf71c, 0xe6db, 0xeefb, 0xf71b, 0x7b6d, 0x0000, 0x0000, 0x0000, 0x0000, 0x0000, 0x0000, 0x0000, 0x0000, 0x0000, 0x0000, 0x0000,
0x0000, 0x0000, 0x0000, 0x0000, 0x0000, 0x0000, 0x0000, 0x0000, 0x0000, 0x0000, 0x0000, 0x0000, 0x0000, 0x0000, 0x0020, 0x1062,
0x0861, 0x10a2, 0x20e4, 0x2104, 0x20e4, 0x1082, 0x0861, 0x2125, 0x3186, 0x3166, 0x3166, 0x3166, 0x3186, 0x2125, 0x3186, 0xbd75,
0xf73c, 0xef1c, 0xf75c, 0xacd3, 0x0020, 0x0000, 0x0000, 0x0000, 0x0000, 0x0000, 0x0000, 0x0000, 0x0000, 0x0000, 0x0000, 0x0000,
0x0000, 0x0000, 0x0000, 0x0000, 0x0000, 0x0000, 0x0000, 0x0000, 0x0000, 0x0000, 0x0000, 0x0000, 0x0000, 0x0000, 0x0000, 0x1082,
0x18a3, 0x1082, 0x1082, 0x1082, 0x10a2, 0x20e4, 0x2966, 0x3166, 0x3166, 0x3166, 0x3166, 0x3166, 0x3186, 0x3187, 0x3186, 0x2945,
0xb555, 0xef1b, 0xff5d, 0x9c71, 0x0000, 0x52aa, 0x0000, 0x0000, 0x0000, 0x0000, 0x0000, 0x0000, 0x0000, 0x0000, 0x0000, 0x0000,
0x0000, 0x0000, 0x0000, 0x0000, 0x0000, 0x0000, 0x0000, 0x0000, 0x0000, 0x0000, 0x0000, 0x0000, 0x0000, 0x0000, 0x0841, 0x18a3,
0x2966, 0x3166, 0x3166, 0x3166, 0x3166, 0x3166, 0x3166, 0x3166, 0x3166, 0x3186, 0x2925, 0x10a2, 0x1082, 0x0861, 0x2924, 0xc595,
0xf71c, 0xeefb, 0xf75c, 0xacf3, 0x0841, 0x0000, 0x0000, 0x0000, 0x0000, 0x0000, 0x0000, 0x0000, 0x0000, 0x0000, 0x0000, 0x0000,
0x0000, 0x0000, 0x0000, 0x0000, 0x0000, 0x0000, 0x0000, 0x0000, 0x0000, 0x0000, 0x0000, 0x0000, 0x0000, 0x0000, 0x18c3, 0x18e3,
0x10a2, 0x2945, 0x2945, 0x2966, 0x3166, 0x3166, 0x3187, 0x2104, 0x0861, 0x10a2, 0x18c3, 0x18a2, 0x0861, 0x1082, 0x2124, 0x7bae,
0xe69a, 0xeefb, 0xf75d, 0xc596, 0x18a2, 0x0000, 0x3186, 0x0000, 0x0000, 0x0000, 0x0000, 0x0000, 0x0000, 0x0000, 0x0000, 0x0000,

/* -48- */
0x0000, 0x0000, 0x0000, 0x0000, 0x0000, 0x0000, 0x0000, 0x0000, 0x0000, 0x0000, 0x0000, 0x0000, 0x0000, 0x0000, 0x2104, 0x18c3,
0x20e4, 0x2966, 0x3166, 0x3166, 0x3166, 0x3166, 0x3166, 0x3166, 0x3166, 0x2925, 0x10a2, 0x1062, 0x1062, 0x1062, 0x18c3, 0xacf3,
0xe699, 0xde79, 0xe69a, 0x734d, 0x0020, 0x0000, 0x0000, 0x0000, 0x0000, 0x0000, 0x0000, 0x0000, 0x0000, 0x0000, 0x0000, 0x0000,
0x0000, 0x0000, 0x0000, 0x0000, 0x0000, 0x0000, 0x0000, 0x0000, 0x0000, 0x0000, 0x0000, 0x0000, 0x0000, 0x0000, 0x10a2, 0x2124,
0x1082, 0x2104, 0x2125, 0x2925, 0x2945, 0x2966, 0x3166, 0x3186, 0x3186, 0x3166, 0x3186, 0x3166, 0x3166, 0x3166, 0x39a7, 0x18c3,
0x62cb, 0xe699, 0xe679, 0x732c, 0x0000, 0xffff, 0x0000, 0x0000, 0x0000, 0x0000, 0x0000, 0x0000, 0x0000, 0x0000, 0x0000, 0x0000,
0x0000, 0x0000, 0x0000, 0x0000, 0x0000, 0x0000, 0x0000, 0x0000, 0x0000, 0x0000, 0x0000, 0x0000, 0x0000, 0x0841, 0x2125, 0x10a3,
0x2104, 0x3166, 0x3166, 0x3166, 0x3166, 0x3166, 0x3166, 0x3166, 0x3166, 0x2946, 0x2945, 0x2945, 0x2925, 0x2104, 0x20e4, 0x9c71,
0xde58, 0xd638, 0x6aeb, 0x0841, 0x18a2, 0x0000, 0x0000, 0x0000, 0x0000, 0x0000, 0x0000, 0x0000, 0x0000, 0x0000, 0x0000, 0x0000,
0x0000, 0x0000, 0x0000, 0x0000, 0x0000, 0x0000, 0x0000, 0x0000, 0x0000, 0x0000, 0x0000, 0x000a, 0x0000, 0x0861, 0x2945, 0x18e3,
0x18a3, 0x2965, 0x2966, 0x3166, 0x3166, 0x3166, 0x3166, 0x3166, 0x3186, 0x3186, 0x3166, 0x3186, 0x3166, 0x2966, 0x18e4, 0x736d,
0xde79, 0xe69a, 0xe6ba, 0xc596, 0x2945, 0x0000, 0x7bef, 0x0000, 0x0000, 0x0000, 0x0000, 0x0000, 0x0000, 0x0000, 0x0000, 0x0000,
0x0000, 0x0000, 0x0000, 0x0000, 0x0000, 0x0000, 0x0000, 0x0000, 0x0000, 0x0000, 0x0000, 0x0000, 0x0000, 0x0000, 0x10a2, 0x18e4,
0x10a2, 0x18c3, 0x1082, 0x1082, 0x0861, 0x10a2, 0x2925, 0x3166, 0x3166, 0x3186, 0x3186, 0x3186, 0x3186, 0x31a7, 0x2966, 0x3186,
0xc5d6, 0xe6ba, 0xe699, 0x6b0b, 0x0000, 0xffff, 0x0000, 0x0000, 0x0000, 0x0000, 0x0000, 0x0000, 0x0000, 0x0000, 0x0000, 0x0000,
0x0000, 0x0000, 0x0000, 0x0000, 0x0000, 0x0000, 0x0000, 0x0000, 0x0000, 0x0000, 0x0000, 0x0000, 0x0000, 0x0000, 0x0000, 0x2104,
0x18c3, 0x18a3, 0x2104, 0x2125, 0x2945, 0x2966, 0x3166, 0x3166, 0x3166, 0x3166, 0x3166, 0x3166, 0x3186, 0x3166, 0x3187, 0x2104,
0x41e7, 0xde59, 0xde59, 0x5249, 0x0000, 0x0000, 0x0000, 0x0000, 0x0000, 0x0000, 0x0000, 0x0000, 0x0000, 0x0000, 0x0000, 0x0000,
0x0000, 0x0000, 0x0000, 0x0000, 0x0000, 0x0000, 0x0000, 0x0000, 0x0000, 0x0000, 0x0000, 0x0000, 0x0000, 0x0861, 0x20e4, 0x18a3,
0x2966, 0x3166, 0x3166, 0x3166, 0x3166, 0x3166, 0x3166, 0x3166, 0x3166, 0x3166, 0x3166, 0x2946, 0x2925, 0x18c3, 0x62cb, 0xe69a,
0xe6da, 0xe6da, 0xe699, 0x5228, 0x0000, 0x0000, 0x0000, 0x0000, 0x0000, 0x0000, 0x0000, 0x0000, 0x0000, 0x0000, 0x0000, 0x0000,
0x0000, 0x0000, 0x0000, 0x0000, 0x0000, 0x0000, 0x0000, 0x0000, 0x0000, 0x0000, 0x0000, 0x0000, 0x0000, 0x18a3, 0x3186, 0x18c3,
0x1082, 0x2925, 0x2945, 0x2945, 0x3166, 0x3166, 0x3166, 0x3186, 0x2925, 0x18c3, 0x1082, 0x1082, 0x20e4, 0x2945, 0x2925, 0x39c7,
0xc5d6, 0xe6db, 0xde79, 0x4a28, 0x0000, 0xffff, 0x0000, 0x0000, 0x0000, 0x0000, 0x0000, 0x0000, 0x0000, 0x0000, 0x0000, 0x0000,

/* -49- */
0x0000, 0x0000, 0x0000, 0x0000, 0x0000, 0x0000, 0x0000, 0x0000, 0x0000, 0x0000, 0x0000, 0x0000, 0x0000, 0x20e4, 0x3166, 0x18c3,
0x18e3, 0x3166, 0x3166, 0x3166, 0x3166, 0x3166, 0x3166, 0x3166, 0x3166, 0x3166, 0x2945, 0x2104, 0x2104, 0x18c3, 0x4208, 0xc575,
0xd618, 0xde38, 0x838e, 0x0841, 0x39c7, 0x0000, 0x0000, 0x0000, 0x0000, 0x0000, 0x0000, 0x0000, 0x0000, 0x0000, 0x0000, 0x0000,
0x0000, 0x0000, 0x0000, 0x0000, 0x0000, 0x0000, 0x0000, 0x0000, 0x0000, 0x0000, 0x0000, 0x0000, 0x0000, 0x1082, 0x2945, 0x2104,
0x1082, 0x20e4, 0x2125, 0x2925, 0x2945, 0x2966, 0x3166, 0x3166, 0x3166, 0x3166, 0x3166, 0x3166, 0x3166, 0x3186, 0x3166, 0x3186,
0x2104, 0xb534, 0xc575, 0x3165, 0x0000, 0x7bef, 0x0000, 0x0000, 0x0000, 0x0000, 0x0000, 0x0000, 0x0000, 0x0000, 0x0000, 0x0000,
0x0000, 0x0000, 0x0000, 0x0000, 0x0000, 0x0000, 0x0000, 0x0000, 0x0000, 0x0000, 0x7bef, 0x0000, 0x0820, 0x2925, 0x3166, 0x18c3,
0x20e4, 0x3186, 0x3166, 0x3166, 0x3166, 0x3166, 0x3166, 0x3166, 0x2966, 0x2946, 0x2945, 0x2925, 0x2925, 0x18c3, 0x5249, 0xbd14,
0xa472, 0x41e7, 0x0020, 0x2925, 0x18a2, 0x18e0, 0x0000, 0x0000, 0x0000, 0x0000, 0x0000, 0x0000, 0x0000, 0x0000, 0x0000, 0x0000,
0x0000, 0x0000, 0x0000, 0x0000, 0x0000, 0x0000, 0x0000, 0x0000, 0x0000, 0x0000, 0xffff, 0x0000, 0x0841, 0x2965, 0x3186, 0x2104,
0x1082, 0x2945, 0x2945, 0x3166, 0x3166, 0x3166, 0x3166, 0x3186, 0x3166, 0x3166, 0x3166, 0x3166, 0x3166, 0x3166, 0x18e4, 0x62eb,
0xde58, 0xd638, 0xcdb6, 0x41c7, 0x0000, 0x0000, 0x0000, 0x0000, 0x0000, 0x0000, 0x0000, 0x0000, 0x0000, 0x0000, 0x0000, 0x0000,
0x0000, 0x0000, 0x0000, 0x0000, 0x0000, 0x0000, 0x0000, 0x0000, 0x0000, 0x0000, 0x0000, 0x0000, 0x0000, 0x1082, 0x2945, 0x2104,
0x1082, 0x2104, 0x2104, 0x2104, 0x2925, 0x3166, 0x3166, 0x3166, 0x3166, 0x3166, 0x3166, 0x3166, 0x3166, 0x3166, 0x3187, 0x18e4,
0x5aaa, 0xde79, 0xbd75, 0x3145, 0x0000, 0x7bef, 0x0000, 0x0000, 0x0000, 0x0000, 0x0000, 0x0000, 0x0000, 0x0000, 0x0000, 0x0000,
0x0000, 0x0000, 0x0000, 0x0000, 0x0000, 0x0000, 0x0000, 0x0000, 0x0000, 0x0000, 0x0000, 0x0000, 0x0000, 0x0000, 0x18c3, 0x3166,
0x18c3, 0x1082, 0x2104, 0x2925, 0x2945, 0x2946, 0x2966, 0x3166, 0x3166, 0x3166, 0x3166, 0x3166, 0x3166, 0x3186, 0x3166, 0x3186,
0x20e4, 0xa492, 0xa471, 0x1061, 0x0000, 0x0000, 0x0000, 0x0000, 0x0000, 0x0000, 0x0000, 0x0000, 0x0000, 0x0000, 0x0000, 0x0000,
0x0000, 0x0000, 0x0000, 0x0000, 0x0000, 0x0000, 0x0000, 0x0000, 0x0000, 0x0000, 0x0000, 0x0000, 0x0861, 0x2945, 0x2124, 0x1082,
0x2965, 0x3166, 0x3166, 0x3166, 0x3166, 0x3166, 0x3166, 0x3166, 0x3166, 0x3166, 0x3166, 0x2966, 0x2945, 0x18c3, 0x734d, 0xd5f7,
0xd618, 0xeeda, 0x8c10, 0x0020, 0x0000, 0x0000, 0x0000, 0x0000, 0x0000, 0x0000, 0x0000, 0x0000, 0x0000, 0x0000, 0x0000, 0x0000,
0x0000, 0x0000, 0x0000, 0x0000, 0x0000, 0x0000, 0x0000, 0x0000, 0x0000, 0x0000, 0x0000, 0x0000, 0x18c3, 0x39a7, 0x3166, 0x2104,
0x1082, 0x2104, 0x2945, 0x2945, 0x2966, 0x3166, 0x3166, 0x3166, 0x3166, 0x3166, 0x2945, 0x2945, 0x2945, 0x2945, 0x2124, 0x20e4,
0x9430, 0xd5f7, 0x732c, 0x0000, 0x0000, 0x0000, 0x0000, 0x0000, 0x0000, 0x0000, 0x0000, 0x0000, 0x0000, 0x0000, 0x0000, 0x0000,

/* -50- */
0x0000, 0x0000, 0x0000, 0x0000, 0x0000, 0x0000, 0x0000, 0x0000, 0x0000, 0x0000, 0x0000, 0x0000, 0x2104, 0x3186, 0x2945, 0x18c3,
0x18a3, 0x2965, 0x2966, 0x3166, 0x3166, 0x3166, 0x3166, 0x3166, 0x3166, 0x2966, 0x2945, 0x2925, 0x2124, 0x18c3, 0x41e8, 0x8bef,
0x8bf0, 0x5269, 0x0841, 0x0861, 0x1061, 0x0000, 0x0000, 0x0000, 0x0000, 0x0000, 0x0000, 0x0000, 0x0000, 0x0000, 0x0000, 0x0000,
0x0000, 0x0000, 0x0000, 0x0000, 0x0000, 0x0000, 0x0000, 0x0000, 0x0000, 0x0000, 0x0000, 0x0000, 0x1082, 0x2966, 0x2945, 0x2104,
0x1082, 0x10a3, 0x2104, 0x2925, 0x2945, 0x2945, 0x2966, 0x3166, 0x3166, 0x3166, 0x3166, 0x3166, 0x3166, 0x3166, 0x3166, 0x3186,
0x2104, 0x6aeb, 0x6aeb, 0x0820, 0xffff, 0x0000, 0x0000, 0x0000, 0x0000, 0x0000, 0x0000, 0x0000, 0x0000, 0x0000, 0x0000, 0x0000,
0x0000, 0x0000, 0x0000, 0x0000, 0x0000, 0x0000, 0x0000, 0x0000, 0x0000, 0x0000, 0x0000, 0x0861, 0x2945, 0x3186, 0x2925, 0x18c3,
0x18c3, 0x3166, 0x3166, 0x2966, 0x2946, 0x3166, 0x2966, 0x2966, 0x2946, 0x2945, 0x2945, 0x2125, 0x20e4, 0x20e4, 0x5249, 0x4a28,
0x20e3, 0x0020, 0x20e4, 0x2104, 0x18c3, 0x20e0, 0x0000, 0x52a0, 0x0000, 0x0000, 0x0000, 0x0000, 0x0000, 0x0000, 0x0000, 0x0000,
0x0000, 0x0000, 0x0000, 0x0000, 0x0000, 0x0000, 0x0000, 0x0000, 0x0000, 0x0000, 0x0000, 0x1061, 0x3166, 0x3187, 0x2945, 0x2104,
0x1082, 0x20e4, 0x2945, 0x2945, 0x3166, 0x3166, 0x3166, 0x3166, 0x3166, 0x3166, 0x3166, 0x2966, 0x2966, 0x2966, 0x18c3, 0x734d,
0xd618, 0xa4d3, 0x3165, 0x0000, 0x4228, 0x0000, 0x0000, 0x0000, 0x0000, 0x0000, 0x0000, 0x0000, 0x0000, 0x0000, 0x0000, 0x0000,
0x0000, 0x0000, 0x0000, 0x0000, 0x0000, 0x0000, 0x0000, 0x0000, 0x0000, 0x0000, 0x0000, 0x0000, 0x1082, 0x2945, 0x2945, 0x2104,
0x1082, 0x20e4, 0x2925, 0x2945, 0x2946, 0x3166, 0x3166, 0x3166, 0x3166, 0x3166, 0x3166, 0x3166, 0x3166, 0x3166, 0x3166, 0x3186,
0x2945, 0xbd55, 0x5aaa, 0x0000, 0x0000, 0x0000, 0x0000, 0x0000, 0x0000, 0x0000, 0x0000, 0x0000, 0x0000, 0x0000, 0x0000, 0x0000,
0x0000, 0x0000, 0x0000, 0x0000, 0x0000, 0x0000, 0x0000, 0x0000, 0x0000, 0x0000, 0x0000, 0x0000, 0x0000, 0x18c3, 0x2966, 0x2945,
0x2104, 0x1062, 0x18e4, 0x2104, 0x2945, 0x2945, 0x2966, 0x3166, 0x3166, 0x3166, 0x3166, 0x3166, 0x3166, 0x3166, 0x3166, 0x3166,
0x2104, 0x5269, 0x3986, 0x0000, 0xffff, 0x0000, 0x0000, 0x0000, 0x0000, 0x0000, 0x0000, 0x0000, 0x0000, 0x0000, 0x0000, 0x0000,
0x0000, 0x0000, 0x0000, 0x0000, 0x0000, 0x0000, 0x0000, 0x0000, 0x0000, 0x0000, 0x0000, 0x1062, 0x2945, 0x3166, 0x2104, 0x1082,
0x2945, 0x3166, 0x3166, 0x3166, 0x3166, 0x3166, 0x3166, 0x3166, 0x3166, 0x3166, 0x3166, 0x2945, 0x2104, 0x20e4, 0x9451, 0xd618,
0xd5f8, 0x83ae, 0x0841, 0x0861, 0xffff, 0x0000, 0x0000, 0x0000, 0x0000, 0x0000, 0x0000, 0x0000, 0x0000, 0x0000, 0x0000, 0x0000,
0x0000, 0x0000, 0x0000, 0x0000, 0x0000, 0x0000, 0x0000, 0x0000, 0x0000, 0x0000, 0x0000, 0x18e3, 0x31a7, 0x3166, 0x2925, 0x2104,
0x10a2, 0x18c3, 0x2945, 0x2945, 0x2945, 0x3166, 0x3166, 0x3166, 0x3166, 0x3166, 0x2966, 0x2966, 0x2946, 0x2945, 0x2925, 0x18c3,
0x41c7, 0x5a8a, 0x0841, 0x3164, 0x0000, 0x0000, 0x0000, 0x0000, 0x0000, 0x0000, 0x0000, 0x0000, 0x0000, 0x0000, 0x0000, 0x0000,

/* -51- */
0x0000, 0x0000, 0x0000, 0x0000, 0x0000, 0x0000, 0x0000, 0x0000, 0x0000, 0x0000, 0x0841, 0x2125, 0x3186, 0x2945, 0x2925, 0x18e4,
0x1082, 0x2925, 0x2945, 0x2946, 0x3166, 0x3166, 0x2966, 0x2966, 0x2945, 0x2945, 0x2925, 0x2104, 0x20e4, 0x18e3, 0x2104, 0x18a3,
0x1082, 0x0020, 0x18c3, 0x18c3, 0x0840, 0x0000, 0x0000, 0x0000, 0x0000, 0x0000, 0x0000, 0x0000, 0x0000, 0x0000, 0x0000, 0x0000,
0x0000, 0x0000, 0x0000, 0x0000, 0x0000, 0x0000, 0x0000, 0x0000, 0x0000, 0x0000, 0x0000, 0x18c3, 0x3166, 0x2945, 0x2125, 0x2104,
0x18c3, 0x1082, 0x20e4, 0x2104, 0x2125, 0x2945, 0x2945, 0x2966, 0x3166, 0x3166, 0x3166, 0x3166, 0x3166, 0x3166, 0x3166, 0x3166,
0x3186, 0x2104, 0x0021, 0x0002, 0x0000, 0x0000, 0x0000, 0x0000, 0x0000, 0x0000, 0x0000, 0x0000, 0x0000, 0x0000, 0x0000, 0x0000,
0x0000, 0x0000, 0x0000, 0x0000, 0x0000, 0x0000, 0x0000, 0x7bef, 0x0000, 0x0000, 0x1082, 0x3166, 0x3186, 0x2945, 0x2925, 0x18a3,
0x18e4, 0x2966, 0x2946, 0x2966, 0x2946, 0x2946, 0x2966, 0x2945, 0x2945, 0x2925, 0x2104, 0x20e4, 0x18a3, 0x10a3, 0x1082, 0x0020,
0x1082, 0x2925, 0x2925, 0x2945, 0x18c4, 0x0000, 0x0000, 0x001f, 0x0000, 0x0000, 0x0000, 0x0000, 0x0000, 0x0000, 0x0000, 0x0000,
0x0000, 0x0000, 0x0000, 0x0000, 0x0000, 0x0000, 0x0000, 0x0000, 0x0000, 0x0000, 0x10a2, 0x3166, 0x3186, 0x2945, 0x2925, 0x20e4,
0x18a3, 0x10a3, 0x2925, 0x2945, 0x2946, 0x3166, 0x2966, 0x2946, 0x3166, 0x3166, 0x2966, 0x2946, 0x2945, 0x2945, 0x18e4, 0x39a6,
0x39a6, 0x1082, 0x1082, 0x1082, 0x0000, 0x0000, 0x0000, 0x0000, 0x0000, 0x0000, 0x0000, 0x0000, 0x0000, 0x0000, 0x0000, 0x0000,
0x0000, 0x0000, 0x0000, 0x0000, 0x0000, 0x0000, 0x0000, 0x0000, 0x0000, 0x0000, 0x0000, 0x18a3, 0x3166, 0x2945, 0x2925, 0x2104,
0x10a2, 0x10a3, 0x2104, 0x2125, 0x2945, 0x2945, 0x2945, 0x2966, 0x3166, 0x3166, 0x3166, 0x3166, 0x3166, 0x3166, 0x3166, 0x3186,
0x2925, 0x41c7, 0x1082, 0x0000, 0x0000, 0x0000, 0x0000, 0x0000, 0x0000, 0x0000, 0x0000, 0x0000, 0x0000, 0x0000, 0x0000, 0x0000,
0x0000, 0x0000, 0x0000, 0x0000, 0x0000, 0x0000, 0x0000, 0x0000, 0x0000, 0x0000, 0x0000, 0x0000, 0x18c3, 0x3166, 0x2945, 0x2104,
0x20e4, 0x10a2, 0x1082, 0x2104, 0x2925, 0x2945, 0x2966, 0x3166, 0x3166, 0x3166, 0x3166, 0x3166, 0x3166, 0x3166, 0x3166, 0x3166,
0x2966, 0x1082, 0x0000, 0x0000, 0x0000, 0x0000, 0x0000, 0x0000, 0x0000, 0x0000, 0x0000, 0x0000, 0x0000, 0x0000, 0x0000, 0x0000,
0x0000, 0x0000, 0x0000, 0x0000, 0x0000, 0x0000, 0x0000, 0x0000, 0x0000, 0x0000, 0x18a3, 0x3166, 0x2966, 0x2945, 0x2104, 0x1082,
0x2104, 0x3166, 0x3166, 0x3166, 0x3166, 0x3166, 0x3166, 0x3166, 0x2966, 0x2966, 0x2945, 0x2925, 0x18c3, 0x3145, 0x834d, 0x734d,
0x41e8, 0x0020, 0x18a3, 0x10a2, 0x0000, 0x0000, 0x0000, 0x0000, 0x0000, 0x0000, 0x0000, 0x0000, 0x0000, 0x0000, 0x0000, 0x0000,
0x0000, 0x0000, 0x0000, 0x0000, 0x0000, 0x0000, 0x0000, 0x0000, 0x0000, 0x0841, 0x2125, 0x3186, 0x2945, 0x2945, 0x2104, 0x20e4,
0x18c3, 0x1082, 0x20e4, 0x2925, 0x2945, 0x2945, 0x2945, 0x2966, 0x2966, 0x3166, 0x3166, 0x2966, 0x2966, 0x2945, 0x2104, 0x1082,
0x1082, 0x0020, 0x0841, 0x0000, 0x0000, 0x0000, 0x0000, 0x0000, 0x0000, 0x0000, 0x0000, 0x0000, 0x0000, 0x0000, 0x0000, 0x0000,

/* -52- */
0x0000, 0x0000, 0x0000, 0x0000, 0x0000, 0x0000, 0x000f, 0x0000, 0x0000, 0x1082, 0x2945, 0x3186, 0x2945, 0x2945, 0x2104, 0x18e3,
0x1082, 0x2104, 0x2945, 0x2945, 0x2966, 0x2966, 0x2946, 0x2945, 0x2945, 0x2945, 0x2125, 0x2104, 0x18e3, 0x18c3, 0x18c3, 0x1082,
0x1082, 0x18c3, 0x20e4, 0x18c3, 0x0820, 0x0000, 0x0000, 0x0000, 0x0000, 0x0000, 0x0000, 0x0000, 0x0000, 0x0000, 0x0000, 0x0000,
0x0000, 0x0000, 0x0000, 0x0000, 0x0000, 0x0000, 0x0000, 0x0000, 0x0000, 0x0000, 0x20e4, 0x3186, 0x2945, 0x2925, 0x2104, 0x18c3,
0x18c3, 0x10a2, 0x1082, 0x20e4, 0x2104, 0x2925, 0x2945, 0x2945, 0x2945, 0x2966, 0x2966, 0x2966, 0x2966, 0x3166, 0x3166, 0x3166,
0x3186, 0x10a4, 0x4980, 0x9be2, 0x6221, 0x0000, 0x0000, 0x0000, 0x0000, 0x0000, 0x0000, 0x0000, 0x0000, 0x0000, 0x0000, 0x0000,
0x0000, 0x0000, 0x0000, 0x0000, 0x0000, 0x0000, 0x0000, 0x0000, 0x0020, 0x18e4, 0x3186, 0x3166, 0x2945, 0x2945, 0x2104, 0x1082,
0x2104, 0x2946, 0x2946, 0x2946, 0x2945, 0x2945, 0x2945, 0x2925, 0x2925, 0x2104, 0x20e4, 0x1082, 0x0841, 0x1082, 0x1082, 0x18c3,
0x2104, 0x2104, 0x2924, 0x18e5, 0x4182, 0xa402, 0xa3e1, 0x51e0, 0x0003, 0xffe0, 0x0000, 0x0000, 0x0000, 0x0000, 0x0000, 0x0000,
0x0000, 0x0000, 0x0000, 0x0000, 0x0000, 0x0000, 0x0000, 0x0000, 0x0000, 0x18c3, 0x31a7, 0x3186, 0x2945, 0x2945, 0x2104, 0x18e3,
0x18c3, 0x1082, 0x18c3, 0x2925, 0x2945, 0x2945, 0x2946, 0x2946, 0x2966, 0x3166, 0x2966, 0x2945, 0x2945, 0x2925, 0x1082, 0x0841,
0x0841, 0x18c3, 0x10a2, 0x0020, 0x0000, 0x0000, 0x0000, 0x0000, 0x0000, 0x0000, 0x0000, 0x0000, 0x0000, 0x0000, 0x0000, 0x0000,
0x0000, 0x0000, 0x0000, 0x0000, 0x0000, 0x0000, 0x0000, 0x0000, 0x0000, 0x0000, 0x18c3, 0x3186, 0x2945, 0x2945, 0x2124, 0x20e4,
0x18c3, 0x1061, 0x18c3, 0x2104, 0x2125, 0x2925, 0x2945, 0x2945, 0x2945, 0x2946, 0x2966, 0x2966, 0x2966, 0x2966, 0x2966, 0x3166,
0x2945, 0x1061, 0x20c2, 0x5000, 0x0000, 0x0000, 0x0000, 0x0000, 0x0000, 0x0000, 0x0000, 0x0000, 0x0000, 0x0000, 0x0000, 0x0000,
0x0000, 0x0000, 0x0000, 0x0000, 0x0000, 0x0000, 0x0000, 0x0000, 0x0000, 0x0000, 0x0000, 0x18e3, 0x3186, 0x2945, 0x2945, 0x2104,
0x20e4, 0x18a2, 0x1062, 0x18a3, 0x2104, 0x2925, 0x2945, 0x2945, 0x2945, 0x2966, 0x3166, 0x3166, 0x3166, 0x3166, 0x3166, 0x2946,
0x2966, 0x10a2, 0x2124, 0x0000, 0x0000, 0x0000, 0x0000, 0x0000, 0x0000, 0x0000, 0x0000, 0x0000, 0x0000, 0x0000, 0x0000, 0x0000,
0x0000, 0x0000, 0x0000, 0x0000, 0x0000, 0x0000, 0x0000, 0x0000, 0x0841, 0x2104, 0x3186, 0x2966, 0x2945, 0x2125, 0x18e3, 0x1082,
0x20e4, 0x2945, 0x2966, 0x3166, 0x3166, 0x3166, 0x3166, 0x2966, 0x2945, 0x2945, 0x2925, 0x2104, 0x18c3, 0x20e4, 0x20e4, 0x0862,
0x0000, 0x18c3, 0x2105, 0x1082, 0x0000, 0x0000, 0x0000, 0x0000, 0x0000, 0x0000, 0x0000, 0x0000, 0x0000, 0x0000, 0x0000, 0x0000,
0x0000, 0x0000, 0x0000, 0x0000, 0x0000, 0x0000, 0x0000, 0x0000, 0x18a3, 0x3186, 0x3187, 0x2945, 0x2945, 0x2925, 0x20e4, 0x18c3,
0x18c3, 0x1082, 0x0861, 0x18e4, 0x2925, 0x2945, 0x2945, 0x2966, 0x3166, 0x3166, 0x2966, 0x2966, 0x2945, 0x2925, 0x18e3, 0x0841,
0x10a2, 0x1082, 0x0020, 0x0000, 0x0000, 0x0000, 0x0000, 0x0000, 0x0000, 0x0000, 0x0000, 0x0000, 0x0000, 0x0000, 0x0000, 0x0000,

/* -53- */
0x0000, 0x0000, 0x0000, 0x0000, 0x0000, 0x0000, 0x0000, 0x0000, 0x18c3, 0x3187, 0x3187, 0x2945, 0x2945, 0x2104, 0x20e4, 0x18c3,
0x1082, 0x2925, 0x2945, 0x2945, 0x2945, 0x2946, 0x2945, 0x2945, 0x2925, 0x2125, 0x2104, 0x18a3, 0x0862, 0x1082, 0x1082, 0x1082,
0x18c3, 0x20e4, 0x20e4, 0x18c3, 0x0020, 0x0000, 0x0000, 0x0000, 0x0000, 0x0000, 0x0000, 0x0000, 0x0000, 0x0000, 0x0000, 0x0000,
0x0000, 0x0000, 0x0000, 0x0000, 0x0000, 0x0000, 0x0000, 0x0000, 0x0862, 0x2925, 0x3186, 0x2945, 0x2945, 0x2104, 0x20e4, 0x18c3,
0x18c3, 0x10c3, 0x0861, 0x1082, 0x18c3, 0x2104, 0x2125, 0x2925, 0x2945, 0x2945, 0x2945, 0x2966, 0x2966, 0x3166, 0x3166, 0x3186,
0x1905, 0x72c1, 0xfea7, 0xff29, 0xfe00, 0x6a00, 0x0000, 0xffe0, 0x0000, 0x0000, 0x0000, 0x0000, 0x0000, 0x0000, 0x0000, 0x0000,
0x0000, 0x0000, 0x0000, 0x0000, 0x0000, 0x0000, 0x0000, 0x18a2, 0x2945, 0x31a7, 0x2966, 0x2945, 0x2925, 0x2104, 0x18c3, 0x2081,
0x2125, 0x2966, 0x2946, 0x2945, 0x2945, 0x2945, 0x2925, 0x2124, 0x20e4, 0x18a3, 0x1061, 0x0820, 0x1082, 0x10a3, 0x18c3, 0x20e4,
0x2104, 0x2924, 0x10c4, 0x4182, 0xed60, 0xff06, 0xff03, 0xcc00, 0x0800, 0x0000, 0x3800, 0x0000, 0x0000, 0x0000, 0x0000, 0x0000,
0x0000, 0x0000, 0x0000, 0x0000, 0x0000, 0x0000, 0x0000, 0x0861, 0x2125, 0x39a7, 0x3166, 0x2945, 0x2925, 0x2104, 0x18e4, 0x18c3,
0x18a3, 0x18a3, 0x1082, 0x18c3, 0x2945, 0x2945, 0x2945, 0x2946, 0x2966, 0x2966, 0x2945, 0x2945, 0x2945, 0x2104, 0x0862, 0x18c3,
0x2104, 0x18c3, 0x0020, 0x0000, 0x0000, 0x0000, 0x0000, 0x0000, 0x0000, 0x0000, 0x0000, 0x0000, 0x0000, 0x0000, 0x0000, 0x0000,
0x0000, 0x0000, 0x0000, 0x0000, 0x0000, 0x0000, 0x0000, 0x0000, 0x1061, 0x2925, 0x3187, 0x2945, 0x2945, 0x2104, 0x18e4, 0x18c3,
0x10a3, 0x1082, 0x1082, 0x18a3, 0x20e4, 0x2104, 0x2925, 0x2945, 0x2945, 0x2945, 0x2945, 0x2946, 0x2946, 0x2946, 0x2946, 0x3166,
0x3166, 0x18c2, 0x0000, 0x0000, 0x7be0, 0x0000, 0x0000, 0x0000, 0x0000, 0x0000, 0x0000, 0x0000, 0x0000, 0x0000, 0x0000, 0x0000,
0x0000, 0x0000, 0x0000, 0x0000, 0x0000, 0x0000, 0x0000, 0x0000, 0x0000, 0x0000, 0x2104, 0x3187, 0x2945, 0x2945, 0x2104, 0x20e4,
0x18a3, 0x0862, 0x20e4, 0x18a3, 0x18a3, 0x2104, 0x2925, 0x2945, 0x2945, 0x2945, 0x2946, 0x2966, 0x3166, 0x3166, 0x3166, 0x2946,
0x2966, 0x18c3, 0x0000, 0x0000, 0x0000, 0x0000, 0x0000, 0x0000, 0x0000, 0x0000, 0x0000, 0x0000, 0x0000, 0x0000, 0x0000, 0x0000,
0x0000, 0x0000, 0x0000, 0x0000, 0x0000, 0x0000, 0x0020, 0x18c3, 0x2966, 0x3187, 0x2945, 0x2945, 0x2104, 0x20e4, 0x10a3, 0x0042,
0x2924, 0x2945, 0x2965, 0x3166, 0x2966, 0x2946, 0x2945, 0x2945, 0x2945, 0x2925, 0x2104, 0x18c3, 0x1082, 0x10a2, 0x0862, 0x1082,
0x18c3, 0x20e4, 0x2104, 0x1082, 0x0000, 0x0000, 0x0000, 0x0000, 0x0000, 0x0000, 0x0000, 0x0000, 0x0000, 0x0000, 0x0000, 0x0000,
0x0000, 0x0000, 0x0000, 0x0000, 0x0000, 0x0820, 0x1082, 0x2104, 0x3186, 0x3166, 0x2945, 0x2925, 0x2104, 0x20e4, 0x18e3, 0x18c3,
0x18c3, 0x18a3, 0x1082, 0x0861, 0x18c3, 0x2104, 0x2924, 0x2945, 0x2945, 0x2965, 0x2945, 0x2945, 0x2945, 0x2104, 0x1082, 0x18a3,
0x18c3, 0x0020, 0x0000, 0x0000, 0x0000, 0x0000, 0x0000, 0x0000, 0x0000, 0x0000, 0x0000, 0x0000, 0x0000, 0x0000, 0x0000, 0x0000,

/* -54- */
0x0000, 0x0000, 0x0000, 0x0000, 0x0000, 0x0841, 0x10a2, 0x2925, 0x3187, 0x3166, 0x2945, 0x2945, 0x2104, 0x20e4, 0x18c4, 0x1882,
0x20a2, 0x2945, 0x2946, 0x2966, 0x2945, 0x2945, 0x2945, 0x2925, 0x2104, 0x20e4, 0x10a2, 0x0841, 0x0861, 0x1082, 0x18a3, 0x18c3,
0x20e4, 0x2104, 0x2104, 0x18c3, 0x0000, 0x0000, 0x0000, 0x0000, 0x0000, 0x0000, 0x0000, 0x0000, 0x0000, 0x0000, 0x0000, 0x0000,
0x0000, 0x0000, 0x0000, 0x0000, 0x0000, 0x0000, 0x0841, 0x18c3, 0x3166, 0x3186, 0x2945, 0x2945, 0x2104, 0x18e4, 0x18c3, 0x18c3,
0x10a3, 0x28a1, 0x30c1, 0x10a3, 0x18a2, 0x1082, 0x18c3, 0x18e4, 0x2104, 0x2124, 0x2925, 0x2945, 0x2945, 0x2966, 0x3186, 0x2947,
0x5204, 0xfe21, 0xfe21, 0xfde0, 0xfcc0, 0x5960, 0x0000, 0x0000, 0x0000, 0x0000, 0x0000, 0x0000, 0x0000, 0x0000, 0x0000, 0x0000,
0x0000, 0x0000, 0x0000, 0x0000, 0x0000, 0x0841, 0x2104, 0x3166, 0x2966, 0x2925, 0x2925, 0x2104, 0x20e4, 0x10a3, 0x4921, 0xdbc0,
0x3164, 0x2966, 0x3165, 0x2945, 0x2925, 0x2125, 0x2104, 0x18a2, 0x0841, 0x0000, 0x0000, 0x1041, 0x0841, 0x1082, 0x18c3, 0x20e3,
0x2104, 0x10c4, 0x51a2, 0xf4e0, 0xfda0, 0xfd40, 0xfca0, 0x81e0, 0x0800, 0x0000, 0x0000, 0x0000, 0x0000, 0x0000, 0x0000, 0x0000,
0x0000, 0x0000, 0x0000, 0x0000, 0x0000, 0x0841, 0x18e3, 0x2966, 0x3166, 0x2945, 0x2925, 0x2104, 0x20e4, 0x18e4, 0x18c3, 0x18c3,
0x18c3, 0x18c3, 0x1082, 0x0841, 0x18c3, 0x2125, 0x2925, 0x2945, 0x2945, 0x2945, 0x2945, 0x2945, 0x2945, 0x18c3, 0x10a2, 0x20e4,
0x18c3, 0x0841, 0x0000, 0x0000, 0x0000, 0x0000, 0x0000, 0x0000, 0x0000, 0x0000, 0x0000, 0x0000, 0x0000, 0x0000, 0x0000, 0x0000,
0x0000, 0x0000, 0x0000, 0x0000, 0x0000, 0x0000, 0x0841, 0x18a3, 0x2946, 0x3186, 0x2945, 0x2945, 0x2104, 0x18e4, 0x18c3, 0x10a3,
0x28a0, 0x28c1, 0x10c3, 0x18a2, 0x10a2, 0x18c3, 0x20e4, 0x2105, 0x2925, 0x2925, 0x2945, 0x2945, 0x2946, 0x2966, 0x2966, 0x3166,
0x2966, 0x1062, 0x28a0, 0x0800, 0x0000, 0x0000, 0x0000, 0x0000, 0x0000, 0x0000, 0x0000, 0x0000, 0x0000, 0x0000, 0x0000, 0x0000,
0x0000, 0x0000, 0x0000, 0x0000, 0x0000, 0x0000, 0x0000, 0x0000, 0x0861, 0x2125, 0x3186, 0x2945, 0x2945, 0x2124, 0x20e4, 0x18c3,
0x20c1, 0x6980, 0x18c3, 0x2104, 0x18a3, 0x10a2, 0x18c3, 0x2104, 0x2925, 0x2925, 0x2945, 0x2946, 0x2966, 0x3166, 0x3166, 0x2946,
0x3166, 0x18e3, 0x2121, 0x0000, 0x3800, 0x0000, 0x0000, 0x0000, 0x0000, 0x0000, 0x0000, 0x0000, 0x0000, 0x0000, 0x0000, 0x0000,
0x0000, 0x0000, 0x0000, 0x0000, 0x0000, 0x0861, 0x2124, 0x2966, 0x2945, 0x2945, 0x2925, 0x2104, 0x20e4, 0x10c3, 0x28c1, 0x6180,
0x18e4, 0x2945, 0x2945, 0x2945, 0x2945, 0x2945, 0x2925, 0x2925, 0x2124, 0x20e4, 0x10a2, 0x0841, 0x0861, 0x0861, 0x1082, 0x18c3,
0x20e4, 0x2104, 0x2104, 0x1082, 0x1040, 0x0000, 0x0000, 0x0000, 0x0000, 0x0000, 0x0000, 0x0000, 0x0000, 0x0000, 0x0000, 0x0000,
0x0000, 0x0000, 0x0000, 0x0000, 0x0000, 0x0861, 0x2925, 0x2945, 0x2925, 0x2124, 0x2104, 0x20e4, 0x20e4, 0x18e3, 0x18c3, 0x18c3,
0x18c3, 0x10a2, 0x1061, 0x0840, 0x0840, 0x0041, 0x2104, 0x2945, 0x2945, 0x2945, 0x2945, 0x2945, 0x2925, 0x18a3, 0x1082, 0x10a2,
0x0820, 0x0000, 0x0000, 0x0000, 0x0000, 0x0000, 0x0000, 0x0000, 0x0000, 0x0000, 0x0000, 0x0000, 0x0000, 0x0000, 0x0000, 0x0000,

/* -55- */
0x0000, 0x0000, 0x0000, 0x0000, 0x0000, 0x0861, 0x2945, 0x2945, 0x2925, 0x2124, 0x2104, 0x20e4, 0x18e3, 0x20e4, 0x0863, 0x69c0,
0x9aa0, 0x10c4, 0x3166, 0x2945, 0x2945, 0x2945, 0x2925, 0x2104, 0x18a3, 0x0861, 0x0020, 0x1082, 0x18c3, 0x18a3, 0x18c3, 0x18c3,
0x18e4, 0x20e4, 0x2104, 0x18a2, 0x1040, 0x5000, 0x0000, 0x0000, 0x0000, 0x0000, 0x0000, 0x0000, 0x0000, 0x0000, 0x0000, 0x0000,
0x0000, 0x0000, 0x0000, 0x0000, 0x0000, 0x0841, 0x2125, 0x2966, 0x2945, 0x2124, 0x2124, 0x2104, 0x18e4, 0x18c3, 0x18c3, 0x18c3,
0x1061, 0x8a00, 0xbac0, 0x3122, 0x0883, 0x18c3, 0x18a3, 0x18a3, 0x1082, 0x18a2, 0x18e3, 0x2104, 0x2925, 0x2945, 0x2125, 0x3164,
0xdd20, 0xfe00, 0xfde0, 0xfd60, 0x8a00, 0x0000, 0x0000, 0x0000, 0x0000, 0x0000, 0x0000, 0x0000, 0x0000, 0x0000, 0x0000, 0x0000,
0x0000, 0x0000, 0x0000, 0x0000, 0x0000, 0x0841, 0x18a3, 0x18e3, 0x20e4, 0x20e4, 0x20e4, 0x18e4, 0x20e3, 0x0863, 0x9a80, 0xfe00,
0xb401, 0x20c4, 0x1925, 0x2925, 0x2124, 0x18e3, 0x1082, 0x0820, 0x0000, 0x0000, 0x0000, 0x0000, 0x0000, 0x0840, 0x1061, 0x20e3,
0x10a3, 0x5982, 0xf420, 0xfca0, 0xfcc0, 0xf440, 0x8a00, 0x1040, 0x0000, 0x0000, 0x0000, 0x0000, 0x0000, 0x0000, 0x0000, 0x0000,
0x0000, 0x0000, 0x0000, 0x0000, 0x0000, 0x0841, 0x20e4, 0x2104, 0x2104, 0x2104, 0x20e4, 0x20e4, 0x18e3, 0x18c3, 0x18a3, 0x10a2,
0x1062, 0x0841, 0x0020, 0x0000, 0x0841, 0x2104, 0x2945, 0x2945, 0x2946, 0x2945, 0x2945, 0x2945, 0x18e3, 0x1062, 0x18c3, 0x1082,
0x0820, 0x0000, 0x0000, 0x0000, 0x0000, 0x0000, 0x0000, 0x0000, 0x0000, 0x0000, 0x0000, 0x0000, 0x0000, 0x0000, 0x0000, 0x0000,
0x0000, 0x0000, 0x0000, 0x0000, 0x0000, 0x0861, 0x2124, 0x3166, 0x2945, 0x2925, 0x2125, 0x20e4, 0x18c3, 0x18c3, 0x18c3, 0x1082,
0x9a40, 0xaaa0, 0x18c3, 0x18e4, 0x20e3, 0x1082, 0x1082, 0x18a3, 0x20e4, 0x2104, 0x2925, 0x2945, 0x2945, 0x2945, 0x3166, 0x3166,
0x2104, 0x9381, 0xdda4, 0xb4a3, 0x4980, 0x0000, 0x7be0, 0x0000, 0x0000, 0x0000, 0x0000, 0x0000, 0x0000, 0x0000, 0x0000, 0x0000,
0x0000, 0x0000, 0x0000, 0x0000, 0x0000, 0x0000, 0x0841, 0x18c3, 0x2966, 0x3166, 0x2945, 0x2124, 0x20e4, 0x18c3, 0x18c3, 0x0883,
0x5140, 0xe3a0, 0x8242, 0x10e4, 0x2104, 0x18c3, 0x18a3, 0x1082, 0x18a3, 0x2104, 0x2925, 0x2945, 0x2945, 0x2966, 0x2966, 0x2945,
0x3186, 0x10a4, 0x0000, 0x0000, 0x0000, 0x0000, 0x0000, 0x0000, 0x0000, 0x0000, 0x0000, 0x0000, 0x0000, 0x0000, 0x0000, 0x0000,
0x0000, 0x0000, 0x0000, 0x0000, 0x0000, 0x0861, 0x1082, 0x18a3, 0x18c3, 0x18c3, 0x18c3, 0x18c3, 0x18e3, 0x1082, 0xc360, 0xfd60,
0x3962, 0x2105, 0x3165, 0x2945, 0x2945, 0x2945, 0x2925, 0x2104, 0x10a2, 0x1061, 0x0841, 0x1082, 0x18a3, 0x18a3, 0x18c3, 0x18e3,
0x20e4, 0x20e4, 0x2104, 0x1082, 0x0000, 0x0000, 0x0000, 0x0000, 0x0000, 0x0000, 0x0000, 0x0000, 0x0000, 0x0000, 0x0000, 0x0000,
0x0000, 0x0000, 0x0000, 0x0000, 0x0000, 0x0020, 0x0841, 0x0861, 0x1082, 0x1082, 0x10a2, 0x10a3, 0x10a2, 0x1082, 0x1082, 0x0861,
0x0841, 0x0000, 0x0860, 0x0000, 0x1080, 0x5160, 0x28e3, 0x18e5, 0x2966, 0x3166, 0x2945, 0x2925, 0x18c3, 0x1082, 0x1082, 0x0820,
0x0000, 0x0000, 0x0000, 0x0000, 0x0000, 0x0000, 0x0000, 0x0000, 0x0000, 0x0000, 0x0000, 0x0000, 0x0000, 0x0000, 0x0000, 0x0000,

/* -56- */
0x0000, 0x0000, 0x0000, 0x0000, 0x0000, 0x0020, 0x0841, 0x0861, 0x1082, 0x1082, 0x1082, 0x1082, 0x10a2, 0x18a2, 0x0841, 0xbb60,
0xfdc0, 0x6222, 0x10c5, 0x2145, 0x2125, 0x2104, 0x18c3, 0x1061, 0x0020, 0x0000, 0x0000, 0x0020, 0x0861, 0x18a3, 0x18c3, 0x18e3,
0x20e4, 0x2104, 0x2104, 0x0862, 0x0000, 0x0000, 0x0000, 0x0000, 0x0000, 0x0000, 0x0000, 0x0000, 0x0000, 0x0000, 0x0000, 0x0000,
0x0000, 0x0000, 0x0000, 0x0000, 0x0000, 0x0821, 0x1061, 0x1082, 0x10a2, 0x18a2, 0x10a3, 0x10a2, 0x10a2, 0x1082, 0x1082, 0x0862,
0x28a0, 0xd360, 0xf400, 0xdb80, 0x69c1, 0x20c2, 0x18a2, 0x1061, 0x0860, 0x1040, 0x0840, 0x1062, 0x20e3, 0x2105, 0x2903, 0xcc81,
0xfe40, 0xf5a0, 0xfd20, 0xaaa0, 0x1040, 0x0000, 0x7800, 0x0000, 0x0000, 0x0000, 0x0000, 0x0000, 0x0000, 0x0000, 0x0000, 0x0000,
0x0000, 0x0000, 0x0000, 0x0000, 0x0000, 0x0000, 0x0000, 0x0020, 0x0840, 0x0841, 0x0861, 0x1061, 0x1082, 0x0021, 0x92a0, 0xfde0,
0xfe61, 0xcc60, 0x5982, 0x2903, 0x18c2, 0x0860, 0x1000, 0x0000, 0x0000, 0x0000, 0x0000, 0x0000, 0x0000, 0x0000, 0x2080, 0x0841,
0x61a1, 0xf3e0, 0xf420, 0xf400, 0xdb80, 0x69a0, 0x0820, 0x0000, 0x0000, 0x0000, 0x0000, 0x0000, 0x0000, 0x0000, 0x0000, 0x0000,
0x0000, 0x0000, 0x0000, 0x0000, 0x0000, 0x0000, 0x0000, 0x0840, 0x0861, 0x0861, 0x0861, 0x0861, 0x0861, 0x0841, 0x0020, 0x0000,
0x0000, 0x0000, 0x0000, 0x0000, 0x0820, 0x18e4, 0x2945, 0x3165, 0x3166, 0x2965, 0x2925, 0x2104, 0x0861, 0x0862, 0x1082, 0x0020,
0x0000, 0x0000, 0x0000, 0x0000, 0x0000, 0x0000, 0x0000, 0x0000, 0x0000, 0x0000, 0x0000, 0x0000, 0x0000, 0x0000, 0x0000, 0x0000,
0x0000, 0x0000, 0x0000, 0x0000, 0x0000, 0x0841, 0x1082, 0x10a2, 0x18a3, 0x18a3, 0x18c3, 0x18c3, 0x18c3, 0x18a2, 0x1082, 0x1881,
0xc320, 0xfc40, 0xbb20, 0x28e2, 0x0883, 0x10a2, 0x1061, 0x0820, 0x1061, 0x10a2, 0x2104, 0x2925, 0x2945, 0x3165, 0x2946, 0x2945,
0xbca1, 0xfec4, 0xfee8, 0xfe82, 0x8280, 0x0000, 0x0000, 0x0000, 0x0000, 0x0000, 0x0000, 0x0000, 0x0000, 0x0000, 0x0000, 0x0000,
0x0000, 0x0000, 0x0000, 0x0000, 0x0000, 0x0000, 0x0861, 0x2104, 0x2104, 0x20e4, 0x18e3, 0x18c3, 0x18c3, 0x18c3, 0x18c3, 0x0862,
0x69a0, 0xf400, 0xf420, 0x69c1, 0x1083, 0x18c3, 0x1082, 0x0861, 0x0820, 0x0861, 0x18e4, 0x2925, 0x2945, 0x3166, 0x3186, 0x3166,
0x18e5, 0x5201, 0x9ba2, 0x72a2, 0x1860, 0x0000, 0x7800, 0x0000, 0x0000, 0x0000, 0x0000, 0x0000, 0x0000, 0x0000, 0x0000, 0x0000,
0x0000, 0x0000, 0x0000, 0x0000, 0x0000, 0x0000, 0x0000, 0x0000, 0x0840, 0x0820, 0x0841, 0x0841, 0x0841, 0x2880, 0xe4a0, 0xfe40,
0xdd00, 0x3963, 0x1905, 0x2945, 0x2124, 0x2104, 0x10a2, 0x0841, 0x0000, 0x0000, 0x39e7, 0x0841, 0x1082, 0x18c3, 0x18c3, 0x20e3,
0x2104, 0x20e4, 0x08a4, 0x20a1, 0x30a0, 0x0000, 0x0000, 0x0000, 0x0000, 0x0000, 0x0000, 0x0000, 0x0000, 0x0000, 0x0000, 0x0000,
0x0000, 0x0000, 0x0000, 0x0000, 0x0000, 0x0000, 0x0000, 0x0000, 0x0000, 0x0000, 0x0000, 0x0000, 0x0000, 0x0000, 0x0000, 0x0000,
0x0000, 0x0000, 0xffe0, 0x0000, 0x4940, 0xf4a0, 0xd460, 0x7aa1, 0x3144, 0x18c4, 0x0883, 0x1082, 0x0841, 0x0861, 0x0840, 0x0000,
0x0000, 0x0000, 0x0000, 0x0000, 0x0000, 0x0000, 0x0000, 0x0000, 0x0000, 0x0000, 0x0000, 0x0000, 0x0000, 0x0000, 0x0000, 0x0000,

/* -57- */
0x0000, 0x0000, 0x0000, 0x0000, 0x0000, 0x0000, 0x0000, 0x0000, 0x0000, 0x0000, 0x0020, 0x0000, 0x0000, 0x1080, 0x0000, 0xab40,
0xfe40, 0xf580, 0x92e1, 0x30e2, 0x18a2, 0x1081, 0x0840, 0x0000, 0x0000, 0x0000, 0x0000, 0x0000, 0x0000, 0x1082, 0x10c3, 0x10a3,
0x10a4, 0x08a4, 0x18a3, 0x61a1, 0x61c0, 0x0800, 0x0000, 0x0000, 0x0000, 0x0000, 0x0000, 0x0000, 0x0000, 0x0000, 0x0000, 0x0000,
0x0000, 0x0000, 0x0000, 0x0000, 0x0000, 0x0000, 0x0000, 0x0000, 0x0000, 0x0000, 0x0020, 0x0020, 0x0000, 0x0000, 0x0820, 0x0000,
0x1040, 0xaac0, 0xf420, 0xec00, 0xebc0, 0xb2c0, 0x4920, 0x0000, 0x0000, 0x0000, 0x0000, 0x0000, 0x0840, 0x1061, 0xbb20, 0xfdc0,
0xfd60, 0xfc80, 0x9a60, 0x1860, 0x0000, 0x5000, 0x0000, 0x0000, 0x0000, 0x0000, 0x0000, 0x0000, 0x0000, 0x0000, 0x0000, 0x0000,
0x0000, 0x0000, 0x0000, 0x0000, 0x0000, 0x0000, 0x0000, 0x0000, 0x0000, 0x0000, 0x0000, 0x0000, 0x0000, 0x0000, 0x5960, 0xfd60,
0xfe00, 0xfe40, 0xfd40, 0xbae0, 0x28c0, 0x0000, 0x0000, 0x0000, 0x0000, 0x0000, 0x0000, 0x0000, 0x0000, 0x0000, 0x0000, 0x0000,
0x71c0, 0xfc00, 0xebc0, 0xbae0, 0x5140, 0x0000, 0x0000, 0x7800, 0x0000, 0x0000, 0x0000, 0x0000, 0x0000, 0x0000, 0x0000, 0x0000,
0x0000, 0x0000, 0x0000, 0x0000, 0x0000, 0x0000, 0x0000, 0x0000, 0x0000, 0x0000, 0x0000, 0x0000, 0x0000, 0x0000, 0x0000, 0x0000,
0x0000, 0x0000, 0x0000, 0x0000, 0x0840, 0x20a1, 0x20e4, 0x18c5, 0x18e5, 0x20e5, 0x2903, 0x30c0, 0x8a00, 0x9a40, 0x2060, 0x0000,
0x7800, 0x0000, 0x0000, 0x0000, 0x0000, 0x0000, 0x0000, 0x0000, 0x0000, 0x0000, 0x0000, 0x0000, 0x0000, 0x0000, 0x0000, 0x0000,
0x0000, 0x0000, 0x0000, 0x0000, 0x0000, 0x0000, 0x0000, 0x0000, 0x0000, 0x0020, 0x0020, 0x0820, 0x0840, 0x0840, 0x1060, 0x0820,
0xa280, 0xfc40, 0xf420, 0xcb40, 0x71c0, 0x2080, 0x0820, 0x0000, 0x0000, 0x0000, 0x1061, 0x18c3, 0x2124, 0x18e5, 0x3984, 0xc4c1,
0xfe40, 0xf5c0, 0xfdc0, 0xe400, 0x40e0, 0x0000, 0xffe0, 0x0000, 0x0000, 0x0000, 0x0000, 0x0000, 0x0000, 0x0000, 0x0000, 0x0000,
0x0000, 0x0000, 0x0000, 0x0000, 0x0000, 0x0000, 0x0000, 0x0020, 0x0841, 0x0841, 0x0841, 0x0841, 0x0861, 0x1061, 0x1881, 0x0021,
0x5960, 0xebe0, 0xebe0, 0xcb40, 0x6160, 0x1880, 0x0840, 0x0000, 0x0000, 0x0000, 0x1081, 0x20e4, 0x2945, 0x2946, 0x2106, 0x3145,
0x9b82, 0xfe21, 0xfea6, 0xfec4, 0x9300, 0x0001, 0x0000, 0x0000, 0x0000, 0x0000, 0x0000, 0x0000, 0x0000, 0x0000, 0x0000, 0x0000,
0x0000, 0x0000, 0x0000, 0x0000, 0x0000, 0x0000, 0x0000, 0x0000, 0x0000, 0x0000, 0x0000, 0x0000, 0x0000, 0x2060, 0xd420, 0xfe20,
0xfe20, 0xe500, 0x61c2, 0x20c3, 0x1082, 0x0841, 0x0000, 0x0000, 0x0000, 0x0000, 0x0000, 0x0000, 0x0820, 0x18a2, 0x18e4, 0x18c4,
0x10c4, 0x20e4, 0x61c1, 0xd380, 0xe440, 0x92e0, 0x2080, 0x0000, 0x0000, 0x0000, 0x0000, 0x0000, 0x0000, 0x0000, 0x0000, 0x0000,
0x0000, 0x0000, 0x0000, 0x0000, 0x0000, 0x0000, 0x0000, 0x0000, 0x0000, 0x0000, 0x0000, 0x0000, 0x0000, 0x0000, 0x0000, 0x0000,
0x0000, 0x0000, 0x79e0, 0x0000, 0x4920, 0xf4a0, 0xfe20, 0xfe20, 0xed60, 0xbbc0, 0x9261, 0x5920, 0x9200, 0x4900, 0x0000, 0x7800,
0x0000, 0x0000, 0x0000, 0x0000, 0x0000, 0x0000, 0x0000, 0x0000, 0x0000, 0x0000, 0x0000, 0x0000, 0x0000, 0x0000, 0x0000, 0x0000,

/* -58- */
0x0000, 0x0000, 0x0000, 0x0000, 0x0000, 0x0000, 0x0000, 0x0000, 0x0000, 0x0000, 0x0000, 0x0000, 0x0000, 0x0000, 0x0000, 0x71e0,
0xfde0, 0xfe20, 0xfe00, 0xf500, 0xc340, 0x30c0, 0x0000, 0xffe0, 0x0000, 0x0000, 0x0000, 0x0000, 0x0000, 0x0840, 0x30e1, 0x4142,
0x59c2, 0x8a61, 0xcb60, 0xfc80, 0xfd60, 0xb380, 0x1860, 0x0000, 0x5000, 0x0000, 0x0000, 0x0000, 0x0000, 0x0000, 0x0000, 0x0000,
0x0000, 0x0000, 0x0000, 0x0000, 0x0000, 0x0000, 0x0000, 0x0000, 0x0000, 0x0000, 0x0000, 0x0000, 0x0000, 0x0000, 0x0000, 0x0000,
0x0000, 0x4920, 0xe3a0, 0xec00, 0xe3c0, 0xe3c0, 0x71c0, 0x0000, 0xaaa0, 0x0000, 0x0000, 0x0000, 0x0000, 0x1840, 0x9260, 0xfc60,
0xec00, 0x8a20, 0x1040, 0x0000, 0x52a0, 0x0000, 0x0000, 0x0000, 0x0000, 0x0000, 0x0000, 0x0000, 0x0000, 0x0000, 0x0000, 0x0000,
0x0000, 0x0000, 0x0000, 0x0000, 0x0000, 0x0000, 0x0000, 0x0000, 0x0000, 0x0000, 0x0000, 0x0000, 0x0000, 0x0000, 0x1020, 0xbb60,
0xfe20, 0xf601, 0xfe41, 0xed00, 0x5160, 0x0000, 0xaaa0, 0x0000, 0x0000, 0x0000, 0x0000, 0x0000, 0x0000, 0x0000, 0x3800, 0x7be0,
0x1860, 0x8200, 0x8a20, 0x38e0, 0x0000, 0x0000, 0x3800, 0x0000, 0x0000, 0x0000, 0x0000, 0x0000, 0x0000, 0x0000, 0x0000, 0x0000,
0x0000, 0x0000, 0x0000, 0x0000, 0x0000, 0x0000, 0x0000, 0x0000, 0x0000, 0x0000, 0x0000, 0x0000, 0x0000, 0x0000, 0x0000, 0x0000,
0x0000, 0x0000, 0x0000, 0x0000, 0x0820, 0xb320, 0xcc00, 0xa3a1, 0xa3c1, 0xc481, 0xe541, 0xe5a3, 0x8ac1, 0xe3c0, 0x9ac0, 0x0000,
0x0000, 0x0000, 0x0000, 0x0000, 0x0000, 0x0000, 0x0000, 0x0000, 0x0000, 0x0000, 0x0000, 0x0000, 0x0000, 0x0000, 0x0000, 0x0000,
0x0000, 0x0000, 0x0000, 0x0000, 0x0000, 0x0000, 0x0000, 0x0000, 0x0000, 0x0000, 0x0000, 0x0000, 0x0000, 0x0000, 0x0000, 0x0000,
0x4920, 0xf400, 0xec00, 0xec00, 0xdb60, 0x4900, 0x0000, 0x3180, 0x0000, 0x0000, 0x0000, 0x0840, 0x18a2, 0x7221, 0xed40, 0xfe40,
0xfe00, 0xfdc0, 0xe400, 0x5940, 0x0000, 0x0000, 0x0000, 0x0000, 0x0000, 0x0000, 0x0000, 0x0000, 0x0000, 0x0000, 0x0000, 0x0000,
0x0000, 0x0000, 0x0000, 0x0000, 0x0000, 0x0000, 0x0000, 0x0000, 0x0000, 0x0000, 0x0000, 0x0000, 0x0000, 0x0000, 0x0000, 0x0000,
0x2060, 0xcb40, 0xf400, 0xe3e0, 0xcb20, 0x4100, 0x0000, 0x6180, 0x0000, 0x0000, 0x0000, 0x1061, 0x18e3, 0x2924, 0x7aa3, 0xdd21,
0xfe60, 0xfde0, 0xfe00, 0xfd60, 0x8a40, 0x0000, 0x0000, 0x0000, 0x0000, 0x0000, 0x0000, 0x0000, 0x0000, 0x0000, 0x0000, 0x0000,
0x0000, 0x0000, 0x0000, 0x0000, 0x0000, 0x0000, 0x0000, 0x0000, 0x0000, 0x0000, 0x0000, 0x0000, 0x79e0, 0x0000, 0x71c0, 0xfd80,
0xf5e0, 0xfe01, 0xfd60, 0x8a40, 0x0000, 0x0000, 0x0000, 0x0000, 0x0000, 0x0000, 0x0000, 0x0000, 0x0000, 0x0841, 0x20c2, 0x3922,
0x69e2, 0xc340, 0xfc60, 0xfca0, 0xfd20, 0xfca0, 0x5980, 0x0000, 0xffe0, 0x0000, 0x0000, 0x0000, 0x0000, 0x0000, 0x0000, 0x0000,
0x0000, 0x0000, 0x0000, 0x0000, 0x0000, 0x0000, 0x0000, 0x0000, 0x0000, 0x0000, 0x0000, 0x0000, 0x0000, 0x0000, 0x0000, 0x0000,
0x0000, 0x0000, 0x0000, 0xf800, 0x0000, 0x7a00, 0xfce0, 0xfe00, 0xfe00, 0xfe20, 0xfe20, 0xa320, 0xbae0, 0xe3e0, 0x30e0, 0x0000,
0x52a0, 0x0000, 0x0000, 0x0000, 0x0000, 0x0000, 0x0000, 0x0000, 0x0000, 0x0000, 0x0000, 0x0000, 0x0000, 0x0000, 0x0000, 0x0000,

/* -59- */
0x0000, 0x0000, 0x0000, 0x0000, 0x0000, 0x0000, 0x0000, 0x0000, 0x0000, 0x0000, 0x0000, 0x0000, 0x0000, 0x2800, 0x0000, 0x1860,
0xd400, 0xfe81, 0xfe21, 0xfe21, 0xfda1, 0x5960, 0x0000, 0xbbe0, 0x0000, 0x0000, 0x0000, 0x0000, 0x0000, 0x0840, 0xaaa0, 0xf3e0,
0xf420, 0xfc80, 0xfc80, 0xfc80, 0xfce0, 0xfca0, 0x4920, 0x0000, 0xfbe0, 0x0000, 0x0000, 0x0000, 0x0000, 0x0000, 0x0000, 0x0000,
0x0000, 0x0000, 0x0000, 0x0000, 0x0000, 0x0000, 0x0000, 0x0000, 0x0000, 0x0000, 0x0000, 0x0000, 0x0000, 0x0000, 0x0000, 0x0000,
0x0000, 0x0000, 0x8200, 0xfc20, 0xfc60, 0xfc60, 0xb2e0, 0x0000, 0x0000, 0x0000, 0x0000, 0x0000, 0x0000, 0x0000, 0x0840, 0x5960,
0x5120, 0x0840, 0x0000, 0x7be0, 0x0000, 0x0000, 0x0000, 0x0000, 0x0000, 0x0000, 0x0000, 0x0000, 0x0000, 0x0000, 0x0000, 0x0000,
0x0000, 0x0000, 0x0000, 0x0000, 0x0000, 0x0000, 0x0000, 0x0000, 0x0000, 0x0000, 0x0000, 0x0000, 0x0000, 0xaaa0, 0x0000, 0x40e0,
0xec60, 0xfe41, 0xfe23, 0xfe40, 0x8aa0, 0x0000, 0x0000, 0x0000, 0x0000, 0x0000, 0x0000, 0x0000, 0x0000, 0x0000, 0x0000, 0x0000,
0x0000, 0x0000, 0x0000, 0x0000, 0x0000, 0x0000, 0x0000, 0x0000, 0x0000, 0x0000, 0x0000, 0x0000, 0x0000, 0x0000, 0x0000, 0x0000,
0x0000, 0x0000, 0x0000, 0x0000, 0x0000, 0x0000, 0x0000, 0x0000, 0x0000, 0x0000, 0x0000, 0x0000, 0x0000, 0x0000, 0x0000, 0x0000,
0x0000, 0x0000, 0x5000, 0x0000, 0x0840, 0xcb80, 0xfdc0, 0xfe20, 0xfe60, 0xfe40, 0xfe62, 0xfec3, 0xdd22, 0xa280, 0xd380, 0x0800,
0x0000, 0x3800, 0x0000, 0x0000, 0x0000, 0x0000, 0x0000, 0x0000, 0x0000, 0x0000, 0x0000, 0x0000, 0x0000, 0x0000, 0x0000, 0x0000,
0x0000, 0x0000, 0x0000, 0x0000, 0x0000, 0x0000, 0x0000, 0x0000, 0x0000, 0x0000, 0x0000, 0x0000, 0x0000, 0x0000, 0x0000, 0x0000,
0x0800, 0x9240, 0xfc40, 0xfc60, 0xebc0, 0x4100, 0x0000, 0xfbe0, 0x0000, 0x0000, 0xaaa0, 0x0000, 0x40e0, 0xfc80, 0xfda0, 0xfd80,
0xfd00, 0xaae0, 0x38a0, 0x0020, 0x0000, 0x0000, 0x0000, 0x0000, 0x0000, 0x0000, 0x0000, 0x0000, 0x0000, 0x0000, 0x0000, 0x0000,
0x0000, 0x0000, 0x0000, 0x0000, 0x0000, 0x0000, 0x0000, 0x0000, 0x0000, 0x0000, 0x0000, 0x0000, 0x0000, 0x0000, 0x0000, 0x79e0,
0x0000, 0x69c0, 0xf420, 0xfc20, 0xd360, 0x28a0, 0x0000, 0x39e0, 0x0000, 0x0000, 0x3800, 0x0000, 0x1840, 0xcb80, 0xfde0, 0xfe20,
0xfdc0, 0xfd60, 0xec60, 0x8a20, 0x1840, 0x0000, 0x7800, 0x0000, 0x0000, 0x0000, 0x0000, 0x0000, 0x0000, 0x0000, 0x0000, 0x0000,
0x0000, 0x0000, 0x0000, 0x0000, 0x0000, 0x0000, 0x0000, 0x0000, 0x0000, 0x0000, 0x0000, 0x0000, 0x5000, 0x0000, 0x1020, 0xb320,
0xfde0, 0xf621, 0xfe60, 0xd480, 0x1000, 0x02a0, 0x2800, 0x0000, 0x0000, 0x0000, 0x0000, 0x0000, 0xffe0, 0x0000, 0x79e0, 0xe3a0,
0xf3e0, 0xf420, 0xf420, 0xf440, 0xec00, 0xa280, 0x28a0, 0x0000, 0x52a0, 0x0000, 0x0000, 0x0000, 0x0000, 0x0000, 0x0000, 0x0000,
0x0000, 0x0000, 0x0000, 0x0000, 0x0000, 0x0000, 0x0000, 0x0000, 0x0000, 0x0000, 0x0000, 0x0000, 0x0000, 0x0000, 0x0000, 0x0000,
0x0000, 0x0000, 0x0000, 0x0000, 0x0000, 0x0000, 0x8200, 0xf4c0, 0xfe21, 0xfe63, 0xfe41, 0xdd00, 0x8a40, 0xfc60, 0x5960, 0x0000,
0xffe0, 0x0000, 0x0000, 0x0000, 0x0000, 0x0000, 0x0000, 0x0000, 0x0000, 0x0000, 0x0000, 0x0000, 0x0000, 0x0000, 0x0000, 0x0000,

/* -60- */
0x0000, 0x0000, 0x0000, 0x0000, 0x0000, 0x0000, 0x0000, 0x0000, 0x0000, 0x0000, 0x0000, 0x0000, 0x0000, 0x0000, 0x7be0, 0x0000,
0x38e0, 0xc3c0, 0xf4e0, 0xf4a0, 0xbb80, 0x2080, 0x0000, 0x39e0, 0x0000, 0x0000, 0x0000, 0x0000, 0x0000, 0x0000, 0x6180, 0xd360,
0xd3a0, 0xdba0, 0xe3a0, 0xd360, 0xbae0, 0x71a0, 0x1860, 0x0000, 0x0000, 0x0000, 0x0000, 0x0000, 0x0000, 0x0000, 0x0000, 0x0000,
0x0000, 0x0000, 0x0000, 0x0000, 0x0000, 0x0000, 0x0000, 0x0000, 0x0000, 0x0000, 0x0000, 0x0000, 0x0000, 0x0000, 0x0000, 0x0000,
0x5000, 0x0000, 0x1040, 0x8a40, 0xd380, 0xd380, 0x71c0, 0x0000, 0x0000, 0x0000, 0x0000, 0x0000, 0x0000, 0x0000, 0x0000, 0x0000,
0x0000, 0x0000, 0x0000, 0x0000, 0x0000, 0x0000, 0x0000, 0x0000, 0x0000, 0x0000, 0x0000, 0x0000, 0x0000, 0x0000, 0x0000, 0x0000,
0x0000, 0x0000, 0x0000, 0x0000, 0x0000, 0x0000, 0x0000, 0x0000, 0x0000, 0x0000, 0x0000, 0x0000, 0x0000, 0x0000, 0xffe0, 0x0000,
0x5940, 0xd3c0, 0xec20, 0xe400, 0x5980, 0x0000, 0xffe0, 0x0000, 0x0000, 0x0000, 0x0000, 0x0000, 0x0000, 0x0000, 0x0000, 0x0000,
0x0000, 0x0000, 0x0000, 0x0000, 0x0000, 0x0000, 0x0000, 0x0000, 0x0000, 0x0000, 0x0000, 0x0000, 0x0000, 0x0000, 0x0000, 0x0000,
0x0000, 0x0000, 0x0000, 0x0000, 0x0000, 0x0000, 0x0000, 0x0000, 0x0000, 0x0000, 0x0000, 0x0000, 0x0000, 0x0000, 0x0000, 0x0000,
0x0000, 0x0000, 0x0000, 0xffe0, 0x0000, 0x4920, 0xb300, 0xe440, 0xf4e0, 0xfd20, 0xfd20, 0xfcc0, 0x9ac0, 0x5940, 0x5140, 0x0800,
0xf800, 0x0000, 0x0000, 0x0000, 0x0000, 0x0000, 0x0000, 0x0000, 0x0000, 0x0000, 0x0000, 0x0000, 0x0000, 0x0000, 0x0000, 0x0000,
0x0000, 0x0000, 0x0000, 0x0000, 0x0000, 0x0000, 0x0000, 0x0000, 0x0000, 0x0000, 0x0000, 0x0000, 0x0000, 0x0000, 0x0000, 0x5000,
0x0000, 0x1860, 0x8a20, 0xcb40, 0x7a00, 0x0820, 0x0000, 0x0000, 0x0000, 0x0000, 0x3800, 0xf800, 0x1860, 0xaac0, 0xfc60, 0xcb80,
0x69a0, 0x0820, 0x0000, 0x0000, 0x0000, 0x0000, 0x0000, 0x0000, 0x0000, 0x0000, 0x0000, 0x0000, 0x0000, 0x0000, 0x0000, 0x0000,
0x0000, 0x0000, 0x0000, 0x0000, 0x0000, 0x0000, 0x0000, 0x0000, 0x0000, 0x0000, 0x0000, 0x0000, 0x0000, 0x0000, 0x0000, 0x0000,
0x0000, 0x0820, 0x61a0, 0x8a40, 0x4100, 0x0000, 0xf800, 0x0000, 0x0000, 0x0000, 0x0000, 0xf800, 0x0820, 0xa2a0, 0xfc60, 0xe420,
0xc360, 0x8200, 0x38c0, 0x0000, 0x0000, 0x0000, 0x0000, 0x0000, 0x0000, 0x0000, 0x0000, 0x0000, 0x0000, 0x0000, 0x0000, 0x0000,
0x0000, 0x0000, 0x0000, 0x0000, 0x0000, 0x0000, 0x0000, 0x0000, 0x0000, 0x0000, 0x0000, 0x0000, 0x0000, 0x5000, 0x0000, 0x2880,
0xb300, 0xfcc0, 0xfd00, 0xa300, 0x0800, 0x0000, 0x0000, 0x0000, 0x0000, 0x0000, 0x0000, 0x0000, 0xffe0, 0x0000, 0x4920, 0xcb20,
0xd360, 0xd360, 0xbb00, 0x8a20, 0x5960, 0x1860, 0x0000, 0x0000, 0x0000, 0x0000, 0x0000, 0x0000, 0x0000, 0x0000, 0x0000, 0x0000,
0x0000, 0x0000, 0x0000, 0x0000, 0x0000, 0x0000, 0x0000, 0x0000, 0x0000, 0x0000, 0x0000, 0x0000, 0x0000, 0x0000, 0x0000, 0x0000,
0x0000, 0x0000, 0x0000, 0x0000, 0x0000, 0x0000, 0x0000, 0x4900, 0xc360, 0xf4a0, 0xfd20, 0xa2e0, 0x6180, 0x69c0, 0x1040, 0x0000,
0x0000, 0x0000, 0x0000, 0x0000, 0x0000, 0x0000, 0x0000, 0x0000, 0x0000, 0x0000, 0x0000, 0x0000, 0x0000, 0x0000, 0x0000, 0x0000,

/* -61- */
0x0000, 0x0000, 0x0000, 0x0000, 0x0000, 0x0000, 0x0000, 0x0000, 0x0000, 0x0000, 0x0000, 0x0000, 0x0000, 0x0000, 0x0000, 0x0000,
0x0000, 0x1840, 0x5140, 0x5940, 0x2880, 0x0000, 0x0000, 0x0000, 0x0000, 0x0000, 0x0000, 0x0000, 0x0000, 0x0000, 0x0840, 0x38e0,
0x5140, 0x5140, 0x4920, 0x30c0, 0x1840, 0x0000, 0x0000, 0x0000, 0x0000, 0x0000, 0x0000, 0x0000, 0x0000, 0x0000, 0x0000, 0x0000,
0x0000, 0x0000, 0x0000, 0x0000, 0x0000, 0x0000, 0x0000, 0x0000, 0x0000, 0x0000, 0x0000, 0x0000, 0x0000, 0x0000, 0x0000, 0x0000,
0x0000, 0x0000, 0x0000, 0x0800, 0x4100, 0x4920, 0x1840, 0x0000, 0x0000, 0x0000, 0x0000, 0x0000, 0x0000, 0x0000, 0x5000, 0xffe0,
0x0000, 0x0000, 0x0000, 0x0000, 0x0000, 0x0000, 0x0000, 0x0000, 0x0000, 0x0000, 0x0000, 0x0000, 0x0000, 0x0000, 0x0000, 0x0000,
0x0000, 0x0000, 0x0000, 0x0000, 0x0000, 0x0000, 0x0000, 0x0000, 0x0000, 0x0000, 0x0000, 0x0000, 0x0000, 0x0000, 0x0000, 0x0000,
0x0000, 0x2080, 0x5940, 0x40e0, 0x0000, 0x0000, 0x0000, 0x0000, 0x0000, 0x0000, 0x0000, 0x0000, 0x0000, 0x0000, 0x0000, 0x0000,
0x0000, 0x0000, 0x0000, 0x0000, 0x0000, 0x0000, 0x0000, 0x0000, 0x0000, 0x0000, 0x0000, 0x0000, 0x0000, 0x0000, 0x0000, 0x0000,
0x0000, 0x0000, 0x0000, 0x0000, 0x0000, 0x0000, 0x0000, 0x0000, 0x0000, 0x0000, 0x0000, 0x0000, 0x0000, 0x0000, 0x0000, 0x0000,
0x0000, 0x0000, 0x0000, 0x0000, 0x0000, 0x0000, 0x0840, 0x4100, 0x5140, 0x6180, 0x6980, 0x5940, 0x2880, 0x1060, 0x0000, 0x0000,
0x0000, 0x0000, 0x0000, 0x0000, 0x0000, 0x0000, 0x0000, 0x0000, 0x0000, 0x0000, 0x0000, 0x0000, 0x0000, 0x0000, 0x0000, 0x0000,
0x0000, 0x0000, 0x0000, 0x0000, 0x0000, 0x0000, 0x0000, 0x0000, 0x0000, 0x0000, 0x0000, 0x0000, 0x0000, 0x0000, 0x0000, 0x0000,
0xf800, 0x0000, 0x0000, 0x2880, 0x0820, 0x0000, 0x0000, 0x0000, 0x0000, 0x0000, 0x0000, 0x7800, 0x0000, 0x2080, 0x5960, 0x28a0,
0x0000, 0x0000, 0xffe0, 0x0000, 0x0000, 0x0000, 0x0000, 0x0000, 0x0000, 0x0000, 0x0000, 0x0000, 0x0000, 0x0000, 0x0000, 0x0000,
0x0000, 0x0000, 0x0000, 0x0000, 0x0000, 0x0000, 0x0000, 0x0000, 0x0000, 0x0000, 0x0000, 0x0000, 0x0000, 0x0000, 0x0000, 0x0000,
0x0000, 0x0000, 0x0000, 0x0000, 0x0000, 0x0000, 0x0000, 0x0000, 0x0000, 0x0000, 0x0000, 0x0000, 0x0000, 0x1880, 0x5960, 0x4900,
0x1840, 0x0000, 0x0000, 0x0000, 0x7800, 0x0000, 0x0000, 0x0000, 0x0000, 0x0000, 0x0000, 0x0000, 0x0000, 0x0000, 0x0000, 0x0000,
0x0000, 0x0000, 0x0000, 0x0000, 0x0000, 0x0000, 0x0000, 0x0000, 0x0000, 0x0000, 0x0000, 0x0000, 0x0000, 0x0000, 0x7be0, 0x0000,
0x1860, 0x5940, 0x6160, 0x28a0, 0x39e0, 0x7800, 0x0000, 0x0000, 0x0000, 0x0000, 0x0000, 0x0000, 0x0000, 0x0000, 0x0000, 0x38e0,
0x5140, 0x4100, 0x28a0, 0x0820, 0x0000, 0x0000, 0x0000, 0x0000, 0x0000, 0x0000, 0x0000, 0x0000, 0x0000, 0x0000, 0x0000, 0x0000,
0x0000, 0x0000, 0x0000, 0x0000, 0x0000, 0x0000, 0x0000, 0x0000, 0x0000, 0x0000, 0x0000, 0x0000, 0x0000, 0x0000, 0x0000, 0x0000,
0x0000, 0x0000, 0x0000, 0x0000, 0x0000, 0x0000, 0x0000, 0x0000, 0x1840, 0x5120, 0x6140, 0x30a0, 0x1880, 0x0000, 0x0000, 0x0000,
0x0000, 0x0000, 0x0000, 0x0000, 0x0000, 0x0000, 0x0000, 0x0000, 0x0000, 0x0000, 0x0000, 0x0000, 0x0000, 0x0000, 0x0000, 0x0000,

/* -62- */
0x0000, 0x0000, 0x0000, 0x0000, 0x0000, 0x0000, 0x0000, 0x0000, 0x0000, 0x0000, 0x0000, 0x0000, 0x0000, 0x0000, 0x0000, 0x0000,
0x0000, 0x0000, 0x0000, 0x0000, 0x0000, 0x0000, 0x0000, 0x0000, 0x0000, 0x0000, 0x0000, 0x0000, 0x0000, 0x0000, 0x0000, 0x0000,
0x0000, 0x0000, 0x0000, 0x0000, 0x0000, 0x0000, 0x0000, 0x0000, 0x0000, 0x0000, 0x0000, 0x0000, 0x0000, 0x0000, 0x0000, 0x0000,
0x0000, 0x0000, 0x0000, 0x0000, 0x0000, 0x0000, 0x0000, 0x0000, 0x0000, 0x0000, 0x0000, 0x0000, 0x0000, 0x0000, 0x0000, 0x0000,
0x0000, 0x0000, 0x0000, 0x0000, 0x0000, 0x0000, 0x0000, 0x0000, 0x0000, 0x0000, 0x0000, 0x0000, 0x0000, 0x0000, 0x0000, 0x0000,
0x0000, 0x0000, 0x0000, 0x0000, 0x0000, 0x0000, 0x0000, 0x0000, 0x0000, 0x0000, 0x0000, 0x0000, 0x0000, 0x0000, 0x0000, 0x0000,
0x0000, 0x0000, 0x0000, 0x0000, 0x0000, 0x0000, 0x0000, 0x0000, 0x0000, 0x0000, 0x0000, 0x0000, 0x0000, 0x0000, 0x0000, 0x0000,
0x0000, 0x0000, 0x0000, 0x0000, 0x0000, 0x0000, 0x0000, 0x0000, 0x0000, 0x0000, 0x0000, 0x0000, 0x0000, 0x0000, 0x0000, 0x0000,
0x0000, 0x0000, 0x0000, 0x0000, 0x0000, 0x0000, 0x0000, 0x0000, 0x0000, 0x0000, 0x0000, 0x0000, 0x0000, 0x0000, 0x0000, 0x0000,
0x0000, 0x0000, 0x0000, 0x0000, 0x0000, 0x0000, 0x0000, 0x0000, 0x0000, 0x0000, 0x0000, 0x0000, 0x0000, 0x0000, 0x0000, 0x0000,
0x0000, 0x0000, 0x0000, 0x0000, 0x0000, 0x0000, 0x0000, 0x0000, 0x0000, 0x0000, 0x0000, 0x0000, 0x0000, 0x0000, 0x0000, 0x0000,
0x0000, 0x0000, 0x0000, 0x0000, 0x0000, 0x0000, 0x0000, 0x0000, 0x0000, 0x0000, 0x0000, 0x0000, 0x0000, 0x0000, 0x0000, 0x0000,
0x0000, 0x0000, 0x0000, 0x0000, 0x0000, 0x0000, 0x0000, 0x0000, 0x0000, 0x0000, 0x0000, 0x0000, 0x0000, 0x0000, 0x0000, 0x0000,
0x0000, 0x0000, 0x0000, 0x0000, 0x0000, 0x0000, 0x0000, 0x0000, 0x0000, 0x0000, 0x0000, 0x0000, 0x0000, 0x0000, 0x0000, 0x0000,
0x0000, 0x0000, 0x0000, 0x0000, 0x0000, 0x0000, 0x0000, 0x0000, 0x0000, 0x0000, 0x0000, 0x0000, 0x0000, 0x0000, 0x0000, 0x0000,
0x0000, 0x0000, 0x0000, 0x0000, 0x0000, 0x0000, 0x0000, 0x0000, 0x0000, 0x0000, 0x0000, 0x0000, 0x0000, 0x0000, 0x0000, 0x0000,
0x0000, 0x0000, 0x0000, 0x0000, 0x0000, 0x0000, 0x0000, 0x0000, 0x0000, 0x0000, 0x0000, 0x0000, 0x0000, 0x0000, 0x0000, 0x0000,
0x0000, 0x0000, 0x0000, 0x0000, 0x0000, 0x0000, 0x0000, 0x0000, 0x0000, 0x0000, 0x0000, 0x0000, 0x0000, 0x0000, 0x0000, 0x0000,
0x0000, 0x0000, 0x0000, 0x0000, 0x0000, 0x0000, 0x0000, 0x0000, 0x0000, 0x0000, 0x0000, 0x0000, 0x0000, 0x0000, 0x0000, 0x0000,
0x0000, 0x0000, 0x0000, 0x0000, 0x0000, 0x0000, 0x0000, 0x0000, 0x0000, 0x0000, 0x0000, 0x0000, 0x0000, 0x0000, 0x0000, 0x0000,
0x0000, 0x0000, 0x0000, 0x0000, 0x0000, 0x0000, 0x0000, 0x0000, 0x0000, 0x0000, 0x0000, 0x0000, 0x0000, 0x0000, 0x0000, 0x0000,
0x0000, 0x0000, 0x0000, 0x0000, 0x0000, 0x0000, 0x0000, 0x0000, 0x0000, 0x0000, 0x0000, 0x0000, 0x0000, 0x0000, 0x0000, 0x0000,
0x0000, 0x0000, 0x0000, 0x0000, 0x0000, 0x0000, 0x0000, 0x0000, 0x0000, 0x0000, 0x0000, 0x0000, 0x0000, 0x0000, 0x0000, 0x0000,
0x0000, 0x0000, 0x0000, 0x0000, 0x0000, 0x0000, 0x0000, 0x0000, 0x0000, 0x0000, 0x0000, 0x0000, 0x0000, 0x0000, 0x0000, 0x0000,

/* -63- */
0x0000, 0x0000, 0x0000, 0x0000, 0x0000, 0x0000, 0x0000, 0x0000, 0x0000, 0x0000, 0x0000, 0x0000, 0x0000, 0x0000, 0x0000, 0x0000,
0x0000, 0x0000, 0x0000, 0x0000, 0x0000, 0x0000, 0x0000, 0x0000, 0x0000, 0x0000, 0x0000, 0x0000, 0x0000, 0x0000, 0x0000, 0x0000,
0x0000, 0x0000, 0x0000, 0x0000, 0x0000, 0x0000, 0x0000, 0x0000, 0x0000, 0x0000, 0x0000, 0x0000, 0x0000, 0x0000, 0x0000, 0x0000,
0x0000, 0x0000, 0x0000, 0x0000, 0x0000, 0x0000, 0x0000, 0x0000, 0x0000, 0x0000, 0x0000, 0x0000, 0x0000, 0x0000, 0x0000, 0x0000,
0x0000, 0x0000, 0x0000, 0x0000, 0x0000, 0x0000, 0x0000, 0x0000, 0x0000, 0x0000, 0x0000, 0x0000, 0x0000, 0x0000, 0x0000, 0x0000,
0x0000, 0x0000, 0x0000, 0x0000, 0x0000, 0x0000, 0x0000, 0x0000, 0x0000, 0x0000, 0x0000, 0x0000, 0x0000, 0x0000, 0x0000, 0x0000,
0x0000, 0x0000, 0x0000, 0x0000, 0x0000, 0x0000, 0x0000, 0x0000, 0x0000, 0x0000, 0x0000, 0x0000, 0x0000, 0x0000, 0x0000, 0x0000,
0x0000, 0x0000, 0x0000, 0x0000, 0x0000, 0x0000, 0x0000, 0x0000, 0x0000, 0x0000, 0x0000, 0x0000, 0x0000, 0x0000, 0x0000, 0x0000,
0x0000, 0x0000, 0x0000, 0x0000, 0x0000, 0x0000, 0x0000, 0x0000, 0x0000, 0x0000, 0x0000, 0x0000, 0x0000, 0x0000, 0x0000, 0x0000,
0x0000, 0x0000, 0x0000, 0x0000, 0x0000, 0x0000, 0x0000, 0x0000, 0x0000, 0x0000, 0x0000, 0x0000, 0x0000, 0x0000, 0x0000, 0x0000,
0x0000, 0x0000, 0x0000, 0x0000, 0x0000, 0x0000, 0x0000, 0x0000, 0x0000, 0x0000, 0x0000, 0x0000, 0x0000, 0x0000, 0x0000, 0x0000,
0x0000, 0x0000, 0x0000, 0x0000, 0x0000, 0x0000, 0x0000, 0x0000, 0x0000, 0x0000, 0x0000, 0x0000, 0x0000, 0x0000, 0x0000, 0x0000,
0x0000, 0x0000, 0x0000, 0x0000, 0x0000, 0x0000, 0x0000, 0x0000, 0x0000, 0x0000, 0x0000, 0x0000, 0x0000, 0x0000, 0x0000, 0x0000,
0x0000, 0x0000, 0x0000, 0x0000, 0x0000, 0x0000, 0x0000, 0x0000, 0x0000, 0x0000, 0x0000, 0x0000, 0x0000, 0x0000, 0x0000, 0x0000,
0x0000, 0x0000, 0x0000, 0x0000, 0x0000, 0x0000, 0x0000, 0x0000, 0x0000, 0x0000, 0x0000, 0x0000, 0x0000, 0x0000, 0x0000, 0x0000,
0x0000, 0x0000, 0x0000, 0x0000, 0x0000, 0x0000, 0x0000, 0x0000, 0x0000, 0x0000, 0x0000, 0x0000, 0x0000, 0x0000, 0x0000, 0x0000,
0x0000, 0x0000, 0x0000, 0x0000, 0x0000, 0x0000, 0x0000, 0x0000, 0x0000, 0x0000, 0x0000, 0x0000, 0x0000, 0x0000, 0x0000, 0x0000,
0x0000, 0x0000, 0x0000, 0x0000, 0x0000, 0x0000, 0x0000, 0x0000, 0x0000, 0x0000, 0x0000, 0x0000, 0x0000, 0x0000, 0x0000, 0x0000,
0x0000, 0x0000, 0x0000, 0x0000, 0x0000, 0x0000, 0x0000, 0x0000, 0x0000, 0x0000, 0x0000, 0x0000, 0x0000, 0x0000, 0x0000, 0x0000,
0x0000, 0x0000, 0x0000, 0x0000, 0x0000, 0x0000, 0x0000, 0x0000, 0x0000, 0x0000, 0x0000, 0x0000, 0x0000, 0x0000, 0x0000, 0x0000,
0x0000, 0x0000, 0x0000, 0x0000, 0x0000, 0x0000, 0x0000, 0x0000, 0x0000, 0x0000, 0x0000, 0x0000, 0x0000, 0x0000, 0x0000, 0x0000,
0x0000, 0x0000, 0x0000, 0x0000, 0x0000, 0x0000, 0x0000, 0x0000, 0x0000, 0x0000, 0x0000, 0x0000, 0x0000, 0x0000, 0x0000, 0x0000,
0x0000, 0x0000, 0x0000, 0x0000, 0x0000, 0x0000, 0x0000, 0x0000, 0x0000, 0x0000, 0x0000, 0x0000, 0x0000, 0x0000, 0x0000, 0x0000,
0x0000, 0x0000, 0x0000, 0x0000, 0x0000, 0x0000, 0x0000, 0x0000, 0x0000, 0x0000, 0x0000, 0x0000, 0x0000, 0x0000, 0x0000, 0x0000,

};


extern const arm_2d_tile_t c_tilePlatformerHeroWalkRGB565;
ARM_SECTION("arm2d.tile.c_tilePlatformerHeroWalkRGB565")
const arm_2d_tile_t c_tilePlatformerHeroWalkRGB565 = {
    .tRegion = {
        .tSize = {
            .iWidth = 384,
            .iHeight = 64,
        },
    },
    .tInfo = {
        .bIsRoot = true,
        .bHasEnforcedColour = true,
        .tColourInfo = {
            .chScheme = ARM_2D_COLOUR_RGB565,
        },
    },
    .phwBuffer = (uint16_t*)c_bmpPlatformerHeroWalkRGB565,
};




#if defined(__clang__)
#   pragma clang diagnostic pop
#elif defined(__IS_COMPILER_ARM_COMPILER_5__)
#   pragma diag_warning=1296
#endif


