
/* Generated on Sat Sep  5 10:55:56 2026 from -i */
/* Re-sized : False */
/* Rotated : 0.0 deg */

#include "arm_2d.h"

#if defined(__clang__)
#   pragma clang diagnostic push
#   pragma clang diagnostic ignored "-Wunknown-warning-option"
#   pragma clang diagnostic ignored "-Wreserved-identifier"
#   pragma clang diagnostic ignored "-Wmissing-variable-declarations"
#   pragma clang diagnostic ignored "-Wcast-qual"
#elif defined(__IS_COMPILER_ARM_COMPILER_5__)
#   pragma diag_suppress=1296
#endif



ARM_SECTION("arm2d.asset.c_bmpPlatformerCloudRGB565")
const uint16_t c_bmpPlatformerCloudRGB565[1040*62] = {
/* -0- */
0x865d, 0x865d, 0x865d, 0x865d, 0x865d, 0x865d, 0x865d, 0x865d, 0x865d, 0x865d, 0x865d, 0x865d, 0x865d, 0x865d, 0x865d, 0x865d,
0x865d, 0x865d, 0x865d, 0x865d, 0x865d, 0x865d, 0x865d, 0x865d, 0x865d, 0x865d, 0x865d, 0x865d, 0x865d, 0x865d, 0x865d, 0x865d,
0x865d, 0x865d, 0x865d, 0x865d, 0x865d, 0x865d, 0x865d, 0x865d, 0x865d, 0x865d, 0x865d, 0x865d, 0x865d, 0x865d, 0x865d, 0x865d,
0x865d, 0x865d, 0x865d, 0x865d, 0x865d, 0x865d, 0x865d, 0x865d, 0x865d, 0x865d, 0x865d, 0x865d, 0x865d, 0x865d, 0x865d, 0x865d,
0x865d, 0x865d, 0x865d, 0x865d, 0x865d, 0x865d, 0x865d, 0x865d, 0x865d, 0x865d, 0x865d, 0x865d, 0x865d, 0x865d, 0x865d, 0x865d,
0x865d, 0x865d, 0x865d, 0x865d, 0x865d, 0x865d, 0x865d, 0x865d, 0x865d, 0x865d, 0x865d, 0x865d, 0x865d, 0x865d, 0x865d, 0x865d,
0x865d, 0x865d, 0x865d, 0x865d, 0x865d, 0x865d, 0x865d, 0x865d, 0x865d, 0x865d, 0x865d, 0x865d, 0x865d, 0x865d, 0x865d, 0x865d,
0x865d, 0x865d, 0x865d, 0x865d, 0x865d, 0x865d, 0x865d, 0x865d, 0x865d, 0x865d, 0x865d, 0x865d, 0x865d, 0x865d, 0x865d, 0x865d,
0x865d, 0x865d, 0x865d, 0x865d, 0x865d, 0x865d, 0x865d, 0x865d, 0x865d, 0x865d, 0x865d, 0x865d, 0x865d, 0x865d, 0x865d, 0x865d,
0x865d, 0x865d, 0x865d, 0x865d, 0x865d, 0x865d, 0x865d, 0x865d, 0x865d, 0x865d, 0x865d, 0x865d, 0x865d, 0x865d, 0x865d, 0x865d,
0x865d, 0x865d, 0x865d, 0x865d, 0x865d, 0x865d, 0x865d, 0x865d, 0x865d, 0x865d, 0x865d, 0x865d, 0x865d, 0x865d, 0x865d, 0x865d,
0x865d, 0x865d, 0x865d, 0x865d, 0x865d, 0x865d, 0x865d, 0x865d, 0x865d, 0x865d, 0x865d, 0x865d, 0x865d, 0x865d, 0x865d, 0x865d,
0x865d, 0x865d, 0x865d, 0x865d, 0x865d, 0x865d, 0x865d, 0x865d, 0x865d, 0x865d, 0x865d, 0x865d, 0x865d, 0x865d, 0x865d, 0x865d,
0x865d, 0x865d, 0x865d, 0x865d, 0x865d, 0x865d, 0x865d, 0x865d, 0x865d, 0x865d, 0x865d, 0x865d, 0x865d, 0x865d, 0x865d, 0x865d,
0x865d, 0x865d, 0x865d, 0x865d, 0x865d, 0x865d, 0x865d, 0x865d, 0x865d, 0x865d, 0x865d, 0x865d, 0x865d, 0x865d, 0x865d, 0x865d,
0x865d, 0x865d, 0x865d, 0x865d, 0x865d, 0x865d, 0x865d, 0x865d, 0x865d, 0x865d, 0x865d, 0x865d, 0x865d, 0x865d, 0x865d, 0x865d,
0x865d, 0x865d, 0x865d, 0x865d, 0x865d, 0x865d, 0x865d, 0x865d, 0x865d, 0x865d, 0x865d, 0x865d, 0x865d, 0x865d, 0x865d, 0x865d,
0x865d, 0x865d, 0x865d, 0x865d, 0x865d, 0x865d, 0x865d, 0x865d, 0x865d, 0x865d, 0x865d, 0x865d, 0x865d, 0x865d, 0x865d, 0x865d,
0x865d, 0x865d, 0x865d, 0x865d, 0x865d, 0x865d, 0x865d, 0x865d, 0x865d, 0x865d, 0x865d, 0x865d, 0x865d, 0x865d, 0x865d, 0x865d,
0x865d, 0x865d, 0x865d, 0x865d, 0x865d, 0x865d, 0x865d, 0x865d, 0x865d, 0x865d, 0x865d, 0x865d, 0x865d, 0x865d, 0x865d, 0x865d,
0x865d, 0x865d, 0x865d, 0x865d, 0x865d, 0x865d, 0x865d, 0x865d, 0x865d, 0x865d, 0x865d, 0x865d, 0x865d, 0x865d, 0x865d, 0x865d,
0x865d, 0x865d, 0x865d, 0x865d, 0x865d, 0x865d, 0x865d, 0x865d, 0x865d, 0x865d, 0x865d, 0x865d, 0x865d, 0x865d, 0x865d, 0x865d,
0x865d, 0x865d, 0x865d, 0x865d, 0x865d, 0x865d, 0x865d, 0x865d, 0x865d, 0x865d, 0x865d, 0x865d, 0x865d, 0x865d, 0x865d, 0x865d,
0x865d, 0x865d, 0x865d, 0x865d, 0x865d, 0x865d, 0x865d, 0x865d, 0x865d, 0x865d, 0x865d, 0x865d, 0x865d, 0x865d, 0x865d, 0x865d,
0x865d, 0x865d, 0x865d, 0x865d, 0x865d, 0x865d, 0x865d, 0x865d, 0x865d, 0x865d, 0x865d, 0x865d, 0x865d, 0x865d, 0x865d, 0x865d,
0x865d, 0x865d, 0x865d, 0x865d, 0x865d, 0x865d, 0x865d, 0x865d, 0x865d, 0x865d, 0x865d, 0x865d, 0x865d, 0x865d, 0x865d, 0x865d,
0x865d, 0x865d, 0x865d, 0x865d, 0x865d, 0x865d, 0x865d, 0x865d, 0x865d, 0x865d, 0x865d, 0x865d, 0x865d, 0x865d, 0x865d, 0x865d,
0x865d, 0x865d, 0x865d, 0x865d, 0x865d, 0x865d, 0x865d, 0x865d, 0x865d, 0x865d, 0x865d, 0x865d, 0x865d, 0x865d, 0x865d, 0x865d,
0x865d, 0x865d, 0x865d, 0x865d, 0x865d, 0x865d, 0x865d, 0x865d, 0x865d, 0x865d, 0x865d, 0x865d, 0x865d, 0x865d, 0x865d, 0x865d,
0x865d, 0x865d, 0x865d, 0x865d, 0x865d, 0x865d, 0x865d, 0x865d, 0x865d, 0x865d, 0x865d, 0x865d, 0x865d, 0x865d, 0x865d, 0x865d,
0x865d, 0x865d, 0x865d, 0x865d, 0x865d, 0x865d, 0x865d, 0x865d, 0x865d, 0x865d, 0x865d, 0x865d, 0x865d, 0x865d, 0x865d, 0x865d,
0x865d, 0x865d, 0x865d, 0x865d, 0x865d, 0x865d, 0x865d, 0x865d, 0x865d, 0x865d, 0x865d, 0x865d, 0x865d, 0x865d, 0x865d, 0x865d,
0x865d, 0x865d, 0x865d, 0x865d, 0x865d, 0x865d, 0x865d, 0x865d, 0x865d, 0x865d, 0x865d, 0x865d, 0x865d, 0x865d, 0x865d, 0x865d,
0x865d, 0x865d, 0x865d, 0x865d, 0x865d, 0x865d, 0x865d, 0x865d, 0x865d, 0x865d, 0x865d, 0x865d, 0x865d, 0x865d, 0x865d, 0x865d,
0x865d, 0x865d, 0x865d, 0x865d, 0x865d, 0x865d, 0x865d, 0x865d, 0x865d, 0x865d, 0x865d, 0x865d, 0x865d, 0x865d, 0x865d, 0x865d,
0x865d, 0x865d, 0x865d, 0x865d, 0x865d, 0x865d, 0x865d, 0x865d, 0x865d, 0x865d, 0x865d, 0x865d, 0x865d, 0x865d, 0x865d, 0x865d,
0x865d, 0x865d, 0x865d, 0x865d, 0x865d, 0x865d, 0x865d, 0x865d, 0x865d, 0x865d, 0x865d, 0x865d, 0x865d, 0x865d, 0x865d, 0x865d,
0x865d, 0x865d, 0x865d, 0x865d, 0x865d, 0x865d, 0x865d, 0x865d, 0x865d, 0x865d, 0x865d, 0x865d, 0x865d, 0x865d, 0x865d, 0x865d,
0x865d, 0x865d, 0x865d, 0x865d, 0x865d, 0x865d, 0x865d, 0x865d, 0x865d, 0x865d, 0x865d, 0x865d, 0x865d, 0x865d, 0x865d, 0x865d,
0x865d, 0x865d, 0x865d, 0x865d, 0x865d, 0x865d, 0x865d, 0x865d, 0x865d, 0x865d, 0x865d, 0x865d, 0x865d, 0x865d, 0x865d, 0x865d,
0x865d, 0x865d, 0x865d, 0x865d, 0x865d, 0x865d, 0x865d, 0x865d, 0x865d, 0x865d, 0x865d, 0x865d, 0x865d, 0x865d, 0x865d, 0x865d,
0x865d, 0x865d, 0x865d, 0x865d, 0x865d, 0x865d, 0x865d, 0x865d, 0x865d, 0x865d, 0x865d, 0x865d, 0x865d, 0x865d, 0x865d, 0x865d,
0x865d, 0x865d, 0x865d, 0x865d, 0x865d, 0x865d, 0x865d, 0x865d, 0x865d, 0x865d, 0x865d, 0x865d, 0x865d, 0x865d, 0x865d, 0x865d,
0x865d, 0x865d, 0x865d, 0x865d, 0x865d, 0x865d, 0x865d, 0x865d, 0x865d, 0x865d, 0x865d, 0x865d, 0x865d, 0x865d, 0x865d, 0x865d,
0x865d, 0x865d, 0x865d, 0x865d, 0x865d, 0x865d, 0x865d, 0x865d, 0x865d, 0x865d, 0x865d, 0x865d, 0x865d, 0x865d, 0x865d, 0x865d,
0x865d, 0x865d, 0x865d, 0x865d, 0x865d, 0x865d, 0x865d, 0x865d, 0x865d, 0x865d, 0x865d, 0x865d, 0x865d, 0x865d, 0x865d, 0x865d,
0x865d, 0x865d, 0x865d, 0x865d, 0x865d, 0x865d, 0x865d, 0x865d, 0x865d, 0x865d, 0x865d, 0x865d, 0x865d, 0x865d, 0x865d, 0x865d,
0x865d, 0x865d, 0x865d, 0x865d, 0x865d, 0x865d, 0x865d, 0x865d, 0x865d, 0x865d, 0x865d, 0x865d, 0x865d, 0x865d, 0x865d, 0x865d,
0x865d, 0x865d, 0x865d, 0x865d, 0x865d, 0x865d, 0x865d, 0x865d, 0x865d, 0x865d, 0x865d, 0x865d, 0x865d, 0x865d, 0x865d, 0x865d,
0x865d, 0x865d, 0x865d, 0x865d, 0x865d, 0x865d, 0x865d, 0x865d, 0x865d, 0x865d, 0x865d, 0x865d, 0x865d, 0x865d, 0x865d, 0x865d,
0x865d, 0x865d, 0x865d, 0x865d, 0x865d, 0x865d, 0x865d, 0x865d, 0x865d, 0x865d, 0x865d, 0x865d, 0x865d, 0x865d, 0x865d, 0x865d,
0x865d, 0x865d, 0x865d, 0x865d, 0x865d, 0x865d, 0x865d, 0x865d, 0x865d, 0x865d, 0x865d, 0x865d, 0x865d, 0x865d, 0x865d, 0x865d,
0x865d, 0x865d, 0x865d, 0x865d, 0x865d, 0x865d, 0x865d, 0x865d, 0x865d, 0x865d, 0x865d, 0x865d, 0x865d, 0x865d, 0x865d, 0x865d,
0x865d, 0x865d, 0x865d, 0x865d, 0x865d, 0x865d, 0x865d, 0x865d, 0x865d, 0x865d, 0x865d, 0x865d, 0x865d, 0x865d, 0x865d, 0x865d,
0x865d, 0x865d, 0x865d, 0x865d, 0x865d, 0x865d, 0x865d, 0x865d, 0x865d, 0x865d, 0x865d, 0x865d, 0x865d, 0x865d, 0x865d, 0x865d,
0x865d, 0x865d, 0x865d, 0x865d, 0x865d, 0x865d, 0x865d, 0x865d, 0x865d, 0x865d, 0x865d, 0x865d, 0x865d, 0x865d, 0x865d, 0x865d,
0x865d, 0x865d, 0x865d, 0x865d, 0x865d, 0x865d, 0x865d, 0x865d, 0x865d, 0x865d, 0x865d, 0x865d, 0x865d, 0x865d, 0x865d, 0x865d,
0x865d, 0x865d, 0x865d, 0x865d, 0x865d, 0x865d, 0x865d, 0x865d, 0x865d, 0x865d, 0x865d, 0x865d, 0x865d, 0x865d, 0x865d, 0x865d,
0x865d, 0x865d, 0x865d, 0x865d, 0x865d, 0x865d, 0x865d, 0x865d, 0x865d, 0x865d, 0x865d, 0x865d, 0x865d, 0x865d, 0x865d, 0x865d,
0x865d, 0x865d, 0x865d, 0x865d, 0x865d, 0x865d, 0x865d, 0x865d, 0x865d, 0x865d, 0x865d, 0x865d, 0x865d, 0x865d, 0x865d, 0x865d,
0x865d, 0x865d, 0x865d, 0x865d, 0x865d, 0x865d, 0x865d, 0x865d, 0x865d, 0x865d, 0x865d, 0x865d, 0x865d, 0x865d, 0x865d, 0x865d,
0x865d, 0x865d, 0x865d, 0x865d, 0x865d, 0x865d, 0x865d, 0x865d, 0x865d, 0x865d, 0x865d, 0x865d, 0x865d, 0x865d, 0x865d, 0x865d,
0x865d, 0x865d, 0x865d, 0x865d, 0x865d, 0x865d, 0x865d, 0x865d, 0x865d, 0x865d, 0x865d, 0x865d, 0x865d, 0x865d, 0x865d, 0x865d,
0x865d, 0x865d, 0x865d, 0x865d, 0x865d, 0x865d, 0x865d, 0x865d, 0x865d, 0x865d, 0x865d, 0x865d, 0x865d, 0x865d, 0x865d, 0x865d,
0x865d, 0x865d, 0x865d, 0x865d, 0x865d, 0x865d, 0x865d, 0x865d, 0x865d, 0x865d, 0x865d, 0x865d, 0x865d, 0x865d, 0x865d, 0x865d,

/* -1- */
0x865d, 0x865d, 0x865d, 0x865d, 0x865d, 0x865d, 0x865d, 0x865d, 0x865d, 0x865d, 0x865d, 0x865d, 0x865d, 0x865d, 0x865d, 0x865d,
0x865d, 0x865d, 0x865d, 0x865d, 0x865d, 0x865d, 0x865d, 0x865d, 0x865d, 0x865d, 0x865d, 0x865d, 0x865d, 0x865d, 0x865d, 0x865d,
0x865d, 0x865d, 0x865d, 0x865d, 0x865d, 0x865d, 0x865d, 0x865d, 0x865d, 0x865d, 0x865d, 0x865d, 0x865d, 0x865d, 0x865d, 0x865d,
0x865d, 0x865d, 0x865d, 0x865d, 0x865d, 0x865d, 0x865d, 0x865d, 0x865d, 0x865d, 0x865d, 0x865d, 0x865d, 0x865d, 0x865d, 0x865d,
0x865d, 0x865d, 0x865d, 0x865d, 0x865d, 0x865d, 0x865d, 0x865d, 0x865d, 0x865d, 0x865d, 0x865d, 0x865d, 0x865d, 0x865d, 0x865d,
0x865d, 0x865d, 0x865d, 0x865d, 0x865d, 0x865d, 0x865d, 0x865d, 0x865d, 0x865d, 0x865d, 0x865d, 0x865d, 0x865d, 0x865d, 0x865d,
0x865d, 0x865d, 0x865d, 0x865d, 0x865d, 0x865d, 0x865d, 0x865d, 0x865d, 0x865d, 0x865d, 0x865d, 0x865d, 0x865d, 0x865d, 0x865d,
0x865d, 0x865d, 0x865d, 0x865d, 0x865d, 0x865d, 0x865d, 0x865d, 0x865d, 0x865d, 0x865d, 0x865d, 0x865d, 0x865d, 0x865d, 0x865d,
0x865d, 0x865d, 0x865d, 0x865d, 0x865d, 0x865d, 0x865d, 0x865d, 0x865d, 0x865d, 0x865d, 0x865d, 0x865d, 0x865d, 0x865d, 0x865d,
0x865d, 0x865d, 0x865d, 0x865d, 0x865d, 0x865d, 0x865d, 0x865d, 0x865d, 0x865d, 0x865d, 0x865d, 0x865d, 0x865d, 0x865d, 0x865d,
0x865d, 0x865d, 0x865d, 0x865d, 0x865d, 0x865d, 0x865d, 0x865d, 0x865d, 0x865d, 0x865d, 0x865d, 0x865d, 0x865d, 0x865d, 0x865d,
0x865d, 0x865d, 0x865d, 0x865d, 0x865d, 0x865d, 0x865d, 0x865d, 0x865d, 0x865d, 0x865d, 0x865d, 0x865d, 0x865d, 0x865d, 0x865d,
0x865d, 0x865d, 0x865d, 0x865d, 0x865d, 0x865d, 0x865d, 0x865d, 0x865d, 0x865d, 0x865d, 0x865d, 0x865d, 0x865d, 0x865d, 0x865d,
0x865d, 0x865d, 0x865d, 0x865d, 0x865d, 0x865d, 0x865d, 0x865d, 0x865d, 0x865d, 0x865d, 0x865d, 0x865d, 0x865d, 0x865d, 0x865d,
0x865d, 0x865d, 0x865d, 0x865d, 0x865d, 0x865d, 0x865d, 0x865d, 0x865d, 0x865d, 0x865d, 0x865d, 0x865d, 0x865d, 0x865d, 0x865d,
0x865d, 0x865d, 0x865d, 0x865d, 0x865d, 0x865d, 0x865d, 0x865d, 0x865d, 0x865d, 0x865d, 0x865d, 0x865d, 0x865d, 0x865d, 0x865d,
0x865d, 0x865d, 0x865d, 0x865d, 0x865d, 0x865d, 0x865d, 0x865d, 0x865d, 0x865d, 0x865d, 0x865d, 0x865d, 0x865d, 0x865d, 0x865d,
0x865d, 0x865d, 0x865d, 0x865d, 0x865d, 0x865d, 0x865d, 0x865d, 0x865d, 0x865d, 0x865d, 0x865d, 0x865d, 0x865d, 0x865d, 0x865d,
0x865d, 0x865d, 0x865d, 0x865d, 0x865d, 0x865d, 0x865d, 0x865d, 0x865d, 0x865d, 0x865d, 0x865d, 0x865d, 0x865d, 0x865d, 0x865d,
0x865d, 0x865d, 0x865d, 0x865d, 0x865d, 0x865d, 0x865d, 0x865d, 0x865d, 0x865d, 0x865d, 0x865d, 0x865d, 0x865d, 0x865d, 0x865d,
0x865d, 0x865d, 0x865d, 0x865d, 0x865d, 0x865d, 0x865d, 0x865d, 0x865d, 0x865d, 0x865d, 0x865d, 0x865d, 0x865d, 0x865d, 0x865d,
0x865d, 0x865d, 0x865d, 0x865d, 0x865d, 0x865d, 0x865d, 0x865d, 0x865d, 0x865d, 0x865d, 0x865d, 0x865d, 0x865d, 0x865d, 0x865d,
0x865d, 0x865d, 0x865d, 0x865d, 0x865d, 0x865d, 0x865d, 0x865d, 0x865d, 0x865d, 0x865d, 0x865d, 0x865d, 0x865d, 0x865d, 0x865d,
0x865d, 0x865d, 0x865d, 0x865d, 0x865d, 0x865d, 0x865d, 0x865d, 0x865d, 0x865d, 0x865d, 0x865d, 0x865d, 0x865d, 0x865d, 0x865d,
0x865d, 0x865d, 0x865d, 0x865d, 0x865d, 0x865d, 0x865d, 0x865d, 0x865d, 0x865d, 0x865d, 0x865d, 0x865d, 0x865d, 0x865d, 0x865d,
0x865d, 0x865d, 0x865d, 0x865d, 0x865d, 0x865d, 0x865d, 0x865d, 0x865d, 0x865d, 0x865d, 0x865d, 0x865d, 0x865d, 0x865d, 0x865d,
0x865d, 0x865d, 0x865d, 0x865d, 0x865d, 0x865d, 0x865d, 0x865d, 0x865d, 0x865d, 0x865d, 0x865d, 0x865d, 0x865d, 0x865d, 0x865d,
0x865d, 0x865d, 0x865d, 0x865d, 0x865d, 0x865d, 0x865d, 0x865d, 0x865d, 0x865d, 0x865d, 0x865d, 0x865d, 0x865d, 0x865d, 0x865d,
0x865d, 0x865d, 0x865d, 0x865d, 0x865d, 0x865d, 0x865d, 0x865d, 0x865d, 0x865d, 0x865d, 0x865d, 0x865d, 0x865d, 0x865d, 0x865d,
0x865d, 0x865d, 0x865d, 0x865d, 0x865d, 0x865d, 0x865d, 0x865d, 0x865d, 0x865d, 0x865d, 0x865d, 0x865d, 0x865d, 0x865d, 0x865d,
0x865d, 0x865d, 0x865d, 0x865d, 0x865d, 0x865d, 0x865d, 0x865d, 0x865d, 0x865d, 0x865d, 0x865d, 0x865d, 0x865d, 0x865d, 0x865d,
0x865d, 0x865d, 0x865d, 0x865d, 0x865d, 0x865d, 0x865d, 0x865d, 0x865d, 0x865d, 0x865d, 0x865d, 0x865d, 0x865d, 0x865d, 0x865d,
0x865d, 0x865d, 0x865d, 0x865d, 0x865d, 0x865d, 0x865d, 0x865d, 0x865d, 0x865d, 0x865d, 0x865d, 0x865d, 0x865d, 0x865d, 0x865d,
0x865d, 0x865d, 0x865d, 0x865d, 0x865d, 0x865d, 0x865d, 0x865d, 0x865d, 0x865d, 0x865d, 0x865d, 0x865d, 0x865d, 0x865d, 0x865d,
0x865d, 0x865d, 0x865d, 0x865d, 0x865d, 0x865d, 0x865d, 0x865d, 0x865d, 0x865d, 0x865d, 0x865d, 0x865d, 0x865d, 0x865d, 0x865d,
0x865d, 0x865d, 0x865d, 0x865d, 0x865d, 0x865d, 0x865d, 0x865d, 0x865d, 0x865d, 0x865d, 0x865d, 0x865d, 0x865d, 0x865d, 0x865d,
0x865d, 0x865d, 0x865d, 0x865d, 0x865d, 0x865d, 0x865d, 0x865d, 0x865d, 0x865d, 0x865d, 0x865d, 0x865d, 0x865d, 0x865d, 0x865d,
0x865d, 0x865d, 0x865d, 0x865d, 0x865d, 0x865d, 0x865d, 0x865d, 0x865d, 0x865d, 0x865d, 0x865d, 0x865d, 0x865d, 0x865d, 0x865d,
0x865d, 0x865d, 0x865d, 0x865d, 0x865d, 0x865d, 0x865d, 0x865d, 0x865d, 0x865d, 0x865d, 0x865d, 0x865d, 0x865d, 0x865d, 0x865d,
0x865d, 0x865d, 0x865d, 0x865d, 0x865d, 0x865d, 0x865d, 0x865d, 0x865d, 0x865d, 0x865d, 0x865d, 0x865d, 0x865d, 0x865d, 0x865d,
0x865d, 0x865d, 0x865d, 0x865d, 0x865d, 0x865d, 0x865d, 0x865d, 0x865d, 0x865d, 0x865d, 0x865d, 0x865d, 0x865d, 0x865d, 0x865d,
0x865d, 0x865d, 0x865d, 0x865d, 0x865d, 0x865d, 0x865d, 0x865d, 0x865d, 0x865d, 0x865d, 0x865d, 0x865d, 0x865d, 0x865d, 0x865d,
0x865d, 0x865d, 0x865d, 0x865d, 0x865d, 0x865d, 0x865d, 0x865d, 0x865d, 0x865d, 0x865d, 0x865d, 0x865d, 0x865d, 0x865d, 0x865d,
0x865d, 0x865d, 0x865d, 0x865d, 0x865d, 0x865d, 0x865d, 0x865d, 0x865d, 0x865d, 0x865d, 0x865d, 0x865d, 0x865d, 0x865d, 0x865d,
0x865d, 0x865d, 0x865d, 0x865d, 0x865d, 0x865d, 0x865d, 0x865d, 0x865d, 0x865d, 0x865d, 0x865d, 0x865d, 0x865d, 0x865d, 0x865d,
0x865d, 0x865d, 0x865d, 0x865d, 0x865d, 0x865d, 0x865d, 0x865d, 0x865d, 0x865d, 0x865d, 0x865d, 0x865d, 0x865d, 0x865d, 0x865d,
0x865d, 0x865d, 0x865d, 0x865d, 0x865d, 0x865d, 0x865d, 0x865d, 0x865d, 0x865d, 0x865d, 0x865d, 0x865d, 0x865d, 0x865d, 0x865d,
0x865d, 0x865d, 0x865d, 0x865d, 0x865d, 0x865d, 0x865d, 0x865d, 0x865d, 0x865d, 0x865d, 0x865d, 0x865d, 0x865d, 0x865d, 0x865d,
0x865d, 0x865d, 0x865d, 0x865d, 0x865d, 0x865d, 0x865d, 0x865d, 0x865d, 0x865d, 0x865d, 0x865d, 0x865d, 0x865d, 0x865d, 0x865d,
0x865d, 0x865d, 0x865d, 0x865d, 0x865d, 0x865d, 0x865d, 0x865d, 0x865d, 0x865d, 0x865d, 0x865d, 0x865d, 0x865d, 0x865d, 0x865d,
0x865d, 0x865d, 0x865d, 0x865d, 0x865d, 0x865d, 0x865d, 0x865d, 0x865d, 0x865d, 0x865d, 0x865d, 0x865d, 0x865d, 0x865d, 0x865d,
0x865d, 0x865d, 0x865d, 0x865d, 0x865d, 0x865d, 0x865d, 0x865d, 0x865d, 0x865d, 0x865d, 0x865d, 0x865d, 0x865d, 0x865d, 0x865d,
0x865d, 0x865d, 0x865d, 0x865d, 0x865d, 0x865d, 0x865d, 0x865d, 0x865d, 0x865d, 0x865d, 0x865d, 0x865d, 0x865d, 0x865d, 0x865d,
0x865d, 0x865d, 0x865d, 0x865d, 0x865d, 0x865d, 0x865d, 0x865d, 0x865d, 0x865d, 0x865d, 0x865d, 0x865d, 0x865d, 0x865d, 0x865d,
0x865d, 0x865d, 0x865d, 0x865d, 0x865d, 0x865d, 0x865d, 0x865d, 0x865d, 0x865d, 0x865d, 0x865d, 0x865d, 0x865d, 0x865d, 0x865d,
0x865d, 0x865d, 0x865d, 0x865d, 0x865d, 0x865d, 0x865d, 0x865d, 0x865d, 0x865d, 0x865d, 0x865d, 0x865d, 0x865d, 0x865d, 0x865d,
0x865d, 0x865d, 0x865d, 0x865d, 0x865d, 0x865d, 0x865d, 0x865d, 0x865d, 0x865d, 0x865d, 0x865d, 0x865d, 0x865d, 0x865d, 0x865d,
0x865d, 0x865d, 0x865d, 0x865d, 0x865d, 0x865d, 0x865d, 0x865d, 0x865d, 0x865d, 0x865d, 0x865d, 0x865d, 0x865d, 0x865d, 0x865d,
0x865d, 0x865d, 0x865d, 0x865d, 0x865d, 0x865d, 0x865d, 0x865d, 0x865d, 0x865d, 0x865d, 0x865d, 0x865d, 0x865d, 0x865d, 0x865d,
0x865d, 0x865d, 0x865d, 0x865d, 0x865d, 0x865d, 0x865d, 0x865d, 0x865d, 0x865d, 0x865d, 0x865d, 0x865d, 0x865d, 0x865d, 0x865d,
0x865d, 0x865d, 0x865d, 0x865d, 0x865d, 0x865d, 0x865d, 0x865d, 0x865d, 0x865d, 0x865d, 0x865d, 0x865d, 0x865d, 0x865d, 0x865d,
0x865d, 0x865d, 0x865d, 0x865d, 0x865d, 0x865d, 0x865d, 0x865d, 0x865d, 0x865d, 0x865d, 0x865d, 0x865d, 0x865d, 0x865d, 0x865d,
0x865d, 0x865d, 0x865d, 0x865d, 0x865d, 0x865d, 0x865d, 0x865d, 0x865d, 0x865d, 0x865d, 0x865d, 0x865d, 0x865d, 0x865d, 0x865d,
0x865d, 0x865d, 0x865d, 0x865d, 0x865d, 0x865d, 0x865d, 0x865d, 0x865d, 0x865d, 0x865d, 0x865d, 0x865d, 0x865d, 0x865d, 0x865d,
0x865d, 0x865d, 0x865d, 0x865d, 0x865d, 0x865d, 0x865d, 0x865d, 0x865d, 0x865d, 0x865d, 0x865d, 0x865d, 0x865d, 0x865d, 0x865d,

/* -2- */
0x865d, 0x865d, 0x865d, 0x865d, 0x865d, 0x865d, 0x865d, 0x865d, 0x865d, 0x865d, 0x865d, 0x865d, 0x865d, 0x865d, 0x865d, 0x865d,
0x865d, 0x865d, 0x865d, 0x865d, 0x865d, 0x865d, 0x865d, 0x865d, 0x865d, 0x865d, 0x865d, 0x865d, 0x865d, 0x865d, 0x865d, 0x865d,
0x865d, 0x865d, 0x865d, 0x865d, 0x865d, 0x865d, 0x865d, 0x865d, 0x865d, 0x865d, 0x865d, 0x865d, 0x865d, 0x865d, 0x865d, 0x865d,
0x865d, 0x865d, 0x865d, 0x865d, 0x865d, 0x865d, 0x865d, 0x865d, 0x865d, 0x865d, 0x865d, 0x865d, 0x865d, 0x865d, 0x865d, 0x865d,
0x865d, 0x865d, 0x865d, 0x865d, 0x865d, 0x865d, 0x865d, 0x865d, 0x865d, 0x865d, 0x865d, 0x865d, 0x865d, 0x865d, 0x865d, 0x865d,
0x865d, 0x865d, 0x865d, 0x865d, 0x865d, 0x865d, 0x865d, 0x865d, 0x865d, 0x865d, 0x865d, 0x865d, 0x865d, 0x865d, 0x865d, 0x865d,
0x865d, 0x865d, 0x865d, 0x865d, 0x865d, 0x865d, 0x865d, 0x865d, 0x865d, 0x865d, 0x865d, 0x865d, 0x865d, 0x865d, 0x865d, 0x865d,
0x865d, 0x865d, 0x865d, 0x865d, 0x865d, 0x865d, 0x865d, 0x865d, 0x865d, 0x865d, 0x865d, 0x865d, 0x865d, 0x865d, 0x865d, 0x865d,
0x865d, 0x865d, 0x865d, 0x865d, 0x865d, 0x865d, 0x865d, 0x865d, 0x865d, 0x865d, 0x865d, 0x865d, 0x865d, 0x865d, 0x865d, 0x865d,
0x865d, 0x865d, 0x865d, 0x865d, 0x865d, 0x865d, 0x865d, 0x865d, 0x865d, 0x865d, 0x865d, 0x865d, 0x865d, 0x865d, 0x865d, 0x865d,
0x865d, 0x865d, 0x865d, 0x865d, 0x865d, 0x865d, 0x865d, 0x865d, 0x865d, 0x865d, 0x865d, 0x865d, 0x865d, 0x865d, 0x865d, 0x865d,
0x865d, 0x865d, 0x865d, 0x865d, 0x865d, 0x865d, 0x865d, 0x865d, 0x865d, 0x865d, 0x865d, 0x865d, 0x865d, 0x865d, 0x865d, 0x865d,
0x865d, 0x865d, 0x865d, 0x865d, 0x865d, 0x865d, 0x865d, 0x865d, 0x865d, 0x865d, 0x865d, 0x865d, 0x865d, 0x865d, 0x865d, 0x865d,
0x865d, 0x865d, 0x865d, 0x865d, 0x865d, 0x865d, 0x865d, 0x865d, 0x865d, 0x865d, 0x865d, 0x865d, 0x865d, 0x865d, 0x865d, 0x865d,
0x865d, 0x865d, 0x865d, 0x865d, 0x865d, 0x865d, 0x865d, 0x865d, 0x865d, 0x865d, 0x865d, 0x865d, 0x865d, 0x865d, 0x865d, 0x865d,
0x865d, 0x865d, 0x865d, 0x865d, 0x865d, 0x865d, 0x865d, 0x865d, 0x865d, 0x865d, 0x865d, 0x865d, 0x865d, 0x865d, 0x865d, 0x865d,
0x865d, 0x865d, 0x865d, 0x865d, 0x865d, 0x865d, 0x865d, 0x865d, 0x865d, 0x865d, 0x865d, 0x865d, 0x865d, 0x865d, 0x865d, 0x865d,
0x865d, 0x865d, 0x865d, 0x865d, 0x865d, 0x865d, 0x865d, 0x865d, 0x865d, 0x865d, 0x865d, 0x865d, 0x865d, 0x865d, 0x865d, 0x865d,
0x865d, 0x865d, 0x865d, 0x865d, 0x865d, 0x865d, 0x865d, 0x865d, 0x865d, 0x865d, 0x865d, 0x865d, 0x865d, 0x865d, 0x865d, 0x865d,
0x865d, 0x865d, 0x865d, 0x865d, 0x865d, 0x865d, 0x865d, 0x865d, 0x865d, 0x865d, 0x865d, 0x865d, 0x865d, 0x865d, 0x865d, 0x865d,
0x865d, 0x865d, 0x865d, 0x865d, 0x865d, 0x865d, 0x865d, 0x865d, 0x865d, 0x865d, 0x865d, 0x865d, 0x865d, 0x865d, 0x865d, 0x865d,
0x865d, 0x865d, 0x865d, 0x865d, 0x865d, 0x865d, 0x865d, 0x865d, 0x865d, 0x865d, 0x865d, 0x865d, 0x865d, 0x865d, 0x865d, 0x865d,
0x865d, 0x865d, 0x865d, 0x865d, 0x865d, 0x865d, 0x865d, 0x865d, 0x865d, 0x865d, 0x865d, 0x865d, 0x865d, 0x865d, 0x865d, 0x865d,
0x865d, 0x865d, 0x865d, 0x865d, 0x865d, 0x865d, 0x865d, 0x865d, 0x865d, 0x865d, 0x865d, 0x865d, 0x865d, 0x865d, 0x865d, 0x865d,
0x865d, 0x865d, 0x865d, 0x865d, 0x865d, 0x865d, 0x865d, 0x865d, 0x865d, 0x865d, 0x865d, 0x865d, 0x865d, 0x865d, 0x865d, 0x865d,
0x865d, 0x865d, 0x865d, 0x865d, 0x865d, 0x865d, 0x865d, 0x865d, 0x865d, 0x865d, 0x865d, 0x865d, 0x865d, 0x865d, 0x865d, 0x865d,
0x865d, 0x865d, 0x865d, 0x865d, 0x865d, 0x865d, 0x865d, 0x865d, 0x865d, 0x865d, 0x865d, 0x865d, 0x865d, 0x865d, 0x865d, 0x865d,
0x865d, 0x865d, 0x865d, 0x865d, 0x865d, 0x865d, 0x865d, 0x865d, 0x865d, 0x865d, 0x865d, 0x865d, 0x865d, 0x865d, 0x865d, 0x865d,
0x865d, 0x865d, 0x865d, 0x865d, 0x865d, 0x865d, 0x865d, 0x865d, 0x865d, 0x865d, 0x865d, 0x865d, 0x865d, 0x865d, 0x865d, 0x865d,
0x865d, 0x865d, 0x865d, 0x865d, 0x865d, 0x865d, 0x865d, 0x865d, 0x865d, 0x865d, 0x865d, 0x865d, 0x865d, 0x865d, 0x865d, 0x865d,
0x865d, 0x865d, 0x865d, 0x865d, 0x865d, 0x865d, 0x865d, 0x865d, 0x865d, 0x865d, 0x865d, 0x865d, 0x865d, 0x865d, 0x865d, 0x865d,
0x865d, 0x865d, 0x865d, 0x865d, 0x865d, 0x865d, 0x865d, 0x865d, 0x865d, 0x865d, 0x865d, 0x865d, 0x865d, 0x865d, 0x865d, 0x865d,
0x865d, 0x865d, 0x865d, 0x865d, 0x865d, 0x865d, 0x865d, 0x865d, 0x865d, 0x865d, 0x865d, 0x865d, 0x865d, 0x865d, 0x865d, 0x865d,
0x865d, 0x865d, 0x865d, 0x865d, 0x865d, 0x865d, 0x865d, 0x865d, 0x865d, 0x865d, 0x865d, 0x865d, 0x865d, 0x865d, 0x865d, 0x865d,
0x865d, 0x865d, 0x865d, 0x865d, 0x865d, 0x865d, 0x865d, 0x865d, 0x865d, 0x865d, 0x865d, 0x865d, 0x865d, 0x865d, 0x865d, 0x865d,
0x865d, 0x865d, 0x865d, 0x865d, 0x865d, 0x865d, 0x865d, 0x865d, 0x865d, 0x865d, 0x865d, 0x865d, 0x865d, 0x865d, 0x865d, 0x865d,
0x865d, 0x865d, 0x865d, 0x865d, 0x865d, 0x865d, 0x865d, 0x865d, 0x865d, 0x865d, 0x865d, 0x865d, 0x865d, 0x865d, 0x865d, 0x865d,
0x865d, 0x865d, 0x865d, 0x865d, 0x865d, 0x865d, 0x865d, 0x865d, 0x865d, 0x865d, 0x865d, 0x865d, 0x865d, 0x865d, 0x865d, 0x865d,
0x865d, 0x865d, 0x865d, 0x865d, 0x865d, 0x865d, 0x865d, 0x865d, 0x865d, 0x865d, 0x865d, 0x865d, 0x865d, 0x865d, 0x865d, 0x865d,
0x865d, 0x865d, 0x865d, 0x865d, 0x865d, 0x865d, 0x865d, 0x865d, 0x865d, 0x865d, 0x865d, 0x865d, 0x865d, 0x865d, 0x865d, 0x865d,
0x865d, 0x865d, 0x865d, 0x865d, 0x865d, 0x865d, 0x865d, 0x865d, 0x865d, 0x865d, 0x865d, 0x865d, 0x865d, 0x865d, 0x865d, 0x865d,
0x865d, 0x865d, 0x865d, 0x865d, 0x865d, 0x865d, 0x865d, 0x865d, 0x865d, 0x865d, 0x865d, 0x865d, 0x865d, 0x865d, 0x865d, 0x865d,
0x865d, 0x865d, 0x865d, 0x865d, 0x865d, 0x865d, 0x865d, 0x865d, 0x865d, 0x865d, 0x865d, 0x865d, 0x865d, 0x865d, 0x865d, 0x865d,
0x865d, 0x865d, 0x865d, 0x865d, 0x865d, 0x865d, 0x865d, 0x865d, 0x865d, 0x865d, 0x865d, 0x865d, 0x865d, 0x865d, 0x865d, 0x865d,
0x865d, 0x865d, 0x865d, 0x865d, 0x865d, 0x865d, 0x865d, 0x865d, 0x865d, 0x865d, 0x865d, 0x865d, 0x865d, 0x865d, 0x865d, 0x865d,
0x865d, 0x865d, 0x865d, 0x865d, 0x865d, 0x865d, 0x865d, 0x865d, 0x865d, 0x865d, 0x865d, 0x865d, 0x865d, 0x865d, 0x865d, 0x865d,
0x865d, 0x865d, 0x865d, 0x865d, 0x865d, 0x865d, 0x865d, 0x865d, 0x865d, 0x865d, 0x865d, 0x865d, 0x865d, 0x865d, 0x865d, 0x865d,
0x865d, 0x865d, 0x865d, 0x865d, 0x865d, 0x865d, 0x865d, 0x865d, 0x865d, 0x865d, 0x865d, 0x865d, 0x865d, 0x865d, 0x865d, 0x865d,
0x865d, 0x865d, 0x865d, 0x865d, 0x865d, 0x865d, 0x865d, 0x865d, 0x865d, 0x865d, 0x865d, 0x865d, 0x865d, 0x865d, 0x865d, 0x865d,
0x865d, 0x865d, 0x865d, 0x865d, 0x865d, 0x865d, 0x865d, 0x865d, 0x865d, 0x865d, 0x865d, 0x865d, 0x865d, 0x865d, 0x865d, 0x865d,
0x865d, 0x865d, 0x865d, 0x865d, 0x865d, 0x865d, 0x865d, 0x865d, 0x865d, 0x865d, 0x865d, 0x865d, 0x865d, 0x865d, 0x865d, 0x865d,
0x865d, 0x865d, 0x865d, 0x865d, 0x865d, 0x865d, 0x865d, 0x865d, 0x865d, 0x865d, 0x865d, 0x865d, 0x865d, 0x865d, 0x865d, 0x865d,
0x865d, 0x865d, 0x865d, 0x865d, 0x865d, 0x865d, 0x865d, 0x865d, 0x865d, 0x865d, 0x865d, 0x865d, 0x865d, 0x865d, 0x865d, 0x865d,
0x865d, 0x865d, 0x865d, 0x865d, 0x865d, 0x865d, 0x865d, 0x865d, 0x865d, 0x865d, 0x865d, 0x865d, 0x865d, 0x865d, 0x865d, 0x865d,
0x865d, 0x865d, 0x865d, 0x865d, 0x865d, 0x865d, 0x865d, 0x865d, 0x865d, 0x865d, 0x865d, 0x865d, 0x865d, 0x865d, 0x865d, 0x865d,
0x865d, 0x865d, 0x865d, 0x865d, 0x865d, 0x865d, 0x865d, 0x865d, 0x865d, 0x865d, 0x865d, 0x865d, 0x865d, 0x865d, 0x865d, 0x865d,
0x865d, 0x865d, 0x865d, 0x865d, 0x865d, 0x865d, 0x865d, 0x865d, 0x865d, 0x865d, 0x865d, 0x865d, 0x865d, 0x865d, 0x865d, 0x865d,
0x865d, 0x865d, 0x865d, 0x865d, 0x865d, 0x865d, 0x865d, 0x865d, 0x865d, 0x865d, 0x865d, 0x865d, 0x865d, 0x865d, 0x865d, 0x865d,
0x865d, 0x865d, 0x865d, 0x865d, 0x865d, 0x865d, 0x865d, 0x865d, 0x865d, 0x865d, 0x865d, 0x865d, 0x865d, 0x865d, 0x865d, 0x865d,
0x865d, 0x865d, 0x865d, 0x865d, 0x865d, 0x865d, 0x865d, 0x865d, 0x865d, 0x865d, 0x865d, 0x865d, 0x865d, 0x865d, 0x865d, 0x865d,
0x865d, 0x865d, 0x865d, 0x865d, 0x865d, 0x865d, 0x865d, 0x865d, 0x865d, 0x865d, 0x865d, 0x865d, 0x865d, 0x865d, 0x865d, 0x865d,
0x865d, 0x865d, 0x865d, 0x865d, 0x865d, 0x865d, 0x865d, 0x865d, 0x865d, 0x865d, 0x865d, 0x865d, 0x865d, 0x865d, 0x865d, 0x865d,
0x865d, 0x865d, 0x865d, 0x865d, 0x865d, 0x865d, 0x865d, 0x865d, 0x865d, 0x865d, 0x865d, 0x865d, 0x865d, 0x865d, 0x865d, 0x865d,
0x865d, 0x865d, 0x865d, 0x865d, 0x865d, 0x865d, 0x865d, 0x865d, 0x865d, 0x865d, 0x865d, 0x865d, 0x865d, 0x865d, 0x865d, 0x865d,
0x865d, 0x865d, 0x865d, 0x865d, 0x865d, 0x865d, 0x865d, 0x865d, 0x865d, 0x865d, 0x865d, 0x865d, 0x865d, 0x865d, 0x865d, 0x865d,

/* -3- */
0x865d, 0x865d, 0x865d, 0x865d, 0x865d, 0x865d, 0x865d, 0x865d, 0x865d, 0x865d, 0x865d, 0x865d, 0x865d, 0x865d, 0x865d, 0x865d,
0x865d, 0x865d, 0x865d, 0x865d, 0x865d, 0x865d, 0x865d, 0x865d, 0x865d, 0x865d, 0x865d, 0x865d, 0x865d, 0x865d, 0x865d, 0x865d,
0x865d, 0x865d, 0x865d, 0x865d, 0x865d, 0x865d, 0x865d, 0x865d, 0x865d, 0x865d, 0x865d, 0x865d, 0x865d, 0x865d, 0x865d, 0x865d,
0x865d, 0x865d, 0x865d, 0x865d, 0x865d, 0x865d, 0x865d, 0x865d, 0x865d, 0x865d, 0x865d, 0x865d, 0x865d, 0x865d, 0x865d, 0x865d,
0x865d, 0x865d, 0x865d, 0x865d, 0x865d, 0x865d, 0x865d, 0x865d, 0x865d, 0x865d, 0x865d, 0x865d, 0x865d, 0x865d, 0x865d, 0x865d,
0x865d, 0x865d, 0x865d, 0x865d, 0x865d, 0x865d, 0x865d, 0x865d, 0x865d, 0x865d, 0x865d, 0x865d, 0x865d, 0x865d, 0x865d, 0x865d,
0x865d, 0x865d, 0x865d, 0x865d, 0x865d, 0x865d, 0x865d, 0x865d, 0x865d, 0x865d, 0x865d, 0x865d, 0x865d, 0x865d, 0x865d, 0x865d,
0x865d, 0x865d, 0x865d, 0x865d, 0x865d, 0x865d, 0x865d, 0x865d, 0x865d, 0x865d, 0x865d, 0x865d, 0x865d, 0x865d, 0x865d, 0x865d,
0x865d, 0x865d, 0x865d, 0x865d, 0x865d, 0x865d, 0x865d, 0x865d, 0x865d, 0x865d, 0x865d, 0x865d, 0x865d, 0x865d, 0x865d, 0x865d,
0x865d, 0x865d, 0x865d, 0x865d, 0x865d, 0x865d, 0x865d, 0x865d, 0x865d, 0x865d, 0x865d, 0x865d, 0x865d, 0x865d, 0x865d, 0x865d,
0x865d, 0x865d, 0x865d, 0x865d, 0x865d, 0x865d, 0x865d, 0x865d, 0x865d, 0x865d, 0x865d, 0x865d, 0x865d, 0x865d, 0x865d, 0x865d,
0x865d, 0x865d, 0x865d, 0x865d, 0x865d, 0x865d, 0x865d, 0x865d, 0x865d, 0x865d, 0x865d, 0x865d, 0x865d, 0x865d, 0x865d, 0x865d,
0x865d, 0x865d, 0x865d, 0x865d, 0x865d, 0x865d, 0x865d, 0x865d, 0x865d, 0x865d, 0x865d, 0x865d, 0x865d, 0x865d, 0x865d, 0x865d,
0x865d, 0x865d, 0x865d, 0x865d, 0x865d, 0x865d, 0x865d, 0x865d, 0x865d, 0x865d, 0x865d, 0x865d, 0x865d, 0x865d, 0x865d, 0x865d,
0x865d, 0x865d, 0x865d, 0x865d, 0x865d, 0x865d, 0x865d, 0x865d, 0x865d, 0x865d, 0x865d, 0x865d, 0x865d, 0x865d, 0x865d, 0x865d,
0x865d, 0x865d, 0x865d, 0x865d, 0x865d, 0x865d, 0x865d, 0x865d, 0x865d, 0x865d, 0x865d, 0x865d, 0x865d, 0x865d, 0x865d, 0x865d,
0x865d, 0x865d, 0x865d, 0x865d, 0x865d, 0x865d, 0x865d, 0x865d, 0x865d, 0x865d, 0x865d, 0x865d, 0x865d, 0x865d, 0x865d, 0x865d,
0x865d, 0x865d, 0x865d, 0x865d, 0x865d, 0x865d, 0x865d, 0x865d, 0x865d, 0x865d, 0x865d, 0x865d, 0x865d, 0x865d, 0x865d, 0x865d,
0x865d, 0x865d, 0x865d, 0x865d, 0x865d, 0x865d, 0x865d, 0x865d, 0x865d, 0x865d, 0x865d, 0x865d, 0x865d, 0x865d, 0x865d, 0x865d,
0x865d, 0x865d, 0x865d, 0x865d, 0x865d, 0x865d, 0x865d, 0x865d, 0x865d, 0x865d, 0x865d, 0x865d, 0x865d, 0x865d, 0x865d, 0x865d,
0x865d, 0x865d, 0x865d, 0x865d, 0x865d, 0x865d, 0x865d, 0x865d, 0x865d, 0x865d, 0x865d, 0x865d, 0x865d, 0x865d, 0x865d, 0x865d,
0x865d, 0x865d, 0x865d, 0x865d, 0x865d, 0x865d, 0x865d, 0x865d, 0x865d, 0x865d, 0x865d, 0x865d, 0x865d, 0x865d, 0x865d, 0x865d,
0x865d, 0x865d, 0x865d, 0x865d, 0x865d, 0x865d, 0x865d, 0x865d, 0x865d, 0x865d, 0x865d, 0x865d, 0x865d, 0x865d, 0x865d, 0x865d,
0x865d, 0x865d, 0x865d, 0x865d, 0x865d, 0x865d, 0x865d, 0x865d, 0x865d, 0x865d, 0x865d, 0x865d, 0x865d, 0x865d, 0x865d, 0x865d,
0x865d, 0x865d, 0x865d, 0x865d, 0x865d, 0x865d, 0x865d, 0x865d, 0x865d, 0x865d, 0x865d, 0x865d, 0x865d, 0x865d, 0x865d, 0x865d,
0x865d, 0x865d, 0x865d, 0x865d, 0x865d, 0x865d, 0x865d, 0x865d, 0x865d, 0x865d, 0x865d, 0x865d, 0x865d, 0x865d, 0x865d, 0x865d,
0x865d, 0x865d, 0x865d, 0x865d, 0x865d, 0x865d, 0x865d, 0x865d, 0x865d, 0x865d, 0x865d, 0x865d, 0x865d, 0x865d, 0x865d, 0x865d,
0x865d, 0x865d, 0x865d, 0x865d, 0x865d, 0x865d, 0x865d, 0x865d, 0x865d, 0x865d, 0x865d, 0x865d, 0x865d, 0x865d, 0x865d, 0x865d,
0x865d, 0x865d, 0x865d, 0x865d, 0x865d, 0x865d, 0x865d, 0x865d, 0x865d, 0x865d, 0x865d, 0x865d, 0x865d, 0x865d, 0x865d, 0x865d,
0x865d, 0x865d, 0x865d, 0x865d, 0x865d, 0x865d, 0x865d, 0x865d, 0x865d, 0x865d, 0x865d, 0x865d, 0x865d, 0x865d, 0x865d, 0x865d,
0x865d, 0x865d, 0x865d, 0x865d, 0x865d, 0x865d, 0x865d, 0x865d, 0x865d, 0x865d, 0x865d, 0x865d, 0x865d, 0x865d, 0x865d, 0x865d,
0x865d, 0x865d, 0x865d, 0x865d, 0x865d, 0x865d, 0x865d, 0x865d, 0x865d, 0x865d, 0x865d, 0x865d, 0x865d, 0x865d, 0x865d, 0x865d,
0x865d, 0x865d, 0x865d, 0x865d, 0x865d, 0x865d, 0x865d, 0x865d, 0x865d, 0x865d, 0x865d, 0x865d, 0x865d, 0x865d, 0x865d, 0x865d,
0x865d, 0x865d, 0x865d, 0x865d, 0x865d, 0x865d, 0x865d, 0x865d, 0x865d, 0x865d, 0x865d, 0x865d, 0x865d, 0x865d, 0x865d, 0x865d,
0x865d, 0x865d, 0x865d, 0x865d, 0x865d, 0x865d, 0x865d, 0x865d, 0x865d, 0x865d, 0x865d, 0x865d, 0x865d, 0x865d, 0x865d, 0x865d,
0x865d, 0x865d, 0x865d, 0x865d, 0x865d, 0x865d, 0x865d, 0x865d, 0x865d, 0x865d, 0x865d, 0x865d, 0x865d, 0x865d, 0x865d, 0x865d,
0x865d, 0x865d, 0x865d, 0x865d, 0x865d, 0x865d, 0x865d, 0x865d, 0x865d, 0x865d, 0x865d, 0x865d, 0x865d, 0x865d, 0x865d, 0x865d,
0x865d, 0x865d, 0x865d, 0x865d, 0x865d, 0x865d, 0x865d, 0x865d, 0x865d, 0x865d, 0x865d, 0x865d, 0x865d, 0x865d, 0x865d, 0x865d,
0x865d, 0x865d, 0x865d, 0x865d, 0x865d, 0x865d, 0x865d, 0x865d, 0x865d, 0x865d, 0x865d, 0x865d, 0x865d, 0x865d, 0x865d, 0x865d,
0x865d, 0x865d, 0x865d, 0x865d, 0x865d, 0x865d, 0x865d, 0x865d, 0x865d, 0x865d, 0x865d, 0x865d, 0x865d, 0x865d, 0x865d, 0x865d,
0x865d, 0x865d, 0x865d, 0x865d, 0x865d, 0x865d, 0x865d, 0x865d, 0x865d, 0x865d, 0x865d, 0x865d, 0x865d, 0x865d, 0x865d, 0x865d,
0x865d, 0x865d, 0x865d, 0x865d, 0x865d, 0x865d, 0x865d, 0x865d, 0x865d, 0x865d, 0x865d, 0x865d, 0x865d, 0x865d, 0x865d, 0x865d,
0x865d, 0x865d, 0x865d, 0x865d, 0x865d, 0x865d, 0x865d, 0x865d, 0x865d, 0x865d, 0x865d, 0x865d, 0x865d, 0x865d, 0x865d, 0x865d,
0x865d, 0x865d, 0x865d, 0x865d, 0x865d, 0x865d, 0x865d, 0x865d, 0x865d, 0x865d, 0x865d, 0x865d, 0x865d, 0x865d, 0x865d, 0x865d,
0x865d, 0x865d, 0x865d, 0x865d, 0x865d, 0x865d, 0x865d, 0x865d, 0x865d, 0x865d, 0x865d, 0x865d, 0x865d, 0x865d, 0x865d, 0x865d,
0x865d, 0x865d, 0x865d, 0x865d, 0x865d, 0x865d, 0x865d, 0x865d, 0x865d, 0x865d, 0x865d, 0x865d, 0x865d, 0x865d, 0x865d, 0x865d,
0x865d, 0x865d, 0x865d, 0x865d, 0x865d, 0x865d, 0x865d, 0x865d, 0x865d, 0x865d, 0x865d, 0x865d, 0x865d, 0x865d, 0x865d, 0x865d,
0x865d, 0x865d, 0x865d, 0x865d, 0x865d, 0x865d, 0x865d, 0x865d, 0x865d, 0x865d, 0x865d, 0x865d, 0x865d, 0x865d, 0x865d, 0x865d,
0x865d, 0x865d, 0x865d, 0x865d, 0x865d, 0x865d, 0x865d, 0x865d, 0x865d, 0x865d, 0x865d, 0x865d, 0x865d, 0x865d, 0x865d, 0x865d,
0x865d, 0x865d, 0x865d, 0x865d, 0x865d, 0x865d, 0x865d, 0x865d, 0x865d, 0x865d, 0x865d, 0x865d, 0x865d, 0x865d, 0x865d, 0x865d,
0x865d, 0x865d, 0x865d, 0x865d, 0x865d, 0x865d, 0x865d, 0x865d, 0x865d, 0x865d, 0x865d, 0x865d, 0x865d, 0x865d, 0x865d, 0x865d,
0x865d, 0x865d, 0x865d, 0x865d, 0x865d, 0x865d, 0x865d, 0x865d, 0x865d, 0x865d, 0x865d, 0x865d, 0x865d, 0x865d, 0x865d, 0x865d,
0x865d, 0x865d, 0x865d, 0x865d, 0x865d, 0x865d, 0x865d, 0x865d, 0x865d, 0x865d, 0x865d, 0x865d, 0x865d, 0x865d, 0x865d, 0x865d,
0x865d, 0x865d, 0x865d, 0x865d, 0x865d, 0x865d, 0x865d, 0x865d, 0x865d, 0x865d, 0x865d, 0x865d, 0x865d, 0x865d, 0x865d, 0x865d,
0x865d, 0x865d, 0x865d, 0x865d, 0x865d, 0x865d, 0x865d, 0x865d, 0x865d, 0x865d, 0x865d, 0x865d, 0x865d, 0x865d, 0x865d, 0x865d,
0x865d, 0x865d, 0x865d, 0x865d, 0x865d, 0x865d, 0x865d, 0x865d, 0x865d, 0x865d, 0x865d, 0x865d, 0x865d, 0x865d, 0x865d, 0x865d,
0x865d, 0x865d, 0x865d, 0x865d, 0x865d, 0x865d, 0x865d, 0x865d, 0x865d, 0x865d, 0x865d, 0x865d, 0x865d, 0x865d, 0x865d, 0x865d,
0x865d, 0x865d, 0x865d, 0x865d, 0x865d, 0x865d, 0x865d, 0x865d, 0x865d, 0x865d, 0x865d, 0x865d, 0x865d, 0x865d, 0x865d, 0x865d,
0x865d, 0x865d, 0x865d, 0x865d, 0x865d, 0x865d, 0x865d, 0x865d, 0x865d, 0x865d, 0x865d, 0x865d, 0x865d, 0x865d, 0x865d, 0x865d,
0x865d, 0x865d, 0x865d, 0x865d, 0x865d, 0x865d, 0x865d, 0x865d, 0x865d, 0x865d, 0x865d, 0x865d, 0x865d, 0x865d, 0x865d, 0x865d,
0x865d, 0x865d, 0x865d, 0x865d, 0x865d, 0x865d, 0x865d, 0x865d, 0x865d, 0x865d, 0x865d, 0x865d, 0x865d, 0x865d, 0x865d, 0x865d,
0x865d, 0x865d, 0x865d, 0x865d, 0x865d, 0x865d, 0x865d, 0x865d, 0x865d, 0x865d, 0x865d, 0x865d, 0x865d, 0x865d, 0x865d, 0x865d,
0x865d, 0x865d, 0x865d, 0x865d, 0x865d, 0x865d, 0x865d, 0x865d, 0x865d, 0x865d, 0x865d, 0x865d, 0x865d, 0x865d, 0x865d, 0x865d,
0x865d, 0x865d, 0x865d, 0x865d, 0x865d, 0x865d, 0x865d, 0x865d, 0x865d, 0x865d, 0x865d, 0x865d, 0x865d, 0x865d, 0x865d, 0x865d,
0x865d, 0x865d, 0x865d, 0x865d, 0x865d, 0x865d, 0x865d, 0x865d, 0x865d, 0x865d, 0x865d, 0x865d, 0x865d, 0x865d, 0x865d, 0x865d,

/* -4- */
0x865d, 0x865d, 0x865d, 0x865d, 0x865d, 0x865d, 0x865d, 0x865d, 0x865d, 0x865d, 0x865d, 0x865d, 0x865d, 0x865d, 0x865d, 0x865d,
0x865d, 0x865d, 0x865d, 0x865d, 0x865d, 0x865d, 0x865d, 0x865d, 0x865d, 0x865d, 0x865d, 0x865d, 0x865d, 0x865d, 0x865d, 0x865d,
0x865d, 0x865d, 0x865d, 0x865d, 0x865d, 0x865d, 0x865d, 0x865d, 0x865d, 0x865d, 0x865d, 0x865d, 0x865d, 0x865d, 0x865d, 0x865d,
0x865d, 0x865d, 0x865d, 0x865d, 0x865d, 0x865d, 0x865d, 0x865d, 0x865d, 0x865d, 0x865d, 0x865d, 0x865d, 0x865d, 0x865d, 0x865d,
0x865d, 0x865d, 0x865d, 0x865d, 0x865d, 0x865d, 0x865d, 0x865d, 0x865d, 0x865d, 0x865d, 0x865d, 0x865d, 0x865d, 0x865d, 0x865d,
0x865d, 0x865d, 0x865d, 0x865d, 0x865d, 0x865d, 0x865d, 0x865d, 0x865d, 0x865d, 0x865d, 0x865d, 0x865d, 0x865d, 0x865d, 0x865d,
0x865d, 0x865d, 0x865d, 0x865d, 0x865d, 0x865d, 0x865d, 0x865d, 0x865d, 0x865d, 0x865d, 0x865d, 0x865d, 0x865d, 0x865d, 0x865d,
0x865d, 0x865d, 0x865d, 0x865d, 0x865d, 0x865d, 0x865d, 0x865d, 0x865d, 0x865d, 0x865d, 0x865d, 0x865d, 0x865d, 0x865d, 0x865d,
0x865d, 0x865d, 0x865d, 0x865d, 0x865d, 0x865d, 0x865d, 0x865d, 0x865d, 0x865d, 0x865d, 0x865d, 0x865d, 0x865d, 0x865d, 0x865d,
0x865d, 0x865d, 0x865d, 0x865d, 0x865d, 0x865d, 0x865d, 0x865d, 0x865d, 0x865d, 0x865d, 0x865d, 0x865d, 0x865d, 0x865d, 0x865d,
0x865d, 0x865d, 0x865d, 0x865d, 0x865d, 0x865d, 0x865d, 0x865d, 0x865d, 0x865d, 0x865d, 0x865d, 0x865d, 0x865d, 0x865d, 0x865d,
0x865d, 0x865d, 0x865d, 0x865d, 0x865d, 0x865d, 0x865d, 0x865d, 0x865d, 0x865d, 0x865d, 0x865d, 0x865d, 0x865d, 0x865d, 0x865d,
0x865d, 0x865d, 0x865d, 0x865d, 0x865d, 0x865d, 0x865d, 0x865d, 0x865d, 0x865d, 0x865d, 0x865d, 0x865d, 0x865d, 0x865d, 0x865d,
0x865d, 0x865d, 0x865d, 0x865d, 0x865d, 0x865d, 0x865d, 0x865d, 0x865d, 0x865d, 0x865d, 0x865d, 0x865d, 0x865d, 0x865d, 0x865d,
0x865d, 0x865d, 0x865d, 0x865d, 0x865d, 0x865d, 0x865d, 0x865d, 0x865d, 0x865d, 0x865d, 0x865d, 0x865d, 0x865d, 0x865d, 0x865d,
0x865d, 0x865d, 0x865d, 0x865d, 0x865d, 0x865d, 0x865d, 0x865d, 0x865d, 0x865d, 0x865d, 0x865d, 0x865d, 0x865d, 0x865d, 0x865d,
0x865d, 0x865d, 0x865d, 0x865d, 0x865d, 0x865d, 0x865d, 0x865d, 0x865d, 0x865d, 0x865d, 0x865d, 0x865d, 0x865d, 0x865d, 0x865d,
0x865d, 0x865d, 0x865d, 0x865d, 0x865d, 0x865d, 0x865d, 0x865d, 0x865d, 0x865d, 0x865d, 0x865d, 0x865d, 0x865d, 0x865d, 0x865d,
0x865d, 0x865d, 0x865d, 0x865d, 0x865d, 0x865d, 0x865d, 0x865d, 0x865d, 0x865d, 0x865d, 0x865d, 0x865d, 0x865d, 0x865d, 0x865d,
0x865d, 0x865d, 0x865d, 0x865d, 0x865d, 0x865d, 0x865d, 0x865d, 0x865d, 0x865d, 0x865d, 0x865d, 0x865d, 0x865d, 0x865d, 0x865d,
0x865d, 0x865d, 0x865d, 0x865d, 0x865d, 0x865d, 0x865d, 0x865d, 0x865d, 0x865d, 0x865d, 0x865d, 0x865d, 0x865d, 0x865d, 0x865d,
0x865d, 0x865d, 0x865d, 0x865d, 0x865d, 0x865d, 0x865d, 0x865d, 0x865d, 0x865d, 0x865d, 0x865d, 0x865d, 0x865d, 0x865d, 0x865d,
0x865d, 0x865d, 0x865d, 0x865d, 0x865d, 0x865d, 0x865d, 0x865d, 0x865d, 0x865d, 0x865d, 0x865d, 0x865d, 0x865d, 0x865d, 0x865d,
0x865d, 0x865d, 0x865d, 0x865d, 0x865d, 0x865d, 0x865d, 0x865d, 0x865d, 0x865d, 0x865d, 0x865d, 0x865d, 0x865d, 0x865d, 0x865d,
0x865d, 0x865d, 0x865d, 0x865d, 0x865d, 0x865d, 0x865d, 0x865d, 0x865d, 0x865d, 0x865d, 0x865d, 0x865d, 0x865d, 0x865d, 0x865d,
0x865d, 0x865d, 0x865d, 0x865d, 0x865d, 0x865d, 0x865d, 0x865d, 0x865d, 0x865d, 0x865d, 0x865d, 0x865d, 0x865d, 0x865d, 0x865d,
0x865d, 0x865d, 0x865d, 0x865d, 0x865d, 0x865d, 0x865d, 0x865d, 0x865d, 0x865d, 0x865d, 0x865d, 0x865d, 0x865d, 0x865d, 0x865d,
0x865d, 0x865d, 0x865d, 0x865d, 0x865d, 0x865d, 0x865d, 0x865d, 0x865d, 0x865d, 0x865d, 0x865d, 0x865d, 0x865d, 0x865d, 0x865d,
0x865d, 0x865d, 0x865d, 0x865d, 0x865d, 0x865d, 0x865d, 0x865d, 0x865d, 0x865d, 0x865d, 0x865d, 0x865d, 0x865d, 0x865d, 0x865d,
0x865d, 0x865d, 0x865d, 0x865d, 0x865d, 0x865d, 0x865d, 0x865d, 0x865d, 0x865d, 0x865d, 0x865d, 0x865d, 0x865d, 0x865d, 0x865d,
0x865d, 0x865d, 0x865d, 0x865d, 0x865d, 0x865d, 0x865d, 0x865d, 0x865d, 0x865d, 0x865d, 0x865d, 0x865d, 0x865d, 0x865d, 0x865d,
0x865d, 0x865d, 0x865d, 0x865d, 0x865d, 0x865d, 0x865d, 0x865d, 0x865d, 0x865d, 0x865d, 0x865d, 0x865d, 0x865d, 0x865d, 0x865d,
0x865d, 0x865d, 0x865d, 0x865d, 0x865d, 0x865d, 0x865d, 0x865d, 0x865d, 0x865d, 0x865d, 0x865d, 0x865d, 0x865d, 0x865d, 0x865d,
0x865d, 0x865d, 0x865d, 0x865d, 0x865d, 0x865d, 0x865d, 0x865d, 0x865d, 0x865d, 0x865d, 0x865d, 0x865d, 0x865d, 0x865d, 0x865d,
0x865d, 0x865d, 0x865d, 0x865d, 0x865d, 0x865d, 0x865d, 0x865d, 0x865d, 0x865d, 0x865d, 0x865d, 0x865d, 0x865d, 0x865d, 0x865d,
0x865d, 0x865d, 0x865d, 0x865d, 0x865d, 0x865d, 0x865d, 0x865d, 0x865d, 0x865d, 0x865d, 0x865d, 0x865d, 0x865d, 0x865d, 0x865d,
0x865d, 0x865d, 0x865d, 0x865d, 0x865d, 0x865d, 0x865d, 0x865d, 0x865d, 0x865d, 0x865d, 0x865d, 0x865d, 0x865d, 0x865d, 0x865d,
0x865d, 0x865d, 0x865d, 0x865d, 0x865d, 0x865d, 0x865d, 0x865d, 0x865d, 0x865d, 0x865d, 0x865d, 0x865d, 0x865d, 0x865d, 0x865d,
0x865d, 0x865d, 0x865d, 0x865d, 0x865d, 0x865d, 0x865d, 0x865d, 0x865d, 0x865d, 0x865d, 0x865d, 0x865d, 0x865d, 0x865d, 0x865d,
0x865d, 0x865d, 0x865d, 0x865d, 0x865d, 0x865d, 0x865d, 0x865d, 0x865d, 0x865d, 0x865d, 0x865d, 0x865d, 0x865d, 0x865d, 0x865d,
0x865d, 0x865d, 0x865d, 0x865d, 0x865d, 0x865d, 0x865d, 0x865d, 0x865d, 0x865d, 0x865d, 0x865d, 0x865d, 0x865d, 0x865d, 0x865d,
0x865d, 0x865d, 0x865d, 0x865d, 0x865d, 0x865d, 0x865d, 0x865d, 0x865d, 0x865d, 0x865d, 0x865d, 0x865d, 0x865d, 0x865d, 0x865d,
0x865d, 0x865d, 0x865d, 0x865d, 0x865d, 0x865d, 0x865d, 0x865d, 0x865d, 0x865d, 0x865d, 0x865d, 0x865d, 0x865d, 0x865d, 0x865d,
0x865d, 0x865d, 0x865d, 0x865d, 0x865d, 0x865d, 0x865d, 0x865d, 0x865d, 0x865d, 0x865d, 0x865d, 0x865d, 0x865d, 0x865d, 0x865d,
0x865d, 0x865d, 0x865d, 0x865d, 0x865d, 0x865d, 0x865d, 0x865d, 0x865d, 0x865d, 0x865d, 0x865d, 0x865d, 0x865d, 0x865d, 0x865d,
0x865d, 0x865d, 0x865d, 0x865d, 0x865d, 0x865d, 0x865d, 0x865d, 0x865d, 0x865d, 0x865d, 0x865d, 0x865d, 0x865d, 0x865d, 0x865d,
0x865d, 0x865d, 0x865d, 0x865d, 0x865d, 0x865d, 0x865d, 0x865d, 0x865d, 0x865d, 0x865d, 0x865d, 0x865d, 0x865d, 0x865d, 0x865d,
0x865d, 0x865d, 0x865d, 0x865d, 0x865d, 0x865d, 0x865d, 0x865d, 0x865d, 0x865d, 0x865d, 0x865d, 0x865d, 0x865d, 0x865d, 0x865d,
0x865d, 0x865d, 0x865d, 0x865d, 0x865d, 0x865d, 0x865d, 0x865d, 0x865d, 0x865d, 0x865d, 0x865d, 0x865d, 0x865d, 0x865d, 0x865d,
0x865d, 0x865d, 0x865d, 0x865d, 0x865d, 0x865d, 0x865d, 0x865d, 0x865d, 0x865d, 0x865d, 0x865d, 0x865d, 0x865d, 0x865d, 0x865d,
0x865d, 0x865d, 0x865d, 0x865d, 0x865d, 0x865d, 0x865d, 0x865d, 0x865d, 0x865d, 0x865d, 0x865d, 0x865d, 0x865d, 0x865d, 0x865d,
0x865d, 0x865d, 0x865d, 0x865d, 0x865d, 0x865d, 0x865d, 0x865d, 0x865d, 0x865d, 0x865d, 0x865d, 0x865d, 0x865d, 0x865d, 0x865d,
0x865d, 0x865d, 0x865d, 0x865d, 0x865d, 0x865d, 0x865d, 0x865d, 0x865d, 0x865d, 0x865d, 0x865d, 0x865d, 0x865d, 0x865d, 0x865d,
0x865d, 0x865d, 0x865d, 0x865d, 0x865d, 0x865d, 0x865d, 0x865d, 0x865d, 0x865d, 0x865d, 0x865d, 0x865d, 0x865d, 0x865d, 0x865d,
0x865d, 0x865d, 0x865d, 0x865d, 0x865d, 0x865d, 0x865d, 0x865d, 0x865d, 0x865d, 0x865d, 0x865d, 0x865d, 0x865d, 0x865d, 0x865d,
0x865d, 0x865d, 0x865d, 0x865d, 0x865d, 0x865d, 0x865d, 0x865d, 0x865d, 0x865d, 0x865d, 0x865d, 0x865d, 0x865d, 0x865d, 0x865d,
0x865d, 0x865d, 0x865d, 0x865d, 0x865d, 0x865d, 0x865d, 0x865d, 0x865d, 0x865d, 0x865d, 0x865d, 0x865d, 0x865d, 0x865d, 0x865d,
0x865d, 0x865d, 0x865d, 0x865d, 0x865d, 0x865d, 0x865d, 0x865d, 0x865d, 0x865d, 0x865d, 0x865d, 0x865d, 0x865d, 0x865d, 0x865d,
0x865d, 0x865d, 0x865d, 0x865d, 0x865d, 0x865d, 0x865d, 0x865d, 0x865d, 0x865d, 0x865d, 0x865d, 0x865d, 0x865d, 0x865d, 0x865d,
0x865d, 0x865d, 0x865d, 0x865d, 0x865d, 0x865d, 0x865d, 0x865d, 0x865d, 0x865d, 0x865d, 0x865d, 0x865d, 0x865d, 0x865d, 0x865d,
0x865d, 0x865d, 0x865d, 0x865d, 0x865d, 0x865d, 0x865d, 0x865d, 0x865d, 0x865d, 0x865d, 0x865d, 0x865d, 0x865d, 0x865d, 0x865d,
0x865d, 0x865d, 0x865d, 0x865d, 0x865d, 0x865d, 0x865d, 0x865d, 0x865d, 0x865d, 0x865d, 0x865d, 0x865d, 0x865d, 0x865d, 0x865d,
0x865d, 0x865d, 0x865d, 0x865d, 0x865d, 0x865d, 0x865d, 0x865d, 0x865d, 0x865d, 0x865d, 0x865d, 0x865d, 0x865d, 0x865d, 0x865d,
0x865d, 0x865d, 0x865d, 0x865d, 0x865d, 0x865d, 0x865d, 0x865d, 0x865d, 0x865d, 0x865d, 0x865d, 0x865d, 0x865d, 0x865d, 0x865d,
0x865d, 0x865d, 0x865d, 0x865d, 0x865d, 0x865d, 0x865d, 0x865d, 0x865d, 0x865d, 0x865d, 0x865d, 0x865d, 0x865d, 0x865d, 0x865d,

/* -5- */
0x865d, 0x865d, 0x865d, 0x865d, 0x865d, 0x865d, 0x865d, 0x865d, 0x865d, 0x865d, 0x865d, 0x865d, 0x865d, 0x865d, 0x865d, 0x865d,
0x865d, 0x865d, 0x865d, 0x865d, 0x865d, 0x865d, 0x865d, 0x865d, 0x865d, 0x865d, 0x865d, 0x865d, 0x865d, 0x865d, 0x865d, 0x865d,
0x865d, 0x865d, 0x865d, 0x865d, 0x865d, 0x865d, 0x865d, 0x865d, 0x865d, 0x865d, 0x865d, 0x865d, 0x865d, 0x865d, 0x865d, 0x865d,
0x865d, 0x865d, 0x865d, 0x865d, 0x865d, 0x865d, 0x865d, 0x865d, 0x865d, 0x865d, 0x865d, 0x865d, 0x865d, 0x865d, 0x865d, 0x865d,
0x865d, 0x865d, 0x865d, 0x865d, 0x865d, 0x865d, 0x865d, 0x865d, 0x865d, 0x865d, 0x865d, 0x865d, 0x865d, 0x865d, 0x865d, 0x865d,
0x865d, 0x865d, 0x865d, 0x865d, 0x865d, 0x865d, 0x865d, 0x865d, 0x865d, 0x865d, 0x865d, 0x865d, 0x865d, 0x865d, 0x865d, 0x865d,
0x865d, 0x865d, 0x865d, 0x865d, 0x865d, 0x865d, 0x865d, 0x865d, 0x865d, 0x865d, 0x865d, 0x865d, 0x865d, 0x865d, 0x865d, 0x865d,
0x865d, 0x865d, 0x865d, 0x865d, 0x865d, 0x865d, 0x865d, 0x865d, 0x865d, 0x865d, 0x865d, 0x865d, 0x865d, 0x865d, 0x865d, 0x865d,
0x865d, 0x865d, 0x865d, 0x865d, 0x865d, 0x865d, 0x865d, 0x865d, 0x865d, 0x865d, 0x865d, 0x865d, 0x865d, 0x865d, 0x865d, 0x865d,
0x865d, 0x865d, 0x865d, 0x865d, 0x865d, 0x865d, 0x865d, 0x865d, 0x865d, 0x865d, 0x865d, 0x865d, 0x865d, 0x865d, 0x865d, 0x865d,
0x865d, 0x865d, 0x865d, 0x865d, 0x865d, 0x865d, 0x865d, 0x865d, 0x865d, 0x865d, 0x865d, 0x865d, 0x865d, 0x865d, 0x865d, 0x865d,
0x865d, 0x865d, 0x865d, 0x865d, 0x865d, 0x865d, 0x865d, 0x865d, 0x865d, 0x865d, 0x865d, 0x865d, 0x865d, 0x865d, 0x865d, 0x865d,
0x865d, 0x865d, 0x865d, 0x865d, 0x865d, 0x865d, 0x865d, 0x865d, 0x865d, 0x865d, 0x865d, 0x865d, 0x865d, 0x865d, 0x865d, 0x865d,
0x865d, 0x865d, 0x865d, 0x865d, 0x865d, 0x865d, 0x865d, 0x865d, 0x865d, 0x865d, 0x865d, 0x865d, 0x865d, 0x865d, 0x865d, 0x865d,
0x865d, 0x865d, 0x865d, 0x865d, 0x865d, 0x865d, 0x865d, 0x865d, 0x865d, 0x865d, 0x865d, 0x865d, 0x865d, 0x865d, 0x865d, 0x865d,
0x865d, 0x865d, 0x865d, 0x865d, 0x865d, 0x865d, 0x865d, 0x865d, 0x865d, 0x865d, 0x865d, 0x865d, 0x865d, 0x865d, 0x865d, 0x865d,
0x865d, 0x865d, 0x865d, 0x865d, 0x865d, 0x865d, 0x865d, 0x865d, 0x865d, 0x865d, 0x865d, 0x865d, 0x865d, 0x865d, 0x865d, 0x865d,
0x865d, 0x865d, 0x865d, 0x865d, 0x865d, 0x865d, 0x865d, 0x865d, 0x865d, 0x865d, 0x865d, 0x865d, 0x865d, 0x865d, 0x865d, 0x865d,
0x865d, 0x865d, 0x865d, 0x865d, 0x865d, 0x865d, 0x865d, 0x865d, 0x865d, 0x865d, 0x865d, 0x865d, 0x865d, 0x865d, 0x865d, 0x865d,
0x865d, 0x865d, 0x865d, 0x865d, 0x865d, 0x865d, 0x865d, 0x865d, 0x865d, 0x865d, 0x865d, 0x865d, 0x865d, 0x865d, 0x865d, 0x865d,
0x865d, 0x865d, 0x865d, 0x865d, 0x865d, 0x865d, 0x865d, 0x865d, 0x865d, 0x865d, 0x865d, 0x865d, 0x865d, 0x865d, 0x865d, 0x865d,
0x865d, 0x865d, 0x865d, 0x865d, 0x865d, 0x865d, 0x865d, 0x865d, 0x865d, 0x865d, 0x865d, 0x865d, 0x865d, 0x865d, 0x865d, 0x865d,
0x865d, 0x865d, 0x865d, 0x865d, 0x865d, 0x865d, 0x865d, 0x865d, 0x865d, 0x865d, 0x865d, 0x865d, 0x865d, 0x865d, 0x865d, 0x865d,
0x865d, 0x865d, 0x865d, 0x865d, 0x865d, 0x865d, 0x865d, 0x865d, 0x865d, 0x865d, 0x865d, 0x865d, 0x865d, 0x865d, 0x865d, 0x865d,
0x865d, 0x865d, 0x865d, 0x865d, 0x865d, 0x865d, 0x865d, 0x865d, 0x865d, 0x865d, 0x865d, 0x865d, 0x865d, 0x865d, 0x865d, 0x865d,
0x865d, 0x865d, 0x865d, 0x865d, 0x865d, 0x865d, 0x865d, 0x865d, 0x865d, 0x865d, 0x865d, 0x865d, 0x865d, 0x865d, 0x865d, 0x865d,
0x865d, 0x865d, 0x865d, 0x865d, 0x865d, 0x865d, 0x865d, 0x865d, 0x865d, 0x865d, 0x865d, 0x865d, 0x865d, 0x865d, 0x865d, 0x865d,
0x865d, 0x865d, 0x865d, 0x865d, 0x865d, 0x865d, 0x865d, 0x865d, 0x865d, 0x865d, 0x865d, 0x865d, 0x865d, 0x865d, 0x865d, 0x865d,
0x865d, 0x865d, 0x865d, 0x865d, 0x865d, 0x865d, 0x865d, 0x865d, 0x865d, 0x865d, 0x865d, 0x865d, 0x865d, 0x865d, 0x865d, 0x865d,
0x865d, 0x865d, 0x865d, 0x865d, 0x865d, 0x865d, 0x865d, 0x865d, 0x865d, 0x865d, 0x865d, 0x865d, 0x865d, 0x865d, 0x865d, 0x865d,
0x865d, 0x865d, 0x865d, 0x865d, 0x865d, 0x865d, 0x865d, 0x865d, 0x865d, 0x865d, 0x865d, 0x865d, 0x865d, 0x865d, 0x865d, 0x865d,
0x865d, 0x865d, 0x865d, 0x865d, 0x865d, 0x865d, 0x865d, 0x865d, 0x865d, 0x865d, 0x865d, 0x865d, 0x865d, 0x865d, 0x865d, 0x865d,
0x865d, 0x865d, 0x865d, 0x865d, 0x865d, 0x865d, 0x865d, 0x865d, 0x865d, 0x865d, 0x865d, 0x865d, 0x865d, 0x865d, 0x865d, 0x865d,
0x865d, 0x865d, 0x865d, 0x865d, 0x865d, 0x865d, 0x865d, 0x865d, 0x865d, 0x865d, 0x865d, 0x865d, 0x865d, 0x865d, 0x865d, 0x865d,
0x865d, 0x865d, 0x865d, 0x865d, 0x865d, 0x865d, 0x865d, 0x865d, 0x865d, 0x865d, 0x865d, 0x865d, 0x865d, 0x865d, 0x865d, 0x865d,
0x865d, 0x865d, 0x865d, 0x865d, 0x865d, 0x865d, 0x865d, 0x865d, 0x865d, 0x865d, 0x865d, 0x865d, 0x865d, 0x865d, 0x865d, 0x865d,
0x865d, 0x865d, 0x865d, 0x865d, 0x865d, 0x865d, 0x865d, 0x865d, 0x865d, 0x865d, 0x865d, 0x865d, 0x865d, 0x865d, 0x865d, 0x865d,
0x865d, 0x865d, 0x865d, 0x865d, 0x865d, 0x865d, 0x865d, 0x865d, 0x865d, 0x865d, 0x865d, 0x865d, 0x865d, 0x865d, 0x865d, 0x865d,
0x865d, 0x865d, 0x865d, 0x865d, 0x865d, 0x865d, 0x865d, 0x865d, 0x865d, 0x865d, 0x865d, 0x865d, 0x865d, 0x865d, 0x865d, 0x865d,
0x865d, 0x865d, 0x865d, 0x865d, 0x865d, 0x865d, 0x865d, 0x865d, 0x865d, 0x865d, 0x865d, 0x865d, 0x865d, 0x865d, 0x865d, 0x865d,
0x865d, 0x865d, 0x865d, 0x865d, 0x865d, 0x865d, 0x865d, 0x865d, 0x865d, 0x865d, 0x865d, 0x865d, 0x865d, 0x865d, 0x865d, 0x865d,
0x865d, 0x865d, 0x865d, 0x865d, 0x865d, 0x865d, 0x865d, 0x865d, 0x865d, 0x865d, 0x865d, 0x865d, 0x865d, 0x865d, 0x865d, 0x865d,
0x865d, 0x865d, 0x865d, 0x865d, 0x865d, 0x865d, 0x865d, 0x865d, 0x865d, 0x865d, 0x865d, 0x865d, 0x865d, 0x865d, 0x865d, 0x865d,
0x865d, 0x865d, 0x865d, 0x865d, 0x865d, 0x865d, 0x865d, 0x865d, 0x865d, 0x865d, 0x865d, 0x865d, 0x865d, 0x865d, 0x865d, 0x865d,
0x865d, 0x865d, 0x865d, 0x865d, 0x865d, 0x865d, 0x865d, 0x865d, 0x865d, 0x865d, 0x865d, 0x865d, 0x865d, 0x865d, 0x865d, 0x865d,
0x865d, 0x865d, 0x865d, 0x865d, 0x865d, 0x865d, 0x865d, 0x865d, 0x865d, 0x865d, 0x865d, 0x865d, 0x865d, 0x865d, 0x865d, 0x865d,
0x865d, 0x865d, 0x865d, 0x865d, 0x865d, 0x865d, 0x865d, 0x865d, 0x865d, 0x865d, 0x865d, 0x865d, 0x865d, 0x865d, 0x865d, 0x865d,
0x865d, 0x865d, 0x865d, 0x865d, 0x865d, 0x865d, 0x865d, 0x865d, 0x865d, 0x865d, 0x865d, 0x865d, 0x865d, 0x865d, 0x865d, 0x865d,
0x865d, 0x865d, 0x865d, 0x865d, 0x865d, 0x865d, 0x865d, 0x865d, 0x865d, 0x865d, 0x865d, 0x865d, 0x865d, 0x865d, 0x865d, 0x865d,
0x865d, 0x865d, 0x865d, 0x865d, 0x865d, 0x865d, 0x865d, 0x865d, 0x865d, 0x865d, 0x865d, 0x865d, 0x865d, 0x865d, 0x865d, 0x865d,
0x865d, 0x865d, 0x865d, 0x865d, 0x865d, 0x865d, 0x865d, 0x865d, 0x865d, 0x865d, 0x865d, 0x865d, 0x865d, 0x865d, 0x865d, 0x865d,
0x865d, 0x865d, 0x865d, 0x865d, 0x865d, 0x865d, 0x865d, 0x865d, 0x865d, 0x865d, 0x865d, 0x865d, 0x865d, 0x865d, 0x865d, 0x865d,
0x865d, 0x865d, 0x865d, 0x865d, 0x865d, 0x865d, 0x865d, 0x865d, 0x865d, 0x865d, 0x865d, 0x865d, 0x865d, 0x865d, 0x865d, 0x865d,
0x865d, 0x865d, 0x865d, 0x865d, 0x865d, 0x865d, 0x865d, 0x865d, 0x865d, 0x865d, 0x865d, 0x865d, 0x865d, 0x865d, 0x865d, 0x865d,
0x865d, 0x865d, 0x865d, 0x865d, 0x865d, 0x865d, 0x865d, 0x865d, 0x865d, 0x865d, 0x865d, 0x865d, 0x865d, 0x865d, 0x865d, 0x865d,
0x865d, 0x865d, 0x865d, 0x865d, 0x865d, 0x865d, 0x865d, 0x865d, 0x865d, 0x865d, 0x865d, 0x865d, 0x865d, 0x865d, 0x865d, 0x865d,
0x865d, 0x865d, 0x865d, 0x865d, 0x865d, 0x865d, 0x865d, 0x865d, 0x865d, 0x865d, 0x865d, 0x865d, 0x865d, 0x865d, 0x865d, 0x865d,
0x865d, 0x865d, 0x865d, 0x865d, 0x865d, 0x865d, 0x865d, 0x865d, 0x865d, 0x865d, 0x865d, 0x865d, 0x865d, 0x865d, 0x865d, 0x865d,
0x865d, 0x865d, 0x865d, 0x865d, 0x865d, 0x865d, 0x865d, 0x865d, 0x865d, 0x865d, 0x865d, 0x865d, 0x865d, 0x865d, 0x865d, 0x865d,
0x865d, 0x865d, 0x865d, 0x865d, 0x865d, 0x865d, 0x865d, 0x865d, 0x865d, 0x865d, 0x865d, 0x865d, 0x865d, 0x865d, 0x865d, 0x865d,
0x865d, 0x865d, 0x865d, 0x865d, 0x865d, 0x865d, 0x865d, 0x865d, 0x865d, 0x865d, 0x865d, 0x865d, 0x865d, 0x865d, 0x865d, 0x865d,
0x865d, 0x865d, 0x865d, 0x865d, 0x865d, 0x865d, 0x865d, 0x865d, 0x865d, 0x865d, 0x865d, 0x865d, 0x865d, 0x865d, 0x865d, 0x865d,
0x865d, 0x865d, 0x865d, 0x865d, 0x865d, 0x865d, 0x865d, 0x865d, 0x865d, 0x865d, 0x865d, 0x865d, 0x865d, 0x865d, 0x865d, 0x865d,
0x865d, 0x865d, 0x865d, 0x865d, 0x865d, 0x865d, 0x865d, 0x865d, 0x865d, 0x865d, 0x865d, 0x865d, 0x865d, 0x865d, 0x865d, 0x865d,
0x865d, 0x865d, 0x865d, 0x865d, 0x865d, 0x865d, 0x865d, 0x865d, 0x865d, 0x865d, 0x865d, 0x865d, 0x865d, 0x865d, 0x865d, 0x865d,

/* -6- */
0x865d, 0x865d, 0x865d, 0x865d, 0x865d, 0x865d, 0x865d, 0x865d, 0x865d, 0x865d, 0x865d, 0x865d, 0x865d, 0x865d, 0x865d, 0x865d,
0x865d, 0x865d, 0x865d, 0x865d, 0x865d, 0x865d, 0x865d, 0x865d, 0x865d, 0x865d, 0x865d, 0x865d, 0x865d, 0x865d, 0x865d, 0x865d,
0x865d, 0x865d, 0x865d, 0x865d, 0x865d, 0x865d, 0x865d, 0x865d, 0x865d, 0x865d, 0x865d, 0x865d, 0x865d, 0x865d, 0x865d, 0x865d,
0x865d, 0x865d, 0x865d, 0x865d, 0x865d, 0x865d, 0x865d, 0x865d, 0x865d, 0x865d, 0x865d, 0x865d, 0x865d, 0x865d, 0x865d, 0x865d,
0x865d, 0x865d, 0x865d, 0x865d, 0x865d, 0x865d, 0x865d, 0x865d, 0x865d, 0x865d, 0x865d, 0x865d, 0x865d, 0x865d, 0x865d, 0x865d,
0x865d, 0x865d, 0x865d, 0x865d, 0x865d, 0x865d, 0x865d, 0x865d, 0x865d, 0x865d, 0x865d, 0x865d, 0x865d, 0x865d, 0x865d, 0x865d,
0x865d, 0x865d, 0x865d, 0x865d, 0x865d, 0x865d, 0x865d, 0x865d, 0x865d, 0x865d, 0x865d, 0x865d, 0x865d, 0x865d, 0x865d, 0x865d,
0x865d, 0x865d, 0x865d, 0x865d, 0x865d, 0x865d, 0x865d, 0x865d, 0x865d, 0x865d, 0x865d, 0x865d, 0x865d, 0x865d, 0x865d, 0x865d,
0x865d, 0x865d, 0x865d, 0x865d, 0x865d, 0x865d, 0x865d, 0x865d, 0x865d, 0x865d, 0x865d, 0x865d, 0x865d, 0x865d, 0x865d, 0x865d,
0x865d, 0x865d, 0x865d, 0x865d, 0x865d, 0x865d, 0x865d, 0x865d, 0x865d, 0x865d, 0x865d, 0x865d, 0x865d, 0x865d, 0x865d, 0x865d,
0x865d, 0x865d, 0x865d, 0x865d, 0x865d, 0x865d, 0x865d, 0x865d, 0x865d, 0x865d, 0x865d, 0x865d, 0x865d, 0x865d, 0x865d, 0x865d,
0x865d, 0x865d, 0x865d, 0x865d, 0x865d, 0x865d, 0x865d, 0x865d, 0x865d, 0x865d, 0x865d, 0x865d, 0x865d, 0x865d, 0x865d, 0x865d,
0x865d, 0x865d, 0x865d, 0x865d, 0x865d, 0x865d, 0x865d, 0x865d, 0x865d, 0x865d, 0x865d, 0x865d, 0x865d, 0x865d, 0x865d, 0x865d,
0x865d, 0x865d, 0x865d, 0x865d, 0x865d, 0x865d, 0x865d, 0x865d, 0x865d, 0x865d, 0x865d, 0x865d, 0x865d, 0x865d, 0x865d, 0x865d,
0x865d, 0x865d, 0x865d, 0x865d, 0x865d, 0x865d, 0x865d, 0x865d, 0x865d, 0x865d, 0x865d, 0x865d, 0x865d, 0x865d, 0x865d, 0x865d,
0x865d, 0x865d, 0x865d, 0x865d, 0x865d, 0x865d, 0x865d, 0x865d, 0x865d, 0x865d, 0x865d, 0x865d, 0x865d, 0x865d, 0x865d, 0x865d,
0x865d, 0x865d, 0x865d, 0x865d, 0x865d, 0x865d, 0x865d, 0x865d, 0x865d, 0x865d, 0x865d, 0x865d, 0x865d, 0x865d, 0x865d, 0x865d,
0x865d, 0x865d, 0x865d, 0x865d, 0x865d, 0x865d, 0x865d, 0x865d, 0x865d, 0x865d, 0x865d, 0x865d, 0x865d, 0x865d, 0x865d, 0x865d,
0x865d, 0x865d, 0x865d, 0x865d, 0x865d, 0x865d, 0x865d, 0x865d, 0x865d, 0x865d, 0x865d, 0x865d, 0x865d, 0x865d, 0x865d, 0x865d,
0x865d, 0x865d, 0x865d, 0x865d, 0x865d, 0x865d, 0x865d, 0x865d, 0x865d, 0x865d, 0x865d, 0x865d, 0x865d, 0x865d, 0x865d, 0x865d,
0x865d, 0x865d, 0x865d, 0x865d, 0x865d, 0x865d, 0x865d, 0x865d, 0x865d, 0x865d, 0x865d, 0x865d, 0x865d, 0x865d, 0x865d, 0x865d,
0x865d, 0x865d, 0x865d, 0x865d, 0x865d, 0x865d, 0x865d, 0x865d, 0x865d, 0x865d, 0x865d, 0x865d, 0x865d, 0x865d, 0x865d, 0x865d,
0x865d, 0x865d, 0x865d, 0x865d, 0x865d, 0x865d, 0x865d, 0x865d, 0x865d, 0x865d, 0x865d, 0x865d, 0x865d, 0x865d, 0x865d, 0x865d,
0x865d, 0x865d, 0x865d, 0x865d, 0x865d, 0x865d, 0x865d, 0x865d, 0x865d, 0x865d, 0x865d, 0x865d, 0x865d, 0x865d, 0x865d, 0x865d,
0x865d, 0x865d, 0x865d, 0x865d, 0x865d, 0x865d, 0x865d, 0x865d, 0x865d, 0x865d, 0x865d, 0x865d, 0x865d, 0x865d, 0x865d, 0x865d,
0x865d, 0x865d, 0x865d, 0x865d, 0x865d, 0x865d, 0x865d, 0x865d, 0x865d, 0x865d, 0x865d, 0x865d, 0x865d, 0x865d, 0x865d, 0x865d,
0x865d, 0x865d, 0x865d, 0x865d, 0x865d, 0x865d, 0x865d, 0x865d, 0x865d, 0x865d, 0x865d, 0x865d, 0x865d, 0x865d, 0x865d, 0x865d,
0x865d, 0x865d, 0x865d, 0x865d, 0x865d, 0x865d, 0x865d, 0x865d, 0x865d, 0x865d, 0x865d, 0x865d, 0x865d, 0x865d, 0x865d, 0x865d,
0x865d, 0x865d, 0x865d, 0x865d, 0x865d, 0x865d, 0x865d, 0x865d, 0x865d, 0x865d, 0x865d, 0x865d, 0x865d, 0x865d, 0x865d, 0x865d,
0x865d, 0x865d, 0x865d, 0x865d, 0x865d, 0x865d, 0x865d, 0x865d, 0x865d, 0x865d, 0x865d, 0x865d, 0x865d, 0x865d, 0x865d, 0x865d,
0x865d, 0x865d, 0x865d, 0x865d, 0x865d, 0x865d, 0x865d, 0x865d, 0x865d, 0x865d, 0x865d, 0x865d, 0x865d, 0x865d, 0x865d, 0x865d,
0x865d, 0x865d, 0x865d, 0x865d, 0x865d, 0x865d, 0x865d, 0x865d, 0x865d, 0x865d, 0x865d, 0x865d, 0x865d, 0x865d, 0x865d, 0x865d,
0x865d, 0x865d, 0x865d, 0x865d, 0x865d, 0x865d, 0x865d, 0x865d, 0x865d, 0x865d, 0x865d, 0x865d, 0x865d, 0x865d, 0x865d, 0x865d,
0x865d, 0x865d, 0x865d, 0x865d, 0x865d, 0x865d, 0x865d, 0x865d, 0x865d, 0x865d, 0x865d, 0x865d, 0x865d, 0x865d, 0x865d, 0x865d,
0x865d, 0x865d, 0x865d, 0x865d, 0x865d, 0x865d, 0x865d, 0x865d, 0x865d, 0x865d, 0x865d, 0x865d, 0x865d, 0x865d, 0x865d, 0x865d,
0x865d, 0x865d, 0x865d, 0x865d, 0x865d, 0x865d, 0x865d, 0x865d, 0x865d, 0x865d, 0x865d, 0x865d, 0x865d, 0x865d, 0x865d, 0x865d,
0x865d, 0x865d, 0x865d, 0x865d, 0x865d, 0x865d, 0x865d, 0x865d, 0x865d, 0x865d, 0x865d, 0x865d, 0x865d, 0x865d, 0x865d, 0x865d,
0x865d, 0x865d, 0x865d, 0x865d, 0x865d, 0x865d, 0x865d, 0x865d, 0x865d, 0x865d, 0x865d, 0x865d, 0x865d, 0x865d, 0x865d, 0x865d,
0x865d, 0x865d, 0x865d, 0x865d, 0x865d, 0x865d, 0x865d, 0x865d, 0x865d, 0x865d, 0x865d, 0x865d, 0x865d, 0x865d, 0x865d, 0x865d,
0x865d, 0x865d, 0x865d, 0x865d, 0x865d, 0x865d, 0x865d, 0x865d, 0x865d, 0x865d, 0x865d, 0x865d, 0x865d, 0x865d, 0x865d, 0x865d,
0x865d, 0x865d, 0x865d, 0x865d, 0x865d, 0x865d, 0x865d, 0x865d, 0x865d, 0x865d, 0x865d, 0x865d, 0x865d, 0x865d, 0x865d, 0x865d,
0x865d, 0x865d, 0x865d, 0x865d, 0x865d, 0x865d, 0x865d, 0x865d, 0x865d, 0x865d, 0x865d, 0x865d, 0x865d, 0x865d, 0x865d, 0x865d,
0x865d, 0x865d, 0x865d, 0x865d, 0x865d, 0x865d, 0x865d, 0x865d, 0x865d, 0x865d, 0x865d, 0x865d, 0x865d, 0x865d, 0x865d, 0x865d,
0x865d, 0x865d, 0x865d, 0x865d, 0x865d, 0x865d, 0x865d, 0x865d, 0x865d, 0x865d, 0x865d, 0x865d, 0x865d, 0x865d, 0x865d, 0x865d,
0x865d, 0x865d, 0x865d, 0x865d, 0x865d, 0x865d, 0x865d, 0x865d, 0x865d, 0x865d, 0x865d, 0x865d, 0x865d, 0x865d, 0x865d, 0x865d,
0x865d, 0x865d, 0x865d, 0x865d, 0x865d, 0x865d, 0x865d, 0x865d, 0x865d, 0x865d, 0x865d, 0x865d, 0x865d, 0x865d, 0x865d, 0x865d,
0x865d, 0x865d, 0x865d, 0x865d, 0x865d, 0x865d, 0x865d, 0x865d, 0x865d, 0x865d, 0x865d, 0x865d, 0x865d, 0x865d, 0x865d, 0x865d,
0x865d, 0x865d, 0x865d, 0x865d, 0x865d, 0x865d, 0x865d, 0x865d, 0x865d, 0x865d, 0x865d, 0x865d, 0x865d, 0x865d, 0x865d, 0x865d,
0x865d, 0x865d, 0x865d, 0x865d, 0x865d, 0x865d, 0x865d, 0x865d, 0x865d, 0x865d, 0x865d, 0x865d, 0x865d, 0x865d, 0x865d, 0x865d,
0x865d, 0x865d, 0x865d, 0x865d, 0x865d, 0x865d, 0x865d, 0x865d, 0x865d, 0x865d, 0x865d, 0x865d, 0x865d, 0x865d, 0x865d, 0x865d,
0x865d, 0x865d, 0x865d, 0x865d, 0x865d, 0x865d, 0x865d, 0x865d, 0x865d, 0x865d, 0x865d, 0x865d, 0x865d, 0x865d, 0x865d, 0x865d,
0x865d, 0x865d, 0x865d, 0x865d, 0x865d, 0x865d, 0x865d, 0x865d, 0x865d, 0x865d, 0x865d, 0x865d, 0x865d, 0x865d, 0x865d, 0x865d,
0x865d, 0x865d, 0x865d, 0x865d, 0x865d, 0x865d, 0x865d, 0x865d, 0x865d, 0x865d, 0x865d, 0x865d, 0x865d, 0x865d, 0x865d, 0x865d,
0x865d, 0x865d, 0x865d, 0x865d, 0x865d, 0x865d, 0x865d, 0x865d, 0x865d, 0x865d, 0x865d, 0x865d, 0x865d, 0x865d, 0x865d, 0x865d,
0x865d, 0x865d, 0x865d, 0x865d, 0x865d, 0x865d, 0x865d, 0x865d, 0x865d, 0x865d, 0x865d, 0x865d, 0x865d, 0x865d, 0x865d, 0x865d,
0x865d, 0x865d, 0x865d, 0x865d, 0x865d, 0x865d, 0x865d, 0x865d, 0x865d, 0x865d, 0x865d, 0x865d, 0x865d, 0x865d, 0x865d, 0x865d,
0x865d, 0x865d, 0x865d, 0x865d, 0x865d, 0x865d, 0x865d, 0x865d, 0x865d, 0x865d, 0x865d, 0x865d, 0x865d, 0x865d, 0x865d, 0x865d,
0x865d, 0x865d, 0x865d, 0x865d, 0x865d, 0x865d, 0x865d, 0x865d, 0x865d, 0x865d, 0x865d, 0x865d, 0x865d, 0x865d, 0x865d, 0x865d,
0x865d, 0x865d, 0x865d, 0x865d, 0x865d, 0x865d, 0x865d, 0x865d, 0x865d, 0x865d, 0x865d, 0x865d, 0x865d, 0x865d, 0x865d, 0x865d,
0x865d, 0x865d, 0x865d, 0x865d, 0x865d, 0x865d, 0x865d, 0x865d, 0x865d, 0x865d, 0x865d, 0x865d, 0x865d, 0x865d, 0x865d, 0x865d,
0x865d, 0x865d, 0x865d, 0x865d, 0x865d, 0x865d, 0x865d, 0x865d, 0x865d, 0x865d, 0x865d, 0x865d, 0x865d, 0x865d, 0x865d, 0x865d,
0x865d, 0x865d, 0x865d, 0x865d, 0x865d, 0x865d, 0x865d, 0x865d, 0x865d, 0x865d, 0x865d, 0x865d, 0x865d, 0x865d, 0x865d, 0x865d,
0x865d, 0x865d, 0x865d, 0x865d, 0x865d, 0x865d, 0x865d, 0x865d, 0x865d, 0x865d, 0x865d, 0x865d, 0x865d, 0x865d, 0x865d, 0x865d,
0x865d, 0x865d, 0x865d, 0x865d, 0x865d, 0x865d, 0x865d, 0x865d, 0x865d, 0x865d, 0x865d, 0x865d, 0x865d, 0x865d, 0x865d, 0x865d,
0x865d, 0x865d, 0x865d, 0x865d, 0x865d, 0x865d, 0x865d, 0x865d, 0x865d, 0x865d, 0x865d, 0x865d, 0x865d, 0x865d, 0x865d, 0x865d,

/* -7- */
0x865d, 0x865d, 0x865d, 0x865d, 0x865d, 0x865d, 0x865d, 0x865d, 0x865d, 0x865d, 0x865d, 0x865d, 0x865d, 0x865d, 0x865d, 0x865d,
0x865d, 0x865d, 0x865d, 0x865d, 0x865d, 0x865d, 0x865d, 0x865d, 0x865d, 0x865d, 0x865d, 0x865d, 0x865d, 0x865d, 0x865d, 0x865d,
0x865d, 0x865d, 0x865d, 0x865d, 0x865d, 0x865d, 0x865d, 0x865d, 0x865d, 0x865d, 0x865d, 0x865d, 0x865d, 0x865d, 0x865d, 0x865d,
0x865d, 0x865d, 0x865d, 0x865d, 0x865d, 0x865d, 0x865d, 0x865d, 0x865d, 0x865d, 0x865d, 0x865d, 0x865d, 0x865d, 0x865d, 0x865d,
0x865d, 0x865d, 0x865d, 0x865d, 0x865d, 0x865d, 0x865d, 0x865d, 0x865d, 0x865d, 0x865d, 0x865d, 0x865d, 0x865d, 0x865d, 0x865d,
0x865d, 0x865d, 0x865d, 0x865d, 0x865d, 0x865d, 0x865d, 0x865d, 0x865d, 0x865d, 0x865d, 0x865d, 0x865d, 0x865d, 0x865d, 0x865d,
0x865d, 0x865d, 0x865d, 0x865d, 0x865d, 0x865d, 0x865d, 0x865d, 0x865d, 0x865d, 0x865d, 0x865d, 0x865d, 0x865d, 0x865d, 0x865d,
0x865d, 0x865d, 0x865d, 0x865d, 0x865d, 0x865d, 0x865d, 0x865d, 0x865d, 0x865d, 0x865d, 0x865d, 0x865d, 0x865d, 0x865d, 0x865d,
0x865d, 0x865d, 0x865d, 0x865d, 0x865d, 0x865d, 0x865d, 0x865d, 0x865d, 0x865d, 0x865d, 0x865d, 0x865d, 0x865d, 0x865d, 0x865d,
0x865d, 0x865d, 0x865d, 0x865d, 0x865d, 0x865d, 0x865d, 0x865d, 0x865d, 0x865d, 0x865d, 0x865d, 0x865d, 0x865d, 0x865d, 0x865d,
0x865d, 0x865d, 0x865d, 0x865d, 0x865d, 0x865d, 0x865d, 0x865d, 0x865d, 0x865d, 0x865d, 0x865d, 0x865d, 0x865d, 0x865d, 0x865d,
0x865d, 0x865d, 0x865d, 0x865d, 0x865d, 0x865d, 0x865d, 0x865d, 0x865d, 0x865d, 0x865d, 0x865d, 0x865d, 0x865d, 0x865d, 0x865d,
0x865d, 0x865d, 0x865d, 0x865d, 0x865d, 0x865d, 0x865d, 0x865d, 0x865d, 0x865d, 0x865d, 0x865d, 0x865d, 0x865d, 0x865d, 0x865d,
0x865d, 0x865d, 0x865d, 0x865d, 0x865d, 0x865d, 0x865d, 0x865d, 0x865d, 0x865d, 0x865d, 0x865d, 0x865d, 0x865d, 0x865d, 0x865d,
0x865d, 0x865d, 0x865d, 0x865d, 0x865d, 0x865d, 0x865d, 0x865d, 0x865d, 0x865d, 0x865d, 0x865d, 0x865d, 0x865d, 0x865d, 0x865d,
0x865d, 0x865d, 0x865d, 0x865d, 0x865d, 0x865d, 0x865d, 0x865d, 0x865d, 0x865d, 0x865d, 0x865d, 0x865d, 0x865d, 0x865d, 0x865d,
0x865d, 0x865d, 0x865d, 0x865d, 0x865d, 0x865d, 0x865d, 0x865d, 0x865d, 0x865d, 0x865d, 0x865d, 0x865d, 0x865d, 0x865d, 0x865d,
0x865d, 0x865d, 0x865d, 0x865d, 0x865d, 0x865d, 0x865d, 0x865d, 0x865d, 0x865d, 0x865d, 0x865d, 0x865d, 0x865d, 0x865d, 0x865d,
0x865d, 0x865d, 0x865d, 0x865d, 0x865d, 0x865d, 0x865d, 0x865d, 0x865d, 0x865d, 0x865d, 0x865d, 0x865d, 0x865d, 0x865d, 0x865d,
0x865d, 0x865d, 0x865d, 0x865d, 0x865d, 0x865d, 0x865d, 0x865d, 0x865d, 0x865d, 0x865d, 0x865d, 0x865d, 0x865d, 0x865d, 0x865d,
0x865d, 0x865d, 0x865d, 0x865d, 0x865d, 0x865d, 0x865d, 0x865d, 0x865d, 0x865d, 0x865d, 0x865d, 0x865d, 0x865d, 0x865d, 0x865d,
0x865d, 0x865d, 0x865d, 0x865d, 0x865d, 0x865d, 0x865d, 0x865d, 0x865d, 0x865d, 0x865d, 0x865d, 0x865d, 0x865d, 0x865d, 0x865d,
0x865d, 0x865d, 0x865d, 0x865d, 0x865d, 0x865d, 0x865d, 0x865d, 0x865d, 0x865d, 0x865d, 0x865d, 0x865d, 0x865d, 0x865d, 0x865d,
0x865d, 0x865d, 0x865d, 0x865d, 0x865d, 0x865d, 0x865d, 0x865d, 0x865d, 0x865d, 0x865d, 0x865d, 0x865d, 0x865d, 0x865d, 0x865d,
0x865d, 0x865d, 0x865d, 0x865d, 0x865d, 0x865d, 0x865d, 0x865d, 0x865d, 0x865d, 0x865d, 0x865d, 0x865d, 0x865d, 0x865d, 0x865d,
0x865d, 0x865d, 0x865d, 0x865d, 0x865d, 0x865d, 0x865d, 0x865d, 0x865d, 0x865d, 0x865d, 0x865d, 0x865d, 0x865d, 0x865d, 0x865d,
0x865d, 0x865d, 0x865d, 0x865d, 0x865d, 0x865d, 0x865d, 0x865d, 0x865d, 0x865d, 0x865d, 0x865d, 0x865d, 0x865d, 0x865d, 0x865d,
0x865d, 0x865d, 0x865d, 0x865d, 0x865d, 0x865d, 0x865d, 0x865d, 0x865d, 0x865d, 0x865d, 0x865d, 0x865d, 0x865d, 0x865d, 0x865d,
0x865d, 0x865d, 0x865d, 0x865d, 0x865d, 0x865d, 0x865d, 0x865d, 0x865d, 0x865d, 0x865d, 0x865d, 0x865d, 0x865d, 0x865d, 0x865d,
0x865d, 0x865d, 0x865d, 0x865d, 0x865d, 0x865d, 0x865d, 0x865d, 0x865d, 0x865d, 0x865d, 0x865d, 0x865d, 0x865d, 0x865d, 0x865d,
0x865d, 0x865d, 0x865d, 0x865d, 0x865d, 0x865d, 0x865d, 0x865d, 0x865d, 0x865d, 0x865d, 0x865d, 0x865d, 0x865d, 0x865d, 0x865d,
0x865d, 0x865d, 0x865d, 0x865d, 0x865d, 0x865d, 0x865d, 0x865d, 0x865d, 0x865d, 0x865d, 0x865d, 0x865d, 0x865d, 0x865d, 0x865d,
0x865d, 0x865d, 0x865d, 0x865d, 0x865d, 0x865d, 0x865d, 0x865d, 0x865d, 0x865d, 0x865d, 0x865d, 0x865d, 0x865d, 0x865d, 0x865d,
0x865d, 0x865d, 0x865d, 0x865d, 0x865d, 0x865d, 0x865d, 0x865d, 0x865d, 0x865d, 0x865d, 0x865d, 0x865d, 0x865d, 0x865d, 0x865d,
0x865d, 0x865d, 0x865d, 0x865d, 0x865d, 0x865d, 0x865d, 0x865d, 0x865d, 0x865d, 0x865d, 0x865d, 0x865d, 0x865d, 0x865d, 0x865d,
0x865d, 0x865d, 0x865d, 0x865d, 0x865d, 0x865d, 0x865d, 0x865d, 0x865d, 0x865d, 0x865d, 0x865d, 0x865d, 0x865d, 0x865d, 0x865d,
0x865d, 0x865d, 0x865d, 0x865d, 0x865d, 0x865d, 0x865d, 0x865d, 0x865d, 0x865d, 0x865d, 0x865d, 0x865d, 0x865d, 0x865d, 0x865d,
0x865d, 0x865d, 0x865d, 0x865d, 0x865d, 0x865d, 0x865d, 0x865d, 0x865d, 0x865d, 0x865d, 0x865d, 0x865d, 0x865d, 0x865d, 0x865d,
0x865d, 0x865d, 0x865d, 0x865d, 0x865d, 0x865d, 0x865d, 0x865d, 0x865d, 0x865d, 0x865d, 0x865d, 0x865d, 0x865d, 0x865d, 0x865d,
0x865d, 0x865d, 0x865d, 0x865d, 0x865d, 0x865d, 0x865d, 0x865d, 0x865d, 0x865d, 0x865d, 0x865d, 0x865d, 0x865d, 0x865d, 0x865d,
0x865d, 0x865d, 0x865d, 0x865d, 0x865d, 0x865d, 0x865d, 0x865d, 0x865d, 0x865d, 0x865d, 0x865d, 0x865d, 0x865d, 0x865d, 0x865d,
0x865d, 0x865d, 0x865d, 0x865d, 0x865d, 0x865d, 0x865d, 0x865d, 0x865d, 0x865d, 0x865d, 0x865d, 0x865d, 0x865d, 0x865d, 0x865d,
0x865d, 0x865d, 0x865d, 0x865d, 0x865d, 0x865d, 0x865d, 0x865d, 0x865d, 0x865d, 0x865d, 0x865d, 0x865d, 0x865d, 0x865d, 0x865d,
0x865d, 0x865d, 0x865d, 0x865d, 0x865d, 0x865d, 0x865d, 0x865d, 0x865d, 0x865d, 0x865d, 0x865d, 0x865d, 0x865d, 0x865d, 0x865d,
0x865d, 0x865d, 0x865d, 0x865d, 0x865d, 0x865d, 0x865d, 0x865d, 0x865d, 0x865d, 0x865d, 0x865d, 0x865d, 0x865d, 0x865d, 0x865d,
0x865d, 0x865d, 0x865d, 0x865d, 0x865d, 0x865d, 0x865d, 0x865d, 0x865d, 0x865d, 0x865d, 0x865d, 0x865d, 0x865d, 0x865d, 0x865d,
0x865d, 0x865d, 0x865d, 0x865d, 0x865d, 0x865d, 0x865d, 0x865d, 0x865d, 0x865d, 0x865d, 0x865d, 0x865d, 0x865d, 0x865d, 0x865d,
0x865d, 0x865d, 0x865d, 0x865d, 0x865d, 0x865d, 0x865d, 0x865d, 0x865d, 0x865d, 0x865d, 0x865d, 0x865d, 0x865d, 0x865d, 0x865d,
0x865d, 0x865d, 0x865d, 0x865d, 0x865d, 0x865d, 0x865d, 0x865d, 0x865d, 0x865d, 0x865d, 0x865d, 0x865d, 0x865d, 0x865d, 0x865d,
0x865d, 0x865d, 0x865d, 0x865d, 0x865d, 0x865d, 0x865d, 0x865d, 0x865d, 0x865d, 0x865d, 0x865d, 0x865d, 0x865d, 0x865d, 0x865d,
0x865d, 0x865d, 0x865d, 0x865d, 0x865d, 0x865d, 0x865d, 0x865d, 0x865d, 0x865d, 0x865d, 0x865d, 0x865d, 0x865d, 0x865d, 0x865d,
0x865d, 0x865d, 0x865d, 0x865d, 0x865d, 0x865d, 0x865d, 0x865d, 0x865d, 0x865d, 0x865d, 0x865d, 0x865d, 0x865d, 0x865d, 0x865d,
0x865d, 0x865d, 0x865d, 0x865d, 0x865d, 0x865d, 0x865d, 0x865d, 0x865d, 0x865d, 0x865d, 0x865d, 0x865d, 0x865d, 0x865d, 0x865d,
0x865d, 0x865d, 0x865d, 0x865d, 0x865d, 0x865d, 0x865d, 0x865d, 0x865d, 0x865d, 0x865d, 0x865d, 0x865d, 0x865d, 0x865d, 0x865d,
0x865d, 0x865d, 0x865d, 0x865d, 0x865d, 0x865d, 0x865d, 0x865d, 0x865d, 0x865d, 0x865d, 0x865d, 0x865d, 0x865d, 0x865d, 0x865d,
0x865d, 0x865d, 0x865d, 0x865d, 0x865d, 0x865d, 0x865d, 0x865d, 0x865d, 0x865d, 0x865d, 0x865d, 0x865d, 0x865d, 0x865d, 0x865d,
0x865d, 0x865d, 0x865d, 0x865d, 0x865d, 0x865d, 0x865d, 0x865d, 0x865d, 0x865d, 0x865d, 0x865d, 0x865d, 0x865d, 0x865d, 0x865d,
0x865d, 0x865d, 0x865d, 0x865d, 0x865d, 0x865d, 0x865d, 0x865d, 0x865d, 0x865d, 0x865d, 0x865d, 0x865d, 0x865d, 0x865d, 0x865d,
0x865d, 0x865d, 0x865d, 0x865d, 0x865d, 0x865d, 0x865d, 0x865d, 0x865d, 0x865d, 0x865d, 0x865d, 0x865d, 0x865d, 0x865d, 0x865d,
0x865d, 0x865d, 0x865d, 0x865d, 0x865d, 0x865d, 0x865d, 0x865d, 0x865d, 0x865d, 0x865d, 0x865d, 0x865d, 0x865d, 0x865d, 0x865d,
0x865d, 0x865d, 0x865d, 0x865d, 0x865d, 0x865d, 0x865d, 0x865d, 0x865d, 0x865d, 0x865d, 0x865d, 0x865d, 0x865d, 0x865d, 0x865d,
0x865d, 0x865d, 0x865d, 0x865d, 0x865d, 0x865d, 0x865d, 0x865d, 0x865d, 0x865d, 0x865d, 0x865d, 0x865d, 0x865d, 0x865d, 0x865d,
0x865d, 0x865d, 0x865d, 0x865d, 0x865d, 0x865d, 0x865d, 0x865d, 0x865d, 0x865d, 0x865d, 0x865d, 0x865d, 0x865d, 0x865d, 0x865d,
0x865d, 0x865d, 0x865d, 0x865d, 0x865d, 0x865d, 0x865d, 0x865d, 0x865d, 0x865d, 0x865d, 0x865d, 0x865d, 0x865d, 0x865d, 0x865d,
0x865d, 0x865d, 0x865d, 0x865d, 0x865d, 0x865d, 0x865d, 0x865d, 0x865d, 0x865d, 0x865d, 0x865d, 0x865d, 0x865d, 0x865d, 0x865d,

/* -8- */
0x865d, 0x865d, 0x865d, 0x865d, 0x865d, 0x865d, 0x865d, 0x865d, 0x865d, 0x865d, 0x865d, 0x865d, 0x865d, 0x865d, 0x865d, 0x865d,
0x865d, 0x865d, 0x865d, 0x865d, 0x865d, 0x865d, 0x865d, 0x865d, 0x865d, 0x865d, 0x865d, 0x865d, 0x865d, 0x865d, 0x865d, 0x865d,
0x865d, 0x865d, 0x865d, 0x865d, 0x865d, 0x865d, 0x865d, 0x865d, 0x865d, 0x865d, 0x865d, 0x865d, 0x865d, 0x865d, 0x865d, 0x865d,
0x865d, 0x865d, 0x865d, 0x865d, 0x865d, 0x865d, 0x865d, 0x865d, 0x865d, 0x865d, 0x865d, 0x865d, 0x865d, 0x865d, 0x865d, 0x865d,
0x865d, 0x865d, 0x865d, 0x865d, 0x865d, 0x865d, 0x865d, 0x865d, 0x865d, 0x865d, 0x865d, 0x865d, 0x865d, 0x865d, 0x865d, 0x865d,
0x865d, 0x865d, 0x865d, 0x865d, 0x865d, 0x865d, 0x865d, 0x865d, 0x865d, 0x865d, 0x865d, 0x865d, 0x865d, 0x865d, 0x865d, 0x865d,
0x865d, 0x865d, 0x865d, 0x865d, 0x865d, 0x865d, 0x865d, 0x865d, 0x865d, 0x865d, 0x865d, 0x865d, 0x865d, 0x865d, 0x865d, 0x865d,
0x865d, 0x865d, 0x865d, 0x865d, 0x865d, 0x865d, 0x865d, 0x865d, 0x865d, 0x865d, 0x865d, 0x865d, 0x865d, 0x865d, 0x865d, 0x865d,
0x865d, 0x865d, 0x865d, 0x865d, 0x865d, 0x865d, 0x865d, 0x865d, 0x865d, 0x865d, 0x865d, 0x865d, 0x865d, 0x865d, 0x865d, 0x865d,
0x865d, 0x865d, 0x865d, 0x865d, 0x865d, 0x865d, 0x865d, 0x865d, 0x865d, 0x865d, 0x865d, 0x865d, 0x865d, 0x865d, 0x865d, 0x865d,
0x865d, 0x865d, 0x865d, 0x865d, 0x865d, 0x865d, 0x865d, 0x865d, 0x865d, 0x865d, 0x865d, 0x865d, 0x865d, 0x865d, 0x865d, 0x865d,
0x865d, 0x865d, 0x865d, 0x865d, 0x865d, 0x865d, 0x865d, 0x865d, 0x865d, 0x865d, 0x865d, 0x865d, 0x865d, 0x865d, 0x865d, 0x865d,
0x865d, 0x865d, 0x865d, 0x865d, 0x865d, 0x865d, 0x865d, 0x865d, 0x865d, 0x865d, 0x865d, 0x865d, 0x865d, 0x865d, 0x865d, 0x865d,
0x865d, 0x865d, 0x865d, 0x865d, 0x865d, 0x865d, 0x865d, 0x865d, 0x865d, 0x865d, 0x865d, 0x865d, 0x865d, 0x865d, 0x865d, 0x865d,
0x865d, 0x865d, 0x865d, 0x865d, 0x865d, 0x865d, 0x865d, 0x865d, 0x865d, 0x865d, 0x865d, 0x865d, 0x865d, 0x865d, 0x865d, 0x865d,
0x865d, 0x865d, 0x865d, 0x865d, 0x865d, 0x865d, 0x865d, 0x865d, 0x865d, 0x865d, 0x865d, 0x865d, 0x865d, 0x865d, 0x865d, 0x865d,
0x865d, 0x865d, 0x865d, 0x865d, 0x865d, 0x865d, 0x865d, 0x865d, 0x865d, 0x865d, 0x865d, 0x865d, 0x865d, 0x865d, 0x865d, 0x865d,
0x865d, 0x865d, 0x865d, 0x865d, 0x865d, 0x865d, 0x865d, 0x865d, 0x865d, 0x865d, 0x865d, 0x865d, 0x865d, 0x865d, 0x865d, 0x865d,
0x865d, 0x865d, 0x865d, 0x865d, 0x865d, 0x865d, 0x865d, 0x865d, 0x865d, 0x865d, 0x865d, 0x865d, 0x865d, 0x865d, 0x865d, 0x865d,
0x865d, 0x865d, 0x865d, 0x865d, 0x865d, 0x865d, 0x865d, 0x865d, 0x865d, 0x865d, 0x865d, 0x865d, 0x865d, 0x865d, 0x865d, 0x865d,
0x865d, 0x865d, 0x865d, 0x865d, 0x865d, 0x865d, 0x865d, 0x865d, 0x865d, 0x865d, 0x865d, 0x865d, 0x865d, 0x865d, 0x865d, 0x865d,
0x865d, 0x865d, 0x865d, 0x865d, 0x865d, 0x865d, 0x865d, 0x865d, 0x865d, 0x865d, 0x865d, 0x865d, 0x865d, 0x865d, 0x865d, 0x865d,
0x865d, 0x865d, 0x865d, 0x865d, 0x865d, 0x865d, 0x865d, 0x865d, 0x865d, 0x865d, 0x865d, 0x865d, 0x865d, 0x865d, 0x865d, 0x865d,
0x865d, 0x865d, 0x865d, 0x865d, 0x865d, 0x865d, 0x865d, 0x865d, 0x865d, 0x865d, 0x865d, 0x865d, 0x865d, 0x865d, 0x865d, 0x865d,
0x865d, 0x865d, 0x865d, 0x865d, 0x865d, 0x865d, 0x865d, 0x865d, 0x865d, 0x865d, 0x865d, 0x865d, 0x865d, 0x865d, 0x865d, 0x865d,
0x865d, 0x865d, 0x865d, 0x865d, 0x865d, 0x865d, 0x865d, 0x865d, 0x865d, 0x865d, 0x865d, 0x865d, 0x865d, 0x865d, 0x865d, 0x865d,
0x865d, 0x865d, 0x865d, 0x865d, 0x865d, 0x865d, 0x865d, 0x865d, 0x865d, 0x865d, 0x865d, 0x865d, 0x865d, 0x865d, 0x865d, 0x865d,
0x865d, 0x865d, 0x865d, 0x865d, 0x865d, 0x865d, 0x865d, 0x865d, 0x865d, 0x865d, 0x865d, 0x865d, 0x865d, 0x865d, 0x865d, 0x865d,
0x865d, 0x865d, 0x865d, 0x865d, 0x865d, 0x865d, 0x865d, 0x865d, 0x865d, 0x865d, 0x865d, 0x865d, 0x865d, 0x865d, 0x865d, 0x865d,
0x865d, 0x865d, 0x865d, 0x865d, 0x865d, 0x865d, 0x865d, 0x865d, 0x865d, 0x865d, 0x865d, 0x865d, 0x865d, 0x865d, 0x865d, 0x865d,
0x865d, 0x865d, 0x865d, 0x865d, 0x865d, 0x865d, 0x865d, 0x865d, 0x865d, 0x865d, 0x865d, 0x865d, 0x865d, 0x865d, 0x865d, 0x865d,
0x865d, 0x865d, 0x865d, 0x865d, 0x865d, 0x865d, 0x865d, 0x865d, 0x865d, 0x865d, 0x865d, 0x865d, 0x865d, 0x865d, 0x865d, 0x865d,
0x865d, 0x865d, 0x865d, 0x865d, 0x865d, 0x865d, 0x865d, 0x865d, 0x865d, 0x865d, 0x865d, 0x865d, 0x865d, 0x865d, 0x865d, 0x865d,
0x865d, 0x865d, 0x865d, 0x865d, 0x865d, 0x865d, 0x865d, 0x865d, 0x865d, 0x865d, 0x865d, 0x865d, 0x865d, 0x865d, 0x865d, 0x865d,
0x865d, 0x865d, 0x865d, 0x865d, 0x865d, 0x865d, 0x865d, 0x865d, 0x865d, 0x865d, 0x865d, 0x865d, 0x865d, 0x865d, 0x865d, 0x865d,
0x865d, 0x865d, 0x865d, 0x865d, 0x865d, 0x865d, 0x865d, 0x865d, 0x865d, 0x865d, 0x865d, 0x865d, 0x865d, 0x865d, 0x865d, 0x865d,
0x865d, 0x865d, 0x865d, 0x865d, 0x865d, 0x865d, 0x865d, 0x865d, 0x865d, 0x865d, 0x865d, 0x865d, 0x865d, 0x865d, 0x865d, 0x865d,
0x865d, 0x865d, 0x865d, 0x865d, 0x865d, 0x865d, 0x865d, 0x865d, 0x865d, 0x865d, 0x865d, 0x865d, 0x865d, 0x865d, 0x865d, 0x865d,
0x865d, 0x865d, 0x865d, 0x865d, 0x865d, 0x865d, 0x865d, 0x865d, 0x865d, 0x865d, 0x865d, 0x865d, 0x865d, 0x865d, 0x865d, 0x865d,
0x865d, 0x865d, 0x865d, 0x865d, 0x865d, 0x865d, 0x865d, 0x865d, 0x865d, 0x865d, 0x865d, 0x865d, 0x865d, 0x865d, 0x865d, 0x865d,
0x865d, 0x865d, 0x865d, 0x865d, 0x865d, 0x865d, 0x865d, 0x865d, 0x865d, 0x865d, 0x865d, 0x865d, 0x865d, 0x865d, 0x865d, 0x865d,
0x865d, 0x865d, 0x865d, 0x865d, 0x865d, 0x865d, 0x865d, 0x865d, 0x865d, 0x865d, 0x865d, 0x865d, 0x865d, 0x865d, 0x865d, 0x865d,
0x865d, 0x865d, 0x865d, 0x865d, 0x865d, 0x865d, 0x865d, 0x865d, 0x865d, 0x865d, 0x865d, 0x865d, 0x865d, 0x865d, 0x865d, 0x865d,
0x865d, 0x865d, 0x865d, 0x865d, 0x865d, 0x865d, 0x865d, 0x865d, 0x865d, 0x865d, 0x865d, 0x865d, 0x865d, 0x865d, 0x865d, 0x865d,
0x865d, 0x865d, 0x865d, 0x865d, 0x865d, 0x865d, 0x865d, 0x865d, 0x865d, 0x865d, 0x865d, 0x865d, 0x865d, 0x865d, 0x865d, 0x865d,
0x865d, 0x865d, 0x865d, 0x865d, 0x865d, 0x865d, 0x865d, 0x865d, 0x865d, 0x865d, 0x865d, 0x865d, 0x865d, 0x865d, 0x865d, 0x865d,
0x865d, 0x865d, 0x865d, 0x865d, 0x865d, 0x865d, 0x865d, 0x865d, 0x865d, 0x865d, 0x865d, 0x865d, 0x865d, 0x865d, 0x865d, 0x865d,
0x865d, 0x865d, 0x865d, 0x865d, 0x865d, 0x865d, 0x865d, 0x865d, 0x865d, 0x865d, 0x865d, 0x865d, 0x865d, 0x865d, 0x865d, 0x865d,
0x865d, 0x865d, 0x865d, 0x865d, 0x865d, 0x865d, 0x865d, 0x865d, 0x865d, 0x865d, 0x865d, 0x865d, 0x865d, 0x865d, 0x865d, 0x865d,
0x865d, 0x865d, 0x865d, 0x865d, 0x865d, 0x865d, 0x865d, 0x865d, 0x865d, 0x865d, 0x865d, 0x865d, 0x865d, 0x865d, 0x865d, 0x865d,
0x865d, 0x865d, 0x865d, 0x865d, 0x865d, 0x865d, 0x865d, 0x865d, 0x865d, 0x865d, 0x865d, 0x865d, 0x865d, 0x865d, 0x865d, 0x865d,
0x865d, 0x865d, 0x865d, 0x865d, 0x865d, 0x865d, 0x865d, 0x865d, 0x865d, 0x865d, 0x865d, 0x865d, 0x865d, 0x865d, 0x865d, 0x865d,
0x865d, 0x865d, 0x865d, 0x865d, 0x865d, 0x865d, 0x865d, 0x865d, 0x865d, 0x865d, 0x865d, 0x865d, 0x865d, 0x865d, 0x865d, 0x865d,
0x865d, 0x865d, 0x865d, 0x865d, 0x865d, 0x865d, 0x865d, 0x865d, 0x865d, 0x865d, 0x865d, 0x865d, 0x865d, 0x865d, 0x865d, 0x865d,
0x865d, 0x865d, 0x865d, 0x865d, 0x865d, 0x865d, 0x865d, 0x865d, 0x865d, 0x865d, 0x865d, 0x865d, 0x865d, 0x865d, 0x865d, 0x865d,
0x865d, 0x865d, 0x865d, 0x865d, 0x865d, 0x865d, 0x865d, 0x865d, 0x865d, 0x865d, 0x865d, 0x865d, 0x865d, 0x865d, 0x865d, 0x865d,
0x865d, 0x865d, 0x865d, 0x865d, 0x865d, 0x865d, 0x865d, 0x865d, 0x865d, 0x865d, 0x865d, 0x865d, 0x865d, 0x865d, 0x865d, 0x865d,
0x865d, 0x865d, 0x865d, 0x865d, 0x865d, 0x865d, 0x865d, 0x865d, 0x865d, 0x865d, 0x865d, 0x865d, 0x865d, 0x865d, 0x865d, 0x865d,
0x865d, 0x865d, 0x865d, 0x865d, 0x865d, 0x865d, 0x865d, 0x865d, 0x865d, 0x865d, 0x865d, 0x865d, 0x865d, 0x865d, 0x865d, 0x865d,
0x865d, 0x865d, 0x865d, 0x865d, 0x865d, 0x865d, 0x865d, 0x865d, 0x865d, 0x865d, 0x865d, 0x865d, 0x865d, 0x865d, 0x865d, 0x865d,
0x865d, 0x865d, 0x865d, 0x865d, 0x865d, 0x865d, 0x865d, 0x865d, 0x865d, 0x865d, 0x865d, 0x865d, 0x865d, 0x865d, 0x865d, 0x865d,
0x865d, 0x865d, 0x865d, 0x865d, 0x865d, 0x865d, 0x865d, 0x865d, 0x865d, 0x865d, 0x865d, 0x865d, 0x865d, 0x865d, 0x865d, 0x865d,
0x865d, 0x865d, 0x865d, 0x865d, 0x865d, 0x865d, 0x865d, 0x865d, 0x865d, 0x865d, 0x865d, 0x865d, 0x865d, 0x865d, 0x865d, 0x865d,
0x865d, 0x865d, 0x865d, 0x865d, 0x865d, 0x865d, 0x865d, 0x865d, 0x865d, 0x865d, 0x865d, 0x865d, 0x865d, 0x865d, 0x865d, 0x865d,
0x865d, 0x865d, 0x865d, 0x865d, 0x865d, 0x865d, 0x865d, 0x865d, 0x865d, 0x865d, 0x865d, 0x865d, 0x865d, 0x865d, 0x865d, 0x865d,

/* -9- */
0x865d, 0x865d, 0x865d, 0x865d, 0x865d, 0x865d, 0x865d, 0x865d, 0x865d, 0x865d, 0x865d, 0x865d, 0x865d, 0x865d, 0x865d, 0x865d,
0x865d, 0x865d, 0x865d, 0x865d, 0x865d, 0x865d, 0x865d, 0x865d, 0x865d, 0x865d, 0x865d, 0x865d, 0x865d, 0x865d, 0x865d, 0x865d,
0x865d, 0x865d, 0x865d, 0x865d, 0x865d, 0x865d, 0x865d, 0x865d, 0x865d, 0x865d, 0x865d, 0x865d, 0x865d, 0x865d, 0x865d, 0x865d,
0x865d, 0x865d, 0x865d, 0x865d, 0x865d, 0x865d, 0x865d, 0x865d, 0x865d, 0x865d, 0x865d, 0x865d, 0x865d, 0x865d, 0x865d, 0x865d,
0x865d, 0x865d, 0x865d, 0x865d, 0x865d, 0x865d, 0x865d, 0x865d, 0x865d, 0x865d, 0x865d, 0x865d, 0x865d, 0x865d, 0x865d, 0x865d,
0x865d, 0x865d, 0x865d, 0x865d, 0x865d, 0x865d, 0x865d, 0x865d, 0x865d, 0x865d, 0x865d, 0x865d, 0x865d, 0x865d, 0x865d, 0x865d,
0x865d, 0x865d, 0x865d, 0x865d, 0x865d, 0x865d, 0x865d, 0x865d, 0x865d, 0x865d, 0x865d, 0x865d, 0x865d, 0x865d, 0x865d, 0x865d,
0x865d, 0x865d, 0x865d, 0x865d, 0x865d, 0x865d, 0x865d, 0x865d, 0x865d, 0x865d, 0x865d, 0x865d, 0x865d, 0x865d, 0x865d, 0x865d,
0x865d, 0x865d, 0x865d, 0x865d, 0x865d, 0x865d, 0x865d, 0x865d, 0x865d, 0x865d, 0x865d, 0x865d, 0x865d, 0x865d, 0x865d, 0x865d,
0x865d, 0x865d, 0x865d, 0x865d, 0x865d, 0x865d, 0x865d, 0x865d, 0x865d, 0x865d, 0x865d, 0x865d, 0x865d, 0x865d, 0x865d, 0x865d,
0x865d, 0x865d, 0x865d, 0x865d, 0x865d, 0x865d, 0x865d, 0x865d, 0x865d, 0x865d, 0x865d, 0x865d, 0x865d, 0x865d, 0x865d, 0x865d,
0x865d, 0x865d, 0x865d, 0x865d, 0x865d, 0x865d, 0x865d, 0x865d, 0x865d, 0x865d, 0x865d, 0x865d, 0x865d, 0x865d, 0x865d, 0x865d,
0x865d, 0x865d, 0x865d, 0x865d, 0x865d, 0x865d, 0x865d, 0x865d, 0x865d, 0x865d, 0x865d, 0x865d, 0x865d, 0x865d, 0x865d, 0x865d,
0x865d, 0x865d, 0x865d, 0x865d, 0x865d, 0x865d, 0x865d, 0x865d, 0x865d, 0x865d, 0x865d, 0x865d, 0x865d, 0x865d, 0x865d, 0x865d,
0x865d, 0x865d, 0x865d, 0x865d, 0x865d, 0x865d, 0x865d, 0x865d, 0x865d, 0x865d, 0x865d, 0x865d, 0x865d, 0x865d, 0x865d, 0x865d,
0x865d, 0x865d, 0x865d, 0x865d, 0x865d, 0x865d, 0x865d, 0x865d, 0x865d, 0x865d, 0x865d, 0x865d, 0x865d, 0x865d, 0x865d, 0x865d,
0x865d, 0x865d, 0x865d, 0x865d, 0x865d, 0x865d, 0x865d, 0x865d, 0x865d, 0x865d, 0x865d, 0x865d, 0x865d, 0x865d, 0x865d, 0x865d,
0x865d, 0x865d, 0x865d, 0x865d, 0x865d, 0x865d, 0x865d, 0x865d, 0x865d, 0x865d, 0x865d, 0x865d, 0x865d, 0x865d, 0x865d, 0x865d,
0x865d, 0x865d, 0x865d, 0x865d, 0x865d, 0x865d, 0x865d, 0x865d, 0x865d, 0x865d, 0x865d, 0x865d, 0x865d, 0x865d, 0x865d, 0x865d,
0x865d, 0x865d, 0x865d, 0x865d, 0x865d, 0x865d, 0x865d, 0x865d, 0x865d, 0x865d, 0x865d, 0x865d, 0x865d, 0x865d, 0x865d, 0x865d,
0x865d, 0x865d, 0x865d, 0x865d, 0x865d, 0x865d, 0x865d, 0x865d, 0x865d, 0x865d, 0x865d, 0x865d, 0x865d, 0x865d, 0x865d, 0x865d,
0x865d, 0x865d, 0x865d, 0x865d, 0x865d, 0x865d, 0x865d, 0x865d, 0x865d, 0x865d, 0x865d, 0x865d, 0x865d, 0x865d, 0x865d, 0x865d,
0x865d, 0x865d, 0x865d, 0x865d, 0x865d, 0x865d, 0x865d, 0x865d, 0x865d, 0x865d, 0x865d, 0x865d, 0x865d, 0x865d, 0x865d, 0x865d,
0x865d, 0x865d, 0x865d, 0x865d, 0x865d, 0x865d, 0x865d, 0x865d, 0x865d, 0x865d, 0x865d, 0x865d, 0x865d, 0x865d, 0x865d, 0x865d,
0x865d, 0x865d, 0x865d, 0x865d, 0x865d, 0x865d, 0x865d, 0x865d, 0x865d, 0x865d, 0x865d, 0x865d, 0x865d, 0x865d, 0x865d, 0x865d,
0x865d, 0x865d, 0x865d, 0x865d, 0x865d, 0x865d, 0x865d, 0x865d, 0x865d, 0x865d, 0x865d, 0x865d, 0x865d, 0x865d, 0x865d, 0x865d,
0x865d, 0x865d, 0x865d, 0x865d, 0x865d, 0x865d, 0x865d, 0x865d, 0x865d, 0x865d, 0x865d, 0x865d, 0x865d, 0x865d, 0x865d, 0x865d,
0x865d, 0x865d, 0x865d, 0x865d, 0x865d, 0x865d, 0x865d, 0x865d, 0x865d, 0x865d, 0x865d, 0x865d, 0x865d, 0x865d, 0x865d, 0x865d,
0x865d, 0x865d, 0x865d, 0x865d, 0x865d, 0x865d, 0x865d, 0x865d, 0x865d, 0x865d, 0x865d, 0x865d, 0x865d, 0x865d, 0x865d, 0x865d,
0x865d, 0x865d, 0x865d, 0x865d, 0x865d, 0x865d, 0x865d, 0x865d, 0x865d, 0x865d, 0x865d, 0x865d, 0x865d, 0x865d, 0x865d, 0x865d,
0x865d, 0x865d, 0x865d, 0x865d, 0x865d, 0x865d, 0x865d, 0x865d, 0x865d, 0x865d, 0x865d, 0x865d, 0x865d, 0x865d, 0x865d, 0x865d,
0x865d, 0x865d, 0x865d, 0x865d, 0x865d, 0x865d, 0x865d, 0x865d, 0x865d, 0x865d, 0x865d, 0x865d, 0x865d, 0x865d, 0x865d, 0x865d,
0x865d, 0x865d, 0x865d, 0x865d, 0x865d, 0x865d, 0x865d, 0x865d, 0x865d, 0x865d, 0x865d, 0x865d, 0x865d, 0x865d, 0x865d, 0x865d,
0x865d, 0x865d, 0x865d, 0x865d, 0x865d, 0x865d, 0x865d, 0x865d, 0x865d, 0x865d, 0x865d, 0x865d, 0x865d, 0x865d, 0x865d, 0x865d,
0x865d, 0x865d, 0x865d, 0x865d, 0x865d, 0x865d, 0x865d, 0x865d, 0x865d, 0x865d, 0x865d, 0x865d, 0x865d, 0x865d, 0x865d, 0x865d,
0x865d, 0x865d, 0x865d, 0x865d, 0x865d, 0x865d, 0x865d, 0x865d, 0x865d, 0x865d, 0x865d, 0x865d, 0x865d, 0x865d, 0x865d, 0x865d,
0x865d, 0x865d, 0x865d, 0x865d, 0x865d, 0x865d, 0x865d, 0x865d, 0x865d, 0x865d, 0x865d, 0x865d, 0x865d, 0x865d, 0x865d, 0x865d,
0x865d, 0x865d, 0x865d, 0x865d, 0x865d, 0x865d, 0x865d, 0x865d, 0x865d, 0x865d, 0x865d, 0x865d, 0x865d, 0x865d, 0x865d, 0x865d,
0x865d, 0x865d, 0x865d, 0x865d, 0x865d, 0x865d, 0x865d, 0x865d, 0x865d, 0x865d, 0x865d, 0x865d, 0x865d, 0x865d, 0x9ebd, 0xaefe,
0xaefd, 0xa6dd, 0x867d, 0x865d, 0x865d, 0x865d, 0x865d, 0x865d, 0x865d, 0x865d, 0x865d, 0x865d, 0x865d, 0x865d, 0x865d, 0x865d,
0x865d, 0x865d, 0x865d, 0x865d, 0x865d, 0x865d, 0x865d, 0x865d, 0x865d, 0x865d, 0x865d, 0x865d, 0x865d, 0x865d, 0x865d, 0x865d,
0x865d, 0x865d, 0x865d, 0x865d, 0x865d, 0x865d, 0x865d, 0x865d, 0x865d, 0x865d, 0x865d, 0x865d, 0x865d, 0x865d, 0x865d, 0x865d,
0x865d, 0x865d, 0x865d, 0x865d, 0x865d, 0x865d, 0x865d, 0x865d, 0x865d, 0x865d, 0x865d, 0x865d, 0x865d, 0x865d, 0x865d, 0x865d,
0x865d, 0x865d, 0x865d, 0x865d, 0x865d, 0x865d, 0x865d, 0x865d, 0x865d, 0x865d, 0x865d, 0x865d, 0x865d, 0x865d, 0x865d, 0x865d,
0x865d, 0x865d, 0x865d, 0x865d, 0x865d, 0x865d, 0x865d, 0x865d, 0x865d, 0x865d, 0x865d, 0x865d, 0x865d, 0x865d, 0x865d, 0x865d,
0x865d, 0x865d, 0x865d, 0x865d, 0x865d, 0x865d, 0x865d, 0x865d, 0x865d, 0x865d, 0x865d, 0x865d, 0x865d, 0x865d, 0x865d, 0x865d,
0x865d, 0x865d, 0x865d, 0x865d, 0x865d, 0x865d, 0x865d, 0x865d, 0x865d, 0x865d, 0x865d, 0x865d, 0x865d, 0x865d, 0x865d, 0x865d,
0x865d, 0x865d, 0x865d, 0x865d, 0x865d, 0x865d, 0x865d, 0x865d, 0x865d, 0x865d, 0x865d, 0x865d, 0x865d, 0x865d, 0x865d, 0x865d,
0x865d, 0x865d, 0x865d, 0x865d, 0x865d, 0x865d, 0x865d, 0x865d, 0x865d, 0x865d, 0x865d, 0x865d, 0x865d, 0x865d, 0x865d, 0x865d,
0x865d, 0x865d, 0x865d, 0x865d, 0x865d, 0x865d, 0x865d, 0x865d, 0x865d, 0x865d, 0x865d, 0x865d, 0x865d, 0x865d, 0x865d, 0x865d,
0x865d, 0x865d, 0x865d, 0x865d, 0x865d, 0x865d, 0x865d, 0x865d, 0x865d, 0x865d, 0x865d, 0x865d, 0x865d, 0x865d, 0x865d, 0x865d,
0x865d, 0x865d, 0x865d, 0x865d, 0x865d, 0x865d, 0x865d, 0x865d, 0x865d, 0x865d, 0x865d, 0x865d, 0x865d, 0x865d, 0x865d, 0x865d,
0x865d, 0x865d, 0x865d, 0x865d, 0x865d, 0x865d, 0x865d, 0x865d, 0x865d, 0x865d, 0x865d, 0x865d, 0x865d, 0x865d, 0x865d, 0x865d,
0x865d, 0x865d, 0x865d, 0x865d, 0x865d, 0x865d, 0x865d, 0x865d, 0x865d, 0x865d, 0x865d, 0x865d, 0x865d, 0x865d, 0x865d, 0x865d,
0x865d, 0x865d, 0x865d, 0x865d, 0x865d, 0x865d, 0x865d, 0x865d, 0x865d, 0x865d, 0x865d, 0x865d, 0x865d, 0x865d, 0x865d, 0x865d,
0x865d, 0x865d, 0x865d, 0x865d, 0x865d, 0x865d, 0x865d, 0x865d, 0x865d, 0x865d, 0x865d, 0x865d, 0x865d, 0x865d, 0x865d, 0x865d,
0x865d, 0x865d, 0x865d, 0x865d, 0x865d, 0x865d, 0x865d, 0x865d, 0x865d, 0x865d, 0x865d, 0x865d, 0x865d, 0x865d, 0x865d, 0x865d,
0x865d, 0x865d, 0x865d, 0x865d, 0x865d, 0x865d, 0x865d, 0x865d, 0x865d, 0x865d, 0x865d, 0x865d, 0x865d, 0x865d, 0x865d, 0x865d,
0x865d, 0x865d, 0x865d, 0x865d, 0x865d, 0x865d, 0x865d, 0x865d, 0x865d, 0x865d, 0x865d, 0x865d, 0x865d, 0x865d, 0x865d, 0x865d,
0x865d, 0x865d, 0x865d, 0x865d, 0x865d, 0x865d, 0x865d, 0x865d, 0x865d, 0x865d, 0x865d, 0x865d, 0x865d, 0x865d, 0x865d, 0x865d,
0x865d, 0x865d, 0x865d, 0x865d, 0x865d, 0x865d, 0x865d, 0x865d, 0x865d, 0x865d, 0x865d, 0x865d, 0x865d, 0x865d, 0x865d, 0x865d,
0x865d, 0x865d, 0x865d, 0x865d, 0x865d, 0x865d, 0x865d, 0x865d, 0x865d, 0x865d, 0x865d, 0x865d, 0x865d, 0x865d, 0x865d, 0x865d,
0x865d, 0x865d, 0x865d, 0x865d, 0x865d, 0x865d, 0x865d, 0x865d, 0x865d, 0x865d, 0x865d, 0x865d, 0x865d, 0x865d, 0x865d, 0x865d,
0x865d, 0x865d, 0x865d, 0x865d, 0x865d, 0x865d, 0x865d, 0x865d, 0x865d, 0x865d, 0x865d, 0x865d, 0x865d, 0x865d, 0x865d, 0x865d,
0x865d, 0x865d, 0x865d, 0x865d, 0x865d, 0x865d, 0x865d, 0x865d, 0x865d, 0x865d, 0x865d, 0x865d, 0x865d, 0x865d, 0x865d, 0x865d,

/* -10- */
0x865d, 0x865d, 0x865d, 0x865d, 0x865d, 0x865d, 0x865d, 0x865d, 0x865d, 0x865d, 0x865d, 0x865d, 0x865d, 0x865d, 0x865d, 0x865d,
0x865d, 0x865d, 0x865d, 0x865d, 0x865d, 0x865d, 0x865d, 0x865d, 0x865d, 0x865d, 0x865d, 0x865d, 0x865d, 0x865d, 0x865d, 0x865d,
0x865d, 0x865d, 0x865d, 0x865d, 0x865d, 0x865d, 0x865d, 0x865d, 0x865d, 0x865d, 0x865d, 0x865d, 0x865d, 0x865d, 0x865d, 0x865d,
0x865d, 0x865d, 0x865d, 0x865d, 0x865d, 0x865d, 0x865d, 0x865d, 0x865d, 0x865d, 0x865d, 0x865d, 0x865d, 0x865d, 0x865d, 0x865d,
0x865d, 0x865d, 0x865d, 0x865d, 0x865d, 0x865d, 0x865d, 0x865d, 0x865d, 0x865d, 0x865d, 0x865d, 0x865d, 0x865d, 0x865d, 0x865d,
0x865d, 0x865d, 0x865d, 0x865d, 0x865d, 0x865d, 0x865d, 0x865d, 0x865d, 0x865d, 0x865d, 0x865d, 0x865d, 0x865d, 0x865d, 0x865d,
0x865d, 0x865d, 0x865d, 0x865d, 0x865d, 0x865d, 0x865d, 0x865d, 0x865d, 0x865d, 0x865d, 0x865d, 0x865d, 0x865d, 0x865d, 0x865d,
0x865d, 0x865d, 0x865d, 0x865d, 0x865d, 0x865d, 0x865d, 0x865d, 0x865d, 0x865d, 0x865d, 0x865d, 0x865d, 0x865d, 0x865d, 0x865d,
0x865d, 0x865d, 0x865d, 0x865d, 0x865d, 0x865d, 0x865d, 0x865d, 0x865d, 0x865d, 0x865d, 0x865d, 0x865d, 0x865d, 0x865d, 0x865d,
0x865d, 0x865d, 0x865d, 0x865d, 0x865d, 0x865d, 0x865d, 0x865d, 0x865d, 0x865d, 0x865d, 0x865d, 0x865d, 0x865d, 0x865d, 0x865d,
0x865d, 0x865d, 0x865d, 0x865d, 0x865d, 0x865d, 0x865d, 0x865d, 0x865d, 0x865d, 0x865d, 0x865d, 0x865d, 0x865d, 0x865d, 0x865d,
0x865d, 0x865d, 0x865d, 0x865d, 0x865d, 0x865d, 0x865d, 0x865d, 0x865d, 0x865d, 0x865d, 0x865d, 0x865d, 0x865d, 0x865d, 0x865d,
0x865d, 0x865d, 0x865d, 0x865d, 0x865d, 0x865d, 0x865d, 0x865d, 0x865d, 0x865d, 0x865d, 0x865d, 0x865d, 0x865d, 0x865d, 0x865d,
0x865d, 0x865d, 0x865d, 0x865d, 0x865d, 0x865d, 0x865d, 0x865d, 0x865d, 0x865d, 0x865d, 0x865d, 0x865d, 0x865d, 0x865d, 0x865d,
0x865d, 0x865d, 0x865d, 0x865d, 0x865d, 0x865d, 0x865d, 0x865d, 0x865d, 0x865d, 0x865d, 0x865d, 0x865d, 0x865d, 0x865d, 0x865d,
0x865d, 0x865d, 0x865d, 0x865d, 0x865d, 0x865d, 0x865d, 0x865d, 0x865d, 0x865d, 0x865d, 0x865d, 0x865d, 0x865d, 0x865d, 0x865d,
0x865d, 0x865d, 0x865d, 0x865d, 0x865d, 0x865d, 0x865d, 0x865d, 0x865d, 0x865d, 0x865d, 0x865d, 0x865d, 0x865d, 0x865d, 0x865d,
0x865d, 0x865d, 0x865d, 0x865d, 0x865d, 0x865d, 0x865d, 0x865d, 0x865d, 0x865d, 0x865d, 0x865d, 0x865d, 0x865d, 0x865d, 0x865d,
0x865d, 0x865d, 0x865d, 0x865d, 0x865d, 0x865d, 0x865d, 0x865d, 0x865d, 0x865d, 0x865d, 0x865d, 0x865d, 0x865d, 0x865d, 0x865d,
0x865d, 0x865d, 0x865d, 0x865d, 0x865d, 0x865d, 0x865d, 0x865d, 0x865d, 0x865d, 0x865d, 0x865d, 0x865d, 0x865d, 0x865d, 0x865d,
0x865d, 0x865d, 0x865d, 0x865d, 0x865d, 0x865d, 0x865d, 0x865d, 0x865d, 0x865d, 0x865d, 0x865d, 0x865d, 0x865d, 0x865d, 0x865d,
0x865d, 0x865d, 0x865d, 0x865d, 0x865d, 0x865d, 0x865d, 0x865d, 0x865d, 0x865d, 0x865d, 0x865d, 0x865d, 0x865d, 0x865d, 0x865d,
0x865d, 0x865d, 0x865d, 0x865d, 0x865d, 0x865d, 0x865d, 0x865d, 0x865d, 0x865d, 0x865d, 0x865d, 0x865d, 0x865d, 0x865d, 0x865d,
0x865d, 0x865d, 0x865d, 0x865d, 0x865d, 0x865d, 0x865d, 0x865d, 0x865d, 0x865d, 0x865d, 0x865d, 0x865d, 0x865d, 0x865d, 0x865d,
0x865d, 0x865d, 0x865d, 0x865d, 0x865d, 0x865d, 0x865d, 0x865d, 0x865d, 0x865d, 0x867d, 0xa6de, 0xa6de, 0x8e9d, 0x865d, 0x865d,
0x865d, 0x865d, 0x865d, 0x865d, 0x865d, 0x865d, 0x865d, 0x865d, 0x865d, 0x865d, 0x865d, 0x865d, 0x865d, 0x865d, 0x865d, 0x865d,
0x865d, 0x865d, 0x865d, 0x865d, 0x865d, 0x865d, 0x865d, 0x865d, 0x865d, 0x865d, 0x865d, 0x865d, 0x865d, 0x865d, 0x865d, 0x865d,
0x865d, 0x865d, 0x865d, 0x865d, 0x865d, 0x865d, 0x865d, 0x865d, 0x865d, 0x865d, 0x865d, 0x865d, 0x865d, 0x865d, 0x865d, 0x865d,
0x865d, 0x865d, 0x865d, 0x865d, 0x865d, 0x865d, 0x865d, 0x865d, 0x865d, 0x865d, 0x865d, 0x865d, 0x865d, 0x865d, 0x865d, 0x865d,
0x865d, 0x865d, 0x865d, 0x865d, 0x865d, 0x865d, 0x865d, 0x865d, 0x865d, 0x865d, 0x865d, 0x865d, 0x865d, 0x865d, 0x865d, 0x865d,
0x865d, 0x865d, 0x865d, 0x865d, 0x865d, 0x865d, 0x865d, 0x865d, 0x865d, 0x865d, 0x865d, 0x865d, 0x865d, 0x865d, 0x865d, 0x865d,
0x865d, 0x865d, 0x865d, 0x865d, 0x865d, 0x865d, 0x865d, 0x865d, 0x865d, 0x865d, 0x865d, 0x865d, 0x865d, 0x865d, 0x865d, 0x865d,
0x865d, 0x865d, 0x865d, 0x865d, 0x865d, 0x865d, 0x865d, 0x865d, 0x865d, 0x865d, 0x865d, 0x865d, 0x865d, 0x865d, 0x865d, 0x865d,
0x865d, 0x865d, 0x865d, 0x865d, 0x865d, 0x865d, 0x865d, 0x865d, 0x865d, 0x865d, 0x865d, 0x865d, 0x865d, 0x865d, 0x865d, 0x865d,
0x865d, 0x865d, 0x865d, 0x865d, 0x865d, 0x865d, 0x865d, 0x865d, 0x865d, 0x865d, 0x865d, 0x865d, 0x865d, 0x865d, 0x865d, 0x865d,
0x865d, 0x865d, 0x865d, 0x865d, 0x865d, 0x865d, 0x865d, 0x865d, 0x865d, 0x865d, 0x865d, 0x865d, 0x865d, 0x865d, 0x865d, 0x865d,
0x865d, 0x865d, 0x865d, 0x865d, 0x865d, 0x865d, 0x865d, 0x865d, 0x865d, 0x865d, 0x865d, 0x865d, 0x865d, 0x865d, 0x865d, 0x865d,
0x865d, 0x865d, 0x865d, 0x865d, 0x865d, 0x865d, 0x865d, 0x865d, 0x865d, 0x865d, 0x865d, 0x865d, 0x865d, 0x865d, 0x865d, 0x865d,
0x865d, 0x865d, 0x865d, 0x865d, 0x865d, 0x865d, 0x865d, 0x865d, 0x865d, 0x865d, 0x865d, 0x865d, 0x867d, 0x9ede, 0xaefe, 0xaefe,
0xaefe, 0xaefe, 0xa6de, 0x867d, 0x865d, 0x865d, 0x865d, 0x865d, 0x865d, 0x865d, 0x865d, 0x865d, 0x865d, 0x865d, 0x865d, 0x865d,
0x865d, 0x865d, 0x865d, 0x865d, 0x865d, 0x865d, 0x865d, 0x865d, 0x865d, 0x865d, 0x865d, 0x865d, 0x865d, 0x865d, 0x865d, 0x865d,
0x865d, 0x865d, 0x865d, 0x865d, 0x865d, 0x865d, 0x865d, 0x865d, 0x865d, 0x865d, 0x865d, 0x865d, 0x865d, 0x865d, 0x865d, 0x865d,
0x865d, 0x865d, 0x865d, 0x865d, 0x865d, 0x865d, 0x865d, 0x865d, 0x865d, 0x865d, 0x865d, 0x865d, 0x865d, 0x865d, 0x865d, 0x865d,
0x865d, 0x865d, 0x865d, 0x865d, 0x865d, 0x865d, 0x865d, 0x865d, 0x865d, 0x865d, 0x865d, 0x865d, 0x865d, 0x865d, 0x865d, 0x865d,
0x865d, 0x865d, 0x865d, 0x865d, 0x865d, 0x865d, 0x865d, 0x865d, 0x865d, 0x865d, 0x865d, 0x865d, 0x865d, 0x865d, 0x865d, 0x865d,
0x865d, 0x865d, 0x865d, 0x865d, 0x865d, 0x865d, 0x865d, 0x865d, 0x865d, 0x865d, 0x865d, 0x865d, 0x865d, 0x865d, 0x865d, 0x865d,
0x865d, 0x865d, 0x865d, 0x865d, 0x865d, 0x865d, 0x865d, 0x865d, 0x865d, 0x865d, 0x865d, 0x865d, 0x865d, 0x865d, 0x865d, 0x865d,
0x865d, 0x865d, 0x865d, 0x865d, 0x865d, 0x865d, 0x865d, 0x865d, 0x865d, 0x865d, 0x865d, 0x865d, 0x865d, 0x865d, 0x865d, 0x865d,
0x865d, 0x865d, 0x865d, 0x865d, 0x865d, 0x865d, 0x865d, 0x865d, 0x865d, 0x865d, 0x865d, 0x865d, 0x865d, 0x865d, 0x865d, 0x865d,
0x865d, 0x865d, 0x865d, 0x865d, 0x865d, 0x865d, 0x865d, 0x865d, 0x865d, 0x865d, 0x865d, 0x865d, 0x865d, 0x865d, 0x865d, 0x865d,
0x865d, 0x865d, 0x865d, 0x865d, 0x865d, 0x865d, 0x865d, 0x865d, 0x865d, 0x865d, 0x865d, 0x865d, 0x865d, 0x865d, 0x865d, 0x865d,
0x865d, 0x865d, 0x865d, 0x865d, 0x865d, 0x865d, 0x865d, 0x865d, 0x865d, 0x865d, 0x865d, 0x865d, 0x865d, 0x865d, 0x865d, 0x865d,
0x865d, 0x865d, 0x865d, 0x865d, 0x865d, 0x865d, 0x865d, 0x865d, 0x865d, 0x865d, 0x865d, 0x865d, 0x865d, 0x865d, 0x865d, 0x865d,
0x865d, 0x865d, 0x865d, 0x865d, 0x865d, 0x865d, 0x865d, 0x865d, 0x865d, 0x865d, 0x865d, 0x865d, 0x865d, 0x865d, 0x865d, 0x865d,
0x865d, 0x865d, 0x865d, 0x865d, 0x865d, 0x865d, 0x865d, 0x865d, 0x865d, 0x865d, 0x865d, 0x865d, 0x865d, 0x865d, 0x865d, 0x865d,
0x865d, 0x865d, 0x865d, 0x865d, 0x865d, 0x865d, 0x865d, 0x865d, 0x865d, 0x865d, 0x865d, 0x865d, 0x865d, 0x865d, 0x865d, 0x865d,
0x865d, 0x865d, 0x865d, 0x865d, 0x865d, 0x865d, 0x865d, 0x865d, 0x865d, 0x865d, 0x865d, 0x865d, 0x865d, 0x865d, 0x865d, 0x865d,
0x865d, 0x865d, 0x865d, 0x865d, 0x865d, 0x865d, 0x865d, 0x865d, 0x865d, 0x865d, 0x865d, 0x865d, 0x865d, 0x865d, 0x865d, 0x865d,
0x865d, 0x865d, 0x865d, 0x865d, 0x865d, 0x865d, 0x865d, 0x865d, 0x865d, 0x865d, 0x865d, 0x865d, 0x865d, 0x865d, 0x865d, 0x865d,
0x865d, 0x865d, 0x865d, 0x865d, 0x865d, 0x865d, 0x865d, 0x865d, 0x865d, 0x865d, 0x865d, 0x865d, 0x865d, 0x865d, 0x865d, 0x865d,
0x865d, 0x865d, 0x865d, 0x865d, 0x865d, 0x865d, 0x865d, 0x865d, 0x865d, 0x865d, 0x865d, 0x865d, 0x865d, 0x865d, 0x865d, 0x865d,
0x865d, 0x865d, 0x865d, 0x865d, 0x865d, 0x865d, 0x865d, 0x865d, 0x865d, 0x865d, 0x865d, 0x865d, 0x865d, 0x865d, 0x865d, 0x865d,
0x865d, 0x865d, 0x865d, 0x865d, 0x865d, 0x865d, 0x865d, 0x865d, 0x865d, 0x865d, 0x865d, 0x865d, 0x865d, 0x865d, 0x865d, 0x865d,
0x865d, 0x865d, 0x865d, 0x865d, 0x865d, 0x865d, 0x865d, 0x865d, 0x865d, 0x865d, 0x865d, 0x865d, 0x865d, 0x865d, 0x865d, 0x865d,
0x865d, 0x865d, 0x865d, 0x865d, 0x865d, 0x865d, 0x865d, 0x865d, 0x865d, 0x865d, 0x865d, 0x865d, 0x865d, 0x865d, 0x865d, 0x865d,

/* -11- */
0x865d, 0x865d, 0x865d, 0x865d, 0x865d, 0x865d, 0x865d, 0x865d, 0x865d, 0x865d, 0x865d, 0x865d, 0x865d, 0x865d, 0x865d, 0x865d,
0x865d, 0x865d, 0x865d, 0x865d, 0x865d, 0x865d, 0x865d, 0x865d, 0x865d, 0x865d, 0x865d, 0x865d, 0x865d, 0x865d, 0x865d, 0x865d,
0x865d, 0x865d, 0x865d, 0x865d, 0x865d, 0x865d, 0x865d, 0x865d, 0x865d, 0x865d, 0x865d, 0x865d, 0x865d, 0x865d, 0x865d, 0x865d,
0x865d, 0x865d, 0x865d, 0x865d, 0x865d, 0x865d, 0x865d, 0x865d, 0x865d, 0x865d, 0x865d, 0x865d, 0x865d, 0x865d, 0x865d, 0x865d,
0x865d, 0x865d, 0x865d, 0x865d, 0x865d, 0x865d, 0x865d, 0x865d, 0x865d, 0x865d, 0x865d, 0x865d, 0x865d, 0x865d, 0x865d, 0x865d,
0x865d, 0x865d, 0x865d, 0x865d, 0x865d, 0x865d, 0x865d, 0x865d, 0x865d, 0x865d, 0x865d, 0x865d, 0x865d, 0x865d, 0x865d, 0x865d,
0x865d, 0x865d, 0x865d, 0x865d, 0x865d, 0x865d, 0x865d, 0x865d, 0x865d, 0x865d, 0x865d, 0x865d, 0x865d, 0x865d, 0x865d, 0x865d,
0x865d, 0x865d, 0x865d, 0x865d, 0x865d, 0x865d, 0x865d, 0x865d, 0x865d, 0x865d, 0x865d, 0x865d, 0x865d, 0x865d, 0x865d, 0x865d,
0x865d, 0x865d, 0x865d, 0x865d, 0x865d, 0x865d, 0x865d, 0x865d, 0x865d, 0x865d, 0x865d, 0x865d, 0x865d, 0x865d, 0x865d, 0x865d,
0x865d, 0x865d, 0x865d, 0x865d, 0x865d, 0x865d, 0x865d, 0x865d, 0x865d, 0x865d, 0x865d, 0x865d, 0x865d, 0x865d, 0x865d, 0x865d,
0x865d, 0x865d, 0x865d, 0x865d, 0x865d, 0x865d, 0x865d, 0x865d, 0x865d, 0x865d, 0x865d, 0x865d, 0x865d, 0x865d, 0x865d, 0x865d,
0x865d, 0x865d, 0x865d, 0x865d, 0x865d, 0x865d, 0x865d, 0x865d, 0x865d, 0x865d, 0x865d, 0x865d, 0x865d, 0x865d, 0x865d, 0x865d,
0x865d, 0x865d, 0x865d, 0x865d, 0x865d, 0x865d, 0x865d, 0x865d, 0x865d, 0x865d, 0x865d, 0x865d, 0x865d, 0x865d, 0x865d, 0x865d,
0x865d, 0x865d, 0x865d, 0x865d, 0x865d, 0x865d, 0x865d, 0x865d, 0x865d, 0x865d, 0x865d, 0x865d, 0x865d, 0x865d, 0x865d, 0x865d,
0x865d, 0x865d, 0x865d, 0x865d, 0x865d, 0x865d, 0x865d, 0x865d, 0x865d, 0x865d, 0x865d, 0x865d, 0x865d, 0x865d, 0x865d, 0x865d,
0x865d, 0x865d, 0x865d, 0x865d, 0x865d, 0x865d, 0x865d, 0x865d, 0x865d, 0x865d, 0x865d, 0x865d, 0x865d, 0x865d, 0x865d, 0x865d,
0x865d, 0x865d, 0x865d, 0x865d, 0x865d, 0x865d, 0x865d, 0x865d, 0x865d, 0x865d, 0x865d, 0x865d, 0x865d, 0x865d, 0x865d, 0x865d,
0x865d, 0x865d, 0x865d, 0x865d, 0x865d, 0x865d, 0x865d, 0x865d, 0x865d, 0x865d, 0x865d, 0x865d, 0x865d, 0x865d, 0x865d, 0x865d,
0x865d, 0x865d, 0x865d, 0x865d, 0x865d, 0x865d, 0x865d, 0x865d, 0x865d, 0x865d, 0x865d, 0x865d, 0x865d, 0x865d, 0x865d, 0x865d,
0x865d, 0x865d, 0x865d, 0x865d, 0x865d, 0x865d, 0x865d, 0x865d, 0x865d, 0x865d, 0x865d, 0x865d, 0x865d, 0x865d, 0x865d, 0x865d,
0x865d, 0x865d, 0x865d, 0x865d, 0x865d, 0x865d, 0x865d, 0x865d, 0x865d, 0x865d, 0x865d, 0x865d, 0x865d, 0x865d, 0x865d, 0x865d,
0x865d, 0x865d, 0x865d, 0x865d, 0x865d, 0x865d, 0x865d, 0x865d, 0x865d, 0x865d, 0x865d, 0x865d, 0x865d, 0x865d, 0x865d, 0x865d,
0x865d, 0x865d, 0x865d, 0x865d, 0x865d, 0x865d, 0x865d, 0x865d, 0x865d, 0x865d, 0x865d, 0x865d, 0x865d, 0x865d, 0x865d, 0x865d,
0x865d, 0x865d, 0x865d, 0x865d, 0x865d, 0x865d, 0x865d, 0x865d, 0x865d, 0x865d, 0x865d, 0x865d, 0x865d, 0x865d, 0x865d, 0x865d,
0x865d, 0x865d, 0x865d, 0x865d, 0x865d, 0x865d, 0x865d, 0x867d, 0x867d, 0x867d, 0xa6de, 0xa6de, 0xa6de, 0xa6de, 0x8e9d, 0x865d,
0x865d, 0x865d, 0x865d, 0x865d, 0x865d, 0x865d, 0x865d, 0x865d, 0x865d, 0x865d, 0x865d, 0x865d, 0x865d, 0x865d, 0x865d, 0x865d,
0x865d, 0x865d, 0x865d, 0x865d, 0x865d, 0x865d, 0x865d, 0x865d, 0x865d, 0x865d, 0x865d, 0x865d, 0x865d, 0x865d, 0x865d, 0x865d,
0x865d, 0x865d, 0x865d, 0x865d, 0x865d, 0x865d, 0x865d, 0x865d, 0x865d, 0x865d, 0x865d, 0x865d, 0x865d, 0x865d, 0x865d, 0x865d,
0x865d, 0x865d, 0x865d, 0x865d, 0x865d, 0x865d, 0x865d, 0x865d, 0x865d, 0x865d, 0x865d, 0x865d, 0x865d, 0x865d, 0x865d, 0x865d,
0x865d, 0x865d, 0x865d, 0x865d, 0x865d, 0x865d, 0x865d, 0x865d, 0x865d, 0x865d, 0x865d, 0x865d, 0x865d, 0x865d, 0x865d, 0x865d,
0x865d, 0x865d, 0x865d, 0x865d, 0x865d, 0x865d, 0x865d, 0x865d, 0x865d, 0x865d, 0x865d, 0x865d, 0x865d, 0x865d, 0x865d, 0x865d,
0x865d, 0x865d, 0x865d, 0x865d, 0x865d, 0x865d, 0x865d, 0x865d, 0x865d, 0x865d, 0x865d, 0x865d, 0x865d, 0x865d, 0x865d, 0x865d,
0x865d, 0x865d, 0x865d, 0x865d, 0x865d, 0x865d, 0x865d, 0x865d, 0x865d, 0x865d, 0x865d, 0x865d, 0x865d, 0x865d, 0x865d, 0x865d,
0x865d, 0x865d, 0x865d, 0x865d, 0x865d, 0x865d, 0x865d, 0x865d, 0x865d, 0x865d, 0x865d, 0x865d, 0x865d, 0x865d, 0x865d, 0x865d,
0x865d, 0x865d, 0x865d, 0x865d, 0x865d, 0x865d, 0x865d, 0x865d, 0x865d, 0x865d, 0x865d, 0x865d, 0x865d, 0x865d, 0x865d, 0x865d,
0x865d, 0x865d, 0x865d, 0x865d, 0x865d, 0x865d, 0x865d, 0x865d, 0x865d, 0x865d, 0x865d, 0x865d, 0x865d, 0x865d, 0x865d, 0x865d,
0x865d, 0x865d, 0x865d, 0x865d, 0x865d, 0x865d, 0x865d, 0x865d, 0x865d, 0x865d, 0x865d, 0x865d, 0x865d, 0x865d, 0x865d, 0x865d,
0x865d, 0x865d, 0x865d, 0x865d, 0x865d, 0x865d, 0x865d, 0x865d, 0x865d, 0x865d, 0x865d, 0x865d, 0x865d, 0x865d, 0x865d, 0x865d,
0x865d, 0x865d, 0x865d, 0x865d, 0x865d, 0x865d, 0x865d, 0x865d, 0x865d, 0x865d, 0x865d, 0x865d, 0x9ebd, 0xaefe, 0xaefe, 0xaefe,
0xaefe, 0xaefe, 0xaefe, 0x8e9d, 0x865d, 0x865d, 0x865d, 0x865d, 0x865d, 0x865d, 0x865d, 0x865d, 0x865d, 0x865d, 0x865d, 0x865d,
0x865d, 0x865d, 0x865d, 0x865d, 0x865d, 0x865d, 0x865d, 0x865d, 0x865d, 0x865d, 0x865d, 0x865d, 0x865d, 0x865d, 0x865d, 0x865d,
0x865d, 0x865d, 0x865d, 0x865d, 0x865d, 0x865d, 0x865d, 0x865d, 0x865d, 0x865d, 0x865d, 0x865d, 0x865d, 0x865d, 0x865d, 0x865d,
0x865d, 0x865d, 0x865d, 0x865d, 0x865d, 0x865d, 0x865d, 0x865d, 0x865d, 0x865d, 0x865d, 0x865d, 0x865d, 0x865d, 0x865d, 0x865d,
0x865d, 0x865d, 0x865d, 0x865d, 0x865d, 0x865d, 0x865d, 0x865d, 0x865d, 0x865d, 0x865d, 0x865d, 0x865d, 0x865d, 0x865d, 0x865d,
0x865d, 0x865d, 0x865d, 0x865d, 0x865d, 0x865d, 0x865d, 0x865d, 0x865d, 0x865d, 0x865d, 0x865d, 0x865d, 0x865d, 0x865d, 0x865d,
0x865d, 0x865d, 0x865d, 0x865d, 0x865d, 0x865d, 0x865d, 0x865d, 0x865d, 0x865d, 0x865d, 0x865d, 0x865d, 0x865d, 0x865d, 0x865d,
0x865d, 0x865d, 0x865d, 0x865d, 0x865d, 0x865d, 0x865d, 0x865d, 0x865d, 0x865d, 0x865d, 0x865d, 0x865d, 0x865d, 0x865d, 0x865d,
0x865d, 0x865d, 0x865d, 0x865d, 0x865d, 0x865d, 0x865d, 0x865d, 0x865d, 0x865d, 0x865d, 0x865d, 0x865d, 0x865d, 0x865d, 0x865d,
0x865d, 0x865d, 0x865d, 0x865d, 0x865d, 0x865d, 0x865d, 0x865d, 0x865d, 0x865d, 0x865d, 0x865d, 0x865d, 0x865d, 0x865d, 0x865d,
0x865d, 0x865d, 0x865d, 0x865d, 0x865d, 0x865d, 0x865d, 0x865d, 0x865d, 0x865d, 0x865d, 0x865d, 0x865d, 0x865d, 0x865d, 0x865d,
0x865d, 0x865d, 0x865d, 0x865d, 0x865d, 0x865d, 0x865d, 0x865d, 0x865d, 0x865d, 0x865d, 0x865d, 0x865d, 0x865d, 0x865d, 0x865d,
0x865d, 0x865d, 0x865d, 0x865d, 0x865d, 0x865d, 0x865d, 0x865d, 0x865d, 0x865d, 0x865d, 0x865d, 0x865d, 0x865d, 0x865d, 0x865d,
0x865d, 0x865d, 0x865d, 0x865d, 0x865d, 0x865d, 0x865d, 0x865d, 0x865d, 0x865d, 0x865d, 0x865d, 0x865d, 0x865d, 0x865d, 0x865d,
0x865d, 0x865d, 0x865d, 0x865d, 0x865d, 0x865d, 0x865d, 0x865d, 0x865d, 0x865d, 0x865d, 0x865d, 0x865d, 0x865d, 0x865d, 0x865d,
0x865d, 0x865d, 0x865d, 0x865d, 0x865d, 0x865d, 0x865d, 0x865d, 0x865d, 0x865d, 0x865d, 0x865d, 0x865d, 0x865d, 0x865d, 0x865d,
0x865d, 0x865d, 0x865d, 0x865d, 0x865d, 0x865d, 0x865d, 0x865d, 0x865d, 0x865d, 0x865d, 0x865d, 0x865d, 0x865d, 0x865d, 0x865d,
0x865d, 0x865d, 0x865d, 0x865d, 0x865d, 0x865d, 0x865d, 0x865d, 0x865d, 0x865d, 0x865d, 0x865d, 0x865d, 0x865d, 0x865d, 0x865d,
0x865d, 0x865d, 0x865d, 0x865d, 0x865d, 0x865d, 0x865d, 0x865d, 0x865d, 0x865d, 0x865d, 0x865d, 0x865d, 0x865d, 0x865d, 0x865d,
0x865d, 0x865d, 0x865d, 0x865d, 0x865d, 0x865d, 0x865d, 0x865d, 0x865d, 0x865d, 0x865d, 0x865d, 0x865d, 0x865d, 0x865d, 0x865d,
0x865d, 0x865d, 0x865d, 0x865d, 0x865d, 0x865d, 0x865d, 0x865d, 0x865d, 0x865d, 0x865d, 0x865d, 0x865d, 0x865d, 0x865d, 0x865d,
0x865d, 0x865d, 0x865d, 0x865d, 0x865d, 0x865d, 0x865d, 0x865d, 0x865d, 0x865d, 0x865d, 0x865d, 0x865d, 0x865d, 0x865d, 0x865d,
0x865d, 0x865d, 0x865d, 0x865d, 0x865d, 0x865d, 0x865d, 0x865d, 0x865d, 0x865d, 0x865d, 0x865d, 0x865d, 0x865d, 0x865d, 0x865d,
0x865d, 0x865d, 0x865d, 0x865d, 0x865d, 0x865d, 0x865d, 0x865d, 0x865d, 0x865d, 0x865d, 0x865d, 0x865d, 0x865d, 0x865d, 0x865d,
0x865d, 0x865d, 0x865d, 0x865d, 0x865d, 0x865d, 0x865d, 0x865d, 0x865d, 0x865d, 0x865d, 0x865d, 0x865d, 0x865d, 0x865d, 0x865d,
0x865d, 0x865d, 0x865d, 0x865d, 0x865d, 0x865d, 0x865d, 0x865d, 0x865d, 0x865d, 0x865d, 0x865d, 0x865d, 0x865d, 0x865d, 0x865d,

/* -12- */
0x865d, 0x865d, 0x865d, 0x865d, 0x865d, 0x865d, 0x865d, 0x865d, 0x865d, 0x865d, 0x865d, 0x865d, 0x865d, 0x865d, 0x865d, 0x865d,
0x865d, 0x865d, 0x865d, 0x865d, 0x865d, 0x865d, 0x865d, 0x865d, 0x865d, 0x865d, 0x865d, 0x865d, 0x865d, 0x865d, 0x865d, 0x865d,
0x865d, 0x865d, 0x865d, 0x865d, 0x865d, 0x865d, 0x865d, 0x865d, 0x865d, 0x865d, 0x865d, 0x865d, 0x865d, 0x865d, 0x865d, 0x865d,
0x865d, 0x865d, 0x865d, 0x865d, 0x865d, 0x865d, 0x865d, 0x865d, 0x865d, 0x865d, 0x865d, 0x865d, 0x865d, 0x865d, 0x865d, 0x865d,
0x865d, 0x865d, 0x865d, 0x865d, 0x865d, 0x865d, 0x865d, 0x865d, 0x865d, 0x865d, 0x865d, 0x865d, 0x865d, 0x865d, 0x865d, 0x865d,
0x865d, 0x865d, 0x865d, 0x865d, 0x865d, 0x865d, 0x865d, 0x865d, 0x865d, 0x865d, 0x865d, 0x865d, 0x865d, 0x865d, 0x865d, 0x865d,
0x865d, 0x865d, 0x865d, 0x865d, 0x865d, 0x865d, 0x865d, 0x865d, 0x865d, 0x865d, 0x865d, 0x865d, 0x865d, 0x865d, 0x865d, 0x865d,
0x865d, 0x865d, 0x865d, 0x865d, 0x865d, 0x865d, 0x865d, 0x865d, 0x865d, 0x865d, 0x865d, 0x865d, 0x865d, 0x865d, 0x865d, 0x865d,
0x865d, 0x865d, 0x865d, 0x865d, 0x865d, 0x865d, 0x865d, 0x865d, 0x865d, 0x865d, 0x865d, 0x865d, 0x865d, 0x865d, 0x865d, 0x865d,
0x865d, 0x865d, 0x865d, 0x865d, 0x865d, 0x865d, 0x865d, 0x865d, 0x865d, 0x865d, 0x865d, 0x865d, 0x865d, 0x865d, 0x865d, 0x865d,
0x865d, 0x865d, 0x865d, 0x865d, 0x865d, 0x865d, 0x865d, 0x865d, 0x865d, 0x865d, 0x865d, 0x865d, 0x865d, 0x865d, 0x865d, 0x865d,
0x865d, 0x865d, 0x865d, 0x865d, 0x865d, 0x865d, 0x865d, 0x865d, 0x865d, 0x865d, 0x865d, 0x865d, 0x865d, 0x865d, 0x865d, 0x865d,
0x865d, 0x865d, 0x865d, 0x865d, 0x865d, 0x865d, 0x865d, 0x865d, 0x865d, 0x865d, 0x865d, 0x865d, 0x865d, 0x865d, 0x865d, 0x865d,
0x865d, 0x865d, 0x865d, 0x865d, 0x865d, 0x865d, 0x865d, 0x865d, 0x865d, 0x865d, 0x865d, 0x865d, 0x865d, 0x865d, 0x865d, 0x865d,
0x865d, 0x865d, 0x865d, 0x865d, 0x865d, 0x865d, 0x865d, 0x865d, 0x865d, 0x865d, 0x865d, 0x865d, 0x865d, 0x865d, 0x865d, 0x865d,
0x865d, 0x865d, 0x865d, 0x865d, 0x865d, 0x865d, 0x865d, 0x865d, 0x865d, 0x865d, 0x865d, 0x865d, 0x865d, 0x865d, 0x865d, 0x865d,
0x865d, 0x865d, 0x865d, 0x865d, 0x865d, 0x865d, 0x865d, 0x865d, 0x865d, 0x865d, 0x865d, 0x865d, 0x865d, 0x865d, 0x865d, 0x865d,
0x865d, 0x865d, 0x865d, 0x865d, 0x865d, 0x865d, 0x865d, 0x865d, 0x865d, 0x865d, 0x865d, 0x865d, 0x865d, 0x865d, 0x865d, 0x865d,
0x865d, 0x865d, 0x865d, 0x865d, 0x865d, 0x865d, 0x865d, 0x865d, 0x865d, 0x865d, 0x865d, 0x865d, 0x865d, 0x865d, 0x865d, 0x865d,
0x865d, 0x865d, 0x865d, 0x865d, 0x865d, 0x865d, 0x865d, 0x865d, 0x865d, 0x865d, 0x865d, 0x865d, 0x865d, 0x865d, 0x865d, 0x865d,
0x865d, 0x865d, 0x865d, 0x865d, 0x865d, 0x865d, 0x865d, 0x865d, 0x865d, 0x865d, 0x865d, 0x865d, 0x865d, 0x865d, 0x865d, 0x865d,
0x865d, 0x865d, 0x865d, 0x865d, 0x865d, 0x865d, 0x865d, 0x865d, 0x865d, 0x865d, 0x865d, 0x865d, 0x865d, 0x865d, 0x865d, 0x865d,
0x865d, 0x865d, 0x865d, 0x865d, 0x865d, 0x865d, 0x865d, 0x865d, 0x865d, 0x865d, 0x865d, 0x865d, 0x865d, 0x865d, 0x865d, 0x865d,
0x865d, 0x865d, 0x865d, 0x865d, 0x865d, 0x865d, 0x865d, 0x865d, 0x865d, 0x865d, 0x865d, 0x865d, 0x865d, 0x865d, 0x865d, 0x865d,
0x865d, 0x865d, 0x865d, 0x865d, 0x865d, 0x865d, 0x8e7d, 0xa6de, 0xa6de, 0x9ebe, 0xa6de, 0xa6de, 0xa6de, 0xa6de, 0x9ede, 0x865d,
0x865d, 0x865d, 0x867d, 0x867d, 0x865d, 0x865d, 0x865d, 0x865d, 0x865d, 0x865d, 0x865d, 0x865d, 0x865d, 0x865d, 0x865d, 0x865d,
0x865d, 0x865d, 0x865d, 0x865d, 0x865d, 0x865d, 0x865d, 0x865d, 0x865d, 0x865d, 0x865d, 0x865d, 0x865d, 0x865d, 0x865d, 0x865d,
0x865d, 0x865d, 0x865d, 0x865d, 0x865d, 0x865d, 0x865d, 0x865d, 0x865d, 0x865d, 0x865d, 0x865d, 0x865d, 0x865d, 0x865d, 0x865d,
0x865d, 0x865d, 0x865d, 0x865d, 0x865d, 0x865d, 0x865d, 0x865d, 0x865d, 0x865d, 0x865d, 0x865d, 0x865d, 0x865d, 0x865d, 0x865d,
0x865d, 0x865d, 0x865d, 0x865d, 0x865d, 0x865d, 0x865d, 0x865d, 0x865d, 0x865d, 0x865d, 0x865d, 0x865d, 0x865d, 0x865d, 0x865d,
0x865d, 0x865d, 0x865d, 0x865d, 0x865d, 0x865d, 0x865d, 0x865d, 0x865d, 0x865d, 0x865d, 0x865d, 0x865d, 0x865d, 0x865d, 0x865d,
0x865d, 0x865d, 0x865d, 0x865d, 0x865d, 0x865d, 0x865d, 0x865d, 0x865d, 0x865d, 0x865d, 0x865d, 0x865d, 0x865d, 0x865d, 0x865d,
0x865d, 0x865d, 0x865d, 0x865d, 0x865d, 0x865d, 0x865d, 0x865d, 0x865d, 0x865d, 0x865d, 0x865d, 0x865d, 0x865d, 0x865d, 0x865d,
0x865d, 0x865d, 0x865d, 0x865d, 0x865d, 0x865d, 0x865d, 0x865d, 0x865d, 0x865d, 0x865d, 0x865d, 0x865d, 0x865d, 0x865d, 0x865d,
0x865d, 0x865d, 0x865d, 0x865d, 0x865d, 0x865d, 0x865d, 0x865d, 0x865d, 0x865d, 0x865d, 0x865d, 0x865d, 0x865d, 0x865d, 0x865d,
0x865d, 0x865d, 0x865d, 0x865d, 0x865d, 0x865d, 0x865d, 0x865d, 0x865d, 0x865d, 0x865d, 0x865d, 0x865d, 0x865d, 0x865d, 0x865d,
0x865d, 0x865d, 0x865d, 0x865d, 0x865d, 0x865d, 0x865d, 0x865d, 0x865d, 0x865d, 0x865d, 0x865d, 0x865d, 0x865d, 0x865d, 0x865d,
0x865d, 0x865d, 0x865d, 0x865d, 0x865d, 0x865d, 0x865d, 0x865d, 0x865d, 0x865d, 0x865d, 0x865d, 0x865d, 0x865d, 0x865d, 0x865d,
0x865d, 0x865d, 0x865d, 0x865d, 0x865d, 0x865d, 0x865d, 0x865d, 0x865d, 0x865d, 0x8e9d, 0x9ebd, 0x9ede, 0xaefe, 0xaefe, 0xaefe,
0xaefe, 0xaefe, 0xaede, 0x8e9d, 0x96bd, 0x867d, 0x865d, 0x865d, 0x865d, 0x865d, 0x865d, 0x865d, 0x865d, 0x865d, 0x865d, 0x865d,
0x865d, 0x865d, 0x865d, 0x865d, 0x865d, 0x865d, 0x865d, 0x865d, 0x865d, 0x865d, 0x865d, 0x865d, 0x865d, 0x865d, 0x865d, 0x865d,
0x865d, 0x865d, 0x865d, 0x865d, 0x865d, 0x865d, 0x865d, 0x865d, 0x865d, 0x865d, 0x865d, 0x865d, 0x865d, 0x865d, 0x865d, 0x865d,
0x865d, 0x865d, 0x865d, 0x865d, 0x865d, 0x865d, 0x865d, 0x865d, 0x865d, 0x865d, 0x865d, 0x865d, 0x865d, 0x865d, 0x865d, 0x865d,
0x865d, 0x865d, 0x865d, 0x865d, 0x865d, 0x865d, 0x865d, 0x865d, 0x865d, 0x865d, 0x865d, 0x865d, 0x865d, 0x865d, 0x865d, 0x865d,
0x865d, 0x865d, 0x865d, 0x865d, 0x865d, 0x865d, 0x865d, 0x865d, 0x865d, 0x865d, 0x865d, 0x865d, 0x865d, 0x865d, 0x865d, 0x865d,
0x865d, 0x865d, 0x865d, 0x865d, 0x865d, 0x865d, 0x865d, 0x865d, 0x865d, 0x865d, 0x865d, 0x865d, 0x865d, 0x865d, 0x865d, 0x865d,
0x865d, 0x865d, 0x865d, 0x865d, 0x865d, 0x865d, 0x865d, 0x865d, 0x865d, 0x865d, 0x865d, 0x865d, 0x865d, 0x865d, 0x865d, 0x865d,
0x865d, 0x865d, 0x865d, 0x865d, 0x865d, 0x865d, 0x865d, 0x865d, 0x865d, 0x865d, 0x865d, 0x865d, 0x865d, 0x865d, 0x865d, 0x865d,
0x865d, 0x865d, 0x865d, 0x865d, 0x865d, 0x865d, 0x865d, 0x865d, 0x865d, 0x865d, 0x865d, 0x865d, 0x865d, 0x865d, 0x865d, 0x865d,
0x865d, 0x865d, 0x865d, 0x865d, 0x865d, 0x865d, 0x865d, 0x865d, 0x865d, 0x865d, 0x865d, 0x865d, 0x865d, 0x865d, 0x865d, 0x865d,
0x865d, 0x865d, 0x865d, 0x865d, 0x865d, 0x865d, 0x865d, 0x865d, 0x865d, 0x865d, 0x865d, 0x865d, 0x865d, 0x865d, 0x865d, 0x865d,
0x865d, 0x865d, 0x865d, 0x865d, 0x865d, 0x865d, 0x865d, 0x865d, 0x865d, 0x865d, 0x865d, 0x865d, 0x865d, 0x865d, 0x865d, 0x865d,
0x865d, 0x865d, 0x865d, 0x865d, 0x865d, 0x865d, 0x865d, 0x865d, 0x865d, 0x865d, 0x865d, 0x865d, 0x865d, 0x865d, 0x865d, 0x865d,
0x865d, 0x865d, 0x865d, 0x865d, 0x865d, 0x865d, 0x865d, 0x865d, 0x865d, 0x865d, 0x865d, 0x865d, 0x865d, 0x865d, 0x865d, 0x865d,
0x865d, 0x865d, 0x865d, 0x865d, 0x865d, 0x865d, 0x865d, 0x865d, 0x865d, 0x865d, 0x865d, 0x865d, 0x865d, 0x865d, 0x865d, 0x865d,
0x865d, 0x865d, 0x865d, 0x865d, 0x865d, 0x865d, 0x865d, 0x865d, 0x865d, 0x865d, 0x865d, 0x865d, 0x865d, 0x865d, 0x865d, 0x865d,
0x865d, 0x865d, 0x865d, 0x865d, 0x865d, 0x865d, 0x865d, 0x865d, 0x865d, 0x865d, 0x865d, 0x865d, 0x865d, 0x865d, 0x865d, 0x865d,
0x865d, 0x865d, 0x865d, 0x865d, 0x865d, 0x865d, 0x865d, 0x865d, 0x865d, 0x865d, 0x865d, 0x865d, 0x865d, 0x865d, 0x865d, 0x865d,
0x865d, 0x865d, 0x865d, 0x865d, 0x865d, 0x865d, 0x865d, 0x865d, 0x865d, 0x865d, 0x865d, 0x865d, 0x865d, 0x865d, 0x865d, 0x865d,
0x865d, 0x865d, 0x865d, 0x865d, 0x865d, 0x865d, 0x865d, 0x865d, 0x865d, 0x865d, 0x865d, 0x865d, 0x865d, 0x865d, 0x865d, 0x865d,
0x865d, 0x865d, 0x865d, 0x865d, 0x865d, 0x865d, 0x865d, 0x865d, 0x865d, 0x865d, 0x865d, 0x865d, 0x865d, 0x865d, 0x865d, 0x865d,
0x865d, 0x865d, 0x865d, 0x865d, 0x865d, 0x865d, 0x865d, 0x865d, 0x865d, 0x865d, 0x865d, 0x865d, 0x865d, 0x865d, 0x865d, 0x865d,
0x865d, 0x865d, 0x865d, 0x865d, 0x865d, 0x865d, 0x865d, 0x865d, 0x865d, 0x865d, 0x865d, 0x865d, 0x865d, 0x865d, 0x865d, 0x865d,
0x865d, 0x865d, 0x865d, 0x865d, 0x865d, 0x865d, 0x865d, 0x865d, 0x865d, 0x865d, 0x865d, 0x865d, 0x865d, 0x865d, 0x865d, 0x865d,
0x865d, 0x865d, 0x865d, 0x865d, 0x865d, 0x865d, 0x865d, 0x865d, 0x865d, 0x865d, 0x865d, 0x865d, 0x865d, 0x865d, 0x865d, 0x865d,

/* -13- */
0x865d, 0x865d, 0x865d, 0x865d, 0x865d, 0x865d, 0x865d, 0x865d, 0x865d, 0x865d, 0x865d, 0x865d, 0x865d, 0x865d, 0x865d, 0x865d,
0x865d, 0x865d, 0x865d, 0x865d, 0x865d, 0x865d, 0x865d, 0x865d, 0x865d, 0x865d, 0x865d, 0x865d, 0x865d, 0x865d, 0x865d, 0x865d,
0x865d, 0x865d, 0x865d, 0x865d, 0x865d, 0x865d, 0x865d, 0x865d, 0x865d, 0x865d, 0x865d, 0x865d, 0x865d, 0x865d, 0x865d, 0x865d,
0x865d, 0x865d, 0x865d, 0x865d, 0x865d, 0x865d, 0x865d, 0x865d, 0x865d, 0x865d, 0x865d, 0x865d, 0x865d, 0x865d, 0x865d, 0x865d,
0x865d, 0x865d, 0x865d, 0x865d, 0x865d, 0x865d, 0x865d, 0x865d, 0x865d, 0x865d, 0x865d, 0x865d, 0x865d, 0x865d, 0x865d, 0x865d,
0x865d, 0x865d, 0x865d, 0x865d, 0x865d, 0x865d, 0x865d, 0x865d, 0x865d, 0x865d, 0x865d, 0x865d, 0x865d, 0x865d, 0x865d, 0x865d,
0x865d, 0x865d, 0x865d, 0x865d, 0x865d, 0x865d, 0x865d, 0x865d, 0x865d, 0x865d, 0x865d, 0x865d, 0x865d, 0x865d, 0x865d, 0x865d,
0x865d, 0x865d, 0x865d, 0x865d, 0x865d, 0x865d, 0x865d, 0x865d, 0x865d, 0x865d, 0x865d, 0x865d, 0x865d, 0x865d, 0x865d, 0x865d,
0x865d, 0x865d, 0x865d, 0x865d, 0x865d, 0x865d, 0x865d, 0x865d, 0x865d, 0x865d, 0x865d, 0x865d, 0x865d, 0x865d, 0x865d, 0x865d,
0x865d, 0x865d, 0x865d, 0x865d, 0x865d, 0x865d, 0x865d, 0x865d, 0x865d, 0x865d, 0x865d, 0x865d, 0x865d, 0x865d, 0x865d, 0x865d,
0x865d, 0x865d, 0x865d, 0x865d, 0x865d, 0x865d, 0x865d, 0x865d, 0x865d, 0x865d, 0x865d, 0x865d, 0x865d, 0x865d, 0x865d, 0x865d,
0x865d, 0x865d, 0x865d, 0x865d, 0x865d, 0x865d, 0x865d, 0x865d, 0x865d, 0x865d, 0x865d, 0x865d, 0x865d, 0x865d, 0x865d, 0x865d,
0x865d, 0x865d, 0x865d, 0x865d, 0x865d, 0x865d, 0x865d, 0x865d, 0x865d, 0x865d, 0x865d, 0x865d, 0x865d, 0x865d, 0x865d, 0x865d,
0x865d, 0x865d, 0x865d, 0x865d, 0x865d, 0x865d, 0x865d, 0x865d, 0x865d, 0x865d, 0x865d, 0x865d, 0x865d, 0x865d, 0x865d, 0x865d,
0x865d, 0x865d, 0x865d, 0x865d, 0x865d, 0x865d, 0x865d, 0x865d, 0x865d, 0x865d, 0x865d, 0x865d, 0x865d, 0x865d, 0x865d, 0x865d,
0x865d, 0x865d, 0x865d, 0x865d, 0x865d, 0x865d, 0x865d, 0x865d, 0x865d, 0x865d, 0x865d, 0x865d, 0x865d, 0x865d, 0x865d, 0x865d,
0x865d, 0x865d, 0x865d, 0x865d, 0x865d, 0x865d, 0x865d, 0x865d, 0x865d, 0x865d, 0x865d, 0x865d, 0x865d, 0x865d, 0x865d, 0x865d,
0x865d, 0x865d, 0x865d, 0x865d, 0x865d, 0x865d, 0x865d, 0x865d, 0x865d, 0x865d, 0x865d, 0x865d, 0x865d, 0x865d, 0x865d, 0x865d,
0x865d, 0x865d, 0x865d, 0x865d, 0x865d, 0x865d, 0x865d, 0x865d, 0x865d, 0x865d, 0x865d, 0x865d, 0x865d, 0x865d, 0x865d, 0x865d,
0x865d, 0x865d, 0x865d, 0x865d, 0x865d, 0x865d, 0x865d, 0x865d, 0x865d, 0x865d, 0x865d, 0x865d, 0x865d, 0x865d, 0x865d, 0x865d,
0x865d, 0x865d, 0x865d, 0x865d, 0x865d, 0x865d, 0x865d, 0x865d, 0x865d, 0x865d, 0x865d, 0x865d, 0x865d, 0x865d, 0x865d, 0x865d,
0x865d, 0x865d, 0x865d, 0x865d, 0x865d, 0x865d, 0x865d, 0x865d, 0x865d, 0x865d, 0x865d, 0x865d, 0x865d, 0x865d, 0x865d, 0x865d,
0x865d, 0x865d, 0x865d, 0x865d, 0x865d, 0x865d, 0x865d, 0x865d, 0x865d, 0x865d, 0x865d, 0x865d, 0x865d, 0x865d, 0x865d, 0x865d,
0x865d, 0x865d, 0x865d, 0x865d, 0x865d, 0x865d, 0x865d, 0x865d, 0x865d, 0x865d, 0x865d, 0x865d, 0x865d, 0x865d, 0x865d, 0x865d,
0x865d, 0x865d, 0x865d, 0x865d, 0x867d, 0x865d, 0x9ebe, 0xa6de, 0xa6de, 0xa6de, 0x9ebe, 0xa6de, 0xa6de, 0xa6de, 0x9ebe, 0x9ede,
0x969d, 0x969d, 0xa6de, 0xa6de, 0x8e9d, 0x865d, 0x865d, 0x865d, 0x865d, 0x865d, 0x865d, 0x865d, 0x865d, 0x865d, 0x865d, 0x865d,
0x865d, 0x865d, 0x865d, 0x865d, 0x865d, 0x865d, 0x865d, 0x865d, 0x865d, 0x865d, 0x865d, 0x865d, 0x865d, 0x865d, 0x865d, 0x865d,
0x865d, 0x865d, 0x865d, 0x865d, 0x865d, 0x865d, 0x865d, 0x865d, 0x865d, 0x865d, 0x865d, 0x865d, 0x865d, 0x865d, 0x865d, 0x865d,
0x865d, 0x865d, 0x865d, 0x865d, 0x865d, 0x865d, 0x865d, 0x865d, 0x865d, 0x865d, 0x865d, 0x865d, 0x865d, 0x865d, 0x865d, 0x865d,
0x865d, 0x865d, 0x865d, 0x865d, 0x865d, 0x865d, 0x865d, 0x865d, 0x865d, 0x865d, 0x865d, 0x865d, 0x865d, 0x865d, 0x865d, 0x865d,
0x865d, 0x865d, 0x865d, 0x865d, 0x865d, 0x865d, 0x865d, 0x865d, 0x865d, 0x865d, 0x865d, 0x865d, 0x865d, 0x865d, 0x865d, 0x865d,
0x865d, 0x865d, 0x865d, 0x865d, 0x865d, 0x865d, 0x865d, 0x865d, 0x865d, 0x865d, 0x865d, 0x865d, 0x865d, 0x865d, 0x865d, 0x865d,
0x865d, 0x865d, 0x865d, 0x865d, 0x865d, 0x865d, 0x865d, 0x865d, 0x865d, 0x865d, 0x865d, 0x865d, 0x865d, 0x865d, 0x865d, 0x865d,
0x865d, 0x865d, 0x865d, 0x865d, 0x865d, 0x865d, 0x865d, 0x865d, 0x865d, 0x865d, 0x865d, 0x865d, 0x865d, 0x865d, 0x865d, 0x865d,
0x865d, 0x865d, 0x865d, 0x865d, 0x865d, 0x865d, 0x865d, 0x865d, 0x865d, 0x865d, 0x865d, 0x865d, 0x865d, 0x865d, 0x865d, 0x865d,
0x865d, 0x865d, 0x865d, 0x865d, 0x865d, 0x865d, 0x865d, 0x865d, 0x865d, 0x865d, 0x865d, 0x865d, 0x865d, 0x865d, 0x865d, 0x865d,
0x865d, 0x865d, 0x865d, 0x865d, 0x865d, 0x865d, 0x865d, 0x865d, 0x865d, 0x865d, 0x865d, 0x865d, 0x865d, 0x865d, 0x865d, 0x865d,
0x865d, 0x865d, 0x865d, 0x865d, 0x865d, 0x865d, 0x865d, 0x865d, 0x865d, 0x865d, 0x865d, 0x865d, 0x865d, 0x865d, 0x865d, 0x865d,
0x865d, 0x865d, 0x865d, 0x865d, 0x865d, 0x865d, 0x865d, 0x865d, 0x865d, 0x8e9d, 0xaefe, 0xaefe, 0xa6fe, 0xa6de, 0xa6de, 0xaefe,
0xaefe, 0xaefe, 0xa6de, 0xa6fe, 0xaefe, 0xa6de, 0x8e7d, 0x865d, 0x865d, 0x865d, 0x865d, 0x865d, 0x865d, 0x865d, 0x865d, 0x865d,
0x865d, 0x865d, 0x865d, 0x865d, 0x865d, 0x865d, 0x865d, 0x865d, 0x865d, 0x865d, 0x865d, 0x865d, 0x865d, 0x865d, 0x865d, 0x865d,
0x865d, 0x865d, 0x865d, 0x865d, 0x865d, 0x865d, 0x865d, 0x865d, 0x865d, 0x865d, 0x865d, 0x865d, 0x865d, 0x865d, 0x865d, 0x865d,
0x865d, 0x865d, 0x865d, 0x865d, 0x865d, 0x865d, 0x865d, 0x865d, 0x865d, 0x865d, 0x865d, 0x865d, 0x865d, 0x865d, 0x865d, 0x865d,
0x865d, 0x865d, 0x865d, 0x865d, 0x865d, 0x865d, 0x865d, 0x865d, 0x865d, 0x865d, 0x865d, 0x865d, 0x865d, 0x865d, 0x865d, 0x865d,
0x865d, 0x865d, 0x865d, 0x865d, 0x865d, 0x865d, 0x865d, 0x865d, 0x865d, 0x865d, 0x865d, 0x865d, 0x865d, 0x865d, 0x865d, 0x865d,
0x865d, 0x865d, 0x865d, 0x865d, 0x865d, 0x865d, 0x865d, 0x865d, 0x865d, 0x865d, 0x865d, 0x865d, 0x865d, 0x865d, 0x865d, 0x865d,
0x865d, 0x865d, 0x865d, 0x865d, 0x865d, 0x865d, 0x865d, 0x865d, 0x865d, 0x865d, 0x865d, 0x865d, 0x865d, 0x865d, 0x865d, 0x865d,
0x865d, 0x865d, 0x865d, 0x865d, 0x865d, 0x865d, 0x865d, 0x865d, 0x865d, 0x865d, 0x865d, 0x865d, 0x865d, 0x865d, 0x865d, 0x865d,
0x865d, 0x865d, 0x865d, 0x865d, 0x865d, 0x865d, 0x865d, 0x865d, 0x865d, 0x865d, 0x865d, 0x865d, 0x865d, 0x865d, 0x865d, 0x865d,
0x865d, 0x865d, 0x865d, 0x865d, 0x865d, 0x865d, 0x865d, 0x865d, 0x865d, 0x865d, 0x865d, 0x865d, 0x865d, 0x865d, 0x865d, 0x865d,
0x865d, 0x865d, 0x865d, 0x865d, 0x865d, 0x865d, 0x865d, 0x865d, 0x865d, 0x865d, 0x865d, 0x865d, 0x865d, 0x865d, 0x865d, 0x865d,
0x865d, 0x865d, 0x865d, 0x865d, 0x865d, 0x865d, 0x865d, 0x865d, 0x865d, 0x865d, 0x865d, 0x865d, 0x865d, 0x865d, 0x865d, 0x865d,
0x865d, 0x865d, 0x865d, 0x865d, 0x865d, 0x865d, 0x865d, 0x865d, 0x865d, 0x865d, 0x865d, 0x865d, 0x865d, 0x865d, 0x865d, 0x865d,
0x865d, 0x865d, 0x865d, 0x865d, 0x865d, 0x865d, 0x865d, 0x865d, 0x865d, 0x865d, 0x865d, 0x865d, 0x865d, 0x865d, 0x865d, 0x865d,
0x865d, 0x865d, 0x865d, 0x865d, 0x865d, 0x865d, 0x865d, 0x865d, 0x865d, 0x865d, 0x865d, 0x865d, 0x865d, 0x865d, 0x865d, 0x865d,
0x865d, 0x865d, 0x865d, 0x865d, 0x865d, 0x865d, 0x865d, 0x865d, 0x865d, 0x865d, 0x865d, 0x865d, 0x865d, 0x865d, 0x865d, 0x865d,
0x865d, 0x865d, 0x865d, 0x865d, 0x865d, 0x865d, 0x865d, 0x865d, 0x865d, 0x865d, 0x865d, 0x865d, 0x865d, 0x865d, 0x865d, 0x865d,
0x865d, 0x865d, 0x865d, 0x865d, 0x865d, 0x865d, 0x865d, 0x865d, 0x865d, 0x865d, 0x865d, 0x865d, 0x865d, 0x865d, 0x865d, 0x865d,
0x865d, 0x865d, 0x865d, 0x865d, 0x865d, 0x865d, 0x865d, 0x865d, 0x865d, 0x865d, 0x865d, 0x865d, 0x865d, 0x865d, 0x865d, 0x865d,
0x865d, 0x865d, 0x865d, 0x865d, 0x865d, 0x865d, 0x865d, 0x865d, 0x865d, 0x865d, 0x865d, 0x865d, 0x865d, 0x865d, 0x865d, 0x865d,
0x865d, 0x865d, 0x865d, 0x865d, 0x865d, 0x865d, 0x865d, 0x865d, 0x865d, 0x865d, 0x865d, 0x865d, 0x865d, 0x865d, 0x865d, 0x865d,
0x865d, 0x865d, 0x865d, 0x865d, 0x865d, 0x865d, 0x865d, 0x865d, 0x865d, 0x865d, 0x865d, 0x865d, 0x865d, 0x865d, 0x865d, 0x865d,
0x865d, 0x865d, 0x865d, 0x865d, 0x865d, 0x865d, 0x865d, 0x865d, 0x865d, 0x865d, 0x865d, 0x865d, 0x865d, 0x865d, 0x865d, 0x865d,
0x865d, 0x865d, 0x865d, 0x865d, 0x865d, 0x865d, 0x865d, 0x865d, 0x865d, 0x865d, 0x865d, 0x865d, 0x865d, 0x865d, 0x865d, 0x865d,
0x865d, 0x865d, 0x865d, 0x865d, 0x865d, 0x865d, 0x865d, 0x865d, 0x865d, 0x865d, 0x865d, 0x865d, 0x865d, 0x865d, 0x865d, 0x865d,

/* -14- */
0x865d, 0x865d, 0x865d, 0x865d, 0x865d, 0x865d, 0x865d, 0x865d, 0x865d, 0x865d, 0x865d, 0x865d, 0x865d, 0x865d, 0x865d, 0x865d,
0x865d, 0x865d, 0x865d, 0x865d, 0x865d, 0x865d, 0x865d, 0x865d, 0x865d, 0x865d, 0x865d, 0x865d, 0x865d, 0x865d, 0x865d, 0x865d,
0x865d, 0x865d, 0x865d, 0x865d, 0x865d, 0x865d, 0x865d, 0x865d, 0x865d, 0x865d, 0x865d, 0x865d, 0x865d, 0x865d, 0x865d, 0x865d,
0x865d, 0x865d, 0x865d, 0x865d, 0x865d, 0x865d, 0x865d, 0x865d, 0x865d, 0x865d, 0x865d, 0x865d, 0x865d, 0x865d, 0x865d, 0x865d,
0x865d, 0x865d, 0x865d, 0x865d, 0x865d, 0x865d, 0x865d, 0x865d, 0x865d, 0x865d, 0x865d, 0x865d, 0x865d, 0x865d, 0x865d, 0x865d,
0x865d, 0x865d, 0x865d, 0x865d, 0x865d, 0x865d, 0x865d, 0x865d, 0x865d, 0x865d, 0x865d, 0x865d, 0x865d, 0x865d, 0x865d, 0x865d,
0x865d, 0x865d, 0x865d, 0x865d, 0x865d, 0x865d, 0x865d, 0x865d, 0x865d, 0x865d, 0x865d, 0x865d, 0x865d, 0x865d, 0x865d, 0x865d,
0x865d, 0x865d, 0x865d, 0x865d, 0x865d, 0x865d, 0x865d, 0x865d, 0x865d, 0x865d, 0x865d, 0x865d, 0x865d, 0x865d, 0x865d, 0x865d,
0x865d, 0x865d, 0x865d, 0x865d, 0x865d, 0x865d, 0x865d, 0x865d, 0x865d, 0x865d, 0x865d, 0x865d, 0x865d, 0x865d, 0x865d, 0x865d,
0x865d, 0x865d, 0x865d, 0x865d, 0x865d, 0x865d, 0x865d, 0x865d, 0x865d, 0x865d, 0x865d, 0x865d, 0x865d, 0x865d, 0x865d, 0x865d,
0x865d, 0x865d, 0x865d, 0x865d, 0x865d, 0x865d, 0x865d, 0x865d, 0x865d, 0x865d, 0x865d, 0x865d, 0x865d, 0x865d, 0x865d, 0x865d,
0x865d, 0x865d, 0x865d, 0x865d, 0x865d, 0x865d, 0x865d, 0x865d, 0x865d, 0x865d, 0x865d, 0x865d, 0x865d, 0x865d, 0x865d, 0x865d,
0x865d, 0x865d, 0x865d, 0x865d, 0x865d, 0x865d, 0x865d, 0x865d, 0x865d, 0x865d, 0x865d, 0x865d, 0x865d, 0x865d, 0x865d, 0x865d,
0x865d, 0x865d, 0x865d, 0x865d, 0x865d, 0x865d, 0x865d, 0x865d, 0x865d, 0x865d, 0x865d, 0x865d, 0x865d, 0x865d, 0x865d, 0x865d,
0x865d, 0x865d, 0x865d, 0x865d, 0x865d, 0x865d, 0x865d, 0x865d, 0x865d, 0x865d, 0x865d, 0x865d, 0x865d, 0x865d, 0x865d, 0x865d,
0x865d, 0x865d, 0x865d, 0x865d, 0x865d, 0x865d, 0x865d, 0x865d, 0x865d, 0x865d, 0x865d, 0x865d, 0x865d, 0x865d, 0x865d, 0x865d,
0x865d, 0x865d, 0x865d, 0x865d, 0x865d, 0x865d, 0x865d, 0x865d, 0x865d, 0x865d, 0x865d, 0x865d, 0x865d, 0x865d, 0x865d, 0x865d,
0x865d, 0x865d, 0x865d, 0x865d, 0x865d, 0x865d, 0x865d, 0x865d, 0x865d, 0x865d, 0x865d, 0x865d, 0x865d, 0x865d, 0x865d, 0x865d,
0x865d, 0x865d, 0x865d, 0x865d, 0x865d, 0x865d, 0x865d, 0x865d, 0x865d, 0x865d, 0x865d, 0x865d, 0x865d, 0x865d, 0x865d, 0x865d,
0x865d, 0x865d, 0x865d, 0x865d, 0x865d, 0x865d, 0x865d, 0x865d, 0x865d, 0x865d, 0x865d, 0x865d, 0x865d, 0x865d, 0x865d, 0x865d,
0x865d, 0x865d, 0x865d, 0x865d, 0x865d, 0x865d, 0x865d, 0x865d, 0x865d, 0x865d, 0x865d, 0x865d, 0x865d, 0x865d, 0x865d, 0x865d,
0x865d, 0x865d, 0x865d, 0x865d, 0x865d, 0x865d, 0x865d, 0x865d, 0x865d, 0x865d, 0x865d, 0x865d, 0x865d, 0x865d, 0x865d, 0x865d,
0x865d, 0x865d, 0x865d, 0x865d, 0x865d, 0x865d, 0x865d, 0x865d, 0x865d, 0x865d, 0x865d, 0x865d, 0x865d, 0x865d, 0x865d, 0x865d,
0x865d, 0x865d, 0x865d, 0x865d, 0x865d, 0x865d, 0x865d, 0x865d, 0x865d, 0x865d, 0x865d, 0x865d, 0x865d, 0x865d, 0x865d, 0x865d,
0x865d, 0x865d, 0x865d, 0x9ebe, 0xa6de, 0x9ebe, 0x9ebe, 0xa6de, 0xa6de, 0xa6de, 0xa6de, 0x9ebe, 0x9ebe, 0x96be, 0xa6de, 0xa6de,
0xa6de, 0xa6de, 0xa6de, 0xa6de, 0xa6de, 0x865d, 0x865d, 0x865d, 0x865d, 0x865d, 0x865d, 0x865d, 0x865d, 0x865d, 0x865d, 0x865d,
0x865d, 0x865d, 0x865d, 0x865d, 0x865d, 0x865d, 0x865d, 0x865d, 0x865d, 0x865d, 0x865d, 0x865d, 0x865d, 0x865d, 0x865d, 0x865d,
0x865d, 0x865d, 0x865d, 0x865d, 0x865d, 0x865d, 0x865d, 0x865d, 0x865d, 0x865d, 0x865d, 0x865d, 0x865d, 0x865d, 0x865d, 0x865d,
0x865d, 0x865d, 0x865d, 0x865d, 0x865d, 0x865d, 0x865d, 0x865d, 0x865d, 0x865d, 0x865d, 0x865d, 0x865d, 0x865d, 0x865d, 0x865d,
0x865d, 0x865d, 0x865d, 0x865d, 0x865d, 0x865d, 0x865d, 0x865d, 0x865d, 0x865d, 0x865d, 0x865d, 0x865d, 0x865d, 0x865d, 0x865d,
0x865d, 0x865d, 0x865d, 0x865d, 0x865d, 0x865d, 0x865d, 0x865d, 0x865d, 0x865d, 0x865d, 0x865d, 0x865d, 0x865d, 0x865d, 0x865d,
0x865d, 0x865d, 0x865d, 0x865d, 0x865d, 0x865d, 0x865d, 0x865d, 0x865d, 0x865d, 0x865d, 0x865d, 0x865d, 0x865d, 0x865d, 0x865d,
0x865d, 0x865d, 0x865d, 0x865d, 0x865d, 0x865d, 0x865d, 0x865d, 0x865d, 0x865d, 0x865d, 0x865d, 0x865d, 0x865d, 0x865d, 0x865d,
0x865d, 0x865d, 0x865d, 0x865d, 0x865d, 0x865d, 0x865d, 0x865d, 0x865d, 0x865d, 0x865d, 0x865d, 0x865d, 0x865d, 0x865d, 0x865d,
0x865d, 0x865d, 0x865d, 0x865d, 0x865d, 0x865d, 0x865d, 0x865d, 0x865d, 0x865d, 0x865d, 0x865d, 0x865d, 0x865d, 0x865d, 0x865d,
0x865d, 0x865d, 0x865d, 0x865d, 0x865d, 0x865d, 0x865d, 0x865d, 0x865d, 0x865d, 0x865d, 0x865d, 0x865d, 0x865d, 0x865d, 0x865d,
0x865d, 0x865d, 0x865d, 0x865d, 0x865d, 0x865d, 0x865d, 0x865d, 0x865d, 0x865d, 0x865d, 0x865d, 0x865d, 0x865d, 0x865d, 0x865d,
0x865d, 0x865d, 0x865d, 0x865d, 0x865d, 0x865d, 0x865d, 0x865d, 0x865d, 0x865d, 0x865d, 0x865d, 0x865d, 0x865d, 0x865d, 0x865d,
0x865d, 0x865d, 0x865d, 0x865d, 0x865d, 0x865d, 0x865d, 0x865d, 0x865d, 0x9ebe, 0xaefe, 0xaefe, 0xaefe, 0xa6de, 0x9ebe, 0x9ede,
0xaefe, 0x9ede, 0xa6de, 0xaefe, 0xaefe, 0xaefe, 0x9ebd, 0x865d, 0x865d, 0x865d, 0x865d, 0x865d, 0x865d, 0x865d, 0x865d, 0x865d,
0x865d, 0x865d, 0x865d, 0x865d, 0x865d, 0x865d, 0x865d, 0x865d, 0x865d, 0x865d, 0x865d, 0x865d, 0x865d, 0x865d, 0x865d, 0x865d,
0x865d, 0x865d, 0x865d, 0x865d, 0x865d, 0x865d, 0x865d, 0x865d, 0x865d, 0x865d, 0x865d, 0x865d, 0x865d, 0x865d, 0x865d, 0x865d,
0x865d, 0x865d, 0x865d, 0x865d, 0x865d, 0x865d, 0x865d, 0x865d, 0x865d, 0x865d, 0x865d, 0x865d, 0x865d, 0x865d, 0x865d, 0x865d,
0x865d, 0x865d, 0x865d, 0x865d, 0x865d, 0x865d, 0x865d, 0x865d, 0x865d, 0x865d, 0x865d, 0x865d, 0x865d, 0x865d, 0x865d, 0x865d,
0x865d, 0x865d, 0x865d, 0x865d, 0x865d, 0x865d, 0x865d, 0x865d, 0x865d, 0x865d, 0x865d, 0x865d, 0x865d, 0x865d, 0x865d, 0x865d,
0x865d, 0x865d, 0x865d, 0x865d, 0x865d, 0x865d, 0x865d, 0x865d, 0x865d, 0x865d, 0x865d, 0x865d, 0x865d, 0x865d, 0x865d, 0x865d,
0x865d, 0x865d, 0x865d, 0x865d, 0x865d, 0x865d, 0x865d, 0x865d, 0x865d, 0x865d, 0x865d, 0x865d, 0x865d, 0x865d, 0x865d, 0x865d,
0x865d, 0x865d, 0x865d, 0x865d, 0x865d, 0x865d, 0x865d, 0x865d, 0x865d, 0x865d, 0x865d, 0x865d, 0x865d, 0x865d, 0x865d, 0x865d,
0x865d, 0x865d, 0x865d, 0x865d, 0x865d, 0x865d, 0x865d, 0x865d, 0x865d, 0x865d, 0x865d, 0x865d, 0x865d, 0x865d, 0x865d, 0x865d,
0x865d, 0x865d, 0x865d, 0x865d, 0x865d, 0x865d, 0x865d, 0x865d, 0x865d, 0x865d, 0x865d, 0x865d, 0x865d, 0x865d, 0x865d, 0x865d,
0x865d, 0x865d, 0x865d, 0x865d, 0x865d, 0x865d, 0x865d, 0x865d, 0x865d, 0x865d, 0x865d, 0x865d, 0x865d, 0x865d, 0x865d, 0x865d,
0x865d, 0x865d, 0x865d, 0x865d, 0x865d, 0x865d, 0x865d, 0x865d, 0x865d, 0x865d, 0x865d, 0x865d, 0x865d, 0x865d, 0x865d, 0x865d,
0x865d, 0x865d, 0x865d, 0x865d, 0x865d, 0x865d, 0x865d, 0x865d, 0x865d, 0x865d, 0x865d, 0x865d, 0x865d, 0x865d, 0x865d, 0x865d,
0x865d, 0x865d, 0x865d, 0x865d, 0x865d, 0x865d, 0x865d, 0x865d, 0x865d, 0x865d, 0x865d, 0x865d, 0x865d, 0x865d, 0x865d, 0x865d,
0x865d, 0x865d, 0x865d, 0x865d, 0x865d, 0x865d, 0x865d, 0x865d, 0x865d, 0x865d, 0x865d, 0x865d, 0x865d, 0x865d, 0x865d, 0x865d,
0x865d, 0x865d, 0x865d, 0x865d, 0x865d, 0x865d, 0x865d, 0x865d, 0x865d, 0x865d, 0x865d, 0x865d, 0x865d, 0x865d, 0x865d, 0x865d,
0x865d, 0x865d, 0x865d, 0x865d, 0x865d, 0x865d, 0x865d, 0x865d, 0x865d, 0x865d, 0x865d, 0x865d, 0x865d, 0x865d, 0x865d, 0x865d,
0x865d, 0x865d, 0x865d, 0x865d, 0x865d, 0x865d, 0x865d, 0x865d, 0x865d, 0x865d, 0x865d, 0x865d, 0x865d, 0x865d, 0x865d, 0x865d,
0x865d, 0x865d, 0x865d, 0x865d, 0x865d, 0x865d, 0x865d, 0x865d, 0x865d, 0x865d, 0x865d, 0x865d, 0x865d, 0x865d, 0x865d, 0x865d,
0x865d, 0x865d, 0x865d, 0x865d, 0x865d, 0x865d, 0x865d, 0x865d, 0x865d, 0x865d, 0x865d, 0x865d, 0x865d, 0x865d, 0x865d, 0x865d,
0x865d, 0x865d, 0x865d, 0x865d, 0x865d, 0x865d, 0x865d, 0x865d, 0x865d, 0x865d, 0x865d, 0x865d, 0x865d, 0x865d, 0x865d, 0x865d,
0x865d, 0x865d, 0x865d, 0x865d, 0x865d, 0x865d, 0x865d, 0x865d, 0x865d, 0x865d, 0x865d, 0x865d, 0x865d, 0x865d, 0x865d, 0x865d,
0x865d, 0x865d, 0x865d, 0x865d, 0x865d, 0x865d, 0x865d, 0x865d, 0x865d, 0x865d, 0x865d, 0x865d, 0x865d, 0x865d, 0x865d, 0x865d,
0x865d, 0x865d, 0x865d, 0x865d, 0x865d, 0x865d, 0x865d, 0x865d, 0x865d, 0x865d, 0x865d, 0x865d, 0x865d, 0x865d, 0x865d, 0x865d,
0x865d, 0x865d, 0x865d, 0x865d, 0x865d, 0x865d, 0x865d, 0x865d, 0x865d, 0x865d, 0x865d, 0x865d, 0x865d, 0x865d, 0x865d, 0x865d,

/* -15- */
0x865d, 0x865d, 0x865d, 0x865d, 0x865d, 0x865d, 0x865d, 0x865d, 0x865d, 0x865d, 0x865d, 0x865d, 0x865d, 0x865d, 0x865d, 0x865d,
0x865d, 0x865d, 0x865d, 0x865d, 0x865d, 0x865d, 0x865d, 0x865d, 0x865d, 0x865d, 0x865d, 0x865d, 0x865d, 0x865d, 0x865d, 0x865d,
0x865d, 0x865d, 0x865d, 0x865d, 0x865d, 0x865d, 0x865d, 0x865d, 0x865d, 0x865d, 0x865d, 0x865d, 0x865d, 0x865d, 0x865d, 0x865d,
0x865d, 0x865d, 0x865d, 0x865d, 0x865d, 0x865d, 0x865d, 0x865d, 0x865d, 0x865d, 0x865d, 0x865d, 0x865d, 0x865d, 0x865d, 0x865d,
0x865d, 0x865d, 0x865d, 0x865d, 0x865d, 0x865d, 0x865d, 0x865d, 0x865d, 0x865d, 0x865d, 0x865d, 0x865d, 0x865d, 0x865d, 0x865d,
0x865d, 0x865d, 0x865d, 0x865d, 0x865d, 0x865d, 0x865d, 0x865d, 0x865d, 0x865d, 0x865d, 0x865d, 0x865d, 0x865d, 0x865d, 0x865d,
0x865d, 0x865d, 0x865d, 0x865d, 0x865d, 0x865d, 0x865d, 0x865d, 0x865d, 0x865d, 0x865d, 0x865d, 0x865d, 0x865d, 0x865d, 0x865d,
0x865d, 0x865d, 0x865d, 0x865d, 0x865d, 0x865d, 0x865d, 0x865d, 0x865d, 0x865d, 0x865d, 0x865d, 0x865d, 0x865d, 0x865d, 0x865d,
0x865d, 0x865d, 0x865d, 0x865d, 0x865d, 0x865d, 0x865d, 0x865d, 0x865d, 0x865d, 0x865d, 0x865d, 0x865d, 0x865d, 0x865d, 0x865d,
0x865d, 0x865d, 0x865d, 0x865d, 0x865d, 0x865d, 0x865d, 0x865d, 0x865d, 0x865d, 0x865d, 0x865d, 0x865d, 0x865d, 0x865d, 0x865d,
0x865d, 0x865d, 0x865d, 0x865d, 0x865d, 0x865d, 0x865d, 0x865d, 0x865d, 0x865d, 0x865d, 0x865d, 0x865d, 0x865d, 0x865d, 0x865d,
0x865d, 0x865d, 0x865d, 0x865d, 0x865d, 0x865d, 0x865d, 0x865d, 0x865d, 0x865d, 0x865d, 0x865d, 0x865d, 0x865d, 0x865d, 0x865d,
0x865d, 0x865d, 0x865d, 0x865d, 0x865d, 0x865d, 0x865d, 0x865d, 0x865d, 0x865d, 0x865d, 0x865d, 0x865d, 0x865d, 0x865d, 0x865d,
0x865d, 0x865d, 0x865d, 0x865d, 0x865d, 0x865d, 0x865d, 0x865d, 0x865d, 0x865d, 0x865d, 0x865d, 0x865d, 0x865d, 0x865d, 0x865d,
0x865d, 0x865d, 0x865d, 0x865d, 0x865d, 0x865d, 0x865d, 0x865d, 0x865d, 0x865d, 0x865d, 0x865d, 0x865d, 0x865d, 0x865d, 0x865d,
0x865d, 0x865d, 0x865d, 0x865d, 0x865d, 0x865d, 0x865d, 0x865d, 0x865d, 0x865d, 0x865d, 0x865d, 0x865d, 0x865d, 0x865d, 0x865d,
0x865d, 0x865d, 0x865d, 0x865d, 0x865d, 0x865d, 0x865d, 0x865d, 0x865d, 0x865d, 0x865d, 0x865d, 0x865d, 0x865d, 0x865d, 0x865d,
0x865d, 0x865d, 0x865d, 0x865d, 0x865d, 0x865d, 0x865d, 0x865d, 0x865d, 0x865d, 0x865d, 0x865d, 0x865d, 0x865d, 0x865d, 0x865d,
0x865d, 0x865d, 0x865d, 0x865d, 0x865d, 0x865d, 0x865d, 0x865d, 0x865d, 0x865d, 0x865d, 0x865d, 0x865d, 0x865d, 0x865d, 0x865d,
0x865d, 0x865d, 0x865d, 0x865d, 0x865d, 0x865d, 0x865d, 0x865d, 0x865d, 0x865d, 0x865d, 0x865d, 0x865d, 0x865d, 0x865d, 0x865d,
0x865d, 0x865d, 0x865d, 0x865d, 0x865d, 0x865d, 0x865d, 0x865d, 0x865d, 0x865d, 0x865d, 0x865d, 0x865d, 0x865d, 0x865d, 0x865d,
0x865d, 0x865d, 0x865d, 0x865d, 0x865d, 0x865d, 0x865d, 0x865d, 0x865d, 0x865d, 0x865d, 0x865d, 0x865d, 0x865d, 0x865d, 0x865d,
0x865d, 0x865d, 0x865d, 0x865d, 0x865d, 0x865d, 0x865d, 0x865d, 0x865d, 0x865d, 0x865d, 0x865d, 0x865d, 0x865d, 0x865d, 0x865d,
0x865d, 0x865d, 0x865d, 0x865d, 0x865d, 0x865d, 0x865d, 0x865d, 0x865d, 0x865d, 0x865d, 0x865d, 0x865d, 0x865d, 0x865d, 0x865d,
0x865d, 0x867d, 0x969d, 0xa6de, 0xa6de, 0xa6de, 0x9ede, 0x9ebe, 0xa6de, 0xa6de, 0x9ebe, 0xa6de, 0xa6de, 0x96be, 0xa6de, 0xa6de,
0xa6de, 0xa6de, 0xa6de, 0xa6de, 0x9ebe, 0x96be, 0x9ebe, 0x867d, 0x865d, 0x865d, 0x865d, 0x865d, 0x865d, 0x865d, 0x865d, 0x865d,
0x865d, 0x865d, 0x865d, 0x865d, 0x865d, 0x865d, 0x865d, 0x865d, 0x865d, 0x865d, 0x865d, 0x865d, 0x865d, 0x865d, 0x865d, 0x865d,
0x865d, 0x865d, 0x865d, 0x865d, 0x865d, 0x865d, 0x865d, 0x865d, 0x865d, 0x865d, 0x865d, 0x865d, 0x865d, 0x865d, 0x865d, 0x865d,
0x865d, 0x865d, 0x865d, 0x865d, 0x865d, 0x865d, 0x865d, 0x865d, 0x865d, 0x865d, 0x865d, 0x865d, 0x865d, 0x865d, 0x865d, 0x865d,
0x865d, 0x865d, 0x865d, 0x865d, 0x865d, 0x865d, 0x865d, 0x865d, 0x865d, 0x865d, 0x865d, 0x865d, 0x865d, 0x865d, 0x865d, 0x865d,
0x865d, 0x865d, 0x865d, 0x865d, 0x865d, 0x865d, 0x865d, 0x865d, 0x865d, 0x865d, 0x865d, 0x865d, 0x865d, 0x865d, 0x865d, 0x865d,
0x865d, 0x865d, 0x865d, 0x865d, 0x865d, 0x865d, 0x865d, 0x865d, 0x865d, 0x865d, 0x865d, 0x865d, 0x865d, 0x865d, 0x865d, 0x865d,
0x865d, 0x865d, 0x865d, 0x865d, 0x865d, 0x865d, 0x865d, 0x865d, 0x865d, 0x865d, 0x865d, 0x865d, 0x865d, 0x865d, 0x865d, 0x865d,
0x865d, 0x865d, 0x865d, 0x865d, 0x865d, 0x865d, 0x865d, 0x865d, 0x865d, 0x865d, 0x865d, 0x865d, 0x865d, 0x865d, 0x865d, 0x865d,
0x865d, 0x865d, 0x865d, 0x865d, 0x865d, 0x865d, 0x865d, 0x865d, 0x865d, 0x865d, 0x865d, 0x865d, 0x865d, 0x865d, 0x865d, 0x865d,
0x865d, 0x865d, 0x865d, 0x865d, 0x865d, 0x865d, 0x865d, 0x865d, 0x865d, 0x865d, 0x865d, 0x865d, 0x865d, 0x865d, 0x865d, 0x865d,
0x865d, 0x865d, 0x865d, 0x865d, 0x865d, 0x865d, 0x865d, 0x865d, 0x865d, 0x865d, 0x865d, 0x865d, 0x865d, 0x865d, 0x865d, 0x865d,
0x865d, 0x865d, 0x865d, 0x865d, 0x865d, 0x865d, 0x865d, 0x865d, 0x865d, 0x865d, 0x865d, 0x865d, 0x865d, 0x865d, 0x865d, 0x865d,
0x865d, 0x865d, 0x865d, 0x865d, 0x865d, 0x865d, 0x865d, 0x865d, 0x9ebd, 0xa6de, 0xaefe, 0xaefe, 0xa6de, 0xaefe, 0xaefe, 0x9ebe,
0x96be, 0x969e, 0xaede, 0xaefe, 0xaefe, 0xa6de, 0xa6de, 0x969d, 0x865d, 0x865d, 0x865d, 0x865d, 0x865d, 0x865d, 0x865d, 0x865d,
0x865d, 0x865d, 0x865d, 0x865d, 0x865d, 0x865d, 0x865d, 0x865d, 0x865d, 0x865d, 0x865d, 0x865d, 0x865d, 0x865d, 0x865d, 0x865d,
0x865d, 0x865d, 0x865d, 0x865d, 0x865d, 0x865d, 0x865d, 0x865d, 0x865d, 0x865d, 0x865d, 0x865d, 0x865d, 0x865d, 0x865d, 0x865d,
0x865d, 0x865d, 0x865d, 0x865d, 0x865d, 0x865d, 0x865d, 0x865d, 0x865d, 0x865d, 0x865d, 0x865d, 0x865d, 0x865d, 0x865d, 0x865d,
0x865d, 0x865d, 0x865d, 0x865d, 0x865d, 0x865d, 0x865d, 0x865d, 0x865d, 0x865d, 0x865d, 0x865d, 0x865d, 0x865d, 0x865d, 0x865d,
0x865d, 0x865d, 0x865d, 0x865d, 0x865d, 0x865d, 0x865d, 0x865d, 0x865d, 0x865d, 0x865d, 0x865d, 0x865d, 0x865d, 0x865d, 0x865d,
0x865d, 0x865d, 0x865d, 0x865d, 0x865d, 0x865d, 0x865d, 0x865d, 0x865d, 0x865d, 0x865d, 0x865d, 0x865d, 0x865d, 0x865d, 0x865d,
0x865d, 0x865d, 0x865d, 0x865d, 0x865d, 0x865d, 0x865d, 0x865d, 0x865d, 0x865d, 0x865d, 0x865d, 0x865d, 0x865d, 0x865d, 0x865d,
0x865d, 0x865d, 0x865d, 0x865d, 0x865d, 0x865d, 0x865d, 0x865d, 0x865d, 0x865d, 0x865d, 0x865d, 0x865d, 0x865d, 0x865d, 0x865d,
0x865d, 0x865d, 0x865d, 0x865d, 0x865d, 0x865d, 0x865d, 0x865d, 0x865d, 0x865d, 0x865d, 0x865d, 0x865d, 0x865d, 0x865d, 0x865d,
0x865d, 0x865d, 0x865d, 0x865d, 0x865d, 0x865d, 0x865d, 0x865d, 0x865d, 0x865d, 0x865d, 0x865d, 0x865d, 0x865d, 0x865d, 0x865d,
0x865d, 0x865d, 0x865d, 0x865d, 0x865d, 0x865d, 0x865d, 0x865d, 0x865d, 0x865d, 0x865d, 0x865d, 0x865d, 0x865d, 0x865d, 0x865d,
0x865d, 0x865d, 0x865d, 0x865d, 0x865d, 0x865d, 0x865d, 0x865d, 0x865d, 0x865d, 0x865d, 0x865d, 0x865d, 0x865d, 0x865d, 0x865d,
0x865d, 0x865d, 0x865d, 0x865d, 0x865d, 0x865d, 0x865d, 0x865d, 0x865d, 0x865d, 0x865d, 0x865d, 0x865d, 0x865d, 0x865d, 0x865d,
0x865d, 0x865d, 0x865d, 0x865d, 0x865d, 0x865d, 0x865d, 0x865d, 0x865d, 0x865d, 0x865d, 0x865d, 0x865d, 0x865d, 0x865d, 0x865d,
0x865d, 0x865d, 0x865d, 0x865d, 0x865d, 0x865d, 0x865d, 0x865d, 0x865d, 0x865d, 0x865d, 0x865d, 0x865d, 0x865d, 0x865d, 0x865d,
0x865d, 0x865d, 0x865d, 0x865d, 0x865d, 0x865d, 0x865d, 0x865d, 0x865d, 0x865d, 0x865d, 0x865d, 0x865d, 0x865d, 0x865d, 0x865d,
0x865d, 0x865d, 0x865d, 0x865d, 0x865d, 0x865d, 0x865d, 0x865d, 0x865d, 0x865d, 0x865d, 0x865d, 0x865d, 0x865d, 0x865d, 0x865d,
0x865d, 0x865d, 0x865d, 0x865d, 0x865d, 0x865d, 0x865d, 0x865d, 0x865d, 0x865d, 0x865d, 0x865d, 0x865d, 0x865d, 0x865d, 0x865d,
0x865d, 0x865d, 0x865d, 0x865d, 0x865d, 0x865d, 0x865d, 0x865d, 0x865d, 0x865d, 0x865d, 0x865d, 0x865d, 0x865d, 0x865d, 0x865d,
0x865d, 0x865d, 0x865d, 0x865d, 0x865d, 0x865d, 0x865d, 0x865d, 0x865d, 0x865d, 0x865d, 0x865d, 0x865d, 0x865d, 0x865d, 0x865d,
0x865d, 0x865d, 0x865d, 0x865d, 0x865d, 0x865d, 0x865d, 0x865d, 0x865d, 0x865d, 0x865d, 0x865d, 0x865d, 0x865d, 0x865d, 0x865d,
0x865d, 0x865d, 0x865d, 0x865d, 0x865d, 0x865d, 0x865d, 0x865d, 0x865d, 0x865d, 0x865d, 0x865d, 0x865d, 0x865d, 0x865d, 0x865d,
0x865d, 0x865d, 0x865d, 0x865d, 0x865d, 0x865d, 0x865d, 0x865d, 0x865d, 0x865d, 0x865d, 0x865d, 0x865d, 0x865d, 0x865d, 0x865d,
0x865d, 0x865d, 0x865d, 0x865d, 0x865d, 0x865d, 0x865d, 0x865d, 0x865d, 0x865d, 0x865d, 0x865d, 0x865d, 0x865d, 0x865d, 0x865d,
0x865d, 0x865d, 0x865d, 0x865d, 0x865d, 0x865d, 0x865d, 0x865d, 0x865d, 0x865d, 0x865d, 0x865d, 0x865d, 0x865d, 0x865d, 0x865d,

/* -16- */
0x865d, 0x865d, 0x865d, 0x865d, 0x865d, 0x865d, 0x865d, 0x865d, 0x865d, 0x865d, 0x865d, 0x865d, 0x865d, 0x865d, 0x865d, 0x865d,
0x865d, 0x865d, 0x865d, 0x865d, 0x865d, 0x865d, 0x865d, 0x865d, 0x865d, 0x865d, 0x865d, 0x865d, 0x865d, 0x865d, 0x865d, 0x865d,
0x865d, 0x865d, 0x865d, 0x865d, 0x865d, 0x865d, 0x865d, 0x865d, 0x865d, 0x865d, 0x865d, 0x865d, 0x865d, 0x865d, 0x865d, 0x865d,
0x865d, 0x865d, 0x865d, 0x865d, 0x865d, 0x865d, 0x865d, 0x865d, 0x865d, 0x865d, 0x865d, 0x865d, 0x865d, 0x865d, 0x865d, 0x865d,
0x865d, 0x865d, 0x865d, 0x865d, 0x865d, 0x865d, 0x865d, 0x865d, 0x865d, 0x865d, 0x865d, 0x865d, 0x865d, 0x865d, 0x865d, 0x865d,
0x865d, 0x865d, 0x865d, 0x865d, 0x865d, 0x865d, 0x865d, 0x865d, 0x865d, 0x865d, 0x865d, 0x865d, 0x865d, 0x865d, 0x865d, 0x865d,
0x865d, 0x865d, 0x865d, 0x865d, 0x865d, 0x865d, 0x865d, 0x865d, 0x865d, 0x865d, 0x865d, 0x865d, 0x865d, 0x865d, 0x865d, 0x865d,
0x865d, 0x865d, 0x865d, 0x865d, 0x865d, 0x865d, 0x865d, 0x865d, 0x865d, 0x865d, 0x865d, 0x865d, 0x865d, 0x865d, 0x865d, 0x865d,
0x865d, 0x865d, 0x865d, 0x865d, 0x865d, 0x865d, 0x865d, 0x865d, 0x865d, 0x865d, 0x865d, 0x865d, 0x865d, 0x865d, 0x865d, 0x865d,
0x865d, 0x865d, 0x865d, 0x865d, 0x865d, 0x865d, 0x865d, 0x865d, 0x865d, 0x865d, 0x865d, 0x865d, 0x865d, 0x865d, 0x865d, 0x865d,
0x865d, 0x865d, 0x865d, 0x865d, 0x865d, 0x865d, 0x865d, 0x865d, 0x865d, 0x865d, 0x865d, 0x865d, 0x865d, 0x865d, 0x865d, 0x865d,
0x865d, 0x865d, 0x865d, 0x865d, 0x865d, 0x865d, 0x865d, 0x865d, 0x865d, 0x865d, 0x865d, 0x865d, 0x865d, 0x865d, 0x865d, 0x865d,
0x865d, 0x865d, 0x865d, 0x865d, 0x865d, 0x865d, 0x865d, 0x865d, 0x865d, 0x865d, 0x865d, 0x865d, 0x865d, 0x865d, 0x865d, 0x865d,
0x865d, 0x865d, 0x865d, 0x865d, 0x865d, 0x865d, 0x865d, 0x865d, 0x865d, 0x865d, 0x865d, 0x865d, 0x865d, 0x865d, 0x865d, 0x865d,
0x865d, 0x865d, 0x865d, 0x865d, 0x865d, 0x865d, 0x865d, 0x865d, 0x865d, 0x865d, 0x865d, 0x865d, 0x865d, 0x865d, 0x865d, 0x865d,
0x865d, 0x865d, 0x865d, 0x865d, 0x865d, 0x865d, 0x865d, 0x865d, 0x865d, 0x865d, 0x865d, 0x865d, 0x865d, 0x865d, 0x865d, 0x865d,
0x865d, 0x865d, 0x865d, 0x865d, 0x865d, 0x865d, 0x865d, 0x865d, 0x865d, 0x865d, 0x865d, 0x865d, 0x865d, 0x865d, 0x865d, 0x865d,
0x865d, 0x865d, 0x865d, 0x865d, 0x865d, 0x865d, 0x865d, 0x865d, 0x865d, 0x865d, 0x865d, 0x865d, 0x865d, 0x865d, 0x865d, 0x865d,
0x865d, 0x865d, 0x865d, 0x865d, 0x865d, 0x865d, 0x865d, 0x865d, 0x865d, 0x865d, 0x865d, 0x865d, 0x865d, 0x865d, 0x865d, 0x865d,
0x865d, 0x865d, 0x865d, 0x865d, 0x865d, 0x865d, 0x865d, 0x865d, 0x865d, 0x865d, 0x865d, 0x865d, 0x865d, 0x865d, 0x865d, 0x865d,
0x865d, 0x865d, 0x865d, 0x865d, 0x865d, 0x865d, 0x865d, 0x865d, 0x865d, 0x865d, 0x865d, 0x865d, 0x865d, 0x865d, 0x865d, 0x865d,
0x865d, 0x865d, 0x865d, 0x865d, 0x865d, 0x865d, 0x865d, 0x865d, 0x865d, 0x865d, 0x865d, 0x865d, 0x865d, 0x865d, 0x865d, 0x865d,
0x865d, 0x865d, 0x865d, 0x865d, 0x865d, 0x865d, 0x865d, 0x865d, 0x865d, 0x865d, 0x865d, 0x865d, 0x865d, 0x865d, 0x865d, 0x865d,
0x865d, 0x865d, 0x865d, 0x865d, 0x865d, 0x865d, 0x865d, 0x865d, 0x865d, 0x865d, 0x865d, 0x865d, 0x865d, 0x865d, 0x865d, 0x865d,
0x9ebe, 0xa6de, 0xa6de, 0xa6de, 0x9ebe, 0x9ebe, 0xa6de, 0x96be, 0xa6de, 0x9ebe, 0x9ede, 0xa6de, 0xa6de, 0x9ebe, 0x96be, 0x9ebe,
0x9ebe, 0xa6de, 0xa6de, 0x9ebe, 0x96be, 0xa6de, 0xa6de, 0x9ebe, 0x969e, 0x867d, 0x865d, 0x865d, 0x865d, 0x865d, 0x865d, 0x865d,
0x865d, 0x865d, 0x865d, 0x865d, 0x865d, 0x865d, 0x865d, 0x865d, 0x865d, 0x865d, 0x865d, 0x865d, 0x865d, 0x865d, 0x865d, 0x865d,
0x865d, 0x865d, 0x865d, 0x865d, 0x865d, 0x865d, 0x865d, 0x865d, 0x865d, 0x865d, 0x865d, 0x865d, 0x865d, 0x865d, 0x865d, 0x865d,
0x865d, 0x865d, 0x865d, 0x865d, 0x865d, 0x865d, 0x865d, 0x865d, 0x865d, 0x865d, 0x865d, 0x865d, 0x865d, 0x865d, 0x865d, 0x865d,
0x865d, 0x865d, 0x865d, 0x865d, 0x865d, 0x865d, 0x865d, 0x865d, 0x865d, 0x865d, 0x865d, 0x865d, 0x865d, 0x865d, 0x865d, 0x865d,
0x865d, 0x865d, 0x865d, 0x865d, 0x865d, 0x865d, 0x865d, 0x865d, 0x865d, 0x865d, 0x865d, 0x865d, 0x865d, 0x865d, 0x865d, 0x865d,
0x865d, 0x865d, 0x865d, 0x865d, 0x865d, 0x865d, 0x865d, 0x865d, 0x865d, 0x865d, 0x865d, 0x865d, 0x865d, 0x865d, 0x865d, 0x865d,
0x865d, 0x865d, 0x865d, 0x865d, 0x865d, 0x865d, 0x865d, 0x865d, 0x865d, 0x865d, 0x865d, 0x865d, 0x865d, 0x865d, 0x865d, 0x865d,
0x865d, 0x865d, 0x865d, 0x865d, 0x865d, 0x865d, 0x865d, 0x865d, 0x865d, 0x865d, 0x865d, 0x865d, 0x865d, 0x865d, 0x865d, 0x865d,
0x865d, 0x865d, 0x865d, 0x865d, 0x865d, 0x865d, 0x865d, 0x865d, 0x865d, 0x865d, 0x865d, 0x865d, 0x865d, 0x865d, 0x865d, 0x865d,
0x865d, 0x865d, 0x865d, 0x865d, 0x865d, 0x865d, 0x865d, 0x865d, 0x865d, 0x865d, 0x865d, 0x865d, 0x865d, 0x865d, 0x865d, 0x865d,
0x865d, 0x865d, 0x865d, 0x865d, 0x865d, 0x865d, 0x865d, 0x865d, 0x865d, 0x865d, 0x865d, 0x865d, 0x865d, 0x865d, 0x865d, 0x865d,
0x865d, 0x865d, 0x865d, 0x865d, 0x865d, 0x865d, 0x865d, 0x865d, 0x865d, 0x865d, 0x865d, 0x865d, 0x865d, 0x865d, 0x865d, 0x865d,
0x865d, 0x865d, 0x865d, 0x865d, 0x865d, 0x865d, 0x865d, 0x865d, 0xaefe, 0xa6de, 0xa6de, 0x8e9e, 0x8e9e, 0xaefe, 0xaefe, 0xa6de,
0x8e9e, 0x867e, 0x8e9e, 0x9ede, 0x9ebe, 0xa6de, 0xaefe, 0xa6de, 0x865d, 0x865d, 0x865d, 0x865d, 0x865d, 0x865d, 0x865d, 0x865d,
0x865d, 0x865d, 0x865d, 0x865d, 0x865d, 0x865d, 0x865d, 0x865d, 0x865d, 0x865d, 0x865d, 0x865d, 0x865d, 0x865d, 0x865d, 0x865d,
0x865d, 0x865d, 0x865d, 0x865d, 0x865d, 0x865d, 0x865d, 0x865d, 0x865d, 0x865d, 0x865d, 0x865d, 0x865d, 0x865d, 0x865d, 0x865d,
0x865d, 0x865d, 0x865d, 0x865d, 0x865d, 0x865d, 0x865d, 0x865d, 0x865d, 0x865d, 0x865d, 0x865d, 0x865d, 0x865d, 0x865d, 0x865d,
0x865d, 0x865d, 0x865d, 0x865d, 0x865d, 0x865d, 0x865d, 0x865d, 0x865d, 0x865d, 0x865d, 0x865d, 0x865d, 0x865d, 0x865d, 0x865d,
0x865d, 0x865d, 0x865d, 0x865d, 0x865d, 0x865d, 0x865d, 0x865d, 0x865d, 0x865d, 0x865d, 0x865d, 0x865d, 0x865d, 0x865d, 0x865d,
0x865d, 0x865d, 0x865d, 0x865d, 0x865d, 0x865d, 0x865d, 0x865d, 0x865d, 0x865d, 0x865d, 0x865d, 0x865d, 0x865d, 0x865d, 0x865d,
0x865d, 0x865d, 0x865d, 0x865d, 0x865d, 0x865d, 0x865d, 0x865d, 0x865d, 0x865d, 0x865d, 0x865d, 0x865d, 0x865d, 0x865d, 0x865d,
0x865d, 0x865d, 0x865d, 0x865d, 0x865d, 0x865d, 0x865d, 0x865d, 0x865d, 0x865d, 0x865d, 0x865d, 0x865d, 0x865d, 0x865d, 0x865d,
0x865d, 0x865d, 0x865d, 0x865d, 0x865d, 0x865d, 0x865d, 0x865d, 0x865d, 0x865d, 0x865d, 0x865d, 0x865d, 0x865d, 0x865d, 0x865d,
0x865d, 0x865d, 0x865d, 0x865d, 0x865d, 0x865d, 0x865d, 0x865d, 0x865d, 0x865d, 0x865d, 0x865d, 0x865d, 0x865d, 0x865d, 0x865d,
0x865d, 0x865d, 0x865d, 0x865d, 0x865d, 0x865d, 0x865d, 0x865d, 0x865d, 0x865d, 0x865d, 0x865d, 0x865d, 0x865d, 0x865d, 0x865d,
0x865d, 0x865d, 0x865d, 0x865d, 0x865d, 0x865d, 0x865d, 0x865d, 0x865d, 0x865d, 0x865d, 0x865d, 0x865d, 0x865d, 0x865d, 0x865d,
0x865d, 0x865d, 0x865d, 0x865d, 0x865d, 0x865d, 0x865d, 0x865d, 0x865d, 0x865d, 0x865d, 0x865d, 0x865d, 0x865d, 0x865d, 0x865d,
0x865d, 0x865d, 0x865d, 0x865d, 0x865d, 0x865d, 0x865d, 0x865d, 0x865d, 0x865d, 0x865d, 0x865d, 0x865d, 0x865d, 0x865d, 0x865d,
0x865d, 0x865d, 0x865d, 0x865d, 0x865d, 0x865d, 0x865d, 0x865d, 0x865d, 0x865d, 0x865d, 0x865d, 0x865d, 0x865d, 0x865d, 0x865d,
0x865d, 0x865d, 0x865d, 0x865d, 0x865d, 0x865d, 0x865d, 0x865d, 0x865d, 0x865d, 0x865d, 0x865d, 0x865d, 0x865d, 0x865d, 0x865d,
0x865d, 0x865d, 0x865d, 0x865d, 0x865d, 0x865d, 0x865d, 0x865d, 0x865d, 0x865d, 0x865d, 0x865d, 0x865d, 0x865d, 0x865d, 0x865d,
0x865d, 0x865d, 0x865d, 0x865d, 0x865d, 0x865d, 0x865d, 0x865d, 0x865d, 0x865d, 0x865d, 0x865d, 0x865d, 0x865d, 0x865d, 0x865d,
0x865d, 0x865d, 0x865d, 0x865d, 0x865d, 0x865d, 0x865d, 0x865d, 0x865d, 0x865d, 0x865d, 0x865d, 0x865d, 0x865d, 0x865d, 0x865d,
0x865d, 0x865d, 0x865d, 0x865d, 0x865d, 0x865d, 0x865d, 0x865d, 0x865d, 0x865d, 0x865d, 0x865d, 0x865d, 0x865d, 0x865d, 0x865d,
0x865d, 0x865d, 0x865d, 0x865d, 0x865d, 0x865d, 0x865d, 0x865d, 0x865d, 0x865d, 0x865d, 0x865d, 0x865d, 0x865d, 0x865d, 0x865d,
0x865d, 0x865d, 0x865d, 0x865d, 0x865d, 0x865d, 0x865d, 0x865d, 0x865d, 0x865d, 0x865d, 0x865d, 0x865d, 0x865d, 0x865d, 0x865d,
0x865d, 0x865d, 0x865d, 0x865d, 0x865d, 0x865d, 0x865d, 0x865d, 0x865d, 0x865d, 0x865d, 0x865d, 0x865d, 0x865d, 0x865d, 0x865d,
0x865d, 0x865d, 0x865d, 0x865d, 0x865d, 0x865d, 0x865d, 0x865d, 0x865d, 0x865d, 0x865d, 0x865d, 0x865d, 0x865d, 0x865d, 0x865d,
0x865d, 0x865d, 0x865d, 0x865d, 0x865d, 0x865d, 0x865d, 0x865d, 0x865d, 0x865d, 0x865d, 0x865d, 0x865d, 0x865d, 0x865d, 0x865d,

/* -17- */
0x865d, 0x865d, 0x865d, 0x865d, 0x865d, 0x865d, 0x865d, 0x865d, 0x865d, 0x865d, 0x865d, 0x865d, 0x865d, 0x865d, 0x865d, 0x865d,
0x865d, 0x865d, 0x865d, 0x865d, 0x865d, 0x865d, 0x865d, 0x865d, 0x865d, 0x865d, 0x865d, 0x865d, 0x865d, 0x865d, 0x865d, 0x865d,
0x865d, 0x865d, 0x865d, 0x865d, 0x865d, 0x865d, 0x865d, 0x865d, 0x865d, 0x865d, 0x865d, 0x865d, 0x865d, 0x865d, 0x865d, 0x865d,
0x865d, 0x865d, 0x865d, 0x865d, 0x865d, 0x865d, 0x865d, 0x865d, 0x865d, 0x865d, 0x865d, 0x865d, 0x865d, 0x865d, 0x865d, 0x865d,
0x865d, 0x865d, 0x865d, 0x865d, 0x865d, 0x865d, 0x865d, 0x865d, 0x865d, 0x865d, 0x865d, 0x865d, 0x865d, 0x865d, 0x865d, 0x865d,
0x865d, 0x865d, 0x865d, 0x865d, 0x865d, 0x865d, 0x865d, 0x865d, 0x865d, 0x865d, 0x865d, 0x865d, 0x865d, 0x865d, 0x865d, 0x865d,
0x865d, 0x865d, 0x865d, 0x865d, 0x865d, 0x865d, 0x865d, 0x865d, 0x865d, 0x865d, 0x865d, 0x865d, 0x865d, 0x865d, 0x865d, 0x865d,
0x865d, 0x865d, 0x865d, 0x865d, 0x865d, 0x865d, 0x865d, 0x865d, 0x865d, 0x865d, 0x865d, 0x865d, 0x865d, 0x865d, 0x865d, 0x865d,
0x865d, 0x865d, 0x865d, 0x865d, 0x865d, 0x865d, 0x865d, 0x865d, 0x865d, 0x865d, 0x865d, 0x865d, 0x865d, 0x865d, 0x865d, 0x865d,
0x865d, 0x865d, 0x865d, 0x865d, 0x865d, 0x865d, 0x865d, 0x865d, 0x865d, 0x865d, 0x865d, 0x865d, 0x865d, 0x865d, 0x865d, 0x865d,
0x865d, 0x865d, 0x865d, 0x865d, 0x865d, 0x865d, 0x865d, 0x865d, 0x865d, 0x865d, 0x865d, 0x865d, 0x865d, 0x865d, 0x865d, 0x865d,
0x865d, 0x865d, 0x865d, 0x865d, 0x865d, 0x865d, 0x865d, 0x865d, 0x865d, 0x865d, 0x865d, 0x865d, 0x865d, 0x865d, 0x865d, 0x865d,
0x865d, 0x865d, 0x865d, 0x865d, 0x865d, 0x865d, 0x865d, 0x865d, 0x865d, 0x865d, 0x865d, 0x865d, 0x865d, 0x865d, 0x865d, 0x865d,
0x865d, 0x865d, 0x865d, 0x865d, 0x865d, 0x865d, 0x865d, 0x865d, 0x865d, 0x865d, 0x865d, 0x865d, 0x865d, 0x865d, 0x865d, 0x865d,
0x865d, 0x865d, 0x865d, 0x865d, 0x865d, 0x865d, 0x865d, 0x865d, 0x865d, 0x865d, 0x865d, 0x865d, 0x865d, 0x865d, 0x865d, 0x865d,
0x865d, 0x865d, 0x865d, 0x865d, 0x865d, 0x865d, 0x865d, 0x865d, 0x865d, 0x865d, 0x865d, 0x865d, 0x865d, 0x865d, 0x865d, 0x865d,
0x865d, 0x865d, 0x865d, 0x865d, 0x865d, 0x865d, 0x865d, 0x865d, 0x865d, 0x865d, 0x865d, 0x865d, 0x865d, 0x865d, 0x865d, 0x865d,
0x865d, 0x865d, 0x865d, 0x865d, 0x865d, 0x865d, 0x865d, 0x865d, 0x865d, 0x865d, 0x865d, 0x865d, 0x865d, 0x865d, 0x865d, 0x865d,
0x865d, 0x865d, 0x865d, 0x865d, 0x865d, 0x865d, 0x865d, 0x865d, 0x865d, 0x865d, 0x865d, 0x865d, 0x865d, 0x865d, 0x865d, 0x865d,
0x865d, 0x865d, 0x865d, 0x865d, 0x865d, 0x865d, 0x865d, 0x865d, 0x865d, 0x865d, 0x865d, 0x865d, 0x865d, 0x865d, 0x865d, 0x865d,
0x865d, 0x865d, 0x865d, 0x865d, 0x865d, 0x865d, 0x865d, 0x865d, 0x865d, 0x865d, 0x865d, 0x865d, 0x865d, 0x865d, 0x865d, 0x865d,
0x865d, 0x865d, 0x865d, 0x865d, 0x865d, 0x865d, 0x865d, 0x865d, 0x865d, 0x865d, 0x865d, 0x865d, 0x865d, 0x865d, 0x865d, 0x865d,
0x865d, 0x865d, 0x865d, 0x865d, 0x865d, 0x865d, 0x865d, 0x865d, 0x865d, 0x865d, 0x865d, 0x865d, 0x865d, 0x865d, 0x865d, 0x865d,
0x865d, 0x865d, 0x865d, 0x865d, 0x865d, 0x865d, 0x865d, 0x865d, 0x865d, 0x865d, 0x865d, 0x865d, 0x865d, 0x865d, 0x865d, 0x865d,
0x969e, 0x96be, 0x96be, 0x96be, 0x96de, 0x9ede, 0x9ede, 0x96be, 0x8e9e, 0x8e9e, 0x96be, 0x9ede, 0x9ebe, 0x96be, 0x8e9e, 0x8e9e,
0x969e, 0x9ede, 0xa6de, 0x9ede, 0x8ebe, 0x96be, 0x96de, 0x9ede, 0xa6de, 0x96be, 0x865d, 0x865d, 0x865d, 0x865d, 0x865d, 0x865d,
0x865d, 0x865d, 0x865d, 0x865d, 0x865d, 0x865d, 0x865d, 0x865d, 0x865d, 0x865d, 0x865d, 0x865d, 0x865d, 0x865d, 0x865d, 0x865d,
0x865d, 0x865d, 0x865d, 0x865d, 0x865d, 0x865d, 0x865d, 0x865d, 0x865d, 0x865d, 0x865d, 0x865d, 0x865d, 0x865d, 0x865d, 0x865d,
0x865d, 0x865d, 0x865d, 0x865d, 0x865d, 0x865d, 0x865d, 0x865d, 0x865d, 0x865d, 0x865d, 0x865d, 0x865d, 0x865d, 0x865d, 0x865d,
0x865d, 0x865d, 0x865d, 0x865d, 0x865d, 0x865d, 0x865d, 0x865d, 0x865d, 0x865d, 0x865d, 0x865d, 0x865d, 0x865d, 0x865d, 0x865d,
0x865d, 0x865d, 0x865d, 0x865d, 0x865d, 0x865d, 0x865d, 0x865d, 0x865d, 0x865d, 0x865d, 0x865d, 0x865d, 0x865d, 0x865d, 0x865d,
0x865d, 0x865d, 0x865d, 0x865d, 0x865d, 0x865d, 0x865d, 0x865d, 0x865d, 0x865d, 0x865d, 0x865d, 0x865d, 0x865d, 0x865d, 0x865d,
0x865d, 0x865d, 0x865d, 0x865d, 0x865d, 0x865d, 0x865d, 0x865d, 0x865d, 0x865d, 0x865d, 0x865d, 0x865d, 0x865d, 0x865d, 0x865d,
0x865d, 0x865d, 0x865d, 0x865d, 0x865d, 0x865d, 0x865d, 0x865d, 0x865d, 0x865d, 0x865d, 0x865d, 0x865d, 0x865d, 0x865d, 0x865d,
0x865d, 0x865d, 0x865d, 0x865d, 0x865d, 0x865d, 0x865d, 0x865d, 0x865d, 0x865d, 0x865d, 0x865d, 0x865d, 0x865d, 0x865d, 0x865d,
0x865d, 0x865d, 0x865d, 0x865d, 0x865d, 0x865d, 0x865d, 0x865d, 0x865d, 0x865d, 0x865d, 0x865d, 0x865d, 0x865d, 0x865d, 0x865d,
0x865d, 0x865d, 0x865d, 0x865d, 0x865d, 0x865d, 0x865d, 0x865d, 0x865d, 0x865d, 0x865d, 0x865d, 0x865d, 0x865d, 0x865d, 0x865d,
0x865d, 0x865d, 0x865d, 0x865d, 0x865d, 0x865d, 0x865d, 0x865d, 0x865d, 0x865d, 0x865d, 0x865d, 0x865d, 0x865d, 0x865d, 0x865d,
0x865d, 0x865d, 0x865d, 0x865d, 0x865d, 0x865d, 0x865d, 0x865d, 0x867d, 0x8ebe, 0x869e, 0x867e, 0x867e, 0x8e9e, 0x96be, 0x8e9e,
0x869e, 0x867e, 0x867e, 0x867e, 0x867e, 0x8e9e, 0x8ede, 0x869d, 0x865d, 0x865d, 0x865d, 0x865d, 0x865d, 0x865d, 0x865d, 0x865d,
0x865d, 0x865d, 0x865d, 0x865d, 0x865d, 0x865d, 0x865d, 0x865d, 0x865d, 0x865d, 0x865d, 0x865d, 0x865d, 0x865d, 0x865d, 0x865d,
0x865d, 0x865d, 0x865d, 0x865d, 0x865d, 0x865d, 0x865d, 0x865d, 0x865d, 0x865d, 0x865d, 0x865d, 0x865d, 0x865d, 0x865d, 0x865d,
0x865d, 0x865d, 0x865d, 0x865d, 0x865d, 0x865d, 0x865d, 0x865d, 0x865d, 0x865d, 0x865d, 0x865d, 0x865d, 0x865d, 0x865d, 0x865d,
0x865d, 0x865d, 0x865d, 0x865d, 0x865d, 0x865d, 0x865d, 0x865d, 0x865d, 0x865d, 0x865d, 0x865d, 0x865d, 0x865d, 0x865d, 0x865d,
0x865d, 0x865d, 0x865d, 0x865d, 0x865d, 0x865d, 0x865d, 0x865d, 0x865d, 0x865d, 0x865d, 0x865d, 0x865d, 0x865d, 0x865d, 0x865d,
0x865d, 0x865d, 0x865d, 0x865d, 0x865d, 0x865d, 0x865d, 0x865d, 0x865d, 0x865d, 0x865d, 0x865d, 0x865d, 0x865d, 0x865d, 0x865d,
0x865d, 0x865d, 0x865d, 0x865d, 0x865d, 0x865d, 0x865d, 0x865d, 0x865d, 0x865d, 0x865d, 0x865d, 0x865d, 0x865d, 0x865d, 0x865d,
0x865d, 0x865d, 0x865d, 0x865d, 0x865d, 0x865d, 0x865d, 0x865d, 0x865d, 0x865d, 0x865d, 0x865d, 0x865d, 0x865d, 0x865d, 0x865d,
0x865d, 0x865d, 0x865d, 0x865d, 0x865d, 0x865d, 0x865d, 0x865d, 0x865d, 0x865d, 0x865d, 0x865d, 0x865d, 0x865d, 0x865d, 0x865d,
0x865d, 0x865d, 0x865d, 0x865d, 0x865d, 0x865d, 0x865d, 0x865d, 0x865d, 0x865d, 0x865d, 0x865d, 0x865d, 0x865d, 0x865d, 0x865d,
0x865d, 0x865d, 0x865d, 0x865d, 0x865d, 0x865d, 0x865d, 0x865d, 0x865d, 0x865d, 0x865d, 0x865d, 0x865d, 0x865d, 0x865d, 0x865d,
0x865d, 0x865d, 0x865d, 0x865d, 0x865d, 0x865d, 0x865d, 0x865d, 0x865d, 0x865d, 0x865d, 0x865d, 0x865d, 0x865d, 0x865d, 0x865d,
0x865d, 0x865d, 0x865d, 0x865d, 0x865d, 0x865d, 0x865d, 0x865d, 0x865d, 0x865d, 0x865d, 0x865d, 0x865d, 0x865d, 0x865d, 0x865d,
0x865d, 0x865d, 0x865d, 0x865d, 0x865d, 0x865d, 0x865d, 0x865d, 0x865d, 0x865d, 0x865d, 0x865d, 0x865d, 0x865d, 0x865d, 0x865d,
0x865d, 0x865d, 0x865d, 0x865d, 0x865d, 0x865d, 0x865d, 0x865d, 0x865d, 0x865d, 0x865d, 0x865d, 0x865d, 0x865d, 0x865d, 0x865d,
0x865d, 0x865d, 0x865d, 0x865d, 0x865d, 0x865d, 0x865d, 0x865d, 0x865d, 0x865d, 0x865d, 0x865d, 0x865d, 0x865d, 0x865d, 0x865d,
0x865d, 0x865d, 0x865d, 0x865d, 0x865d, 0x865d, 0x865d, 0x865d, 0x865d, 0x865d, 0x865d, 0x865d, 0x865d, 0x865d, 0x865d, 0x865d,
0x865d, 0x865d, 0x865d, 0x865d, 0x865d, 0x865d, 0x865d, 0x865d, 0x865d, 0x865d, 0x865d, 0x865d, 0x865d, 0x865d, 0x865d, 0x865d,
0x865d, 0x865d, 0x865d, 0x865d, 0x865d, 0x865d, 0x865d, 0x865d, 0x865d, 0x865d, 0x865d, 0x865d, 0x865d, 0x865d, 0x865d, 0x865d,
0x865d, 0x865d, 0x865d, 0x865d, 0x865d, 0x865d, 0x865d, 0x865d, 0x865d, 0x865d, 0x865d, 0x865d, 0x865d, 0x865d, 0x865d, 0x865d,
0x865d, 0x865d, 0x865d, 0x865d, 0x865d, 0x865d, 0x865d, 0x865d, 0x865d, 0x865d, 0x865d, 0x865d, 0x865d, 0x865d, 0x865d, 0x865d,
0x865d, 0x865d, 0x865d, 0x865d, 0x865d, 0x865d, 0x865d, 0x865d, 0x865d, 0x865d, 0x865d, 0x865d, 0x865d, 0x865d, 0x865d, 0x865d,
0x865d, 0x865d, 0x865d, 0x865d, 0x865d, 0x865d, 0x865d, 0x865d, 0x865d, 0x865d, 0x865d, 0x865d, 0x865d, 0x865d, 0x865d, 0x865d,
0x865d, 0x865d, 0x865d, 0x865d, 0x865d, 0x865d, 0x865d, 0x865d, 0x865d, 0x865d, 0x865d, 0x865d, 0x865d, 0x865d, 0x865d, 0x865d,
0x865d, 0x865d, 0x865d, 0x865d, 0x865d, 0x865d, 0x865d, 0x865d, 0x865d, 0x865d, 0x865d, 0x865d, 0x865d, 0x865d, 0x865d, 0x865d,

/* -18- */
0x865d, 0x865d, 0x865d, 0x865d, 0x865d, 0x865d, 0x865d, 0x865d, 0x865d, 0x865d, 0x865d, 0x865d, 0x865d, 0x865d, 0x865d, 0x865d,
0x865d, 0x865d, 0x865d, 0x865d, 0x865d, 0x865d, 0x865d, 0x865d, 0x865d, 0x865d, 0x865d, 0x865d, 0x865d, 0x865d, 0x865d, 0x865d,
0x865d, 0x865d, 0x865d, 0x865d, 0x865d, 0x865d, 0x865d, 0x865d, 0x865d, 0x865d, 0x865d, 0x865d, 0x865d, 0x865d, 0x865d, 0x865d,
0x865d, 0x865d, 0x865d, 0x865d, 0x865d, 0x865d, 0x865d, 0x865d, 0x865d, 0x865d, 0x865d, 0x865d, 0x865d, 0x865d, 0x865d, 0x865d,
0x865d, 0x865d, 0x865d, 0x865d, 0x865d, 0x865d, 0x865d, 0x865d, 0x865d, 0x865d, 0x865d, 0x865d, 0x865d, 0x865d, 0x865d, 0x865d,
0x865d, 0x865d, 0x865d, 0x865d, 0x865d, 0x865d, 0x865d, 0x865d, 0x865d, 0x865d, 0x865d, 0x865d, 0x865d, 0x865d, 0x865d, 0x865d,
0x865d, 0x865d, 0x865d, 0x865d, 0x865d, 0x865d, 0x865d, 0x865d, 0x865d, 0x865d, 0x865d, 0x865d, 0x865d, 0x865d, 0x865d, 0x865d,
0x865d, 0x865d, 0x865d, 0x865d, 0x865d, 0x865d, 0x865d, 0x865d, 0x865d, 0x865d, 0x865d, 0x865d, 0x865d, 0x865d, 0x865d, 0x865d,
0x865d, 0x865d, 0x865d, 0x865d, 0x865d, 0x865d, 0x865d, 0x865d, 0x865d, 0x865d, 0x865d, 0x865d, 0x865d, 0x865d, 0x865d, 0x865d,
0x865d, 0x865d, 0x865d, 0x865d, 0x865d, 0x865d, 0x865d, 0x865d, 0x865d, 0x865d, 0x865d, 0x865d, 0x865d, 0x865d, 0x865d, 0x865d,
0x865d, 0x865d, 0x865d, 0x865d, 0x865d, 0x865d, 0x865d, 0x865d, 0x865d, 0x865d, 0x865d, 0x865d, 0x865d, 0x865d, 0x865d, 0x865d,
0x865d, 0x865d, 0x865d, 0x865d, 0x865d, 0x865d, 0x865d, 0x865d, 0x865d, 0x865d, 0x865d, 0x865d, 0x865d, 0x865d, 0x865d, 0x865d,
0x865d, 0x865d, 0x865d, 0x865d, 0x865d, 0x865d, 0x865d, 0x865d, 0x865d, 0x865d, 0x865d, 0x865d, 0x865d, 0x865d, 0x865d, 0x865d,
0x865d, 0x865d, 0x865d, 0x865d, 0x865d, 0x865d, 0x865d, 0x865d, 0x865d, 0x865d, 0x865d, 0x865d, 0x865d, 0x865d, 0x865d, 0x865d,
0x865d, 0x865d, 0x865d, 0x865d, 0x865d, 0x865d, 0x865d, 0x865d, 0x865d, 0x865d, 0x865d, 0x865d, 0x865d, 0x865d, 0x865d, 0x865d,
0x865d, 0x865d, 0x865d, 0x865d, 0x865d, 0x865d, 0x865d, 0x865d, 0x865d, 0x865d, 0x865d, 0x865d, 0x865d, 0x865d, 0x865d, 0x865d,
0x865d, 0x865d, 0x865d, 0x865d, 0x865d, 0x865d, 0x865d, 0x865d, 0x865d, 0x865d, 0x865d, 0x865d, 0x865d, 0x865d, 0x865d, 0x865d,
0x865d, 0x865d, 0x865d, 0x865d, 0x865d, 0x865d, 0x865d, 0x865d, 0x865d, 0x865d, 0x865d, 0x865d, 0x865d, 0x865d, 0x865d, 0x865d,
0x865d, 0x865d, 0x865d, 0x865d, 0x865d, 0x865d, 0x865d, 0x865d, 0x865d, 0x865d, 0x865d, 0x865d, 0x865d, 0x865d, 0x865d, 0x865d,
0x865d, 0x865d, 0x865d, 0x865d, 0x865d, 0x865d, 0x865d, 0x865d, 0x865d, 0x865d, 0x865d, 0x865d, 0x865d, 0x865d, 0x865d, 0x865d,
0x865d, 0x865d, 0x865d, 0x865d, 0x865d, 0x865d, 0x865d, 0x865d, 0x865d, 0x865d, 0x865d, 0x865d, 0x865d, 0x865d, 0x865d, 0x865d,
0x865d, 0x865d, 0x865d, 0x865d, 0x865d, 0x865d, 0x865d, 0x865d, 0x865d, 0x865d, 0x865d, 0x865d, 0x865d, 0x865d, 0x865d, 0x865d,
0x865d, 0x865d, 0x865d, 0x865d, 0x865d, 0x865d, 0x865d, 0x865d, 0x865d, 0x865d, 0x865d, 0x865d, 0x865d, 0x865d, 0x865d, 0x865d,
0x865d, 0x865d, 0x865d, 0x865d, 0x865d, 0x865d, 0x865d, 0x865d, 0x865d, 0x865d, 0x865d, 0x865d, 0x865d, 0x865d, 0x865d, 0x865d,
0x865d, 0x7e5d, 0x867d, 0x7e7d, 0x8e9e, 0x867d, 0x867d, 0x8e9e, 0x8ebe, 0x8e9e, 0x8e9e, 0x8e9e, 0x8e9e, 0x8e9e, 0x8e9e, 0x8e9e,
0x8e9e, 0x867e, 0x867d, 0x867d, 0x869e, 0x867e, 0x867e, 0x7e7d, 0x867d, 0x865d, 0x865d, 0x865d, 0x865d, 0x865d, 0x865d, 0x865d,
0x865d, 0x865d, 0x865d, 0x865d, 0x865d, 0x865d, 0x865d, 0x865d, 0x865d, 0x865d, 0x865d, 0x865d, 0x865d, 0x865d, 0x865d, 0x865d,
0x865d, 0x865d, 0x865d, 0x865d, 0x865d, 0x865d, 0x865d, 0x865d, 0x865d, 0x865d, 0x865d, 0x865d, 0x865d, 0x865d, 0x865d, 0x865d,
0x865d, 0x865d, 0x865d, 0x865d, 0x865d, 0x865d, 0x865d, 0x865d, 0x865d, 0x865d, 0x865d, 0x865d, 0x865d, 0x865d, 0x865d, 0x865d,
0x865d, 0x865d, 0x865d, 0x865d, 0x865d, 0x865d, 0x865d, 0x865d, 0x865d, 0x865d, 0x865d, 0x865d, 0x865d, 0x865d, 0x865d, 0x865d,
0x865d, 0x865d, 0x865d, 0x865d, 0x865d, 0x865d, 0x865d, 0x865d, 0x865d, 0x865d, 0x865d, 0x865d, 0x865d, 0x865d, 0x865d, 0x865d,
0x865d, 0x865d, 0x865d, 0x865d, 0x865d, 0x865d, 0x865d, 0x865d, 0x865d, 0x865d, 0x865d, 0x865d, 0x865d, 0x865d, 0x865d, 0x865d,
0x865d, 0x865d, 0x865d, 0x865d, 0x865d, 0x865d, 0x865d, 0x865d, 0x865d, 0x865d, 0x865d, 0x865d, 0x865d, 0x865d, 0x865d, 0x865d,
0x865d, 0x865d, 0x865d, 0x865d, 0x865d, 0x865d, 0x865d, 0x865d, 0x865d, 0x865d, 0x865d, 0x865d, 0x865d, 0x865d, 0x865d, 0x865d,
0x865d, 0x865d, 0x865d, 0x865d, 0x865d, 0x865d, 0x865d, 0x865d, 0x865d, 0x865d, 0x865d, 0x865d, 0x865d, 0x865d, 0x865d, 0x865d,
0x865d, 0x865d, 0x865d, 0x865d, 0x865d, 0x865d, 0x865d, 0x865d, 0x865d, 0x865d, 0x865d, 0x865d, 0x865d, 0x865d, 0x865d, 0x865d,
0x865d, 0x865d, 0x865d, 0x865d, 0x865d, 0x865d, 0x865d, 0x865d, 0x865d, 0x865d, 0x865d, 0x865d, 0x865d, 0x865d, 0x865d, 0x865d,
0x865d, 0x865d, 0x865d, 0x865d, 0x865d, 0x865d, 0x865d, 0x865d, 0x865d, 0x865d, 0x865d, 0x865d, 0x865d, 0x865d, 0x865d, 0x865d,
0x865d, 0x865d, 0x865d, 0x865d, 0x865d, 0x865d, 0x865d, 0x865d, 0x7e5d, 0x7e7d, 0x867e, 0x869e, 0x867e, 0x867e, 0x867e, 0x867e,
0x867e, 0x867e, 0x867e, 0x867e, 0x867e, 0x7e7d, 0x7e7d, 0x7e5d, 0x865d, 0x865d, 0x865d, 0x865d, 0x865d, 0x865d, 0x865d, 0x865d,
0x865d, 0x865d, 0x865d, 0x865d, 0x865d, 0x865d, 0x865d, 0x865d, 0x865d, 0x865d, 0x865d, 0x865d, 0x865d, 0x865d, 0x865d, 0x865d,
0x865d, 0x865d, 0x865d, 0x865d, 0x865d, 0x865d, 0x865d, 0x865d, 0x865d, 0x865d, 0x865d, 0x865d, 0x865d, 0x865d, 0x865d, 0x865d,
0x865d, 0x865d, 0x865d, 0x865d, 0x865d, 0x865d, 0x865d, 0x865d, 0x865d, 0x865d, 0x865d, 0x865d, 0x865d, 0x865d, 0x865d, 0x865d,
0x865d, 0x865d, 0x865d, 0x865d, 0x865d, 0x865d, 0x865d, 0x865d, 0x865d, 0x865d, 0x865d, 0x865d, 0x865d, 0x865d, 0x865d, 0x865d,
0x865d, 0x865d, 0x865d, 0x865d, 0x865d, 0x865d, 0x865d, 0x865d, 0x865d, 0x865d, 0x865d, 0x865d, 0x865d, 0x865d, 0x865d, 0x865d,
0x865d, 0x865d, 0x865d, 0x865d, 0x865d, 0x865d, 0x865d, 0x865d, 0x865d, 0x865d, 0x865d, 0x865d, 0x865d, 0x865d, 0x865d, 0x865d,
0x865d, 0x865d, 0x865d, 0x865d, 0x865d, 0x865d, 0x865d, 0x865d, 0x865d, 0x865d, 0x865d, 0x865d, 0x865d, 0x865d, 0x865d, 0x865d,
0x865d, 0x865d, 0x865d, 0x865d, 0x865d, 0x865d, 0x865d, 0x865d, 0x865d, 0x865d, 0x865d, 0x865d, 0x865d, 0x865d, 0x865d, 0x865d,
0x865d, 0x865d, 0x865d, 0x865d, 0x865d, 0x865d, 0x865d, 0x865d, 0x865d, 0x865d, 0x865d, 0x865d, 0x865d, 0x865d, 0x865d, 0x865d,
0x865d, 0x865d, 0x865d, 0x865d, 0x865d, 0x865d, 0x865d, 0x865d, 0x865d, 0x865d, 0x865d, 0x865d, 0x865d, 0x865d, 0x865d, 0x865d,
0x865d, 0x865d, 0x865d, 0x865d, 0x865d, 0x865d, 0x865d, 0x865d, 0x865d, 0x865d, 0x865d, 0x865d, 0x865d, 0x865d, 0x865d, 0x865d,
0x865d, 0x865d, 0x865d, 0x865d, 0x865d, 0x865d, 0x865d, 0x865d, 0x865d, 0x865d, 0x865d, 0x865d, 0x865d, 0x865d, 0x865d, 0x865d,
0x865d, 0x865d, 0x865d, 0x865d, 0x865d, 0x865d, 0x865d, 0x865d, 0x865d, 0x865d, 0x865d, 0x865d, 0x865d, 0x865d, 0x865d, 0x865d,
0x865d, 0x865d, 0x865d, 0x865d, 0x865d, 0x865d, 0x865d, 0x865d, 0x865d, 0x865d, 0x865d, 0x865d, 0x865d, 0x865d, 0x865d, 0x865d,
0x865d, 0x865d, 0x865d, 0x865d, 0x865d, 0x865d, 0x865d, 0x865d, 0x865d, 0x865d, 0x865d, 0x865d, 0x865d, 0x865d, 0x865d, 0x865d,
0x865d, 0x865d, 0x865d, 0x865d, 0x865d, 0x865d, 0x865d, 0x865d, 0x865d, 0x865d, 0x865d, 0x865d, 0x865d, 0x865d, 0x865d, 0x865d,
0x865d, 0x865d, 0x865d, 0x865d, 0x865d, 0x865d, 0x865d, 0x865d, 0x865d, 0x865d, 0x865d, 0x865d, 0x865d, 0x865d, 0x865d, 0x865d,
0x865d, 0x865d, 0x865d, 0x865d, 0x865d, 0x865d, 0x865d, 0x865d, 0x865d, 0x865d, 0x865d, 0x865d, 0x865d, 0x865d, 0x865d, 0x865d,
0x865d, 0x865d, 0x865d, 0x865d, 0x865d, 0x865d, 0x865d, 0x865d, 0x865d, 0x865d, 0x865d, 0x865d, 0x865d, 0x865d, 0x865d, 0x865d,
0x865d, 0x865d, 0x865d, 0x865d, 0x865d, 0x865d, 0x865d, 0x865d, 0x865d, 0x865d, 0x865d, 0x865d, 0x865d, 0x865d, 0x865d, 0x865d,
0x865d, 0x865d, 0x865d, 0x865d, 0x865d, 0x865d, 0x865d, 0x865d, 0x865d, 0x865d, 0x865d, 0x865d, 0x865d, 0x865d, 0x865d, 0x865d,
0x865d, 0x865d, 0x865d, 0x865d, 0x865d, 0x865d, 0x865d, 0x865d, 0x865d, 0x865d, 0x865d, 0x865d, 0x865d, 0x865d, 0x865d, 0x865d,
0x865d, 0x865d, 0x865d, 0x865d, 0x865d, 0x865d, 0x865d, 0x865d, 0x865d, 0x865d, 0x865d, 0x865d, 0x865d, 0x865d, 0x865d, 0x865d,
0x865d, 0x865d, 0x865d, 0x865d, 0x865d, 0x865d, 0x865d, 0x865d, 0x865d, 0x865d, 0x865d, 0x865d, 0x865d, 0x865d, 0x865d, 0x865d,
0x865d, 0x865d, 0x865d, 0x865d, 0x865d, 0x865d, 0x865d, 0x865d, 0x865d, 0x865d, 0x865d, 0x865d, 0x865d, 0x865d, 0x865d, 0x865d,

/* -19- */
0x865d, 0x865d, 0x865d, 0x865d, 0x865d, 0x865d, 0x865d, 0x865d, 0x865d, 0x865d, 0x865d, 0x865d, 0x865d, 0x865d, 0x865d, 0x865d,
0x865d, 0x865d, 0x865d, 0x865d, 0x865d, 0x865d, 0x865d, 0x865d, 0x865d, 0x865d, 0x865d, 0x865d, 0x865d, 0x865d, 0x865d, 0x865d,
0x865d, 0x865d, 0x865d, 0x865d, 0x865d, 0x865d, 0x865d, 0x865d, 0x865d, 0x865d, 0x865d, 0x865d, 0x865d, 0x865d, 0x865d, 0x865d,
0x865d, 0x865d, 0x865d, 0x865d, 0x865d, 0x865d, 0x865d, 0x865d, 0x865d, 0x865d, 0x865d, 0x865d, 0x865d, 0x865d, 0x865d, 0x865d,
0x865d, 0x865d, 0x865d, 0x865d, 0x865d, 0x865d, 0x865d, 0x865d, 0x865d, 0x865d, 0x865d, 0x865d, 0x865d, 0x865d, 0x865d, 0x865d,
0x865d, 0x865d, 0x865d, 0x865d, 0x865d, 0x865d, 0x865d, 0x865d, 0x865d, 0x865d, 0x865d, 0x865d, 0x865d, 0x865d, 0x865d, 0x865d,
0x865d, 0x865d, 0x865d, 0x865d, 0x865d, 0x865d, 0x865d, 0x865d, 0x865d, 0x865d, 0x865d, 0x865d, 0x865d, 0x865d, 0x865d, 0x865d,
0x865d, 0x865d, 0x865d, 0x865d, 0x865d, 0x865d, 0x865d, 0x865d, 0x865d, 0x865d, 0x865d, 0x865d, 0x865d, 0x865d, 0x865d, 0x865d,
0x865d, 0x865d, 0x865d, 0x865d, 0x865d, 0x865d, 0x865d, 0x865d, 0x865d, 0x865d, 0x865d, 0x865d, 0x865d, 0x865d, 0x865d, 0x865d,
0x865d, 0x865d, 0x865d, 0x865d, 0x865d, 0x865d, 0x865d, 0x865d, 0x865d, 0x865d, 0x865d, 0x865d, 0x865d, 0x865d, 0x865d, 0x865d,
0x865d, 0x865d, 0x865d, 0x865d, 0x865d, 0x865d, 0x865d, 0x865d, 0x865d, 0x865d, 0x865d, 0x865d, 0x865d, 0x865d, 0x865d, 0x865d,
0x865d, 0x865d, 0x865d, 0x865d, 0x865d, 0x865d, 0x865d, 0x865d, 0x865d, 0x865d, 0x865d, 0x865d, 0x865d, 0x865d, 0x865d, 0x865d,
0x865d, 0x865d, 0x865d, 0x865d, 0x865d, 0x865d, 0x865d, 0x865d, 0x865d, 0x865d, 0x865d, 0x865d, 0x865d, 0x865d, 0x865d, 0x865d,
0x865d, 0x865d, 0x865d, 0x865d, 0x865d, 0x865d, 0x865d, 0x865d, 0x865d, 0x865d, 0x865d, 0x865d, 0x865d, 0x865d, 0x865d, 0x865d,
0x865d, 0x865d, 0x865d, 0x865d, 0x865d, 0x865d, 0x865d, 0x865d, 0x865d, 0x865d, 0x865d, 0x865d, 0x865d, 0x865d, 0x865d, 0x865d,
0x865d, 0x865d, 0x865d, 0x865d, 0x865d, 0x865d, 0x865d, 0x865d, 0x865d, 0x865d, 0x865d, 0x865d, 0x865d, 0x865d, 0x865d, 0x865d,
0x865d, 0x865d, 0x865d, 0x865d, 0x865d, 0x865d, 0x865d, 0x865d, 0x865d, 0x865d, 0x865d, 0x865d, 0x865d, 0x865d, 0x865d, 0x865d,
0x865d, 0x865d, 0x865d, 0x865d, 0x865d, 0x865d, 0x865d, 0x865d, 0x865d, 0x865d, 0x865d, 0x865d, 0x865d, 0x865d, 0x865d, 0x865d,
0x865d, 0x865d, 0x865d, 0x865d, 0x865d, 0x865d, 0x865d, 0x865d, 0x865d, 0x865d, 0x865d, 0x865d, 0x865d, 0x865d, 0x865d, 0x865d,
0x865d, 0x865d, 0x865d, 0x865d, 0x865d, 0x865d, 0x865d, 0x865d, 0x865d, 0x865d, 0x865d, 0x865d, 0x865d, 0x865d, 0x865d, 0x865d,
0x865d, 0x865d, 0x865d, 0x865d, 0x865d, 0x865d, 0x865d, 0x865d, 0x865d, 0x865d, 0x865d, 0x865d, 0x865d, 0x865d, 0x865d, 0x865d,
0x865d, 0x865d, 0x865d, 0x865d, 0x865d, 0x865d, 0x865d, 0x865d, 0x865d, 0x865d, 0x865d, 0x865d, 0x865d, 0x865d, 0x865d, 0x865d,
0x865d, 0x865d, 0x865d, 0x865d, 0x865d, 0x865d, 0x865d, 0x865d, 0x865d, 0x865d, 0x865d, 0x865d, 0x865d, 0x865d, 0x865d, 0x865d,
0x865d, 0x865d, 0x865d, 0x865d, 0x865d, 0x865d, 0x865d, 0x865d, 0x865d, 0x865d, 0x865d, 0x865d, 0x865d, 0x865d, 0x865d, 0x865d,
0x865d, 0x865d, 0x865d, 0x865d, 0x865d, 0x865d, 0x865d, 0x865d, 0x865d, 0x865d, 0x865d, 0x865d, 0x865d, 0x865d, 0x865d, 0x865d,
0x865d, 0x865d, 0x865d, 0x865d, 0x865d, 0x865d, 0x865d, 0x865d, 0x865d, 0x865d, 0x865d, 0x865d, 0x865d, 0x865d, 0x865d, 0x865d,
0x865d, 0x865d, 0x865d, 0x865d, 0x865d, 0x865d, 0x865d, 0x865d, 0x865d, 0x865d, 0x865d, 0x865d, 0x865d, 0x865d, 0x865d, 0x865d,
0x865d, 0x865d, 0x865d, 0x865d, 0x865d, 0x865d, 0x865d, 0x865d, 0x865d, 0x865d, 0x865d, 0x865d, 0x865d, 0x865d, 0x865d, 0x865d,
0x865d, 0x865d, 0x865d, 0x865d, 0x865d, 0x865d, 0x865d, 0x865d, 0x865d, 0x865d, 0x865d, 0x865d, 0x865d, 0x865d, 0x865d, 0x865d,
0x865d, 0x865d, 0x865d, 0x865d, 0x865d, 0x865d, 0x865d, 0x865d, 0x865d, 0x865d, 0x865d, 0x865d, 0x865d, 0x865d, 0x865d, 0x865d,
0x865d, 0x865d, 0x865d, 0x865d, 0x865d, 0x865d, 0x865d, 0x865d, 0x865d, 0x865d, 0x865d, 0x865d, 0x865d, 0x865d, 0x865d, 0x865d,
0x865d, 0x865d, 0x865d, 0x865d, 0x865d, 0x865d, 0x865d, 0x865d, 0x865d, 0x865d, 0x865d, 0x865d, 0x865d, 0x865d, 0x865d, 0x865d,
0x865d, 0x865d, 0x865d, 0x865d, 0x865d, 0x865d, 0x865d, 0x865d, 0x865d, 0x865d, 0x865d, 0x865d, 0x865d, 0x865d, 0x865d, 0x865d,
0x865d, 0x865d, 0x865d, 0x865d, 0x865d, 0x865d, 0x865d, 0x865d, 0x865d, 0x865d, 0x865d, 0x865d, 0x865d, 0x865d, 0x865d, 0x865d,
0x865d, 0x865d, 0x865d, 0x865d, 0x865d, 0x865d, 0x865d, 0x865d, 0x865d, 0x865d, 0x865d, 0x865d, 0x865d, 0x865d, 0x865d, 0x865d,
0x865d, 0x865d, 0x865d, 0x865d, 0x865d, 0x865d, 0x865d, 0x865d, 0x865d, 0x865d, 0x865d, 0x865d, 0x865d, 0x865d, 0x865d, 0x865d,
0x865d, 0x865d, 0x865d, 0x865d, 0x865d, 0x865d, 0x865d, 0x865d, 0x865d, 0x865d, 0x865d, 0x865d, 0x865d, 0x865d, 0x865d, 0x865d,
0x865d, 0x865d, 0x865d, 0x865d, 0x865d, 0x865d, 0x865d, 0x865d, 0x865d, 0x865d, 0x865d, 0x865d, 0x865d, 0x865d, 0x865d, 0x865d,
0x865d, 0x865d, 0x865d, 0x865d, 0x865d, 0x865d, 0x865d, 0x865d, 0x865d, 0x865d, 0x865d, 0x865d, 0x865d, 0x865d, 0x865d, 0x865d,
0x865d, 0x865d, 0x865d, 0x865d, 0x865d, 0x865d, 0x865d, 0x865d, 0x865d, 0x865d, 0x865d, 0x865d, 0x865d, 0x865d, 0x865d, 0x865d,
0x865d, 0x865d, 0x865d, 0x865d, 0x865d, 0x865d, 0x865d, 0x865d, 0x865d, 0x865d, 0x865d, 0x865d, 0x865d, 0x865d, 0x865d, 0x865d,
0x865d, 0x865d, 0x865d, 0x865d, 0x865d, 0x865d, 0x865d, 0x865d, 0x865d, 0x865d, 0x865d, 0x865d, 0x865d, 0x865d, 0x865d, 0x865d,
0x865d, 0x865d, 0x865d, 0x865d, 0x865d, 0x865d, 0x865d, 0x865d, 0x865d, 0x865d, 0x865d, 0x865d, 0x865d, 0x865d, 0x865d, 0x865d,
0x865d, 0x865d, 0x865d, 0x865d, 0x865d, 0x865d, 0x865d, 0x865d, 0x865d, 0x865d, 0x865d, 0x865d, 0x865d, 0x865d, 0x865d, 0x865d,
0x865d, 0x865d, 0x865d, 0x865d, 0x865d, 0x865d, 0x865d, 0x865d, 0x865d, 0x865d, 0x865d, 0x865d, 0x865d, 0x865d, 0x865d, 0x865d,
0x865d, 0x865d, 0x865d, 0x865d, 0x865d, 0x865d, 0x865d, 0x865d, 0x865d, 0x865d, 0x865d, 0x865d, 0x865d, 0x865d, 0x865d, 0x865d,
0x865d, 0x865d, 0x865d, 0x865d, 0x865d, 0x865d, 0x865d, 0x865d, 0x865d, 0x865d, 0x865d, 0x865d, 0x865d, 0x865d, 0x865d, 0x865d,
0x865d, 0x865d, 0x865d, 0x865d, 0x865d, 0x865d, 0x865d, 0x865d, 0x865d, 0x865d, 0x865d, 0x865d, 0x865d, 0x865d, 0x865d, 0x865d,
0x865d, 0x865d, 0x865d, 0x865d, 0x865d, 0x865d, 0x865d, 0x865d, 0x865d, 0x865d, 0x865d, 0x865d, 0x865d, 0x865d, 0x865d, 0x865d,
0x865d, 0x865d, 0x865d, 0x865d, 0x865d, 0x865d, 0x865d, 0x865d, 0x865d, 0x865d, 0x865d, 0x865d, 0x865d, 0x865d, 0x865d, 0x865d,
0x865d, 0x865d, 0x865d, 0x865d, 0x865d, 0x865d, 0x865d, 0x865d, 0x865d, 0x865d, 0x865d, 0x865d, 0x865d, 0x865d, 0x865d, 0x865d,
0x865d, 0x865d, 0x865d, 0x865d, 0x865d, 0x865d, 0x865d, 0x865d, 0x865d, 0x865d, 0x865d, 0x865d, 0x865d, 0x865d, 0x865d, 0x865d,
0x865d, 0x865d, 0x865d, 0x865d, 0x865d, 0x865d, 0x865d, 0x865d, 0x865d, 0x865d, 0x865d, 0x865d, 0x865d, 0x865d, 0x865d, 0x865d,
0x865d, 0x865d, 0x865d, 0x865d, 0x865d, 0x865d, 0x865d, 0x865d, 0x865d, 0x865d, 0x865d, 0x865d, 0x865d, 0x865d, 0x865d, 0x865d,
0x865d, 0x865d, 0x865d, 0x865d, 0x865d, 0x865d, 0x865d, 0x865d, 0x865d, 0x865d, 0x865d, 0x865d, 0x865d, 0x865d, 0x865d, 0x865d,
0x865d, 0x865d, 0x865d, 0x865d, 0x865d, 0x865d, 0x865d, 0x865d, 0x865d, 0x865d, 0x865d, 0x865d, 0x865d, 0x865d, 0x865d, 0x865d,
0x865d, 0x865d, 0x865d, 0x865d, 0x865d, 0x865d, 0x865d, 0x865d, 0x865d, 0x865d, 0x865d, 0x865d, 0x865d, 0x865d, 0x865d, 0x865d,
0x865d, 0x865d, 0x865d, 0x865d, 0x865d, 0x865d, 0x865d, 0x865d, 0x865d, 0x865d, 0x865d, 0x865d, 0x865d, 0x865d, 0x865d, 0x865d,
0x865d, 0x865d, 0x865d, 0x865d, 0x865d, 0x865d, 0x865d, 0x865d, 0x865d, 0x865d, 0x865d, 0x865d, 0x865d, 0x865d, 0x865d, 0x865d,
0x865d, 0x865d, 0x865d, 0x865d, 0x865d, 0x865d, 0x865d, 0x865d, 0x865d, 0x865d, 0x865d, 0x865d, 0x865d, 0x865d, 0x865d, 0x865d,
0x865d, 0x865d, 0x865d, 0x865d, 0x865d, 0x865d, 0x865d, 0x865d, 0x865d, 0x865d, 0x865d, 0x865d, 0x865d, 0x865d, 0x865d, 0x865d,
0x865d, 0x865d, 0x865d, 0x865d, 0x865d, 0x865d, 0x865d, 0x865d, 0x865d, 0x865d, 0x865d, 0x865d, 0x865d, 0x865d, 0x865d, 0x865d,
0x865d, 0x865d, 0x865d, 0x865d, 0x865d, 0x865d, 0x865d, 0x865d, 0x865d, 0x865d, 0x865d, 0x865d, 0x865d, 0x865d, 0x865d, 0x865d,
0x865d, 0x865d, 0x865d, 0x865d, 0x865d, 0x865d, 0x865d, 0x865d, 0x865d, 0x865d, 0x865d, 0x865d, 0x865d, 0x865d, 0x865d, 0x865d,
0x865d, 0x865d, 0x865d, 0x865d, 0x865d, 0x865d, 0x865d, 0x865d, 0x865d, 0x865d, 0x865d, 0x865d, 0x865d, 0x865d, 0x865d, 0x865d,

/* -20- */
0x865d, 0x865d, 0x865d, 0x865d, 0x865d, 0x865d, 0x865d, 0x865d, 0x865d, 0x865d, 0x865d, 0x865d, 0x865d, 0x865d, 0x865d, 0x865d,
0x865d, 0x865d, 0x865d, 0x865d, 0x865d, 0x865d, 0x865d, 0x865d, 0x865d, 0x865d, 0x865d, 0x865d, 0x865d, 0x865d, 0x865d, 0x865d,
0x865d, 0x865d, 0x865d, 0x865d, 0x865d, 0x865d, 0x865d, 0x865d, 0x865d, 0x865d, 0x865d, 0x865d, 0x865d, 0x865d, 0x865d, 0x865d,
0x865d, 0x865d, 0x865d, 0x865d, 0x865d, 0x865d, 0x865d, 0x865d, 0x865d, 0x865d, 0x865d, 0x865d, 0x865d, 0x865d, 0x865d, 0x865d,
0x865d, 0x865d, 0x865d, 0x865d, 0x865d, 0x865d, 0x865d, 0x865d, 0x865d, 0x865d, 0x865d, 0x865d, 0x865d, 0x865d, 0x865d, 0x865d,
0x865d, 0x865d, 0x865d, 0x865d, 0x865d, 0x865d, 0x865d, 0x865d, 0x865d, 0x865d, 0x865d, 0x865d, 0x865d, 0x865d, 0x865d, 0x865d,
0x865d, 0x865d, 0x865d, 0x865d, 0x865d, 0x865d, 0x865d, 0x865d, 0x865d, 0x865d, 0x865d, 0x865d, 0x865d, 0x865d, 0x865d, 0x865d,
0x865d, 0x865d, 0x865d, 0x865d, 0x865d, 0x865d, 0x865d, 0x865d, 0x865d, 0x865d, 0x865d, 0x865d, 0x865d, 0x865d, 0x865d, 0x865d,
0x865d, 0x865d, 0x865d, 0x865d, 0x865d, 0x865d, 0x865d, 0x865d, 0x865d, 0x865d, 0x865d, 0x865d, 0x865d, 0x865d, 0x865d, 0x865d,
0x865d, 0x865d, 0x865d, 0x865d, 0x865d, 0x865d, 0x865d, 0x865d, 0x865d, 0x865d, 0x865d, 0x865d, 0x865d, 0x865d, 0x865d, 0x865d,
0x865d, 0x865d, 0x865d, 0x865d, 0x865d, 0x865d, 0x865d, 0x865d, 0x865d, 0x865d, 0x865d, 0x865d, 0x865d, 0x865d, 0x865d, 0x865d,
0x865d, 0x865d, 0x865d, 0x865d, 0x865d, 0x865d, 0x865d, 0x865d, 0x865d, 0x865d, 0x865d, 0x865d, 0x865d, 0x865d, 0x865d, 0x865d,
0x865d, 0x865d, 0x865d, 0x865d, 0x865d, 0x865d, 0x865d, 0x865d, 0x865d, 0x865d, 0x865d, 0x865d, 0x865d, 0x865d, 0x865d, 0x865d,
0x865d, 0x865d, 0x865d, 0x865d, 0x865d, 0x865d, 0x865d, 0x865d, 0x865d, 0x865d, 0x865d, 0x865d, 0x865d, 0x865d, 0x865d, 0x865d,
0x865d, 0x865d, 0x865d, 0x865d, 0x865d, 0x865d, 0x865d, 0x865d, 0x865d, 0x865d, 0x865d, 0x865d, 0x865d, 0x865d, 0x865d, 0x865d,
0x865d, 0x865d, 0x865d, 0x865d, 0x865d, 0x865d, 0x865d, 0x865d, 0x865d, 0x865d, 0x865d, 0x865d, 0x865d, 0x865d, 0x865d, 0x865d,
0x865d, 0x865d, 0x865d, 0x865d, 0x865d, 0x865d, 0x865d, 0x865d, 0x865d, 0x865d, 0x865d, 0x865d, 0x865d, 0x865d, 0x865d, 0x865d,
0x865d, 0x865d, 0x865d, 0x865d, 0x865d, 0x865d, 0x865d, 0x865d, 0x865d, 0x865d, 0x865d, 0x865d, 0x865d, 0x865d, 0x865d, 0x865d,
0x865d, 0x865d, 0x865d, 0x865d, 0x865d, 0x865d, 0x865d, 0x865d, 0x865d, 0x865d, 0x865d, 0x865d, 0x865d, 0x865d, 0x865d, 0x865d,
0x865d, 0x865d, 0x865d, 0x865d, 0x865d, 0x865d, 0x865d, 0x865d, 0x865d, 0x865d, 0x865d, 0x865d, 0x865d, 0x865d, 0x865d, 0x865d,
0x865d, 0x865d, 0x865d, 0x865d, 0x865d, 0x865d, 0x865d, 0x865d, 0x865d, 0x865d, 0x865d, 0x865d, 0x865d, 0x865d, 0x865d, 0x865d,
0x865d, 0x865d, 0x865d, 0x865d, 0x865d, 0x865d, 0x865d, 0x865d, 0x865d, 0x865d, 0x865d, 0x865d, 0x865d, 0x865d, 0x865d, 0x865d,
0x865d, 0x865d, 0x865d, 0x865d, 0x865d, 0x865d, 0x865d, 0x865d, 0x865d, 0x865d, 0x865d, 0x865d, 0x865d, 0x865d, 0x865d, 0x865d,
0x865d, 0x865d, 0x865d, 0x865d, 0x865d, 0x865d, 0x865d, 0x865d, 0x865d, 0x865d, 0x865d, 0x865d, 0x865d, 0x865d, 0x865d, 0x865d,
0x865d, 0x865d, 0x865d, 0x865d, 0x865d, 0x865d, 0x865d, 0x865d, 0x865d, 0x865d, 0x865d, 0x865d, 0x865d, 0x865d, 0x865d, 0x865d,
0x865d, 0x865d, 0x865d, 0x865d, 0x865d, 0x865d, 0x865d, 0x865d, 0x865d, 0x865d, 0x865d, 0x865d, 0x865d, 0x865d, 0x865d, 0x865d,
0x865d, 0x865d, 0x865d, 0x865d, 0x865d, 0x865d, 0x865d, 0x865d, 0x865d, 0x865d, 0x865d, 0x865d, 0x865d, 0x865d, 0x865d, 0x865d,
0x865d, 0x865d, 0x865d, 0x865d, 0x865d, 0x865d, 0x865d, 0x865d, 0x865d, 0x865d, 0x865d, 0x865d, 0x865d, 0x865d, 0x865d, 0x865d,
0x865d, 0x865d, 0x865d, 0x865d, 0x865d, 0x865d, 0x865d, 0x865d, 0x865d, 0x865d, 0x865d, 0x865d, 0x865d, 0x865d, 0x865d, 0x865d,
0x865d, 0x865d, 0x865d, 0x865d, 0x865d, 0x865d, 0x865d, 0x865d, 0x865d, 0x865d, 0x865d, 0x865d, 0x865d, 0x865d, 0x865d, 0x865d,
0x865d, 0x865d, 0x865d, 0x865d, 0x865d, 0x865d, 0x865d, 0x865d, 0x865d, 0x865d, 0x865d, 0x865d, 0x865d, 0x865d, 0x865d, 0x865d,
0x865d, 0x865d, 0x865d, 0x865d, 0x865d, 0x865d, 0x865d, 0x865d, 0x865d, 0x865d, 0x865d, 0x865d, 0x865d, 0x865d, 0x865d, 0x865d,
0x865d, 0x865d, 0x865d, 0x865d, 0x865d, 0x865d, 0x865d, 0x865d, 0x865d, 0x865d, 0x865d, 0x865d, 0x865d, 0x865d, 0x865d, 0x865d,
0x865d, 0x865d, 0x865d, 0x865d, 0x865d, 0x865d, 0x865d, 0x865d, 0x865d, 0x865d, 0x865d, 0x865d, 0x865d, 0x865d, 0x865d, 0x865d,
0x865d, 0x865d, 0x865d, 0x865d, 0x865d, 0x865d, 0x865d, 0x865d, 0x865d, 0x865d, 0x865d, 0x865d, 0x865d, 0x865d, 0x865d, 0x865d,
0x865d, 0x865d, 0x865d, 0x865d, 0x865d, 0x865d, 0x865d, 0x865d, 0x865d, 0x865d, 0x865d, 0x865d, 0x865d, 0x865d, 0x865d, 0x865d,
0x865d, 0x865d, 0x865d, 0x865d, 0x865d, 0x865d, 0x865d, 0x865d, 0x865d, 0x865d, 0x865d, 0x865d, 0x865d, 0x865d, 0x865d, 0x865d,
0x865d, 0x865d, 0x865d, 0x865d, 0x865d, 0x865d, 0x865d, 0x865d, 0x865d, 0x865d, 0x865d, 0x865d, 0x865d, 0x865d, 0x865d, 0x865d,
0x865d, 0x865d, 0x865d, 0x865d, 0x865d, 0x865d, 0x865d, 0x865d, 0x865d, 0x865d, 0x865d, 0x865d, 0x865d, 0x865d, 0x865d, 0x865d,
0x865d, 0x865d, 0x865d, 0x865d, 0x865d, 0x865d, 0x865d, 0x865d, 0x865d, 0x865d, 0x865d, 0x865d, 0x865d, 0x865d, 0x865d, 0x865d,
0x865d, 0x865d, 0x865d, 0x865d, 0x865d, 0x865d, 0x865d, 0x865d, 0x865d, 0x865d, 0x865d, 0x865d, 0x865d, 0x865d, 0x865d, 0x865d,
0x865d, 0x865d, 0x865d, 0x865d, 0x865d, 0x865d, 0x865d, 0x865d, 0x865d, 0x865d, 0x865d, 0x865d, 0x865d, 0x865d, 0x865d, 0x865d,
0x865d, 0x865d, 0x865d, 0x865d, 0x865d, 0x865d, 0x865d, 0x865d, 0x865d, 0x865d, 0x865d, 0x865d, 0x865d, 0x865d, 0x865d, 0x865d,
0x865d, 0x865d, 0x865d, 0x865d, 0x865d, 0x865d, 0x865d, 0x865d, 0x865d, 0x865d, 0x865d, 0x865d, 0x865d, 0x865d, 0x865d, 0x865d,
0x865d, 0x865d, 0x865d, 0x865d, 0x865d, 0x865d, 0x865d, 0x865d, 0x865d, 0x865d, 0x865d, 0x865d, 0x865d, 0x865d, 0x865d, 0x865d,
0x865d, 0x865d, 0x865d, 0x865d, 0x865d, 0x865d, 0x865d, 0x865d, 0x865d, 0x865d, 0x865d, 0x865d, 0x865d, 0x865d, 0x865d, 0x865d,
0x865d, 0x865d, 0x865d, 0x865d, 0x865d, 0x865d, 0x865d, 0x865d, 0x865d, 0x865d, 0x865d, 0x865d, 0x865d, 0x865d, 0x865d, 0x865d,
0x865d, 0x865d, 0x865d, 0x865d, 0x865d, 0x865d, 0x865d, 0x865d, 0x865d, 0x865d, 0x865d, 0x865d, 0x865d, 0x865d, 0x865d, 0x865d,
0x865d, 0x865d, 0x865d, 0x865d, 0x865d, 0x865d, 0x865d, 0x865d, 0x865d, 0x865d, 0x865d, 0x865d, 0x865d, 0x865d, 0x865d, 0x865d,
0x865d, 0x865d, 0x865d, 0x865d, 0x865d, 0x865d, 0x865d, 0x865d, 0x865d, 0x865d, 0x865d, 0x865d, 0x865d, 0x865d, 0x865d, 0x865d,
0x865d, 0x865d, 0x865d, 0x865d, 0x865d, 0x865d, 0x865d, 0x865d, 0x865d, 0x865d, 0x865d, 0x865d, 0x865d, 0x865d, 0x865d, 0x865d,
0x865d, 0x865d, 0x865d, 0x865d, 0x865d, 0x865d, 0x865d, 0x865d, 0x865d, 0x865d, 0x865d, 0x865d, 0x865d, 0x865d, 0x865d, 0x865d,
0x865d, 0x865d, 0x865d, 0x865d, 0x865d, 0x865d, 0x865d, 0x865d, 0x865d, 0x865d, 0x865d, 0x865d, 0x865d, 0x865d, 0x865d, 0x865d,
0x865d, 0x865d, 0x865d, 0x865d, 0x865d, 0x865d, 0x865d, 0x865d, 0x865d, 0x865d, 0x865d, 0x865d, 0x865d, 0x865d, 0x865d, 0x865d,
0x865d, 0x865d, 0x865d, 0x865d, 0x865d, 0x865d, 0x865d, 0x865d, 0x865d, 0x865d, 0x865d, 0x865d, 0x865d, 0x865d, 0x865d, 0x865d,
0x865d, 0x865d, 0x865d, 0x865d, 0x865d, 0x865d, 0x865d, 0x865d, 0x865d, 0x865d, 0x865d, 0x865d, 0x865d, 0x865d, 0x865d, 0x865d,
0x865d, 0x865d, 0x865d, 0x865d, 0x865d, 0x865d, 0x865d, 0x865d, 0x865d, 0x865d, 0x865d, 0x865d, 0x865d, 0x865d, 0x865d, 0x865d,
0x865d, 0x865d, 0x865d, 0x865d, 0x865d, 0x865d, 0x865d, 0x865d, 0x865d, 0x865d, 0x865d, 0x865d, 0x865d, 0x865d, 0x865d, 0x865d,
0x865d, 0x865d, 0x865d, 0x865d, 0x865d, 0x865d, 0x865d, 0x865d, 0x865d, 0x865d, 0x865d, 0x865d, 0x865d, 0x865d, 0x865d, 0x865d,
0x865d, 0x865d, 0x865d, 0x865d, 0x865d, 0x865d, 0x865d, 0x865d, 0x865d, 0x865d, 0x865d, 0x865d, 0x865d, 0x865d, 0x865d, 0x865d,
0x865d, 0x865d, 0x865d, 0x865d, 0x865d, 0x865d, 0x865d, 0x865d, 0x865d, 0x865d, 0x865d, 0x865d, 0x865d, 0x865d, 0x865d, 0x865d,
0x865d, 0x865d, 0x865d, 0x865d, 0x865d, 0x865d, 0x865d, 0x865d, 0x865d, 0x865d, 0x865d, 0x865d, 0x865d, 0x865d, 0x865d, 0x865d,
0x865d, 0x865d, 0x865d, 0x865d, 0x865d, 0x865d, 0x865d, 0x865d, 0x865d, 0x865d, 0x865d, 0x865d, 0x865d, 0x865d, 0x865d, 0x865d,
0x865d, 0x865d, 0x865d, 0x865d, 0x865d, 0x865d, 0x865d, 0x865d, 0x865d, 0x865d, 0x865d, 0x865d, 0x865d, 0x865d, 0x865d, 0x865d,
0x865d, 0x865d, 0x865d, 0x865d, 0x865d, 0x865d, 0x865d, 0x865d, 0x865d, 0x865d, 0x865d, 0x865d, 0x865d, 0x865d, 0x865d, 0x865d,

/* -21- */
0x865d, 0x865d, 0x865d, 0x865d, 0x865d, 0x865d, 0x865d, 0x865d, 0x865d, 0x865d, 0x865d, 0x865d, 0x865d, 0x865d, 0x865d, 0x865d,
0x865d, 0x865d, 0x865d, 0x865d, 0x865d, 0x865d, 0x865d, 0x865d, 0x865d, 0x865d, 0x865d, 0x865d, 0x865d, 0x865d, 0x865d, 0x865d,
0x865d, 0x865d, 0x865d, 0x865d, 0x865d, 0x865d, 0x865d, 0x865d, 0x865d, 0x865d, 0x865d, 0x865d, 0x865d, 0x865d, 0x865d, 0x865d,
0x865d, 0x865d, 0x865d, 0x865d, 0x865d, 0x865d, 0x865d, 0x865d, 0x865d, 0x865d, 0x865d, 0x865d, 0x865d, 0x865d, 0x865d, 0x865d,
0x865d, 0x865d, 0x865d, 0x865d, 0x865d, 0x865d, 0x865d, 0x865d, 0x865d, 0x865d, 0x865d, 0x865d, 0x865d, 0x865d, 0x865d, 0x865d,
0x865d, 0x865d, 0x865d, 0x865d, 0x865d, 0x865d, 0x865d, 0x865d, 0x865d, 0x865d, 0x865d, 0x865d, 0x865d, 0x865d, 0x865d, 0x865d,
0x865d, 0x865d, 0x865d, 0x865d, 0x865d, 0x865d, 0x865d, 0x865d, 0x865d, 0x865d, 0x865d, 0x865d, 0x865d, 0x865d, 0x865d, 0x865d,
0x865d, 0x865d, 0x865d, 0x865d, 0x865d, 0x865d, 0x865d, 0x865d, 0x865d, 0x865d, 0x865d, 0x865d, 0x865d, 0x865d, 0x865d, 0x865d,
0x865d, 0x865d, 0x865d, 0x865d, 0x865d, 0x865d, 0x865d, 0x865d, 0x865d, 0x865d, 0x865d, 0x865d, 0x865d, 0x865d, 0x865d, 0x865d,
0x865d, 0x865d, 0x865d, 0x865d, 0x865d, 0x865d, 0x865d, 0x865d, 0x865d, 0x865d, 0x865d, 0x865d, 0x865d, 0x865d, 0x865d, 0x865d,
0x865d, 0x865d, 0x865d, 0x865d, 0x865d, 0x865d, 0x865d, 0x865d, 0x865d, 0x865d, 0x865d, 0x865d, 0x865d, 0x865d, 0x865d, 0x865d,
0x865d, 0x865d, 0x865d, 0x865d, 0x865d, 0x865d, 0x865d, 0x865d, 0x865d, 0x865d, 0x865d, 0x865d, 0x865d, 0x865d, 0x865d, 0x865d,
0x865d, 0x865d, 0x865d, 0x865d, 0x865d, 0x865d, 0x865d, 0x865d, 0x865d, 0x865d, 0x865d, 0x865d, 0x865d, 0x865d, 0x865d, 0x865d,
0x865d, 0x865d, 0x865d, 0x865d, 0x865d, 0x865d, 0x865d, 0x865d, 0x865d, 0x865d, 0x865d, 0x865d, 0x865d, 0x865d, 0x865d, 0x865d,
0x865d, 0x865d, 0x865d, 0x865d, 0x865d, 0x865d, 0x865d, 0x865d, 0x865d, 0x865d, 0x865d, 0x865d, 0x865d, 0x865d, 0x865d, 0x865d,
0x865d, 0x865d, 0x865d, 0x865d, 0x865d, 0x865d, 0x865d, 0x865d, 0x865d, 0x865d, 0x865d, 0x865d, 0x865d, 0x865d, 0x865d, 0x865d,
0x865d, 0x865d, 0x865d, 0x865d, 0x865d, 0x865d, 0x865d, 0x865d, 0x865d, 0x865d, 0x865d, 0x865d, 0x865d, 0x865d, 0x865d, 0x865d,
0x865d, 0x865d, 0x865d, 0x865d, 0x865d, 0x865d, 0x865d, 0x865d, 0x865d, 0x865d, 0x865d, 0x865d, 0x865d, 0x865d, 0x865d, 0x865d,
0x865d, 0x865d, 0x865d, 0x865d, 0x865d, 0x865d, 0x865d, 0x865d, 0x865d, 0x865d, 0x865d, 0x865d, 0x865d, 0x865d, 0x865d, 0x865d,
0x865d, 0x865d, 0x865d, 0x865d, 0x865d, 0x865d, 0x865d, 0x865d, 0x865d, 0x865d, 0x865d, 0x865d, 0x865d, 0x865d, 0x865d, 0x865d,
0x865d, 0x865d, 0x865d, 0x865d, 0x865d, 0x865d, 0x865d, 0x865d, 0x865d, 0x865d, 0x865d, 0x865d, 0x865d, 0x865d, 0x865d, 0x865d,
0x865d, 0x865d, 0x865d, 0x865d, 0x865d, 0x865d, 0x865d, 0x865d, 0x865d, 0x865d, 0x865d, 0x865d, 0x865d, 0x865d, 0x865d, 0x865d,
0x865d, 0x865d, 0x865d, 0x865d, 0x865d, 0x865d, 0x865d, 0x865d, 0x865d, 0x865d, 0x865d, 0x865d, 0x865d, 0x865d, 0x865d, 0x865d,
0x865d, 0x865d, 0x865d, 0x865d, 0x865d, 0x865d, 0x865d, 0x865d, 0x865d, 0x865d, 0x865d, 0x865d, 0x865d, 0x865d, 0x865d, 0x865d,
0x865d, 0x865d, 0x865d, 0x865d, 0x865d, 0x865d, 0x865d, 0x865d, 0x865d, 0x865d, 0x865d, 0x865d, 0x865d, 0x865d, 0x865d, 0x865d,
0x865d, 0x865d, 0x865d, 0x865d, 0x865d, 0x865d, 0x865d, 0x865d, 0x865d, 0x865d, 0x865d, 0x865d, 0x865d, 0x865d, 0x865d, 0x865d,
0x865d, 0x865d, 0x865d, 0x865d, 0x865d, 0x865d, 0x865d, 0x865d, 0x865d, 0x865d, 0x865d, 0x865d, 0x865d, 0x865d, 0x865d, 0x865d,
0x865d, 0x865d, 0x865d, 0x865d, 0x865d, 0x865d, 0x865d, 0x865d, 0x865d, 0x865d, 0x865d, 0x865d, 0x865d, 0x865d, 0x865d, 0x865d,
0x865d, 0x865d, 0x865d, 0x865d, 0x865d, 0x865d, 0x865d, 0x865d, 0x865d, 0x865d, 0x865d, 0x865d, 0x865d, 0x865d, 0x865d, 0x865d,
0x865d, 0x865d, 0x865d, 0x865d, 0x865d, 0x865d, 0x865d, 0x865d, 0x865d, 0x865d, 0x865d, 0x865d, 0x865d, 0x865d, 0x865d, 0x865d,
0x865d, 0x865d, 0x865d, 0x865d, 0x865d, 0x865d, 0x865d, 0x865d, 0x865d, 0x865d, 0x865d, 0x865d, 0x865d, 0x865d, 0x865d, 0x865d,
0x865d, 0x865d, 0x865d, 0x865d, 0x865d, 0x865d, 0x865d, 0x865d, 0x865d, 0x865d, 0x865d, 0x865d, 0x865d, 0x865d, 0x865d, 0x865d,
0x865d, 0x865d, 0x865d, 0x865d, 0x865d, 0x865d, 0x865d, 0x865d, 0x865d, 0x865d, 0x865d, 0x865d, 0x865d, 0x865d, 0x865d, 0x865d,
0x865d, 0x865d, 0x865d, 0x865d, 0x865d, 0x865d, 0x865d, 0x865d, 0x865d, 0x865d, 0x865d, 0x865d, 0x865d, 0x865d, 0x865d, 0x865d,
0x865d, 0x865d, 0x865d, 0x865d, 0x865d, 0x865d, 0x865d, 0x865d, 0x865d, 0x865d, 0x865d, 0x865d, 0x865d, 0x865d, 0x865d, 0x865d,
0x865d, 0x865d, 0x865d, 0x865d, 0x865d, 0x865d, 0x865d, 0x865d, 0x865d, 0x865d, 0x865d, 0x865d, 0x865d, 0x865d, 0x865d, 0x865d,
0x865d, 0x865d, 0x865d, 0x865d, 0x865d, 0x865d, 0x865d, 0x865d, 0x865d, 0x865d, 0x865d, 0x865d, 0x865d, 0x865d, 0x865d, 0x865d,
0x865d, 0x865d, 0x865d, 0x865d, 0x865d, 0x865d, 0x865d, 0x865d, 0x865d, 0x865d, 0x865d, 0x865d, 0x865d, 0x865d, 0x865d, 0x865d,
0x865d, 0x865d, 0x865d, 0x865d, 0x865d, 0x865d, 0x865d, 0x865d, 0x865d, 0x865d, 0x865d, 0x865d, 0x865d, 0x865d, 0x865d, 0x865d,
0x865d, 0x865d, 0x865d, 0x865d, 0x865d, 0x865d, 0x865d, 0x865d, 0x865d, 0x865d, 0x865d, 0x865d, 0x865d, 0x865d, 0x865d, 0x865d,
0x865d, 0x865d, 0x865d, 0x865d, 0x865d, 0x865d, 0x865d, 0x865d, 0x865d, 0x865d, 0x865d, 0x865d, 0x865d, 0x865d, 0x865d, 0x865d,
0x865d, 0x865d, 0x865d, 0x865d, 0x865d, 0x865d, 0x865d, 0x865d, 0x865d, 0x865d, 0x865d, 0x865d, 0x865d, 0x865d, 0x865d, 0x865d,
0x865d, 0x865d, 0x865d, 0x865d, 0x865d, 0x865d, 0x865d, 0x865d, 0x865d, 0x865d, 0x865d, 0x865d, 0x865d, 0x865d, 0x865d, 0x865d,
0x865d, 0x865d, 0x865d, 0x865d, 0x865d, 0x865d, 0x865d, 0x865d, 0x865d, 0x865d, 0x865d, 0x865d, 0x865d, 0x865d, 0x865d, 0x865d,
0x865d, 0x865d, 0x865d, 0x865d, 0x865d, 0x865d, 0x865d, 0x865d, 0x865d, 0x865d, 0x865d, 0x865d, 0x865d, 0x865d, 0x865d, 0x865d,
0x865d, 0x865d, 0x865d, 0x865d, 0x865d, 0x865d, 0x865d, 0x865d, 0x865d, 0x865d, 0x865d, 0x865d, 0x865d, 0x865d, 0x865d, 0x865d,
0x865d, 0x865d, 0x865d, 0x865d, 0x865d, 0x865d, 0x865d, 0x865d, 0x865d, 0x865d, 0x865d, 0x865d, 0x865d, 0x865d, 0x865d, 0x865d,
0x865d, 0x865d, 0x865d, 0x865d, 0x865d, 0x865d, 0x865d, 0x865d, 0x865d, 0x865d, 0x865d, 0x865d, 0x865d, 0x865d, 0x865d, 0x865d,
0x865d, 0x865d, 0x865d, 0x865d, 0x865d, 0x865d, 0x865d, 0x865d, 0x865d, 0x865d, 0x865d, 0x865d, 0x865d, 0x865d, 0x865d, 0x865d,
0x865d, 0x865d, 0x865d, 0x865d, 0x865d, 0x865d, 0x865d, 0x865d, 0x865d, 0x865d, 0x865d, 0x865d, 0x865d, 0x865d, 0x865d, 0x865d,
0x865d, 0x865d, 0x865d, 0x865d, 0x865d, 0x865d, 0x865d, 0x865d, 0x865d, 0x865d, 0x865d, 0x865d, 0x865d, 0x865d, 0x865d, 0x865d,
0x865d, 0x865d, 0x865d, 0x865d, 0x865d, 0x865d, 0x865d, 0x865d, 0x865d, 0x865d, 0x865d, 0x865d, 0x865d, 0x865d, 0x865d, 0x865d,
0x865d, 0x865d, 0x865d, 0x865d, 0x865d, 0x865d, 0x865d, 0x865d, 0x865d, 0x865d, 0x865d, 0x865d, 0x865d, 0x865d, 0x865d, 0x865d,
0x865d, 0x865d, 0x865d, 0x865d, 0x865d, 0x865d, 0x865d, 0x865d, 0x865d, 0x865d, 0x865d, 0x865d, 0x865d, 0x865d, 0x865d, 0x865d,
0x865d, 0x865d, 0x865d, 0x865d, 0x865d, 0x865d, 0x865d, 0x865d, 0x865d, 0x865d, 0x865d, 0x865d, 0x865d, 0x865d, 0x865d, 0x865d,
0x865d, 0x865d, 0x865d, 0x865d, 0x865d, 0x865d, 0x865d, 0x865d, 0x865d, 0x865d, 0x865d, 0x865d, 0x865d, 0x865d, 0x865d, 0x865d,
0x865d, 0x865d, 0x865d, 0x865d, 0x865d, 0x865d, 0x865d, 0x865d, 0x865d, 0x865d, 0x865d, 0x865d, 0x865d, 0x865d, 0x865d, 0x865d,
0x865d, 0x865d, 0x865d, 0x865d, 0x865d, 0x865d, 0x865d, 0x865d, 0x865d, 0x865d, 0x865d, 0x865d, 0x865d, 0x865d, 0x865d, 0x865d,
0x865d, 0x865d, 0x865d, 0x865d, 0x865d, 0x865d, 0x865d, 0x865d, 0x865d, 0x865d, 0x865d, 0x865d, 0x865d, 0x865d, 0x865d, 0x865d,
0x865d, 0x865d, 0x865d, 0x865d, 0x865d, 0x865d, 0x865d, 0x865d, 0x865d, 0x865d, 0x865d, 0x865d, 0x865d, 0x865d, 0x865d, 0x865d,
0x865d, 0x865d, 0x865d, 0x865d, 0x865d, 0x865d, 0x865d, 0x865d, 0x865d, 0x865d, 0x865d, 0x865d, 0x865d, 0x865d, 0x865d, 0x865d,
0x865d, 0x865d, 0x865d, 0x865d, 0x865d, 0x865d, 0x865d, 0x865d, 0x865d, 0x865d, 0x865d, 0x865d, 0x865d, 0x865d, 0x865d, 0x865d,
0x865d, 0x865d, 0x865d, 0x865d, 0x865d, 0x865d, 0x865d, 0x865d, 0x865d, 0x865d, 0x865d, 0x865d, 0x865d, 0x865d, 0x865d, 0x865d,
0x865d, 0x865d, 0x865d, 0x865d, 0x865d, 0x865d, 0x865d, 0x865d, 0x865d, 0x865d, 0x865d, 0x865d, 0x865d, 0x865d, 0x865d, 0x865d,
0x865d, 0x865d, 0x865d, 0x865d, 0x865d, 0x865d, 0x865d, 0x865d, 0x865d, 0x865d, 0x865d, 0x865d, 0x865d, 0x865d, 0x865d, 0x865d,

/* -22- */
0x865d, 0x865d, 0x865d, 0x865d, 0x865d, 0x865d, 0x865d, 0x865d, 0x865d, 0x865d, 0x865d, 0x865d, 0x865d, 0x865d, 0x865d, 0x865d,
0x865d, 0x865d, 0x865d, 0x865d, 0x865d, 0x865d, 0x865d, 0x865d, 0x865d, 0x865d, 0x865d, 0x865d, 0x865d, 0x865d, 0x865d, 0x865d,
0x865d, 0x865d, 0x865d, 0x865d, 0x865d, 0x865d, 0x865d, 0x865d, 0x865d, 0x865d, 0x865d, 0x865d, 0x865d, 0x865d, 0x865d, 0x865d,
0x865d, 0x865d, 0x865d, 0x865d, 0x865d, 0x865d, 0x865d, 0x865d, 0x865d, 0x865d, 0x865d, 0x865d, 0x865d, 0x865d, 0x865d, 0x865d,
0x865d, 0x865d, 0x865d, 0x865d, 0x865d, 0x865d, 0x865d, 0x865d, 0x865d, 0x865d, 0x865d, 0x865d, 0x865d, 0x865d, 0x865d, 0x865d,
0x865d, 0x865d, 0x865d, 0x865d, 0x865d, 0x865d, 0x865d, 0x865d, 0x865d, 0x865d, 0x865d, 0x865d, 0x865d, 0x865d, 0x865d, 0x865d,
0x865d, 0x865d, 0x865d, 0x865d, 0x865d, 0x865d, 0x865d, 0x865d, 0x865d, 0x865d, 0x865d, 0x865d, 0x865d, 0x865d, 0x865d, 0x865d,
0x865d, 0x865d, 0x865d, 0x865d, 0x865d, 0x865d, 0x865d, 0x865d, 0x865d, 0x865d, 0x865d, 0x865d, 0x865d, 0x865d, 0x865d, 0x865d,
0x865d, 0x865d, 0x865d, 0x865d, 0x865d, 0x865d, 0x865d, 0x865d, 0x865d, 0x865d, 0x865d, 0x865d, 0x865d, 0x865d, 0x865d, 0x865d,
0x865d, 0x865d, 0x865d, 0x865d, 0x865d, 0x865d, 0x865d, 0x865d, 0x865d, 0x865d, 0x865d, 0x865d, 0x865d, 0x865d, 0x865d, 0x865d,
0x865d, 0x865d, 0x865d, 0x865d, 0x865d, 0x865d, 0x865d, 0x865d, 0x865d, 0x865d, 0x865d, 0x865d, 0x865d, 0x865d, 0x865d, 0x865d,
0x865d, 0x865d, 0x865d, 0x865d, 0x865d, 0x865d, 0x865d, 0x865d, 0x865d, 0x865d, 0x865d, 0x865d, 0x865d, 0x865d, 0x865d, 0x865d,
0x865d, 0x865d, 0x865d, 0x865d, 0x865d, 0x865d, 0x865d, 0x865d, 0x865d, 0x865d, 0x865d, 0x865d, 0x865d, 0x865d, 0x865d, 0x865d,
0x865d, 0x865d, 0x865d, 0x865d, 0x865d, 0x865d, 0x865d, 0x865d, 0x865d, 0x865d, 0x865d, 0x865d, 0x865d, 0x865d, 0x865d, 0x865d,
0x865d, 0x865d, 0x865d, 0x865d, 0x865d, 0x865d, 0x865d, 0x865d, 0x865d, 0x865d, 0x865d, 0x865d, 0x865d, 0x865d, 0x865d, 0x865d,
0x865d, 0x865d, 0x865d, 0x865d, 0x865d, 0x865d, 0x865d, 0x865d, 0x865d, 0x865d, 0x865d, 0x865d, 0x865d, 0x865d, 0x865d, 0x865d,
0x865d, 0x865d, 0x865d, 0x865d, 0x865d, 0x865d, 0x865d, 0x865d, 0x865d, 0x865d, 0x865d, 0x865d, 0x865d, 0x865d, 0x865d, 0x865d,
0x865d, 0x865d, 0x865d, 0x865d, 0x865d, 0x865d, 0x865d, 0x865d, 0x865d, 0x865d, 0x865d, 0x865d, 0x865d, 0x865d, 0x865d, 0x865d,
0x865d, 0x865d, 0x865d, 0x865d, 0x865d, 0x865d, 0x865d, 0x865d, 0x865d, 0x865d, 0x865d, 0x865d, 0x865d, 0x865d, 0x865d, 0x865d,
0x865d, 0x865d, 0x865d, 0x865d, 0x865d, 0x865d, 0x865d, 0x865d, 0x865d, 0x865d, 0x865d, 0x865d, 0x865d, 0x865d, 0x865d, 0x865d,
0x865d, 0x865d, 0x865d, 0x865d, 0x865d, 0x865d, 0x865d, 0x865d, 0x865d, 0x865d, 0x865d, 0x865d, 0x865d, 0x865d, 0x865d, 0x865d,
0x865d, 0x865d, 0x865d, 0x865d, 0x865d, 0x865d, 0x865d, 0x865d, 0x865d, 0x865d, 0x865d, 0x865d, 0x865d, 0x865d, 0x865d, 0x865d,
0x865d, 0x865d, 0x865d, 0x865d, 0x865d, 0x865d, 0x865d, 0x865d, 0x865d, 0x865d, 0x865d, 0x865d, 0x865d, 0x865d, 0x865d, 0x865d,
0x865d, 0x865d, 0x865d, 0x865d, 0x865d, 0x865d, 0x865d, 0x865d, 0x865d, 0x865d, 0x865d, 0x865d, 0x867d, 0xaefd, 0xbf1e, 0xb71e,
0x867d, 0x865d, 0x865d, 0x865d, 0x865d, 0x865d, 0x865d, 0x865d, 0x865d, 0x865d, 0x865d, 0x865d, 0x865d, 0x865d, 0x865d, 0x865d,
0x865d, 0x865d, 0x865d, 0x865d, 0x865d, 0x865d, 0x865d, 0x865d, 0x865d, 0x865d, 0x865d, 0x865d, 0x865d, 0x865d, 0x865d, 0x865d,
0x865d, 0x865d, 0x865d, 0x865d, 0x865d, 0x865d, 0x865d, 0x865d, 0x865d, 0x865d, 0x865d, 0x865d, 0x865d, 0x865d, 0x865d, 0x865d,
0x865d, 0x865d, 0x865d, 0x865d, 0x865d, 0x865d, 0x865d, 0x865d, 0x865d, 0x865d, 0x865d, 0x865d, 0x865d, 0x865d, 0x865d, 0x865d,
0x865d, 0x865d, 0x865d, 0x865d, 0x865d, 0x865d, 0x865d, 0x865d, 0x865d, 0x865d, 0x865d, 0x865d, 0x865d, 0x865d, 0x865d, 0x865d,
0x865d, 0x865d, 0x865d, 0x865d, 0x865d, 0x865d, 0x865d, 0x865d, 0x865d, 0x865d, 0x865d, 0x865d, 0x865d, 0x865d, 0x865d, 0x865d,
0x865d, 0x865d, 0x865d, 0x865d, 0x865d, 0x865d, 0x865d, 0x865d, 0x865d, 0x865d, 0x865d, 0x865d, 0x865d, 0x865d, 0x865d, 0x865d,
0x865d, 0x865d, 0x865d, 0x865d, 0x865d, 0x865d, 0x865d, 0x865d, 0x865d, 0x865d, 0x865d, 0x865d, 0x865d, 0x865d, 0x865d, 0x865d,
0x865d, 0x865d, 0x865d, 0x865d, 0x865d, 0x865d, 0x865d, 0x865d, 0x865d, 0x865d, 0x865d, 0x865d, 0x865d, 0x865d, 0x865d, 0x865d,
0x865d, 0x865d, 0x865d, 0x865d, 0x865d, 0x865d, 0x865d, 0x865d, 0x865d, 0x865d, 0x865d, 0x865d, 0x865d, 0x865d, 0x865d, 0x865d,
0x865d, 0x865d, 0x865d, 0x865d, 0x865d, 0x865d, 0x865d, 0x865d, 0x865d, 0x865d, 0x865d, 0x865d, 0x865d, 0x865d, 0x865d, 0x865d,
0x865d, 0x865d, 0x865d, 0x865d, 0x865d, 0x865d, 0x865d, 0x865d, 0x865d, 0x865d, 0x865d, 0x865d, 0x865d, 0x865d, 0x865d, 0x865d,
0x865d, 0x865d, 0x865d, 0x865d, 0x865d, 0x865d, 0x865d, 0x865d, 0x865d, 0x865d, 0x865d, 0x865d, 0x865d, 0x865d, 0x865d, 0x865d,
0x865d, 0x865d, 0x865d, 0x865d, 0x865d, 0x865d, 0x865d, 0x865d, 0x865d, 0x865d, 0x865d, 0x865d, 0x865d, 0x865d, 0x865d, 0x865d,
0x865d, 0x865d, 0x865d, 0x865d, 0x865d, 0x865d, 0x865d, 0x865d, 0x865d, 0x865d, 0x865d, 0x865d, 0x865d, 0x865d, 0x865d, 0x865d,
0x865d, 0x865d, 0x865d, 0x865d, 0x865d, 0x865d, 0x865d, 0x865d, 0x865d, 0x865d, 0x865d, 0x865d, 0x865d, 0x865d, 0x865d, 0x865d,
0x865d, 0x865d, 0x865d, 0x865d, 0x865d, 0x865d, 0x865d, 0x865d, 0x865d, 0x865d, 0x865d, 0x865d, 0x865d, 0x865d, 0x865d, 0x865d,
0x865d, 0x865d, 0x865d, 0x865d, 0x865d, 0x865d, 0x865d, 0x865d, 0x865d, 0x865d, 0x865d, 0x865d, 0x865d, 0x865d, 0x865d, 0x865d,
0x865d, 0x865d, 0x865d, 0x865d, 0x865d, 0x865d, 0x865d, 0x865d, 0x865d, 0x865d, 0x865d, 0x865d, 0x865d, 0x865d, 0x865d, 0x865d,
0x865d, 0x865d, 0x865d, 0x865d, 0x865d, 0x865d, 0x865d, 0x865d, 0x865d, 0x865d, 0x865d, 0x865d, 0x865d, 0x865d, 0x865d, 0x865d,
0x865d, 0x865d, 0x865d, 0x865d, 0x865d, 0x865d, 0x865d, 0x865d, 0x865d, 0x865d, 0x865d, 0x865d, 0x865d, 0x865d, 0x865d, 0x865d,
0x865d, 0x865d, 0x865d, 0x865d, 0x865d, 0x865d, 0x865d, 0x865d, 0x865d, 0x865d, 0x865d, 0x865d, 0x865d, 0x865d, 0x865d, 0x865d,
0x865d, 0x865d, 0x865d, 0x865d, 0x865d, 0x865d, 0x865d, 0x865d, 0x865d, 0x865d, 0x865d, 0x865d, 0x865d, 0x865d, 0x865d, 0x865d,
0x865d, 0x865d, 0x865d, 0x865d, 0x865d, 0x865d, 0x865d, 0x865d, 0x865d, 0x865d, 0x865d, 0x865d, 0x865d, 0x865d, 0x865d, 0x865d,
0x865d, 0x865d, 0x865d, 0x865d, 0x865d, 0x865d, 0x865d, 0x865d, 0x865d, 0x865d, 0x865d, 0x865d, 0x865d, 0x865d, 0x865d, 0x865d,
0x865d, 0x865d, 0x865d, 0x865d, 0x865d, 0x865d, 0x865d, 0x865d, 0x865d, 0x865d, 0x865d, 0x865d, 0x865d, 0x865d, 0x865d, 0x865d,
0x865d, 0x865d, 0x865d, 0x865d, 0x865d, 0x865d, 0x865d, 0x865d, 0x865d, 0x865d, 0x865d, 0x865d, 0x865d, 0x865d, 0x865d, 0x865d,
0x865d, 0x865d, 0x865d, 0x865d, 0x865d, 0x865d, 0x865d, 0x865d, 0x865d, 0x865d, 0x865d, 0x865d, 0x865d, 0x865d, 0x865d, 0x865d,
0x865d, 0x865d, 0x865d, 0x865d, 0x865d, 0x865d, 0x865d, 0x865d, 0x865d, 0x865d, 0x865d, 0x865d, 0x865d, 0x865d, 0x865d, 0x865d,
0x865d, 0x865d, 0x865d, 0x865d, 0x865d, 0x865d, 0x865d, 0x865d, 0x865d, 0x865d, 0x865d, 0x865d, 0x865d, 0x865d, 0x865d, 0x865d,
0x865d, 0x865d, 0x865d, 0x865d, 0x865d, 0x865d, 0x865d, 0x865d, 0x865d, 0x865d, 0x865d, 0x865d, 0x865d, 0x865d, 0x865d, 0x865d,
0x865d, 0x865d, 0x865d, 0x865d, 0x865d, 0x865d, 0x865d, 0x865d, 0x865d, 0x865d, 0x865d, 0x865d, 0x865d, 0x865d, 0x865d, 0x865d,
0x865d, 0x865d, 0x865d, 0x865d, 0x865d, 0x865d, 0x865d, 0x865d, 0x865d, 0x865d, 0x865d, 0x865d, 0x865d, 0x865d, 0x865d, 0x865d,
0x865d, 0x865d, 0x865d, 0x865d, 0x865d, 0x865d, 0x865d, 0x865d, 0x865d, 0x865d, 0x865d, 0x865d, 0x865d, 0x865d, 0x865d, 0x865d,
0x865d, 0x865d, 0x865d, 0x865d, 0x865d, 0x865d, 0x865d, 0x865d, 0x865d, 0x865d, 0x865d, 0x865d, 0x865d, 0x865d, 0x865d, 0x865d,
0x865d, 0x865d, 0x865d, 0x865d, 0x865d, 0x865d, 0x865d, 0x865d, 0x865d, 0x865d, 0x865d, 0x865d, 0x865d, 0x865d, 0x865d, 0x865d,
0x865d, 0x865d, 0x865d, 0x865d, 0x865d, 0x865d, 0x865d, 0x865d, 0x865d, 0x865d, 0x865d, 0x865d, 0x865d, 0x865d, 0x865d, 0x865d,
0x865d, 0x865d, 0x865d, 0x865d, 0x865d, 0x865d, 0x865d, 0x865d, 0x865d, 0x865d, 0x865d, 0x865d, 0x865d, 0x865d, 0x865d, 0x865d,
0x865d, 0x865d, 0x865d, 0x865d, 0x865d, 0x865d, 0x865d, 0x865d, 0x865d, 0x865d, 0x865d, 0x865d, 0x865d, 0x865d, 0x865d, 0x865d,
0x865d, 0x865d, 0x865d, 0x865d, 0x865d, 0x865d, 0x865d, 0x865d, 0x865d, 0x865d, 0x865d, 0x865d, 0x865d, 0x865d, 0x865d, 0x865d,
0x865d, 0x865d, 0x865d, 0x865d, 0x865d, 0x865d, 0x865d, 0x865d, 0x865d, 0x865d, 0x865d, 0x865d, 0x865d, 0x865d, 0x865d, 0x865d,

/* -23- */
0x865d, 0x865d, 0x865d, 0x865d, 0x865d, 0x865d, 0x865d, 0x865d, 0x865d, 0x865d, 0x865d, 0x865d, 0x865d, 0x865d, 0x865d, 0x865d,
0x865d, 0x865d, 0x865d, 0x865d, 0x865d, 0x865d, 0x865d, 0x865d, 0x865d, 0x865d, 0x865d, 0x865d, 0x865d, 0x865d, 0x865d, 0x865d,
0x865d, 0x865d, 0x865d, 0x865d, 0x865d, 0x865d, 0x865d, 0x865d, 0x865d, 0x865d, 0x865d, 0x865d, 0x865d, 0x865d, 0x865d, 0x865d,
0x865d, 0x865d, 0x865d, 0x865d, 0x865d, 0x865d, 0x865d, 0x865d, 0x865d, 0x865d, 0x865d, 0x865d, 0x865d, 0x865d, 0x865d, 0x865d,
0x865d, 0x865d, 0x865d, 0x865d, 0x865d, 0x865d, 0x865d, 0x865d, 0x865d, 0x865d, 0x865d, 0x865d, 0x865d, 0x865d, 0x865d, 0x865d,
0x865d, 0x865d, 0x865d, 0x865d, 0x865d, 0x865d, 0x865d, 0x865d, 0x865d, 0x865d, 0x865d, 0x865d, 0x865d, 0x865d, 0x865d, 0x865d,
0x865d, 0x865d, 0x865d, 0x865d, 0x865d, 0x865d, 0x865d, 0x865d, 0x865d, 0x865d, 0x865d, 0x865d, 0x865d, 0x865d, 0x865d, 0x865d,
0x865d, 0x865d, 0x865d, 0x865d, 0x865d, 0x865d, 0x865d, 0x865d, 0x865d, 0x865d, 0x865d, 0x865d, 0x865d, 0x865d, 0x865d, 0x865d,
0x865d, 0x865d, 0x865d, 0x865d, 0x865d, 0x865d, 0x865d, 0x865d, 0x865d, 0x865d, 0x865d, 0x865d, 0x865d, 0x865d, 0x865d, 0x865d,
0x865d, 0x865d, 0x865d, 0x865d, 0x865d, 0x865d, 0x865d, 0x865d, 0x865d, 0x865d, 0x865d, 0x865d, 0x865d, 0x865d, 0x865d, 0x865d,
0x865d, 0x865d, 0x865d, 0x865d, 0x865d, 0x865d, 0x865d, 0x865d, 0x865d, 0x865d, 0x865d, 0x865d, 0x865d, 0x865d, 0x865d, 0x865d,
0x865d, 0x865d, 0x865d, 0x865d, 0x865d, 0x865d, 0x865d, 0x865d, 0x865d, 0x865d, 0x865d, 0x865d, 0x865d, 0x865d, 0x865d, 0x865d,
0x865d, 0x865d, 0x865d, 0x865d, 0x865d, 0x865d, 0x865d, 0x865d, 0x865d, 0x865d, 0x865d, 0x865d, 0x865d, 0x865d, 0x865d, 0x865d,
0x865d, 0x865d, 0x865d, 0x865d, 0x865d, 0x865d, 0x865d, 0x865d, 0x865d, 0x865d, 0x865d, 0x865d, 0x865d, 0x865d, 0x865d, 0x865d,
0x865d, 0x865d, 0x865d, 0x865d, 0x865d, 0x865d, 0x865d, 0x865d, 0x865d, 0x865d, 0x865d, 0x865d, 0x865d, 0x865d, 0x865d, 0x865d,
0x865d, 0x865d, 0x865d, 0x865d, 0x865d, 0x865d, 0x865d, 0x865d, 0x865d, 0x865d, 0x865d, 0x865d, 0x865d, 0x865d, 0x865d, 0x865d,
0x865d, 0x865d, 0x865d, 0x865d, 0x865d, 0x865d, 0x865d, 0x865d, 0x865d, 0x865d, 0x865d, 0x865d, 0x865d, 0x865d, 0x865d, 0x865d,
0x865d, 0x865d, 0x865d, 0x865d, 0x865d, 0x865d, 0x865d, 0x865d, 0x865d, 0x865d, 0x865d, 0x865d, 0x865d, 0x865d, 0x865d, 0x865d,
0x865d, 0x865d, 0x865d, 0x865d, 0x865d, 0x865d, 0x865d, 0x865d, 0x865d, 0x865d, 0x865d, 0x865d, 0x865d, 0x865d, 0x865d, 0x865d,
0x865d, 0x865d, 0x865d, 0x865d, 0x865d, 0x865d, 0x865d, 0x865d, 0x865d, 0x865d, 0x865d, 0x865d, 0x865d, 0x865d, 0x865d, 0x867d,
0xaefd, 0xbf3e, 0xb71e, 0x867d, 0x865d, 0x865d, 0x865d, 0x865d, 0x865d, 0x865d, 0x865d, 0x865d, 0x865d, 0x865d, 0x865d, 0x865d,
0x865d, 0x865d, 0x865d, 0x865d, 0x865d, 0x865d, 0x865d, 0x865d, 0x865d, 0x865d, 0x865d, 0x865d, 0x865d, 0x865d, 0x865d, 0x865d,
0x865d, 0x865d, 0x865d, 0x865d, 0x865d, 0x865d, 0x865d, 0x865d, 0x865d, 0x865d, 0x865d, 0x865d, 0x865d, 0x865d, 0x865d, 0x865d,
0x865d, 0x865d, 0x865d, 0x865d, 0x865d, 0x865d, 0x865d, 0x865d, 0x865d, 0x865d, 0x865d, 0x867d, 0xaefe, 0xbf3e, 0xbf1e, 0xbf3e,
0xb71e, 0x867d, 0x865d, 0x865d, 0x865d, 0x865d, 0x865d, 0x865d, 0x865d, 0x865d, 0x865d, 0x865d, 0x865d, 0x865d, 0x865d, 0x865d,
0x865d, 0x865d, 0x865d, 0x865d, 0x865d, 0x865d, 0x865d, 0x865d, 0x865d, 0x865d, 0x865d, 0x865d, 0x865d, 0x865d, 0x865d, 0x865d,
0x865d, 0x865d, 0x865d, 0x865d, 0x865d, 0x865d, 0x865d, 0x865d, 0x865d, 0x865d, 0x865d, 0x865d, 0x865d, 0x865d, 0x865d, 0x865d,
0x865d, 0x865d, 0x865d, 0x865d, 0x865d, 0x865d, 0x865d, 0x865d, 0x865d, 0x865d, 0x865d, 0x865d, 0x865d, 0x865d, 0x865d, 0x865d,
0x865d, 0x865d, 0x865d, 0x865d, 0x865d, 0x865d, 0x865d, 0x865d, 0x865d, 0x865d, 0x865d, 0x865d, 0x865d, 0x865d, 0x865d, 0x865d,
0x865d, 0x865d, 0x865d, 0x865d, 0x865d, 0x865d, 0x865d, 0x865d, 0x865d, 0x865d, 0x865d, 0x865d, 0x865d, 0x865d, 0x865d, 0x865d,
0x865d, 0x865d, 0x865d, 0x865d, 0x865d, 0x865d, 0x865d, 0x865d, 0x865d, 0x865d, 0x865d, 0x865d, 0x865d, 0x865d, 0x865d, 0x865d,
0x865d, 0x865d, 0x865d, 0x865d, 0x865d, 0x865d, 0x865d, 0x865d, 0x865d, 0x865d, 0x865d, 0x865d, 0x865d, 0x865d, 0x865d, 0x865d,
0x865d, 0x865d, 0x865d, 0x865d, 0x865d, 0x865d, 0x865d, 0x865d, 0x865d, 0x865d, 0x865d, 0x865d, 0x865d, 0x865d, 0x865d, 0x865d,
0x865d, 0x865d, 0x865d, 0x865d, 0x865d, 0x865d, 0x865d, 0x865d, 0x865d, 0x865d, 0x865d, 0x865d, 0x865d, 0x865d, 0x865d, 0x865d,
0x865d, 0x865d, 0x865d, 0x865d, 0x865d, 0x865d, 0x865d, 0x865d, 0x865d, 0x865d, 0x865d, 0x865d, 0x865d, 0x865d, 0x865d, 0x865d,
0x865d, 0x865d, 0x865d, 0x865d, 0x865d, 0x865d, 0x865d, 0x865d, 0x865d, 0x865d, 0x865d, 0x865d, 0x865d, 0x865d, 0x865d, 0x865d,
0x865d, 0x865d, 0x865d, 0x865d, 0x865d, 0x865d, 0x865d, 0x865d, 0x865d, 0x865d, 0x865d, 0x865d, 0x865d, 0x865d, 0x865d, 0x865d,
0x865d, 0x865d, 0x865d, 0x865d, 0x865d, 0x865d, 0x865d, 0x865d, 0x865d, 0x865d, 0x865d, 0x865d, 0x865d, 0x865d, 0x865d, 0x865d,
0x865d, 0x865d, 0x865d, 0x865d, 0x865d, 0x865d, 0x865d, 0x865d, 0x865d, 0x865d, 0x865d, 0x865d, 0x865d, 0x865d, 0x865d, 0x865d,
0x865d, 0x865d, 0x865d, 0x865d, 0x865d, 0x865d, 0x865d, 0x865d, 0x865d, 0x865d, 0x865d, 0x865d, 0x865d, 0x865d, 0x865d, 0x865d,
0x865d, 0x865d, 0x865d, 0x865d, 0x865d, 0x865d, 0x865d, 0x865d, 0x865d, 0x865d, 0x865d, 0x865d, 0x865d, 0x865d, 0x865d, 0x865d,
0x865d, 0x865d, 0x865d, 0x865d, 0x865d, 0x865d, 0x865d, 0x865d, 0x865d, 0x865d, 0x865d, 0x865d, 0x865d, 0x865d, 0x865d, 0x865d,
0x865d, 0x865d, 0x865d, 0x865d, 0x865d, 0x865d, 0x865d, 0x865d, 0x865d, 0x865d, 0x865d, 0x865d, 0x865d, 0x865d, 0x865d, 0x865d,
0x865d, 0x865d, 0x865d, 0x865d, 0x865d, 0x865d, 0x865d, 0x865d, 0x865d, 0x865d, 0x865d, 0x865d, 0x865d, 0x865d, 0x865d, 0x865d,
0x865d, 0x865d, 0x865d, 0x865d, 0x865d, 0x865d, 0x865d, 0x865d, 0x865d, 0x865d, 0x865d, 0x865d, 0x865d, 0x865d, 0x865d, 0x865d,
0x865d, 0x865d, 0x865d, 0x865d, 0x865d, 0x865d, 0x865d, 0x865d, 0x865d, 0x865d, 0x865d, 0x865d, 0x865d, 0x865d, 0x865d, 0x865d,
0x865d, 0x865d, 0x865d, 0x865d, 0x865d, 0x865d, 0x865d, 0x865d, 0x865d, 0x865d, 0x865d, 0x865d, 0x865d, 0x865d, 0x865d, 0x865d,
0x865d, 0x865d, 0x865d, 0x865d, 0x865d, 0x865d, 0x865d, 0x865d, 0x865d, 0x865d, 0x865d, 0x865d, 0x865d, 0x865d, 0x865d, 0x865d,
0x865d, 0x865d, 0x865d, 0x865d, 0x865d, 0x865d, 0x865d, 0x865d, 0x865d, 0x865d, 0x865d, 0x865d, 0x865d, 0x865d, 0x865d, 0x865d,
0x865d, 0x865d, 0x865d, 0x865d, 0x865d, 0x865d, 0x865d, 0x865d, 0x865d, 0x865d, 0x865d, 0x865d, 0x865d, 0x865d, 0x865d, 0x865d,
0x865d, 0x865d, 0x865d, 0x865d, 0x865d, 0x865d, 0x865d, 0x865d, 0x865d, 0x865d, 0x865d, 0x865d, 0x865d, 0x865d, 0x865d, 0x865d,
0x865d, 0x865d, 0x865d, 0x865d, 0x865d, 0x865d, 0x865d, 0x865d, 0x865d, 0x865d, 0x865d, 0x865d, 0x865d, 0x865d, 0x865d, 0x865d,
0x865d, 0x865d, 0x865d, 0x865d, 0x865d, 0x865d, 0x865d, 0x865d, 0x865d, 0x865d, 0x865d, 0x865d, 0x865d, 0x865d, 0x865d, 0x865d,
0x865d, 0x865d, 0x865d, 0x865d, 0x865d, 0x865d, 0x865d, 0x865d, 0x865d, 0x865d, 0x865d, 0x865d, 0x865d, 0x865d, 0x865d, 0x865d,
0x865d, 0x865d, 0x865d, 0x865d, 0x865d, 0x865d, 0x865d, 0x865d, 0x865d, 0x865d, 0x865d, 0x865d, 0x865d, 0x865d, 0x865d, 0x865d,
0x865d, 0x865d, 0x865d, 0x865d, 0x865d, 0x865d, 0x865d, 0x865d, 0x865d, 0x865d, 0x865d, 0x865d, 0x865d, 0x865d, 0x865d, 0x865d,
0x865d, 0x865d, 0x865d, 0x865d, 0x865d, 0x865d, 0x865d, 0x865d, 0x865d, 0x865d, 0x865d, 0x865d, 0x865d, 0x865d, 0x865d, 0x865d,
0x865d, 0x865d, 0x865d, 0x865d, 0x865d, 0x865d, 0x865d, 0x865d, 0x865d, 0x865d, 0x865d, 0x865d, 0x865d, 0x865d, 0x865d, 0x865d,
0x865d, 0x865d, 0x865d, 0x865d, 0x865d, 0x865d, 0x865d, 0x865d, 0x865d, 0x865d, 0x865d, 0x865d, 0x865d, 0x865d, 0x865d, 0x865d,
0x865d, 0x865d, 0x865d, 0x865d, 0x865d, 0x865d, 0x865d, 0x865d, 0x865d, 0x865d, 0x865d, 0x865d, 0x865d, 0x865d, 0x865d, 0x865d,
0x865d, 0x865d, 0x865d, 0x865d, 0x865d, 0x865d, 0x865d, 0x865d, 0x865d, 0x865d, 0x865d, 0x865d, 0x865d, 0x865d, 0x865d, 0x865d,
0x865d, 0x865d, 0x865d, 0x865d, 0x865d, 0x865d, 0x865d, 0x865d, 0x865d, 0x865d, 0x865d, 0x865d, 0x865d, 0x865d, 0x865d, 0x865d,
0x865d, 0x865d, 0x865d, 0x865d, 0x865d, 0x865d, 0x865d, 0x865d, 0x865d, 0x865d, 0x865d, 0x865d, 0x865d, 0x865d, 0x865d, 0x865d,
0x865d, 0x865d, 0x865d, 0x865d, 0x865d, 0x865d, 0x865d, 0x865d, 0x865d, 0x865d, 0x865d, 0x865d, 0x865d, 0x865d, 0x865d, 0x865d,
0x865d, 0x865d, 0x865d, 0x865d, 0x865d, 0x865d, 0x865d, 0x865d, 0x865d, 0x865d, 0x865d, 0x865d, 0x865d, 0x865d, 0x865d, 0x867d,

/* -24- */
0x865d, 0x865d, 0x865d, 0x865d, 0x865d, 0x865d, 0x865d, 0x865d, 0x865d, 0x865d, 0x865d, 0x865d, 0x865d, 0x865d, 0x865d, 0x865d,
0x865d, 0x865d, 0x865d, 0x865d, 0x865d, 0x865d, 0x865d, 0x865d, 0x865d, 0x865d, 0x865d, 0x865d, 0x865d, 0x865d, 0x865d, 0x865d,
0x865d, 0x865d, 0x865d, 0x865d, 0x865d, 0x865d, 0x865d, 0x865d, 0x865d, 0x865d, 0x865d, 0x865d, 0x865d, 0x865d, 0x865d, 0x865d,
0x865d, 0x865d, 0x865d, 0x865d, 0x865d, 0x865d, 0x865d, 0x865d, 0x865d, 0x865d, 0x865d, 0x865d, 0x865d, 0x865d, 0x865d, 0x865d,
0x865d, 0x865d, 0x865d, 0x865d, 0x865d, 0x865d, 0x865d, 0x865d, 0x865d, 0x865d, 0x865d, 0x865d, 0x865d, 0x865d, 0x865d, 0x865d,
0x865d, 0x865d, 0x865d, 0x865d, 0x865d, 0x865d, 0x865d, 0x865d, 0x865d, 0x865d, 0x865d, 0x865d, 0x865d, 0x865d, 0x865d, 0x865d,
0x865d, 0x865d, 0x865d, 0x865d, 0x865d, 0x865d, 0x865d, 0x865d, 0x865d, 0x865d, 0x865d, 0x865d, 0x865d, 0x865d, 0x865d, 0x865d,
0x865d, 0x865d, 0x865d, 0x865d, 0x865d, 0x865d, 0x865d, 0x865d, 0x865d, 0x865d, 0x865d, 0x865d, 0x865d, 0x865d, 0x865d, 0x865d,
0x865d, 0x865d, 0x865d, 0x865d, 0x865d, 0x865d, 0x865d, 0x865d, 0x865d, 0x865d, 0x865d, 0x865d, 0x865d, 0x865d, 0x865d, 0x865d,
0x865d, 0x865d, 0x865d, 0x865d, 0x865d, 0x865d, 0x865d, 0x865d, 0x865d, 0x865d, 0x865d, 0x865d, 0x865d, 0x865d, 0x865d, 0x865d,
0x865d, 0x865d, 0x865d, 0x865d, 0x865d, 0x865d, 0x865d, 0x865d, 0x865d, 0x865d, 0x865d, 0x865d, 0x865d, 0x865d, 0x865d, 0x865d,
0x865d, 0x865d, 0x865d, 0x865d, 0x865d, 0x865d, 0x865d, 0x865d, 0x865d, 0x865d, 0x865d, 0x865d, 0x865d, 0x865d, 0x865d, 0x865d,
0x865d, 0x865d, 0x865d, 0x865d, 0x865d, 0x865d, 0x865d, 0x865d, 0x865d, 0x865d, 0x865d, 0x865d, 0x865d, 0x865d, 0x865d, 0x865d,
0x865d, 0x865d, 0x865d, 0x865d, 0x865d, 0x865d, 0x865d, 0x865d, 0x865d, 0x865d, 0x865d, 0x865d, 0x865d, 0x865d, 0x865d, 0x865d,
0x865d, 0x865d, 0x865d, 0x865d, 0x865d, 0x865d, 0x865d, 0x865d, 0x865d, 0x865d, 0x865d, 0x865d, 0x865d, 0x865d, 0x865d, 0x865d,
0x865d, 0x865d, 0x865d, 0x865d, 0x865d, 0x865d, 0x865d, 0x865d, 0x865d, 0x865d, 0x865d, 0x865d, 0x865d, 0x865d, 0x865d, 0x865d,
0x865d, 0x865d, 0x865d, 0x865d, 0x865d, 0x865d, 0x865d, 0x865d, 0x865d, 0x865d, 0x865d, 0x865d, 0x865d, 0x865d, 0x865d, 0x865d,
0x865d, 0x865d, 0x865d, 0x865d, 0x865d, 0x865d, 0x865d, 0x865d, 0x865d, 0x865d, 0x865d, 0x865d, 0x865d, 0x865d, 0x865d, 0x865d,
0x865d, 0x865d, 0x865d, 0x865d, 0x865d, 0x865d, 0x865d, 0x865d, 0x865d, 0x865d, 0x865d, 0x865d, 0x865d, 0x865d, 0x865d, 0x865d,
0x865d, 0x865d, 0x865d, 0x865d, 0x865d, 0x865d, 0x865d, 0x865d, 0x865d, 0x865d, 0x865d, 0x865d, 0x865d, 0x865d, 0x867d, 0xb6fe,
0xc73e, 0xbf1e, 0xc73e, 0xb71e, 0x867d, 0x865d, 0x865d, 0x865d, 0x865d, 0x865d, 0x865d, 0x865d, 0x865d, 0x865d, 0x865d, 0x865d,
0x865d, 0x865d, 0x865d, 0x865d, 0x865d, 0x865d, 0x865d, 0x865d, 0x865d, 0x865d, 0x865d, 0x865d, 0x865d, 0x865d, 0x865d, 0x865d,
0x865d, 0x865d, 0x865d, 0x865d, 0x865d, 0x865d, 0x865d, 0x865d, 0x865d, 0x865d, 0x865d, 0x865d, 0x865d, 0x865d, 0x865d, 0x865d,
0x865d, 0x865d, 0x865d, 0x865d, 0x865d, 0x865d, 0x865d, 0x865d, 0x865d, 0x865d, 0x865d, 0xa6dd, 0xbf3e, 0xbf1e, 0xbf1e, 0xbf3e,
0xbf3e, 0xa6dd, 0x867d, 0x865d, 0x865d, 0x865d, 0x865d, 0x865d, 0x865d, 0x865d, 0x865d, 0x865d, 0x865d, 0x865d, 0x865d, 0x865d,
0x865d, 0x865d, 0x865d, 0x865d, 0x865d, 0x865d, 0x865d, 0x865d, 0x865d, 0x865d, 0x865d, 0x865d, 0x865d, 0x865d, 0x865d, 0x865d,
0x865d, 0x865d, 0x865d, 0x865d, 0x865d, 0x865d, 0x865d, 0x865d, 0x865d, 0x865d, 0x865d, 0x865d, 0x865d, 0x865d, 0x865d, 0x865d,
0x865d, 0x865d, 0x865d, 0x865d, 0x865d, 0x865d, 0x865d, 0x865d, 0x865d, 0x865d, 0x865d, 0x865d, 0x865d, 0x865d, 0x865d, 0x865d,
0x865d, 0x865d, 0x865d, 0x865d, 0x865d, 0x865d, 0x865d, 0x865d, 0x865d, 0x865d, 0x865d, 0x865d, 0x865d, 0x865d, 0x865d, 0x865d,
0x865d, 0x865d, 0x865d, 0x865d, 0x865d, 0x865d, 0x865d, 0x865d, 0x865d, 0x865d, 0x865d, 0x865d, 0x865d, 0x865d, 0x865d, 0x865d,
0x865d, 0x865d, 0x865d, 0x865d, 0x865d, 0x865d, 0x865d, 0x865d, 0x865d, 0x865d, 0x865d, 0x865d, 0x865d, 0x865d, 0x865d, 0x865d,
0x865d, 0x865d, 0x865d, 0x865d, 0x865d, 0x865d, 0x865d, 0x865d, 0x865d, 0x865d, 0x865d, 0x865d, 0x865d, 0x865d, 0x865d, 0x865d,
0x865d, 0x865d, 0x865d, 0x865d, 0x865d, 0x865d, 0x865d, 0x865d, 0x865d, 0x865d, 0x865d, 0x865d, 0x865d, 0x865d, 0x865d, 0x865d,
0x865d, 0x865d, 0x865d, 0x865d, 0x865d, 0x865d, 0x865d, 0x865d, 0x865d, 0x865d, 0x865d, 0x865d, 0x865d, 0x865d, 0x865d, 0x865d,
0x865d, 0x865d, 0x865d, 0x865d, 0x865d, 0x865d, 0x865d, 0x865d, 0x865d, 0x865d, 0x865d, 0x865d, 0x865d, 0x865d, 0x865d, 0x865d,
0x865d, 0x865d, 0x865d, 0x865d, 0x865d, 0x865d, 0x865d, 0x865d, 0x865d, 0x865d, 0x865d, 0x865d, 0x865d, 0x865d, 0x865d, 0x865d,
0x865d, 0x865d, 0x865d, 0x865d, 0x865d, 0x865d, 0x865d, 0x865d, 0x865d, 0x865d, 0x865d, 0x865d, 0x865d, 0x865d, 0x865d, 0x865d,
0x865d, 0x865d, 0x865d, 0x865d, 0x865d, 0x865d, 0x865d, 0x865d, 0x865d, 0x865d, 0x865d, 0x865d, 0x865d, 0x865d, 0x865d, 0x865d,
0x865d, 0x865d, 0x865d, 0x865d, 0x865d, 0x865d, 0x865d, 0x865d, 0x865d, 0x865d, 0x865d, 0x865d, 0x865d, 0x865d, 0x865d, 0x865d,
0x865d, 0x865d, 0x865d, 0x865d, 0x865d, 0x865d, 0x865d, 0x865d, 0x865d, 0x865d, 0x865d, 0x865d, 0x865d, 0x865d, 0x865d, 0x865d,
0x865d, 0x865d, 0x865d, 0x865d, 0x865d, 0x865d, 0x865d, 0x865d, 0x865d, 0x865d, 0x865d, 0x865d, 0x865d, 0x865d, 0x865d, 0x865d,
0x865d, 0x865d, 0x865d, 0x865d, 0x865d, 0x865d, 0x865d, 0x865d, 0x865d, 0x865d, 0x865d, 0x865d, 0x865d, 0x865d, 0x865d, 0x865d,
0x865d, 0x865d, 0x865d, 0x865d, 0x865d, 0x865d, 0x865d, 0x865d, 0x865d, 0x865d, 0x865d, 0x865d, 0x865d, 0x865d, 0x865d, 0x865d,
0x865d, 0x865d, 0x865d, 0x865d, 0x865d, 0x865d, 0x865d, 0x865d, 0x865d, 0x865d, 0x865d, 0x865d, 0x865d, 0x865d, 0x865d, 0x865d,
0x865d, 0x865d, 0x865d, 0x865d, 0x865d, 0x865d, 0x865d, 0x865d, 0x865d, 0x865d, 0x865d, 0x865d, 0x865d, 0x865d, 0x865d, 0x865d,
0x865d, 0x865d, 0x865d, 0x865d, 0x865d, 0x865d, 0x865d, 0x865d, 0x865d, 0x865d, 0x865d, 0x865d, 0x865d, 0x865d, 0x865d, 0x865d,
0x865d, 0x865d, 0x865d, 0x865d, 0x865d, 0x865d, 0x865d, 0x865d, 0x865d, 0x865d, 0x865d, 0x865d, 0x865d, 0x865d, 0x865d, 0x865d,
0x865d, 0x865d, 0x865d, 0x865d, 0x865d, 0x865d, 0x865d, 0x865d, 0x865d, 0x865d, 0x865d, 0x865d, 0x865d, 0x865d, 0x865d, 0x865d,
0x865d, 0x865d, 0x865d, 0x865d, 0x865d, 0x865d, 0x865d, 0x865d, 0x865d, 0x865d, 0x865d, 0x865d, 0x865d, 0x865d, 0x865d, 0x865d,
0x865d, 0x865d, 0x865d, 0x865d, 0x865d, 0x865d, 0x865d, 0x865d, 0x865d, 0x865d, 0x865d, 0x865d, 0x865d, 0x865d, 0x865d, 0x865d,
0x865d, 0x865d, 0x865d, 0x865d, 0x865d, 0x865d, 0x865d, 0x865d, 0x865d, 0x865d, 0x865d, 0x865d, 0x865d, 0x865d, 0x865d, 0x865d,
0x865d, 0x865d, 0x865d, 0x865d, 0x865d, 0x865d, 0x865d, 0x865d, 0x865d, 0x865d, 0x865d, 0x865d, 0x865d, 0x865d, 0x865d, 0x865d,
0x865d, 0x865d, 0x865d, 0x865d, 0x865d, 0x865d, 0x865d, 0x865d, 0x865d, 0x865d, 0x865d, 0x865d, 0x865d, 0x865d, 0x865d, 0x865d,
0x865d, 0x865d, 0x865d, 0x865d, 0x865d, 0x865d, 0x865d, 0x865d, 0x865d, 0x865d, 0x865d, 0x865d, 0x865d, 0x865d, 0x865d, 0x865d,
0x865d, 0x865d, 0x865d, 0x865d, 0x865d, 0x865d, 0x865d, 0x865d, 0x865d, 0x865d, 0x865d, 0x865d, 0x865d, 0x865d, 0x865d, 0x865d,
0x865d, 0x865d, 0x865d, 0x865d, 0x865d, 0x865d, 0x865d, 0x865d, 0x865d, 0x865d, 0x865d, 0x865d, 0x865d, 0x865d, 0x865d, 0x865d,
0x865d, 0x865d, 0x865d, 0x865d, 0x865d, 0x865d, 0x865d, 0x865d, 0x865d, 0x865d, 0x865d, 0x865d, 0x865d, 0x865d, 0x865d, 0x865d,
0x865d, 0x865d, 0x865d, 0x865d, 0x865d, 0x865d, 0x865d, 0x865d, 0x865d, 0x865d, 0x865d, 0x865d, 0x865d, 0x865d, 0x865d, 0x865d,
0x865d, 0x865d, 0x865d, 0x865d, 0x865d, 0x865d, 0x865d, 0x865d, 0x865d, 0x865d, 0x865d, 0x865d, 0x865d, 0x865d, 0x865d, 0x865d,
0x865d, 0x865d, 0x865d, 0x865d, 0x865d, 0x865d, 0x865d, 0x865d, 0x865d, 0x865d, 0x865d, 0x865d, 0x865d, 0x865d, 0x865d, 0x865d,
0x865d, 0x865d, 0x865d, 0x865d, 0x865d, 0x865d, 0x865d, 0x865d, 0x865d, 0x865d, 0x865d, 0x865d, 0x865d, 0x865d, 0x865d, 0x865d,
0x865d, 0x865d, 0x865d, 0x865d, 0x865d, 0x865d, 0x865d, 0x865d, 0x865d, 0x865d, 0x865d, 0x865d, 0x865d, 0x865d, 0x865d, 0x865d,
0x865d, 0x865d, 0x865d, 0x865d, 0x865d, 0x865d, 0x865d, 0x865d, 0x865d, 0x865d, 0x865d, 0x865d, 0x865d, 0x865d, 0x865d, 0x865d,
0x865d, 0x865d, 0x865d, 0x865d, 0x865d, 0x865d, 0x865d, 0x865d, 0x865d, 0x865d, 0x865d, 0x865d, 0x865d, 0x865d, 0x865d, 0x865d,
0x865d, 0x865d, 0x865d, 0x865d, 0x865d, 0x865d, 0x865d, 0x865d, 0x865d, 0x865d, 0x865d, 0x865d, 0x865d, 0x865d, 0x867d, 0xb6fe,

/* -25- */
0x865d, 0x865d, 0x865d, 0x865d, 0x865d, 0x865d, 0x865d, 0x865d, 0x865d, 0x865d, 0x865d, 0x865d, 0x865d, 0x865d, 0x865d, 0x865d,
0x865d, 0x865d, 0x865d, 0x865d, 0x865d, 0x865d, 0x865d, 0x865d, 0x865d, 0x865d, 0x865d, 0x865d, 0x865d, 0x865d, 0x865d, 0x865d,
0x865d, 0x865d, 0x865d, 0x865d, 0x865d, 0x865d, 0x865d, 0x865d, 0x865d, 0x865d, 0x865d, 0x865d, 0x865d, 0x865d, 0x865d, 0x865d,
0x865d, 0x865d, 0x865d, 0x865d, 0x865d, 0x865d, 0x865d, 0x865d, 0x865d, 0x865d, 0x865d, 0x865d, 0x865d, 0x865d, 0x865d, 0x865d,
0x865d, 0x865d, 0x865d, 0x865d, 0x865d, 0x865d, 0x865d, 0x865d, 0x865d, 0x865d, 0x865d, 0x865d, 0x865d, 0x865d, 0x865d, 0x865d,
0x865d, 0x865d, 0x865d, 0x865d, 0x865d, 0x865d, 0x865d, 0x865d, 0x865d, 0x865d, 0x865d, 0x865d, 0x865d, 0x865d, 0x865d, 0x865d,
0x865d, 0x865d, 0x865d, 0x865d, 0x865d, 0x865d, 0x865d, 0x865d, 0x865d, 0x865d, 0x865d, 0x865d, 0x865d, 0x865d, 0x865d, 0x865d,
0x865d, 0x865d, 0x865d, 0x865d, 0x865d, 0x865d, 0x865d, 0x865d, 0x865d, 0x865d, 0x865d, 0x865d, 0x865d, 0x865d, 0x865d, 0x865d,
0x865d, 0x865d, 0x865d, 0x865d, 0x865d, 0x865d, 0x865d, 0x865d, 0x865d, 0x865d, 0x865d, 0x865d, 0x865d, 0x865d, 0x865d, 0x865d,
0x865d, 0x865d, 0x865d, 0x865d, 0x865d, 0x865d, 0x865d, 0x865d, 0x865d, 0x865d, 0x865d, 0x865d, 0x865d, 0x865d, 0x865d, 0x865d,
0x865d, 0x865d, 0x96bd, 0xb71e, 0xd77f, 0xd77e, 0xd77f, 0xa6de, 0x865d, 0x865d, 0x865d, 0x865d, 0x865d, 0x865d, 0x865d, 0x865d,
0x865d, 0x865d, 0x865d, 0x865d, 0x865d, 0x865d, 0x865d, 0x865d, 0x865d, 0x865d, 0x865d, 0x865d, 0x865d, 0x865d, 0x865d, 0x865d,
0x865d, 0x865d, 0x865d, 0x865d, 0x865d, 0x865d, 0x865d, 0x865d, 0x865d, 0x865d, 0x865d, 0x865d, 0x865d, 0x865d, 0x865d, 0x865d,
0x865d, 0x865d, 0x865d, 0x865d, 0x865d, 0x865d, 0x865d, 0x865d, 0x865d, 0x865d, 0x865d, 0x865d, 0x865d, 0x865d, 0x865d, 0x865d,
0x865d, 0x865d, 0x865d, 0x865d, 0x865d, 0x865d, 0x865d, 0x865d, 0x865d, 0x865d, 0x865d, 0x865d, 0x865d, 0x865d, 0x865d, 0x865d,
0x865d, 0x865d, 0x865d, 0x865d, 0x865d, 0x865d, 0x865d, 0x865d, 0x865d, 0x865d, 0x865d, 0x865d, 0x865d, 0x865d, 0x865d, 0x865d,
0x865d, 0x865d, 0x865d, 0x865d, 0x865d, 0x865d, 0x865d, 0x865d, 0x865d, 0x865d, 0x865d, 0x865d, 0x865d, 0x865d, 0x865d, 0x865d,
0x865d, 0x865d, 0x865d, 0x865d, 0x865d, 0x865d, 0x865d, 0x865d, 0x865d, 0x865d, 0x865d, 0x865d, 0x865d, 0x865d, 0x865d, 0x865d,
0x865d, 0x865d, 0x865d, 0x865d, 0x865d, 0x865d, 0x865d, 0x865d, 0x865d, 0x865d, 0x865d, 0x865d, 0x865d, 0x865d, 0x865d, 0x865d,
0x865d, 0x865d, 0x865d, 0x865d, 0x865d, 0x865d, 0x865d, 0x865d, 0x865d, 0x865d, 0x865d, 0x865d, 0x865d, 0x865d, 0xa6dd, 0xc73e,
0xbf3e, 0xbf3e, 0xbf3e, 0xc73e, 0xa6dd, 0x867d, 0x865d, 0x865d, 0x865d, 0x865d, 0x865d, 0x865d, 0x865d, 0x865d, 0x865d, 0x865d,
0x865d, 0x865d, 0x865d, 0x865d, 0x865d, 0x865d, 0x865d, 0x865d, 0x865d, 0x865d, 0x865d, 0x865d, 0x865d, 0x865d, 0x865d, 0x865d,
0x865d, 0x865d, 0x865d, 0x865d, 0x865d, 0x865d, 0x865d, 0x865d, 0x865d, 0x865d, 0x865d, 0x865d, 0x865d, 0x865d, 0x865d, 0x865d,
0x865d, 0x865d, 0x865d, 0x865d, 0x865d, 0x865d, 0x865d, 0x865d, 0x865d, 0x865d, 0x9ebe, 0xc73e, 0xcf5e, 0xcf5e, 0xc73e, 0xbf1e,
0xb71e, 0xbf3e, 0xa6dd, 0x867d, 0xaefe, 0xaefe, 0x8e9d, 0x865d, 0x865d, 0x865d, 0x865d, 0x865d, 0x865d, 0x865d, 0x865d, 0x865d,
0x865d, 0x865d, 0x865d, 0x865d, 0x865d, 0x865d, 0x865d, 0x865d, 0x865d, 0x865d, 0x865d, 0x865d, 0x865d, 0x865d, 0x865d, 0x865d,
0x865d, 0x865d, 0x865d, 0x865d, 0x865d, 0x865d, 0x865d, 0x865d, 0x865d, 0x865d, 0x865d, 0x865d, 0x865d, 0x865d, 0x865d, 0x865d,
0x865d, 0x865d, 0x865d, 0x865d, 0x865d, 0x865d, 0x865d, 0x865d, 0x865d, 0x865d, 0x865d, 0x865d, 0x865d, 0x865d, 0x865d, 0x865d,
0x865d, 0x865d, 0x865d, 0x865d, 0x865d, 0x865d, 0x865d, 0x865d, 0x865d, 0x865d, 0x865d, 0x865d, 0x865d, 0x865d, 0x865d, 0x865d,
0x865d, 0x865d, 0x865d, 0x865d, 0x865d, 0x865d, 0x865d, 0x865d, 0x865d, 0x865d, 0x865d, 0x865d, 0x865d, 0x865d, 0x865d, 0x865d,
0x865d, 0x865d, 0x865d, 0x865d, 0x865d, 0x865d, 0x865d, 0x865d, 0x865d, 0x865d, 0x865d, 0x865d, 0x865d, 0x865d, 0x865d, 0x865d,
0x865d, 0x865d, 0x865d, 0x865d, 0x865d, 0x865d, 0x865d, 0x865d, 0x865d, 0x865d, 0x865d, 0x865d, 0x865d, 0x865d, 0x865d, 0x865d,
0x865d, 0x865d, 0x865d, 0x865d, 0x865d, 0x865d, 0x865d, 0x865d, 0x865d, 0x865d, 0x865d, 0x865d, 0x865d, 0x865d, 0x865d, 0x865d,
0x865d, 0x865d, 0x865d, 0x865d, 0x865d, 0x865d, 0x865d, 0x865d, 0x865d, 0x865d, 0x865d, 0x865d, 0x865d, 0x865d, 0x865d, 0x865d,
0x865d, 0x865d, 0x865d, 0x865d, 0x865d, 0x865d, 0x865d, 0x865d, 0x865d, 0x865d, 0x865d, 0x865d, 0x865d, 0x865d, 0x865d, 0x865d,
0x865d, 0x865d, 0x865d, 0x865d, 0x865d, 0x865d, 0x865d, 0x865d, 0x865d, 0x865d, 0x865d, 0x865d, 0x865d, 0x865d, 0x865d, 0x865d,
0x865d, 0x865d, 0x865d, 0x865d, 0x865d, 0x865d, 0x865d, 0x865d, 0x865d, 0x865d, 0x865d, 0x865d, 0x865d, 0x865d, 0x865d, 0x865d,
0x865d, 0x865d, 0x865d, 0x865d, 0x865d, 0x865d, 0x865d, 0x865d, 0x865d, 0x865d, 0x865d, 0x865d, 0x865d, 0x865d, 0x865d, 0x865d,
0x865d, 0x865d, 0x865d, 0x865d, 0x865d, 0x865d, 0x865d, 0x865d, 0x865d, 0x865d, 0x865d, 0x865d, 0x865d, 0x865d, 0x865d, 0x865d,
0x865d, 0x865d, 0x865d, 0x865d, 0x865d, 0x865d, 0x865d, 0x865d, 0x865d, 0x865d, 0x865d, 0x865d, 0x865d, 0x865d, 0x865d, 0x865d,
0x865d, 0x865d, 0x865d, 0x865d, 0x865d, 0x865d, 0x865d, 0x865d, 0x865d, 0x865d, 0x865d, 0x865d, 0x865d, 0x865d, 0x865d, 0x865d,
0x865d, 0x865d, 0x865d, 0x865d, 0x865d, 0x865d, 0x865d, 0x865d, 0x865d, 0x865d, 0x865d, 0x865d, 0x865d, 0x865d, 0x865d, 0x865d,
0x865d, 0x865d, 0x865d, 0x865d, 0x865d, 0x865d, 0x865d, 0x865d, 0x865d, 0x865d, 0x865d, 0x865d, 0x865d, 0x865d, 0x865d, 0x865d,
0x865d, 0x865d, 0x865d, 0x865d, 0x865d, 0x865d, 0x865d, 0x865d, 0x865d, 0x865d, 0x865d, 0x865d, 0x865d, 0x865d, 0x865d, 0x865d,
0x865d, 0x865d, 0x865d, 0x865d, 0x865d, 0x865d, 0x865d, 0x865d, 0x865d, 0x865d, 0x865d, 0x865d, 0x865d, 0x865d, 0x865d, 0x865d,
0x865d, 0x865d, 0x865d, 0x865d, 0x865d, 0x865d, 0x865d, 0x865d, 0x865d, 0x865d, 0x865d, 0x865d, 0x865d, 0x865d, 0x865d, 0x865d,
0x865d, 0x865d, 0x865d, 0x865d, 0x865d, 0x865d, 0x865d, 0x865d, 0x865d, 0x865d, 0x865d, 0x865d, 0x865d, 0x865d, 0x865d, 0x865d,
0x865d, 0x865d, 0x865d, 0x865d, 0x865d, 0x865d, 0x865d, 0x865d, 0x865d, 0x865d, 0x865d, 0x865d, 0x865d, 0x865d, 0x865d, 0x865d,
0x865d, 0x865d, 0x865d, 0x865d, 0x865d, 0x865d, 0x865d, 0x865d, 0x865d, 0x865d, 0x865d, 0x865d, 0x865d, 0x865d, 0x865d, 0x865d,
0x865d, 0x865d, 0x865d, 0x865d, 0x865d, 0x865d, 0x865d, 0x865d, 0x865d, 0x865d, 0x865d, 0x865d, 0x865d, 0x865d, 0x865d, 0x865d,
0x865d, 0x865d, 0x865d, 0x865d, 0x865d, 0x865d, 0x865d, 0x865d, 0x865d, 0x865d, 0x865d, 0x865d, 0x865d, 0x865d, 0x865d, 0x865d,
0x865d, 0x865d, 0x865d, 0x865d, 0x865d, 0x865d, 0x865d, 0x865d, 0x865d, 0x865d, 0x865d, 0x865d, 0x865d, 0x865d, 0x865d, 0x865d,
0x865d, 0x865d, 0x865d, 0x865d, 0x865d, 0x865d, 0x865d, 0x865d, 0x865d, 0x865d, 0x865d, 0x865d, 0x865d, 0x865d, 0x865d, 0x865d,
0x865d, 0x865d, 0x865d, 0x865d, 0x865d, 0x865d, 0x865d, 0x865d, 0x865d, 0x865d, 0x865d, 0x865d, 0x865d, 0x865d, 0x865d, 0x865d,
0x865d, 0x865d, 0x865d, 0x865d, 0x865d, 0x865d, 0x865d, 0x865d, 0x865d, 0x865d, 0x865d, 0x865d, 0x865d, 0x865d, 0x865d, 0x865d,
0x865d, 0x865d, 0x96bd, 0xb71e, 0xd77f, 0xd77e, 0xd77f, 0xa6de, 0x865d, 0x865d, 0x865d, 0x865d, 0x865d, 0x865d, 0x865d, 0x865d,
0x865d, 0x865d, 0x865d, 0x865d, 0x865d, 0x865d, 0x865d, 0x865d, 0x865d, 0x865d, 0x865d, 0x865d, 0x865d, 0x865d, 0x865d, 0x865d,
0x865d, 0x865d, 0x865d, 0x865d, 0x865d, 0x865d, 0x865d, 0x865d, 0x865d, 0x865d, 0x865d, 0x865d, 0x865d, 0x865d, 0x865d, 0x865d,
0x865d, 0x865d, 0x865d, 0x865d, 0x865d, 0x865d, 0x865d, 0x865d, 0x865d, 0x865d, 0x865d, 0x865d, 0x865d, 0x865d, 0x865d, 0x865d,
0x865d, 0x865d, 0x865d, 0x865d, 0x865d, 0x865d, 0x865d, 0x865d, 0x865d, 0x865d, 0x865d, 0x865d, 0x865d, 0x865d, 0x865d, 0x865d,
0x865d, 0x865d, 0x865d, 0x865d, 0x865d, 0x865d, 0x865d, 0x865d, 0x865d, 0x865d, 0x865d, 0x865d, 0x865d, 0x865d, 0x865d, 0x865d,
0x865d, 0x865d, 0x865d, 0x865d, 0x865d, 0x865d, 0x865d, 0x865d, 0x865d, 0x865d, 0x865d, 0x865d, 0x865d, 0x865d, 0x865d, 0x865d,
0x865d, 0x865d, 0x865d, 0x865d, 0x865d, 0x865d, 0x865d, 0x865d, 0x865d, 0x865d, 0x865d, 0x865d, 0x865d, 0x865d, 0x865d, 0x865d,
0x865d, 0x865d, 0x865d, 0x865d, 0x865d, 0x865d, 0x865d, 0x865d, 0x865d, 0x865d, 0x865d, 0x865d, 0x865d, 0x865d, 0x865d, 0x865d,
0x865d, 0x865d, 0x865d, 0x865d, 0x865d, 0x865d, 0x865d, 0x865d, 0x865d, 0x865d, 0x865d, 0x865d, 0x865d, 0x865d, 0xa6dd, 0xc73e,

/* -26- */
0x865d, 0x865d, 0x865d, 0x865d, 0x865d, 0x865d, 0x865d, 0x865d, 0x865d, 0x865d, 0x865d, 0x865d, 0x865d, 0x865d, 0x865d, 0x865d,
0x865d, 0x865d, 0x865d, 0x865d, 0x865d, 0x865d, 0x865d, 0x865d, 0x865d, 0x865d, 0x865d, 0x865d, 0x865d, 0x865d, 0x865d, 0x865d,
0x865d, 0x865d, 0x865d, 0x865d, 0x865d, 0x865d, 0x865d, 0x865d, 0x865d, 0x865d, 0x865d, 0x865d, 0x865d, 0x865d, 0x865d, 0x865d,
0x865d, 0x865d, 0x865d, 0x865d, 0x865d, 0x865d, 0x865d, 0x865d, 0x865d, 0x865d, 0x865d, 0x865d, 0x865d, 0x865d, 0x865d, 0x865d,
0x865d, 0x865d, 0x865d, 0x865d, 0x865d, 0x867d, 0xc73e, 0xdf9f, 0xdf9f, 0xb71e, 0x867d, 0x865d, 0x865d, 0x865d, 0x865d, 0x865d,
0x865d, 0x865d, 0x865d, 0x865d, 0x865d, 0x865d, 0x865d, 0x865d, 0x865d, 0x865d, 0x865d, 0x865d, 0x865d, 0x865d, 0x865d, 0x865d,
0x865d, 0x865d, 0x865d, 0x865d, 0x865d, 0x865d, 0x865d, 0x865d, 0x865d, 0x865d, 0x865d, 0x865d, 0x865d, 0x865d, 0x865d, 0x865d,
0x865d, 0x865d, 0x865d, 0x865d, 0x865d, 0x865d, 0x865d, 0x865d, 0x865d, 0x865d, 0x865d, 0x865d, 0x865d, 0x865d, 0x865d, 0x865d,
0x865d, 0x865d, 0x865d, 0x865d, 0x865d, 0x865d, 0x865d, 0x865d, 0x865d, 0x865d, 0x865d, 0x865d, 0x865d, 0x865d, 0x865d, 0x865d,
0x865d, 0x865d, 0x865d, 0x865d, 0x865d, 0x865d, 0x865d, 0x865d, 0x865d, 0x865d, 0x865d, 0x865d, 0x865d, 0x865d, 0x865d, 0x867d,
0x865d, 0x9edd, 0xd77f, 0xd77f, 0xd77e, 0xd77f, 0xd77e, 0xd77f, 0xbf1e, 0x867d, 0x865d, 0x867d, 0x865d, 0x867d, 0x865d, 0x865d,
0x865d, 0x865d, 0x865d, 0x865d, 0x865d, 0x865d, 0x865d, 0x865d, 0x865d, 0x865d, 0x865d, 0x865d, 0x865d, 0x865d, 0x865d, 0x865d,
0x865d, 0x865d, 0x865d, 0x865d, 0x865d, 0x865d, 0x865d, 0x865d, 0x865d, 0x865d, 0x865d, 0x865d, 0x865d, 0x865d, 0x865d, 0x865d,
0x865d, 0x865d, 0x865d, 0x865d, 0x865d, 0x865d, 0x865d, 0x865d, 0x865d, 0x865d, 0x865d, 0x865d, 0x865d, 0x865d, 0x865d, 0x865d,
0x865d, 0x865d, 0x865d, 0x865d, 0x865d, 0x865d, 0x865d, 0x865d, 0x865d, 0x865d, 0x865d, 0x865d, 0x865d, 0x865d, 0x865d, 0x865d,
0x865d, 0x865d, 0x865d, 0x865d, 0x865d, 0x865d, 0x865d, 0x865d, 0x865d, 0x865d, 0x865d, 0x865d, 0x865d, 0x865d, 0x865d, 0x865d,
0x865d, 0x865d, 0x865d, 0x865d, 0x865d, 0x865d, 0x865d, 0x865d, 0x865d, 0x865d, 0x865d, 0x865d, 0x865d, 0x865d, 0x865d, 0x865d,
0x865d, 0x865d, 0x865d, 0x865d, 0x865d, 0x865d, 0x865d, 0x865d, 0x865d, 0x865d, 0x865d, 0x865d, 0x865d, 0x865d, 0x865d, 0x865d,
0x865d, 0x865d, 0x865d, 0x865d, 0x865d, 0x865d, 0x865d, 0x865d, 0x865d, 0x865d, 0x865d, 0x865d, 0x865d, 0x865d, 0x865d, 0x865d,
0x865d, 0x865d, 0x865d, 0x865d, 0x865d, 0x865d, 0x865d, 0x865d, 0x865d, 0x865d, 0x865d, 0x865d, 0x865d, 0x9ebe, 0xc73e, 0xbf1e,
0xbf1e, 0xc73e, 0xbf3e, 0xbf1e, 0xc73e, 0xa6dd, 0x867d, 0xaefe, 0xaefe, 0x8e9d, 0x865d, 0x865d, 0x865d, 0x865d, 0x865d, 0x865d,
0x865d, 0x865d, 0x865d, 0x865d, 0x865d, 0x865d, 0x865d, 0x865d, 0x865d, 0x865d, 0x865d, 0x865d, 0x865d, 0x865d, 0x865d, 0x865d,
0x865d, 0x865d, 0x865d, 0x865d, 0x865d, 0x865d, 0x865d, 0x865d, 0x865d, 0x865d, 0x865d, 0x865d, 0x865d, 0x865d, 0x865d, 0x865d,
0x865d, 0x865d, 0x865d, 0x865d, 0x865d, 0x865d, 0x865d, 0x865d, 0x867d, 0x8e7d, 0x9ebe, 0xcf5f, 0xd77e, 0xcf5f, 0xbf3f, 0xb71e,
0xbf1e, 0xbf1e, 0xaefe, 0xb71e, 0xbf3e, 0xbf3e, 0xbf1e, 0x8e9d, 0x865d, 0x865d, 0x865d, 0x865d, 0x865d, 0x865d, 0x865d, 0x865d,
0x865d, 0x865d, 0x865d, 0x865d, 0x865d, 0x865d, 0x865d, 0x865d, 0x865d, 0x865d, 0x865d, 0x865d, 0x865d, 0x865d, 0x865d, 0x865d,
0x865d, 0x865d, 0x865d, 0x865d, 0x865d, 0x865d, 0x865d, 0x865d, 0x865d, 0x865d, 0x865d, 0x865d, 0x865d, 0x865d, 0x865d, 0x865d,
0x865d, 0x865d, 0x865d, 0x865d, 0x865d, 0x865d, 0x865d, 0x865d, 0x865d, 0x865d, 0x865d, 0x865d, 0x865d, 0x865d, 0x865d, 0x865d,
0x865d, 0x865d, 0x865d, 0x865d, 0x865d, 0x865d, 0x865d, 0x865d, 0x865d, 0x865d, 0x865d, 0x865d, 0x865d, 0x865d, 0x865d, 0x865d,
0x865d, 0x865d, 0x865d, 0x865d, 0x865d, 0x865d, 0x865d, 0x865d, 0x865d, 0x865d, 0x865d, 0x865d, 0x865d, 0x865d, 0x865d, 0x865d,
0x865d, 0x865d, 0x865d, 0x865d, 0x865d, 0x865d, 0x865d, 0x865d, 0x865d, 0x865d, 0x865d, 0x865d, 0x865d, 0x865d, 0x865d, 0x865d,
0x865d, 0x865d, 0x865d, 0x865d, 0x865d, 0x865d, 0x865d, 0x865d, 0x865d, 0x865d, 0x865d, 0x865d, 0x865d, 0x865d, 0x865d, 0x865d,
0x865d, 0x865d, 0x865d, 0x865d, 0x865d, 0x865d, 0x865d, 0x865d, 0x865d, 0x865d, 0x865d, 0x865d, 0x865d, 0x865d, 0x865d, 0x865d,
0x865d, 0x865d, 0x865d, 0x865d, 0x865d, 0x865d, 0x865d, 0x865d, 0x865d, 0x865d, 0x865d, 0x865d, 0x865d, 0x865d, 0x865d, 0x865d,
0x865d, 0x865d, 0x865d, 0x865d, 0x865d, 0x865d, 0x865d, 0x865d, 0x865d, 0x865d, 0x865d, 0x865d, 0x865d, 0x865d, 0x865d, 0x865d,
0x865d, 0x865d, 0x865d, 0x865d, 0x865d, 0x865d, 0x865d, 0x865d, 0x865d, 0x865d, 0x865d, 0x865d, 0x865d, 0x865d, 0x865d, 0x865d,
0x865d, 0x865d, 0x865d, 0x865d, 0x865d, 0x865d, 0x865d, 0x865d, 0x865d, 0x865d, 0x865d, 0x865d, 0x865d, 0x865d, 0x865d, 0x865d,
0x865d, 0x865d, 0x865d, 0x865d, 0x865d, 0x865d, 0x865d, 0x865d, 0x865d, 0x865d, 0x865d, 0x865d, 0x865d, 0x865d, 0x865d, 0x865d,
0x865d, 0x865d, 0x865d, 0x865d, 0x865d, 0x865d, 0x865d, 0x865d, 0x865d, 0x865d, 0x865d, 0x865d, 0x865d, 0x865d, 0x865d, 0x865d,
0x865d, 0x865d, 0x865d, 0x865d, 0x865d, 0x865d, 0x865d, 0x865d, 0x865d, 0x865d, 0x865d, 0x865d, 0x865d, 0x865d, 0x865d, 0x865d,
0x865d, 0x865d, 0x865d, 0x865d, 0x865d, 0x865d, 0x865d, 0x865d, 0x865d, 0x865d, 0x865d, 0x865d, 0x865d, 0x865d, 0x865d, 0x865d,
0x865d, 0x865d, 0x865d, 0x865d, 0x865d, 0x865d, 0x865d, 0x865d, 0x865d, 0x865d, 0x865d, 0x865d, 0x865d, 0x865d, 0x865d, 0x865d,
0x865d, 0x865d, 0x865d, 0x865d, 0x865d, 0x865d, 0x865d, 0x865d, 0x865d, 0x865d, 0x865d, 0x865d, 0x865d, 0x865d, 0x865d, 0x865d,
0x865d, 0x865d, 0x865d, 0x865d, 0x865d, 0x865d, 0x865d, 0x865d, 0x865d, 0x865d, 0x865d, 0x865d, 0x865d, 0x865d, 0x865d, 0x865d,
0x865d, 0x865d, 0x865d, 0x865d, 0x865d, 0x865d, 0x865d, 0x865d, 0x865d, 0x865d, 0x865d, 0x865d, 0x865d, 0x865d, 0x865d, 0x865d,
0x865d, 0x865d, 0x865d, 0x865d, 0x865d, 0x865d, 0x865d, 0x865d, 0x865d, 0x865d, 0x865d, 0x865d, 0x865d, 0x865d, 0x865d, 0x865d,
0x865d, 0x865d, 0x865d, 0x865d, 0x865d, 0x865d, 0x865d, 0x865d, 0x865d, 0x865d, 0x865d, 0x865d, 0x865d, 0x865d, 0x865d, 0x865d,
0x865d, 0x865d, 0x865d, 0x865d, 0x865d, 0x865d, 0x865d, 0x865d, 0x865d, 0x865d, 0x865d, 0x865d, 0x865d, 0x865d, 0x865d, 0x865d,
0x865d, 0x865d, 0x865d, 0x865d, 0x865d, 0x865d, 0x865d, 0x865d, 0x865d, 0x865d, 0x865d, 0x865d, 0x865d, 0x865d, 0x865d, 0x865d,
0x865d, 0x865d, 0x865d, 0x865d, 0x865d, 0x867d, 0xc73e, 0xdf9f, 0xdf9f, 0xb71e, 0x867d, 0x865d, 0x865d, 0x865d, 0x865d, 0x865d,
0x865d, 0x865d, 0x865d, 0x865d, 0x865d, 0x865d, 0x865d, 0x865d, 0x865d, 0x865d, 0x865d, 0x865d, 0x865d, 0x865d, 0x865d, 0x865d,
0x865d, 0x865d, 0x865d, 0x865d, 0x865d, 0x865d, 0x865d, 0x865d, 0x865d, 0x865d, 0x865d, 0x865d, 0x865d, 0x865d, 0x865d, 0x865d,
0x865d, 0x865d, 0x865d, 0x865d, 0x865d, 0x865d, 0x865d, 0x865d, 0x865d, 0x865d, 0x865d, 0x865d, 0x865d, 0x865d, 0x865d, 0x865d,
0x865d, 0x865d, 0x865d, 0x865d, 0x865d, 0x865d, 0x865d, 0x865d, 0x865d, 0x865d, 0x865d, 0x865d, 0x865d, 0x865d, 0x865d, 0x865d,
0x865d, 0x865d, 0x865d, 0x865d, 0x865d, 0x865d, 0x865d, 0x865d, 0x865d, 0x865d, 0x865d, 0x865d, 0x865d, 0x865d, 0x865d, 0x867d,
0x865d, 0x9edd, 0xd77f, 0xd77f, 0xd77e, 0xd77f, 0xd77e, 0xd77f, 0xbf1e, 0x867d, 0x865d, 0x867d, 0x865d, 0x867d, 0x865d, 0x865d,
0x865d, 0x865d, 0x865d, 0x865d, 0x865d, 0x865d, 0x865d, 0x865d, 0x865d, 0x865d, 0x865d, 0x865d, 0x865d, 0x865d, 0x865d, 0x865d,
0x865d, 0x865d, 0x865d, 0x865d, 0x865d, 0x865d, 0x865d, 0x865d, 0x865d, 0x865d, 0x865d, 0x865d, 0x865d, 0x865d, 0x865d, 0x865d,
0x865d, 0x865d, 0x865d, 0x865d, 0x865d, 0x865d, 0x865d, 0x865d, 0x865d, 0x865d, 0x865d, 0x865d, 0x865d, 0x865d, 0x865d, 0x865d,
0x865d, 0x865d, 0x865d, 0x865d, 0x865d, 0x865d, 0x865d, 0x865d, 0x865d, 0x865d, 0x865d, 0x865d, 0x865d, 0x865d, 0x865d, 0x865d,
0x865d, 0x865d, 0x865d, 0x865d, 0x865d, 0x865d, 0x865d, 0x865d, 0x865d, 0x865d, 0x865d, 0x865d, 0x865d, 0x865d, 0x865d, 0x865d,
0x865d, 0x865d, 0x865d, 0x865d, 0x865d, 0x865d, 0x865d, 0x865d, 0x865d, 0x865d, 0x865d, 0x865d, 0x865d, 0x865d, 0x865d, 0x865d,
0x865d, 0x865d, 0x865d, 0x865d, 0x865d, 0x865d, 0x865d, 0x865d, 0x865d, 0x865d, 0x865d, 0x865d, 0x865d, 0x865d, 0x865d, 0x865d,
0x865d, 0x865d, 0x865d, 0x865d, 0x865d, 0x865d, 0x865d, 0x865d, 0x865d, 0x865d, 0x865d, 0x865d, 0x865d, 0x865d, 0x865d, 0x865d,
0x865d, 0x865d, 0x865d, 0x865d, 0x865d, 0x865d, 0x865d, 0x865d, 0x865d, 0x865d, 0x865d, 0x865d, 0x865d, 0x9ebe, 0xc73e, 0xbf1e,

/* -27- */
0x865d, 0x865d, 0x865d, 0x865d, 0x865d, 0x865d, 0x865d, 0x865d, 0x865d, 0x865d, 0x865d, 0x865d, 0x865d, 0x865d, 0x865d, 0x865d,
0x865d, 0x865d, 0x865d, 0x865d, 0x865d, 0x865d, 0x865d, 0x865d, 0x865d, 0x865d, 0x865d, 0x865d, 0x865d, 0x865d, 0x865d, 0x865d,
0x865d, 0x865d, 0x865d, 0x865d, 0x865d, 0x865d, 0x865d, 0x865d, 0x865d, 0x865d, 0x865d, 0x865d, 0x865d, 0x865d, 0x865d, 0x865d,
0x865d, 0x865d, 0x865d, 0x865d, 0x865d, 0x865d, 0x865d, 0x865d, 0x865d, 0x865d, 0x865d, 0x865d, 0x865d, 0x865d, 0x865d, 0x865d,
0x865d, 0x865d, 0x865d, 0x865d, 0x867d, 0xbf3e, 0xdf9f, 0xdf7f, 0xdf7f, 0xdf9f, 0xbf3e, 0x867d, 0x865d, 0x865d, 0x865d, 0x865d,
0x865d, 0x865d, 0x865d, 0x865d, 0x865d, 0x865d, 0x865d, 0x865d, 0x865d, 0x865d, 0x865d, 0x865d, 0x865d, 0x865d, 0x865d, 0x865d,
0x865d, 0x865d, 0x865d, 0x865d, 0x865d, 0x865d, 0x865d, 0x865d, 0x865d, 0x865d, 0x865d, 0x865d, 0x865d, 0x865d, 0x865d, 0x865d,
0x865d, 0x865d, 0x865d, 0x865d, 0x865d, 0x865d, 0x865d, 0x865d, 0x865d, 0x865d, 0x865d, 0x865d, 0x865d, 0x865d, 0x865d, 0x865d,
0x865d, 0x865d, 0x865d, 0x865d, 0x865d, 0x865d, 0x865d, 0x865d, 0x865d, 0x865d, 0x865d, 0x865d, 0x865d, 0x865d, 0x865d, 0x865d,
0x865d, 0x865d, 0x865d, 0x865d, 0x865d, 0x865d, 0x865d, 0x865d, 0x865d, 0x865d, 0x865d, 0x865d, 0x865d, 0x865d, 0x865d, 0x865d,
0x969e, 0xcf5f, 0xd75f, 0xd77e, 0xd77f, 0xd77f, 0xd77f, 0xd75e, 0xd77f, 0xbf1e, 0x865d, 0x865d, 0x865d, 0x865d, 0x865d, 0x865d,
0x865d, 0x865d, 0x865d, 0x865d, 0x865d, 0x865d, 0x865d, 0x865d, 0x865d, 0x865d, 0x865d, 0x865d, 0x865d, 0x865d, 0x865d, 0x865d,
0x865d, 0x865d, 0x865d, 0x865d, 0x865d, 0x865d, 0x865d, 0x865d, 0x865d, 0x865d, 0x865d, 0x865d, 0x865d, 0x865d, 0x865d, 0x865d,
0x865d, 0x865d, 0x865d, 0x865d, 0x865d, 0x865d, 0x865d, 0x865d, 0x865d, 0x865d, 0x865d, 0x865d, 0x865d, 0x865d, 0x865d, 0x865d,
0x865d, 0x865d, 0x865d, 0x865d, 0x865d, 0x865d, 0x865d, 0x865d, 0x865d, 0x865d, 0x865d, 0x865d, 0x865d, 0x865d, 0x865d, 0x865d,
0x865d, 0x865d, 0x865d, 0x865d, 0x865d, 0x865d, 0x865d, 0x865d, 0x865d, 0x865d, 0x865d, 0x865d, 0x865d, 0x865d, 0x865d, 0x865d,
0x865d, 0x865d, 0x865d, 0x865d, 0x865d, 0x865d, 0x865d, 0x865d, 0x865d, 0x865d, 0x865d, 0x865d, 0x865d, 0x865d, 0x865d, 0x865d,
0x865d, 0x865d, 0x865d, 0x865d, 0x865d, 0x865d, 0x865d, 0x865d, 0x865d, 0x865d, 0x865d, 0x865d, 0x865d, 0x865d, 0x865d, 0x865d,
0x865d, 0x865d, 0x865d, 0x865d, 0x865d, 0x865d, 0x865d, 0x865d, 0x865d, 0x865d, 0x865d, 0x865d, 0x865d, 0x865d, 0x865d, 0x865d,
0x865d, 0x865d, 0x865d, 0x865d, 0x865d, 0x865d, 0x865d, 0x865d, 0x865d, 0x865d, 0x865d, 0x867d, 0x865d, 0x9ebe, 0xbf3e, 0xbf3e,
0xb71e, 0xaefe, 0xaefe, 0xbf3e, 0xbf3e, 0xaefe, 0xb71e, 0xc73e, 0xc73e, 0xbf1e, 0x8e9d, 0x865d, 0x865d, 0x865d, 0x865d, 0x865d,
0x865d, 0x865d, 0x865d, 0x865d, 0x865d, 0x865d, 0x865d, 0x865d, 0x865d, 0x865d, 0x865d, 0x865d, 0x865d, 0x865d, 0x865d, 0x865d,
0x865d, 0x865d, 0x865d, 0x865d, 0x865d, 0x865d, 0x865d, 0x865d, 0x865d, 0x865d, 0x865d, 0x865d, 0x865d, 0x865d, 0x865d, 0x865d,
0x865d, 0x865d, 0x865d, 0x865d, 0x865d, 0x865d, 0x865d, 0x8e7d, 0xa6de, 0xaefe, 0xc75e, 0xd77f, 0xd75e, 0xd75f, 0xc73f, 0xb71e,
0xaefe, 0xaefe, 0xaefe, 0xc73e, 0xbf1e, 0xbf1e, 0xbf3e, 0x9ebe, 0x865d, 0x865d, 0x865d, 0x865d, 0x865d, 0x865d, 0x865d, 0x865d,
0x865d, 0x865d, 0x865d, 0x865d, 0x865d, 0x865d, 0x865d, 0x865d, 0x865d, 0x865d, 0x865d, 0x865d, 0x865d, 0x865d, 0x865d, 0x865d,
0x865d, 0x865d, 0x865d, 0x865d, 0x865d, 0x865d, 0x865d, 0x865d, 0x865d, 0x865d, 0x865d, 0x865d, 0x865d, 0x865d, 0x865d, 0x865d,
0x865d, 0x865d, 0x865d, 0x865d, 0x865d, 0x865d, 0x865d, 0x865d, 0x865d, 0x865d, 0x865d, 0x865d, 0x865d, 0x865d, 0x865d, 0x865d,
0x865d, 0x865d, 0x865d, 0x865d, 0x865d, 0x865d, 0x865d, 0x865d, 0x865d, 0x865d, 0x865d, 0x865d, 0x865d, 0x865d, 0x865d, 0x865d,
0x865d, 0x865d, 0x865d, 0x865d, 0x865d, 0x865d, 0x865d, 0x865d, 0x865d, 0x865d, 0x865d, 0x865d, 0x865d, 0x865d, 0x865d, 0x865d,
0x865d, 0x865d, 0x865d, 0x865d, 0x865d, 0x865d, 0x865d, 0x865d, 0x865d, 0x865d, 0x865d, 0x865d, 0x865d, 0x865d, 0x865d, 0x865d,
0x865d, 0x865d, 0x865d, 0x865d, 0x865d, 0x865d, 0x865d, 0x865d, 0x865d, 0x865d, 0x865d, 0x865d, 0x865d, 0x865d, 0x865d, 0x865d,
0x865d, 0x865d, 0x865d, 0x865d, 0x865d, 0x865d, 0x865d, 0x865d, 0x865d, 0x865d, 0x865d, 0x865d, 0x865d, 0x865d, 0x865d, 0x865d,
0x865d, 0x865d, 0x865d, 0x865d, 0x865d, 0x865d, 0x865d, 0x865d, 0x865d, 0x865d, 0x865d, 0x865d, 0x865d, 0x865d, 0x865d, 0x865d,
0x865d, 0x865d, 0x865d, 0x865d, 0x865d, 0x865d, 0x865d, 0x865d, 0x865d, 0x865d, 0x865d, 0x865d, 0x865d, 0x865d, 0x865d, 0x865d,
0x865d, 0x865d, 0x865d, 0x865d, 0x865d, 0x865d, 0x865d, 0x865d, 0x865d, 0x865d, 0x865d, 0x865d, 0x865d, 0x865d, 0x865d, 0x865d,
0x865d, 0x865d, 0x865d, 0x865d, 0x865d, 0x865d, 0x865d, 0x865d, 0x865d, 0x865d, 0x865d, 0x865d, 0x865d, 0x865d, 0x865d, 0x865d,
0x865d, 0x865d, 0x865d, 0x865d, 0x865d, 0x865d, 0x865d, 0x865d, 0x865d, 0x865d, 0x865d, 0x865d, 0x865d, 0x865d, 0x865d, 0x865d,
0x865d, 0x865d, 0x865d, 0x865d, 0x865d, 0x865d, 0x865d, 0x865d, 0x865d, 0x865d, 0x865d, 0x865d, 0x865d, 0x865d, 0x865d, 0x865d,
0x865d, 0x865d, 0x865d, 0x865d, 0x865d, 0x865d, 0x865d, 0x865d, 0x865d, 0x865d, 0x865d, 0x865d, 0x865d, 0x865d, 0x865d, 0x865d,
0x865d, 0x865d, 0x865d, 0x865d, 0x865d, 0x865d, 0x865d, 0x865d, 0x865d, 0x865d, 0x865d, 0x865d, 0x865d, 0x865d, 0x865d, 0x865d,
0x867d, 0x9edd, 0xdf7e, 0xdf9f, 0xdf9f, 0xd77e, 0x9edd, 0x8e9d, 0x865d, 0x865d, 0x865d, 0x865d, 0x865d, 0x865d, 0x865d, 0x865d,
0x865d, 0x865d, 0x865d, 0x865d, 0x865d, 0x865d, 0x865d, 0x865d, 0x865d, 0x865d, 0x865d, 0x865d, 0x865d, 0x865d, 0x865d, 0x865d,
0x865d, 0x865d, 0x865d, 0x865d, 0x865d, 0x865d, 0x865d, 0x865d, 0x865d, 0x865d, 0x865d, 0x865d, 0x865d, 0x865d, 0x865d, 0x865d,
0x865d, 0x865d, 0x865d, 0x865d, 0x865d, 0x865d, 0x865d, 0x865d, 0x865d, 0x865d, 0x865d, 0x865d, 0x865d, 0x865d, 0x865d, 0x865d,
0x865d, 0x865d, 0x865d, 0x865d, 0x865d, 0x865d, 0x865d, 0x865d, 0x865d, 0x865d, 0x865d, 0x865d, 0x865d, 0x865d, 0x865d, 0x865d,
0x865d, 0x865d, 0x865d, 0x865d, 0x865d, 0x865d, 0x865d, 0x865d, 0x865d, 0x865d, 0x865d, 0x865d, 0x865d, 0x865d, 0x865d, 0x865d,
0x865d, 0x865d, 0x865d, 0x865d, 0x865d, 0x865d, 0x865d, 0x865d, 0x865d, 0x865d, 0x865d, 0x865d, 0x865d, 0x865d, 0x865d, 0x865d,
0x865d, 0x865d, 0x865d, 0x865d, 0x865d, 0x865d, 0x865d, 0x865d, 0x865d, 0x865d, 0x865d, 0x865d, 0x865d, 0x865d, 0x865d, 0x865d,
0x865d, 0x865d, 0x865d, 0x865d, 0x867d, 0xbf3e, 0xdf9f, 0xdf7f, 0xdf7f, 0xdf9f, 0xbf3e, 0x867d, 0x865d, 0x865d, 0x865d, 0x865d,
0x865d, 0x865d, 0x865d, 0x865d, 0x865d, 0x865d, 0x865d, 0x865d, 0x865d, 0x865d, 0x865d, 0x865d, 0x865d, 0x865d, 0x865d, 0x865d,
0x865d, 0x865d, 0x865d, 0x865d, 0x865d, 0x865d, 0x865d, 0x865d, 0x865d, 0x865d, 0x865d, 0x865d, 0x865d, 0x865d, 0x865d, 0x865d,
0x865d, 0x865d, 0x865d, 0x865d, 0x865d, 0x865d, 0x865d, 0x865d, 0x865d, 0x865d, 0x865d, 0x865d, 0x865d, 0x865d, 0x865d, 0x865d,
0x865d, 0x865d, 0x865d, 0x865d, 0x865d, 0x865d, 0x865d, 0x865d, 0x865d, 0x865d, 0x865d, 0x865d, 0x865d, 0x865d, 0x865d, 0x865d,
0x865d, 0x865d, 0x865d, 0x865d, 0x865d, 0x865d, 0x865d, 0x865d, 0x865d, 0x865d, 0x865d, 0x865d, 0x865d, 0x865d, 0x865d, 0x865d,
0x969e, 0xcf5f, 0xd75f, 0xd77e, 0xd77f, 0xd77f, 0xd77f, 0xd75e, 0xd77f, 0xbf1e, 0x865d, 0x865d, 0x865d, 0x865d, 0x865d, 0x865d,
0x865d, 0x865d, 0x865d, 0x865d, 0x865d, 0x865d, 0x865d, 0x865d, 0x865d, 0x865d, 0x865d, 0x865d, 0x865d, 0x865d, 0x865d, 0x865d,
0x865d, 0x865d, 0x865d, 0x865d, 0x865d, 0x865d, 0x865d, 0x865d, 0x865d, 0x865d, 0x865d, 0x865d, 0x865d, 0x865d, 0x865d, 0x865d,
0x865d, 0x865d, 0x865d, 0x865d, 0x865d, 0x865d, 0x865d, 0x865d, 0x865d, 0x865d, 0x865d, 0x865d, 0x865d, 0x865d, 0x865d, 0x865d,
0x865d, 0x865d, 0x865d, 0x865d, 0x865d, 0x865d, 0x865d, 0x865d, 0x865d, 0x865d, 0x865d, 0x865d, 0x865d, 0x865d, 0x865d, 0x865d,
0x865d, 0x865d, 0x865d, 0x865d, 0x865d, 0x865d, 0x865d, 0x865d, 0x865d, 0x865d, 0x865d, 0x865d, 0x865d, 0x865d, 0x865d, 0x865d,
0x865d, 0x865d, 0x865d, 0x865d, 0x865d, 0x865d, 0x865d, 0x865d, 0x865d, 0x865d, 0x865d, 0x865d, 0x865d, 0x865d, 0x865d, 0x865d,
0x865d, 0x865d, 0x865d, 0x865d, 0x865d, 0x865d, 0x865d, 0x865d, 0x865d, 0x865d, 0x865d, 0x865d, 0x865d, 0x865d, 0x865d, 0x865d,
0x865d, 0x865d, 0x865d, 0x865d, 0x865d, 0x865d, 0x865d, 0x865d, 0x865d, 0x865d, 0x865d, 0x865d, 0x865d, 0x865d, 0x865d, 0x865d,
0x865d, 0x865d, 0x865d, 0x865d, 0x865d, 0x865d, 0x865d, 0x865d, 0x865d, 0x865d, 0x865d, 0x867d, 0x865d, 0x9ebe, 0xbf3e, 0xbf3e,

/* -28- */
0x865d, 0x865d, 0x865d, 0x865d, 0x865d, 0x865d, 0x865d, 0x865d, 0x865d, 0x865d, 0x865d, 0x865d, 0x865d, 0x865d, 0x865d, 0x865d,
0x865d, 0x865d, 0x865d, 0x865d, 0x865d, 0x865d, 0x865d, 0x865d, 0x865d, 0x865d, 0x865d, 0x865d, 0x865d, 0x865d, 0x865d, 0x865d,
0x865d, 0x865d, 0x865d, 0x865d, 0x865d, 0x865d, 0x865d, 0x865d, 0x865d, 0x865d, 0x865d, 0x865d, 0x865d, 0x865d, 0x865d, 0x865d,
0x865d, 0x865d, 0x865d, 0x865d, 0x865d, 0x865d, 0x865d, 0x865d, 0x865d, 0x865d, 0x865d, 0x865d, 0x865d, 0x865d, 0x865d, 0x865d,
0x865d, 0x865d, 0x867d, 0x865d, 0xb71d, 0xdf9f, 0xd77f, 0xdf7f, 0xdf9f, 0xdf7f, 0xdf9f, 0x9edd, 0x865d, 0x867d, 0x865d, 0x865d,
0x865d, 0x865d, 0x865d, 0x865d, 0x865d, 0x865d, 0x865d, 0x865d, 0x865d, 0x865d, 0x865d, 0x865d, 0x865d, 0x865d, 0x865d, 0x865d,
0x865d, 0x865d, 0x865d, 0x865d, 0x865d, 0x865d, 0x865d, 0x865d, 0x865d, 0x865d, 0x865d, 0x865d, 0x865d, 0x865d, 0x865d, 0x865d,
0x865d, 0x865d, 0x865d, 0x865d, 0x865d, 0x865d, 0x865d, 0x865d, 0x865d, 0x865d, 0x865d, 0x865d, 0x865d, 0x865d, 0x865d, 0x865d,
0x865d, 0x865d, 0x865d, 0x865d, 0x865d, 0x865d, 0x865d, 0x865d, 0x865d, 0x865d, 0x865d, 0x865d, 0x865d, 0x865d, 0x865d, 0x865d,
0x865d, 0x865d, 0x865d, 0x865d, 0x865d, 0x865d, 0x865d, 0x865d, 0x865d, 0x865d, 0x865d, 0x865d, 0x865d, 0x865d, 0x865d, 0x8e9d,
0xbf3e, 0xd77f, 0xd77e, 0xd77f, 0xd77f, 0xd77f, 0xd77f, 0xd77f, 0xd77f, 0xd75e, 0x8ebd, 0xb71d, 0xaefe, 0xa6fe, 0x867d, 0x865d,
0x865d, 0x865d, 0x865d, 0x865d, 0x865d, 0x865d, 0x865d, 0x865d, 0x865d, 0x865d, 0x865d, 0x865d, 0x865d, 0x865d, 0x865d, 0x865d,
0x865d, 0x865d, 0x865d, 0x865d, 0x865d, 0x865d, 0x865d, 0x865d, 0x865d, 0x865d, 0x865d, 0x865d, 0x865d, 0x865d, 0x865d, 0x865d,
0x865d, 0x865d, 0x865d, 0x865d, 0x865d, 0x865d, 0x865d, 0x865d, 0x865d, 0x865d, 0x865d, 0x865d, 0x865d, 0x865d, 0x865d, 0x865d,
0x865d, 0x865d, 0x865d, 0x865d, 0x865d, 0x865d, 0x865d, 0x865d, 0x865d, 0x865d, 0x865d, 0x865d, 0x865d, 0x865d, 0x865d, 0x865d,
0x865d, 0x865d, 0x865d, 0x865d, 0x865d, 0x865d, 0x865d, 0x865d, 0x865d, 0x865d, 0x865d, 0x865d, 0x865d, 0x865d, 0x865d, 0x865d,
0x865d, 0x865d, 0x865d, 0x865d, 0x865d, 0x865d, 0x865d, 0x865d, 0x865d, 0x865d, 0x865d, 0x865d, 0x865d, 0x865d, 0x865d, 0x865d,
0x865d, 0x865d, 0x865d, 0x865d, 0x865d, 0x865d, 0x865d, 0x865d, 0x865d, 0x865d, 0x865d, 0x865d, 0x865d, 0x865d, 0x865d, 0x865d,
0x865d, 0x865d, 0x865d, 0x865d, 0x865d, 0x865d, 0x865d, 0x865d, 0x865d, 0x865d, 0x865d, 0x865d, 0x865d, 0x865d, 0x865d, 0x865d,
0x865d, 0x865d, 0x865d, 0x865d, 0x865d, 0x865d, 0x865d, 0x865d, 0x865d, 0x865d, 0x865d, 0x865d, 0x867d, 0xb71e, 0xbf3e, 0xbf3e,
0xbf3e, 0xaefe, 0xa6de, 0xaefe, 0xb71e, 0xaefe, 0xc73e, 0xbf1e, 0xbf1e, 0xc73e, 0x9ebe, 0x865d, 0x865d, 0x865d, 0x865d, 0x7e5d,
0x865d, 0x865d, 0x865d, 0x865d, 0x865d, 0x865d, 0x865d, 0x865d, 0x865d, 0x865d, 0x865d, 0x865d, 0x865d, 0x865d, 0x865d, 0x865d,
0x865d, 0x865d, 0x865d, 0x865d, 0x865d, 0x865d, 0x865d, 0x865d, 0x865d, 0x865d, 0x865d, 0x865d, 0x865d, 0x865d, 0x865d, 0x865d,
0x865d, 0x865d, 0x865d, 0x865d, 0x865d, 0x867d, 0x865d, 0xa6de, 0xb71d, 0xbf3e, 0xd77f, 0xcf5e, 0xd77f, 0xd77f, 0xd77f, 0xb71f,
0xaefe, 0x9ede, 0xb71e, 0xd77f, 0xd77f, 0xbf3e, 0xaefe, 0xb71e, 0x9ebd, 0x865d, 0x865d, 0x865d, 0x865d, 0x865d, 0x865d, 0x865d,
0x865d, 0x865d, 0x865d, 0x865d, 0x865d, 0x865d, 0x865d, 0x865d, 0x865d, 0x865d, 0x865d, 0x865d, 0x865d, 0x865d, 0x865d, 0x865d,
0x865d, 0x865d, 0x865d, 0x865d, 0x865d, 0x865d, 0x865d, 0x865d, 0x865d, 0x865d, 0x865d, 0x865d, 0x865d, 0x865d, 0x865d, 0x865d,
0x865d, 0x865d, 0x865d, 0x865d, 0x865d, 0x865d, 0x865d, 0x865d, 0x865d, 0x865d, 0x865d, 0x865d, 0x865d, 0x865d, 0x865d, 0x865d,
0x865d, 0x865d, 0x865d, 0x865d, 0x865d, 0x865d, 0x865d, 0x865d, 0x865d, 0x865d, 0x865d, 0x865d, 0x865d, 0x865d, 0x865d, 0x865d,
0x865d, 0x865d, 0x865d, 0x865d, 0x865d, 0x865d, 0x865d, 0x865d, 0x865d, 0x865d, 0x865d, 0x865d, 0x865d, 0x865d, 0x865d, 0x865d,
0x865d, 0x865d, 0x865d, 0x865d, 0x865d, 0x865d, 0x865d, 0x865d, 0x865d, 0x865d, 0x865d, 0x865d, 0x865d, 0x865d, 0x865d, 0x865d,
0x865d, 0x865d, 0x865d, 0x865d, 0x865d, 0x865d, 0x865d, 0x865d, 0x865d, 0x865d, 0x865d, 0x865d, 0x865d, 0x865d, 0x865d, 0x865d,
0x865d, 0x865d, 0x865d, 0x865d, 0x865d, 0x865d, 0x865d, 0x865d, 0x865d, 0x865d, 0x865d, 0x865d, 0x865d, 0x865d, 0x865d, 0x865d,
0x865d, 0x865d, 0x865d, 0x865d, 0x865d, 0x865d, 0x865d, 0x865d, 0x865d, 0x865d, 0x865d, 0x865d, 0x865d, 0x865d, 0x865d, 0x865d,
0x865d, 0x865d, 0x865d, 0x865d, 0x865d, 0x865d, 0x865d, 0x865d, 0x865d, 0x865d, 0x865d, 0x865d, 0x865d, 0x865d, 0x865d, 0x865d,
0x865d, 0x865d, 0x865d, 0x865d, 0x865d, 0x865d, 0x865d, 0x865d, 0x865d, 0x865d, 0x865d, 0x865d, 0x865d, 0x865d, 0x865d, 0x865d,
0x865d, 0x865d, 0x865d, 0x865d, 0x865d, 0x865d, 0x865d, 0x865d, 0x865d, 0x865d, 0x865d, 0x865d, 0x865d, 0x865d, 0x865d, 0x865d,
0x865d, 0x865d, 0x865d, 0x865d, 0x865d, 0x865d, 0x865d, 0x865d, 0x865d, 0x865d, 0x865d, 0x865d, 0x865d, 0x865d, 0x865d, 0x865d,
0x865d, 0x865d, 0x865d, 0x865d, 0x865d, 0x865d, 0x865d, 0x865d, 0x865d, 0x865d, 0x865d, 0x865d, 0x865d, 0x865d, 0x865d, 0x865d,
0x865d, 0x865d, 0x865d, 0x865d, 0x865d, 0x865d, 0x865d, 0x865d, 0x865d, 0x865d, 0x865d, 0x865d, 0x865d, 0x865d, 0x865d, 0x865d,
0x865d, 0x865d, 0x865d, 0x865d, 0x865d, 0x865d, 0x865d, 0x865d, 0x865d, 0x865d, 0x865d, 0x865d, 0x865d, 0x865d, 0x865d, 0x865d,
0x96bd, 0xdf9f, 0xdf7f, 0xdf7f, 0xdf7f, 0xdf7f, 0xdf9f, 0xb71d, 0x867d, 0x865d, 0x865d, 0x865d, 0x865d, 0x865d, 0x865d, 0x865d,
0x865d, 0x865d, 0x865d, 0x865d, 0x865d, 0x865d, 0x865d, 0x865d, 0x865d, 0x865d, 0x865d, 0x865d, 0x865d, 0x865d, 0x865d, 0x865d,
0x865d, 0x865d, 0x865d, 0x865d, 0x865d, 0x865d, 0x865d, 0x865d, 0x865d, 0x865d, 0x865d, 0x865d, 0x865d, 0x865d, 0x865d, 0x865d,
0x865d, 0x865d, 0x865d, 0x865d, 0x865d, 0x865d, 0x865d, 0x865d, 0x865d, 0x865d, 0x865d, 0x865d, 0x865d, 0x865d, 0x865d, 0x865d,
0x865d, 0x865d, 0x865d, 0x865d, 0x865d, 0x865d, 0x865d, 0x865d, 0x865d, 0x865d, 0x865d, 0x865d, 0x865d, 0x865d, 0x865d, 0x865d,
0x865d, 0x865d, 0x865d, 0x865d, 0x865d, 0x865d, 0x865d, 0x865d, 0x865d, 0x865d, 0x865d, 0x865d, 0x865d, 0x865d, 0x865d, 0x865d,
0x865d, 0x865d, 0x865d, 0x865d, 0x865d, 0x865d, 0x865d, 0x865d, 0x865d, 0x865d, 0x865d, 0x865d, 0x865d, 0x865d, 0x865d, 0x865d,
0x865d, 0x865d, 0x865d, 0x865d, 0x865d, 0x865d, 0x865d, 0x865d, 0x865d, 0x865d, 0x865d, 0x865d, 0x865d, 0x865d, 0x865d, 0x865d,
0x865d, 0x865d, 0x867d, 0x865d, 0xb71d, 0xdf9f, 0xd77f, 0xdf7f, 0xdf9f, 0xdf7f, 0xdf9f, 0x9edd, 0x865d, 0x867d, 0x865d, 0x865d,
0x865d, 0x865d, 0x865d, 0x865d, 0x865d, 0x865d, 0x865d, 0x865d, 0x865d, 0x865d, 0x865d, 0x865d, 0x865d, 0x865d, 0x865d, 0x865d,
0x865d, 0x865d, 0x865d, 0x865d, 0x865d, 0x865d, 0x865d, 0x865d, 0x865d, 0x865d, 0x865d, 0x865d, 0x865d, 0x865d, 0x865d, 0x865d,
0x865d, 0x865d, 0x865d, 0x865d, 0x865d, 0x865d, 0x865d, 0x865d, 0x865d, 0x865d, 0x865d, 0x865d, 0x865d, 0x865d, 0x865d, 0x865d,
0x865d, 0x865d, 0x865d, 0x865d, 0x865d, 0x865d, 0x865d, 0x865d, 0x865d, 0x865d, 0x865d, 0x865d, 0x865d, 0x865d, 0x865d, 0x865d,
0x865d, 0x865d, 0x865d, 0x865d, 0x865d, 0x865d, 0x865d, 0x865d, 0x865d, 0x865d, 0x865d, 0x865d, 0x865d, 0x865d, 0x865d, 0x8e9d,
0xbf3e, 0xd77f, 0xd77e, 0xd77f, 0xd77f, 0xd77f, 0xd77f, 0xd77f, 0xd77f, 0xd75e, 0x8ebd, 0xb71d, 0xaefe, 0xa6fe, 0x867d, 0x865d,
0x865d, 0x865d, 0x865d, 0x865d, 0x865d, 0x865d, 0x865d, 0x865d, 0x865d, 0x865d, 0x865d, 0x865d, 0x865d, 0x865d, 0x865d, 0x865d,
0x865d, 0x865d, 0x865d, 0x865d, 0x865d, 0x865d, 0x865d, 0x865d, 0x865d, 0x865d, 0x865d, 0x865d, 0x865d, 0x865d, 0x865d, 0x865d,
0x865d, 0x865d, 0x865d, 0x865d, 0x865d, 0x865d, 0x865d, 0x865d, 0x865d, 0x865d, 0x865d, 0x865d, 0x865d, 0x865d, 0x865d, 0x865d,
0x865d, 0x865d, 0x865d, 0x865d, 0x865d, 0x865d, 0x865d, 0x865d, 0x865d, 0x865d, 0x865d, 0x865d, 0x865d, 0x865d, 0x865d, 0x865d,
0x865d, 0x865d, 0x865d, 0x865d, 0x865d, 0x865d, 0x865d, 0x865d, 0x865d, 0x865d, 0x865d, 0x865d, 0x865d, 0x865d, 0x865d, 0x865d,
0x865d, 0x865d, 0x865d, 0x865d, 0x865d, 0x865d, 0x865d, 0x865d, 0x865d, 0x865d, 0x865d, 0x865d, 0x865d, 0x865d, 0x865d, 0x865d,
0x865d, 0x865d, 0x865d, 0x865d, 0x865d, 0x865d, 0x865d, 0x865d, 0x865d, 0x865d, 0x865d, 0x865d, 0x865d, 0x865d, 0x865d, 0x865d,
0x865d, 0x865d, 0x865d, 0x865d, 0x865d, 0x865d, 0x865d, 0x865d, 0x865d, 0x865d, 0x865d, 0x865d, 0x865d, 0x865d, 0x865d, 0x865d,
0x865d, 0x865d, 0x865d, 0x865d, 0x865d, 0x865d, 0x865d, 0x865d, 0x865d, 0x865d, 0x865d, 0x865d, 0x867d, 0xb71e, 0xbf3e, 0xbf3e,

/* -29- */
0x865d, 0x865d, 0x865d, 0x865d, 0x865d, 0x865d, 0x865d, 0x865d, 0x865d, 0x865d, 0x865d, 0x865d, 0x865d, 0x865d, 0x865d, 0x865d,
0x865d, 0x865d, 0x865d, 0x865d, 0x865d, 0x865d, 0x865d, 0x865d, 0x865d, 0x865d, 0x865d, 0x865d, 0x865d, 0x865d, 0x865d, 0x865d,
0x865d, 0x865d, 0x865d, 0x865d, 0x865d, 0x865d, 0x865d, 0x865d, 0x865d, 0x865d, 0x865d, 0x865d, 0x865d, 0x865d, 0x865d, 0x865d,
0x865d, 0x865d, 0x865d, 0x865d, 0x865d, 0x865d, 0x865d, 0x865d, 0x865d, 0x865d, 0x865d, 0x865d, 0x865d, 0x865d, 0x865d, 0x865d,
0x865d, 0x865d, 0x865d, 0x867d, 0xa6fd, 0xdf9f, 0xdf9f, 0xdf9f, 0xdf7f, 0xdf7f, 0xcf5f, 0xcf7e, 0x8e9d, 0x865d, 0x865d, 0x865d,
0x865d, 0x865d, 0x865d, 0x865d, 0x865d, 0x865d, 0x865d, 0x865d, 0x865d, 0x865d, 0x865d, 0x865d, 0x865d, 0x865d, 0x865d, 0x865d,
0x865d, 0x865d, 0x865d, 0x865d, 0x865d, 0x865d, 0x865d, 0x865d, 0x865d, 0x865d, 0x865d, 0x865d, 0x865d, 0x865d, 0x865d, 0x865d,
0x865d, 0x865d, 0x865d, 0x865d, 0x865d, 0x865d, 0x865d, 0x865d, 0x865d, 0x865d, 0x865d, 0x865d, 0x865d, 0x865d, 0x865d, 0x865d,
0x865d, 0x865d, 0x865d, 0x865d, 0x865d, 0x865d, 0x865d, 0x865d, 0x865d, 0x865d, 0x865d, 0x865d, 0x865d, 0x865d, 0x865d, 0x865d,
0x865d, 0x865d, 0x865d, 0x865d, 0x865d, 0x865d, 0x865d, 0x865d, 0x865d, 0x865d, 0x865d, 0x865d, 0x865d, 0x865d, 0x865d, 0xaefe,
0xd77f, 0xbf1e, 0xd77e, 0xd77f, 0xd77f, 0xd77f, 0xd77f, 0xd77f, 0xd77f, 0xc73e, 0xc77f, 0xd77f, 0xd77f, 0xd77f, 0xc73e, 0x8e7d,
0x865d, 0x865d, 0x865d, 0x865d, 0x865d, 0x865d, 0x865d, 0x865d, 0x865d, 0x865d, 0x865d, 0x865d, 0x865d, 0x865d, 0x865d, 0x865d,
0x865d, 0x865d, 0x865d, 0x865d, 0x865d, 0x865d, 0x865d, 0x865d, 0x865d, 0x865d, 0x865d, 0x865d, 0x865d, 0x865d, 0x865d, 0x865d,
0x865d, 0x865d, 0x865d, 0x865d, 0x865d, 0x865d, 0x865d, 0x865d, 0x865d, 0x865d, 0x865d, 0x865d, 0x865d, 0x865d, 0x865d, 0x865d,
0x865d, 0x865d, 0x865d, 0x865d, 0x865d, 0x865d, 0x865d, 0x865d, 0x865d, 0x865d, 0x865d, 0x865d, 0x865d, 0x865d, 0x865d, 0x865d,
0x865d, 0x865d, 0x865d, 0x865d, 0x865d, 0x865d, 0x865d, 0x865d, 0x865d, 0x865d, 0x865d, 0x865d, 0x865d, 0x865d, 0x865d, 0x865d,
0x865d, 0x865d, 0x865d, 0x865d, 0x865d, 0x865d, 0x865d, 0x865d, 0x865d, 0x865d, 0x865d, 0x865d, 0x865d, 0x865d, 0x865d, 0x865d,
0x865d, 0x865d, 0x865d, 0x865d, 0x865d, 0x865d, 0x865d, 0x865d, 0x865d, 0x865d, 0x865d, 0x865d, 0x865d, 0x865d, 0x865d, 0x865d,
0x865d, 0x865d, 0x865d, 0x865d, 0x865d, 0x865d, 0x865d, 0x865d, 0x865d, 0x865d, 0x865d, 0x865d, 0x865d, 0x865d, 0x865d, 0x865d,
0x865d, 0x865d, 0x865d, 0x865d, 0x865d, 0x865d, 0x865d, 0x865d, 0x865d, 0x865d, 0x865d, 0x96bd, 0xa6fe, 0xbf3e, 0xbf3e, 0xbf3e,
0xc73e, 0xc73e, 0xa6fe, 0x9ebe, 0x96be, 0xaefe, 0xbf3e, 0xc73e, 0xbf1e, 0xaefe, 0xb71e, 0x9ebd, 0x865d, 0x865d, 0x865d, 0x865d,
0x865d, 0x865d, 0x865d, 0x865d, 0x865d, 0x865d, 0x865d, 0x865d, 0x865d, 0x865d, 0x865d, 0x865d, 0x865d, 0x865d, 0x865d, 0x865d,
0x865d, 0x865d, 0x865d, 0x865d, 0x865d, 0x865d, 0x865d, 0x865d, 0x865d, 0x865d, 0x865d, 0x865d, 0x865d, 0x865d, 0x865d, 0x865d,
0x865d, 0x865d, 0x865d, 0x865d, 0x9ebe, 0xa6de, 0x9ebe, 0xb71e, 0xd77f, 0xd77f, 0xc73e, 0xc75f, 0xcf5f, 0xcf5f, 0xb71f, 0xbf3f,
0xcf5f, 0xbf3f, 0xb71f, 0xc73f, 0xcf5f, 0xb71e, 0xa6de, 0xbf3e, 0xaefe, 0x865d, 0x867d, 0x8e7d, 0x865d, 0x865d, 0x865d, 0x865d,
0x865d, 0x865d, 0x865d, 0x865d, 0x865d, 0x865d, 0x865d, 0x865d, 0x865d, 0x865d, 0x865d, 0x865d, 0x865d, 0x865d, 0x865d, 0x865d,
0x865d, 0x865d, 0x865d, 0x865d, 0x865d, 0x865d, 0x865d, 0x865d, 0x865d, 0x865d, 0x865d, 0x865d, 0x865d, 0x865d, 0x865d, 0x865d,
0x865d, 0x865d, 0x865d, 0x865d, 0x865d, 0x865d, 0x865d, 0x865d, 0x865d, 0x865d, 0x865d, 0x865d, 0x865d, 0x865d, 0x865d, 0x865d,
0x865d, 0x865d, 0x865d, 0x865d, 0x865d, 0x865d, 0x865d, 0x865d, 0x865d, 0x865d, 0x865d, 0x865d, 0x865d, 0x865d, 0x865d, 0x865d,
0x865d, 0x865d, 0x865d, 0x865d, 0x865d, 0x865d, 0x865d, 0x865d, 0x865d, 0x865d, 0x865d, 0x865d, 0x865d, 0x865d, 0x865d, 0x865d,
0x865d, 0x865d, 0x865d, 0x865d, 0x865d, 0x865d, 0x865d, 0x865d, 0x865d, 0x865d, 0x865d, 0x865d, 0x865d, 0x865d, 0x865d, 0x865d,
0x865d, 0x865d, 0x865d, 0x865d, 0x865d, 0x865d, 0x865d, 0x865d, 0x865d, 0x865d, 0x865d, 0x865d, 0x865d, 0x865d, 0x865d, 0x865d,
0x865d, 0x865d, 0x865d, 0x865d, 0x865d, 0x865d, 0x865d, 0x865d, 0x865d, 0x865d, 0x865d, 0x865d, 0x865d, 0x865d, 0x865d, 0x865d,
0x865d, 0x865d, 0x865d, 0x865d, 0x865d, 0x865d, 0x865d, 0x865d, 0x865d, 0x865d, 0x865d, 0x865d, 0x865d, 0x865d, 0x865d, 0x865d,
0x865d, 0x865d, 0x865d, 0x865d, 0x865d, 0x865d, 0x865d, 0x865d, 0x865d, 0x865d, 0x865d, 0x865d, 0x865d, 0x865d, 0x865d, 0x865d,
0x865d, 0x865d, 0x865d, 0x865d, 0x865d, 0x865d, 0x865d, 0x865d, 0x865d, 0x865d, 0x865d, 0x865d, 0x865d, 0x865d, 0x865d, 0x865d,
0x865d, 0x865d, 0x865d, 0x865d, 0x865d, 0x865d, 0x865d, 0x865d, 0x865d, 0x865d, 0x865d, 0x865d, 0x865d, 0x865d, 0x865d, 0x865d,
0x865d, 0x865d, 0x865d, 0x865d, 0x865d, 0x865d, 0x865d, 0x865d, 0x865d, 0x865d, 0x865d, 0x865d, 0x865d, 0x865d, 0x865d, 0x865d,
0x865d, 0x865d, 0x865d, 0x865d, 0x865d, 0x865d, 0x865d, 0x865d, 0x865d, 0x865d, 0x865d, 0x865d, 0x865d, 0x865d, 0x865d, 0x865d,
0x865d, 0x865d, 0x865d, 0x865d, 0x865d, 0x865d, 0x865d, 0x865d, 0x865d, 0x865d, 0x865d, 0x865d, 0x865d, 0x865d, 0x865d, 0x865d,
0x865d, 0x865d, 0x865d, 0x865d, 0x865d, 0x865d, 0x865d, 0x865d, 0x865d, 0x865d, 0x865d, 0x865d, 0x865d, 0x865d, 0x865d, 0x8e9d,
0xd77f, 0xdf9f, 0xdf7f, 0xdf7f, 0xdf7f, 0xdf9f, 0xdf7f, 0xdf9f, 0xa6fd, 0x865d, 0x867d, 0x865d, 0x865d, 0x865d, 0x865d, 0x865d,
0x865d, 0x865d, 0x865d, 0x865d, 0x865d, 0x865d, 0x865d, 0x865d, 0x865d, 0x865d, 0x865d, 0x865d, 0x865d, 0x865d, 0x865d, 0x865d,
0x865d, 0x865d, 0x865d, 0x865d, 0x865d, 0x865d, 0x865d, 0x865d, 0x865d, 0x865d, 0x865d, 0x865d, 0x865d, 0x865d, 0x865d, 0x865d,
0x865d, 0x865d, 0x865d, 0x865d, 0x865d, 0x865d, 0x865d, 0x865d, 0x865d, 0x865d, 0x865d, 0x865d, 0x865d, 0x865d, 0x865d, 0x865d,
0x865d, 0x865d, 0x865d, 0x865d, 0x865d, 0x865d, 0x865d, 0x865d, 0x865d, 0x865d, 0x865d, 0x865d, 0x865d, 0x865d, 0x865d, 0x865d,
0x865d, 0x865d, 0x865d, 0x865d, 0x865d, 0x865d, 0x865d, 0x865d, 0x865d, 0x865d, 0x865d, 0x865d, 0x865d, 0x865d, 0x865d, 0x865d,
0x865d, 0x865d, 0x865d, 0x865d, 0x865d, 0x865d, 0x865d, 0x865d, 0x865d, 0x865d, 0x865d, 0x865d, 0x865d, 0x865d, 0x865d, 0x865d,
0x865d, 0x865d, 0x865d, 0x865d, 0x865d, 0x865d, 0x865d, 0x865d, 0x865d, 0x865d, 0x865d, 0x865d, 0x865d, 0x865d, 0x865d, 0x865d,
0x865d, 0x865d, 0x865d, 0x867d, 0xa6fd, 0xdf9f, 0xdf9f, 0xdf9f, 0xdf7f, 0xdf7f, 0xcf5f, 0xcf7e, 0x8e9d, 0x865d, 0x865d, 0x865d,
0x865d, 0x865d, 0x865d, 0x865d, 0x865d, 0x865d, 0x865d, 0x865d, 0x865d, 0x865d, 0x865d, 0x865d, 0x865d, 0x865d, 0x865d, 0x865d,
0x865d, 0x865d, 0x865d, 0x865d, 0x865d, 0x865d, 0x865d, 0x865d, 0x865d, 0x865d, 0x865d, 0x865d, 0x865d, 0x865d, 0x865d, 0x865d,
0x865d, 0x865d, 0x865d, 0x865d, 0x865d, 0x865d, 0x865d, 0x865d, 0x865d, 0x865d, 0x865d, 0x865d, 0x865d, 0x865d, 0x865d, 0x865d,
0x865d, 0x865d, 0x865d, 0x865d, 0x865d, 0x865d, 0x865d, 0x865d, 0x865d, 0x865d, 0x865d, 0x865d, 0x865d, 0x865d, 0x865d, 0x865d,
0x865d, 0x865d, 0x865d, 0x865d, 0x865d, 0x865d, 0x865d, 0x865d, 0x865d, 0x865d, 0x865d, 0x865d, 0x865d, 0x865d, 0x865d, 0xaefe,
0xd77f, 0xbf1e, 0xd77e, 0xd77f, 0xd77f, 0xd77f, 0xd77f, 0xd77f, 0xd77f, 0xc73e, 0xc77f, 0xd77f, 0xd77f, 0xd77f, 0xc73e, 0x8e7d,
0x865d, 0x865d, 0x865d, 0x865d, 0x865d, 0x865d, 0x865d, 0x865d, 0x865d, 0x865d, 0x865d, 0x865d, 0x865d, 0x865d, 0x865d, 0x865d,
0x865d, 0x865d, 0x865d, 0x865d, 0x865d, 0x865d, 0x865d, 0x865d, 0x865d, 0x865d, 0x865d, 0x865d, 0x865d, 0x865d, 0x865d, 0x865d,
0x865d, 0x865d, 0x865d, 0x865d, 0x865d, 0x865d, 0x865d, 0x865d, 0x865d, 0x865d, 0x865d, 0x865d, 0x865d, 0x865d, 0x865d, 0x865d,
0x865d, 0x865d, 0x865d, 0x865d, 0x865d, 0x865d, 0x865d, 0x865d, 0x865d, 0x865d, 0x865d, 0x865d, 0x865d, 0x865d, 0x865d, 0x865d,
0x865d, 0x865d, 0x865d, 0x865d, 0x865d, 0x865d, 0x865d, 0x865d, 0x865d, 0x865d, 0x865d, 0x865d, 0x865d, 0x865d, 0x865d, 0x865d,
0x865d, 0x865d, 0x865d, 0x865d, 0x865d, 0x865d, 0x865d, 0x865d, 0x865d, 0x865d, 0x865d, 0x865d, 0x865d, 0x865d, 0x865d, 0x865d,
0x865d, 0x865d, 0x865d, 0x865d, 0x865d, 0x865d, 0x865d, 0x865d, 0x865d, 0x865d, 0x865d, 0x865d, 0x865d, 0x865d, 0x865d, 0x865d,
0x865d, 0x865d, 0x865d, 0x865d, 0x865d, 0x865d, 0x865d, 0x865d, 0x865d, 0x865d, 0x865d, 0x865d, 0x865d, 0x865d, 0x865d, 0x865d,
0x865d, 0x865d, 0x865d, 0x865d, 0x865d, 0x865d, 0x865d, 0x865d, 0x865d, 0x865d, 0x865d, 0x96bd, 0xa6fe, 0xbf3e, 0xbf3e, 0xbf3e,

/* -30- */
0x865d, 0x865d, 0x865d, 0x865d, 0x865d, 0x865d, 0x865d, 0x865d, 0x865d, 0x865d, 0x865d, 0x865d, 0x865d, 0x865d, 0x865d, 0x865d,
0x865d, 0x865d, 0x865d, 0x865d, 0x865d, 0x865d, 0x865d, 0x865d, 0x865d, 0x865d, 0x865d, 0x865d, 0x865d, 0x865d, 0x865d, 0x865d,
0x865d, 0x865d, 0x865d, 0x865d, 0x865d, 0x865d, 0x865d, 0x865d, 0x865d, 0x865d, 0x865d, 0x865d, 0x865d, 0x865d, 0x865d, 0x865d,
0x865d, 0x865d, 0x865d, 0x865d, 0x865d, 0x865d, 0x865d, 0x865d, 0x865d, 0x865d, 0x865d, 0x865d, 0x865d, 0x865d, 0x865d, 0x865d,
0x865d, 0x867d, 0xbf3e, 0xd75f, 0xc75f, 0xd77f, 0xcf5f, 0xcf5f, 0xdf9f, 0xcf5f, 0xd75f, 0xdf9f, 0x96be, 0x865d, 0x865d, 0x865d,
0x865d, 0x865d, 0x865d, 0x865d, 0x865d, 0x865d, 0x865d, 0x865d, 0x865d, 0x865d, 0x865d, 0x865d, 0x865d, 0x865d, 0x865d, 0x865d,
0x865d, 0x865d, 0x865d, 0x865d, 0x865d, 0x865d, 0x865d, 0x865d, 0x865d, 0x865d, 0x865d, 0x865d, 0x865d, 0x865d, 0x865d, 0x865d,
0x865d, 0x865d, 0x865d, 0x865d, 0x865d, 0x865d, 0x865d, 0x865d, 0x865d, 0x865d, 0x865d, 0x865d, 0x865d, 0x865d, 0x865d, 0x865d,
0x865d, 0x865d, 0x865d, 0x865d, 0x865d, 0x865d, 0x865d, 0x865d, 0x865d, 0x865d, 0x865d, 0x865d, 0x865d, 0x865d, 0x865d, 0x865d,
0x865d, 0x865d, 0x865d, 0x865d, 0x865d, 0x865d, 0x865d, 0x865d, 0x865d, 0x867d, 0x865d, 0x96bd, 0xc73e, 0xc73e, 0x9ebd, 0x9ede,
0xd77f, 0xc75e, 0xbf3f, 0xcf5f, 0xd75f, 0xcf5f, 0xd77f, 0xd77f, 0xd77f, 0xc73f, 0xd75e, 0xd77e, 0xd77f, 0xd77f, 0xd77f, 0xbf3e,
0x867d, 0x865d, 0x865d, 0x865d, 0x865d, 0x865d, 0x865d, 0x865d, 0x865d, 0x865d, 0x865d, 0x865d, 0x865d, 0x865d, 0x865d, 0x865d,
0x865d, 0x865d, 0x865d, 0x865d, 0x865d, 0x865d, 0x865d, 0x865d, 0x865d, 0x865d, 0x865d, 0x865d, 0x865d, 0x865d, 0x865d, 0x865d,
0x865d, 0x865d, 0x865d, 0x865d, 0x865d, 0x865d, 0x865d, 0x865d, 0x865d, 0x865d, 0x865d, 0x865d, 0x865d, 0x865d, 0x865d, 0x865d,
0x865d, 0x865d, 0x865d, 0x865d, 0x865d, 0x865d, 0x865d, 0x865d, 0x865d, 0x865d, 0x865d, 0x865d, 0x865d, 0x865d, 0x865d, 0x865d,
0x865d, 0x865d, 0x865d, 0x865d, 0x865d, 0x865d, 0x865d, 0x865d, 0x865d, 0x865d, 0x865d, 0x865d, 0x865d, 0x865d, 0x865d, 0x865d,
0x865d, 0x865d, 0x865d, 0x865d, 0x865d, 0x865d, 0x865d, 0x865d, 0x865d, 0x865d, 0x865d, 0x865d, 0x865d, 0x865d, 0x865d, 0x865d,
0x865d, 0x865d, 0x865d, 0x865d, 0x865d, 0x865d, 0x865d, 0x865d, 0x865d, 0x865d, 0x865d, 0x865d, 0x865d, 0x865d, 0x865d, 0x865d,
0x865d, 0x865d, 0x865d, 0x865d, 0x865d, 0x865d, 0x865d, 0x865d, 0x865d, 0x865d, 0x865d, 0x865d, 0x865d, 0x865d, 0x865d, 0x865d,
0x865d, 0x865d, 0x865d, 0x865d, 0x865d, 0x865d, 0x865d, 0x7e5d, 0x865d, 0x867d, 0x9ebe, 0xc73e, 0xbf3e, 0xaefe, 0xb71e, 0xc73e,
0xbf3e, 0xa6fe, 0xaefe, 0xbf1e, 0xaefe, 0x9ede, 0xb71e, 0xb71e, 0xa6de, 0xa6de, 0xbf3e, 0xb6fe, 0x865d, 0x867d, 0x8e7d, 0x865d,
0x865d, 0x865d, 0x865d, 0x865d, 0x865d, 0x865d, 0x865d, 0x865d, 0x865d, 0x865d, 0x865d, 0x865d, 0x865d, 0x865d, 0x865d, 0x865d,
0x865d, 0x865d, 0x865d, 0x865d, 0x865d, 0x865d, 0x865d, 0x865d, 0x865d, 0x865d, 0x865d, 0x865d, 0x865d, 0x865d, 0x865d, 0x865d,
0x865d, 0x865d, 0x867d, 0x96bd, 0xaefe, 0xaefe, 0xb71e, 0xcf5f, 0xcf5f, 0xd77e, 0xd75f, 0xb71f, 0xbf3f, 0xb71f, 0xbf1f, 0xd77f,
0xd77f, 0xcf5f, 0xcf5f, 0xaf1f, 0xb71f, 0xc73f, 0xc73e, 0xbf5f, 0x8e9d, 0x867d, 0xb71e, 0xbf3e, 0x96be, 0x865d, 0x867d, 0x865d,
0x865d, 0x865d, 0x865d, 0x865d, 0x865d, 0x865d, 0x865d, 0x865d, 0x865d, 0x865d, 0x865d, 0x865d, 0x865d, 0x865d, 0x865d, 0x865d,
0x865d, 0x865d, 0x865d, 0x865d, 0x865d, 0x865d, 0x865d, 0x865d, 0x865d, 0x865d, 0x865d, 0x865d, 0x865d, 0x865d, 0x865d, 0x865d,
0x865d, 0x865d, 0x865d, 0x865d, 0x865d, 0x865d, 0x865d, 0x865d, 0x865d, 0x865d, 0x865d, 0x865d, 0x865d, 0x865d, 0x865d, 0x865d,
0x865d, 0x865d, 0x865d, 0x865d, 0x865d, 0x865d, 0x865d, 0x865d, 0x865d, 0x865d, 0x865d, 0x865d, 0x865d, 0x865d, 0x865d, 0x865d,
0x865d, 0x865d, 0x865d, 0x865d, 0x865d, 0x865d, 0x865d, 0x865d, 0x865d, 0x865d, 0x865d, 0x865d, 0x865d, 0x865d, 0x865d, 0x865d,
0x865d, 0x865d, 0x865d, 0x865d, 0x865d, 0x865d, 0x865d, 0x865d, 0x865d, 0x865d, 0x865d, 0x865d, 0x865d, 0x865d, 0x865d, 0x865d,
0x865d, 0x865d, 0x865d, 0x865d, 0x865d, 0x865d, 0x865d, 0x865d, 0x865d, 0x865d, 0x865d, 0x865d, 0x865d, 0x865d, 0x865d, 0x865d,
0x865d, 0x865d, 0x865d, 0x865d, 0x865d, 0x865d, 0x865d, 0x865d, 0x865d, 0x865d, 0x865d, 0x865d, 0x865d, 0x865d, 0x865d, 0x865d,
0x865d, 0x865d, 0x865d, 0x865d, 0x865d, 0x865d, 0x865d, 0x865d, 0x865d, 0x865d, 0x865d, 0x865d, 0x865d, 0x865d, 0x865d, 0x865d,
0x865d, 0x865d, 0x865d, 0x865d, 0x865d, 0x865d, 0x865d, 0x865d, 0x865d, 0x865d, 0x865d, 0x865d, 0x865d, 0x865d, 0x865d, 0x865d,
0x865d, 0x865d, 0x865d, 0x865d, 0x865d, 0x865d, 0x865d, 0x865d, 0x865d, 0x865d, 0x865d, 0x865d, 0x865d, 0x865d, 0x865d, 0x865d,
0x865d, 0x865d, 0x865d, 0x865d, 0x865d, 0x865d, 0x865d, 0x865d, 0x865d, 0x865d, 0x865d, 0x865d, 0x865d, 0x865d, 0x865d, 0x865d,
0x865d, 0x865d, 0x865d, 0x865d, 0x865d, 0x865d, 0x865d, 0x865d, 0x865d, 0x865d, 0x865d, 0x865d, 0x865d, 0x865d, 0x865d, 0x865d,
0x865d, 0x865d, 0x865d, 0x865d, 0x865d, 0x865d, 0x865d, 0x865d, 0x865d, 0x865d, 0x865d, 0x865d, 0x865d, 0x865d, 0x865d, 0x865d,
0x865d, 0x865d, 0x865d, 0x865d, 0x865d, 0x865d, 0x865d, 0x865d, 0x865d, 0x865d, 0x865d, 0x865d, 0x865d, 0x865d, 0x865d, 0x865d,
0x865d, 0x865d, 0x865d, 0x865d, 0x865d, 0x865d, 0x865d, 0x865d, 0x865d, 0x865d, 0x865d, 0x865d, 0x865d, 0x865d, 0x865d, 0xbf3e,
0xdf9f, 0xdf7f, 0xdf9f, 0xdf7f, 0xdf7f, 0xdf7f, 0xdf7f, 0xdf9f, 0xdf9e, 0x8e7d, 0x865d, 0x865d, 0x865d, 0x865d, 0x865d, 0x865d,
0x865d, 0x865d, 0x865d, 0x865d, 0x865d, 0x865d, 0x865d, 0x865d, 0x865d, 0x865d, 0x865d, 0x865d, 0x865d, 0x865d, 0x865d, 0x865d,
0x865d, 0x865d, 0x865d, 0x865d, 0x865d, 0x865d, 0x865d, 0x865d, 0x865d, 0x865d, 0x865d, 0x865d, 0x865d, 0x865d, 0x865d, 0x865d,
0x865d, 0x865d, 0x865d, 0x865d, 0x865d, 0x865d, 0x865d, 0x865d, 0x865d, 0x865d, 0x865d, 0x865d, 0x865d, 0x865d, 0x865d, 0x865d,
0x865d, 0x865d, 0x865d, 0x865d, 0x865d, 0x865d, 0x865d, 0x865d, 0x865d, 0x865d, 0x865d, 0x865d, 0x865d, 0x865d, 0x865d, 0x865d,
0x865d, 0x865d, 0x865d, 0x865d, 0x865d, 0x865d, 0x865d, 0x865d, 0x865d, 0x865d, 0x865d, 0x865d, 0x865d, 0x865d, 0x865d, 0x865d,
0x865d, 0x865d, 0x865d, 0x865d, 0x865d, 0x865d, 0x865d, 0x865d, 0x865d, 0x865d, 0x865d, 0x865d, 0x865d, 0x865d, 0x865d, 0x865d,
0x865d, 0x865d, 0x865d, 0x865d, 0x865d, 0x865d, 0x865d, 0x865d, 0x865d, 0x865d, 0x865d, 0x865d, 0x865d, 0x865d, 0x865d, 0x865d,
0x865d, 0x867d, 0xbf3e, 0xd75f, 0xc75f, 0xd77f, 0xcf5f, 0xcf5f, 0xdf9f, 0xcf5f, 0xd75f, 0xdf9f, 0x96be, 0x865d, 0x865d, 0x865d,
0x865d, 0x865d, 0x865d, 0x865d, 0x865d, 0x865d, 0x865d, 0x865d, 0x865d, 0x865d, 0x865d, 0x865d, 0x865d, 0x865d, 0x865d, 0x865d,
0x865d, 0x865d, 0x865d, 0x865d, 0x865d, 0x865d, 0x865d, 0x865d, 0x865d, 0x865d, 0x865d, 0x865d, 0x865d, 0x865d, 0x865d, 0x865d,
0x865d, 0x865d, 0x865d, 0x865d, 0x865d, 0x865d, 0x865d, 0x865d, 0x865d, 0x865d, 0x865d, 0x865d, 0x865d, 0x865d, 0x865d, 0x865d,
0x865d, 0x865d, 0x865d, 0x865d, 0x865d, 0x865d, 0x865d, 0x865d, 0x865d, 0x865d, 0x865d, 0x865d, 0x865d, 0x865d, 0x865d, 0x865d,
0x865d, 0x865d, 0x865d, 0x865d, 0x865d, 0x865d, 0x865d, 0x865d, 0x865d, 0x867d, 0x865d, 0x96bd, 0xc73e, 0xc73e, 0x9ebd, 0x9ede,
0xd77f, 0xc75e, 0xbf3f, 0xcf5f, 0xd75f, 0xcf5f, 0xd77f, 0xd77f, 0xd77f, 0xc73f, 0xd75e, 0xd77e, 0xd77f, 0xd77f, 0xd77f, 0xbf3e,
0x867d, 0x865d, 0x865d, 0x865d, 0x865d, 0x865d, 0x865d, 0x865d, 0x865d, 0x865d, 0x865d, 0x865d, 0x865d, 0x865d, 0x865d, 0x865d,
0x865d, 0x865d, 0x865d, 0x865d, 0x865d, 0x865d, 0x865d, 0x865d, 0x865d, 0x865d, 0x865d, 0x865d, 0x865d, 0x865d, 0x865d, 0x865d,
0x865d, 0x865d, 0x865d, 0x865d, 0x865d, 0x865d, 0x865d, 0x865d, 0x865d, 0x865d, 0x865d, 0x865d, 0x865d, 0x865d, 0x865d, 0x865d,
0x865d, 0x865d, 0x865d, 0x865d, 0x865d, 0x865d, 0x865d, 0x865d, 0x865d, 0x865d, 0x865d, 0x865d, 0x865d, 0x865d, 0x865d, 0x865d,
0x865d, 0x865d, 0x865d, 0x865d, 0x865d, 0x865d, 0x865d, 0x865d, 0x865d, 0x865d, 0x865d, 0x865d, 0x865d, 0x865d, 0x865d, 0x865d,
0x865d, 0x865d, 0x865d, 0x865d, 0x865d, 0x865d, 0x865d, 0x865d, 0x865d, 0x865d, 0x865d, 0x865d, 0x865d, 0x865d, 0x865d, 0x865d,
0x865d, 0x865d, 0x865d, 0x865d, 0x865d, 0x865d, 0x865d, 0x865d, 0x865d, 0x865d, 0x865d, 0x865d, 0x865d, 0x865d, 0x865d, 0x865d,
0x865d, 0x865d, 0x865d, 0x865d, 0x865d, 0x865d, 0x865d, 0x865d, 0x865d, 0x865d, 0x865d, 0x865d, 0x865d, 0x865d, 0x865d, 0x865d,
0x865d, 0x865d, 0x865d, 0x865d, 0x865d, 0x865d, 0x865d, 0x7e5d, 0x865d, 0x867d, 0x9ebe, 0xc73e, 0xbf3e, 0xaefe, 0xb71e, 0xc73e,

/* -31- */
0x865d, 0x865d, 0x865d, 0x865d, 0x865d, 0x865d, 0x865d, 0x865d, 0x865d, 0x865d, 0x865d, 0x865d, 0x865d, 0x865d, 0x865d, 0x865d,
0x865d, 0x865d, 0x865d, 0x865d, 0x865d, 0x865d, 0x865d, 0x865d, 0x865d, 0x865d, 0x865d, 0x865d, 0x865d, 0x865d, 0x865d, 0x865d,
0x865d, 0x865d, 0x865d, 0x865d, 0x865d, 0x865d, 0x865d, 0x865d, 0x865d, 0x865d, 0x865d, 0x865d, 0x865d, 0x865d, 0x865d, 0x865d,
0x865d, 0x865d, 0x865d, 0x865d, 0x865d, 0x865d, 0x865d, 0x865d, 0x865d, 0x865d, 0x865d, 0x865d, 0x865d, 0x865d, 0x865d, 0x865d,
0x867d, 0xb71d, 0xdf9f, 0xdf9f, 0xdf9f, 0xdf9f, 0xcf5f, 0xbf3f, 0xb71f, 0xcf5f, 0xdf9f, 0xd77f, 0x867d, 0x865d, 0x867d, 0x865d,
0x865d, 0x865d, 0x865d, 0x865d, 0x865d, 0x865d, 0x865d, 0x865d, 0x865d, 0x865d, 0x865d, 0x865d, 0x865d, 0x865d, 0x865d, 0x865d,
0x865d, 0x865d, 0x865d, 0x865d, 0x865d, 0x865d, 0x865d, 0x865d, 0x865d, 0x865d, 0x865d, 0x865d, 0x865d, 0x865d, 0x865d, 0x865d,
0x865d, 0x865d, 0x865d, 0x865d, 0x865d, 0x865d, 0x865d, 0x865d, 0x865d, 0x865d, 0x865d, 0x865d, 0x865d, 0x865d, 0x865d, 0x865d,
0x865d, 0x865d, 0x865d, 0x865d, 0x865d, 0x865d, 0x865d, 0x865d, 0x865d, 0x865d, 0x865d, 0x865d, 0x865d, 0x865d, 0x865d, 0x865d,
0x865d, 0x865d, 0x865d, 0x865d, 0x865d, 0x865d, 0x865d, 0x865d, 0x865d, 0x865d, 0x867d, 0xc73e, 0xd77f, 0xd77f, 0xcf5e, 0xcf5e,
0xc75f, 0xd77f, 0xb71f, 0xaf1f, 0xbf3f, 0xbf1f, 0xc73f, 0xcf5f, 0xb71f, 0xcf5f, 0xd77f, 0xd77f, 0xd77f, 0xd77e, 0xd77f, 0xcf5e,
0x867d, 0x865d, 0x865d, 0x865d, 0x865d, 0x865d, 0x865d, 0x865d, 0x865d, 0x865d, 0x865d, 0x865d, 0x865d, 0x865d, 0x865d, 0x865d,
0x865d, 0x865d, 0x865d, 0x865d, 0x865d, 0x865d, 0x865d, 0x865d, 0x865d, 0x865d, 0x865d, 0x865d, 0x865d, 0x865d, 0x865d, 0x865d,
0x865d, 0x865d, 0x865d, 0x865d, 0x865d, 0x865d, 0x865d, 0x865d, 0x865d, 0x865d, 0x865d, 0x865d, 0x865d, 0x865d, 0x865d, 0x865d,
0x865d, 0x865d, 0x865d, 0x865d, 0x865d, 0x865d, 0x865d, 0x865d, 0x865d, 0x865d, 0x865d, 0x865d, 0x865d, 0x865d, 0x865d, 0x865d,
0x865d, 0x865d, 0x865d, 0x865d, 0x865d, 0x865d, 0x865d, 0x865d, 0x865d, 0x865d, 0x865d, 0x865d, 0x865d, 0x865d, 0x865d, 0x865d,
0x865d, 0x865d, 0x865d, 0x865d, 0x865d, 0x865d, 0x865d, 0x865d, 0x865d, 0x865d, 0x865d, 0x865d, 0x865d, 0x865d, 0x865d, 0x865d,
0x865d, 0x865d, 0x865d, 0x865d, 0x865d, 0x865d, 0x865d, 0x865d, 0x865d, 0x865d, 0x865d, 0x865d, 0x865d, 0x865d, 0x865d, 0x865d,
0x865d, 0x865d, 0x865d, 0x865d, 0x865d, 0x865d, 0x865d, 0x865d, 0x865d, 0x865d, 0x865d, 0x865d, 0x865d, 0x865d, 0x865d, 0x865d,
0x865d, 0x865d, 0x865d, 0x865d, 0x865d, 0x865d, 0x865d, 0x867d, 0x865d, 0x8e9d, 0xc73e, 0xbf3e, 0xbf3e, 0xbf3e, 0xa6fe, 0xaefe,
0xa6fe, 0xaefe, 0xc73e, 0xc73e, 0xc73e, 0xbf3e, 0x9ede, 0x9ede, 0xb71e, 0xbf1e, 0xb71e, 0x8e9e, 0x867d, 0xb71e, 0xc73e, 0x9ebe,
0x865d, 0x867d, 0x865d, 0x865d, 0x865d, 0x865d, 0x865d, 0x865d, 0x865d, 0x865d, 0x865d, 0x865d, 0x865d, 0x865d, 0x865d, 0x865d,
0x865d, 0x865d, 0x865d, 0x865d, 0x865d, 0x865d, 0x865d, 0x865d, 0x865d, 0x865d, 0x865d, 0x865d, 0x865d, 0x865d, 0x865d, 0x865d,
0x865d, 0x9ebe, 0xa6de, 0xaefe, 0xa6de, 0x9ede, 0xaefe, 0xcf5f, 0xcf5f, 0xcf5f, 0xcf5f, 0xbf3f, 0xb71f, 0xc75f, 0xcf5f, 0xc73f,
0xcf5f, 0xcf5f, 0xd77f, 0xbf3f, 0xc75f, 0xcf5f, 0xd77f, 0xd77f, 0xa6fe, 0xb71e, 0xc73e, 0xbf1e, 0xbf3e, 0x8e9d, 0x865d, 0x865d,
0x865d, 0x865d, 0x865d, 0x865d, 0x865d, 0x865d, 0x865d, 0x865d, 0x865d, 0x865d, 0x865d, 0x865d, 0x865d, 0x865d, 0x865d, 0x865d,
0x865d, 0x865d, 0x865d, 0x865d, 0x865d, 0x865d, 0x865d, 0x865d, 0x865d, 0x865d, 0x865d, 0x865d, 0x865d, 0x865d, 0x865d, 0x865d,
0x865d, 0x865d, 0x865d, 0x865d, 0x865d, 0x865d, 0x865d, 0x865d, 0x865d, 0x865d, 0x865d, 0x865d, 0x865d, 0x865d, 0x865d, 0x865d,
0x865d, 0x865d, 0x865d, 0x865d, 0x865d, 0x865d, 0x865d, 0x865d, 0x865d, 0x865d, 0x865d, 0x865d, 0x865d, 0x865d, 0x865d, 0x865d,
0x865d, 0x865d, 0x865d, 0x865d, 0x865d, 0x865d, 0x865d, 0x865d, 0x865d, 0x865d, 0x865d, 0x865d, 0x865d, 0x865d, 0x865d, 0x865d,
0x865d, 0x865d, 0x865d, 0x865d, 0x865d, 0x865d, 0x865d, 0x865d, 0x865d, 0x865d, 0x865d, 0x865d, 0x865d, 0x865d, 0x865d, 0x865d,
0x865d, 0x865d, 0x865d, 0x865d, 0x865d, 0x865d, 0x865d, 0x865d, 0x865d, 0x865d, 0x865d, 0x865d, 0x865d, 0x865d, 0x865d, 0x865d,
0x865d, 0x865d, 0x865d, 0x865d, 0x865d, 0x865d, 0x865d, 0x865d, 0x865d, 0x865d, 0x865d, 0x865d, 0x865d, 0x865d, 0x865d, 0x865d,
0x865d, 0x865d, 0x865d, 0x865d, 0x865d, 0x865d, 0x865d, 0x865d, 0x865d, 0x865d, 0x865d, 0x865d, 0x865d, 0x865d, 0x865d, 0x865d,
0x865d, 0x865d, 0x865d, 0x865d, 0x865d, 0x865d, 0x865d, 0x865d, 0x865d, 0x865d, 0x865d, 0x865d, 0x865d, 0x865d, 0x865d, 0x865d,
0x865d, 0x865d, 0x865d, 0x865d, 0x865d, 0x865d, 0x865d, 0x865d, 0x865d, 0x865d, 0x865d, 0x865d, 0x865d, 0x865d, 0x865d, 0x865d,
0x865d, 0x865d, 0x865d, 0x865d, 0x865d, 0x865d, 0x865d, 0x865d, 0x865d, 0x865d, 0x865d, 0x865d, 0x865d, 0x865d, 0x865d, 0x865d,
0x865d, 0x865d, 0x865d, 0x865d, 0x865d, 0x865d, 0x865d, 0x865d, 0x865d, 0x865d, 0x865d, 0x865d, 0x865d, 0x865d, 0x865d, 0x865d,
0x865d, 0x865d, 0x865d, 0x865d, 0x865d, 0x865d, 0x865d, 0x865d, 0x865d, 0x865d, 0x865d, 0x865d, 0x865d, 0x865d, 0x865d, 0x865d,
0x865d, 0x865d, 0x865d, 0x865d, 0x865d, 0x865d, 0x865d, 0x865d, 0x865d, 0x865d, 0x865d, 0x865d, 0x865d, 0x865d, 0x865d, 0x865d,
0x865d, 0x865d, 0x865d, 0x865d, 0x865d, 0x865d, 0x865d, 0x865d, 0x865d, 0x867d, 0xaf1d, 0xcf5f, 0xcf5f, 0x9ede, 0x867d, 0xc75e,
0xdf9f, 0xdf7f, 0xdf7f, 0xdf7f, 0xdf7f, 0xdf7f, 0xdf7f, 0xdf9f, 0xdf9f, 0xb71e, 0xc73e, 0xcf5e, 0x969d, 0x865d, 0x865d, 0x865d,
0x865d, 0x865d, 0x865d, 0x865d, 0x865d, 0x865d, 0x865d, 0x865d, 0x865d, 0x865d, 0x865d, 0x865d, 0x865d, 0x865d, 0x865d, 0x865d,
0x865d, 0x865d, 0x865d, 0x865d, 0x865d, 0x865d, 0x865d, 0x865d, 0x865d, 0x865d, 0x865d, 0x865d, 0x865d, 0x865d, 0x865d, 0x865d,
0x865d, 0x865d, 0x865d, 0x865d, 0x865d, 0x865d, 0x865d, 0x865d, 0x865d, 0x865d, 0x865d, 0x865d, 0x865d, 0x865d, 0x865d, 0x865d,
0x865d, 0x865d, 0x865d, 0x865d, 0x865d, 0x865d, 0x865d, 0x865d, 0x865d, 0x865d, 0x865d, 0x865d, 0x865d, 0x865d, 0x865d, 0x865d,
0x865d, 0x865d, 0x865d, 0x865d, 0x865d, 0x865d, 0x865d, 0x865d, 0x865d, 0x865d, 0x865d, 0x865d, 0x865d, 0x865d, 0x865d, 0x865d,
0x865d, 0x865d, 0x865d, 0x865d, 0x865d, 0x865d, 0x865d, 0x865d, 0x865d, 0x865d, 0x865d, 0x865d, 0x865d, 0x865d, 0x865d, 0x865d,
0x865d, 0x865d, 0x865d, 0x865d, 0x865d, 0x865d, 0x865d, 0x865d, 0x865d, 0x865d, 0x865d, 0x865d, 0x865d, 0x865d, 0x865d, 0x865d,
0x867d, 0xb71d, 0xdf9f, 0xdf9f, 0xdf9f, 0xdf9f, 0xcf5f, 0xbf3f, 0xb71f, 0xcf5f, 0xdf9f, 0xd77f, 0x867d, 0x865d, 0x867d, 0x865d,
0x865d, 0x865d, 0x865d, 0x865d, 0x865d, 0x865d, 0x865d, 0x865d, 0x865d, 0x865d, 0x865d, 0x865d, 0x865d, 0x865d, 0x865d, 0x865d,
0x865d, 0x865d, 0x865d, 0x865d, 0x865d, 0x865d, 0x865d, 0x865d, 0x865d, 0x865d, 0x865d, 0x865d, 0x865d, 0x865d, 0x865d, 0x865d,
0x865d, 0x865d, 0x865d, 0x865d, 0x865d, 0x865d, 0x865d, 0x865d, 0x865d, 0x865d, 0x865d, 0x865d, 0x865d, 0x865d, 0x865d, 0x865d,
0x865d, 0x865d, 0x865d, 0x865d, 0x865d, 0x865d, 0x865d, 0x865d, 0x865d, 0x865d, 0x865d, 0x865d, 0x865d, 0x865d, 0x865d, 0x865d,
0x865d, 0x865d, 0x865d, 0x865d, 0x865d, 0x865d, 0x865d, 0x865d, 0x865d, 0x865d, 0x867d, 0xc73e, 0xd77f, 0xd77f, 0xcf5e, 0xcf5e,
0xc75f, 0xd77f, 0xb71f, 0xaf1f, 0xbf3f, 0xbf1f, 0xc73f, 0xcf5f, 0xb71f, 0xcf5f, 0xd77f, 0xd77f, 0xd77f, 0xd77e, 0xd77f, 0xcf5e,
0x867d, 0x865d, 0x865d, 0x865d, 0x865d, 0x865d, 0x865d, 0x865d, 0x865d, 0x865d, 0x865d, 0x865d, 0x865d, 0x865d, 0x865d, 0x865d,
0x865d, 0x865d, 0x865d, 0x865d, 0x865d, 0x865d, 0x865d, 0x865d, 0x865d, 0x865d, 0x865d, 0x865d, 0x865d, 0x865d, 0x865d, 0x865d,
0x865d, 0x865d, 0x865d, 0x865d, 0x865d, 0x865d, 0x865d, 0x865d, 0x865d, 0x865d, 0x865d, 0x865d, 0x865d, 0x865d, 0x865d, 0x865d,
0x865d, 0x865d, 0x865d, 0x865d, 0x865d, 0x865d, 0x865d, 0x865d, 0x865d, 0x865d, 0x865d, 0x865d, 0x865d, 0x865d, 0x865d, 0x865d,
0x865d, 0x865d, 0x865d, 0x865d, 0x865d, 0x865d, 0x865d, 0x865d, 0x865d, 0x865d, 0x865d, 0x865d, 0x865d, 0x865d, 0x865d, 0x865d,
0x865d, 0x865d, 0x865d, 0x865d, 0x865d, 0x865d, 0x865d, 0x865d, 0x865d, 0x865d, 0x865d, 0x865d, 0x865d, 0x865d, 0x865d, 0x865d,
0x865d, 0x865d, 0x865d, 0x865d, 0x865d, 0x865d, 0x865d, 0x865d, 0x865d, 0x865d, 0x865d, 0x865d, 0x865d, 0x865d, 0x865d, 0x865d,
0x865d, 0x865d, 0x865d, 0x865d, 0x865d, 0x865d, 0x865d, 0x865d, 0x865d, 0x865d, 0x865d, 0x865d, 0x865d, 0x865d, 0x865d, 0x865d,
0x865d, 0x865d, 0x865d, 0x865d, 0x865d, 0x865d, 0x865d, 0x867d, 0x865d, 0x8e9d, 0xc73e, 0xbf3e, 0xbf3e, 0xbf3e, 0xa6fe, 0xaefe,

/* -32- */
0x865d, 0x865d, 0x865d, 0x865d, 0x865d, 0x865d, 0x865d, 0x865d, 0x865d, 0x865d, 0x865d, 0x865d, 0x865d, 0x865d, 0x865d, 0x865d,
0x865d, 0x865d, 0x865d, 0x865d, 0x865d, 0x865d, 0x865d, 0x865d, 0x865d, 0x865d, 0x865d, 0x865d, 0x865d, 0x865d, 0x865d, 0x865d,
0x865d, 0x865d, 0x865d, 0x865d, 0x865d, 0x865d, 0x865d, 0x865d, 0x865d, 0x865d, 0x865d, 0x865d, 0x865d, 0x865d, 0x865d, 0x865d,
0x865d, 0x865d, 0x865d, 0x865d, 0x865d, 0x865d, 0x865d, 0x865d, 0x865d, 0x865d, 0x865d, 0x865d, 0x865d, 0x865d, 0x865d, 0x865d,
0x869c, 0xdf9f, 0xdf7f, 0xdf7e, 0xdf7f, 0xdf7f, 0xdf9f, 0xdf9f, 0xc73f, 0xaeff, 0xbf5f, 0xaeff, 0x9ebe, 0x969e, 0x865d, 0x865d,
0x865d, 0x865d, 0x865d, 0x865d, 0x865d, 0x865d, 0x865d, 0x865d, 0x865d, 0x865d, 0x865d, 0x865d, 0x865d, 0x865d, 0x865d, 0x865d,
0x865d, 0x865d, 0x865d, 0x865d, 0x865d, 0x865d, 0x865d, 0x865d, 0x865d, 0x865d, 0x865d, 0x865d, 0x865d, 0x865d, 0x865d, 0x865d,
0x865d, 0x865d, 0x865d, 0x865d, 0x865d, 0x865d, 0x865d, 0x865d, 0x865d, 0x865d, 0x865d, 0x865d, 0x865d, 0x865d, 0x865d, 0x865d,
0x865d, 0x865d, 0x865d, 0x865d, 0x865d, 0x865d, 0x865d, 0x865d, 0x865d, 0x865d, 0x865d, 0x865d, 0x865d, 0x865d, 0x865d, 0x865d,
0x865d, 0x865d, 0x865d, 0x865d, 0x865d, 0x865d, 0x865d, 0x865d, 0x865d, 0x867d, 0xb6fe, 0xd77f, 0xd75e, 0xd77e, 0xd77f, 0xd77f,
0xd77f, 0xd75f, 0xc73e, 0xcf5f, 0xd77f, 0xbf3f, 0xaefe, 0xa6ff, 0xc73e, 0xd77f, 0xc75f, 0xcf5f, 0xcf5f, 0xd77e, 0xd77f, 0xcf5f,
0x867d, 0x867d, 0x867d, 0x865d, 0x865d, 0x865d, 0x865d, 0x865d, 0x865d, 0x865d, 0x865d, 0x865d, 0x865d, 0x865d, 0x865d, 0x865d,
0x865d, 0x865d, 0x865d, 0x865d, 0x865d, 0x865d, 0x865d, 0x865d, 0x865d, 0x865d, 0x865d, 0x865d, 0x865d, 0x865d, 0x865d, 0x865d,
0x865d, 0x865d, 0x865d, 0x865d, 0x865d, 0x865d, 0x865d, 0x865d, 0x865d, 0x865d, 0x865d, 0x865d, 0x865d, 0x865d, 0x865d, 0x865d,
0x865d, 0x865d, 0x865d, 0x865d, 0x865d, 0x865d, 0x865d, 0x865d, 0x865d, 0x865d, 0x865d, 0x865d, 0x865d, 0x865d, 0x865d, 0x865d,
0x865d, 0x865d, 0x865d, 0x865d, 0x865d, 0x865d, 0x865d, 0x865d, 0x865d, 0x865d, 0x865d, 0x865d, 0x865d, 0x865d, 0x865d, 0x865d,
0x865d, 0x865d, 0x865d, 0x865d, 0x865d, 0x865d, 0x865d, 0x865d, 0x865d, 0x865d, 0x865d, 0x865d, 0x865d, 0x865d, 0x865d, 0x865d,
0x865d, 0x865d, 0x865d, 0x865d, 0x865d, 0x865d, 0x865d, 0x865d, 0x865d, 0x865d, 0x865d, 0x865d, 0x865d, 0x865d, 0x865d, 0x865d,
0x865d, 0x865d, 0x865d, 0x865d, 0x865d, 0x865d, 0x865d, 0x865d, 0x865d, 0x865d, 0x865d, 0x865d, 0x865d, 0x865d, 0x865d, 0x865d,
0x865d, 0x865d, 0x865d, 0x865d, 0x865d, 0x865d, 0x865d, 0x865d, 0x867d, 0x9ebd, 0xb71e, 0xbf3e, 0xbf3e, 0xbf3e, 0xaefe, 0x9ede,
0xb71e, 0xc73e, 0xbf1e, 0xc73e, 0xbf3e, 0xc73e, 0xaefe, 0xbf1e, 0xc73e, 0xc73e, 0xbf3e, 0x96be, 0xaefe, 0xc73e, 0xbf3e, 0xbf3e,
0x8e9d, 0x865d, 0x865d, 0x865d, 0x865d, 0x865d, 0x865d, 0x865d, 0x865d, 0x865d, 0x865d, 0x865d, 0x865d, 0x865d, 0x865d, 0x865d,
0x865d, 0x865d, 0x865d, 0x865d, 0x865d, 0x865d, 0x865d, 0x865d, 0x865d, 0x865d, 0x865d, 0x865d, 0x865d, 0x865d, 0x865d, 0x865d,
0x865d, 0x969e, 0x96be, 0x96be, 0xa6fe, 0xbf3e, 0xcf7f, 0xc73f, 0xbf3f, 0xb71e, 0xaeff, 0xbf3f, 0xcf5f, 0xcf5f, 0xcf5f, 0xb71f,
0xb71f, 0xc75f, 0xb71f, 0xc75f, 0xcf5f, 0xc75f, 0xcf5f, 0xc75f, 0xbf5f, 0xd77f, 0xcf5e, 0xbf1e, 0xbf1e, 0xa6fe, 0x969e, 0x865d,
0x865d, 0x865d, 0x865d, 0x865d, 0x865d, 0x865d, 0x865d, 0x865d, 0x865d, 0x865d, 0x865d, 0x865d, 0x865d, 0x865d, 0x865d, 0x865d,
0x865d, 0x865d, 0x865d, 0x865d, 0x865d, 0x865d, 0x865d, 0x865d, 0x865d, 0x865d, 0x865d, 0x865d, 0x865d, 0x865d, 0x865d, 0x865d,
0x865d, 0x865d, 0x865d, 0x865d, 0x865d, 0x865d, 0x865d, 0x865d, 0x865d, 0x865d, 0x865d, 0x865d, 0x865d, 0x865d, 0x865d, 0x865d,
0x865d, 0x865d, 0x865d, 0x865d, 0x865d, 0x865d, 0x865d, 0x865d, 0x865d, 0x865d, 0x865d, 0x865d, 0x865d, 0x865d, 0x865d, 0x865d,
0x865d, 0x865d, 0x865d, 0x865d, 0x865d, 0x865d, 0x865d, 0x865d, 0x865d, 0x865d, 0x865d, 0x865d, 0x865d, 0x865d, 0x865d, 0x865d,
0x865d, 0x865d, 0x865d, 0x865d, 0x865d, 0x865d, 0x865d, 0x865d, 0x865d, 0x865d, 0x865d, 0x865d, 0x865d, 0x865d, 0x865d, 0x865d,
0x865d, 0x865d, 0x865d, 0x865d, 0x865d, 0x865d, 0x865d, 0x865d, 0x865d, 0x865d, 0x865d, 0x865d, 0x865d, 0x865d, 0x865d, 0x865d,
0x865d, 0x865d, 0x865d, 0x865d, 0x865d, 0x865d, 0x865d, 0x865d, 0x865d, 0x865d, 0x865d, 0x865d, 0x865d, 0x865d, 0x865d, 0x865d,
0x865d, 0x865d, 0x865d, 0x865d, 0x865d, 0x865d, 0x865d, 0x865d, 0x865d, 0x865d, 0x865d, 0x865d, 0x865d, 0x865d, 0x865d, 0x865d,
0x865d, 0x865d, 0x865d, 0x865d, 0x865d, 0x865d, 0x865d, 0x865d, 0x865d, 0x865d, 0x865d, 0x865d, 0x865d, 0x865d, 0x865d, 0x865d,
0x865d, 0x865d, 0x865d, 0x865d, 0x865d, 0x865d, 0x865d, 0x865d, 0x865d, 0x865d, 0x865d, 0x865d, 0x865d, 0x865d, 0x865d, 0x865d,
0x865d, 0x865d, 0x865d, 0x865d, 0x865d, 0x865d, 0x865d, 0x865d, 0x865d, 0x865d, 0x865d, 0x865d, 0x865d, 0x865d, 0x865d, 0x865d,
0x865d, 0x865d, 0x865d, 0x865d, 0x865d, 0x865d, 0x865d, 0x865d, 0x865d, 0x865d, 0x865d, 0x865d, 0x865d, 0x865d, 0x865d, 0x865d,
0x865d, 0x865d, 0x865d, 0x865d, 0x865d, 0x865d, 0x865d, 0x865d, 0x865d, 0x865d, 0x865d, 0x865d, 0x865d, 0x865d, 0x865d, 0x865d,
0x865d, 0x865d, 0x865d, 0x865d, 0x865d, 0x865d, 0x865d, 0x865d, 0x865d, 0x865d, 0x865d, 0x865d, 0x865d, 0x865d, 0x865d, 0x865d,
0x865d, 0x865d, 0x865d, 0x865d, 0x865d, 0x865d, 0x865d, 0x867d, 0x865d, 0xa6de, 0xdf9f, 0xdf9f, 0xdf9f, 0xdf9e, 0xbf5e, 0xcf5e,
0xdf7f, 0xdf7f, 0xdf7f, 0xdf9f, 0xdf9f, 0xdf9f, 0xdf9f, 0xdf9f, 0xdf7f, 0xdf9f, 0xdf9f, 0xdf9f, 0xcf5e, 0x867d, 0x865d, 0x865d,
0x865d, 0x865d, 0x865d, 0x865d, 0x865d, 0x865d, 0x865d, 0x865d, 0x865d, 0x865d, 0x865d, 0x865d, 0x865d, 0x865d, 0x865d, 0x865d,
0x865d, 0x865d, 0x865d, 0x865d, 0x865d, 0x865d, 0x865d, 0x865d, 0x865d, 0x865d, 0x865d, 0x865d, 0x865d, 0x865d, 0x865d, 0x865d,
0x865d, 0x865d, 0x865d, 0x865d, 0x865d, 0x865d, 0x865d, 0x865d, 0x865d, 0x865d, 0x865d, 0x865d, 0x865d, 0x865d, 0x865d, 0x865d,
0x865d, 0x865d, 0x865d, 0x865d, 0x865d, 0x865d, 0x865d, 0x865d, 0x865d, 0x865d, 0x865d, 0x865d, 0x865d, 0x865d, 0x865d, 0x865d,
0x865d, 0x865d, 0x865d, 0x865d, 0x865d, 0x865d, 0x865d, 0x865d, 0x865d, 0x865d, 0x865d, 0x865d, 0x865d, 0x865d, 0x865d, 0x865d,
0x865d, 0x865d, 0x865d, 0x865d, 0x865d, 0x865d, 0x865d, 0x865d, 0x865d, 0x865d, 0x865d, 0x865d, 0x865d, 0x865d, 0x865d, 0x865d,
0x865d, 0x865d, 0x865d, 0x865d, 0x865d, 0x865d, 0x865d, 0x865d, 0x865d, 0x865d, 0x865d, 0x865d, 0x865d, 0x865d, 0x865d, 0x865d,
0x869c, 0xdf9f, 0xdf7f, 0xdf7e, 0xdf7f, 0xdf7f, 0xdf9f, 0xdf9f, 0xc73f, 0xaeff, 0xbf5f, 0xaeff, 0x9ebe, 0x969e, 0x865d, 0x865d,
0x865d, 0x865d, 0x865d, 0x865d, 0x865d, 0x865d, 0x865d, 0x865d, 0x865d, 0x865d, 0x865d, 0x865d, 0x865d, 0x865d, 0x865d, 0x865d,
0x865d, 0x865d, 0x865d, 0x865d, 0x865d, 0x865d, 0x865d, 0x865d, 0x865d, 0x865d, 0x865d, 0x865d, 0x865d, 0x865d, 0x865d, 0x865d,
0x865d, 0x865d, 0x865d, 0x865d, 0x865d, 0x865d, 0x865d, 0x865d, 0x865d, 0x865d, 0x865d, 0x865d, 0x865d, 0x865d, 0x865d, 0x865d,
0x865d, 0x865d, 0x865d, 0x865d, 0x865d, 0x865d, 0x865d, 0x865d, 0x865d, 0x865d, 0x865d, 0x865d, 0x865d, 0x865d, 0x865d, 0x865d,
0x865d, 0x865d, 0x865d, 0x865d, 0x865d, 0x865d, 0x865d, 0x865d, 0x865d, 0x867d, 0xb6fe, 0xd77f, 0xd75e, 0xd77e, 0xd77f, 0xd77f,
0xd77f, 0xd75f, 0xc73e, 0xcf5f, 0xd77f, 0xbf3f, 0xaefe, 0xa6ff, 0xc73e, 0xd77f, 0xc75f, 0xcf5f, 0xcf5f, 0xd77e, 0xd77f, 0xcf5f,
0x867d, 0x867d, 0x867d, 0x865d, 0x865d, 0x865d, 0x865d, 0x865d, 0x865d, 0x865d, 0x865d, 0x865d, 0x865d, 0x865d, 0x865d, 0x865d,
0x865d, 0x865d, 0x865d, 0x865d, 0x865d, 0x865d, 0x865d, 0x865d, 0x865d, 0x865d, 0x865d, 0x865d, 0x865d, 0x865d, 0x865d, 0x865d,
0x865d, 0x865d, 0x865d, 0x865d, 0x865d, 0x865d, 0x865d, 0x865d, 0x865d, 0x865d, 0x865d, 0x865d, 0x865d, 0x865d, 0x865d, 0x865d,
0x865d, 0x865d, 0x865d, 0x865d, 0x865d, 0x865d, 0x865d, 0x865d, 0x865d, 0x865d, 0x865d, 0x865d, 0x865d, 0x865d, 0x865d, 0x865d,
0x865d, 0x865d, 0x865d, 0x865d, 0x865d, 0x865d, 0x865d, 0x865d, 0x865d, 0x865d, 0x865d, 0x865d, 0x865d, 0x865d, 0x865d, 0x865d,
0x865d, 0x865d, 0x865d, 0x865d, 0x865d, 0x865d, 0x865d, 0x865d, 0x865d, 0x865d, 0x865d, 0x865d, 0x865d, 0x865d, 0x865d, 0x865d,
0x865d, 0x865d, 0x865d, 0x865d, 0x865d, 0x865d, 0x865d, 0x865d, 0x865d, 0x865d, 0x865d, 0x865d, 0x865d, 0x865d, 0x865d, 0x865d,
0x865d, 0x865d, 0x865d, 0x865d, 0x865d, 0x865d, 0x865d, 0x865d, 0x865d, 0x865d, 0x865d, 0x865d, 0x865d, 0x865d, 0x865d, 0x865d,
0x865d, 0x865d, 0x865d, 0x865d, 0x865d, 0x865d, 0x865d, 0x865d, 0x867d, 0x9ebd, 0xb71e, 0xbf3e, 0xbf3e, 0xbf3e, 0xaefe, 0x9ede,

/* -33- */
0x865d, 0x865d, 0x865d, 0x865d, 0x865d, 0x865d, 0x865d, 0x865d, 0x865d, 0x865d, 0x865d, 0x865d, 0x865d, 0x865d, 0x865d, 0x865d,
0x865d, 0x865d, 0x865d, 0x865d, 0x865d, 0x865d, 0x865d, 0x865d, 0x865d, 0x865d, 0x865d, 0x865d, 0x865d, 0x865d, 0x865d, 0x865d,
0x865d, 0x865d, 0x865d, 0x865d, 0x865d, 0x865d, 0x865d, 0x865d, 0x865d, 0x865d, 0x865d, 0x865d, 0x865d, 0x865d, 0x865d, 0x865d,
0x865d, 0x865d, 0x865d, 0x865d, 0x865d, 0x865d, 0x865d, 0x865d, 0x865d, 0x865d, 0x865d, 0x865d, 0x865d, 0x865d, 0x865d, 0x865d,
0x7e7d, 0xc75d, 0xdf9f, 0xdf7f, 0xdf7f, 0xdf7f, 0xdf7f, 0xdf7f, 0xdf9f, 0xbf3f, 0xa6ff, 0xcf5f, 0xdf9f, 0xd77f, 0x96bd, 0x865d,
0x865d, 0x865d, 0x865d, 0x865d, 0x865d, 0x865d, 0x865d, 0x865d, 0x865d, 0x865d, 0x865d, 0x865d, 0x865d, 0x865d, 0x865d, 0x865d,
0x865d, 0x865d, 0x865d, 0x865d, 0x865d, 0x865d, 0x865d, 0x865d, 0x865d, 0x865d, 0x865d, 0x865d, 0x865d, 0x865d, 0x865d, 0x865d,
0x865d, 0x865d, 0x865d, 0x865d, 0x865d, 0x865d, 0x865d, 0x865d, 0x865d, 0x865d, 0x865d, 0x865d, 0x865d, 0x865d, 0x865d, 0x865d,
0x865d, 0x865d, 0x865d, 0x865d, 0x865d, 0x865d, 0x865d, 0x865d, 0x865d, 0x865d, 0x865d, 0x865d, 0x865d, 0x865d, 0x865d, 0x865d,
0x865d, 0x865d, 0x865d, 0x865d, 0x865d, 0x865d, 0x865d, 0x865d, 0x7e5d, 0x8e9d, 0xd77f, 0xd77f, 0xd77f, 0xd77f, 0xd77e, 0xd77e,
0xd77f, 0xd77f, 0xc75f, 0xd77f, 0xd77f, 0xd77f, 0xcf5f, 0xaeff, 0xb71f, 0xb71f, 0xc73f, 0xcf5f, 0xb71f, 0xbf1e, 0xd77f, 0xa6de,
0x865d, 0x865d, 0x865d, 0x865d, 0x865d, 0x865d, 0x865d, 0x865d, 0x865d, 0x865d, 0x865d, 0x865d, 0x865d, 0x865d, 0x865d, 0x865d,
0x865d, 0x865d, 0x865d, 0x865d, 0x865d, 0x865d, 0x865d, 0x865d, 0x865d, 0x865d, 0x865d, 0x865d, 0x865d, 0x865d, 0x865d, 0x865d,
0x865d, 0x865d, 0x865d, 0x865d, 0x865d, 0x865d, 0x865d, 0x865d, 0x865d, 0x865d, 0x865d, 0x865d, 0x865d, 0x865d, 0x865d, 0x865d,
0x865d, 0x865d, 0x865d, 0x865d, 0x865d, 0x865d, 0x865d, 0x865d, 0x865d, 0x865d, 0x865d, 0x865d, 0x865d, 0x865d, 0x865d, 0x865d,
0x865d, 0x865d, 0x865d, 0x865d, 0x865d, 0x865d, 0x865d, 0x865d, 0x865d, 0x865d, 0x865d, 0x865d, 0x865d, 0x865d, 0x865d, 0x865d,
0x865d, 0x865d, 0x865d, 0x865d, 0x865d, 0x865d, 0x865d, 0x865d, 0x865d, 0x865d, 0x865d, 0x865d, 0x865d, 0x865d, 0x865d, 0x865d,
0x865d, 0x865d, 0x865d, 0x865d, 0x865d, 0x865d, 0x865d, 0x865d, 0x865d, 0x865d, 0x865d, 0x865d, 0x865d, 0x865d, 0x865d, 0x865d,
0x865d, 0x865d, 0x865d, 0x865d, 0x865d, 0x865d, 0x865d, 0x865d, 0x865d, 0x865d, 0x865d, 0x865d, 0x865d, 0x865d, 0x865d, 0x865d,
0x865d, 0x865d, 0x865d, 0x865d, 0x865d, 0x865d, 0x865d, 0x96bd, 0xaefe, 0xc73e, 0xb71e, 0xb6fe, 0xaefe, 0xa6de, 0xb71e, 0xbf3e,
0xc73e, 0xc73e, 0xaefe, 0xaefe, 0xbf3e, 0xa6fe, 0xb71e, 0xc73e, 0xc73e, 0xc73e, 0xbf1e, 0xaf1e, 0xc73e, 0xbf3e, 0xbf3e, 0xbf1e,
0xa6fe, 0x969e, 0x865d, 0x865d, 0x865d, 0x865d, 0x865d, 0x865d, 0x865d, 0x865d, 0x865d, 0x865d, 0x865d, 0x865d, 0x865d, 0x865d,
0x865d, 0x865d, 0x865d, 0x865d, 0x865d, 0x865d, 0x865d, 0x865d, 0x865d, 0x865d, 0x865d, 0x865d, 0x865d, 0x865d, 0x865d, 0x865d,
0x865d, 0x865d, 0x7e5d, 0x867d, 0xaf1d, 0xb71e, 0xb73e, 0xbf3e, 0xb73f, 0xa71f, 0x9eff, 0xb71f, 0xbf3f, 0xbf3f, 0xbf3f, 0xbf3f,
0xa6ff, 0xa6ff, 0x9ede, 0x9ede, 0xa6fe, 0xaefe, 0xa6fe, 0x9ede, 0x96de, 0xb73e, 0xbf3e, 0xaf1e, 0xa71e, 0xbf3e, 0xbf3e, 0x9edd,
0x865d, 0x865d, 0x865d, 0x865d, 0x865d, 0x865d, 0x865d, 0x865d, 0x865d, 0x865d, 0x865d, 0x865d, 0x865d, 0x865d, 0x865d, 0x865d,
0x865d, 0x865d, 0x865d, 0x865d, 0x865d, 0x865d, 0x865d, 0x865d, 0x865d, 0x865d, 0x865d, 0x865d, 0x865d, 0x865d, 0x865d, 0x865d,
0x865d, 0x865d, 0x865d, 0x865d, 0x865d, 0x865d, 0x865d, 0x865d, 0x865d, 0x865d, 0x865d, 0x865d, 0x865d, 0x865d, 0x865d, 0x865d,
0x865d, 0x865d, 0x865d, 0x865d, 0x865d, 0x865d, 0x865d, 0x865d, 0x865d, 0x865d, 0x865d, 0x865d, 0x865d, 0x865d, 0x865d, 0x865d,
0x865d, 0x865d, 0x865d, 0x865d, 0x865d, 0x865d, 0x865d, 0x865d, 0x865d, 0x865d, 0x865d, 0x865d, 0x865d, 0x865d, 0x865d, 0x865d,
0x865d, 0x865d, 0x865d, 0x865d, 0x865d, 0x865d, 0x865d, 0x865d, 0x865d, 0x865d, 0x865d, 0x865d, 0x865d, 0x865d, 0x865d, 0x865d,
0x865d, 0x865d, 0x865d, 0x865d, 0x865d, 0x865d, 0x865d, 0x865d, 0x865d, 0x865d, 0x865d, 0x865d, 0x865d, 0x865d, 0x865d, 0x865d,
0x865d, 0x865d, 0x865d, 0x865d, 0x865d, 0x865d, 0x865d, 0x865d, 0x865d, 0x865d, 0x865d, 0x865d, 0x865d, 0x865d, 0x865d, 0x865d,
0x865d, 0x865d, 0x865d, 0x865d, 0x865d, 0x865d, 0x865d, 0x865d, 0x865d, 0x865d, 0x865d, 0x865d, 0x865d, 0x865d, 0x865d, 0x865d,
0x865d, 0x865d, 0x865d, 0x865d, 0x865d, 0x865d, 0x865d, 0x865d, 0x865d, 0x865d, 0x865d, 0x865d, 0x865d, 0x865d, 0x865d, 0x865d,
0x865d, 0x865d, 0x865d, 0x865d, 0x865d, 0x865d, 0x865d, 0x865d, 0x865d, 0x865d, 0x865d, 0x865d, 0x865d, 0x865d, 0x865d, 0x865d,
0x865d, 0x865d, 0x865d, 0x865d, 0x865d, 0x865d, 0x865d, 0x865d, 0x865d, 0x865d, 0x865d, 0x865d, 0x865d, 0x865d, 0x865d, 0x865d,
0x865d, 0x865d, 0x865d, 0x865d, 0x865d, 0x865d, 0x865d, 0x865d, 0x865d, 0x865d, 0x865d, 0x865d, 0x865d, 0x865d, 0x865d, 0x865d,
0x865d, 0x865d, 0x865d, 0x865d, 0x865d, 0x865d, 0x865d, 0x865d, 0x865d, 0x865d, 0x865d, 0x865d, 0x865d, 0x865d, 0x865d, 0x865d,
0x865d, 0x865d, 0x865d, 0x865d, 0x865d, 0x865d, 0x865d, 0x865d, 0x865d, 0x865d, 0x865d, 0x865d, 0x865d, 0x865d, 0x865d, 0x865d,
0x865d, 0x865d, 0x865d, 0x865d, 0x865d, 0x865d, 0x867d, 0x865d, 0xaefe, 0xd77f, 0xdf7f, 0xdf7f, 0xdf7f, 0xdf9f, 0xdf9f, 0xd77f,
0xd77f, 0xdf7f, 0xdf7f, 0xdf9f, 0xdf9f, 0xdf9f, 0xdf9f, 0xd77f, 0xdf7f, 0xdf7f, 0xdf7f, 0xdf7f, 0xdf9f, 0xb71e, 0x865d, 0x867d,
0x865d, 0x865d, 0x865d, 0x865d, 0x865d, 0x865d, 0x865d, 0x865d, 0x865d, 0x865d, 0x865d, 0x865d, 0x865d, 0x865d, 0x865d, 0x865d,
0x865d, 0x865d, 0x865d, 0x865d, 0x865d, 0x865d, 0x865d, 0x865d, 0x865d, 0x865d, 0x865d, 0x865d, 0x865d, 0x865d, 0x865d, 0x865d,
0x865d, 0x865d, 0x865d, 0x865d, 0x865d, 0x865d, 0x865d, 0x865d, 0x865d, 0x865d, 0x865d, 0x865d, 0x865d, 0x865d, 0x865d, 0x865d,
0x865d, 0x865d, 0x865d, 0x865d, 0x865d, 0x865d, 0x865d, 0x865d, 0x865d, 0x865d, 0x865d, 0x865d, 0x865d, 0x865d, 0x865d, 0x865d,
0x865d, 0x865d, 0x865d, 0x865d, 0x865d, 0x865d, 0x865d, 0x865d, 0x865d, 0x865d, 0x865d, 0x865d, 0x865d, 0x865d, 0x865d, 0x865d,
0x865d, 0x865d, 0x865d, 0x865d, 0x865d, 0x865d, 0x865d, 0x865d, 0x865d, 0x865d, 0x865d, 0x865d, 0x865d, 0x865d, 0x865d, 0x865d,
0x865d, 0x865d, 0x865d, 0x865d, 0x865d, 0x865d, 0x865d, 0x865d, 0x865d, 0x865d, 0x865d, 0x865d, 0x865d, 0x865d, 0x865d, 0x865d,
0x7e7d, 0xc75d, 0xdf9f, 0xdf7f, 0xdf7f, 0xdf7f, 0xdf7f, 0xdf7f, 0xdf9f, 0xbf3f, 0xa6ff, 0xcf5f, 0xdf9f, 0xd77f, 0x96bd, 0x865d,
0x865d, 0x865d, 0x865d, 0x865d, 0x865d, 0x865d, 0x865d, 0x865d, 0x865d, 0x865d, 0x865d, 0x865d, 0x865d, 0x865d, 0x865d, 0x865d,
0x865d, 0x865d, 0x865d, 0x865d, 0x865d, 0x865d, 0x865d, 0x865d, 0x865d, 0x865d, 0x865d, 0x865d, 0x865d, 0x865d, 0x865d, 0x865d,
0x865d, 0x865d, 0x865d, 0x865d, 0x865d, 0x865d, 0x865d, 0x865d, 0x865d, 0x865d, 0x865d, 0x865d, 0x865d, 0x865d, 0x865d, 0x865d,
0x865d, 0x865d, 0x865d, 0x865d, 0x865d, 0x865d, 0x865d, 0x865d, 0x865d, 0x865d, 0x865d, 0x865d, 0x865d, 0x865d, 0x865d, 0x865d,
0x865d, 0x865d, 0x865d, 0x865d, 0x865d, 0x865d, 0x865d, 0x865d, 0x7e5d, 0x8e9d, 0xd77f, 0xd77f, 0xd77f, 0xd77f, 0xd77e, 0xd77e,
0xd77f, 0xd77f, 0xc75f, 0xd77f, 0xd77f, 0xd77f, 0xcf5f, 0xaeff, 0xb71f, 0xb71f, 0xc73f, 0xcf5f, 0xb71f, 0xbf1e, 0xd77f, 0xa6de,
0x865d, 0x865d, 0x865d, 0x865d, 0x865d, 0x865d, 0x865d, 0x865d, 0x865d, 0x865d, 0x865d, 0x865d, 0x865d, 0x865d, 0x865d, 0x865d,
0x865d, 0x865d, 0x865d, 0x865d, 0x865d, 0x865d, 0x865d, 0x865d, 0x865d, 0x865d, 0x865d, 0x865d, 0x865d, 0x865d, 0x865d, 0x865d,
0x865d, 0x865d, 0x865d, 0x865d, 0x865d, 0x865d, 0x865d, 0x865d, 0x865d, 0x865d, 0x865d, 0x865d, 0x865d, 0x865d, 0x865d, 0x865d,
0x865d, 0x865d, 0x865d, 0x865d, 0x865d, 0x865d, 0x865d, 0x865d, 0x865d, 0x865d, 0x865d, 0x865d, 0x865d, 0x865d, 0x865d, 0x865d,
0x865d, 0x865d, 0x865d, 0x865d, 0x865d, 0x865d, 0x865d, 0x865d, 0x865d, 0x865d, 0x865d, 0x865d, 0x865d, 0x865d, 0x865d, 0x865d,
0x865d, 0x865d, 0x865d, 0x865d, 0x865d, 0x865d, 0x865d, 0x865d, 0x865d, 0x865d, 0x865d, 0x865d, 0x865d, 0x865d, 0x865d, 0x865d,
0x865d, 0x865d, 0x865d, 0x865d, 0x865d, 0x865d, 0x865d, 0x865d, 0x865d, 0x865d, 0x865d, 0x865d, 0x865d, 0x865d, 0x865d, 0x865d,
0x865d, 0x865d, 0x865d, 0x865d, 0x865d, 0x865d, 0x865d, 0x865d, 0x865d, 0x865d, 0x865d, 0x865d, 0x865d, 0x865d, 0x865d, 0x865d,
0x865d, 0x865d, 0x865d, 0x865d, 0x865d, 0x865d, 0x865d, 0x96bd, 0xaefe, 0xc73e, 0xb71e, 0xb6fe, 0xaefe, 0xa6de, 0xb71e, 0xbf3e,

/* -34- */
0x865d, 0x865d, 0x865d, 0x865d, 0x865d, 0x865d, 0x865d, 0x865d, 0x865d, 0x865d, 0x865d, 0x865d, 0x865d, 0x865d, 0x865d, 0x865d,
0x865d, 0x865d, 0x865d, 0x865d, 0x865d, 0x865d, 0x865d, 0x865d, 0x865d, 0x865d, 0x865d, 0x865d, 0x865d, 0x865d, 0x865d, 0x865d,
0x865d, 0x865d, 0x865d, 0x865d, 0x865d, 0x865d, 0x865d, 0x865d, 0x865d, 0x865d, 0x865d, 0x865d, 0x865d, 0x865d, 0x865d, 0x865d,
0x865d, 0x865d, 0x865d, 0x865d, 0x865d, 0x865d, 0x865d, 0x865d, 0x865d, 0x865d, 0x865d, 0x865d, 0x7e5d, 0x865d, 0x867d, 0x9ebe,
0x9ebe, 0x9ebe, 0xc75f, 0xc75f, 0xd77f, 0xdf9f, 0xdf7f, 0xdf7f, 0xdf9f, 0xdf9f, 0xbf3f, 0xdf9f, 0xdf7e, 0xdf9f, 0xcf7d, 0x869d,
0x865d, 0x865d, 0x865d, 0x865d, 0x865d, 0x865d, 0x865d, 0x865d, 0x865d, 0x865d, 0x865d, 0x865d, 0x865d, 0x865d, 0x865d, 0x865d,
0x865d, 0x865d, 0x865d, 0x865d, 0x865d, 0x865d, 0x865d, 0x865d, 0x865d, 0x865d, 0x865d, 0x865d, 0x865d, 0x865d, 0x865d, 0x865d,
0x865d, 0x865d, 0x865d, 0x865d, 0x865d, 0x865d, 0x865d, 0x865d, 0x865d, 0x865d, 0x865d, 0x865d, 0x865d, 0x865d, 0x865d, 0x865d,
0x865d, 0x865d, 0x865d, 0x865d, 0x865d, 0x865d, 0x865d, 0x865d, 0x865d, 0x865d, 0x865d, 0x865d, 0x865d, 0x865d, 0x865d, 0x865d,
0x865d, 0x865d, 0x865d, 0x865d, 0x865d, 0x865d, 0x865d, 0x865d, 0x865d, 0x867d, 0xc73e, 0xd77f, 0xd77f, 0xd77f, 0xd77f, 0xd77f,
0xd77f, 0xc75f, 0xd77f, 0xd77f, 0xd77f, 0xd77f, 0xd77f, 0xaf1f, 0xa6ff, 0xc73f, 0xd77f, 0xd77f, 0xcf5f, 0xbf3f, 0xaf1f, 0x9ede,
0xaefe, 0xb71e, 0xa6de, 0x867d, 0x865d, 0x865d, 0x865d, 0x865d, 0x865d, 0x865d, 0x865d, 0x865d, 0x865d, 0x865d, 0x865d, 0x865d,
0x865d, 0x865d, 0x865d, 0x865d, 0x865d, 0x865d, 0x865d, 0x865d, 0x865d, 0x865d, 0x865d, 0x865d, 0x865d, 0x865d, 0x865d, 0x865d,
0x865d, 0x865d, 0x865d, 0x865d, 0x865d, 0x865d, 0x865d, 0x865d, 0x865d, 0x865d, 0x865d, 0x865d, 0x865d, 0x865d, 0x865d, 0x865d,
0x865d, 0x865d, 0x865d, 0x865d, 0x865d, 0x865d, 0x865d, 0x865d, 0x865d, 0x865d, 0x865d, 0x865d, 0x865d, 0x865d, 0x865d, 0x865d,
0x865d, 0x865d, 0x865d, 0x865d, 0x865d, 0x865d, 0x865d, 0x865d, 0x865d, 0x865d, 0x865d, 0x865d, 0x865d, 0x865d, 0x865d, 0x865d,
0x865d, 0x865d, 0x865d, 0x865d, 0x865d, 0x865d, 0x865d, 0x865d, 0x865d, 0x865d, 0x865d, 0x865d, 0x865d, 0x865d, 0x865d, 0x865d,
0x865d, 0x865d, 0x865d, 0x865d, 0x865d, 0x865d, 0x865d, 0x865d, 0x865d, 0x865d, 0x865d, 0x865d, 0x865d, 0x865d, 0x865d, 0x865d,
0x865d, 0x865d, 0x865d, 0x865d, 0x865d, 0x865d, 0x865d, 0x865d, 0x865d, 0x865d, 0x865d, 0x865d, 0x865d, 0x865d, 0x865d, 0x865d,
0x865d, 0x865d, 0x865d, 0x865d, 0x865d, 0x865d, 0x865d, 0xaf1d, 0xb6fe, 0xb73e, 0xbf3e, 0xaf3e, 0x9efe, 0x96fe, 0xaefe, 0xbf1e,
0xbf1e, 0xbf1e, 0xb71e, 0xa6de, 0x9ede, 0x96de, 0x9ede, 0xa6fe, 0xa6fe, 0xa6fe, 0x9ede, 0x9ede, 0xb73e, 0xbf3e, 0xaf3e, 0xaf1e,
0xbf3e, 0xbf3e, 0xa6dd, 0x865d, 0x865d, 0x865d, 0x865d, 0x865d, 0x865d, 0x865d, 0x865d, 0x865d, 0x865d, 0x865d, 0x865d, 0x865d,
0x865d, 0x865d, 0x865d, 0x865d, 0x865d, 0x865d, 0x865d, 0x865d, 0x865d, 0x865d, 0x865d, 0x865d, 0x865d, 0x865d, 0x865d, 0x865d,
0x865d, 0x865d, 0x865d, 0x865d, 0x7e5d, 0x867d, 0x8e9e, 0x867e, 0x8e9e, 0x867e, 0x867e, 0x8ebe, 0x96de, 0x96de, 0x96be, 0x96de,
0x96be, 0x96be, 0x96be, 0x96be, 0x96be, 0x96be, 0x8e9e, 0x7e7e, 0x867d, 0x867e, 0x867e, 0x867e, 0x867e, 0x867e, 0x869e, 0x867d,
0x865d, 0x865d, 0x865d, 0x865d, 0x865d, 0x865d, 0x865d, 0x865d, 0x865d, 0x865d, 0x865d, 0x865d, 0x865d, 0x865d, 0x865d, 0x865d,
0x865d, 0x865d, 0x865d, 0x865d, 0x865d, 0x865d, 0x865d, 0x865d, 0x865d, 0x865d, 0x865d, 0x865d, 0x865d, 0x865d, 0x865d, 0x865d,
0x865d, 0x865d, 0x865d, 0x865d, 0x865d, 0x865d, 0x865d, 0x865d, 0x865d, 0x865d, 0x865d, 0x865d, 0x865d, 0x865d, 0x865d, 0x865d,
0x865d, 0x865d, 0x865d, 0x865d, 0x865d, 0x865d, 0x865d, 0x865d, 0x865d, 0x865d, 0x865d, 0x865d, 0x865d, 0x865d, 0x865d, 0x865d,
0x865d, 0x865d, 0x865d, 0x865d, 0x865d, 0x865d, 0x865d, 0x865d, 0x865d, 0x865d, 0x865d, 0x865d, 0x865d, 0x865d, 0x865d, 0x865d,
0x865d, 0x865d, 0x865d, 0x865d, 0x865d, 0x865d, 0x865d, 0x865d, 0x865d, 0x865d, 0x865d, 0x865d, 0x865d, 0x865d, 0x865d, 0x865d,
0x865d, 0x865d, 0x865d, 0x865d, 0x865d, 0x865d, 0x865d, 0x865d, 0x865d, 0x865d, 0x865d, 0x865d, 0x865d, 0x865d, 0x865d, 0x865d,
0x865d, 0x865d, 0x865d, 0x865d, 0x8e9d, 0xb6fe, 0xb6fe, 0xa6de, 0x867d, 0x865d, 0x865d, 0x865d, 0x865d, 0x865d, 0x865d, 0x865d,
0x865d, 0x865d, 0x865d, 0x865d, 0x865d, 0x865d, 0x865d, 0x865d, 0x865d, 0x865d, 0x865d, 0x865d, 0x865d, 0x865d, 0x865d, 0x865d,
0x865d, 0x865d, 0x865d, 0x865d, 0x865d, 0x865d, 0x865d, 0x865d, 0x865d, 0x865d, 0x865d, 0x865d, 0x865d, 0x865d, 0x865d, 0x865d,
0x865d, 0x865d, 0x865d, 0x865d, 0x865d, 0x865d, 0x865d, 0x865d, 0x865d, 0x865d, 0x865d, 0x865d, 0x865d, 0x865d, 0x865d, 0x865d,
0x865d, 0x865d, 0x865d, 0x865d, 0x865d, 0x865d, 0x865d, 0x865d, 0x865d, 0x865d, 0x865d, 0x865d, 0x865d, 0x865d, 0x865d, 0x865d,
0x865d, 0x865d, 0x865d, 0x865d, 0x865d, 0x865d, 0x865d, 0x865d, 0x865d, 0x865d, 0x865d, 0x865d, 0x865d, 0x865d, 0x865d, 0x865d,
0x865d, 0x865d, 0x865d, 0x865d, 0x865d, 0x865d, 0x865d, 0x865d, 0x865d, 0x865d, 0x865d, 0x865d, 0x865d, 0x865d, 0x865d, 0x865d,
0x865d, 0x865d, 0x865d, 0x865d, 0x865d, 0x865d, 0x865d, 0x865d, 0x865d, 0x865d, 0x865d, 0x865d, 0x865d, 0x865d, 0x865d, 0x865d,
0x865d, 0x865d, 0x865d, 0x865d, 0x865d, 0x865d, 0x867d, 0x865d, 0xb71e, 0xdf9f, 0xdf7e, 0xdf9f, 0xdf9f, 0xdf7f, 0xdf7e, 0xd77f,
0xdf7f, 0xdf9f, 0xdf7f, 0xdf7f, 0xdf9f, 0xdf9f, 0xcf5f, 0xd77f, 0xdf9f, 0xdf9f, 0xdf7f, 0xdf7e, 0xdf9f, 0xcf7d, 0x867d, 0x865d,
0x865d, 0x865d, 0x865d, 0x865d, 0x865d, 0x865d, 0x865d, 0x865d, 0x865d, 0x865d, 0x865d, 0x865d, 0x865d, 0x865d, 0x865d, 0x865d,
0x865d, 0x865d, 0x865d, 0x865d, 0x865d, 0x865d, 0x865d, 0x865d, 0x865d, 0x865d, 0x865d, 0x865d, 0x865d, 0x865d, 0x865d, 0x865d,
0x865d, 0x865d, 0x865d, 0x865d, 0x865d, 0x865d, 0x865d, 0x865d, 0x865d, 0x865d, 0x865d, 0x865d, 0x865d, 0x865d, 0x865d, 0x865d,
0x865d, 0x865d, 0x865d, 0x865d, 0x865d, 0x865d, 0x865d, 0x865d, 0x865d, 0x865d, 0x865d, 0x865d, 0x865d, 0x865d, 0x865d, 0x865d,
0x865d, 0x865d, 0x865d, 0x865d, 0x865d, 0x865d, 0x865d, 0x865d, 0x865d, 0x865d, 0x865d, 0x865d, 0x865d, 0x865d, 0x865d, 0x865d,
0x865d, 0x865d, 0x865d, 0x865d, 0x865d, 0x865d, 0x865d, 0x865d, 0x865d, 0x865d, 0x865d, 0x865d, 0x865d, 0x865d, 0x865d, 0x865d,
0x865d, 0x865d, 0x865d, 0x865d, 0x865d, 0x865d, 0x865d, 0x865d, 0x865d, 0x865d, 0x865d, 0x865d, 0x7e5d, 0x865d, 0x867d, 0x9ebe,
0x9ebe, 0x9ebe, 0xc75f, 0xc75f, 0xd77f, 0xdf9f, 0xdf7f, 0xdf7f, 0xdf9f, 0xdf9f, 0xbf3f, 0xdf9f, 0xdf7e, 0xdf9f, 0xcf7d, 0x869d,
0x865d, 0x865d, 0x865d, 0x865d, 0x865d, 0x865d, 0x865d, 0x865d, 0x865d, 0x865d, 0x865d, 0x865d, 0x865d, 0x865d, 0x865d, 0x865d,
0x865d, 0x865d, 0x865d, 0x865d, 0x865d, 0x865d, 0x865d, 0x865d, 0x865d, 0x865d, 0x865d, 0x865d, 0x865d, 0x865d, 0x865d, 0x865d,
0x865d, 0x865d, 0x865d, 0x865d, 0x865d, 0x865d, 0x865d, 0x865d, 0x865d, 0x865d, 0x865d, 0x865d, 0x865d, 0x865d, 0x865d, 0x865d,
0x865d, 0x865d, 0x865d, 0x865d, 0x865d, 0x865d, 0x865d, 0x865d, 0x865d, 0x865d, 0x865d, 0x865d, 0x865d, 0x865d, 0x865d, 0x865d,
0x865d, 0x865d, 0x865d, 0x865d, 0x865d, 0x865d, 0x865d, 0x865d, 0x865d, 0x867d, 0xc73e, 0xd77f, 0xd77f, 0xd77f, 0xd77f, 0xd77f,
0xd77f, 0xc75f, 0xd77f, 0xd77f, 0xd77f, 0xd77f, 0xd77f, 0xaf1f, 0xa6ff, 0xc73f, 0xd77f, 0xd77f, 0xcf5f, 0xbf3f, 0xaf1f, 0x9ede,
0xaefe, 0xb71e, 0xa6de, 0x867d, 0x865d, 0x865d, 0x865d, 0x865d, 0x865d, 0x865d, 0x865d, 0x865d, 0x865d, 0x865d, 0x865d, 0x865d,
0x865d, 0x865d, 0x865d, 0x865d, 0x865d, 0x865d, 0x865d, 0x865d, 0x865d, 0x865d, 0x865d, 0x865d, 0x865d, 0x865d, 0x865d, 0x865d,
0x865d, 0x865d, 0x865d, 0x865d, 0x865d, 0x865d, 0x865d, 0x865d, 0x865d, 0x865d, 0x865d, 0x865d, 0x865d, 0x865d, 0x865d, 0x865d,
0x865d, 0x865d, 0x865d, 0x865d, 0x865d, 0x865d, 0x865d, 0x865d, 0x865d, 0x865d, 0x865d, 0x865d, 0x865d, 0x865d, 0x865d, 0x865d,
0x865d, 0x865d, 0x865d, 0x865d, 0x865d, 0x865d, 0x865d, 0x865d, 0x865d, 0x865d, 0x865d, 0x865d, 0x865d, 0x865d, 0x865d, 0x865d,
0x865d, 0x865d, 0x865d, 0x865d, 0x865d, 0x865d, 0x865d, 0x865d, 0x865d, 0x865d, 0x865d, 0x865d, 0x865d, 0x865d, 0x865d, 0x865d,
0x865d, 0x865d, 0x865d, 0x865d, 0x865d, 0x865d, 0x865d, 0x865d, 0x865d, 0x865d, 0x865d, 0x865d, 0x865d, 0x865d, 0x865d, 0x865d,
0x865d, 0x865d, 0x865d, 0x865d, 0x865d, 0x865d, 0x865d, 0x865d, 0x865d, 0x865d, 0x865d, 0x865d, 0x865d, 0x865d, 0x865d, 0x865d,
0x865d, 0x865d, 0x865d, 0x865d, 0x865d, 0x865d, 0x865d, 0xaf1d, 0xb6fe, 0xb73e, 0xbf3e, 0xaf3e, 0x9efe, 0x96fe, 0xaefe, 0xbf1e,

/* -35- */
0x865d, 0x865d, 0x865d, 0x865d, 0x865d, 0x865d, 0x865d, 0x865d, 0x865d, 0x865d, 0x865d, 0x865d, 0x865d, 0x865d, 0x865d, 0x865d,
0x865d, 0x865d, 0x865d, 0x865d, 0x865d, 0x865d, 0x865d, 0x865d, 0x865d, 0x865d, 0x865d, 0x865d, 0x865d, 0x865d, 0x865d, 0x865d,
0x865d, 0x865d, 0x865d, 0x865d, 0x865d, 0x865d, 0x865d, 0x865d, 0x865d, 0x865d, 0x865d, 0x865d, 0x865d, 0x865d, 0x865d, 0x865d,
0x865d, 0x865d, 0x865d, 0x865d, 0x865d, 0x865d, 0x865d, 0x865d, 0x865d, 0x865d, 0x865d, 0x865d, 0x865d, 0x865d, 0xa6fd, 0xdf9f,
0xdf9f, 0xdf9f, 0xb71f, 0xbf3f, 0xdf9f, 0xdf7f, 0xdf7f, 0xdf7f, 0xdf9f, 0xcf5f, 0xa6ff, 0xcf5f, 0xdf9f, 0xdf7f, 0xd79e, 0x867d,
0x865d, 0x865d, 0x865d, 0x865d, 0x865d, 0x865d, 0x865d, 0x865d, 0x865d, 0x865d, 0x865d, 0x865d, 0x865d, 0x865d, 0x865d, 0x865d,
0x865d, 0x865d, 0x865d, 0x865d, 0x865d, 0x865d, 0x865d, 0x865d, 0x865d, 0x865d, 0x865d, 0x865d, 0x865d, 0x865d, 0x865d, 0x865d,
0x865d, 0x865d, 0x865d, 0x865d, 0x865d, 0x865d, 0x865d, 0x865d, 0x865d, 0x865d, 0x865d, 0x865d, 0x865d, 0x865d, 0x865d, 0x865d,
0x865d, 0x865d, 0x865d, 0x865d, 0x865d, 0x865d, 0x865d, 0x865d, 0x865d, 0x865d, 0x865d, 0x865d, 0x865d, 0x865d, 0x865d, 0x865d,
0x865d, 0x865d, 0x865d, 0x865d, 0x865d, 0x865d, 0x865d, 0x865d, 0x969d, 0xbf3e, 0xa6fe, 0xc73f, 0xd77f, 0xd77f, 0xd77f, 0xcf5f,
0xb71f, 0xcf5f, 0xd77f, 0xd77f, 0xd77f, 0xd77f, 0xd77f, 0xb71f, 0xcf5f, 0xd77f, 0xd77f, 0xd77f, 0xd77f, 0xd77f, 0xbf3f, 0xcf7f,
0xd77f, 0xd77f, 0xd77f, 0xb71d, 0x7e5d, 0x865d, 0x865d, 0x865d, 0x865d, 0x865d, 0x865d, 0x865d, 0x865d, 0x865d, 0x865d, 0x865d,
0x865d, 0x865d, 0x865d, 0x865d, 0x865d, 0x865d, 0x865d, 0x865d, 0x865d, 0x865d, 0x865d, 0x865d, 0x865d, 0x865d, 0x865d, 0x865d,
0x865d, 0x865d, 0x865d, 0x865d, 0x865d, 0x865d, 0x865d, 0x865d, 0x865d, 0x865d, 0x865d, 0x865d, 0x865d, 0x865d, 0x865d, 0x865d,
0x865d, 0x865d, 0x865d, 0x865d, 0x865d, 0x865d, 0x865d, 0x865d, 0x865d, 0x865d, 0x865d, 0x865d, 0x865d, 0x865d, 0x865d, 0x865d,
0x865d, 0x865d, 0x865d, 0x865d, 0x865d, 0x865d, 0x865d, 0x865d, 0x865d, 0x865d, 0x865d, 0x865d, 0x865d, 0x865d, 0x865d, 0x865d,
0x865d, 0x865d, 0x865d, 0x865d, 0x865d, 0x865d, 0x865d, 0x865d, 0x865d, 0x865d, 0x865d, 0x865d, 0x865d, 0x865d, 0x865d, 0x865d,
0x865d, 0x865d, 0x865d, 0x865d, 0x865d, 0x865d, 0x865d, 0x865d, 0x865d, 0x865d, 0x865d, 0x865d, 0x865d, 0x865d, 0x865d, 0x865d,
0x865d, 0x865d, 0x865d, 0x865d, 0x865d, 0x865d, 0x865d, 0x865d, 0x865d, 0x865d, 0x865d, 0x865d, 0x865d, 0x865d, 0x865d, 0x865d,
0x865d, 0x865d, 0x865d, 0x865d, 0x865d, 0x865d, 0x865d, 0x7e5d, 0x867d, 0x8e9e, 0x8e7e, 0x8e9e, 0x867e, 0x867e, 0x8ebe, 0x96de,
0x9ede, 0x96de, 0x96de, 0x96de, 0x96be, 0x96de, 0x96be, 0x96be, 0x96be, 0x8e9e, 0x7e7e, 0x867d, 0x867e, 0x867e, 0x867e, 0x867e,
0x867e, 0x869e, 0x867d, 0x865d, 0x865d, 0x865d, 0x865d, 0x865d, 0x865d, 0x865d, 0x865d, 0x865d, 0x865d, 0x865d, 0x865d, 0x865d,
0x865d, 0x865d, 0x865d, 0x865d, 0x865d, 0x865d, 0x865d, 0x865d, 0x865d, 0x865d, 0x865d, 0x865d, 0x865d, 0x865d, 0x865d, 0x865d,
0x865d, 0x865d, 0x865d, 0x865d, 0x865d, 0x865d, 0x865d, 0x865d, 0x865d, 0x865d, 0x865d, 0x865d, 0x865d, 0x865d, 0x865d, 0x865d,
0x865d, 0x865d, 0x865d, 0x865d, 0x865d, 0x865d, 0x865d, 0x865d, 0x865d, 0x865d, 0x865d, 0x865d, 0x865d, 0x865d, 0x865d, 0x865d,
0x865d, 0x865d, 0x865d, 0x865d, 0x865d, 0x865d, 0x865d, 0x865d, 0x865d, 0x865d, 0x865d, 0x865d, 0x865d, 0x865d, 0x865d, 0x865d,
0x865d, 0x865d, 0x865d, 0x865d, 0x865d, 0x865d, 0x865d, 0x865d, 0x865d, 0x865d, 0x865d, 0x865d, 0x865d, 0x865d, 0x865d, 0x865d,
0x865d, 0x865d, 0x865d, 0x865d, 0x865d, 0x865d, 0x865d, 0x865d, 0x865d, 0x865d, 0x865d, 0x865d, 0x865d, 0x865d, 0x865d, 0x865d,
0x865d, 0x865d, 0x865d, 0x865d, 0x865d, 0x865d, 0x865d, 0x865d, 0x865d, 0x865d, 0x865d, 0x865d, 0x865d, 0x865d, 0x865d, 0x865d,
0x865d, 0x865d, 0x865d, 0x865d, 0x865d, 0x865d, 0x865d, 0x865d, 0x865d, 0x865d, 0x865d, 0x865d, 0x865d, 0x865d, 0x865d, 0x865d,
0x865d, 0x865d, 0x865d, 0x865d, 0x865d, 0x865d, 0x865d, 0x865d, 0x865d, 0x865d, 0x865d, 0x865d, 0x865d, 0x865d, 0x865d, 0x865d,
0x865d, 0x865d, 0x865d, 0x865d, 0x865d, 0x865d, 0x865d, 0x865d, 0x865d, 0x865d, 0x865d, 0x865d, 0x865d, 0x865d, 0x865d, 0x865d,
0x865d, 0x865d, 0x865d, 0x865d, 0xaefe, 0xb71e, 0xb6fe, 0xb71e, 0x9edd, 0x865d, 0x865d, 0x865d, 0x865d, 0x865d, 0x865d, 0x865d,
0x865d, 0x865d, 0x865d, 0x865d, 0x865d, 0x865d, 0x865d, 0x865d, 0x865d, 0x865d, 0x865d, 0x865d, 0x865d, 0x865d, 0x865d, 0x865d,
0x865d, 0x865d, 0x865d, 0x865d, 0x865d, 0x865d, 0x865d, 0x865d, 0x865d, 0x865d, 0x865d, 0x865d, 0x865d, 0x865d, 0x865d, 0x865d,
0x865d, 0x865d, 0x865d, 0x865d, 0x865d, 0x865d, 0x865d, 0x865d, 0x865d, 0x865d, 0x865d, 0x865d, 0x865d, 0x865d, 0x865d, 0x865d,
0x865d, 0x865d, 0x865d, 0x865d, 0x865d, 0x865d, 0x865d, 0x865d, 0x865d, 0x865d, 0x865d, 0x865d, 0x865d, 0x865d, 0x865d, 0x865d,
0x865d, 0x865d, 0x865d, 0x865d, 0x865d, 0x865d, 0x865d, 0x865d, 0x865d, 0x865d, 0x865d, 0x865d, 0x865d, 0x865d, 0x865d, 0x865d,
0x865d, 0x865d, 0x865d, 0x865d, 0x865d, 0x865d, 0x865d, 0x865d, 0x865d, 0x865d, 0x865d, 0x865d, 0x865d, 0x865d, 0x865d, 0x865d,
0x865d, 0x865d, 0x865d, 0x865d, 0x865d, 0x865d, 0x865d, 0x865d, 0x865d, 0x865d, 0x865d, 0x865d, 0x865d, 0x865d, 0x865d, 0x865d,
0x865d, 0x865d, 0x865d, 0x865d, 0x865d, 0x865d, 0x865d, 0x865d, 0xaefe, 0xdf9f, 0xdf7f, 0xdf7f, 0xdf7f, 0xdf7f, 0xdf9f, 0xcf5f,
0xbf3f, 0xcf5f, 0xdf9f, 0xdf9f, 0xcf5f, 0xcf5f, 0xd77f, 0xdf7f, 0xc75f, 0xd77f, 0xdf9f, 0xdf7f, 0xdf9f, 0xaf3c, 0x7e7c, 0x865d,
0x867d, 0x865d, 0x865d, 0x865d, 0x865d, 0x865d, 0x865d, 0x865d, 0x865d, 0x865d, 0x865d, 0x865d, 0x865d, 0x865d, 0x865d, 0x865d,
0x865d, 0x865d, 0x865d, 0x865d, 0x865d, 0x865d, 0x865d, 0x865d, 0x865d, 0x865d, 0x865d, 0x865d, 0x865d, 0x865d, 0x865d, 0x865d,
0x865d, 0x865d, 0x865d, 0x865d, 0x865d, 0x865d, 0x865d, 0x865d, 0x865d, 0x865d, 0x865d, 0x865d, 0x865d, 0x865d, 0x865d, 0x865d,
0x865d, 0x865d, 0x865d, 0x865d, 0x865d, 0x865d, 0x865d, 0x865d, 0x865d, 0x865d, 0x865d, 0x865d, 0x865d, 0x865d, 0x865d, 0x865d,
0x865d, 0x865d, 0x865d, 0x865d, 0x865d, 0x865d, 0x865d, 0x865d, 0x865d, 0x865d, 0x865d, 0x865d, 0x865d, 0x865d, 0x865d, 0x865d,
0x865d, 0x865d, 0x865d, 0x865d, 0x865d, 0x865d, 0x865d, 0x865d, 0x865d, 0x865d, 0x865d, 0x865d, 0x865d, 0x865d, 0x865d, 0x865d,
0x865d, 0x865d, 0x865d, 0x865d, 0x865d, 0x865d, 0x865d, 0x865d, 0x865d, 0x865d, 0x865d, 0x865d, 0x865d, 0x865d, 0xa6fd, 0xdf9f,
0xdf9f, 0xdf9f, 0xb71f, 0xbf3f, 0xdf9f, 0xdf7f, 0xdf7f, 0xdf7f, 0xdf9f, 0xcf5f, 0xa6ff, 0xcf5f, 0xdf9f, 0xdf7f, 0xd79e, 0x867d,
0x865d, 0x865d, 0x865d, 0x865d, 0x865d, 0x865d, 0x865d, 0x865d, 0x865d, 0x865d, 0x865d, 0x865d, 0x865d, 0x865d, 0x865d, 0x865d,
0x865d, 0x865d, 0x865d, 0x865d, 0x865d, 0x865d, 0x865d, 0x865d, 0x865d, 0x865d, 0x865d, 0x865d, 0x865d, 0x865d, 0x865d, 0x865d,
0x865d, 0x865d, 0x865d, 0x865d, 0x865d, 0x865d, 0x865d, 0x865d, 0x865d, 0x865d, 0x865d, 0x865d, 0x865d, 0x865d, 0x865d, 0x865d,
0x865d, 0x865d, 0x865d, 0x865d, 0x865d, 0x865d, 0x865d, 0x865d, 0x865d, 0x865d, 0x865d, 0x865d, 0x865d, 0x865d, 0x865d, 0x865d,
0x865d, 0x865d, 0x865d, 0x865d, 0x865d, 0x865d, 0x865d, 0x865d, 0x969d, 0xbf3e, 0xa6fe, 0xc73f, 0xd77f, 0xd77f, 0xd77f, 0xcf5f,
0xb71f, 0xcf5f, 0xd77f, 0xd77f, 0xd77f, 0xd77f, 0xd77f, 0xb71f, 0xcf5f, 0xd77f, 0xd77f, 0xd77f, 0xd77f, 0xd77f, 0xbf3f, 0xcf7f,
0xd77f, 0xd77f, 0xd77f, 0xb71d, 0x7e5d, 0x865d, 0x865d, 0x865d, 0x865d, 0x865d, 0x865d, 0x865d, 0x865d, 0x865d, 0x865d, 0x865d,
0x865d, 0x865d, 0x865d, 0x865d, 0x865d, 0x865d, 0x865d, 0x865d, 0x865d, 0x865d, 0x865d, 0x865d, 0x865d, 0x865d, 0x865d, 0x865d,
0x865d, 0x865d, 0x865d, 0x865d, 0x865d, 0x865d, 0x865d, 0x865d, 0x865d, 0x865d, 0x865d, 0x865d, 0x865d, 0x865d, 0x865d, 0x865d,
0x865d, 0x865d, 0x865d, 0x865d, 0x865d, 0x865d, 0x865d, 0x865d, 0x865d, 0x865d, 0x865d, 0x865d, 0x865d, 0x865d, 0x865d, 0x865d,
0x865d, 0x865d, 0x865d, 0x865d, 0x865d, 0x865d, 0x865d, 0x865d, 0x865d, 0x865d, 0x865d, 0x865d, 0x865d, 0x865d, 0x865d, 0x865d,
0x865d, 0x865d, 0x865d, 0x865d, 0x865d, 0x865d, 0x865d, 0x865d, 0x865d, 0x865d, 0x865d, 0x865d, 0x865d, 0x865d, 0x865d, 0x865d,
0x865d, 0x865d, 0x865d, 0x865d, 0x865d, 0x865d, 0x865d, 0x865d, 0x865d, 0x865d, 0x865d, 0x865d, 0x865d, 0x865d, 0x865d, 0x865d,
0x865d, 0x865d, 0x865d, 0x865d, 0x865d, 0x865d, 0x865d, 0x865d, 0x865d, 0x865d, 0x865d, 0x865d, 0x865d, 0x865d, 0x865d, 0x865d,
0x865d, 0x865d, 0x865d, 0x865d, 0x865d, 0x865d, 0x865d, 0x7e5d, 0x867d, 0x8e9e, 0x8e7e, 0x8e9e, 0x867e, 0x867e, 0x8ebe, 0x96de,

/* -36- */
0x865d, 0x865d, 0x865d, 0x865d, 0x865d, 0x865d, 0x865d, 0x865d, 0x865d, 0x865d, 0x865d, 0x865d, 0x865d, 0x865d, 0x865d, 0x865d,
0x865d, 0x865d, 0x865d, 0x865d, 0x865d, 0x865d, 0x865d, 0x865d, 0x865d, 0x865d, 0x865d, 0x865d, 0x865d, 0x865d, 0x865d, 0x865d,
0x865d, 0x865d, 0x865d, 0x865d, 0x865d, 0x865d, 0x865d, 0x865d, 0x865d, 0x865d, 0x865d, 0x865d, 0x865d, 0x865d, 0x865d, 0x865d,
0x865d, 0x865d, 0x865d, 0x865d, 0x865d, 0x865d, 0x865d, 0x865d, 0x865d, 0x865d, 0x865d, 0x865d, 0x865d, 0x8e7d, 0xd77e, 0xdf9f,
0xdf7f, 0xdf7f, 0xdf7f, 0xc73f, 0xcf5f, 0xdf9f, 0xdf9f, 0xd77f, 0xbf3f, 0xaf1f, 0xa6ff, 0xa6ff, 0xc73f, 0xd77f, 0x9edd, 0x867d,
0x865d, 0x865d, 0x865d, 0x865d, 0x865d, 0x865d, 0x865d, 0x865d, 0x865d, 0x865d, 0x865d, 0x865d, 0x865d, 0x865d, 0x865d, 0x865d,
0x865d, 0x865d, 0x865d, 0x865d, 0x865d, 0x865d, 0x865d, 0x865d, 0x865d, 0x865d, 0x865d, 0x865d, 0x865d, 0x865d, 0x865d, 0x865d,
0x865d, 0x865d, 0x865d, 0x865d, 0x865d, 0x865d, 0x865d, 0x865d, 0x865d, 0x865d, 0x865d, 0x865d, 0x865d, 0x865d, 0x865d, 0x865d,
0x865d, 0x865d, 0x865d, 0x865d, 0x865d, 0x865d, 0x865d, 0x865d, 0x865d, 0x865d, 0x865d, 0x865d, 0x865d, 0x865d, 0x865d, 0x865d,
0x865d, 0x865d, 0x865d, 0x865d, 0x865d, 0x867d, 0x969d, 0xaefe, 0xcf5e, 0xd77f, 0xc73e, 0xaeff, 0xaf1f, 0xbf3f, 0xbf3f, 0xaf1f,
0xaeff, 0xd75f, 0xd77f, 0xd77f, 0xd77f, 0xd77f, 0xc73f, 0xb71f, 0xd77f, 0xd77f, 0xd77f, 0xd77f, 0xd77f, 0xd77f, 0xd77f, 0xd77e,
0xd77e, 0xd75e, 0xd77f, 0xc75e, 0xa6fe, 0xcf5f, 0x9ebd, 0x865d, 0x865d, 0x865d, 0x865d, 0x865d, 0x865d, 0x865d, 0x865d, 0x865d,
0x865d, 0x865d, 0x865d, 0x865d, 0x865d, 0x865d, 0x865d, 0x865d, 0x865d, 0x865d, 0x865d, 0x865d, 0x865d, 0x865d, 0x865d, 0x865d,
0x865d, 0x865d, 0x865d, 0x865d, 0x865d, 0x865d, 0x865d, 0x865d, 0x865d, 0x865d, 0x865d, 0x865d, 0x865d, 0x865d, 0x865d, 0x865d,
0x865d, 0x865d, 0x865d, 0x865d, 0x865d, 0x865d, 0x865d, 0x865d, 0x865d, 0x865d, 0x865d, 0x865d, 0x865d, 0x865d, 0x865d, 0x865d,
0x865d, 0x865d, 0x865d, 0x865d, 0x865d, 0x865d, 0x865d, 0x865d, 0x865d, 0x865d, 0x865d, 0x865d, 0x865d, 0x865d, 0x865d, 0x865d,
0x865d, 0x865d, 0x865d, 0x865d, 0x865d, 0x865d, 0x865d, 0x865d, 0x865d, 0x865d, 0x865d, 0x865d, 0x865d, 0x865d, 0x865d, 0x865d,
0x865d, 0x865d, 0x865d, 0x865d, 0x865d, 0x865d, 0x865d, 0x865d, 0x865d, 0x865d, 0x865d, 0x865d, 0x865d, 0x865d, 0x865d, 0x865d,
0x865d, 0x865d, 0x865d, 0x865d, 0x865d, 0x865d, 0x865d, 0x865d, 0x865d, 0x865d, 0x865d, 0x865d, 0x865d, 0x865d, 0x865d, 0x865d,
0x865d, 0x865d, 0x865d, 0x865d, 0x865d, 0x865d, 0x865d, 0x865d, 0x865d, 0x865d, 0x865d, 0x865d, 0x865d, 0x865d, 0x865d, 0x865d,
0x865d, 0x865d, 0x865d, 0x865d, 0x865d, 0x865d, 0x865d, 0x865d, 0x865d, 0x865d, 0x865d, 0x865d, 0x865d, 0x865d, 0x865d, 0x865d,
0x865d, 0x865d, 0x865d, 0x865d, 0x865d, 0x865d, 0x865d, 0x865d, 0x865d, 0x865d, 0x865d, 0x865d, 0x865d, 0x865d, 0x865d, 0x865d,
0x865d, 0x865d, 0x865d, 0x865d, 0x865d, 0x865d, 0x865d, 0x865d, 0x865d, 0x865d, 0x865d, 0x865d, 0x865d, 0x865d, 0x865d, 0x865d,
0x865d, 0x865d, 0x865d, 0x865d, 0x865d, 0x865d, 0x865d, 0x865d, 0x865d, 0x865d, 0x865d, 0x865d, 0x865d, 0x865d, 0x865d, 0x865d,
0x865d, 0x865d, 0x865d, 0x865d, 0x865d, 0x865d, 0x865d, 0x865d, 0x865d, 0x865d, 0x865d, 0x865d, 0x865d, 0x865d, 0x865d, 0x865d,
0x865d, 0x865d, 0x865d, 0x865d, 0x865d, 0x865d, 0x865d, 0x865d, 0x865d, 0x865d, 0x865d, 0x865d, 0x865d, 0x865d, 0x865d, 0x865d,
0x865d, 0x865d, 0x865d, 0x865d, 0x865d, 0x865d, 0x865d, 0x865d, 0x865d, 0x865d, 0x865d, 0x865d, 0x865d, 0x865d, 0x865d, 0x865d,
0x865d, 0x865d, 0x865d, 0x865d, 0x865d, 0x865d, 0x865d, 0x865d, 0x865d, 0x865d, 0x865d, 0x865d, 0x865d, 0x865d, 0x865d, 0x865d,
0x865d, 0x865d, 0x865d, 0x865d, 0x865d, 0x865d, 0x865d, 0x865d, 0x865d, 0x865d, 0x865d, 0x865d, 0x865d, 0x865d, 0x865d, 0x865d,
0x865d, 0x865d, 0x865d, 0x865d, 0x865d, 0x865d, 0x865d, 0x865d, 0x865d, 0x865d, 0x865d, 0x865d, 0x865d, 0x865d, 0x865d, 0x865d,
0x865d, 0x865d, 0x865d, 0x865d, 0x865d, 0x865d, 0x865d, 0x865d, 0x865d, 0x865d, 0x865d, 0x865d, 0x865d, 0x865d, 0x865d, 0x865d,
0x865d, 0x865d, 0x865d, 0x865d, 0x865d, 0x865d, 0x865d, 0x865d, 0x865d, 0x865d, 0x865d, 0x865d, 0x865d, 0x865d, 0x865d, 0x865d,
0x865d, 0x865d, 0x865d, 0x8e9d, 0xaefe, 0xaefe, 0xb6fe, 0xb6fe, 0xa6de, 0xa6fe, 0x969d, 0x865d, 0x865d, 0x865d, 0x865d, 0x865d,
0x865d, 0x865d, 0x865d, 0x865d, 0x865d, 0x865d, 0x865d, 0x865d, 0x865d, 0x865d, 0x865d, 0x865d, 0x865d, 0x865d, 0x865d, 0x865d,
0x865d, 0x865d, 0x865d, 0x865d, 0x865d, 0x865d, 0x865d, 0x865d, 0x865d, 0x865d, 0x865d, 0x865d, 0x865d, 0x865d, 0x865d, 0x865d,
0x865d, 0x865d, 0x865d, 0x865d, 0x865d, 0x865d, 0x865d, 0x865d, 0x865d, 0x865d, 0x865d, 0x865d, 0x865d, 0x865d, 0x865d, 0x865d,
0x865d, 0x865d, 0x865d, 0x865d, 0x865d, 0x865d, 0x865d, 0x865d, 0x865d, 0x865d, 0x865d, 0x865d, 0x865d, 0x865d, 0x865d, 0x865d,
0x865d, 0x865d, 0x865d, 0x865d, 0x865d, 0x865d, 0x865d, 0x865d, 0x865d, 0x865d, 0x865d, 0x865d, 0x865d, 0x865d, 0x865d, 0x865d,
0x865d, 0x865d, 0x865d, 0x865d, 0x865d, 0x865d, 0x865d, 0x865d, 0x865d, 0x865d, 0x865d, 0x865d, 0x865d, 0x865d, 0x865d, 0x865d,
0x865d, 0x865d, 0x865d, 0x865d, 0x865d, 0x865d, 0x865d, 0x865d, 0x865d, 0x865d, 0x865d, 0x865d, 0x865d, 0x865d, 0x865d, 0x865d,
0x865d, 0x865d, 0x865d, 0x865d, 0x865d, 0x96bd, 0xaefe, 0x867d, 0x8ebe, 0xc79f, 0xd77f, 0xdf9f, 0xdf9f, 0xdf9f, 0xc75f, 0xb71f,
0xa6ff, 0xaf1f, 0xbf3f, 0xbf3f, 0xc73f, 0xd77f, 0xdf9f, 0xdf7f, 0xcf5f, 0xbf3f, 0xcf5f, 0xdf9f, 0xc75f, 0xa71e, 0x9edd, 0x865d,
0x865d, 0x865d, 0x865d, 0x865d, 0x865d, 0x865d, 0x865d, 0x865d, 0x865d, 0x865d, 0x865d, 0x865d, 0x865d, 0x865d, 0x865d, 0x865d,
0x865d, 0x865d, 0x865d, 0x865d, 0x865d, 0x865d, 0x865d, 0x865d, 0x865d, 0x865d, 0x865d, 0x865d, 0x865d, 0x865d, 0x865d, 0x865d,
0x865d, 0x865d, 0x865d, 0x865d, 0x865d, 0x865d, 0x865d, 0x865d, 0x865d, 0x865d, 0x865d, 0x865d, 0x865d, 0x865d, 0x865d, 0x865d,
0x865d, 0x865d, 0x865d, 0x865d, 0x865d, 0x865d, 0x865d, 0x865d, 0x865d, 0x865d, 0x865d, 0x865d, 0x865d, 0x865d, 0x865d, 0x865d,
0x865d, 0x865d, 0x865d, 0x865d, 0x865d, 0x865d, 0x865d, 0x865d, 0x865d, 0x865d, 0x865d, 0x865d, 0x865d, 0x865d, 0x865d, 0x865d,
0x865d, 0x865d, 0x865d, 0x865d, 0x865d, 0x865d, 0x865d, 0x865d, 0x865d, 0x865d, 0x865d, 0x865d, 0x865d, 0x865d, 0x865d, 0x865d,
0x865d, 0x865d, 0x865d, 0x865d, 0x865d, 0x865d, 0x865d, 0x865d, 0x865d, 0x865d, 0x865d, 0x865d, 0x865d, 0x8e7d, 0xd77e, 0xdf9f,
0xdf7f, 0xdf7f, 0xdf7f, 0xc73f, 0xcf5f, 0xdf9f, 0xdf9f, 0xd77f, 0xbf3f, 0xaf1f, 0xa6ff, 0xa6ff, 0xc73f, 0xd77f, 0x9edd, 0x867d,
0x865d, 0x865d, 0x865d, 0x865d, 0x865d, 0x865d, 0x865d, 0x865d, 0x865d, 0x865d, 0x865d, 0x865d, 0x865d, 0x865d, 0x865d, 0x865d,
0x865d, 0x865d, 0x865d, 0x865d, 0x865d, 0x865d, 0x865d, 0x865d, 0x865d, 0x865d, 0x865d, 0x865d, 0x865d, 0x865d, 0x865d, 0x865d,
0x865d, 0x865d, 0x865d, 0x865d, 0x865d, 0x865d, 0x865d, 0x865d, 0x865d, 0x865d, 0x865d, 0x865d, 0x865d, 0x865d, 0x865d, 0x865d,
0x865d, 0x865d, 0x865d, 0x865d, 0x865d, 0x865d, 0x865d, 0x865d, 0x865d, 0x865d, 0x865d, 0x865d, 0x865d, 0x865d, 0x865d, 0x865d,
0x865d, 0x865d, 0x865d, 0x865d, 0x865d, 0x867d, 0x969d, 0xaefe, 0xcf5e, 0xd77f, 0xc73e, 0xaeff, 0xaf1f, 0xbf3f, 0xbf3f, 0xaf1f,
0xaeff, 0xd75f, 0xd77f, 0xd77f, 0xd77f, 0xd77f, 0xc73f, 0xb71f, 0xd77f, 0xd77f, 0xd77f, 0xd77f, 0xd77f, 0xd77f, 0xd77f, 0xd77e,
0xd77e, 0xd75e, 0xd77f, 0xc75e, 0xa6fe, 0xcf5f, 0x9ebd, 0x865d, 0x865d, 0x865d, 0x865d, 0x865d, 0x865d, 0x865d, 0x865d, 0x865d,
0x865d, 0x865d, 0x865d, 0x865d, 0x865d, 0x865d, 0x865d, 0x865d, 0x865d, 0x865d, 0x865d, 0x865d, 0x865d, 0x865d, 0x865d, 0x865d,
0x865d, 0x865d, 0x865d, 0x865d, 0x865d, 0x865d, 0x865d, 0x865d, 0x865d, 0x865d, 0x865d, 0x865d, 0x865d, 0x865d, 0x865d, 0x865d,
0x865d, 0x865d, 0x865d, 0x865d, 0x865d, 0x865d, 0x865d, 0x865d, 0x865d, 0x865d, 0x865d, 0x865d, 0x865d, 0x865d, 0x865d, 0x865d,
0x865d, 0x865d, 0x865d, 0x865d, 0x865d, 0x865d, 0x865d, 0x865d, 0x865d, 0x865d, 0x865d, 0x865d, 0x865d, 0x865d, 0x865d, 0x865d,
0x865d, 0x865d, 0x865d, 0x865d, 0x865d, 0x865d, 0x865d, 0x865d, 0x865d, 0x865d, 0x865d, 0x865d, 0x865d, 0x865d, 0x865d, 0x865d,
0x865d, 0x865d, 0x865d, 0x865d, 0x865d, 0x865d, 0x865d, 0x865d, 0x865d, 0x865d, 0x865d, 0x865d, 0x865d, 0x865d, 0x865d, 0x865d,
0x865d, 0x865d, 0x865d, 0x865d, 0x865d, 0x865d, 0x865d, 0x865d, 0x865d, 0x865d, 0x865d, 0x865d, 0x865d, 0x865d, 0x865d, 0x865d,
0x865d, 0x865d, 0x865d, 0x865d, 0x865d, 0x865d, 0x865d, 0x865d, 0x865d, 0x865d, 0x865d, 0x865d, 0x865d, 0x865d, 0x865d, 0x865d,

/* -37- */
0x865d, 0x865d, 0x865d, 0x865d, 0x865d, 0x865d, 0x865d, 0x865d, 0x865d, 0x865d, 0x865d, 0x865d, 0x865d, 0x865d, 0x865d, 0x865d,
0x865d, 0x865d, 0x865d, 0x865d, 0x865d, 0x865d, 0x865d, 0x865d, 0x865d, 0x865d, 0x865d, 0x865d, 0x865d, 0x865d, 0x865d, 0x865d,
0x865d, 0x865d, 0x865d, 0x865d, 0x865d, 0x865d, 0x865d, 0x865d, 0x865d, 0x865d, 0x865d, 0x865d, 0x865d, 0x865d, 0x865d, 0x865d,
0x865d, 0x865d, 0x865d, 0x865d, 0x865d, 0x865d, 0x865d, 0x865d, 0x865d, 0x865d, 0x865d, 0x867d, 0x865d, 0xb71e, 0xdf9f, 0xdf7f,
0xdf7f, 0xdf7f, 0xdf9f, 0xd77f, 0xb71f, 0xbf1f, 0xc75f, 0xb71f, 0xbf3f, 0xd77f, 0xdf7f, 0xc75f, 0xa6ff, 0xa6ff, 0xc75e, 0xcf5e,
0x96bd, 0x865d, 0x865d, 0x865d, 0x865d, 0x865d, 0x865d, 0x865d, 0x865d, 0x865d, 0x865d, 0x865d, 0x865d, 0x865d, 0x865d, 0x865d,
0x865d, 0x865d, 0x865d, 0x865d, 0x865d, 0x865d, 0x865d, 0x865d, 0x865d, 0x865d, 0x865d, 0x865d, 0x865d, 0x865d, 0x865d, 0x865d,
0x865d, 0x865d, 0x865d, 0x865d, 0x865d, 0x865d, 0x865d, 0x865d, 0x865d, 0x865d, 0x865d, 0x865d, 0x865d, 0x865d, 0x865d, 0x865d,
0x865d, 0x865d, 0x865d, 0x865d, 0x865d, 0x865d, 0x865d, 0x865d, 0x865d, 0x865d, 0x865d, 0x865d, 0x865d, 0x865d, 0x865d, 0x865d,
0x865d, 0x865d, 0x865d, 0x865d, 0x865d, 0xaf1c, 0xd77f, 0xd77f, 0xd77f, 0xd77e, 0xd77f, 0xcf5e, 0xb71f, 0xaeff, 0xa6df, 0xa6ff,
0x9edf, 0xc73f, 0xd77f, 0xd77f, 0xd77e, 0xd77f, 0xa6ff, 0xc75f, 0xd77f, 0xd77f, 0xd77f, 0xd77f, 0xcf5f, 0xcf5f, 0xd77f, 0xd77f,
0xd77f, 0xcf5f, 0xc73f, 0xcf5f, 0xd77f, 0xd77f, 0xd77e, 0xaefc, 0x865d, 0x865d, 0x865d, 0x865d, 0x865d, 0x865d, 0x865d, 0x865d,
0x865d, 0x865d, 0x865d, 0x865d, 0x865d, 0x865d, 0x865d, 0x865d, 0x865d, 0x865d, 0x865d, 0x865d, 0x865d, 0x865d, 0x865d, 0x865d,
0x865d, 0x865d, 0x865d, 0x865d, 0x865d, 0x865d, 0x865d, 0x865d, 0x865d, 0x865d, 0x865d, 0x865d, 0x865d, 0x865d, 0x865d, 0x865d,
0x865d, 0x865d, 0x865d, 0x865d, 0x865d, 0x865d, 0x865d, 0x865d, 0x865d, 0x865d, 0x865d, 0x865d, 0x865d, 0x865d, 0x865d, 0x865d,
0x865d, 0x865d, 0x865d, 0x865d, 0x865d, 0x865d, 0x865d, 0x8e7d, 0xaefe, 0xb6fe, 0xaefe, 0x8e9d, 0x865d, 0x867d, 0x865d, 0x865d,
0x865d, 0x865d, 0x865d, 0x865d, 0x865d, 0x865d, 0x865d, 0x865d, 0x865d, 0x865d, 0x865d, 0x865d, 0x865d, 0x865d, 0x865d, 0x865d,
0x865d, 0x865d, 0x865d, 0x865d, 0x865d, 0x865d, 0x865d, 0x865d, 0x865d, 0x865d, 0x865d, 0x865d, 0x865d, 0x865d, 0x865d, 0x865d,
0x865d, 0x865d, 0x865d, 0x865d, 0x865d, 0x865d, 0x865d, 0x865d, 0x865d, 0x865d, 0x865d, 0x865d, 0x865d, 0x865d, 0x865d, 0x865d,
0x865d, 0x865d, 0x865d, 0x865d, 0x865d, 0x865d, 0x865d, 0x865d, 0x865d, 0x865d, 0x865d, 0x865d, 0x865d, 0x865d, 0x865d, 0x865d,
0x865d, 0x865d, 0x865d, 0x865d, 0x865d, 0x865d, 0x865d, 0x865d, 0x865d, 0x865d, 0x865d, 0x865d, 0x865d, 0x865d, 0x865d, 0x865d,
0x865d, 0x865d, 0x865d, 0x865d, 0x865d, 0x865d, 0x865d, 0x865d, 0x865d, 0x865d, 0x865d, 0x865d, 0x865d, 0x865d, 0x865d, 0x865d,
0x865d, 0x865d, 0x865d, 0x865d, 0x865d, 0x865d, 0x865d, 0x865d, 0x865d, 0x865d, 0x865d, 0x865d, 0x865d, 0x865d, 0x865d, 0x865d,
0x865d, 0x865d, 0x865d, 0x865d, 0x865d, 0x865d, 0x865d, 0x865d, 0x865d, 0x865d, 0x865d, 0x865d, 0x865d, 0x865d, 0x865d, 0x865d,
0x865d, 0x865d, 0x865d, 0x865d, 0x865d, 0x865d, 0x865d, 0x865d, 0x865d, 0x865d, 0x865d, 0x865d, 0x865d, 0x865d, 0x865d, 0x865d,
0x865d, 0x865d, 0x865d, 0x865d, 0x865d, 0x865d, 0x865d, 0x865d, 0x865d, 0x865d, 0x865d, 0x865d, 0x865d, 0x865d, 0x865d, 0x865d,
0x865d, 0x865d, 0x865d, 0x865d, 0x865d, 0x865d, 0x865d, 0x865d, 0x865d, 0x865d, 0x865d, 0x865d, 0x865d, 0x865d, 0x865d, 0x865d,
0x865d, 0x865d, 0x865d, 0x865d, 0x865d, 0x865d, 0x865d, 0x865d, 0x865d, 0x865d, 0x865d, 0x865d, 0x865d, 0x865d, 0x865d, 0x865d,
0x865d, 0x865d, 0x865d, 0x865d, 0x865d, 0x865d, 0x865d, 0x865d, 0x865d, 0x865d, 0x865d, 0x865d, 0x865d, 0x865d, 0x865d, 0x865d,
0x865d, 0x865d, 0x865d, 0x865d, 0x865d, 0x865d, 0x865d, 0x865d, 0x865d, 0x865d, 0x865d, 0x865d, 0x865d, 0x865d, 0x865d, 0x865d,
0x865d, 0x865d, 0x865d, 0x865d, 0x865d, 0x865d, 0x865d, 0x865d, 0x865d, 0x865d, 0x865d, 0x865d, 0x865d, 0x865d, 0x865d, 0x865d,
0x865d, 0x865d, 0x865d, 0x865d, 0x865d, 0x865d, 0x865d, 0x865d, 0x865d, 0x865d, 0x865d, 0x865d, 0x865d, 0x865d, 0x865d, 0x865d,
0x865d, 0x867d, 0x867d, 0xaefe, 0xb71e, 0xaefe, 0xa6de, 0xa6de, 0xb6fe, 0xb71e, 0xb6fe, 0x867d, 0x865d, 0x865d, 0x865d, 0x865d,
0x865d, 0x865d, 0x865d, 0x865d, 0x865d, 0x865d, 0x865d, 0x865d, 0x865d, 0x865d, 0x865d, 0x865d, 0x865d, 0x865d, 0x865d, 0x865d,
0x865d, 0x865d, 0x865d, 0x865d, 0x865d, 0x865d, 0x865d, 0x865d, 0x865d, 0x865d, 0x865d, 0x865d, 0x865d, 0x865d, 0x865d, 0x865d,
0x865d, 0x865d, 0x865d, 0x865d, 0x865d, 0x865d, 0x865d, 0x865d, 0x865d, 0x865d, 0x865d, 0x865d, 0x865d, 0x865d, 0x865d, 0x865d,
0x865d, 0x865d, 0x865d, 0x865d, 0x865d, 0x865d, 0x865d, 0x865d, 0x865d, 0x865d, 0x865d, 0x865d, 0x865d, 0x865d, 0x865d, 0x865d,
0x865d, 0x865d, 0x865d, 0x865d, 0x865d, 0x865d, 0x865d, 0x865d, 0x865d, 0x865d, 0x865d, 0x865d, 0x865d, 0x865d, 0x865d, 0x865d,
0x865d, 0x865d, 0x865d, 0x865d, 0x865d, 0x865d, 0x865d, 0x865d, 0x865d, 0x865d, 0x865d, 0x865d, 0x865d, 0x865d, 0x865d, 0x865d,
0x865d, 0x865d, 0x865d, 0x865d, 0x865d, 0x865d, 0x865d, 0x865d, 0x865d, 0x865d, 0x865d, 0x865d, 0x865d, 0x865d, 0x865d, 0x865d,
0x865d, 0x865d, 0x867d, 0x867d, 0x96bd, 0xd77e, 0xdf9f, 0xcf5e, 0xc75e, 0xb73f, 0xb71f, 0xcf5f, 0xd77f, 0xbf3f, 0xa6ff, 0xa6ff,
0xa6ff, 0xa6ff, 0xa6ff, 0xbf3f, 0xdf7f, 0xdf9f, 0xdf7f, 0xdf7f, 0xdf9f, 0xcf5f, 0xb71f, 0xb73f, 0xaeff, 0xcf7f, 0xd77e, 0xc73e,
0xc73e, 0xc73e, 0xc73e, 0x96bc, 0x865d, 0x867d, 0x865d, 0x865d, 0x865d, 0x865d, 0x865d, 0x865d, 0x865d, 0x865d, 0x865d, 0x865d,
0x865d, 0x865d, 0x865d, 0x865d, 0x865d, 0x865d, 0x865d, 0x865d, 0x865d, 0x865d, 0x865d, 0x865d, 0x865d, 0x865d, 0x865d, 0x865d,
0x865d, 0x865d, 0x865d, 0x865d, 0x865d, 0x865d, 0x865d, 0x865d, 0x865d, 0x865d, 0x865d, 0x865d, 0x865d, 0x865d, 0x865d, 0x865d,
0x865d, 0x865d, 0x865d, 0x865d, 0x865d, 0x865d, 0x865d, 0x865d, 0x865d, 0x865d, 0x865d, 0x865d, 0x865d, 0x865d, 0x865d, 0x865d,
0x865d, 0x865d, 0x865d, 0x865d, 0x865d, 0x865d, 0x865d, 0x865d, 0x865d, 0x865d, 0x865d, 0x865d, 0x865d, 0x865d, 0x865d, 0x865d,
0x865d, 0x865d, 0x865d, 0x865d, 0x865d, 0x865d, 0x865d, 0x865d, 0x865d, 0x865d, 0x865d, 0x865d, 0x865d, 0x865d, 0x865d, 0x865d,
0x865d, 0x865d, 0x865d, 0x865d, 0x865d, 0x865d, 0x865d, 0x865d, 0x865d, 0x865d, 0x865d, 0x867d, 0x865d, 0xb71e, 0xdf9f, 0xdf7f,
0xdf7f, 0xdf7f, 0xdf9f, 0xd77f, 0xb71f, 0xbf1f, 0xc75f, 0xb71f, 0xbf3f, 0xd77f, 0xdf7f, 0xc75f, 0xa6ff, 0xa6ff, 0xc75e, 0xcf5e,
0x96bd, 0x865d, 0x865d, 0x865d, 0x865d, 0x865d, 0x865d, 0x865d, 0x865d, 0x865d, 0x865d, 0x865d, 0x865d, 0x865d, 0x865d, 0x865d,
0x865d, 0x865d, 0x865d, 0x865d, 0x865d, 0x865d, 0x865d, 0x865d, 0x865d, 0x865d, 0x865d, 0x865d, 0x865d, 0x865d, 0x865d, 0x865d,
0x865d, 0x865d, 0x865d, 0x865d, 0x865d, 0x865d, 0x865d, 0x865d, 0x865d, 0x865d, 0x865d, 0x865d, 0x865d, 0x865d, 0x865d, 0x865d,
0x865d, 0x865d, 0x865d, 0x865d, 0x865d, 0x865d, 0x865d, 0x865d, 0x865d, 0x865d, 0x865d, 0x865d, 0x865d, 0x865d, 0x865d, 0x865d,
0x865d, 0x865d, 0x865d, 0x865d, 0x865d, 0xaf1c, 0xd77f, 0xd77f, 0xd77f, 0xd77e, 0xd77f, 0xcf5e, 0xb71f, 0xaeff, 0xa6df, 0xa6ff,
0x9edf, 0xc73f, 0xd77f, 0xd77f, 0xd77e, 0xd77f, 0xa6ff, 0xc75f, 0xd77f, 0xd77f, 0xd77f, 0xd77f, 0xcf5f, 0xcf5f, 0xd77f, 0xd77f,
0xd77f, 0xcf5f, 0xc73f, 0xcf5f, 0xd77f, 0xd77f, 0xd77e, 0xaefc, 0x865d, 0x865d, 0x865d, 0x865d, 0x865d, 0x865d, 0x865d, 0x865d,
0x865d, 0x865d, 0x865d, 0x865d, 0x865d, 0x865d, 0x865d, 0x865d, 0x865d, 0x865d, 0x865d, 0x865d, 0x865d, 0x865d, 0x865d, 0x865d,
0x865d, 0x865d, 0x865d, 0x865d, 0x865d, 0x865d, 0x865d, 0x865d, 0x865d, 0x865d, 0x865d, 0x865d, 0x865d, 0x865d, 0x865d, 0x865d,
0x865d, 0x865d, 0x865d, 0x865d, 0x865d, 0x865d, 0x865d, 0x865d, 0x865d, 0x865d, 0x865d, 0x865d, 0x865d, 0x865d, 0x865d, 0x865d,
0x865d, 0x865d, 0x865d, 0x865d, 0x865d, 0x865d, 0x865d, 0x8e7d, 0xaefe, 0xb6fe, 0xaefe, 0x8e9d, 0x865d, 0x867d, 0x865d, 0x865d,
0x865d, 0x865d, 0x865d, 0x865d, 0x865d, 0x865d, 0x865d, 0x865d, 0x865d, 0x865d, 0x865d, 0x865d, 0x865d, 0x865d, 0x865d, 0x865d,
0x865d, 0x865d, 0x865d, 0x865d, 0x865d, 0x865d, 0x865d, 0x865d, 0x865d, 0x865d, 0x865d, 0x865d, 0x865d, 0x865d, 0x865d, 0x865d,
0x865d, 0x865d, 0x865d, 0x865d, 0x865d, 0x865d, 0x865d, 0x865d, 0x865d, 0x865d, 0x865d, 0x865d, 0x865d, 0x865d, 0x865d, 0x865d,
0x865d, 0x865d, 0x865d, 0x865d, 0x865d, 0x865d, 0x865d, 0x865d, 0x865d, 0x865d, 0x865d, 0x865d, 0x865d, 0x865d, 0x865d, 0x865d,

/* -38- */
0x865d, 0x865d, 0x865d, 0x865d, 0x865d, 0x865d, 0x865d, 0x865d, 0x865d, 0x865d, 0x865d, 0x865d, 0x865d, 0x865d, 0x865d, 0x865d,
0x865d, 0x865d, 0x865d, 0x865d, 0x865d, 0x865d, 0x865d, 0x865d, 0x865d, 0x865d, 0x865d, 0x865d, 0x865d, 0x865d, 0x865d, 0x865d,
0x865d, 0x865d, 0x865d, 0x865d, 0x865d, 0x865d, 0x865d, 0x865d, 0x865d, 0x865d, 0x865d, 0x865d, 0x865d, 0x865d, 0x865d, 0x865d,
0x865d, 0x865d, 0x865d, 0x865d, 0x865d, 0x865d, 0x865d, 0x865d, 0x865d, 0x865d, 0x865d, 0x865d, 0x865d, 0x96bd, 0xd77f, 0xdf9f,
0xd77f, 0xcf5f, 0xdf7f, 0xdf9f, 0xd77f, 0xbf1f, 0xa6ff, 0xcf5f, 0xdf9f, 0xdf9f, 0xdf9f, 0xdf9f, 0xcf5f, 0xbf3f, 0xdf9f, 0xdf9f,
0xcf7e, 0x8e7d, 0x867d, 0x867d, 0x865d, 0x865d, 0x865d, 0x865d, 0x865d, 0x865d, 0x865d, 0x865d, 0x865d, 0x865d, 0x865d, 0x865d,
0x865d, 0x865d, 0x865d, 0x865d, 0x865d, 0x865d, 0x865d, 0x865d, 0x865d, 0x865d, 0x865d, 0x865d, 0x865d, 0x865d, 0x865d, 0x865d,
0x865d, 0x865d, 0x865d, 0x865d, 0x865d, 0x865d, 0x865d, 0x865d, 0x865d, 0x865d, 0x865d, 0x865d, 0x865d, 0x865d, 0x865d, 0x865d,
0x865d, 0x865d, 0x865d, 0x865d, 0x865d, 0x865d, 0x865d, 0x865d, 0x865d, 0x865d, 0x865d, 0x865d, 0x865d, 0x865d, 0x865d, 0x865d,
0x865d, 0x865d, 0x865d, 0x865d, 0x865d, 0xcf7f, 0xd75f, 0xd75e, 0xc73f, 0xc75f, 0xcf5f, 0xd75f, 0xd77f, 0xd77e, 0xaf1f, 0x96bf,
0x869f, 0x9edf, 0xc73f, 0xc75f, 0xc73f, 0x9edf, 0x96bf, 0xb71f, 0xd77f, 0xd77f, 0xd77f, 0xc73f, 0x9edf, 0xb71f, 0xd77e, 0xd77f,
0xbf3f, 0xaf1f, 0xaeff, 0xcf5e, 0xcf5f, 0xcf5f, 0xcf7f, 0xbf3d, 0x865d, 0x865d, 0x865d, 0x865d, 0x865d, 0x865d, 0x865d, 0x865d,
0x865d, 0x865d, 0x865d, 0x865d, 0x865d, 0x865d, 0x865d, 0x865d, 0x865d, 0x865d, 0x865d, 0x865d, 0x865d, 0x865d, 0x865d, 0x865d,
0x865d, 0x865d, 0x865d, 0x865d, 0x865d, 0x865d, 0x865d, 0x865d, 0x865d, 0x865d, 0x865d, 0x865d, 0x865d, 0x865d, 0x865d, 0x865d,
0x865d, 0x865d, 0x865d, 0x865d, 0x865d, 0x865d, 0x865d, 0x865d, 0x865d, 0x865d, 0x865d, 0x865d, 0x865d, 0x865d, 0x865d, 0x865d,
0x865d, 0x865d, 0x865d, 0x865d, 0x865d, 0x865d, 0x867d, 0xaefe, 0xb71e, 0xb6fe, 0xb71e, 0xb6fe, 0x8e7d, 0x865d, 0x865d, 0x865d,
0x865d, 0x865d, 0x865d, 0x865d, 0x865d, 0x865d, 0x865d, 0x865d, 0x865d, 0x865d, 0x865d, 0x865d, 0x865d, 0x865d, 0x865d, 0x865d,
0x865d, 0x865d, 0x865d, 0x865d, 0x865d, 0x865d, 0x865d, 0x865d, 0x865d, 0x865d, 0x865d, 0x865d, 0x865d, 0x865d, 0x865d, 0x865d,
0x865d, 0x865d, 0x865d, 0x865d, 0x865d, 0x865d, 0x865d, 0x865d, 0x865d, 0x865d, 0x865d, 0x865d, 0x865d, 0x865d, 0x865d, 0x865d,
0x865d, 0x865d, 0x865d, 0x865d, 0x865d, 0x865d, 0x865d, 0x865d, 0x865d, 0x865d, 0x865d, 0x865d, 0x865d, 0x865d, 0x865d, 0x865d,
0x865d, 0x865d, 0x865d, 0x865d, 0x865d, 0x865d, 0x865d, 0x865d, 0x865d, 0x865d, 0x865d, 0x865d, 0x865d, 0x865d, 0x865d, 0x865d,
0x865d, 0x865d, 0x865d, 0x865d, 0x865d, 0x865d, 0x865d, 0x865d, 0x865d, 0x865d, 0x865d, 0x865d, 0x865d, 0x865d, 0x865d, 0x865d,
0x865d, 0x865d, 0x865d, 0x865d, 0x865d, 0x865d, 0x865d, 0x865d, 0x865d, 0x865d, 0x865d, 0x865d, 0x865d, 0x865d, 0x865d, 0x865d,
0x865d, 0x865d, 0x865d, 0x865d, 0x865d, 0x865d, 0x865d, 0x865d, 0x865d, 0x865d, 0x865d, 0x865d, 0x865d, 0x865d, 0x865d, 0x865d,
0x865d, 0x865d, 0x865d, 0x865d, 0x865d, 0x865d, 0x865d, 0x865d, 0x865d, 0x865d, 0x865d, 0x865d, 0x865d, 0x865d, 0x865d, 0x865d,
0x865d, 0x865d, 0x865d, 0x865d, 0x865d, 0x865d, 0x865d, 0x865d, 0x865d, 0x865d, 0x865d, 0x865d, 0x865d, 0x865d, 0x865d, 0x865d,
0x865d, 0x865d, 0x865d, 0x865d, 0x865d, 0x865d, 0x865d, 0x865d, 0x865d, 0x865d, 0x865d, 0x865d, 0x865d, 0x865d, 0x865d, 0x865d,
0x865d, 0x865d, 0x865d, 0x865d, 0x865d, 0x865d, 0x865d, 0x865d, 0x865d, 0x865d, 0x865d, 0x865d, 0x865d, 0x865d, 0x865d, 0x865d,
0x865d, 0x865d, 0x865d, 0x865d, 0x865d, 0x865d, 0x865d, 0x865d, 0x865d, 0x865d, 0x865d, 0x865d, 0x865d, 0x865d, 0x865d, 0x865d,
0x865d, 0x865d, 0x865d, 0x865d, 0x865d, 0x865d, 0x865d, 0x865d, 0x865d, 0x865d, 0x865d, 0x865d, 0x865d, 0x865d, 0x865d, 0x865d,
0x865d, 0x865d, 0x865d, 0x865d, 0x865d, 0x865d, 0x865d, 0x865d, 0x865d, 0x865d, 0x865d, 0x865d, 0x865d, 0x865d, 0x865d, 0x865d,
0x865d, 0x865d, 0x865d, 0x865d, 0x865d, 0x865d, 0x865d, 0x865d, 0x865d, 0x865d, 0x865d, 0x865d, 0x865d, 0x865d, 0x865d, 0x865d,
0x8e9d, 0xaefe, 0xaefe, 0xb6fe, 0xb71e, 0xb71e, 0xaefe, 0x9ebe, 0xaefe, 0xb71e, 0xb6fe, 0x867d, 0x7e5d, 0x865d, 0x865d, 0xb73d,
0xd77e, 0xd77e, 0xb73d, 0x865d, 0x865d, 0x865d, 0x865d, 0x865d, 0x865d, 0x865d, 0x865d, 0x865d, 0x865d, 0x865d, 0x865d, 0x865d,
0x865d, 0x865d, 0x865d, 0x865d, 0x865d, 0x865d, 0x865d, 0x865d, 0x865d, 0x865d, 0x865d, 0x865d, 0x865d, 0x865d, 0x865d, 0x865d,
0x865d, 0x865d, 0x865d, 0x865d, 0x865d, 0x865d, 0x865d, 0x865d, 0x865d, 0x865d, 0x865d, 0x865d, 0x865d, 0x865d, 0x865d, 0x865d,
0x865d, 0x865d, 0x865d, 0x865d, 0x865d, 0x865d, 0x865d, 0x865d, 0x865d, 0x865d, 0x865d, 0x865d, 0x865d, 0x865d, 0x865d, 0x865d,
0x865d, 0x865d, 0x865d, 0x865d, 0x865d, 0x865d, 0x865d, 0x865d, 0x865d, 0x865d, 0x865d, 0x865d, 0x865d, 0x865d, 0x865d, 0x865d,
0x865d, 0x865d, 0x865d, 0x865d, 0x865d, 0x865d, 0x865d, 0x865d, 0x865d, 0x865d, 0x865d, 0x865d, 0x865d, 0x865d, 0x865d, 0x865d,
0x865d, 0x865d, 0x865d, 0x865d, 0x865d, 0x865d, 0x865d, 0x865d, 0x865d, 0x865d, 0x865d, 0x865d, 0x865d, 0x865d, 0x865d, 0x865d,
0x865d, 0x865d, 0x865d, 0x867d, 0xcf7d, 0xdf9f, 0xdf7f, 0xdf9f, 0xdf9f, 0xd77f, 0xcf7f, 0xbf3f, 0xaf1f, 0xa6ff, 0xaeff, 0xcf5f,
0xc75f, 0xaeff, 0xbf3f, 0xdf7f, 0xdf9f, 0xdf7f, 0xdf9f, 0xdf9f, 0xdf7f, 0xdf9f, 0xd77f, 0xd77f, 0xc73f, 0xd77f, 0xdf9f, 0xdf9f,
0xdf9f, 0xdf9f, 0xdf9f, 0xcf7d, 0xaefe, 0x865d, 0x865d, 0x865d, 0x865d, 0x865d, 0x865d, 0x865d, 0x865d, 0x865d, 0x865d, 0x865d,
0x865d, 0x865d, 0x865d, 0x865d, 0x865d, 0x865d, 0x865d, 0x865d, 0x865d, 0x865d, 0x865d, 0x865d, 0x865d, 0x865d, 0x865d, 0x865d,
0x865d, 0x865d, 0x865d, 0x865d, 0x865d, 0x865d, 0x865d, 0x865d, 0x865d, 0x865d, 0x865d, 0x865d, 0x865d, 0x865d, 0x865d, 0x865d,
0x865d, 0x865d, 0x865d, 0x865d, 0x865d, 0x865d, 0x865d, 0x865d, 0x865d, 0x865d, 0x865d, 0x865d, 0x865d, 0x865d, 0x865d, 0x865d,
0x865d, 0x865d, 0x865d, 0x865d, 0x865d, 0x865d, 0x865d, 0x865d, 0x865d, 0x865d, 0x865d, 0x865d, 0x865d, 0x865d, 0x865d, 0x865d,
0x865d, 0x865d, 0x865d, 0x865d, 0x865d, 0x865d, 0x865d, 0x865d, 0x865d, 0x865d, 0x865d, 0x865d, 0x865d, 0x865d, 0x865d, 0x865d,
0x865d, 0x865d, 0x865d, 0x865d, 0x865d, 0x865d, 0x865d, 0x865d, 0x865d, 0x865d, 0x865d, 0x865d, 0x865d, 0x96bd, 0xd77f, 0xdf9f,
0xd77f, 0xcf5f, 0xdf7f, 0xdf9f, 0xd77f, 0xbf1f, 0xa6ff, 0xcf5f, 0xdf9f, 0xdf9f, 0xdf9f, 0xdf9f, 0xcf5f, 0xbf3f, 0xdf9f, 0xdf9f,
0xcf7e, 0x8e7d, 0x867d, 0x867d, 0x865d, 0x865d, 0x865d, 0x865d, 0x865d, 0x865d, 0x865d, 0x865d, 0x865d, 0x865d, 0x865d, 0x865d,
0x865d, 0x865d, 0x865d, 0x865d, 0x865d, 0x865d, 0x865d, 0x865d, 0x865d, 0x865d, 0x865d, 0x865d, 0x865d, 0x865d, 0x865d, 0x865d,
0x865d, 0x865d, 0x865d, 0x865d, 0x865d, 0x865d, 0x865d, 0x865d, 0x865d, 0x865d, 0x865d, 0x865d, 0x865d, 0x865d, 0x865d, 0x865d,
0x865d, 0x865d, 0x865d, 0x865d, 0x865d, 0x865d, 0x865d, 0x865d, 0x865d, 0x865d, 0x865d, 0x865d, 0x865d, 0x865d, 0x865d, 0x865d,
0x865d, 0x865d, 0x865d, 0x865d, 0x865d, 0xcf7f, 0xd75f, 0xd75e, 0xc73f, 0xc75f, 0xcf5f, 0xd75f, 0xd77f, 0xd77e, 0xaf1f, 0x96bf,
0x869f, 0x9edf, 0xc73f, 0xc75f, 0xc73f, 0x9edf, 0x96bf, 0xb71f, 0xd77f, 0xd77f, 0xd77f, 0xc73f, 0x9edf, 0xb71f, 0xd77e, 0xd77f,
0xbf3f, 0xaf1f, 0xaeff, 0xcf5e, 0xcf5f, 0xcf5f, 0xcf7f, 0xbf3d, 0x865d, 0x865d, 0x865d, 0x865d, 0x865d, 0x865d, 0x865d, 0x865d,
0x865d, 0x865d, 0x865d, 0x865d, 0x865d, 0x865d, 0x865d, 0x865d, 0x865d, 0x865d, 0x865d, 0x865d, 0x865d, 0x865d, 0x865d, 0x865d,
0x865d, 0x865d, 0x865d, 0x865d, 0x865d, 0x865d, 0x865d, 0x865d, 0x865d, 0x865d, 0x865d, 0x865d, 0x865d, 0x865d, 0x865d, 0x865d,
0x865d, 0x865d, 0x865d, 0x865d, 0x865d, 0x865d, 0x865d, 0x865d, 0x865d, 0x865d, 0x865d, 0x865d, 0x865d, 0x865d, 0x865d, 0x865d,
0x865d, 0x865d, 0x865d, 0x865d, 0x865d, 0x865d, 0x867d, 0xaefe, 0xb71e, 0xb6fe, 0xb71e, 0xb6fe, 0x8e7d, 0x865d, 0x865d, 0x865d,
0x865d, 0x865d, 0x865d, 0x865d, 0x865d, 0x865d, 0x865d, 0x865d, 0x865d, 0x865d, 0x865d, 0x865d, 0x865d, 0x865d, 0x865d, 0x865d,
0x865d, 0x865d, 0x865d, 0x865d, 0x865d, 0x865d, 0x865d, 0x865d, 0x865d, 0x865d, 0x865d, 0x865d, 0x865d, 0x865d, 0x865d, 0x865d,
0x865d, 0x865d, 0x865d, 0x865d, 0x865d, 0x865d, 0x865d, 0x865d, 0x865d, 0x865d, 0x865d, 0x865d, 0x865d, 0x865d, 0x865d, 0x865d,
0x865d, 0x865d, 0x865d, 0x865d, 0x865d, 0x865d, 0x865d, 0x865d, 0x865d, 0x865d, 0x865d, 0x865d, 0x865d, 0x865d, 0x865d, 0x865d,

/* -39- */
0x865d, 0x865d, 0x865d, 0x865d, 0x865d, 0x865d, 0x865d, 0x865d, 0x865d, 0x865d, 0x865d, 0x865d, 0x865d, 0x865d, 0x865d, 0x865d,
0x865d, 0x865d, 0x865d, 0x865d, 0x865d, 0x865d, 0x865d, 0x865d, 0x865d, 0x865d, 0x865d, 0x865d, 0x865d, 0x865d, 0x865d, 0x865d,
0x865d, 0x865d, 0x865d, 0x865d, 0x865d, 0x865d, 0x865d, 0x865d, 0x865d, 0x865d, 0x865d, 0x865d, 0x865d, 0x865d, 0x865d, 0x865d,
0x865d, 0x865d, 0x865d, 0x865d, 0x865d, 0x865d, 0x865d, 0x865d, 0x865d, 0x865d, 0x865d, 0x865d, 0x96bc, 0xbf3e, 0xb71f, 0xbf3f,
0xc75f, 0xd77f, 0xdf9f, 0xd77f, 0xbf3f, 0xaeff, 0xcf5f, 0xdf9f, 0xdf7f, 0xdf7f, 0xdf9f, 0xdf7f, 0xdf9f, 0xd77f, 0xc73f, 0xdf9f,
0xdf9f, 0x867d, 0x865d, 0x865d, 0x865d, 0x865d, 0x865d, 0x865d, 0x865d, 0x865d, 0x865d, 0x865d, 0x865d, 0x865d, 0x865d, 0x865d,
0x865d, 0x865d, 0x865d, 0x865d, 0x865d, 0x865d, 0x865d, 0x865d, 0x865d, 0x865d, 0x865d, 0x865d, 0x865d, 0x865d, 0x865d, 0x865d,
0x865d, 0x865d, 0x865d, 0x865d, 0x865d, 0x865d, 0x865d, 0x865d, 0x865d, 0x865d, 0x865d, 0x865d, 0x865d, 0x865d, 0x865d, 0x865d,
0x865d, 0x865d, 0x865d, 0x865d, 0x865d, 0x865d, 0x865d, 0x865d, 0x865d, 0x865d, 0x865d, 0x865d, 0x865d, 0x865d, 0x865d, 0x865d,
0x865d, 0x865d, 0x865d, 0x865d, 0x865d, 0x8edd, 0xaf5f, 0xbf5f, 0x9eff, 0x96ff, 0x96bf, 0xa6de, 0xaeff, 0xb71f, 0x9ede, 0x867e,
0x867e, 0x867e, 0x8e9f, 0x96bf, 0x8ebf, 0x869e, 0x96bf, 0x96df, 0xa6df, 0xaefe, 0xaefe, 0x96be, 0x8e9e, 0x96bf, 0xa6de, 0x9ede,
0x96df, 0x96ff, 0x9eff, 0xa71f, 0xa71f, 0xa73f, 0x96de, 0x7e7c, 0x865d, 0x865d, 0x865d, 0x865d, 0x865d, 0x865d, 0x865d, 0x865d,
0x865d, 0x865d, 0x865d, 0x865d, 0x865d, 0x865d, 0x865d, 0x865d, 0x865d, 0x865d, 0x865d, 0x865d, 0x865d, 0x865d, 0x865d, 0x865d,
0x865d, 0x865d, 0x865d, 0x865d, 0x865d, 0x865d, 0x865d, 0x865d, 0x865d, 0x865d, 0x865d, 0x865d, 0x865d, 0x865d, 0x865d, 0x865d,
0x865d, 0x865d, 0x865d, 0x865d, 0x865d, 0x865d, 0x865d, 0x865d, 0x865d, 0x865d, 0x865d, 0x865d, 0x865d, 0x865d, 0x865d, 0x865d,
0x865d, 0x865d, 0x865d, 0x867d, 0x9ebe, 0x969e, 0x969d, 0xb71e, 0xb6fe, 0xb71e, 0xb6fe, 0xb71e, 0xa6de, 0x9ebe, 0x8e7d, 0x865d,
0x865d, 0x865d, 0x865d, 0x865d, 0x865d, 0x865d, 0x865d, 0x865d, 0x865d, 0x865d, 0x865d, 0x865d, 0x865d, 0x865d, 0x865d, 0x865d,
0x865d, 0x865d, 0x865d, 0x865d, 0x865d, 0x865d, 0x865d, 0x865d, 0x865d, 0x865d, 0x865d, 0x865d, 0x865d, 0x865d, 0x865d, 0x865d,
0x865d, 0x865d, 0x865d, 0x865d, 0x865d, 0x865d, 0x865d, 0x865d, 0x865d, 0x865d, 0x865d, 0x865d, 0x865d, 0x865d, 0x865d, 0x865d,
0x865d, 0x865d, 0x865d, 0x865d, 0x865d, 0x865d, 0x865d, 0x865d, 0x865d, 0x865d, 0x865d, 0x865d, 0x865d, 0x865d, 0x865d, 0x865d,
0x865d, 0x865d, 0x865d, 0x865d, 0x865d, 0x865d, 0x865d, 0x865d, 0x865d, 0x865d, 0x865d, 0x865d, 0x865d, 0x865d, 0x865d, 0x865d,
0x865d, 0x865d, 0x865d, 0x865d, 0x865d, 0x865d, 0x865d, 0x865d, 0x865d, 0x865d, 0x865d, 0x865d, 0x865d, 0x865d, 0x865d, 0x865d,
0x865d, 0x865d, 0x865d, 0x865d, 0x865d, 0x865d, 0x865d, 0x865d, 0x865d, 0x865d, 0x865d, 0x865d, 0x865d, 0x865d, 0x865d, 0x865d,
0x865d, 0x865d, 0x865d, 0x865d, 0x865d, 0x865d, 0x865d, 0x865d, 0x865d, 0x865d, 0x865d, 0x865d, 0x865d, 0x867d, 0x867d, 0xaefe,
0xaefe, 0xaefe, 0xaefe, 0xa6de, 0x867d, 0x865d, 0x865d, 0x865d, 0x865d, 0x865d, 0x865d, 0x865d, 0x865d, 0x865d, 0x865d, 0x865d,
0x865d, 0x865d, 0x865d, 0x865d, 0x865d, 0x865d, 0x865d, 0x865d, 0x865d, 0x865d, 0x865d, 0x865d, 0x865d, 0x865d, 0x865d, 0x865d,
0x865d, 0x865d, 0x865d, 0x865d, 0x865d, 0x865d, 0x865d, 0x865d, 0x865d, 0x865d, 0x865d, 0x865d, 0x865d, 0x865d, 0x865d, 0x865d,
0x865d, 0x865d, 0x865d, 0x865d, 0x865d, 0x865d, 0x865d, 0x865d, 0x865d, 0x865d, 0x865d, 0x865d, 0x865d, 0x865d, 0x865d, 0x865d,
0x865d, 0x865d, 0x865d, 0x865d, 0x865d, 0x865d, 0x865d, 0x865d, 0x865d, 0x865d, 0x865d, 0x865d, 0x865d, 0x865d, 0x865d, 0x865d,
0x865d, 0x865d, 0x865d, 0x865d, 0x865d, 0x865d, 0x865d, 0x865d, 0x865d, 0x865d, 0x865d, 0x865d, 0x865d, 0x865d, 0x865d, 0x865d,
0x865d, 0x865d, 0x865d, 0x865d, 0x865d, 0x865d, 0x865d, 0x865d, 0x865d, 0x865d, 0x865d, 0x865d, 0x865d, 0x865d, 0x865d, 0x865d,
0x865d, 0x865d, 0x865d, 0x865d, 0x865d, 0x865d, 0x865d, 0x865d, 0x865d, 0x865d, 0x865d, 0x865d, 0x865d, 0x865d, 0x865d, 0x867d,
0xb71e, 0xb71e, 0xb71e, 0xb71e, 0xb71e, 0xaefe, 0xaefe, 0xa6de, 0x9ede, 0xa6de, 0x9ede, 0x969d, 0x867d, 0x8e9d, 0xb71e, 0xd77f,
0xd77f, 0xd77f, 0xd77f, 0xaf1d, 0x867d, 0x867d, 0x865d, 0x865d, 0x865d, 0x865d, 0x865d, 0x865d, 0x865d, 0x865d, 0x865d, 0x865d,
0x865d, 0x865d, 0x865d, 0x865d, 0x865d, 0x865d, 0x865d, 0x865d, 0x865d, 0x865d, 0x865d, 0x865d, 0x865d, 0x865d, 0x865d, 0x865d,
0x865d, 0x865d, 0x865d, 0x865d, 0x865d, 0x865d, 0x865d, 0x865d, 0x865d, 0x865d, 0x865d, 0x865d, 0x865d, 0x865d, 0x865d, 0x865d,
0x865d, 0x865d, 0x865d, 0x865d, 0x865d, 0x865d, 0x865d, 0x865d, 0x865d, 0x865d, 0x865d, 0x865d, 0x865d, 0x865d, 0x865d, 0x865d,
0x865d, 0x865d, 0x865d, 0x865d, 0x865d, 0x865d, 0x865d, 0x865d, 0x865d, 0x865d, 0x865d, 0x865d, 0x865d, 0x865d, 0x865d, 0x865d,
0x865d, 0x865d, 0x865d, 0x865d, 0x865d, 0x865d, 0x865d, 0x865d, 0x865d, 0x865d, 0x865d, 0x865d, 0x865d, 0x865d, 0x865d, 0x865d,
0x865d, 0x865d, 0x865d, 0x865d, 0x865d, 0x865d, 0x865d, 0x865d, 0x865d, 0x865d, 0x865d, 0x865d, 0x865d, 0x865d, 0x865d, 0x865d,
0x865d, 0x865d, 0xc75e, 0xcf5e, 0xdf9f, 0xdf7e, 0xdf7f, 0xdf7f, 0xdf7f, 0xdf9f, 0xdf9f, 0xd77f, 0xd77f, 0xbf3f, 0xcf5f, 0xdf9f,
0xdf9f, 0xd77f, 0xbf3f, 0xc73f, 0xdf9f, 0xdf7f, 0xdf9f, 0xdf9f, 0xdf9f, 0xdf7f, 0xdf9f, 0xdf9f, 0xdf7f, 0xbf3f, 0xdf7f, 0xdf7f,
0xdf7f, 0xdf7f, 0xdf9f, 0xdf9f, 0xdf9f, 0xc75c, 0x865d, 0x865d, 0x865d, 0x865d, 0x865d, 0x865d, 0x865d, 0x865d, 0x865d, 0x865d,
0x865d, 0x865d, 0x865d, 0x865d, 0x865d, 0x865d, 0x865d, 0x865d, 0x865d, 0x865d, 0x865d, 0x865d, 0x865d, 0x865d, 0x865d, 0x865d,
0x865d, 0x865d, 0x865d, 0x865d, 0x865d, 0x865d, 0x865d, 0x865d, 0x865d, 0x865d, 0x865d, 0x865d, 0x865d, 0x865d, 0x865d, 0x865d,
0x865d, 0x865d, 0x865d, 0x865d, 0x865d, 0x865d, 0x865d, 0x865d, 0x865d, 0x865d, 0x865d, 0x865d, 0x865d, 0x865d, 0x865d, 0x865d,
0x865d, 0x865d, 0x865d, 0x865d, 0x865d, 0x865d, 0x865d, 0x865d, 0x865d, 0x865d, 0x865d, 0x865d, 0x865d, 0x865d, 0x865d, 0x865d,
0x865d, 0x865d, 0x865d, 0x865d, 0x865d, 0x865d, 0x865d, 0x865d, 0x865d, 0x865d, 0x865d, 0x865d, 0x865d, 0x865d, 0x865d, 0x865d,
0x865d, 0x865d, 0x865d, 0x865d, 0x865d, 0x865d, 0x865d, 0x865d, 0x865d, 0x865d, 0x865d, 0x865d, 0x96bc, 0xbf3e, 0xb71f, 0xbf3f,
0xc75f, 0xd77f, 0xdf9f, 0xd77f, 0xbf3f, 0xaeff, 0xcf5f, 0xdf9f, 0xdf7f, 0xdf7f, 0xdf9f, 0xdf7f, 0xdf9f, 0xd77f, 0xc73f, 0xdf9f,
0xdf9f, 0x867d, 0x865d, 0x865d, 0x865d, 0x865d, 0x865d, 0x865d, 0x865d, 0x865d, 0x865d, 0x865d, 0x865d, 0x865d, 0x865d, 0x865d,
0x865d, 0x865d, 0x865d, 0x865d, 0x865d, 0x865d, 0x865d, 0x865d, 0x865d, 0x865d, 0x865d, 0x865d, 0x865d, 0x865d, 0x865d, 0x865d,
0x865d, 0x865d, 0x865d, 0x865d, 0x865d, 0x865d, 0x865d, 0x865d, 0x865d, 0x865d, 0x865d, 0x865d, 0x865d, 0x865d, 0x865d, 0x865d,
0x865d, 0x865d, 0x865d, 0x865d, 0x865d, 0x865d, 0x865d, 0x865d, 0x865d, 0x865d, 0x865d, 0x865d, 0x865d, 0x865d, 0x865d, 0x865d,
0x865d, 0x865d, 0x865d, 0x865d, 0x865d, 0x8edd, 0xaf5f, 0xbf5f, 0x9eff, 0x96ff, 0x96bf, 0xa6de, 0xaeff, 0xb71f, 0x9ede, 0x867e,
0x867e, 0x867e, 0x8e9f, 0x96bf, 0x8ebf, 0x869e, 0x96bf, 0x96df, 0xa6df, 0xaefe, 0xaefe, 0x96be, 0x8e9e, 0x96bf, 0xa6de, 0x9ede,
0x96df, 0x96ff, 0x9eff, 0xa71f, 0xa71f, 0xa73f, 0x96de, 0x7e7c, 0x865d, 0x865d, 0x865d, 0x865d, 0x865d, 0x865d, 0x865d, 0x865d,
0x865d, 0x865d, 0x865d, 0x865d, 0x865d, 0x865d, 0x865d, 0x865d, 0x865d, 0x865d, 0x865d, 0x865d, 0x865d, 0x865d, 0x865d, 0x865d,
0x865d, 0x865d, 0x865d, 0x865d, 0x865d, 0x865d, 0x865d, 0x865d, 0x865d, 0x865d, 0x865d, 0x865d, 0x865d, 0x865d, 0x865d, 0x865d,
0x865d, 0x865d, 0x865d, 0x865d, 0x865d, 0x865d, 0x865d, 0x865d, 0x865d, 0x865d, 0x865d, 0x865d, 0x865d, 0x865d, 0x865d, 0x865d,
0x865d, 0x865d, 0x865d, 0x867d, 0x9ebe, 0x969e, 0x969d, 0xb71e, 0xb6fe, 0xb71e, 0xb6fe, 0xb71e, 0xa6de, 0x9ebe, 0x8e7d, 0x865d,
0x865d, 0x865d, 0x865d, 0x865d, 0x865d, 0x865d, 0x865d, 0x865d, 0x865d, 0x865d, 0x865d, 0x865d, 0x865d, 0x865d, 0x865d, 0x865d,
0x865d, 0x865d, 0x865d, 0x865d, 0x865d, 0x865d, 0x865d, 0x865d, 0x865d, 0x865d, 0x865d, 0x865d, 0x865d, 0x865d, 0x865d, 0x865d,
0x865d, 0x865d, 0x865d, 0x865d, 0x865d, 0x865d, 0x865d, 0x865d, 0x865d, 0x865d, 0x865d, 0x865d, 0x865d, 0x865d, 0x865d, 0x865d,
0x865d, 0x865d, 0x865d, 0x865d, 0x865d, 0x865d, 0x865d, 0x865d, 0x865d, 0x865d, 0x865d, 0x865d, 0x865d, 0x865d, 0x865d, 0x865d,

/* -40- */
0x865d, 0x865d, 0x865d, 0x865d, 0x865d, 0x865d, 0x865d, 0x865d, 0x865d, 0x865d, 0x865d, 0x865d, 0x865d, 0x865d, 0x865d, 0x865d,
0x865d, 0x865d, 0x865d, 0x865d, 0x865d, 0x865d, 0x865d, 0x865d, 0x865d, 0x865d, 0x865d, 0x865d, 0x865d, 0x865d, 0x865d, 0x865d,
0x865d, 0x865d, 0x865d, 0x865d, 0x865d, 0x865d, 0x865d, 0x865d, 0x865d, 0x865d, 0x865d, 0x865d, 0x865d, 0x865d, 0x865d, 0x865d,
0x865d, 0x865d, 0x865d, 0x865d, 0x865d, 0x865d, 0x865d, 0x865d, 0x865d, 0x865d, 0x7e5d, 0x96be, 0xdf9f, 0xdf9f, 0xd77f, 0xaf1f,
0xa6ff, 0xbf3f, 0xc73f, 0xb71f, 0xa6ff, 0xcf5f, 0xdf9f, 0xdf7f, 0xdf9f, 0xdf9f, 0xd77f, 0xd77f, 0xdf9f, 0xdf7f, 0xd77f, 0xbf3f,
0xc73f, 0xaefe, 0xaefe, 0xaefe, 0x9ebd, 0x865d, 0x865d, 0x865d, 0x865d, 0x865d, 0x865d, 0x865d, 0x865d, 0x865d, 0x865d, 0x865d,
0x865d, 0x865d, 0x865d, 0x865d, 0x865d, 0x865d, 0x865d, 0x865d, 0x865d, 0x865d, 0x865d, 0x865d, 0x865d, 0x865d, 0x865d, 0x865d,
0x865d, 0x865d, 0x865d, 0x865d, 0x865d, 0x865d, 0x865d, 0x865d, 0x865d, 0x865d, 0x865d, 0x865d, 0x865d, 0x865d, 0x865d, 0x865d,
0x865d, 0x865d, 0x865d, 0x865d, 0x865d, 0x865d, 0x865d, 0x865d, 0x865d, 0x865d, 0x865d, 0x865d, 0x865d, 0x865d, 0x865d, 0x865d,
0x865d, 0x865d, 0x865d, 0x865d, 0x865d, 0x7e5d, 0x867e, 0x867e, 0x867e, 0x7e7d, 0x7ebf, 0x7e9f, 0x7e7e, 0x7e7e, 0x867e, 0x86bf,
0x86bf, 0x86bf, 0x869f, 0x867f, 0x8e9f, 0x96be, 0x9ebf, 0x9edf, 0x8ebf, 0x867e, 0x7e7f, 0x86bf, 0x86bf, 0x86bf, 0x869f, 0x86ff,
0x7e7d, 0x7e5e, 0x867e, 0x867e, 0x867e, 0x867e, 0x7e5d, 0x865d, 0x865d, 0x865d, 0x865d, 0x865d, 0x865d, 0x865d, 0x865d, 0x865d,
0x865d, 0x865d, 0x865d, 0x865d, 0x865d, 0x865d, 0x865d, 0x865d, 0x865d, 0x865d, 0x865d, 0x865d, 0x865d, 0x865d, 0x865d, 0x865d,
0x865d, 0x865d, 0x865d, 0x865d, 0x865d, 0x865d, 0x865d, 0x865d, 0x865d, 0x865d, 0x865d, 0x865d, 0x865d, 0x865d, 0x865d, 0x865d,
0x865d, 0x865d, 0x865d, 0x865d, 0x865d, 0x865d, 0x865d, 0x865d, 0x865d, 0x865d, 0x865d, 0x865d, 0x865d, 0x865d, 0x865d, 0x865d,
0x865d, 0x865d, 0x867d, 0xaede, 0xb71e, 0xb71e, 0xaefe, 0xb6fe, 0xb71e, 0xb71e, 0xb71e, 0xb6fe, 0xb71e, 0xb71e, 0xaefe, 0x867d,
0x865d, 0x865d, 0x865d, 0x865d, 0x865d, 0x865d, 0x865d, 0x865d, 0x865d, 0x865d, 0x865d, 0x865d, 0x865d, 0x865d, 0x865d, 0x865d,
0x865d, 0x865d, 0x865d, 0x865d, 0x865d, 0x865d, 0x865d, 0x865d, 0x865d, 0x865d, 0x865d, 0x865d, 0x865d, 0x865d, 0x865d, 0x865d,
0x865d, 0x865d, 0x865d, 0x865d, 0x865d, 0x865d, 0x865d, 0x865d, 0x865d, 0x865d, 0x865d, 0x865d, 0x865d, 0x865d, 0x865d, 0x865d,
0x865d, 0x865d, 0x865d, 0x865d, 0x865d, 0x865d, 0x865d, 0x865d, 0x865d, 0x865d, 0x865d, 0x865d, 0x865d, 0x865d, 0x865d, 0x865d,
0x865d, 0x865d, 0x865d, 0x865d, 0x865d, 0x865d, 0x865d, 0x865d, 0x865d, 0x865d, 0x865d, 0x865d, 0x865d, 0x865d, 0x865d, 0x865d,
0x865d, 0x865d, 0x865d, 0x865d, 0x865d, 0x865d, 0x865d, 0x865d, 0x865d, 0x865d, 0x865d, 0x865d, 0x865d, 0x865d, 0x865d, 0x865d,
0x865d, 0x865d, 0x865d, 0x865d, 0x865d, 0x865d, 0x865d, 0x865d, 0x865d, 0x865d, 0x865d, 0x865d, 0x865d, 0x865d, 0x865d, 0x865d,
0x865d, 0x865d, 0x865d, 0x865d, 0x865d, 0x865d, 0x865d, 0x865d, 0x865d, 0x865d, 0x865d, 0x865d, 0x865d, 0x9edd, 0xaefe, 0xaefe,
0xaefe, 0xaefe, 0xaefe, 0xaefe, 0x9ebd, 0x865d, 0x865d, 0x865d, 0x865d, 0x865d, 0x865d, 0x865d, 0x865d, 0x865d, 0x865d, 0x865d,
0x865d, 0x865d, 0x865d, 0x865d, 0x865d, 0x865d, 0x865d, 0x865d, 0x865d, 0x865d, 0x865d, 0x865d, 0x865d, 0x865d, 0x865d, 0x865d,
0x865d, 0x865d, 0x865d, 0x865d, 0x865d, 0x865d, 0x865d, 0x865d, 0x865d, 0x865d, 0x865d, 0x865d, 0x865d, 0x865d, 0x865d, 0x865d,
0x865d, 0x865d, 0x865d, 0x865d, 0x865d, 0x865d, 0x865d, 0x865d, 0x865d, 0x865d, 0x865d, 0x865d, 0x865d, 0x865d, 0x865d, 0x865d,
0x865d, 0x865d, 0x865d, 0x865d, 0x865d, 0x865d, 0x865d, 0x865d, 0x865d, 0x865d, 0x865d, 0x865d, 0x865d, 0x865d, 0x865d, 0x865d,
0x865d, 0x865d, 0x865d, 0x865d, 0x865d, 0x865d, 0x865d, 0x865d, 0x865d, 0x865d, 0x865d, 0x865d, 0x865d, 0x865d, 0x865d, 0x865d,
0x865d, 0x865d, 0x865d, 0x865d, 0x865d, 0x865d, 0x865d, 0x865d, 0x865d, 0x865d, 0x865d, 0x865d, 0x865d, 0x865d, 0x865d, 0x865d,
0x865d, 0x865d, 0x865d, 0x865d, 0x865d, 0x865d, 0x865d, 0x865d, 0x865d, 0x865d, 0x865d, 0x865d, 0x865d, 0x865d, 0x867d, 0x867d,
0xaefe, 0xb71e, 0xb71e, 0xb6fe, 0xa6de, 0xaefe, 0xb71e, 0xb71e, 0xb71e, 0xa6de, 0xb6fe, 0xb71e, 0x96bd, 0xaf1d, 0xd77f, 0xd77f,
0xd77f, 0xd77f, 0xd77f, 0xd77f, 0x9edc, 0x865d, 0x867d, 0x865d, 0x865d, 0x865d, 0x865d, 0x865d, 0x865d, 0x865d, 0x865d, 0x865d,
0x865d, 0x865d, 0x865d, 0x865d, 0x865d, 0x865d, 0x865d, 0x865d, 0x865d, 0x865d, 0x865d, 0x865d, 0x865d, 0x865d, 0x865d, 0x865d,
0x865d, 0x865d, 0x865d, 0x865d, 0x865d, 0x865d, 0x865d, 0x865d, 0x865d, 0x865d, 0x865d, 0x865d, 0x865d, 0x865d, 0x865d, 0x865d,
0x865d, 0x865d, 0x865d, 0x865d, 0x865d, 0x865d, 0x865d, 0x865d, 0xc73e, 0xd77f, 0xcf5e, 0xcf7e, 0xcf7e, 0xcf5e, 0xd77f, 0xcf5e,
0x865d, 0x865d, 0x865d, 0x865d, 0x865d, 0x865d, 0x865d, 0x865d, 0x865d, 0x865d, 0x865d, 0x865d, 0x865d, 0x865d, 0x865d, 0x865d,
0x865d, 0x865d, 0x865d, 0x865d, 0x865d, 0x865d, 0x865d, 0x865d, 0x865d, 0x865d, 0x865d, 0x865d, 0x865d, 0x865d, 0x865d, 0x865d,
0x865d, 0x865d, 0x865d, 0x865d, 0x865d, 0x865d, 0x865d, 0x865d, 0x865d, 0x865d, 0x865d, 0x865d, 0x865d, 0x865d, 0x865d, 0x865d,
0x865d, 0x865d, 0xc75f, 0xdf9f, 0xcf5f, 0xcf5f, 0xdf7f, 0xcf5f, 0xbf3f, 0xd77f, 0xdf9f, 0xdf9f, 0xdf9f, 0xc75f, 0xd77f, 0xdf9f,
0xdf7f, 0xdf9f, 0xbf3f, 0xa6ff, 0xcf5f, 0xdf9f, 0xdf7f, 0xdf9f, 0xc75f, 0xbf3f, 0xdf7f, 0xdf7f, 0xdf9f, 0xcf5f, 0xb71f, 0xcf5f,
0xd77f, 0xc73f, 0xc73f, 0xbf3f, 0xbf3f, 0xa6fe, 0x865d, 0x865d, 0x865d, 0x865d, 0x865d, 0x865d, 0x865d, 0x865d, 0x865d, 0x865d,
0x865d, 0x865d, 0x865d, 0x865d, 0x865d, 0x865d, 0x865d, 0x865d, 0x865d, 0x865d, 0x865d, 0x865d, 0x865d, 0x865d, 0x865d, 0x865d,
0x865d, 0x865d, 0x865d, 0x865d, 0x865d, 0x865d, 0x865d, 0x865d, 0x865d, 0x865d, 0x865d, 0x865d, 0x865d, 0x865d, 0x865d, 0x865d,
0x865d, 0x865d, 0x865d, 0x865d, 0x865d, 0x865d, 0x865d, 0x865d, 0x865d, 0x865d, 0x865d, 0x865d, 0x865d, 0x865d, 0x865d, 0x865d,
0x865d, 0x865d, 0x865d, 0x865d, 0x865d, 0x865d, 0x865d, 0x865d, 0x865d, 0x865d, 0x865d, 0x865d, 0x865d, 0x865d, 0x865d, 0x865d,
0x865d, 0x865d, 0x865d, 0x865d, 0x865d, 0x865d, 0x865d, 0x865d, 0x865d, 0x865d, 0x865d, 0x865d, 0x865d, 0x865d, 0x865d, 0x865d,
0x865d, 0x865d, 0x865d, 0x865d, 0x865d, 0x865d, 0x865d, 0x865d, 0x865d, 0x865d, 0x7e5d, 0x96be, 0xdf9f, 0xdf9f, 0xd77f, 0xaf1f,
0xa6ff, 0xbf3f, 0xc73f, 0xb71f, 0xa6ff, 0xcf5f, 0xdf9f, 0xdf7f, 0xdf9f, 0xdf9f, 0xd77f, 0xd77f, 0xdf9f, 0xdf7f, 0xd77f, 0xbf3f,
0xc73f, 0xaefe, 0xaefe, 0xaefe, 0x9ebd, 0x865d, 0x865d, 0x865d, 0x865d, 0x865d, 0x865d, 0x865d, 0x865d, 0x865d, 0x865d, 0x865d,
0x865d, 0x865d, 0x865d, 0x865d, 0x865d, 0x865d, 0x865d, 0x865d, 0x865d, 0x865d, 0x865d, 0x865d, 0x865d, 0x865d, 0x865d, 0x865d,
0x865d, 0x865d, 0x865d, 0x865d, 0x865d, 0x865d, 0x865d, 0x865d, 0x865d, 0x865d, 0x865d, 0x865d, 0x865d, 0x865d, 0x865d, 0x865d,
0x865d, 0x865d, 0x865d, 0x865d, 0x865d, 0x865d, 0x865d, 0x865d, 0x865d, 0x865d, 0x865d, 0x865d, 0x865d, 0x865d, 0x865d, 0x865d,
0x865d, 0x865d, 0x865d, 0x865d, 0x865d, 0x7e5d, 0x867e, 0x867e, 0x867e, 0x7e7d, 0x7ebf, 0x7e9f, 0x7e7e, 0x7e7e, 0x867e, 0x86bf,
0x86bf, 0x86bf, 0x869f, 0x867f, 0x8e9f, 0x96be, 0x9ebf, 0x9edf, 0x8ebf, 0x867e, 0x7e7f, 0x86bf, 0x86bf, 0x86bf, 0x869f, 0x86ff,
0x7e7d, 0x7e5e, 0x867e, 0x867e, 0x867e, 0x867e, 0x7e5d, 0x865d, 0x865d, 0x865d, 0x865d, 0x865d, 0x865d, 0x865d, 0x865d, 0x865d,
0x865d, 0x865d, 0x865d, 0x865d, 0x865d, 0x865d, 0x865d, 0x865d, 0x865d, 0x865d, 0x865d, 0x865d, 0x865d, 0x865d, 0x865d, 0x865d,
0x865d, 0x865d, 0x865d, 0x865d, 0x865d, 0x865d, 0x865d, 0x865d, 0x865d, 0x865d, 0x865d, 0x865d, 0x865d, 0x865d, 0x865d, 0x865d,
0x865d, 0x865d, 0x865d, 0x865d, 0x865d, 0x865d, 0x865d, 0x865d, 0x865d, 0x865d, 0x865d, 0x865d, 0x865d, 0x865d, 0x865d, 0x865d,
0x865d, 0x865d, 0x867d, 0xaede, 0xb71e, 0xb71e, 0xaefe, 0xb6fe, 0xb71e, 0xb71e, 0xb71e, 0xb6fe, 0xb71e, 0xb71e, 0xaefe, 0x867d,
0x865d, 0x865d, 0x865d, 0x865d, 0x865d, 0x865d, 0x865d, 0x865d, 0x865d, 0x865d, 0x865d, 0x865d, 0x865d, 0x865d, 0x865d, 0x865d,
0x865d, 0x865d, 0x865d, 0x865d, 0x865d, 0x865d, 0x865d, 0x865d, 0x865d, 0x865d, 0x865d, 0x865d, 0x865d, 0x865d, 0x865d, 0x865d,
0x865d, 0x865d, 0x865d, 0x865d, 0x865d, 0x865d, 0x865d, 0x865d, 0x865d, 0x865d, 0x865d, 0x865d, 0x865d, 0x865d, 0x865d, 0x865d,
0x865d, 0x865d, 0x865d, 0x865d, 0x865d, 0x865d, 0x865d, 0x865d, 0x865d, 0x865d, 0x865d, 0x865d, 0x865d, 0x865d, 0x865d, 0x865d,

/* -41- */
0x865d, 0x865d, 0x865d, 0x865d, 0x865d, 0x865d, 0x865d, 0x865d, 0x865d, 0x865d, 0x865d, 0x865d, 0x865d, 0x865d, 0x865d, 0x865d,
0x865d, 0x865d, 0x865d, 0x865d, 0x865d, 0x865d, 0x865d, 0x865d, 0x865d, 0x865d, 0x865d, 0x865d, 0x865d, 0x865d, 0x865d, 0x865d,
0x865d, 0x865d, 0x865d, 0x865d, 0x865d, 0x865d, 0x865d, 0x865d, 0x865d, 0x865d, 0x865d, 0x865d, 0x865d, 0x865d, 0x865d, 0x865d,
0x865d, 0x865d, 0x865d, 0x865d, 0x865d, 0x865d, 0x865d, 0x865d, 0x865d, 0xa6dd, 0xcf5e, 0xd77e, 0xdf7f, 0xd77e, 0xdf9f, 0xd77f,
0xc73f, 0xaeff, 0xa6ff, 0xa6ff, 0xaf1f, 0xcf5f, 0xdf7f, 0xdf9f, 0xdf9f, 0xcf5f, 0xa6ff, 0xbf3f, 0xd77f, 0xdf9f, 0xdf7f, 0xd77f,
0xd77f, 0xdf9f, 0xdf9f, 0xdf9f, 0xdf9f, 0xb71d, 0x8e9d, 0x865d, 0x865d, 0x865d, 0x865d, 0x865d, 0x865d, 0x865d, 0x865d, 0x865d,
0x865d, 0x865d, 0x865d, 0x865d, 0x865d, 0x865d, 0x865d, 0x865d, 0x865d, 0x865d, 0x865d, 0x865d, 0x865d, 0x865d, 0x865d, 0x865d,
0x865d, 0x865d, 0x865d, 0x865d, 0x865d, 0x865d, 0x865d, 0x865d, 0x865d, 0x865d, 0x865d, 0x865d, 0x865d, 0x865d, 0x865d, 0x865d,
0x865d, 0x865d, 0x865d, 0x865d, 0x865d, 0x865d, 0x865d, 0x865d, 0x865d, 0x865d, 0x865d, 0x865d, 0x865d, 0x865d, 0x865d, 0x865d,
0x865d, 0x865d, 0x865d, 0x865d, 0x865d, 0x865d, 0x865d, 0x865d, 0x865d, 0x865d, 0x7e7d, 0x7e7d, 0x869e, 0x869f, 0x869e, 0x7e7d,
0x7e7d, 0x7e7d, 0x7e9c, 0x8edf, 0x96df, 0x96de, 0x9ede, 0x9ede, 0x9ede, 0x96ff, 0x869e, 0x867d, 0x7e7d, 0x7e7d, 0x7e7d, 0x869d,
0x7e7d, 0x865d, 0x865d, 0x865d, 0x865d, 0x865d, 0x865d, 0x865d, 0x865d, 0x865d, 0x865d, 0x865d, 0x865d, 0x865d, 0x865d, 0x865d,
0x865d, 0x865d, 0x865d, 0x865d, 0x865d, 0x865d, 0x865d, 0x865d, 0x865d, 0x865d, 0x865d, 0x865d, 0x865d, 0x865d, 0x865d, 0x865d,
0x865d, 0x865d, 0x865d, 0x865d, 0x865d, 0x865d, 0x865d, 0x865d, 0x865d, 0x865d, 0x865d, 0x865d, 0x865d, 0x865d, 0x865d, 0x865d,
0x865d, 0x865d, 0x865d, 0x865d, 0x865d, 0x865d, 0x865d, 0x865d, 0x865d, 0x865d, 0x865d, 0x865d, 0x865d, 0x865d, 0x865d, 0x865d,
0x865d, 0x865d, 0x8e9d, 0xb71e, 0xb6fe, 0xb6fe, 0xb6fe, 0xaefe, 0xb71e, 0xb71e, 0xaefe, 0xaefe, 0xb6fe, 0xb6fe, 0xb71e, 0x8e9d,
0x865d, 0x865d, 0x865d, 0x865d, 0x865d, 0x865d, 0x865d, 0x865d, 0x865d, 0x865d, 0x865d, 0x865d, 0x865d, 0x865d, 0x865d, 0x865d,
0x865d, 0x865d, 0x865d, 0x865d, 0x865d, 0x865d, 0x865d, 0x865d, 0x865d, 0x865d, 0x865d, 0x865d, 0x865d, 0x865d, 0x865d, 0x865d,
0x865d, 0x865d, 0x865d, 0x865d, 0x865d, 0x865d, 0x865d, 0x865d, 0x865d, 0x865d, 0x865d, 0x865d, 0x865d, 0x865d, 0x865d, 0x865d,
0x865d, 0x865d, 0x865d, 0x865d, 0x865d, 0x865d, 0x865d, 0x865d, 0x865d, 0x865d, 0x865d, 0x865d, 0x865d, 0x865d, 0x865d, 0x865d,
0x865d, 0x865d, 0x865d, 0x865d, 0x865d, 0x865d, 0x865d, 0x865d, 0x865d, 0x865d, 0x865d, 0x865d, 0x865d, 0x865d, 0x865d, 0x865d,
0x865d, 0x865d, 0x865d, 0x865d, 0x865d, 0x865d, 0x865d, 0x865d, 0x865d, 0x865d, 0x865d, 0x865d, 0x865d, 0x865d, 0x865d, 0x865d,
0x865d, 0x865d, 0x865d, 0x865d, 0x865d, 0x865d, 0x865d, 0x865d, 0x865d, 0x865d, 0x865d, 0x865d, 0x865d, 0x865d, 0x865d, 0x865d,
0x865d, 0x865d, 0x865d, 0x865d, 0x865d, 0x865d, 0x865d, 0x865d, 0x865d, 0x865d, 0x867d, 0x865d, 0x96bd, 0xaefe, 0xaefe, 0xaefe,
0xaefe, 0xaefe, 0xaefe, 0xaefe, 0xaefe, 0x96bd, 0x865d, 0x865d, 0x865d, 0x865d, 0x865d, 0x865d, 0x865d, 0x865d, 0x865d, 0x865d,
0x865d, 0x865d, 0x865d, 0x865d, 0x865d, 0x865d, 0x865d, 0x865d, 0x865d, 0x865d, 0x865d, 0x865d, 0x865d, 0x865d, 0x865d, 0x865d,
0x865d, 0x865d, 0x865d, 0x865d, 0x865d, 0x865d, 0x865d, 0x865d, 0x865d, 0x865d, 0x865d, 0x865d, 0x865d, 0x865d, 0x865d, 0x865d,
0x867d, 0xc73e, 0xcf5e, 0xc75e, 0xc73e, 0xcf5f, 0xa6de, 0x865d, 0x867d, 0x865d, 0x865d, 0x865d, 0x865d, 0x865d, 0x865d, 0x865d,
0x865d, 0x865d, 0x865d, 0x865d, 0x865d, 0x865d, 0x865d, 0x865d, 0x865d, 0x865d, 0x865d, 0x865d, 0x865d, 0x865d, 0x865d, 0x865d,
0x865d, 0x865d, 0x865d, 0x865d, 0x865d, 0x865d, 0x865d, 0x865d, 0x865d, 0x865d, 0x865d, 0x865d, 0x865d, 0x865d, 0x865d, 0x865d,
0x865d, 0x865d, 0x865d, 0x865d, 0x865d, 0x865d, 0x865d, 0x865d, 0x865d, 0x865d, 0x865d, 0x865d, 0x865d, 0x865d, 0x865d, 0x865d,
0x865d, 0x865d, 0x865d, 0x865d, 0x865d, 0x865d, 0x865d, 0x865d, 0x865d, 0x865d, 0x865d, 0x865d, 0x865d, 0x8e9d, 0xaefe, 0xb6fe,
0xa6de, 0xa6de, 0xa6de, 0x9ebe, 0xaefe, 0xb71e, 0xb71e, 0xb71e, 0xb71e, 0xb6fe, 0xaefe, 0xb71e, 0xbf5d, 0xd77e, 0xd77f, 0xd77e,
0xd77f, 0xd77f, 0xd77f, 0xcf5f, 0xc75e, 0xa6dd, 0x865d, 0x865d, 0x865d, 0x865d, 0x865d, 0x865d, 0x865d, 0x865d, 0x865d, 0x865d,
0x865d, 0x865d, 0x865d, 0x865d, 0x865d, 0x865d, 0x865d, 0x865d, 0x865d, 0x865d, 0x865d, 0x865d, 0x865d, 0x865d, 0x865d, 0x865d,
0x865d, 0x865d, 0x865d, 0x865d, 0x865d, 0x865d, 0x865d, 0x865d, 0x865d, 0x865d, 0x865d, 0x865d, 0x865d, 0x865d, 0x865d, 0x865d,
0x865d, 0x865d, 0x865d, 0x865d, 0x865d, 0x96dc, 0x9edd, 0x9edd, 0xcf5e, 0xd77f, 0xd75e, 0xd77f, 0xd77f, 0xd75f, 0xd77f, 0xcf5e,
0xa6de, 0x8e9d, 0x865d, 0x867d, 0x865d, 0x865d, 0x865d, 0x865d, 0x865d, 0x865d, 0x865d, 0x865d, 0x865d, 0x865d, 0x865d, 0x865d,
0x865d, 0x865d, 0x865d, 0x865d, 0x865d, 0x865d, 0x865d, 0x865d, 0x865d, 0x865d, 0x865d, 0x865d, 0x865d, 0x865d, 0x865d, 0x865d,
0x865d, 0x865d, 0x865d, 0x865d, 0x865d, 0x865d, 0x865d, 0x865d, 0x865d, 0x865d, 0x865d, 0x865d, 0x865d, 0x865d, 0x865d, 0x865d,
0x865d, 0x865d, 0x869d, 0xaf3e, 0xaf3f, 0xa71f, 0xaf3f, 0xa71f, 0xa6df, 0xaeff, 0xcf5f, 0xcf7f, 0xb71f, 0xa6ff, 0xb71f, 0xdf7f,
0xcf5f, 0xbf3f, 0xbf3f, 0x9edf, 0xa6ff, 0xbf3f, 0xdf9f, 0xc75f, 0xa6ff, 0x9eff, 0xbf3f, 0xdf9f, 0xcf5f, 0xaeff, 0x9edf, 0xaf1f,
0xaf3f, 0xa73f, 0xa71f, 0x9f1e, 0x869d, 0x7e5d, 0x865d, 0x865d, 0x865d, 0x865d, 0x865d, 0x865d, 0x865d, 0x865d, 0x865d, 0x865d,
0x865d, 0x865d, 0x865d, 0x865d, 0x865d, 0x865d, 0x865d, 0x865d, 0x865d, 0x865d, 0x865d, 0x865d, 0x865d, 0x865d, 0x865d, 0x865d,
0x865d, 0x865d, 0x865d, 0x865d, 0x865d, 0x865d, 0x865d, 0x865d, 0x865d, 0x865d, 0x865d, 0x865d, 0x865d, 0x865d, 0x865d, 0x865d,
0x865d, 0x865d, 0x865d, 0x865d, 0x865d, 0x865d, 0x865d, 0x865d, 0x865d, 0x865d, 0x865d, 0x865d, 0x865d, 0x865d, 0x865d, 0x865d,
0x865d, 0x865d, 0x865d, 0x865d, 0x865d, 0x865d, 0x865d, 0x865d, 0x865d, 0x865d, 0x865d, 0x865d, 0x865d, 0x865d, 0x865d, 0x865d,
0x865d, 0x865d, 0x865d, 0x865d, 0x865d, 0x865d, 0x865d, 0x865d, 0x865d, 0x865d, 0x865d, 0x865d, 0x865d, 0x865d, 0x865d, 0x865d,
0x865d, 0x865d, 0x865d, 0x865d, 0x865d, 0x865d, 0x865d, 0x865d, 0x865d, 0xa6dd, 0xcf5e, 0xd77e, 0xdf7f, 0xd77e, 0xdf9f, 0xd77f,
0xc73f, 0xaeff, 0xa6ff, 0xa6ff, 0xaf1f, 0xcf5f, 0xdf7f, 0xdf9f, 0xdf9f, 0xcf5f, 0xa6ff, 0xbf3f, 0xd77f, 0xdf9f, 0xdf7f, 0xd77f,
0xd77f, 0xdf9f, 0xdf9f, 0xdf9f, 0xdf9f, 0xb71d, 0x8e9d, 0x865d, 0x865d, 0x865d, 0x865d, 0x865d, 0x865d, 0x865d, 0x865d, 0x865d,
0x865d, 0x865d, 0x865d, 0x865d, 0x865d, 0x865d, 0x865d, 0x865d, 0x865d, 0x865d, 0x865d, 0x865d, 0x865d, 0x865d, 0x865d, 0x865d,
0x865d, 0x865d, 0x865d, 0x865d, 0x865d, 0x865d, 0x865d, 0x865d, 0x865d, 0x865d, 0x865d, 0x865d, 0x865d, 0x865d, 0x865d, 0x865d,
0x865d, 0x865d, 0x865d, 0x865d, 0x865d, 0x865d, 0x865d, 0x865d, 0x865d, 0x865d, 0x865d, 0x865d, 0x865d, 0x865d, 0x865d, 0x865d,
0x865d, 0x865d, 0x865d, 0x865d, 0x865d, 0x865d, 0x865d, 0x865d, 0x865d, 0x865d, 0x7e7d, 0x7e7d, 0x869e, 0x869f, 0x869e, 0x7e7d,
0x7e7d, 0x7e7d, 0x7e9c, 0x8edf, 0x96df, 0x96de, 0x9ede, 0x9ede, 0x9ede, 0x96ff, 0x869e, 0x867d, 0x7e7d, 0x7e7d, 0x7e7d, 0x869d,
0x7e7d, 0x865d, 0x865d, 0x865d, 0x865d, 0x865d, 0x865d, 0x865d, 0x865d, 0x865d, 0x865d, 0x865d, 0x865d, 0x865d, 0x865d, 0x865d,
0x865d, 0x865d, 0x865d, 0x865d, 0x865d, 0x865d, 0x865d, 0x865d, 0x865d, 0x865d, 0x865d, 0x865d, 0x865d, 0x865d, 0x865d, 0x865d,
0x865d, 0x865d, 0x865d, 0x865d, 0x865d, 0x865d, 0x865d, 0x865d, 0x865d, 0x865d, 0x865d, 0x865d, 0x865d, 0x865d, 0x865d, 0x865d,
0x865d, 0x865d, 0x865d, 0x865d, 0x865d, 0x865d, 0x865d, 0x865d, 0x865d, 0x865d, 0x865d, 0x865d, 0x865d, 0x865d, 0x865d, 0x865d,
0x865d, 0x865d, 0x8e9d, 0xb71e, 0xb6fe, 0xb6fe, 0xb6fe, 0xaefe, 0xb71e, 0xb71e, 0xaefe, 0xaefe, 0xb6fe, 0xb6fe, 0xb71e, 0x8e9d,
0x865d, 0x865d, 0x865d, 0x865d, 0x865d, 0x865d, 0x865d, 0x865d, 0x865d, 0x865d, 0x865d, 0x865d, 0x865d, 0x865d, 0x865d, 0x865d,
0x865d, 0x865d, 0x865d, 0x865d, 0x865d, 0x865d, 0x865d, 0x865d, 0x865d, 0x865d, 0x865d, 0x865d, 0x865d, 0x865d, 0x865d, 0x865d,
0x865d, 0x865d, 0x865d, 0x865d, 0x865d, 0x865d, 0x865d, 0x865d, 0x865d, 0x865d, 0x865d, 0x865d, 0x865d, 0x865d, 0x865d, 0x865d,
0x865d, 0x865d, 0x865d, 0x865d, 0x865d, 0x865d, 0x865d, 0x865d, 0x865d, 0x865d, 0x865d, 0x865d, 0x865d, 0x865d, 0x865d, 0x865d,

/* -42- */
0x865d, 0x865d, 0x865d, 0x865d, 0x865d, 0x865d, 0x865d, 0x865d, 0x865d, 0x865d, 0x865d, 0x865d, 0x865d, 0x865d, 0x865d, 0x865d,
0x865d, 0x865d, 0x865d, 0x865d, 0x865d, 0x865d, 0x865d, 0x865d, 0x865d, 0x865d, 0x865d, 0x865d, 0x865d, 0x865d, 0x865d, 0x865d,
0x865d, 0x865d, 0x865d, 0x865d, 0x865d, 0x865d, 0x865d, 0x865d, 0x865d, 0x865d, 0x865d, 0x865d, 0x865d, 0x865d, 0x865d, 0x865d,
0x865d, 0x865d, 0x865d, 0x865d, 0x865d, 0x865d, 0x865d, 0x865d, 0x865d, 0xbf5d, 0xd79f, 0xd79f, 0xbf5f, 0xaf1f, 0xcf5f, 0xdf7f,
0xcf5f, 0xb71f, 0xa6ff, 0xa6ff, 0xa6ff, 0xa6ff, 0xbf3f, 0xc75f, 0xb73f, 0xa6ff, 0xa6ff, 0xa6ff, 0xaf1f, 0xcf5f, 0xb71f, 0xc73f,
0xc77f, 0xbf7f, 0xbf5f, 0xbf5f, 0xcf9f, 0xd79f, 0xb71e, 0x865d, 0x865d, 0x865d, 0x865d, 0x865d, 0x865d, 0x865d, 0x865d, 0x865d,
0x865d, 0x865d, 0x865d, 0x865d, 0x865d, 0x865d, 0x865d, 0x865d, 0x865d, 0x865d, 0x865d, 0x865d, 0x865d, 0x865d, 0x865d, 0x865d,
0x865d, 0x865d, 0x865d, 0x865d, 0x865d, 0x865d, 0x865d, 0x865d, 0x865d, 0x865d, 0x865d, 0x865d, 0x865d, 0x865d, 0x865d, 0x865d,
0x865d, 0x865d, 0x865d, 0x865d, 0x865d, 0x865d, 0x865d, 0x865d, 0x865d, 0x865d, 0x865d, 0x865d, 0x865d, 0x865d, 0x865d, 0x865d,
0x865d, 0x865d, 0x865d, 0x865d, 0x865d, 0x865d, 0x865d, 0x865d, 0x865d, 0x865d, 0x865d, 0x865d, 0x865d, 0x865d, 0x865d, 0x865d,
0x865d, 0x865d, 0x865d, 0x865d, 0x865d, 0x865d, 0x865d, 0x865d, 0x865d, 0x865d, 0x865d, 0x865d, 0x865d, 0x865d, 0x865d, 0x865d,
0x865d, 0x865d, 0x865d, 0x865d, 0x865d, 0x865d, 0x865d, 0x865d, 0x865d, 0x865d, 0x865d, 0x865d, 0x865d, 0x865d, 0x865d, 0x865d,
0x865d, 0x865d, 0x865d, 0x865d, 0x865d, 0x865d, 0x865d, 0x865d, 0x865d, 0x865d, 0x865d, 0x865d, 0x865d, 0x865d, 0x865d, 0x865d,
0x865d, 0x865d, 0x865d, 0x865d, 0x865d, 0x865d, 0x865d, 0x865d, 0x865d, 0x865d, 0x865d, 0x865d, 0x865d, 0x865d, 0x865d, 0x865d,
0x865d, 0x865d, 0x865d, 0x865d, 0x865d, 0x865d, 0x865d, 0x865d, 0x865d, 0x865d, 0x865d, 0x865d, 0x865d, 0x865d, 0x865d, 0x865d,
0x867d, 0x96be, 0x8e9e, 0xa6de, 0xb6fe, 0xb6fe, 0xa6de, 0x96be, 0x9ede, 0xa6de, 0xb6fe, 0xb6fe, 0xa6fe, 0xaefe, 0xa6fe, 0x96bd,
0x867d, 0x867d, 0x7e5d, 0x865d, 0x865d, 0x865d, 0x865d, 0x865d, 0x865d, 0x865d, 0x865d, 0x865d, 0x865d, 0x865d, 0x865d, 0x865d,
0x865d, 0x865d, 0x865d, 0x865d, 0x865d, 0x865d, 0x865d, 0x865d, 0x865d, 0x865d, 0x865d, 0x865d, 0x865d, 0x865d, 0x865d, 0x865d,
0x865d, 0x865d, 0x865d, 0x865d, 0x865d, 0x865d, 0x865d, 0x865d, 0x865d, 0x865d, 0x865d, 0x865d, 0x865d, 0x865d, 0x865d, 0x865d,
0x865d, 0x865d, 0x865d, 0x865d, 0x865d, 0x865d, 0x865d, 0x865d, 0x865d, 0x865d, 0x865d, 0x865d, 0x865d, 0x865d, 0x865d, 0x865d,
0x865d, 0x865d, 0x865d, 0x865d, 0x865d, 0x865d, 0x865d, 0x865d, 0x865d, 0x865d, 0x865d, 0x865d, 0x865d, 0x865d, 0x865d, 0x865d,
0x865d, 0x865d, 0x865d, 0x865d, 0x865d, 0x865d, 0x865d, 0x865d, 0x865d, 0x865d, 0x865d, 0x865d, 0x865d, 0x865d, 0x865d, 0x865d,
0x865d, 0x865d, 0x865d, 0x865d, 0x865d, 0x865d, 0x865d, 0x865d, 0x865d, 0x865d, 0x865d, 0x865d, 0x865d, 0x865d, 0x865d, 0x865d,
0x865d, 0x865d, 0x865d, 0x865d, 0x865d, 0x865d, 0x865d, 0x865d, 0x865d, 0x865d, 0x865d, 0x865d, 0xa6de, 0xaefe, 0xaefe, 0xaefe,
0xaefe, 0xaefe, 0xaefe, 0xaefe, 0xaefe, 0xaefe, 0x96be, 0xa6de, 0x8e7d, 0x865d, 0x865d, 0x865d, 0x865d, 0x865d, 0x865d, 0x865d,
0x865d, 0x865d, 0x865d, 0x865d, 0x865d, 0x865d, 0x865d, 0x865d, 0x865d, 0x865d, 0x865d, 0x865d, 0x865d, 0x865d, 0x865d, 0x865d,
0x865d, 0x865d, 0x865d, 0x865d, 0x865d, 0x865d, 0x865d, 0x865d, 0x865d, 0x865d, 0x865d, 0x865d, 0x865d, 0x865d, 0x867d, 0xaf3c,
0xb73d, 0xc75e, 0xcf5e, 0xcf5e, 0xcf5e, 0xcf3f, 0xc73e, 0x9edd, 0x865d, 0x867d, 0x865d, 0x865d, 0x865d, 0x865d, 0x865d, 0x865d,
0x865d, 0x865d, 0x865d, 0x865d, 0x865d, 0x865d, 0x865d, 0x865d, 0x865d, 0x865d, 0x865d, 0x865d, 0x865d, 0x865d, 0x865d, 0x865d,
0x865d, 0x865d, 0x865d, 0x865d, 0x865d, 0x865d, 0x865d, 0x865d, 0x865d, 0x865d, 0x865d, 0x865d, 0x865d, 0x865d, 0x865d, 0x865d,
0x865d, 0x865d, 0x865d, 0x865d, 0x865d, 0x865d, 0x865d, 0x865d, 0x865d, 0x865d, 0x865d, 0x865d, 0x865d, 0x865d, 0x865d, 0x865d,
0x865d, 0x865d, 0x865d, 0x865d, 0x865d, 0x865d, 0x865d, 0x865d, 0x865d, 0x865d, 0x865d, 0x865d, 0x865d, 0xaefe, 0xb71e, 0xb71e,
0xb6fe, 0xb71e, 0xa6de, 0x96be, 0xb6fe, 0xb71e, 0xb71e, 0xaefe, 0xa6de, 0xb71e, 0xaefe, 0xb71e, 0xe7bf, 0xe7bf, 0xe79f, 0xd77f,
0xd77f, 0xd77f, 0xcf5f, 0xcf5e, 0xd77f, 0xd77e, 0x9edd, 0x867d, 0xb71d, 0xbf3e, 0xb71e, 0x867d, 0x865d, 0x865d, 0x865d, 0x865d,
0x865d, 0x865d, 0x865d, 0x865d, 0x865d, 0x865d, 0x865d, 0x865d, 0x865d, 0x865d, 0x865d, 0x865d, 0x865d, 0x865d, 0x865d, 0x865d,
0x865d, 0x865d, 0x865d, 0x865d, 0x865d, 0x865d, 0x865d, 0x865d, 0x865d, 0x865d, 0x865d, 0x865d, 0x865d, 0x865d, 0x865d, 0x865d,
0x865d, 0x865d, 0x865d, 0x865d, 0x865d, 0xbf7c, 0xd77f, 0xd77f, 0xd77f, 0xd77f, 0xd77f, 0xd77f, 0xd77f, 0xd77f, 0xd77e, 0xd75e,
0xd77f, 0xaefd, 0x865d, 0x865d, 0x865d, 0x865d, 0x865d, 0x865d, 0x865d, 0x865d, 0x865d, 0x865d, 0x865d, 0x865d, 0x865d, 0x865d,
0x865d, 0x865d, 0x865d, 0x865d, 0x865d, 0x865d, 0x865d, 0x865d, 0x865d, 0x865d, 0x865d, 0x865d, 0x865d, 0x865d, 0x865d, 0x865d,
0x865d, 0x865d, 0x865d, 0x865d, 0x865d, 0x865d, 0x865d, 0x865d, 0x865d, 0x865d, 0x865d, 0x865d, 0x865d, 0x865d, 0x865d, 0x865d,
0x865d, 0x865d, 0x865d, 0x867d, 0x869d, 0x8ebc, 0x9f1f, 0x9ebe, 0x96de, 0x9eff, 0xa6ff, 0xa6ff, 0x9edf, 0x9edf, 0x9edf, 0xa6ff,
0xa6df, 0x9ede, 0xa6ff, 0x9edf, 0x96bf, 0x8ebf, 0x9edf, 0x9edf, 0x9edf, 0x9edf, 0x9edf, 0xaeff, 0xa6ff, 0x9edf, 0xa6ff, 0x96be,
0x867d, 0x867d, 0x867d, 0x869d, 0x7e5d, 0x865d, 0x865d, 0x865d, 0x865d, 0x865d, 0x865d, 0x865d, 0x865d, 0x865d, 0x865d, 0x865d,
0x865d, 0x865d, 0x865d, 0x865d, 0x865d, 0x865d, 0x865d, 0x865d, 0x865d, 0x865d, 0x865d, 0x865d, 0x865d, 0x865d, 0x865d, 0x865d,
0x865d, 0x865d, 0x865d, 0x865d, 0x865d, 0x865d, 0x865d, 0x865d, 0x865d, 0x865d, 0x865d, 0x865d, 0x865d, 0x865d, 0x865d, 0x865d,
0x865d, 0x865d, 0x865d, 0x865d, 0x865d, 0x865d, 0x865d, 0x865d, 0x865d, 0x865d, 0x865d, 0x865d, 0x865d, 0x865d, 0x865d, 0x865d,
0x865d, 0x865d, 0x865d, 0x865d, 0x865d, 0x865d, 0x865d, 0x865d, 0x865d, 0x865d, 0x865d, 0x865d, 0x865d, 0x865d, 0x865d, 0x865d,
0x865d, 0x865d, 0x865d, 0x865d, 0x865d, 0x865d, 0x865d, 0x865d, 0x865d, 0x865d, 0x865d, 0x865d, 0x865d, 0x865d, 0x865d, 0x865d,
0x865d, 0x865d, 0x865d, 0x865d, 0x865d, 0x865d, 0x865d, 0x865d, 0x865d, 0xbf5d, 0xd79f, 0xd79f, 0xbf5f, 0xaf1f, 0xcf5f, 0xdf7f,
0xcf5f, 0xb71f, 0xa6ff, 0xa6ff, 0xa6ff, 0xa6ff, 0xbf3f, 0xc75f, 0xb73f, 0xa6ff, 0xa6ff, 0xa6ff, 0xaf1f, 0xcf5f, 0xb71f, 0xc73f,
0xc77f, 0xbf7f, 0xbf5f, 0xbf5f, 0xcf9f, 0xd79f, 0xb71e, 0x865d, 0x865d, 0x865d, 0x865d, 0x865d, 0x865d, 0x865d, 0x865d, 0x865d,
0x865d, 0x865d, 0x865d, 0x865d, 0x865d, 0x865d, 0x865d, 0x865d, 0x865d, 0x865d, 0x865d, 0x865d, 0x865d, 0x865d, 0x865d, 0x865d,
0x865d, 0x865d, 0x865d, 0x865d, 0x865d, 0x865d, 0x865d, 0x865d, 0x865d, 0x865d, 0x865d, 0x865d, 0x865d, 0x865d, 0x865d, 0x865d,
0x865d, 0x865d, 0x865d, 0x865d, 0x865d, 0x865d, 0x865d, 0x865d, 0x865d, 0x865d, 0x865d, 0x865d, 0x865d, 0x865d, 0x865d, 0x865d,
0x865d, 0x865d, 0x865d, 0x865d, 0x865d, 0x865d, 0x865d, 0x865d, 0x865d, 0x865d, 0x865d, 0x865d, 0x865d, 0x865d, 0x865d, 0x865d,
0x865d, 0x865d, 0x865d, 0x865d, 0x865d, 0x865d, 0x865d, 0x865d, 0x865d, 0x865d, 0x865d, 0x865d, 0x865d, 0x865d, 0x865d, 0x865d,
0x865d, 0x865d, 0x865d, 0x865d, 0x865d, 0x865d, 0x865d, 0x865d, 0x865d, 0x865d, 0x865d, 0x865d, 0x865d, 0x865d, 0x865d, 0x865d,
0x865d, 0x865d, 0x865d, 0x865d, 0x865d, 0x865d, 0x865d, 0x865d, 0x865d, 0x865d, 0x865d, 0x865d, 0x865d, 0x865d, 0x865d, 0x865d,
0x865d, 0x865d, 0x865d, 0x865d, 0x865d, 0x865d, 0x865d, 0x865d, 0x865d, 0x865d, 0x865d, 0x865d, 0x865d, 0x865d, 0x865d, 0x865d,
0x865d, 0x865d, 0x865d, 0x865d, 0x865d, 0x865d, 0x865d, 0x865d, 0x865d, 0x865d, 0x865d, 0x865d, 0x865d, 0x865d, 0x865d, 0x865d,
0x867d, 0x96be, 0x8e9e, 0xa6de, 0xb6fe, 0xb6fe, 0xa6de, 0x96be, 0x9ede, 0xa6de, 0xb6fe, 0xb6fe, 0xa6fe, 0xaefe, 0xa6fe, 0x96bd,
0x867d, 0x867d, 0x7e5d, 0x865d, 0x865d, 0x865d, 0x865d, 0x865d, 0x865d, 0x865d, 0x865d, 0x865d, 0x865d, 0x865d, 0x865d, 0x865d,
0x865d, 0x865d, 0x865d, 0x865d, 0x865d, 0x865d, 0x865d, 0x865d, 0x865d, 0x865d, 0x865d, 0x865d, 0x865d, 0x865d, 0x865d, 0x865d,
0x865d, 0x865d, 0x865d, 0x865d, 0x865d, 0x865d, 0x865d, 0x865d, 0x865d, 0x865d, 0x865d, 0x865d, 0x865d, 0x865d, 0x865d, 0x865d,
0x865d, 0x865d, 0x865d, 0x865d, 0x865d, 0x865d, 0x865d, 0x865d, 0x865d, 0x865d, 0x865d, 0x865d, 0x865d, 0x865d, 0x865d, 0x865d,

/* -43- */
0x865d, 0x865d, 0x865d, 0x865d, 0x865d, 0x865d, 0x865d, 0x865d, 0x865d, 0x865d, 0x865d, 0x865d, 0x865d, 0x865d, 0x865d, 0x865d,
0x865d, 0x865d, 0x865d, 0x865d, 0x865d, 0x865d, 0x865d, 0x865d, 0x865d, 0x865d, 0x865d, 0x865d, 0x865d, 0x865d, 0x865d, 0x865d,
0x865d, 0x865d, 0x865d, 0x865d, 0x865d, 0x865d, 0x865d, 0x865d, 0x865d, 0x865d, 0x865d, 0x865d, 0x865d, 0x865d, 0x865d, 0x865d,
0x865d, 0x865d, 0x865d, 0x865d, 0x865d, 0x865d, 0x865d, 0x865d, 0x865d, 0x7e7d, 0x8ebd, 0x8ebd, 0x8e9e, 0x9eff, 0xa6fe, 0xb71f,
0x9efe, 0x9eff, 0xa6ff, 0xa6ff, 0xa6ff, 0xa6ff, 0x9eff, 0x9edf, 0x9efe, 0xa6fe, 0xa6ff, 0xa6ff, 0x9eff, 0x9eff, 0x9ede, 0x8ebf,
0x869e, 0x869d, 0x869d, 0x8ebd, 0x869d, 0x869d, 0x7e5d, 0x865d, 0x865d, 0x865d, 0x865d, 0x865d, 0x865d, 0x865d, 0x865d, 0x865d,
0x865d, 0x865d, 0x865d, 0x865d, 0x865d, 0x865d, 0x865d, 0x865d, 0x865d, 0x865d, 0x865d, 0x865d, 0x865d, 0x865d, 0x865d, 0x865d,
0x865d, 0x865d, 0x865d, 0x865d, 0x865d, 0x865d, 0x865d, 0x865d, 0x865d, 0x865d, 0x865d, 0x865d, 0x865d, 0x865d, 0x865d, 0x865d,
0x865d, 0x865d, 0x865d, 0x865d, 0x865d, 0x865d, 0x865d, 0x865d, 0x865d, 0x865d, 0x865d, 0x865d, 0x865d, 0x865d, 0x865d, 0x865d,
0x865d, 0x865d, 0x865d, 0x865d, 0x865d, 0x865d, 0x865d, 0x865d, 0x865d, 0x865d, 0x865d, 0x865d, 0x865d, 0x865d, 0x865d, 0x865d,
0x865d, 0x865d, 0x865d, 0x865d, 0x865d, 0x865d, 0x865d, 0x865d, 0x865d, 0x865d, 0x865d, 0x865d, 0x865d, 0x865d, 0x865d, 0x865d,
0x865d, 0x865d, 0x865d, 0x865d, 0x865d, 0x865d, 0x865d, 0x865d, 0x865d, 0x865d, 0x865d, 0x865d, 0x865d, 0x865d, 0x865d, 0x865d,
0x865d, 0x865d, 0x865d, 0x865d, 0x865d, 0x865d, 0x865d, 0x865d, 0x865d, 0x865d, 0x865d, 0x865d, 0x865d, 0x865d, 0x865d, 0x865d,
0x865d, 0x865d, 0x865d, 0x865d, 0x865d, 0x865d, 0x865d, 0x865d, 0x865d, 0x865d, 0x865d, 0x865d, 0x865d, 0x865d, 0x865d, 0x865d,
0x865d, 0x865d, 0x865d, 0x865d, 0x865d, 0x865d, 0x865d, 0x865d, 0x865d, 0x865d, 0x865d, 0x865d, 0x865d, 0x865d, 0x865d, 0x867d,
0xa6dd, 0xb71e, 0xb6fe, 0xaefe, 0xa6de, 0x9ebe, 0x9ede, 0xa6de, 0x9ebe, 0xb6fe, 0xb71e, 0xb71e, 0xb6fe, 0xa6fe, 0xa6de, 0xb71e,
0xb6fe, 0xb6fe, 0xa6dd, 0x8e7d, 0x865d, 0x865d, 0x865d, 0x865d, 0x865d, 0x865d, 0x865d, 0x865d, 0x865d, 0x865d, 0x865d, 0x865d,
0x865d, 0x865d, 0x865d, 0x865d, 0x865d, 0x865d, 0x865d, 0x865d, 0x865d, 0x865d, 0x865d, 0x865d, 0x865d, 0x865d, 0x865d, 0x865d,
0x865d, 0x865d, 0x865d, 0x865d, 0x865d, 0x865d, 0x865d, 0x865d, 0x865d, 0x865d, 0x865d, 0x865d, 0x865d, 0x865d, 0x865d, 0x865d,
0x865d, 0x865d, 0x865d, 0x865d, 0x865d, 0x865d, 0x865d, 0x865d, 0x865d, 0x865d, 0x865d, 0x865d, 0x865d, 0x865d, 0x865d, 0x865d,
0x865d, 0x865d, 0x865d, 0x865d, 0x865d, 0x865d, 0x865d, 0x865d, 0x865d, 0x865d, 0x865d, 0x865d, 0x865d, 0x865d, 0x865d, 0x865d,
0x865d, 0x865d, 0x865d, 0x865d, 0x865d, 0x865d, 0x865d, 0x865d, 0x865d, 0x865d, 0x865d, 0x865d, 0x865d, 0x865d, 0x865d, 0x865d,
0x865d, 0x865d, 0x865d, 0x865d, 0x865d, 0x865d, 0x865d, 0x865d, 0x865d, 0x865d, 0x865d, 0x865d, 0x865d, 0x865d, 0x865d, 0x865d,
0x865d, 0x865d, 0x865d, 0x865d, 0x865d, 0x865d, 0x865d, 0x865d, 0x8e9d, 0x9ebd, 0x969d, 0x8ebd, 0x9ebe, 0xaefe, 0xaefe, 0xaefe,
0xaefe, 0xaefe, 0xaefe, 0xaefe, 0xaefe, 0xa6de, 0xaefe, 0xaefe, 0xaefe, 0xa6dd, 0x867d, 0x865d, 0x865d, 0x865d, 0x865d, 0x865d,
0x865d, 0x865d, 0x865d, 0x865d, 0x865d, 0x865d, 0x865d, 0x865d, 0x865d, 0x865d, 0x865d, 0x865d, 0x865d, 0x865d, 0x865d, 0x865d,
0x865d, 0x865d, 0x865d, 0x865d, 0x865d, 0x865d, 0x865d, 0x865d, 0x865d, 0x865d, 0x865d, 0x865d, 0x865d, 0x867d, 0x9ebe, 0xcf5f,
0xcf5f, 0xcf5e, 0xcf5e, 0xcf5e, 0xcf5e, 0xc73e, 0xcf5f, 0xb71e, 0x8e7d, 0x865d, 0x8e7d, 0x969e, 0x8e9e, 0x969e, 0x867d, 0x865d,
0x865d, 0x865d, 0x865d, 0x865d, 0x865d, 0x865d, 0x865d, 0x865d, 0x865d, 0x865d, 0x865d, 0x865d, 0x865d, 0x865d, 0x865d, 0x865d,
0x865d, 0x865d, 0x865d, 0x865d, 0x865d, 0x865d, 0x865d, 0x865d, 0x865d, 0x865d, 0x865d, 0x865d, 0x865d, 0x865d, 0x865d, 0x865d,
0x865d, 0x865d, 0x865d, 0x865d, 0x865d, 0x865d, 0x865d, 0x865d, 0x865d, 0x865d, 0x865d, 0x865d, 0x865d, 0x865d, 0x865d, 0x865d,
0x865d, 0x865d, 0x865d, 0x865d, 0x865d, 0x865d, 0x865d, 0x865d, 0x865d, 0x865d, 0x865d, 0x865d, 0x865d, 0x96be, 0xa6fe, 0x96be,
0x9ebe, 0xa6de, 0x9ede, 0x96be, 0x96be, 0xa6de, 0x9ede, 0x8e9e, 0x8e9e, 0x9ebe, 0x9ede, 0xaf1f, 0xdfbf, 0xdf9f, 0xe7bf, 0xcf5f,
0xc75f, 0xc75f, 0xc75f, 0xd77e, 0xd77e, 0xd77f, 0xaf1d, 0xbf3e, 0xd77f, 0xd77f, 0xd77f, 0xcf5e, 0x969d, 0x865d, 0x865d, 0x865d,
0x865d, 0x865d, 0x865d, 0x865d, 0x865d, 0x865d, 0x865d, 0x865d, 0x865d, 0x865d, 0x865d, 0x865d, 0x865d, 0x865d, 0x865d, 0x865d,
0x865d, 0x865d, 0x865d, 0x865d, 0x865d, 0x865d, 0x865d, 0x865d, 0x865d, 0x865d, 0x865d, 0x865d, 0x865d, 0x865d, 0x865d, 0x865d,
0x865d, 0x865d, 0x865d, 0x867d, 0x8e7d, 0xc75e, 0xd77f, 0xd75f, 0xd75e, 0xd77f, 0xd77f, 0xd77f, 0xd77f, 0xd77f, 0xd77f, 0xd75e,
0xcf5f, 0xcf5e, 0x96bd, 0x867d, 0x867d, 0x867d, 0x867d, 0x867d, 0x865d, 0x865d, 0x865d, 0x865d, 0x865d, 0x865d, 0x865d, 0x865d,
0x865d, 0x865d, 0x865d, 0x865d, 0x865d, 0x865d, 0x865d, 0x865d, 0x865d, 0x865d, 0x865d, 0x865d, 0x865d, 0x865d, 0x865d, 0x865d,
0x865d, 0x865d, 0x865d, 0x865d, 0x865d, 0x865d, 0x865d, 0x865d, 0x865d, 0x865d, 0x865d, 0x865d, 0x865d, 0x865d, 0x865d, 0x865d,
0x865d, 0x865d, 0x865d, 0x865d, 0x865d, 0x7e5d, 0x867d, 0x867d, 0x7e7c, 0x8efe, 0x9f1f, 0x9eff, 0x9eff, 0x8ebe, 0x7e9e, 0x96df,
0xa71f, 0xa6ff, 0x9ede, 0x9edf, 0x9edf, 0x96bf, 0x9edf, 0x9eff, 0x9ede, 0x9f1f, 0xa71f, 0xa6ff, 0x9eff, 0x9f1e, 0x7e9c, 0x865d,
0x865d, 0x865d, 0x865d, 0x865d, 0x865d, 0x865d, 0x865d, 0x865d, 0x865d, 0x865d, 0x865d, 0x865d, 0x865d, 0x865d, 0x865d, 0x865d,
0x865d, 0x865d, 0x865d, 0x865d, 0x865d, 0x865d, 0x865d, 0x865d, 0x865d, 0x865d, 0x865d, 0x865d, 0x865d, 0x865d, 0x865d, 0x865d,
0x865d, 0x865d, 0x865d, 0x865d, 0x865d, 0x865d, 0x865d, 0x865d, 0x865d, 0x865d, 0x865d, 0x865d, 0x865d, 0x865d, 0x865d, 0x865d,
0x865d, 0x865d, 0x865d, 0x865d, 0x865d, 0x865d, 0x865d, 0x865d, 0x865d, 0x865d, 0x865d, 0x865d, 0x865d, 0x865d, 0x865d, 0x865d,
0x865d, 0x865d, 0x865d, 0x865d, 0x865d, 0x865d, 0x865d, 0x865d, 0x865d, 0x865d, 0x865d, 0x865d, 0x865d, 0x865d, 0x865d, 0x865d,
0x865d, 0x865d, 0x865d, 0x865d, 0x865d, 0x865d, 0x865d, 0x865d, 0x865d, 0x865d, 0x865d, 0x865d, 0x865d, 0x865d, 0x865d, 0x865d,
0x865d, 0x865d, 0x865d, 0x865d, 0x865d, 0x865d, 0x865d, 0x865d, 0x865d, 0x7e7d, 0x8ebd, 0x8ebd, 0x8e9e, 0x9eff, 0xa6fe, 0xb71f,
0x9efe, 0x9eff, 0xa6ff, 0xa6ff, 0xa6ff, 0xa6ff, 0x9eff, 0x9edf, 0x9efe, 0xa6fe, 0xa6ff, 0xa6ff, 0x9eff, 0x9eff, 0x9ede, 0x8ebf,
0x869e, 0x869d, 0x869d, 0x8ebd, 0x869d, 0x869d, 0x7e5d, 0x865d, 0x865d, 0x865d, 0x865d, 0x865d, 0x865d, 0x865d, 0x865d, 0x865d,
0x865d, 0x865d, 0x865d, 0x865d, 0x865d, 0x865d, 0x865d, 0x865d, 0x865d, 0x865d, 0x865d, 0x865d, 0x865d, 0x865d, 0x865d, 0x865d,
0x865d, 0x865d, 0x865d, 0x865d, 0x865d, 0x865d, 0x865d, 0x865d, 0x865d, 0x865d, 0x865d, 0x865d, 0x865d, 0x865d, 0x865d, 0x865d,
0x865d, 0x865d, 0x865d, 0x865d, 0x865d, 0x865d, 0x865d, 0x865d, 0x865d, 0x865d, 0x865d, 0x865d, 0x865d, 0x865d, 0x865d, 0x865d,
0x865d, 0x865d, 0x865d, 0x865d, 0x865d, 0x865d, 0x865d, 0x865d, 0x865d, 0x865d, 0x865d, 0x865d, 0x865d, 0x865d, 0x865d, 0x865d,
0x865d, 0x865d, 0x865d, 0x865d, 0x865d, 0x865d, 0x865d, 0x865d, 0x865d, 0x865d, 0x865d, 0x865d, 0x865d, 0x865d, 0x865d, 0x865d,
0x865d, 0x865d, 0x865d, 0x865d, 0x865d, 0x865d, 0x865d, 0x865d, 0x865d, 0x865d, 0x865d, 0x865d, 0x865d, 0x865d, 0x865d, 0x865d,
0x865d, 0x865d, 0x865d, 0x865d, 0x865d, 0x865d, 0x865d, 0x865d, 0x865d, 0x865d, 0x865d, 0x865d, 0x865d, 0x865d, 0x865d, 0x865d,
0x865d, 0x865d, 0x865d, 0x865d, 0x865d, 0x865d, 0x865d, 0x865d, 0x865d, 0x865d, 0x865d, 0x865d, 0x865d, 0x865d, 0x865d, 0x865d,
0x865d, 0x865d, 0x865d, 0x865d, 0x865d, 0x865d, 0x865d, 0x865d, 0x865d, 0x865d, 0x865d, 0x865d, 0x865d, 0x865d, 0x865d, 0x867d,
0xa6dd, 0xb71e, 0xb6fe, 0xaefe, 0xa6de, 0x9ebe, 0x9ede, 0xa6de, 0x9ebe, 0xb6fe, 0xb71e, 0xb71e, 0xb6fe, 0xa6fe, 0xa6de, 0xb71e,
0xb6fe, 0xb6fe, 0xa6dd, 0x8e7d, 0x865d, 0x865d, 0x865d, 0x865d, 0x865d, 0x865d, 0x865d, 0x865d, 0x865d, 0x865d, 0x865d, 0x865d,
0x865d, 0x865d, 0x865d, 0x865d, 0x865d, 0x865d, 0x865d, 0x865d, 0x865d, 0x865d, 0x865d, 0x865d, 0x865d, 0x865d, 0x865d, 0x865d,
0x865d, 0x865d, 0x865d, 0x865d, 0x865d, 0x865d, 0x865d, 0x865d, 0x865d, 0x865d, 0x865d, 0x865d, 0x865d, 0x865d, 0x865d, 0x865d,
0x865d, 0x865d, 0x865d, 0x865d, 0x865d, 0x865d, 0x865d, 0x865d, 0x865d, 0x865d, 0x865d, 0x865d, 0x865d, 0x865d, 0x865d, 0x865d,

/* -44- */
0x865d, 0x865d, 0x865d, 0x865d, 0x865d, 0x865d, 0x865d, 0x865d, 0x865d, 0x865d, 0x865d, 0x865d, 0x865d, 0x865d, 0x865d, 0x865d,
0x865d, 0x865d, 0x865d, 0x865d, 0x865d, 0x865d, 0x865d, 0x865d, 0x865d, 0x865d, 0x865d, 0x865d, 0x865d, 0x865d, 0x865d, 0x865d,
0x865d, 0x865d, 0x865d, 0x865d, 0x865d, 0x865d, 0x865d, 0x865d, 0x865d, 0x865d, 0x865d, 0x865d, 0x865d, 0x865d, 0x865d, 0x865d,
0x865d, 0x865d, 0x865d, 0x865d, 0x865d, 0x865d, 0x865d, 0x865d, 0x865d, 0x865d, 0x865d, 0x865d, 0x865d, 0x865d, 0x865d, 0x865d,
0x865d, 0x865d, 0x865d, 0x865d, 0x865d, 0x865d, 0x865d, 0x865d, 0x865d, 0x865d, 0x865d, 0x865d, 0x865d, 0x865d, 0x865d, 0x865d,
0x865d, 0x865d, 0x865d, 0x865d, 0x865d, 0x865d, 0x865d, 0x865d, 0x865d, 0x865d, 0x865d, 0x865d, 0x865d, 0x865d, 0x865d, 0x865d,
0x865d, 0x865d, 0x865d, 0x865d, 0x865d, 0x865d, 0x865d, 0x865d, 0x865d, 0x865d, 0x865d, 0x865d, 0x865d, 0x865d, 0x865d, 0x865d,
0x865d, 0x865d, 0x865d, 0x865d, 0x865d, 0x865d, 0x865d, 0x865d, 0x865d, 0x865d, 0x865d, 0x865d, 0x865d, 0x865d, 0x865d, 0x865d,
0x865d, 0x865d, 0x865d, 0x865d, 0x865d, 0x865d, 0x865d, 0x865d, 0x865d, 0x865d, 0x865d, 0x865d, 0x865d, 0x865d, 0x865d, 0x865d,
0x865d, 0x865d, 0x865d, 0x865d, 0x865d, 0x865d, 0x865d, 0x865d, 0x865d, 0x865d, 0x865d, 0x865d, 0x865d, 0x865d, 0x865d, 0x865d,
0x865d, 0x865d, 0x865d, 0x865d, 0x865d, 0x865d, 0x865d, 0x865d, 0x865d, 0x865d, 0x865d, 0x865d, 0x865d, 0x865d, 0x865d, 0x865d,
0x865d, 0x865d, 0x865d, 0x865d, 0x865d, 0x865d, 0x865d, 0x865d, 0x865d, 0x865d, 0x865d, 0x865d, 0x865d, 0x865d, 0x865d, 0x865d,
0x865d, 0x865d, 0x865d, 0x865d, 0x865d, 0x865d, 0x865d, 0x865d, 0x865d, 0x865d, 0x865d, 0x865d, 0x865d, 0x865d, 0x865d, 0x865d,
0x865d, 0x865d, 0x865d, 0x865d, 0x865d, 0x865d, 0x865d, 0x865d, 0x865d, 0x865d, 0x865d, 0x865d, 0x865d, 0x865d, 0x865d, 0x865d,
0x865d, 0x865d, 0x865d, 0x865d, 0x865d, 0x865d, 0x865d, 0x865d, 0x865d, 0x865d, 0x865d, 0x865d, 0x865d, 0x865d, 0x865d, 0xaefe,
0xb71e, 0xb6fe, 0xaefe, 0xb6fe, 0xb71e, 0xa6de, 0xb6fe, 0xb71e, 0xa6de, 0xa6de, 0xb71e, 0xb71e, 0xaefe, 0xb71e, 0xb6fe, 0xa6de,
0xb71e, 0xb71e, 0xb71e, 0xa6de, 0x865d, 0x865d, 0x865d, 0x865d, 0x865d, 0x865d, 0x865d, 0x865d, 0x865d, 0x865d, 0x865d, 0x865d,
0x865d, 0x865d, 0x865d, 0x865d, 0x865d, 0x865d, 0x865d, 0x865d, 0x865d, 0x865d, 0x865d, 0x865d, 0x865d, 0x865d, 0x865d, 0x865d,
0x865d, 0x865d, 0x865d, 0x865d, 0x865d, 0x865d, 0x865d, 0x865d, 0x865d, 0x865d, 0x865d, 0x865d, 0x865d, 0x865d, 0x865d, 0x865d,
0x865d, 0x865d, 0x865d, 0x865d, 0x865d, 0x865d, 0x865d, 0x865d, 0x865d, 0x865d, 0x865d, 0x865d, 0x865d, 0x865d, 0x865d, 0x865d,
0x865d, 0x865d, 0x865d, 0x865d, 0x865d, 0x865d, 0x865d, 0x865d, 0x865d, 0x865d, 0x865d, 0x865d, 0x865d, 0x865d, 0x865d, 0x865d,
0x865d, 0x865d, 0x865d, 0x865d, 0x865d, 0x865d, 0x865d, 0x865d, 0x865d, 0x865d, 0x865d, 0x865d, 0x865d, 0x865d, 0x865d, 0x865d,
0x865d, 0x865d, 0x865d, 0x865d, 0x865d, 0x865d, 0x865d, 0x865d, 0x865d, 0x865d, 0x865d, 0x865d, 0x865d, 0x865d, 0x865d, 0x865d,
0x865d, 0x865d, 0x865d, 0x865d, 0x865d, 0x865d, 0x7e7d, 0x96bd, 0xaefe, 0xaefe, 0xaefe, 0xaefe, 0xaede, 0x9ebe, 0xaede, 0xaefe,
0xa6de, 0xa6de, 0xaefe, 0xaefe, 0xa6de, 0xaefe, 0xaefe, 0xaefe, 0xaefe, 0xaefe, 0x9edd, 0x9ebe, 0x9ebe, 0x8e9d, 0x865d, 0x865d,
0x865d, 0x865d, 0x865d, 0x865d, 0x865d, 0x865d, 0x865d, 0x865d, 0x865d, 0x865d, 0x865d, 0x865d, 0x865d, 0x865d, 0x865d, 0x865d,
0x865d, 0x865d, 0x865d, 0x865d, 0x865d, 0x865d, 0x865d, 0x865d, 0x865d, 0x865d, 0x865d, 0x865d, 0x865d, 0x96be, 0xcf5f, 0xc73e,
0xc73e, 0xcf5e, 0xcf5e, 0xcf5e, 0xcf5e, 0xcf5e, 0xcf3f, 0xcf5f, 0xbf1e, 0x8e7d, 0xb71e, 0xcf5f, 0xcf5f, 0xcf5f, 0x96be, 0x867d,
0x865d, 0x865d, 0x865d, 0x865d, 0x865d, 0x865d, 0x865d, 0x865d, 0x865d, 0x865d, 0x865d, 0x865d, 0x865d, 0x865d, 0x865d, 0x865d,
0x865d, 0x865d, 0x865d, 0x865d, 0x865d, 0x865d, 0x865d, 0x865d, 0x865d, 0x865d, 0x865d, 0x865d, 0x865d, 0x865d, 0x865d, 0x865d,
0x865d, 0x865d, 0x865d, 0x865d, 0x865d, 0x865d, 0x865d, 0x865d, 0x865d, 0x865d, 0x865d, 0x865d, 0x865d, 0x865d, 0x865d, 0x865d,
0x865d, 0x865d, 0x865d, 0x865d, 0x865d, 0x865d, 0x865d, 0x865d, 0x865d, 0x865d, 0x865d, 0x865d, 0x865d, 0x7e7d, 0x7e7d, 0x867e,
0x867e, 0x869e, 0x7e7d, 0x867d, 0x7e7d, 0x867e, 0x869e, 0x869e, 0x869e, 0x869e, 0x867e, 0xa6fe, 0xd77f, 0xd77f, 0xd77e, 0xd77f,
0xb71f, 0xa6ff, 0xbf3f, 0xd77f, 0xd77f, 0xbf1e, 0xbf3f, 0xd77f, 0xd75f, 0xd77f, 0xd75e, 0xd77f, 0xb71e, 0x865d, 0x867d, 0x865d,
0x865d, 0x865d, 0x865d, 0x865d, 0x865d, 0x865d, 0x865d, 0x865d, 0x865d, 0x865d, 0x865d, 0x865d, 0x865d, 0x865d, 0x865d, 0x865d,
0x865d, 0x865d, 0x865d, 0x865d, 0x865d, 0x865d, 0x865d, 0x865d, 0x865d, 0x865d, 0x865d, 0x865d, 0x865d, 0x865d, 0x865d, 0x865d,
0x865d, 0x867d, 0x7e5d, 0xaefe, 0xd77f, 0xd75f, 0xd77e, 0xd77f, 0xd77f, 0xd77f, 0xd77f, 0xd77f, 0xd77f, 0xd77f, 0xd77f, 0xd77f,
0xd77f, 0xd77f, 0xd77f, 0xa71a, 0x865d, 0x865d, 0x865d, 0x865d, 0x865d, 0x865d, 0x7e5d, 0x865d, 0x865d, 0x865d, 0x865d, 0x865d,
0x865d, 0x865d, 0x865d, 0x865d, 0x865d, 0x865d, 0x865d, 0x865d, 0x865d, 0x865d, 0x865d, 0x865d, 0x865d, 0x865d, 0x865d, 0x865d,
0x865d, 0x865d, 0x865d, 0x865d, 0x865d, 0x865d, 0x865d, 0x865d, 0x865d, 0x865d, 0x865d, 0x865d, 0x865d, 0x865d, 0x865d, 0x865d,
0x865d, 0x865d, 0x865d, 0x865d, 0x865d, 0x865d, 0x865d, 0x865d, 0x865d, 0x7e5d, 0x869e, 0x96ff, 0x8e9e, 0x7e7d, 0x7e7d, 0x7e9c,
0x971f, 0x9ede, 0xa6ff, 0x9edf, 0xa6df, 0x9ede, 0x96fe, 0x7e9c, 0x867d, 0x7e9c, 0x96ff, 0x96de, 0x96be, 0x867d, 0x7e5d, 0x865d,
0x865d, 0x865d, 0x865d, 0x865d, 0x865d, 0x865d, 0x865d, 0x865d, 0x865d, 0x865d, 0x865d, 0x865d, 0x865d, 0x865d, 0x865d, 0x865d,
0x865d, 0x865d, 0x865d, 0x865d, 0x865d, 0x865d, 0x865d, 0x865d, 0x865d, 0x865d, 0x865d, 0x865d, 0x865d, 0x865d, 0x865d, 0x865d,
0x865d, 0x865d, 0x865d, 0x865d, 0x865d, 0x865d, 0x865d, 0x865d, 0x865d, 0x865d, 0x865d, 0x865d, 0x865d, 0x865d, 0x865d, 0x865d,
0x865d, 0x865d, 0x865d, 0x865d, 0x865d, 0x865d, 0x865d, 0x865d, 0x865d, 0x865d, 0x865d, 0x865d, 0x865d, 0x865d, 0x865d, 0x865d,
0x865d, 0x865d, 0x865d, 0x865d, 0x865d, 0x865d, 0x865d, 0x865d, 0x865d, 0x865d, 0x865d, 0x865d, 0x865d, 0x865d, 0x865d, 0x865d,
0x865d, 0x865d, 0x865d, 0x865d, 0x865d, 0x865d, 0x865d, 0x865d, 0x865d, 0x865d, 0x865d, 0x865d, 0x865d, 0x865d, 0x865d, 0x865d,
0x865d, 0x865d, 0x865d, 0x865d, 0x865d, 0x865d, 0x865d, 0x865d, 0x865d, 0x865d, 0x865d, 0x865d, 0x865d, 0x865d, 0x865d, 0x865d,
0x865d, 0x865d, 0x865d, 0x865d, 0x865d, 0x865d, 0x865d, 0x865d, 0x865d, 0x865d, 0x865d, 0x865d, 0x865d, 0x865d, 0x865d, 0x865d,
0x865d, 0x865d, 0x865d, 0x865d, 0x865d, 0x865d, 0x865d, 0x865d, 0x865d, 0x865d, 0x865d, 0x865d, 0x865d, 0x865d, 0x865d, 0x865d,
0x865d, 0x865d, 0x865d, 0x865d, 0x865d, 0x865d, 0x865d, 0x865d, 0x865d, 0x865d, 0x865d, 0x865d, 0x865d, 0x865d, 0x865d, 0x865d,
0x865d, 0x865d, 0x865d, 0x865d, 0x865d, 0x865d, 0x865d, 0x865d, 0x865d, 0x865d, 0x865d, 0x865d, 0x865d, 0x865d, 0x865d, 0x865d,
0x865d, 0x865d, 0x865d, 0x865d, 0x865d, 0x865d, 0x865d, 0x865d, 0x865d, 0x865d, 0x865d, 0x865d, 0x865d, 0x865d, 0x865d, 0x865d,
0x865d, 0x865d, 0x865d, 0x865d, 0x865d, 0x865d, 0x865d, 0x865d, 0x865d, 0x865d, 0x865d, 0x865d, 0x865d, 0x865d, 0x865d, 0x865d,
0x865d, 0x865d, 0x865d, 0x865d, 0x865d, 0x865d, 0x865d, 0x865d, 0x865d, 0x865d, 0x865d, 0x865d, 0x865d, 0x865d, 0x865d, 0x865d,
0x865d, 0x865d, 0x865d, 0x865d, 0x865d, 0x865d, 0x865d, 0x865d, 0x865d, 0x865d, 0x865d, 0x865d, 0x865d, 0x865d, 0x865d, 0x865d,
0x865d, 0x865d, 0x865d, 0x865d, 0x865d, 0x865d, 0x865d, 0x865d, 0x865d, 0x865d, 0x865d, 0x865d, 0x865d, 0x865d, 0x865d, 0x865d,
0x865d, 0x865d, 0x865d, 0x865d, 0x865d, 0x865d, 0x865d, 0x865d, 0x865d, 0x865d, 0x865d, 0x865d, 0x865d, 0x865d, 0x865d, 0x865d,
0x865d, 0x865d, 0x865d, 0x865d, 0x865d, 0x865d, 0x865d, 0x865d, 0x865d, 0x865d, 0x865d, 0x865d, 0x865d, 0x865d, 0x865d, 0xaefe,
0xb71e, 0xb6fe, 0xaefe, 0xb6fe, 0xb71e, 0xa6de, 0xb6fe, 0xb71e, 0xa6de, 0xa6de, 0xb71e, 0xb71e, 0xaefe, 0xb71e, 0xb6fe, 0xa6de,
0xb71e, 0xb71e, 0xb71e, 0xa6de, 0x865d, 0x865d, 0x865d, 0x865d, 0x865d, 0x865d, 0x865d, 0x865d, 0x865d, 0x865d, 0x865d, 0x865d,
0x865d, 0x865d, 0x865d, 0x865d, 0x865d, 0x865d, 0x865d, 0x865d, 0x865d, 0x865d, 0x865d, 0x865d, 0x865d, 0x865d, 0x865d, 0x865d,
0x865d, 0x865d, 0x865d, 0x865d, 0x865d, 0x865d, 0x865d, 0x865d, 0x865d, 0x865d, 0x865d, 0x865d, 0x865d, 0x865d, 0x865d, 0x865d,
0x865d, 0x865d, 0x865d, 0x865d, 0x865d, 0x865d, 0x865d, 0x865d, 0x865d, 0x865d, 0x865d, 0x865d, 0x865d, 0x865d, 0x865d, 0x865d,

/* -45- */
0x865d, 0x865d, 0x865d, 0x865d, 0x865d, 0x865d, 0x865d, 0x865d, 0x865d, 0x865d, 0x865d, 0x865d, 0x865d, 0x865d, 0x865d, 0x865d,
0x865d, 0x865d, 0x865d, 0x865d, 0x865d, 0x865d, 0x865d, 0x865d, 0x865d, 0x865d, 0x865d, 0x865d, 0x865d, 0x865d, 0x865d, 0x865d,
0x865d, 0x865d, 0x865d, 0x865d, 0x865d, 0x865d, 0x865d, 0x865d, 0x865d, 0x865d, 0x865d, 0x865d, 0x865d, 0x865d, 0x865d, 0x865d,
0x865d, 0x865d, 0x865d, 0x865d, 0x865d, 0x865d, 0x865d, 0x865d, 0x865d, 0x865d, 0x865d, 0x865d, 0x865d, 0x865d, 0x865d, 0x865d,
0x865d, 0x865d, 0x865d, 0x865d, 0x865d, 0x865d, 0x865d, 0x865d, 0x865d, 0x865d, 0x865d, 0x865d, 0x865d, 0x865d, 0x865d, 0x865d,
0x865d, 0x865d, 0x865d, 0x865d, 0x865d, 0x865d, 0x865d, 0x865d, 0x865d, 0x865d, 0x865d, 0x865d, 0x865d, 0x865d, 0x865d, 0x865d,
0x865d, 0x865d, 0x865d, 0x865d, 0x865d, 0x865d, 0x865d, 0x865d, 0x865d, 0x865d, 0x865d, 0x865d, 0x865d, 0x865d, 0x865d, 0x865d,
0x865d, 0x865d, 0x865d, 0x865d, 0x865d, 0x865d, 0x865d, 0x865d, 0x865d, 0x865d, 0x865d, 0x865d, 0x865d, 0x865d, 0x865d, 0x865d,
0x865d, 0x865d, 0x865d, 0x865d, 0x865d, 0x865d, 0x865d, 0x865d, 0x865d, 0x865d, 0x865d, 0x865d, 0x865d, 0x865d, 0x865d, 0x865d,
0x865d, 0x865d, 0x865d, 0x865d, 0x865d, 0x865d, 0x865d, 0x865d, 0x865d, 0x865d, 0x865d, 0x865d, 0x865d, 0x865d, 0x865d, 0x865d,
0x865d, 0x865d, 0x865d, 0x865d, 0x865d, 0x865d, 0x865d, 0x865d, 0x865d, 0x865d, 0x865d, 0x865d, 0x865d, 0x865d, 0x865d, 0x865d,
0x865d, 0x865d, 0x865d, 0x865d, 0x865d, 0x865d, 0x865d, 0x865d, 0x865d, 0x865d, 0x865d, 0x865d, 0x865d, 0x865d, 0x865d, 0x865d,
0x865d, 0x865d, 0x865d, 0x865d, 0x865d, 0x865d, 0x865d, 0x865d, 0x865d, 0x865d, 0x865d, 0x865d, 0x865d, 0x865d, 0x865d, 0x865d,
0x865d, 0x865d, 0x865d, 0x865d, 0x865d, 0x865d, 0x865d, 0x865d, 0x865d, 0x865d, 0x865d, 0x865d, 0x865d, 0x865d, 0x865d, 0x865d,
0x865d, 0x865d, 0x865d, 0x865d, 0x865d, 0x865d, 0x865d, 0x865d, 0x865d, 0x865d, 0x865d, 0x865d, 0x865d, 0x865d, 0x865d, 0x8e9d,
0x96de, 0x9ede, 0x96de, 0x9ede, 0xa6de, 0x9ede, 0xa6fe, 0xa6de, 0x9ebe, 0x8e9e, 0xa6de, 0xa6de, 0x96be, 0xa6de, 0xa6de, 0x96de,
0x96be, 0x96be, 0x8e9d, 0x867d, 0x865d, 0x865d, 0x865d, 0x865d, 0x865d, 0x865d, 0x865d, 0x865d, 0x865d, 0x865d, 0x865d, 0x865d,
0x865d, 0x865d, 0x865d, 0x865d, 0x865d, 0x865d, 0x865d, 0x865d, 0x865d, 0x865d, 0x865d, 0x865d, 0x865d, 0x865d, 0x865d, 0x865d,
0x865d, 0x865d, 0x865d, 0x865d, 0x865d, 0x865d, 0x865d, 0x865d, 0x865d, 0x865d, 0x865d, 0x865d, 0x865d, 0x865d, 0x865d, 0x865d,
0x865d, 0x865d, 0x865d, 0x865d, 0x865d, 0x865d, 0x865d, 0x865d, 0x865d, 0x865d, 0x865d, 0x865d, 0x865d, 0x865d, 0x865d, 0x865d,
0x865d, 0x865d, 0x865d, 0x865d, 0x865d, 0x865d, 0x865d, 0x865d, 0x865d, 0x865d, 0x865d, 0x865d, 0x865d, 0x865d, 0x865d, 0x865d,
0x865d, 0x865d, 0x865d, 0x865d, 0x865d, 0x865d, 0x865d, 0x865d, 0x865d, 0x865d, 0x865d, 0x865d, 0x865d, 0x865d, 0x865d, 0x865d,
0x865d, 0x865d, 0x865d, 0x865d, 0x865d, 0x865d, 0x865d, 0x865d, 0x865d, 0x865d, 0x865d, 0x865d, 0x865d, 0x865d, 0x865d, 0x865d,
0x865d, 0x865d, 0x865d, 0x865d, 0x865d, 0x8e9d, 0x9edd, 0xaefe, 0xaefe, 0xaefe, 0xaefe, 0xaefe, 0xaefe, 0xa6de, 0xaefe, 0xaefe,
0xa6fe, 0x9ede, 0x9ede, 0x9ede, 0xa6de, 0xaefe, 0xaefe, 0xaefe, 0xaefe, 0xaefe, 0xaefe, 0xaefe, 0xaefe, 0xaefe, 0x9ebd, 0x8e9d,
0x865d, 0x865d, 0x865d, 0x865d, 0x865d, 0x865d, 0x865d, 0x865d, 0x865d, 0x865d, 0x865d, 0x865d, 0x865d, 0x865d, 0x865d, 0x865d,
0x865d, 0x865d, 0x865d, 0x865d, 0x865d, 0x865d, 0x865d, 0x865d, 0x865d, 0x867d, 0x867d, 0x867d, 0x867d, 0x96be, 0xc75f, 0xc73f,
0xcf5e, 0xcf5e, 0xcf5e, 0xcf5e, 0xcf5e, 0xcf5e, 0xcf5e, 0xc73e, 0xc73e, 0xcf5f, 0xcf5e, 0xc73e, 0xc73e, 0xc73e, 0xcf5f, 0x9ebe,
0x867d, 0x865d, 0x865d, 0x865d, 0x865d, 0x865d, 0x865d, 0x865d, 0x865d, 0x865d, 0x865d, 0x865d, 0x865d, 0x865d, 0x865d, 0x865d,
0x865d, 0x865d, 0x865d, 0x865d, 0x865d, 0x865d, 0x865d, 0x865d, 0x865d, 0x865d, 0x865d, 0x865d, 0x865d, 0x865d, 0x865d, 0x865d,
0x865d, 0x865d, 0x865d, 0x865d, 0x865d, 0x865d, 0x865d, 0x865d, 0x865d, 0x865d, 0x865d, 0x865d, 0x865d, 0x865d, 0x865d, 0x865d,
0x865d, 0x865d, 0x865d, 0x865d, 0x865d, 0x865d, 0x865d, 0x865d, 0x865d, 0x865d, 0x865d, 0x865d, 0x865d, 0x865d, 0x865d, 0x865d,
0x865d, 0x865d, 0x865d, 0x865d, 0x865d, 0x865d, 0x865d, 0x865d, 0x865d, 0x865d, 0x9ebe, 0xd77f, 0xd77e, 0xd77f, 0xd77f, 0xd77f,
0xd77f, 0xbf3f, 0xa6ff, 0xb71f, 0xbf3f, 0xaf1e, 0xcf5e, 0xd77f, 0xd77f, 0xd77f, 0xd77e, 0xd77f, 0xb71e, 0x8e7d, 0x865d, 0x865d,
0x865d, 0x865d, 0x865d, 0x865d, 0x865d, 0x865d, 0x865d, 0x865d, 0x865d, 0x865d, 0x865d, 0x865d, 0x865d, 0x865d, 0x865d, 0x865d,
0x865d, 0x865d, 0x865d, 0x865d, 0x865d, 0x865d, 0x865d, 0x865d, 0x865d, 0x865d, 0x865d, 0x865d, 0x865d, 0x865d, 0x865d, 0x865d,
0x865d, 0x865d, 0x865d, 0xaefe, 0xd77f, 0xcf5e, 0xd75e, 0xd77f, 0xd77f, 0xd77f, 0xd77f, 0xd77f, 0xd77f, 0xd77f, 0xd77f, 0xd77f,
0xd77f, 0xd75e, 0xd77f, 0xbf3d, 0x96de, 0xaefe, 0xb6fe, 0xa6de, 0x865d, 0x865d, 0x865d, 0x865d, 0x865d, 0x865d, 0x865d, 0x865d,
0x865d, 0x865d, 0x865d, 0x865d, 0x865d, 0x865d, 0x865d, 0x865d, 0x865d, 0x865d, 0x865d, 0x865d, 0x865d, 0x865d, 0x865d, 0x865d,
0x865d, 0x865d, 0x865d, 0x865d, 0x865d, 0x865d, 0x865d, 0x865d, 0x865d, 0x865d, 0x865d, 0x865d, 0x865d, 0x865d, 0x865d, 0x865d,
0x865d, 0x865d, 0x865d, 0x865d, 0x865d, 0x7e5d, 0x865d, 0x865d, 0x865d, 0x865d, 0x865d, 0x865d, 0x865d, 0x865d, 0x865d, 0x865d,
0x865d, 0x869c, 0x8f3c, 0x8efc, 0x8f3c, 0x8edc, 0x7e7d, 0x865d, 0x865d, 0x865d, 0x865d, 0x865d, 0x865d, 0x865d, 0x865d, 0x7e5d,
0x865d, 0x865d, 0x865d, 0x865d, 0x865d, 0x865d, 0x865d, 0x865d, 0x865d, 0x865d, 0x865d, 0x865d, 0x865d, 0x865d, 0x865d, 0x865d,
0x865d, 0x865d, 0x865d, 0x865d, 0x865d, 0x865d, 0x865d, 0x865d, 0x865d, 0x865d, 0x865d, 0x865d, 0x865d, 0x865d, 0x865d, 0x865d,
0x865d, 0x865d, 0x865d, 0x865d, 0x865d, 0x865d, 0x865d, 0x865d, 0x865d, 0x865d, 0x865d, 0x865d, 0x865d, 0x865d, 0x865d, 0x865d,
0x865d, 0x865d, 0x865d, 0x865d, 0x865d, 0x865d, 0x865d, 0x865d, 0x865d, 0x865d, 0x865d, 0x865d, 0x865d, 0x865d, 0x865d, 0x865d,
0x865d, 0x865d, 0x865d, 0x865d, 0x865d, 0x865d, 0x865d, 0x865d, 0x865d, 0x865d, 0x865d, 0x865d, 0x865d, 0x865d, 0x865d, 0x865d,
0x865d, 0x865d, 0x865d, 0x865d, 0x865d, 0x865d, 0x865d, 0x865d, 0x865d, 0x865d, 0x865d, 0x865d, 0x865d, 0x865d, 0x865d, 0x865d,
0x865d, 0x865d, 0x865d, 0x865d, 0x865d, 0x865d, 0x865d, 0x865d, 0x865d, 0x865d, 0x865d, 0x865d, 0x865d, 0x865d, 0x865d, 0x865d,
0x865d, 0x865d, 0x865d, 0x865d, 0x865d, 0x865d, 0x865d, 0x865d, 0x865d, 0x865d, 0x865d, 0x865d, 0x865d, 0x865d, 0x865d, 0x865d,
0x865d, 0x865d, 0x865d, 0x865d, 0x865d, 0x865d, 0x865d, 0x865d, 0x865d, 0x865d, 0x865d, 0x865d, 0x865d, 0x865d, 0x865d, 0x865d,
0x865d, 0x865d, 0x865d, 0x865d, 0x865d, 0x865d, 0x865d, 0x865d, 0x865d, 0x865d, 0x865d, 0x865d, 0x865d, 0x865d, 0x865d, 0x865d,
0x865d, 0x865d, 0x865d, 0x865d, 0x865d, 0x865d, 0x865d, 0x865d, 0x865d, 0x865d, 0x865d, 0x865d, 0x865d, 0x865d, 0x865d, 0x865d,
0x865d, 0x865d, 0x865d, 0x865d, 0x865d, 0x865d, 0x865d, 0x865d, 0x865d, 0x865d, 0x865d, 0x865d, 0x865d, 0x865d, 0x865d, 0x865d,
0x865d, 0x865d, 0x865d, 0x865d, 0x865d, 0x865d, 0x865d, 0x865d, 0x865d, 0x865d, 0x865d, 0x865d, 0x865d, 0x865d, 0x865d, 0x865d,
0x865d, 0x865d, 0x865d, 0x865d, 0x865d, 0x865d, 0x865d, 0x865d, 0x865d, 0x865d, 0x865d, 0x865d, 0x865d, 0x865d, 0x865d, 0x865d,
0x865d, 0x865d, 0x865d, 0x865d, 0x865d, 0x865d, 0x865d, 0x865d, 0x865d, 0x865d, 0x865d, 0x865d, 0x865d, 0x865d, 0x865d, 0x865d,
0x865d, 0x865d, 0x865d, 0x865d, 0x865d, 0x865d, 0x865d, 0x865d, 0x865d, 0x865d, 0x865d, 0x865d, 0x865d, 0x865d, 0x865d, 0x865d,
0x865d, 0x865d, 0x865d, 0x865d, 0x865d, 0x865d, 0x865d, 0x865d, 0x865d, 0x865d, 0x865d, 0x865d, 0x865d, 0x865d, 0x865d, 0x865d,
0x865d, 0x865d, 0x865d, 0x865d, 0x865d, 0x865d, 0x865d, 0x865d, 0x865d, 0x865d, 0x865d, 0x865d, 0x865d, 0x865d, 0x865d, 0x8e9d,
0x96de, 0x9ede, 0x96de, 0x9ede, 0xa6de, 0x9ede, 0xa6fe, 0xa6de, 0x9ebe, 0x8e9e, 0xa6de, 0xa6de, 0x96be, 0xa6de, 0xa6de, 0x96de,
0x96be, 0x96be, 0x8e9d, 0x867d, 0x865d, 0x865d, 0x865d, 0x865d, 0x865d, 0x865d, 0x865d, 0x865d, 0x865d, 0x865d, 0x865d, 0x865d,
0x865d, 0x865d, 0x865d, 0x865d, 0x865d, 0x865d, 0x865d, 0x865d, 0x865d, 0x865d, 0x865d, 0x865d, 0x865d, 0x865d, 0x865d, 0x865d,
0x865d, 0x865d, 0x865d, 0x865d, 0x865d, 0x865d, 0x865d, 0x865d, 0x865d, 0x865d, 0x865d, 0x865d, 0x865d, 0x865d, 0x865d, 0x865d,
0x865d, 0x865d, 0x865d, 0x865d, 0x865d, 0x865d, 0x865d, 0x865d, 0x865d, 0x865d, 0x865d, 0x865d, 0x865d, 0x865d, 0x865d, 0x865d,

/* -46- */
0x865d, 0x865d, 0x865d, 0x865d, 0x865d, 0x865d, 0x865d, 0x865d, 0x865d, 0x865d, 0x865d, 0x865d, 0x865d, 0x865d, 0x865d, 0x865d,
0x865d, 0x865d, 0x865d, 0x865d, 0x865d, 0x865d, 0x865d, 0x865d, 0x865d, 0x865d, 0x865d, 0x865d, 0x865d, 0x865d, 0x865d, 0x865d,
0x865d, 0x865d, 0x865d, 0x865d, 0x865d, 0x865d, 0x865d, 0x865d, 0x865d, 0x865d, 0x865d, 0x865d, 0x865d, 0x865d, 0x865d, 0x865d,
0x865d, 0x865d, 0x865d, 0x865d, 0x865d, 0x865d, 0x865d, 0x865d, 0x865d, 0x865d, 0x865d, 0x865d, 0x865d, 0x865d, 0x865d, 0x865d,
0x865d, 0x865d, 0x865d, 0x865d, 0x865d, 0x865d, 0x865d, 0x865d, 0x865d, 0x865d, 0x865d, 0x865d, 0x865d, 0x865d, 0x865d, 0x865d,
0x865d, 0x865d, 0x865d, 0x865d, 0x865d, 0x865d, 0x865d, 0x865d, 0x865d, 0x865d, 0x865d, 0x865d, 0x865d, 0x865d, 0x865d, 0x865d,
0x865d, 0x865d, 0x865d, 0x865d, 0x865d, 0x865d, 0x865d, 0x865d, 0x865d, 0x865d, 0x865d, 0x865d, 0x865d, 0x865d, 0x865d, 0x865d,
0x865d, 0x865d, 0x865d, 0x865d, 0x865d, 0x865d, 0x865d, 0x865d, 0x865d, 0x865d, 0x865d, 0x865d, 0x865d, 0x865d, 0x865d, 0x865d,
0x865d, 0x865d, 0x865d, 0x865d, 0x865d, 0x865d, 0x865d, 0x865d, 0x865d, 0x865d, 0x865d, 0x865d, 0x865d, 0x865d, 0x865d, 0x865d,
0x865d, 0x865d, 0x865d, 0x865d, 0x865d, 0x865d, 0x865d, 0x865d, 0x865d, 0x865d, 0x865d, 0x865d, 0x865d, 0x865d, 0x865d, 0x865d,
0x865d, 0x865d, 0x865d, 0x865d, 0x865d, 0x865d, 0x865d, 0x865d, 0x865d, 0x865d, 0x865d, 0x865d, 0x865d, 0x865d, 0x865d, 0x865d,
0x865d, 0x865d, 0x865d, 0x865d, 0x865d, 0x865d, 0x865d, 0x865d, 0x865d, 0x865d, 0x865d, 0x865d, 0x865d, 0x865d, 0x865d, 0x865d,
0x865d, 0x865d, 0x865d, 0x865d, 0x865d, 0x865d, 0x865d, 0x865d, 0x865d, 0x865d, 0x865d, 0x865d, 0x865d, 0x865d, 0x865d, 0x865d,
0x865d, 0x865d, 0x865d, 0x865d, 0x865d, 0x865d, 0x865d, 0x865d, 0x865d, 0x865d, 0x865d, 0x865d, 0x865d, 0x865d, 0x865d, 0x865d,
0x865d, 0x865d, 0x865d, 0x865d, 0x865d, 0x865d, 0x865d, 0x865d, 0x865d, 0x865d, 0x865d, 0x865d, 0x865d, 0x865d, 0x865d, 0x865d,
0x865d, 0x867d, 0x867d, 0x869e, 0x96de, 0x8e9e, 0x867e, 0x96be, 0x96be, 0x8e9e, 0x8ebe, 0x8e9e, 0x8e9e, 0x96de, 0x96be, 0x869d,
0x7e5d, 0x865d, 0x865d, 0x865d, 0x865d, 0x865d, 0x865d, 0x865d, 0x865d, 0x865d, 0x865d, 0x865d, 0x865d, 0x865d, 0x865d, 0x865d,
0x865d, 0x865d, 0x865d, 0x865d, 0x865d, 0x865d, 0x865d, 0x865d, 0x865d, 0x865d, 0x865d, 0x865d, 0x865d, 0x865d, 0x865d, 0x865d,
0x865d, 0x865d, 0x865d, 0x865d, 0x865d, 0x865d, 0x865d, 0x865d, 0x865d, 0x865d, 0x865d, 0x865d, 0x865d, 0x865d, 0x865d, 0x865d,
0x865d, 0x865d, 0x865d, 0x865d, 0x865d, 0x865d, 0x865d, 0x865d, 0x865d, 0x865d, 0x865d, 0x865d, 0x865d, 0x865d, 0x865d, 0x865d,
0x865d, 0x865d, 0x865d, 0x865d, 0x865d, 0x865d, 0x865d, 0x865d, 0x865d, 0x865d, 0x865d, 0x865d, 0x865d, 0x865d, 0x865d, 0x865d,
0x865d, 0x865d, 0x865d, 0x865d, 0x865d, 0x865d, 0x865d, 0x865d, 0x865d, 0x865d, 0x865d, 0x865d, 0x865d, 0x865d, 0x865d, 0x865d,
0x865d, 0x865d, 0x865d, 0x865d, 0x865d, 0x865d, 0x865d, 0x865d, 0x865d, 0x865d, 0x865d, 0x865d, 0x865d, 0x865d, 0x865d, 0x865d,
0x865d, 0x865d, 0x865d, 0x865d, 0x865d, 0xa6de, 0xaefe, 0xaefe, 0xaefe, 0xaefe, 0xaefe, 0x9ebe, 0xa6de, 0xaefe, 0xaefe, 0xaefe,
0xaefe, 0xa6de, 0x96be, 0x96be, 0x9ede, 0xaefe, 0xaefe, 0xaefe, 0x9ede, 0xa6de, 0xaefe, 0xaefe, 0xaefe, 0xaefe, 0xaefe, 0x9edd,
0x865d, 0x865d, 0x865d, 0x865d, 0x865d, 0x865d, 0x865d, 0x865d, 0x865d, 0x865d, 0x865d, 0x865d, 0x865d, 0x865d, 0x865d, 0x865d,
0x865d, 0x865d, 0x865d, 0x865d, 0x865d, 0x865d, 0x865d, 0x867d, 0x865d, 0x7e7c, 0xb75d, 0xc73e, 0xc75e, 0xb71e, 0xaefe, 0xcf5e,
0xcf5e, 0xcf5e, 0xcf5e, 0xcf5e, 0xcf5e, 0xcf5e, 0xcf5e, 0xc73e, 0xbf1e, 0xcf3e, 0xcf5e, 0xcf5e, 0xcf5e, 0xcf5e, 0xcf3f, 0xc75e,
0x96bc, 0x865d, 0x865d, 0x865d, 0x865d, 0x865d, 0x865d, 0x865d, 0x865d, 0x865d, 0x865d, 0x865d, 0x865d, 0x865d, 0x865d, 0x865d,
0x865d, 0x865d, 0x865d, 0x865d, 0x865d, 0x865d, 0x865d, 0x865d, 0x865d, 0x865d, 0x865d, 0x865d, 0x865d, 0x865d, 0x865d, 0x865d,
0x865d, 0x865d, 0x865d, 0x865d, 0x865d, 0x865d, 0x865d, 0x865d, 0x865d, 0x865d, 0x865d, 0x865d, 0x865d, 0x865d, 0x865d, 0x865d,
0x865d, 0x865d, 0x865d, 0x865d, 0x865d, 0x865d, 0x865d, 0x865d, 0x865d, 0x865d, 0x865d, 0x865d, 0x865d, 0x865d, 0x865d, 0x865d,
0x865d, 0x865d, 0x865d, 0x865d, 0x865d, 0x865d, 0x867d, 0x865d, 0x96bc, 0x9efd, 0xb73e, 0xd75f, 0xd77e, 0xd77f, 0xd77f, 0xd77f,
0xd77f, 0xcf5f, 0xaeff, 0xa6df, 0x9edf, 0xa6ff, 0xcf5f, 0xd77f, 0xd77f, 0xd77f, 0xcf5f, 0xbf3e, 0xc75f, 0xcf5e, 0x8e9d, 0x865d,
0x867d, 0x865d, 0x865d, 0x865d, 0x865d, 0x865d, 0x865d, 0x865d, 0x865d, 0x865d, 0x865d, 0x865d, 0x865d, 0x865d, 0x865d, 0x865d,
0x865d, 0x865d, 0x865d, 0x865d, 0x865d, 0x865d, 0x865d, 0x865d, 0x865d, 0x865d, 0x865d, 0x865d, 0x865d, 0x865d, 0x7e7d, 0x865d,
0x865d, 0x867d, 0x7e7d, 0xaefe, 0xd77f, 0xcf5f, 0xd75e, 0xd75e, 0xd77f, 0xd77f, 0xd77f, 0xd77f, 0xd77f, 0xd77f, 0xd77e, 0xd77f,
0xd77f, 0xd77f, 0xd77f, 0xc75f, 0xb77f, 0xd77f, 0xd77f, 0xc73e, 0x867d, 0x867d, 0x867d, 0x867d, 0x865d, 0x865d, 0x865d, 0x865d,
0x865d, 0x865d, 0x865d, 0x865d, 0x865d, 0x865d, 0x865d, 0x865d, 0x865d, 0x865d, 0x865d, 0x865d, 0x865d, 0x865d, 0x865d, 0x865d,
0x865d, 0x865d, 0x865d, 0x865d, 0x865d, 0x865d, 0x865d, 0x865d, 0x865d, 0x865d, 0x865d, 0x865d, 0x865d, 0x865d, 0x865d, 0x865d,
0x865d, 0x865d, 0x865d, 0x865d, 0x865d, 0x865d, 0x865d, 0x865d, 0x865d, 0x865d, 0x865d, 0x865d, 0x865d, 0x865d, 0x865d, 0x865d,
0x865d, 0x865d, 0x865d, 0x865d, 0x865d, 0x865d, 0x865d, 0x865d, 0x865d, 0x865d, 0x865d, 0x865d, 0x865d, 0x865d, 0x865d, 0x865d,
0x865d, 0x865d, 0x865d, 0x865d, 0x865d, 0x865d, 0x865d, 0x865d, 0x865d, 0x865d, 0x865d, 0x865d, 0x865d, 0x865d, 0x865d, 0x865d,
0x865d, 0x865d, 0x865d, 0x865d, 0x865d, 0x865d, 0x865d, 0x865d, 0x865d, 0x865d, 0x865d, 0x865d, 0x865d, 0x865d, 0x865d, 0x865d,
0x865d, 0x865d, 0x865d, 0x865d, 0x865d, 0x865d, 0x865d, 0x865d, 0x865d, 0x865d, 0x865d, 0x865d, 0x865d, 0x865d, 0x865d, 0x865d,
0x865d, 0x865d, 0x865d, 0x865d, 0x865d, 0x865d, 0x865d, 0x865d, 0x865d, 0x865d, 0x865d, 0x865d, 0x865d, 0x865d, 0x865d, 0x865d,
0x865d, 0x865d, 0x865d, 0x865d, 0x865d, 0x865d, 0x865d, 0x865d, 0x865d, 0x865d, 0x865d, 0x865d, 0x865d, 0x865d, 0x865d, 0x865d,
0x865d, 0x865d, 0x865d, 0x865d, 0x865d, 0x865d, 0x865d, 0x865d, 0x865d, 0x865d, 0x865d, 0x865d, 0x865d, 0x865d, 0x865d, 0x865d,
0x865d, 0x865d, 0x865d, 0x865d, 0x865d, 0x865d, 0x865d, 0x865d, 0x865d, 0x865d, 0x865d, 0x865d, 0x865d, 0x865d, 0x865d, 0x865d,
0x865d, 0x865d, 0x865d, 0x865d, 0x865d, 0x865d, 0x865d, 0x865d, 0x865d, 0x865d, 0x865d, 0x865d, 0x865d, 0x865d, 0x865d, 0x865d,
0x865d, 0x865d, 0x865d, 0x865d, 0x865d, 0x865d, 0x865d, 0x865d, 0x865d, 0x865d, 0x865d, 0x865d, 0x865d, 0x865d, 0x865d, 0x865d,
0x865d, 0x865d, 0x865d, 0x865d, 0x865d, 0x865d, 0x865d, 0x865d, 0x865d, 0x865d, 0x865d, 0x865d, 0x865d, 0x865d, 0x865d, 0x865d,
0x865d, 0x865d, 0x865d, 0x865d, 0x865d, 0x865d, 0x865d, 0x865d, 0x865d, 0x865d, 0x865d, 0x865d, 0x865d, 0x865d, 0x865d, 0x865d,
0x865d, 0x865d, 0x865d, 0x865d, 0x865d, 0x865d, 0x865d, 0x865d, 0x865d, 0x865d, 0x865d, 0x865d, 0x865d, 0x865d, 0x865d, 0x865d,
0x865d, 0x865d, 0x865d, 0x865d, 0x865d, 0x865d, 0x865d, 0x865d, 0x865d, 0x865d, 0x865d, 0x865d, 0x865d, 0x865d, 0x865d, 0x865d,
0x865d, 0x865d, 0x865d, 0x865d, 0x865d, 0x865d, 0x865d, 0x865d, 0x865d, 0x865d, 0x865d, 0x865d, 0x865d, 0x865d, 0x865d, 0x865d,
0x865d, 0x865d, 0x865d, 0x865d, 0x865d, 0x865d, 0x865d, 0x865d, 0x865d, 0x865d, 0x865d, 0x865d, 0x865d, 0x865d, 0x865d, 0x865d,
0x865d, 0x865d, 0x865d, 0x865d, 0x865d, 0x865d, 0x865d, 0x865d, 0x865d, 0x865d, 0x865d, 0x865d, 0x865d, 0x865d, 0x865d, 0x865d,
0x865d, 0x865d, 0x865d, 0x865d, 0x865d, 0x865d, 0x865d, 0x865d, 0x865d, 0x865d, 0x865d, 0x865d, 0x865d, 0x865d, 0x865d, 0x865d,
0x865d, 0x865d, 0x865d, 0x865d, 0x865d, 0x865d, 0x865d, 0x865d, 0x865d, 0x865d, 0x865d, 0x865d, 0x865d, 0x865d, 0x865d, 0x865d,
0x865d, 0x867d, 0x867d, 0x869e, 0x96de, 0x8e9e, 0x867e, 0x96be, 0x96be, 0x8e9e, 0x8ebe, 0x8e9e, 0x8e9e, 0x96de, 0x96be, 0x869d,
0x7e5d, 0x865d, 0x865d, 0x865d, 0x865d, 0x865d, 0x865d, 0x865d, 0x865d, 0x865d, 0x865d, 0x865d, 0x865d, 0x865d, 0x865d, 0x865d,
0x865d, 0x865d, 0x865d, 0x865d, 0x865d, 0x865d, 0x865d, 0x865d, 0x865d, 0x865d, 0x865d, 0x865d, 0x865d, 0x865d, 0x865d, 0x865d,
0x865d, 0x865d, 0x865d, 0x865d, 0x865d, 0x865d, 0x865d, 0x865d, 0x865d, 0x865d, 0x865d, 0x865d, 0x865d, 0x865d, 0x865d, 0x865d,
0x865d, 0x865d, 0x865d, 0x865d, 0x865d, 0x865d, 0x865d, 0x865d, 0x865d, 0x865d, 0x865d, 0x865d, 0x865d, 0x865d, 0x865d, 0x865d,

/* -47- */
0x865d, 0x865d, 0x865d, 0x865d, 0x865d, 0x865d, 0x865d, 0x865d, 0x865d, 0x865d, 0x865d, 0x865d, 0x865d, 0x865d, 0x865d, 0x865d,
0x865d, 0x865d, 0x865d, 0x865d, 0x865d, 0x865d, 0x865d, 0x865d, 0x865d, 0x865d, 0x865d, 0x865d, 0x865d, 0x865d, 0x865d, 0x865d,
0x865d, 0x865d, 0x865d, 0x865d, 0x865d, 0x865d, 0x865d, 0x865d, 0x865d, 0x865d, 0x865d, 0x865d, 0x865d, 0x865d, 0x865d, 0x865d,
0x865d, 0x865d, 0x865d, 0x865d, 0x865d, 0x865d, 0x865d, 0x865d, 0x865d, 0x865d, 0x865d, 0x865d, 0x865d, 0x865d, 0x865d, 0x865d,
0x865d, 0x865d, 0x865d, 0x865d, 0x865d, 0x865d, 0x865d, 0x865d, 0x865d, 0x865d, 0x865d, 0x865d, 0x865d, 0x865d, 0x865d, 0x865d,
0x865d, 0x865d, 0x865d, 0x865d, 0x865d, 0x865d, 0x865d, 0x865d, 0x865d, 0x865d, 0x865d, 0x865d, 0x865d, 0x865d, 0x865d, 0x865d,
0x865d, 0x865d, 0x865d, 0x865d, 0x865d, 0x865d, 0x865d, 0x865d, 0x865d, 0x865d, 0x865d, 0x865d, 0x865d, 0x865d, 0x865d, 0x865d,
0x865d, 0x865d, 0x865d, 0x865d, 0x865d, 0x865d, 0x865d, 0x865d, 0x865d, 0x865d, 0x865d, 0x865d, 0x865d, 0x865d, 0x865d, 0x865d,
0x865d, 0x865d, 0x865d, 0x865d, 0x865d, 0x865d, 0x865d, 0x865d, 0x865d, 0x865d, 0x865d, 0x865d, 0x865d, 0x865d, 0x865d, 0x865d,
0x865d, 0x865d, 0x865d, 0x865d, 0x865d, 0x865d, 0x865d, 0x865d, 0x865d, 0x865d, 0x865d, 0x865d, 0x865d, 0x865d, 0x865d, 0x865d,
0x865d, 0x865d, 0x865d, 0x865d, 0x865d, 0x865d, 0x865d, 0x865d, 0x865d, 0x865d, 0x865d, 0x865d, 0x865d, 0x865d, 0x865d, 0x865d,
0x865d, 0x865d, 0x865d, 0x865d, 0x865d, 0x865d, 0x865d, 0x865d, 0x865d, 0x865d, 0x865d, 0x865d, 0x865d, 0x865d, 0x865d, 0x865d,
0x865d, 0x865d, 0x865d, 0x865d, 0x865d, 0x865d, 0x865d, 0x865d, 0x865d, 0x865d, 0x865d, 0x865d, 0x865d, 0x865d, 0x865d, 0x865d,
0x865d, 0x865d, 0x865d, 0x865d, 0x865d, 0x865d, 0x865d, 0x865d, 0x865d, 0x865d, 0x865d, 0x865d, 0x865d, 0x865d, 0x865d, 0x865d,
0x865d, 0x865d, 0x865d, 0x865d, 0x865d, 0x865d, 0x865d, 0x865d, 0x865d, 0x865d, 0x865d, 0x865d, 0x865d, 0x865d, 0x865d, 0x865d,
0x865d, 0x865d, 0x865d, 0x7e5d, 0x869e, 0x867d, 0x7e5d, 0x867d, 0x8e9d, 0x96dd, 0x8ebd, 0x867d, 0x7e7d, 0x869e, 0x867e, 0x865d,
0x865d, 0x865d, 0x865d, 0x865d, 0x865d, 0x865d, 0x865d, 0x865d, 0x865d, 0x865d, 0x865d, 0x865d, 0x865d, 0x865d, 0x865d, 0x865d,
0x865d, 0x865d, 0x865d, 0x865d, 0x865d, 0x865d, 0x865d, 0x865d, 0x865d, 0x865d, 0x865d, 0x865d, 0x865d, 0x865d, 0x865d, 0x865d,
0x865d, 0x865d, 0x865d, 0x865d, 0x865d, 0x865d, 0x865d, 0x865d, 0x865d, 0x865d, 0x865d, 0x865d, 0x865d, 0x865d, 0x865d, 0x865d,
0x865d, 0x865d, 0x865d, 0x865d, 0x865d, 0x865d, 0x865d, 0x865d, 0x865d, 0x865d, 0x865d, 0x865d, 0x865d, 0x865d, 0x865d, 0x865d,
0x865d, 0x865d, 0x865d, 0x865d, 0x865d, 0x865d, 0x865d, 0x865d, 0x865d, 0x865d, 0x865d, 0x865d, 0x865d, 0x865d, 0x865d, 0x865d,
0x865d, 0x865d, 0x865d, 0x865d, 0x865d, 0x865d, 0x865d, 0x865d, 0x865d, 0x865d, 0x865d, 0x865d, 0x865d, 0x865d, 0x865d, 0x865d,
0x865d, 0x865d, 0x865d, 0x865d, 0x865d, 0x865d, 0x865d, 0x865d, 0x865d, 0x865d, 0x865d, 0x865d, 0x865d, 0x865d, 0x865d, 0x865d,
0x865d, 0x865d, 0x865d, 0x865d, 0x865d, 0x7e5d, 0x869e, 0x8e9e, 0x8e9e, 0x8e9e, 0x96be, 0x96be, 0x96be, 0xa6de, 0xa6de, 0xa6de,
0x9ede, 0x96be, 0x96be, 0x96be, 0x96be, 0x8e9e, 0x96be, 0x96be, 0x8e9e, 0x8ebd, 0x8e9d, 0x8e9e, 0x8e9e, 0x8e9e, 0x869d, 0x7e5d,
0x865d, 0x865d, 0x865d, 0x865d, 0x865d, 0x865d, 0x865d, 0x865d, 0x865d, 0x865d, 0x865d, 0x865d, 0x865d, 0x865d, 0x865d, 0x865d,
0x96be, 0x96be, 0xa71c, 0x9edd, 0x9ebe, 0x8e7d, 0x865d, 0x865d, 0x867d, 0x9edd, 0xcf5e, 0xcf5f, 0xcf5f, 0xc75f, 0xb71e, 0xb71e,
0xc73e, 0xcf5e, 0xcf5e, 0xcf5e, 0xcf5e, 0xcf5e, 0xbf3e, 0xb71e, 0xc73e, 0xcf5e, 0xcf5e, 0xcf5e, 0xcf5e, 0xcf5e, 0xcf3f, 0xbf5f,
0x86bc, 0x865d, 0x865d, 0x865d, 0x865d, 0x865d, 0x865d, 0x865d, 0x865d, 0x865d, 0x865d, 0x865d, 0x865d, 0x865d, 0x865d, 0x865d,
0x865d, 0x865d, 0x865d, 0x865d, 0x865d, 0x865d, 0x865d, 0x865d, 0x865d, 0x865d, 0x865d, 0x865d, 0x865d, 0x865d, 0x865d, 0x865d,
0x865d, 0x865d, 0x865d, 0x865d, 0x865d, 0x865d, 0x865d, 0x865d, 0x865d, 0x865d, 0x865d, 0x865d, 0x865d, 0x865d, 0x865d, 0x865d,
0x865d, 0x865d, 0x865d, 0x865d, 0x865d, 0x865d, 0x865d, 0x865d, 0x865d, 0x865d, 0x865d, 0x865d, 0x865d, 0x865d, 0x865d, 0x865d,
0x865d, 0x865d, 0x865d, 0x865d, 0x865d, 0x865d, 0x865d, 0x8e7d, 0xc75e, 0xd77f, 0xcf5e, 0xbf3f, 0xcf5f, 0xd77f, 0xd77f, 0xd77f,
0xcf5f, 0xaeff, 0xbf3f, 0xc75f, 0xb71f, 0x9edf, 0xaf1f, 0xcf5f, 0xd77f, 0xc73f, 0xaeff, 0xaeff, 0xd75e, 0xd77f, 0xa6de, 0x865d,
0x865d, 0x865d, 0x865d, 0x865d, 0x865d, 0x865d, 0x865d, 0x865d, 0x865d, 0x865d, 0x865d, 0x865d, 0x865d, 0x865d, 0x865d, 0x865d,
0x865d, 0x865d, 0x865d, 0x865d, 0x865d, 0x865d, 0x865d, 0x865d, 0x865d, 0x865d, 0x867d, 0x867d, 0x869d, 0x96bd, 0xaf3b, 0x96bd,
0x96be, 0x9f1a, 0x8f1b, 0xaefe, 0xbf1f, 0xcf5f, 0xd77e, 0xd75e, 0xd77f, 0xd77f, 0xd77f, 0xd77f, 0xd77e, 0xd77f, 0xd77f, 0xd77f,
0xd77f, 0xcf5f, 0xb71f, 0xbf3f, 0xcf5f, 0xcf5e, 0xd75f, 0xcf5e, 0xcf5e, 0xc77d, 0xaf3a, 0x865d, 0x867d, 0x867d, 0x867d, 0x867d,
0x867d, 0x865d, 0x865d, 0x865d, 0x865d, 0x865d, 0x865d, 0x865d, 0x865d, 0x865d, 0x865d, 0x865d, 0x865d, 0x865d, 0x865d, 0x865d,
0x865d, 0x865d, 0x865d, 0x865d, 0x865d, 0x865d, 0x865d, 0x865d, 0x865d, 0x865d, 0x865d, 0x865d, 0x865d, 0x865d, 0x865d, 0x865d,
0x865d, 0x865d, 0x865d, 0x865d, 0x865d, 0x865d, 0x865d, 0x865d, 0x865d, 0x865d, 0x865d, 0x865d, 0x865d, 0x865d, 0x865d, 0x865d,
0x865d, 0x865d, 0x865d, 0x865d, 0x865d, 0x865d, 0x865d, 0x865d, 0x865d, 0x865d, 0x865d, 0x865d, 0x865d, 0x865d, 0x865d, 0x865d,
0x865d, 0x865d, 0x865d, 0x865d, 0x865d, 0x865d, 0x865d, 0x865d, 0x865d, 0x865d, 0x865d, 0x865d, 0x865d, 0x865d, 0x865d, 0x865d,
0x865d, 0x865d, 0x865d, 0x865d, 0x865d, 0x865d, 0x865d, 0x865d, 0x865d, 0x865d, 0x865d, 0x865d, 0x865d, 0x865d, 0x865d, 0x865d,
0x865d, 0x865d, 0x865d, 0x865d, 0x865d, 0x865d, 0x865d, 0x865d, 0x865d, 0x865d, 0x865d, 0x865d, 0x865d, 0x865d, 0x865d, 0x865d,
0x865d, 0x865d, 0x865d, 0x865d, 0x865d, 0x865d, 0x865d, 0x865d, 0x865d, 0x865d, 0x865d, 0x865d, 0x865d, 0x865d, 0x865d, 0x865d,
0x865d, 0x865d, 0x865d, 0x865d, 0x865d, 0x865d, 0x865d, 0x865d, 0x865d, 0x865d, 0x865d, 0x865d, 0x865d, 0x865d, 0x865d, 0x865d,
0x865d, 0x865d, 0x865d, 0x865d, 0x865d, 0x865d, 0x865d, 0x865d, 0x865d, 0x865d, 0x865d, 0x865d, 0x865d, 0x865d, 0x865d, 0x865d,
0x865d, 0x865d, 0x865d, 0x865d, 0x865d, 0x865d, 0x865d, 0x865d, 0x865d, 0x865d, 0x865d, 0x865d, 0x865d, 0x865d, 0x865d, 0x865d,
0x865d, 0x865d, 0x865d, 0x865d, 0x865d, 0x865d, 0x865d, 0x865d, 0x865d, 0x865d, 0x865d, 0x865d, 0x865d, 0x865d, 0x865d, 0x865d,
0x865d, 0x865d, 0x865d, 0x865d, 0x865d, 0x865d, 0x865d, 0x865d, 0x865d, 0x865d, 0x865d, 0x865d, 0x865d, 0x865d, 0x865d, 0x865d,
0x865d, 0x865d, 0x865d, 0x865d, 0x865d, 0x865d, 0x865d, 0x865d, 0x865d, 0x865d, 0x865d, 0x865d, 0x865d, 0x865d, 0x865d, 0x865d,
0x865d, 0x865d, 0x865d, 0x865d, 0x865d, 0x865d, 0x865d, 0x865d, 0x865d, 0x865d, 0x865d, 0x865d, 0x865d, 0x865d, 0x865d, 0x865d,
0x865d, 0x865d, 0x865d, 0x865d, 0x865d, 0x865d, 0x865d, 0x865d, 0x865d, 0x865d, 0x865d, 0x865d, 0x865d, 0x865d, 0x865d, 0x865d,
0x865d, 0x865d, 0x865d, 0x865d, 0x865d, 0x865d, 0x865d, 0x865d, 0x865d, 0x865d, 0x865d, 0x865d, 0x865d, 0x865d, 0x865d, 0x865d,
0x865d, 0x865d, 0x865d, 0x865d, 0x865d, 0x865d, 0x865d, 0x865d, 0x865d, 0x865d, 0x865d, 0x865d, 0x865d, 0x865d, 0x865d, 0x865d,
0x865d, 0x865d, 0x865d, 0x865d, 0x865d, 0x865d, 0x865d, 0x865d, 0x865d, 0x865d, 0x865d, 0x865d, 0x865d, 0x865d, 0x865d, 0x865d,
0x865d, 0x865d, 0x865d, 0x865d, 0x865d, 0x865d, 0x865d, 0x865d, 0x865d, 0x865d, 0x865d, 0x865d, 0x865d, 0x865d, 0x865d, 0x865d,
0x865d, 0x865d, 0x865d, 0x865d, 0x865d, 0x865d, 0x865d, 0x865d, 0x865d, 0x865d, 0x865d, 0x865d, 0x865d, 0x865d, 0x865d, 0x865d,
0x865d, 0x865d, 0x865d, 0x865d, 0x865d, 0x865d, 0x865d, 0x865d, 0x865d, 0x865d, 0x865d, 0x865d, 0x865d, 0x865d, 0x865d, 0x865d,
0x865d, 0x865d, 0x865d, 0x7e5d, 0x869e, 0x867d, 0x7e5d, 0x867d, 0x8e9d, 0x96dd, 0x8ebd, 0x867d, 0x7e7d, 0x869e, 0x867e, 0x865d,
0x865d, 0x865d, 0x865d, 0x865d, 0x865d, 0x865d, 0x865d, 0x865d, 0x865d, 0x865d, 0x865d, 0x865d, 0x865d, 0x865d, 0x865d, 0x865d,
0x865d, 0x865d, 0x865d, 0x865d, 0x865d, 0x865d, 0x865d, 0x865d, 0x865d, 0x865d, 0x865d, 0x865d, 0x865d, 0x865d, 0x865d, 0x865d,
0x865d, 0x865d, 0x865d, 0x865d, 0x865d, 0x865d, 0x865d, 0x865d, 0x865d, 0x865d, 0x865d, 0x865d, 0x865d, 0x865d, 0x865d, 0x865d,
0x865d, 0x865d, 0x865d, 0x865d, 0x865d, 0x865d, 0x865d, 0x865d, 0x865d, 0x865d, 0x865d, 0x865d, 0x865d, 0x865d, 0x865d, 0x865d,

/* -48- */
0x865d, 0x865d, 0x865d, 0x865d, 0x865d, 0x865d, 0x865d, 0x865d, 0x865d, 0x865d, 0x865d, 0x865d, 0x865d, 0x865d, 0x865d, 0x865d,
0x865d, 0x865d, 0x865d, 0x865d, 0x865d, 0x865d, 0x865d, 0x865d, 0x865d, 0x865d, 0x865d, 0x865d, 0x865d, 0x865d, 0x865d, 0x865d,
0x865d, 0x865d, 0x865d, 0x865d, 0x865d, 0x865d, 0x865d, 0x865d, 0x865d, 0x865d, 0x865d, 0x865d, 0x865d, 0x865d, 0x865d, 0x865d,
0x865d, 0x865d, 0x865d, 0x865d, 0x865d, 0x865d, 0x865d, 0x865d, 0x865d, 0x865d, 0x865d, 0x865d, 0x865d, 0x865d, 0x865d, 0x865d,
0x865d, 0x865d, 0x865d, 0x865d, 0x865d, 0x865d, 0x865d, 0x865d, 0x865d, 0x865d, 0x865d, 0x865d, 0x865d, 0x865d, 0x865d, 0x865d,
0x865d, 0x865d, 0x865d, 0x865d, 0x865d, 0x865d, 0x865d, 0x865d, 0x865d, 0x865d, 0x865d, 0x865d, 0x865d, 0x865d, 0x865d, 0x865d,
0x865d, 0x865d, 0x865d, 0x865d, 0x865d, 0x865d, 0x865d, 0x865d, 0x865d, 0x865d, 0x865d, 0x865d, 0x865d, 0x865d, 0x865d, 0x865d,
0x865d, 0x865d, 0x865d, 0x865d, 0x865d, 0x865d, 0x865d, 0x865d, 0x865d, 0x865d, 0x865d, 0x865d, 0x865d, 0x865d, 0x865d, 0x865d,
0x865d, 0x865d, 0x865d, 0x865d, 0x865d, 0x865d, 0x865d, 0x865d, 0x865d, 0x865d, 0x865d, 0x865d, 0x865d, 0x865d, 0x865d, 0x865d,
0x865d, 0x865d, 0x865d, 0x865d, 0x865d, 0x865d, 0x865d, 0x865d, 0x865d, 0x865d, 0x865d, 0x865d, 0x865d, 0x865d, 0x865d, 0x865d,
0x865d, 0x865d, 0x865d, 0x865d, 0x865d, 0x865d, 0x865d, 0x865d, 0x865d, 0x865d, 0x865d, 0x865d, 0x865d, 0x865d, 0x865d, 0x865d,
0x865d, 0x865d, 0x865d, 0x865d, 0x865d, 0x865d, 0x865d, 0x865d, 0x865d, 0x865d, 0x865d, 0x865d, 0x865d, 0x865d, 0x865d, 0x865d,
0x865d, 0x865d, 0x865d, 0x865d, 0x865d, 0x865d, 0x865d, 0x865d, 0x865d, 0x865d, 0x865d, 0x865d, 0x865d, 0x865d, 0x865d, 0x865d,
0x865d, 0x865d, 0x865d, 0x865d, 0x865d, 0x865d, 0x865d, 0x865d, 0x865d, 0x865d, 0x865d, 0x865d, 0x865d, 0x865d, 0x865d, 0x865d,
0x865d, 0x865d, 0x865d, 0x865d, 0x865d, 0x865d, 0x865d, 0x865d, 0x865d, 0x865d, 0x865d, 0x865d, 0x865d, 0x865d, 0x865d, 0x865d,
0x865d, 0x865d, 0x865d, 0x865d, 0x865d, 0x865d, 0x865d, 0x865d, 0x865d, 0x865d, 0x865d, 0x865d, 0x865d, 0x865d, 0x865d, 0x865d,
0x865d, 0x865d, 0x865d, 0x865d, 0x865d, 0x865d, 0x865d, 0x865d, 0x865d, 0x865d, 0x865d, 0x865d, 0x865d, 0x865d, 0x865d, 0x865d,
0x865d, 0x865d, 0x865d, 0x865d, 0x865d, 0x865d, 0x865d, 0x865d, 0x865d, 0x865d, 0x865d, 0x865d, 0x865d, 0x865d, 0x865d, 0x865d,
0x865d, 0x865d, 0x865d, 0x865d, 0x865d, 0x865d, 0x865d, 0x865d, 0x865d, 0x865d, 0x865d, 0x865d, 0x865d, 0x865d, 0x865d, 0x865d,
0x865d, 0x865d, 0x865d, 0x865d, 0x865d, 0x865d, 0x865d, 0x865d, 0x865d, 0x865d, 0x865d, 0x865d, 0x865d, 0x865d, 0x865d, 0x865d,
0x865d, 0x865d, 0x865d, 0x865d, 0x865d, 0x865d, 0x865d, 0x865d, 0x865d, 0x865d, 0x865d, 0x865d, 0x865d, 0x865d, 0x865d, 0x865d,
0x865d, 0x865d, 0x865d, 0x865d, 0x865d, 0x865d, 0x865d, 0x865d, 0x865d, 0x865d, 0x865d, 0x865d, 0x865d, 0x865d, 0x865d, 0x865d,
0x865d, 0x865d, 0x865d, 0x865d, 0x865d, 0x865d, 0x865d, 0x865d, 0x865d, 0x865d, 0x865d, 0x865d, 0x865d, 0x865d, 0x865d, 0x865d,
0x865d, 0x865d, 0x865d, 0x865d, 0x865d, 0x865d, 0x865d, 0x865d, 0x865d, 0x865d, 0x869c, 0x8ebe, 0x8e9d, 0x8e9d, 0x8ebe, 0x8ebd,
0x8ebd, 0x8ebd, 0x8ebd, 0x8ebd, 0x8ebe, 0x8e9e, 0x7e7d, 0x7e7d, 0x867e, 0x7e7d, 0x7e5d, 0x865d, 0x865d, 0x865d, 0x865d, 0x865d,
0x865d, 0x865d, 0x865d, 0x865d, 0x865d, 0x865d, 0x865d, 0x865d, 0x865d, 0x865d, 0x865d, 0x865d, 0x865d, 0x8e9d, 0x969e, 0xa6fd,
0xcf5f, 0xcf5f, 0xcf5f, 0xcf5f, 0xcf5f, 0xaefe, 0x8e9e, 0x8e7e, 0xaf1d, 0xcf5f, 0xcf5f, 0xcf5e, 0xc73e, 0xcf5e, 0xc75e, 0xb71e,
0xbf3e, 0xbf3e, 0xc73e, 0xcf5e, 0xc73e, 0xb71e, 0xaefe, 0xb71e, 0xcf5e, 0xcf5e, 0xcf5e, 0xcf5e, 0xcf5e, 0xcf5e, 0xc73f, 0xaf3f,
0x86bd, 0x8e9e, 0x969e, 0x969e, 0x969e, 0x969e, 0x969e, 0x8e7d, 0x865d, 0x865d, 0x865d, 0x865d, 0x865d, 0x865d, 0x865d, 0x865d,
0x865d, 0x865d, 0x865d, 0x865d, 0x865d, 0x865d, 0x865d, 0x865d, 0x865d, 0x865d, 0x865d, 0x865d, 0x865d, 0x865d, 0x865d, 0x865d,
0x865d, 0x865d, 0x865d, 0x865d, 0x865d, 0x865d, 0x865d, 0x865d, 0x865d, 0x865d, 0x865d, 0x865d, 0x865d, 0x865d, 0x865d, 0x865d,
0x865d, 0x865d, 0x865d, 0x865d, 0x865d, 0x865d, 0x865d, 0x865d, 0x865d, 0x865d, 0x865d, 0x865d, 0x865d, 0x865d, 0x865d, 0x865d,
0x865d, 0x865d, 0x865d, 0x865d, 0x865d, 0x867d, 0x96bd, 0xcf5e, 0xd77f, 0xd77f, 0xd77f, 0xcf5f, 0xb71e, 0xc75f, 0xd77f, 0xc73f,
0xaf1f, 0xbf3f, 0xd77f, 0xd77f, 0xd77f, 0xcf5f, 0xb71f, 0xa6ff, 0xb71f, 0xa6ff, 0xc73f, 0xc75f, 0xbf1f, 0xcf5f, 0x96be, 0x865d,
0xa6fd, 0xbf3e, 0xb71d, 0x865d, 0x865d, 0x865d, 0x865d, 0x865d, 0x865d, 0x865d, 0x865d, 0x865d, 0x865d, 0x865d, 0x865d, 0x865d,
0x865d, 0x865d, 0x865d, 0x865d, 0x865d, 0x865d, 0x865d, 0x865d, 0x865d, 0x865d, 0x865d, 0x865d, 0x96fb, 0xd77f, 0xd75f, 0xd77f,
0xd77f, 0xc75f, 0xb6ff, 0xb71f, 0xb6fe, 0xcf5f, 0xcf5f, 0xd77f, 0xd77f, 0xd77f, 0xd77f, 0xd77f, 0xd77e, 0xd77f, 0xd77f, 0xd77e,
0xcf5e, 0xc73f, 0xb71f, 0xc73f, 0xd77f, 0xd77f, 0xd77f, 0xd77f, 0xd77f, 0xd75f, 0xcf5f, 0x86bc, 0x865d, 0x865d, 0x865d, 0x865d,
0x865d, 0x865d, 0x865d, 0x7e5d, 0x865d, 0x865d, 0x865d, 0x865d, 0x865d, 0x865d, 0x865d, 0x865d, 0x865d, 0x865d, 0x865d, 0x865d,
0x865d, 0x865d, 0x865d, 0x865d, 0x865d, 0x865d, 0x865d, 0x865d, 0x865d, 0x865d, 0x865d, 0x865d, 0x865d, 0x865d, 0x865d, 0x865d,
0x865d, 0x865d, 0x865d, 0x865d, 0x865d, 0x865d, 0x865d, 0x865d, 0x865d, 0x865d, 0x865d, 0x865d, 0x865d, 0x865d, 0x865d, 0x865d,
0x865d, 0x865d, 0x865d, 0x865d, 0x865d, 0x865d, 0x865d, 0x865d, 0x865d, 0x865d, 0x865d, 0x865d, 0x865d, 0x865d, 0x865d, 0x865d,
0x865d, 0x865d, 0x865d, 0x865d, 0x865d, 0x865d, 0x865d, 0x865d, 0x865d, 0x865d, 0x865d, 0x865d, 0x865d, 0x865d, 0x865d, 0x865d,
0x865d, 0x865d, 0x865d, 0x865d, 0x865d, 0x865d, 0x865d, 0x865d, 0x865d, 0x865d, 0x865d, 0x865d, 0x865d, 0x865d, 0x865d, 0x865d,
0x865d, 0x865d, 0x865d, 0x865d, 0x865d, 0x865d, 0x865d, 0x865d, 0x865d, 0x865d, 0x865d, 0x865d, 0x865d, 0x865d, 0x865d, 0x865d,
0x865d, 0x865d, 0x865d, 0x865d, 0x865d, 0x865d, 0x865d, 0x865d, 0x865d, 0x865d, 0x865d, 0x865d, 0x865d, 0x865d, 0x865d, 0x865d,
0x865d, 0x865d, 0x865d, 0x865d, 0x865d, 0x865d, 0x865d, 0x865d, 0x865d, 0x865d, 0x865d, 0x865d, 0x865d, 0x865d, 0x865d, 0x865d,
0x865d, 0x865d, 0x865d, 0x865d, 0x865d, 0x865d, 0x865d, 0x865d, 0x865d, 0x865d, 0x865d, 0x865d, 0x865d, 0x865d, 0x865d, 0x865d,
0x865d, 0x865d, 0x865d, 0x865d, 0x865d, 0x865d, 0x865d, 0x865d, 0x865d, 0x865d, 0x865d, 0x865d, 0x865d, 0x865d, 0x865d, 0x865d,
0x865d, 0x865d, 0x865d, 0x865d, 0x865d, 0x865d, 0x865d, 0x865d, 0x865d, 0x865d, 0x865d, 0x865d, 0x865d, 0x865d, 0x865d, 0x865d,
0x865d, 0x865d, 0x865d, 0x865d, 0x865d, 0x865d, 0x865d, 0x865d, 0x865d, 0x865d, 0x865d, 0x865d, 0x865d, 0x865d, 0x865d, 0x865d,
0x865d, 0x865d, 0x865d, 0x865d, 0x865d, 0x865d, 0x865d, 0x865d, 0x865d, 0x865d, 0x865d, 0x865d, 0x865d, 0x865d, 0x865d, 0x865d,
0x865d, 0x865d, 0x865d, 0x865d, 0x865d, 0x865d, 0x865d, 0x865d, 0x865d, 0x865d, 0x865d, 0x865d, 0x865d, 0x865d, 0x865d, 0x865d,
0x865d, 0x865d, 0x865d, 0x865d, 0x865d, 0x865d, 0x865d, 0x865d, 0x865d, 0x865d, 0x865d, 0x865d, 0x865d, 0x865d, 0x865d, 0x865d,
0x865d, 0x865d, 0x865d, 0x865d, 0x865d, 0x865d, 0x865d, 0x865d, 0x865d, 0x865d, 0x865d, 0x865d, 0x865d, 0x865d, 0x865d, 0x865d,
0x865d, 0x865d, 0x865d, 0x865d, 0x865d, 0x865d, 0x865d, 0x865d, 0x865d, 0x865d, 0x865d, 0x865d, 0x865d, 0x865d, 0x865d, 0x865d,
0x865d, 0x865d, 0x865d, 0x865d, 0x865d, 0x865d, 0x865d, 0x865d, 0x865d, 0x865d, 0x865d, 0x865d, 0x865d, 0x865d, 0x865d, 0x865d,
0x865d, 0x865d, 0x865d, 0x865d, 0x865d, 0x865d, 0x865d, 0x865d, 0x865d, 0x865d, 0x865d, 0x865d, 0x865d, 0x865d, 0x865d, 0x865d,
0x865d, 0x865d, 0x865d, 0x865d, 0x865d, 0x865d, 0x865d, 0x865d, 0x865d, 0x865d, 0x865d, 0x865d, 0x865d, 0x865d, 0x865d, 0x865d,
0x865d, 0x865d, 0x865d, 0x865d, 0x865d, 0x865d, 0x865d, 0x865d, 0x865d, 0x865d, 0x865d, 0x865d, 0x865d, 0x865d, 0x865d, 0x865d,
0x865d, 0x865d, 0x865d, 0x865d, 0x865d, 0x865d, 0x865d, 0x865d, 0x865d, 0x865d, 0x865d, 0x865d, 0x865d, 0x865d, 0x865d, 0x865d,
0x865d, 0x865d, 0x865d, 0x865d, 0x865d, 0x865d, 0x865d, 0x865d, 0x865d, 0x865d, 0x865d, 0x865d, 0x865d, 0x865d, 0x865d, 0x865d,
0x865d, 0x865d, 0x865d, 0x865d, 0x865d, 0x865d, 0x865d, 0x865d, 0x865d, 0x865d, 0x865d, 0x865d, 0x865d, 0x865d, 0x865d, 0x865d,
0x865d, 0x865d, 0x865d, 0x865d, 0x865d, 0x865d, 0x865d, 0x865d, 0x865d, 0x865d, 0x865d, 0x865d, 0x865d, 0x865d, 0x865d, 0x865d,
0x865d, 0x865d, 0x865d, 0x865d, 0x865d, 0x865d, 0x865d, 0x865d, 0x865d, 0x865d, 0x865d, 0x865d, 0x865d, 0x865d, 0x865d, 0x865d,

/* -49- */
0x865d, 0x865d, 0x865d, 0x865d, 0x865d, 0x865d, 0x865d, 0x865d, 0x865d, 0x865d, 0x865d, 0x865d, 0x865d, 0x865d, 0x865d, 0x865d,
0x865d, 0x865d, 0x865d, 0x865d, 0x865d, 0x865d, 0x865d, 0x865d, 0x865d, 0x865d, 0x865d, 0x865d, 0x865d, 0x865d, 0x865d, 0x865d,
0x865d, 0x865d, 0x865d, 0x865d, 0x865d, 0x865d, 0x865d, 0x865d, 0x865d, 0x865d, 0x865d, 0x865d, 0x865d, 0x865d, 0x865d, 0x865d,
0x865d, 0x865d, 0x865d, 0x865d, 0x865d, 0x865d, 0x865d, 0x865d, 0x865d, 0x865d, 0x865d, 0x865d, 0x865d, 0x865d, 0x865d, 0x865d,
0x865d, 0x865d, 0x865d, 0x865d, 0x865d, 0x865d, 0x865d, 0x865d, 0x865d, 0x865d, 0x865d, 0x865d, 0x865d, 0x865d, 0x865d, 0x865d,
0x865d, 0x865d, 0x865d, 0x865d, 0x865d, 0x865d, 0x865d, 0x865d, 0x865d, 0x865d, 0x865d, 0x865d, 0x865d, 0x865d, 0x865d, 0x865d,
0x865d, 0x865d, 0x865d, 0x865d, 0x865d, 0x865d, 0x865d, 0x865d, 0x865d, 0x865d, 0x865d, 0x865d, 0x865d, 0x865d, 0x865d, 0x865d,
0x865d, 0x865d, 0x865d, 0x865d, 0x865d, 0x865d, 0x865d, 0x865d, 0x865d, 0x865d, 0x865d, 0x865d, 0x865d, 0x865d, 0x865d, 0x865d,
0x865d, 0x865d, 0x865d, 0x865d, 0x865d, 0x865d, 0x865d, 0x865d, 0x865d, 0x865d, 0x865d, 0x865d, 0x865d, 0x865d, 0x865d, 0x865d,
0x865d, 0x865d, 0x865d, 0x865d, 0x865d, 0x865d, 0x865d, 0x865d, 0x865d, 0x865d, 0x865d, 0x865d, 0x865d, 0x865d, 0x865d, 0x865d,
0x865d, 0x865d, 0x865d, 0x865d, 0x865d, 0x865d, 0x865d, 0x865d, 0x865d, 0x865d, 0x865d, 0x865d, 0x865d, 0x865d, 0x865d, 0x865d,
0x865d, 0x865d, 0x865d, 0x865d, 0x865d, 0x865d, 0x865d, 0x865d, 0x865d, 0x865d, 0x865d, 0x865d, 0x865d, 0x865d, 0x865d, 0x865d,
0x865d, 0x865d, 0x865d, 0x865d, 0x865d, 0x865d, 0x865d, 0x865d, 0x865d, 0x865d, 0x865d, 0x865d, 0x865d, 0x865d, 0x865d, 0x865d,
0x865d, 0x865d, 0x865d, 0x865d, 0x865d, 0x865d, 0x865d, 0x865d, 0x865d, 0x865d, 0x865d, 0x865d, 0x865d, 0x865d, 0x865d, 0x865d,
0x865d, 0x865d, 0x865d, 0x865d, 0x865d, 0x865d, 0x865d, 0x865d, 0x865d, 0x865d, 0x865d, 0x865d, 0x865d, 0x865d, 0x865d, 0x865d,
0x865d, 0x865d, 0x865d, 0x865d, 0x865d, 0x865d, 0x865d, 0x865d, 0x865d, 0x865d, 0x865d, 0x865d, 0x865d, 0x865d, 0x865d, 0x865d,
0x865d, 0x865d, 0x865d, 0x865d, 0x865d, 0x865d, 0x865d, 0x865d, 0x865d, 0x865d, 0x865d, 0x865d, 0x865d, 0x865d, 0x865d, 0x865d,
0x865d, 0x865d, 0x865d, 0x865d, 0x865d, 0x865d, 0x865d, 0x865d, 0x865d, 0x865d, 0x865d, 0x865d, 0x865d, 0x865d, 0x865d, 0x865d,
0x865d, 0x865d, 0x865d, 0x865d, 0x865d, 0x865d, 0x865d, 0x865d, 0x865d, 0x865d, 0x865d, 0x865d, 0x865d, 0x865d, 0x865d, 0x865d,
0x865d, 0x865d, 0x865d, 0x865d, 0x865d, 0x865d, 0x865d, 0x865d, 0x865d, 0x865d, 0x865d, 0x865d, 0x865d, 0x865d, 0x865d, 0x865d,
0x865d, 0x865d, 0x865d, 0x865d, 0x865d, 0x865d, 0x865d, 0x865d, 0x865d, 0x865d, 0x865d, 0x865d, 0x865d, 0x865d, 0x865d, 0x865d,
0x865d, 0x865d, 0x865d, 0x865d, 0x865d, 0x865d, 0x865d, 0x865d, 0x865d, 0x865d, 0x865d, 0x865d, 0x865d, 0x865d, 0x865d, 0x865d,
0x865d, 0x865d, 0x865d, 0x865d, 0x865d, 0x865d, 0x865d, 0x865d, 0x865d, 0x865d, 0x865d, 0x865d, 0x865d, 0x865d, 0x865d, 0x865d,
0x865d, 0x865d, 0x865d, 0x865d, 0x865d, 0x865d, 0x865d, 0x865d, 0x865d, 0x865d, 0x865d, 0x865d, 0x865d, 0x865d, 0x865d, 0x865d,
0x865d, 0x865d, 0x865d, 0x865d, 0x865d, 0x865d, 0x865d, 0x865d, 0x865d, 0x865d, 0x865d, 0x865d, 0x865d, 0x865d, 0x865d, 0x865d,
0x865d, 0x865d, 0x865d, 0x865d, 0x865d, 0x865d, 0x865d, 0x865d, 0x8e7d, 0x8e7d, 0x8e7d, 0x8e7d, 0x8e7d, 0xbf3e, 0xcf5f, 0xcf5f,
0xc73f, 0xc73e, 0xcf5e, 0xc73e, 0xc73e, 0xcf5f, 0xc75f, 0xb73f, 0xcf5f, 0xc73e, 0xcf5e, 0xcf5e, 0xcf5e, 0xcf5e, 0xcf5e, 0xcf5e,
0xb71e, 0xa6fe, 0xaefe, 0xc73e, 0xaefe, 0x9ebe, 0xaefe, 0xcf5e, 0xcf5e, 0xcf5e, 0xcf5e, 0xcf5e, 0xcf5e, 0xc73e, 0xaefe, 0x9ede,
0xb71f, 0xcf5f, 0xcf5f, 0xcf5f, 0xcf5f, 0xcf5f, 0xcf5f, 0xb6fe, 0x8e7d, 0x8e7d, 0x867d, 0x865d, 0x865d, 0x865d, 0x865d, 0x865d,
0x865d, 0x865d, 0x865d, 0x865d, 0x865d, 0x865d, 0x865d, 0x865d, 0x865d, 0x865d, 0x865d, 0x865d, 0x865d, 0x865d, 0x865d, 0x865d,
0x865d, 0x865d, 0x865d, 0x865d, 0x865d, 0x865d, 0x865d, 0x865d, 0x865d, 0x865d, 0x865d, 0x865d, 0x865d, 0x865d, 0x865d, 0x865d,
0x865d, 0x865d, 0x865d, 0x865d, 0x865d, 0x865d, 0x865d, 0x865d, 0x865d, 0x865d, 0x865d, 0x865d, 0x865d, 0x865d, 0x865d, 0x865d,
0x865d, 0x865d, 0x865d, 0x865d, 0x867d, 0x865d, 0x9edd, 0xd77f, 0xd75e, 0xd77f, 0xd77f, 0xd77e, 0xc73f, 0xaeff, 0xaeff, 0xaf1f,
0xc73f, 0xd77f, 0xd77f, 0xd77f, 0xd77f, 0xd77f, 0xd77f, 0xaeff, 0xa6ff, 0xcf5f, 0xd77e, 0xd77f, 0xcf7f, 0xa6de, 0x7e7d, 0x9ede,
0xd77e, 0xd77f, 0xd77f, 0xaefe, 0x867d, 0x867d, 0x865d, 0x865d, 0x865d, 0x865d, 0x865d, 0x865d, 0x865d, 0x865d, 0x865d, 0x865d,
0x865d, 0x865d, 0x865d, 0x865d, 0x865d, 0x865d, 0x865d, 0x867d, 0x865d, 0x865d, 0x9f1b, 0xbf3e, 0xc73e, 0xd77f, 0xd75e, 0xd75e,
0xd75f, 0xcf5f, 0xcf5f, 0xcf5e, 0xcf3e, 0xb6ff, 0xb71f, 0xcf5f, 0xd77f, 0xd77f, 0xc75f, 0xb71f, 0xbf3f, 0xcf5f, 0xd77f, 0xd77f,
0xb71f, 0xb71f, 0xcf5e, 0xcf5f, 0xd77f, 0xd77f, 0xd75e, 0xd77f, 0xd77f, 0xd75f, 0xd77f, 0xc75d, 0xbf1e, 0xbf1e, 0xbf1e, 0xbf1e,
0xb73e, 0x867d, 0x865d, 0x865d, 0x867d, 0x865d, 0x865d, 0x865d, 0x865d, 0x865d, 0x865d, 0x865d, 0x865d, 0x865d, 0x865d, 0x865d,
0x865d, 0x865d, 0x865d, 0x865d, 0x865d, 0x865d, 0x865d, 0x865d, 0x865d, 0x865d, 0x865d, 0x865d, 0x865d, 0x865d, 0x865d, 0x865d,
0x865d, 0x865d, 0x865d, 0x865d, 0x865d, 0x865d, 0x865d, 0x865d, 0x865d, 0x865d, 0x865d, 0x865d, 0x865d, 0x865d, 0x865d, 0x865d,
0x865d, 0x865d, 0x865d, 0x865d, 0x865d, 0x865d, 0x865d, 0x865d, 0x865d, 0x865d, 0x865d, 0x865d, 0x865d, 0x865d, 0x865d, 0x865d,
0x865d, 0x865d, 0x865d, 0x865d, 0x865d, 0x865d, 0x865d, 0x865d, 0x865d, 0x865d, 0x865d, 0x865d, 0x865d, 0x865d, 0x865d, 0x865d,
0x865d, 0x865d, 0x865d, 0x865d, 0x865d, 0x865d, 0x865d, 0x865d, 0x865d, 0x865d, 0x865d, 0x865d, 0x865d, 0x865d, 0x865d, 0x865d,
0x865d, 0x865d, 0x865d, 0x865d, 0x865d, 0x865d, 0x865d, 0x865d, 0x865d, 0x865d, 0x865d, 0x865d, 0x865d, 0x865d, 0x865d, 0x865d,
0x865d, 0x865d, 0x865d, 0x865d, 0x865d, 0x865d, 0x865d, 0x865d, 0x865d, 0x865d, 0x865d, 0x865d, 0x865d, 0x865d, 0x865d, 0x865d,
0x865d, 0x865d, 0x865d, 0x865d, 0x865d, 0x865d, 0x865d, 0x865d, 0x865d, 0x865d, 0x865d, 0x865d, 0x865d, 0x865d, 0x865d, 0x865d,
0x865d, 0x865d, 0x865d, 0x865d, 0x865d, 0x865d, 0x865d, 0x865d, 0x865d, 0x865d, 0x865d, 0x865d, 0x865d, 0x865d, 0x865d, 0x865d,
0x865d, 0x865d, 0x865d, 0x865d, 0x865d, 0x865d, 0x865d, 0x865d, 0x865d, 0x865d, 0x865d, 0x865d, 0x865d, 0x865d, 0x865d, 0x865d,
0x865d, 0x865d, 0x865d, 0x865d, 0x865d, 0x865d, 0x865d, 0x865d, 0x865d, 0x865d, 0x865d, 0x865d, 0x865d, 0x865d, 0x865d, 0x865d,
0x865d, 0x865d, 0x865d, 0x865d, 0x865d, 0x865d, 0x865d, 0x865d, 0x865d, 0x865d, 0x865d, 0x865d, 0x865d, 0x865d, 0x865d, 0x865d,
0x865d, 0x865d, 0x865d, 0x865d, 0x865d, 0x865d, 0x865d, 0x865d, 0x865d, 0x865d, 0x865d, 0x865d, 0x865d, 0x865d, 0x865d, 0x865d,
0x865d, 0x865d, 0x865d, 0x865d, 0x865d, 0x865d, 0x865d, 0x865d, 0x865d, 0x865d, 0x865d, 0x865d, 0x865d, 0x865d, 0x865d, 0x865d,
0x865d, 0x865d, 0x865d, 0x865d, 0x865d, 0x865d, 0x865d, 0x865d, 0x865d, 0x865d, 0x865d, 0x865d, 0x865d, 0x865d, 0x865d, 0x865d,
0x865d, 0x865d, 0x865d, 0x865d, 0x865d, 0x865d, 0x865d, 0x865d, 0x865d, 0x865d, 0x865d, 0x865d, 0x865d, 0x865d, 0x865d, 0x865d,
0x865d, 0x865d, 0x865d, 0x865d, 0x865d, 0x865d, 0x865d, 0x865d, 0x865d, 0x865d, 0x865d, 0x865d, 0x865d, 0x865d, 0x865d, 0x865d,
0x865d, 0x865d, 0x865d, 0x865d, 0x865d, 0x865d, 0x865d, 0x865d, 0x865d, 0x865d, 0x865d, 0x865d, 0x865d, 0x865d, 0x865d, 0x865d,
0x865d, 0x865d, 0x865d, 0x865d, 0x865d, 0x865d, 0x865d, 0x865d, 0x865d, 0x865d, 0x865d, 0x865d, 0x865d, 0x865d, 0x865d, 0x865d,
0x865d, 0x865d, 0x865d, 0x865d, 0x865d, 0x865d, 0x865d, 0x865d, 0x865d, 0x865d, 0x865d, 0x865d, 0x865d, 0x865d, 0x865d, 0x865d,
0x865d, 0x865d, 0x865d, 0x865d, 0x865d, 0x865d, 0x865d, 0x865d, 0x865d, 0x865d, 0x865d, 0x865d, 0x865d, 0x865d, 0x865d, 0x865d,
0x865d, 0x865d, 0x865d, 0x865d, 0x865d, 0x865d, 0x865d, 0x865d, 0x865d, 0x865d, 0x865d, 0x865d, 0x865d, 0x865d, 0x865d, 0x865d,
0x865d, 0x865d, 0x865d, 0x865d, 0x865d, 0x865d, 0x865d, 0x865d, 0x865d, 0x865d, 0x865d, 0x865d, 0x865d, 0x865d, 0x865d, 0x865d,
0x865d, 0x865d, 0x865d, 0x865d, 0x865d, 0x865d, 0x865d, 0x865d, 0x865d, 0x865d, 0x865d, 0x865d, 0x865d, 0x865d, 0x865d, 0x865d,
0x865d, 0x865d, 0x865d, 0x865d, 0x865d, 0x865d, 0x865d, 0x865d, 0x865d, 0x865d, 0x865d, 0x865d, 0x865d, 0x865d, 0x865d, 0x865d,
0x865d, 0x865d, 0x865d, 0x865d, 0x865d, 0x865d, 0x865d, 0x865d, 0x865d, 0x865d, 0x865d, 0x865d, 0x865d, 0x865d, 0x865d, 0x865d,

/* -50- */
0x865d, 0x865d, 0x865d, 0x865d, 0x865d, 0x865d, 0x865d, 0x865d, 0x865d, 0x865d, 0x865d, 0x865d, 0x865d, 0x865d, 0x865d, 0x865d,
0x865d, 0x865d, 0x865d, 0x865d, 0x865d, 0x865d, 0x865d, 0x865d, 0x865d, 0x865d, 0x865d, 0x865d, 0x865d, 0x865d, 0x865d, 0x865d,
0x865d, 0x865d, 0x865d, 0x865d, 0x865d, 0x865d, 0x865d, 0x865d, 0x865d, 0x865d, 0x865d, 0x865d, 0x865d, 0x865d, 0x865d, 0x865d,
0x865d, 0x865d, 0x865d, 0x865d, 0x865d, 0x865d, 0x865d, 0x865d, 0x865d, 0x865d, 0x865d, 0x865d, 0x865d, 0x865d, 0x865d, 0x865d,
0x865d, 0x865d, 0x865d, 0x865d, 0x865d, 0x865d, 0x865d, 0x865d, 0x865d, 0x865d, 0x865d, 0x865d, 0x865d, 0x865d, 0x865d, 0x865d,
0x865d, 0x865d, 0x865d, 0x865d, 0x865d, 0x865d, 0x865d, 0x865d, 0x865d, 0x865d, 0x865d, 0x865d, 0x865d, 0x865d, 0x865d, 0x865d,
0x865d, 0x865d, 0x865d, 0x865d, 0x865d, 0x865d, 0x865d, 0x865d, 0x865d, 0x865d, 0x865d, 0x865d, 0x865d, 0x865d, 0x865d, 0x865d,
0x865d, 0x865d, 0x865d, 0x865d, 0x865d, 0x865d, 0x865d, 0x865d, 0x865d, 0x865d, 0x865d, 0x865d, 0x865d, 0x865d, 0x865d, 0x865d,
0x865d, 0x865d, 0x865d, 0x865d, 0x865d, 0x865d, 0x865d, 0x865d, 0x865d, 0x865d, 0x865d, 0x865d, 0x865d, 0x865d, 0x865d, 0x865d,
0x865d, 0x865d, 0x865d, 0x865d, 0x865d, 0x865d, 0x865d, 0x865d, 0x865d, 0x865d, 0x865d, 0x865d, 0x865d, 0x865d, 0x865d, 0x865d,
0x865d, 0x865d, 0x865d, 0x865d, 0x865d, 0x865d, 0x865d, 0x865d, 0x865d, 0x865d, 0x865d, 0x865d, 0x865d, 0x865d, 0x865d, 0x865d,
0x865d, 0x865d, 0x865d, 0x865d, 0x865d, 0x865d, 0x865d, 0x865d, 0x865d, 0x865d, 0x865d, 0x865d, 0x865d, 0x865d, 0x865d, 0x865d,
0x865d, 0x865d, 0x865d, 0x865d, 0x865d, 0x865d, 0x865d, 0x865d, 0x865d, 0x865d, 0x865d, 0x865d, 0x865d, 0x865d, 0x865d, 0x865d,
0x865d, 0x865d, 0x865d, 0x865d, 0x865d, 0x865d, 0x865d, 0x865d, 0x865d, 0x865d, 0x865d, 0x865d, 0x865d, 0x865d, 0x865d, 0x865d,
0x865d, 0x865d, 0x865d, 0x865d, 0x865d, 0x865d, 0x865d, 0x865d, 0x865d, 0x865d, 0x865d, 0x865d, 0x865d, 0x865d, 0x865d, 0x865d,
0x865d, 0x865d, 0x865d, 0x865d, 0x865d, 0x865d, 0x865d, 0x865d, 0x865d, 0x865d, 0x865d, 0x865d, 0x865d, 0x865d, 0x865d, 0x865d,
0x865d, 0x865d, 0x865d, 0x865d, 0x865d, 0x865d, 0x865d, 0x865d, 0x865d, 0x865d, 0x865d, 0x865d, 0x865d, 0x865d, 0x865d, 0x865d,
0x865d, 0x865d, 0x865d, 0x865d, 0x865d, 0x865d, 0x865d, 0x865d, 0x865d, 0x865d, 0x865d, 0x865d, 0x865d, 0x865d, 0x865d, 0x865d,
0x865d, 0x865d, 0x865d, 0x865d, 0x865d, 0x865d, 0x865d, 0x865d, 0x865d, 0x865d, 0x865d, 0x865d, 0x865d, 0x865d, 0x865d, 0x865d,
0x865d, 0x865d, 0x865d, 0x865d, 0x865d, 0x865d, 0x865d, 0x865d, 0x865d, 0x865d, 0x865d, 0x865d, 0x865d, 0x865d, 0x865d, 0x865d,
0x865d, 0x865d, 0x865d, 0x865d, 0x865d, 0x865d, 0x865d, 0x865d, 0x865d, 0x865d, 0x865d, 0x865d, 0x865d, 0x865d, 0x865d, 0x865d,
0x865d, 0x865d, 0x865d, 0x865d, 0x865d, 0x865d, 0x865d, 0x865d, 0x865d, 0x865d, 0x865d, 0x865d, 0x865d, 0x865d, 0x865d, 0x865d,
0x865d, 0x865d, 0x865d, 0x865d, 0x865d, 0x865d, 0x865d, 0x865d, 0x865d, 0x865d, 0x865d, 0x865d, 0x865d, 0x865d, 0x865d, 0x865d,
0x865d, 0x865d, 0x865d, 0x865d, 0x865d, 0x865d, 0x865d, 0x865d, 0x865d, 0x865d, 0x865d, 0x865d, 0x865d, 0x865d, 0x865d, 0x865d,
0x865d, 0x865d, 0x865d, 0x865d, 0x865d, 0x865d, 0x865d, 0x865d, 0x865d, 0x865d, 0x865d, 0x865d, 0x865d, 0x865d, 0x865d, 0x865d,
0x865d, 0x865d, 0x865d, 0x865d, 0x865d, 0x865d, 0x867d, 0x9edc, 0xcf5f, 0xc75e, 0xcf5e, 0xcf5f, 0xcf5e, 0xcf3e, 0xc73e, 0xcf5f,
0xcf5e, 0xcf5e, 0xcf5e, 0xcf5e, 0xcf5e, 0xcf5e, 0xcf5f, 0xcf5e, 0xc73e, 0xbf1e, 0xc73e, 0xcf5e, 0xcf5f, 0xcf5f, 0xcf5e, 0xcf5e,
0xbf3e, 0xb71e, 0xa6de, 0x9ede, 0x9ede, 0xa6de, 0xc73e, 0xcf5e, 0xcf5e, 0xcf5e, 0xcf5e, 0xcf5e, 0xcf5f, 0xa6fe, 0xa6fe, 0xbf3e,
0xcf5e, 0xcf5f, 0xcf3e, 0xc73e, 0xcf3e, 0xcf3e, 0xcf3e, 0xcf5e, 0xc75e, 0xcf5f, 0xbf3e, 0x867d, 0x865d, 0x865d, 0x865d, 0x865d,
0x865d, 0x865d, 0x865d, 0x865d, 0x865d, 0x865d, 0x865d, 0x865d, 0x865d, 0x865d, 0x865d, 0x865d, 0x865d, 0x865d, 0x865d, 0x865d,
0x865d, 0x865d, 0x865d, 0x865d, 0x865d, 0x865d, 0x865d, 0x865d, 0x865d, 0x865d, 0x865d, 0x865d, 0x865d, 0x865d, 0x865d, 0x865d,
0x865d, 0x865d, 0x865d, 0x865d, 0x865d, 0x865d, 0x865d, 0x865d, 0x865d, 0x865d, 0x865d, 0x865d, 0x865d, 0x865d, 0x865d, 0x865d,
0x865d, 0x865d, 0x865d, 0x865d, 0x865d, 0x8e9d, 0xa6fd, 0xcf5f, 0xd75e, 0xd77f, 0xd77f, 0xd77f, 0xcf5f, 0xaf1f, 0xaf1f, 0xcf5f,
0xd77f, 0xd77f, 0xcf5f, 0xd77f, 0xd77f, 0xd77f, 0xd77e, 0xb71e, 0xcf5f, 0xd77f, 0xd77f, 0xd77f, 0xd77f, 0xc73e, 0x9ede, 0xbf3e,
0xd77f, 0xd75e, 0xd75e, 0xd77f, 0x9ede, 0x865d, 0x867d, 0x865d, 0x865d, 0x865d, 0x865d, 0x865d, 0x865d, 0x865d, 0x865d, 0x865d,
0x865d, 0x865d, 0x865d, 0x865d, 0x865d, 0x865d, 0x865d, 0x865d, 0x867d, 0x8e9e, 0xbf5c, 0xd77f, 0xd77f, 0xd77f, 0xd77e, 0xd75e,
0xd77f, 0xd77f, 0xd77f, 0xd77e, 0xd75e, 0xb71f, 0xb71f, 0xcf5f, 0xd77f, 0xd77f, 0xc73f, 0xa6ff, 0xb71f, 0xc73f, 0xcf5f, 0xcf5f,
0xaf1f, 0xbf3f, 0xd77f, 0xd77f, 0xd77f, 0xd77f, 0xd75f, 0xd77f, 0xd77f, 0xd77f, 0xd75e, 0xd77f, 0xd77f, 0xd77f, 0xd77f, 0xd77f,
0xd77f, 0x96bd, 0x8e9d, 0x7e7d, 0x865d, 0x865d, 0x865d, 0x865d, 0x865d, 0x865d, 0x865d, 0x865d, 0x865d, 0x865d, 0x865d, 0x865d,
0x865d, 0x865d, 0x865d, 0x865d, 0x865d, 0x865d, 0x865d, 0x865d, 0x865d, 0x865d, 0x865d, 0x865d, 0x865d, 0x865d, 0x865d, 0x865d,
0x865d, 0x865d, 0x865d, 0x865d, 0x865d, 0x865d, 0x865d, 0x865d, 0x865d, 0x865d, 0x865d, 0x865d, 0x865d, 0x865d, 0x865d, 0x865d,
0x865d, 0x865d, 0x865d, 0x865d, 0x865d, 0x865d, 0x865d, 0x865d, 0x865d, 0x865d, 0x865d, 0x865d, 0x865d, 0x865d, 0x865d, 0x865d,
0x865d, 0x865d, 0x865d, 0x865d, 0x865d, 0x865d, 0x865d, 0x865d, 0x865d, 0x865d, 0x865d, 0x865d, 0x865d, 0x865d, 0x865d, 0x865d,
0x865d, 0x865d, 0x865d, 0x865d, 0x865d, 0x865d, 0x865d, 0x865d, 0x865d, 0x865d, 0x865d, 0x865d, 0x865d, 0x865d, 0x865d, 0x865d,
0x865d, 0x865d, 0x865d, 0x865d, 0x865d, 0x865d, 0x865d, 0x865d, 0x865d, 0x865d, 0x865d, 0x865d, 0x865d, 0x865d, 0x865d, 0x865d,
0x865d, 0x865d, 0x865d, 0x865d, 0x865d, 0x865d, 0x865d, 0x865d, 0x865d, 0x865d, 0x865d, 0x865d, 0x865d, 0x865d, 0x865d, 0x865d,
0x865d, 0x865d, 0x865d, 0x865d, 0x865d, 0x865d, 0x865d, 0x865d, 0x865d, 0x865d, 0x865d, 0x865d, 0x865d, 0x865d, 0x865d, 0x865d,
0x865d, 0x865d, 0x865d, 0x865d, 0x865d, 0x865d, 0x865d, 0x865d, 0x865d, 0x865d, 0x865d, 0x865d, 0x865d, 0x865d, 0x865d, 0x865d,
0x865d, 0x865d, 0x865d, 0x865d, 0x865d, 0x865d, 0x865d, 0x865d, 0x865d, 0x865d, 0x865d, 0x865d, 0x865d, 0x865d, 0x865d, 0x865d,
0x865d, 0x865d, 0x865d, 0x865d, 0x865d, 0x865d, 0x865d, 0x865d, 0x865d, 0x865d, 0x865d, 0x865d, 0x865d, 0x865d, 0x865d, 0x865d,
0x865d, 0x865d, 0x865d, 0x865d, 0x865d, 0x865d, 0x865d, 0x865d, 0x865d, 0x865d, 0x865d, 0x865d, 0x865d, 0x865d, 0x865d, 0x865d,
0x865d, 0x865d, 0x865d, 0x865d, 0x865d, 0x865d, 0x865d, 0x865d, 0x865d, 0x865d, 0x865d, 0x865d, 0x865d, 0x865d, 0x865d, 0x865d,
0x865d, 0x865d, 0x865d, 0x865d, 0x865d, 0x865d, 0x865d, 0x865d, 0x865d, 0x865d, 0x865d, 0x865d, 0x865d, 0x865d, 0x865d, 0x865d,
0x865d, 0x865d, 0x865d, 0x865d, 0x865d, 0x865d, 0x865d, 0x865d, 0x865d, 0x865d, 0x865d, 0x865d, 0x865d, 0x865d, 0x865d, 0x865d,
0x865d, 0x865d, 0x865d, 0x865d, 0x865d, 0x865d, 0x865d, 0x865d, 0x865d, 0x865d, 0x865d, 0x865d, 0x865d, 0x865d, 0x865d, 0x865d,
0x865d, 0x865d, 0x865d, 0x865d, 0x865d, 0x865d, 0x865d, 0x865d, 0x865d, 0x865d, 0x865d, 0x865d, 0x865d, 0x865d, 0x865d, 0x865d,
0x865d, 0x865d, 0x865d, 0x865d, 0x865d, 0x865d, 0x865d, 0x865d, 0x865d, 0x865d, 0x865d, 0x865d, 0x865d, 0x865d, 0x865d, 0x865d,
0x865d, 0x865d, 0x865d, 0x865d, 0x865d, 0x865d, 0x865d, 0x865d, 0x865d, 0x865d, 0x865d, 0x865d, 0x865d, 0x865d, 0x865d, 0x865d,
0x865d, 0x865d, 0x865d, 0x865d, 0x865d, 0x865d, 0x865d, 0x865d, 0x865d, 0x865d, 0x865d, 0x865d, 0x865d, 0x865d, 0x865d, 0x865d,
0x865d, 0x865d, 0x865d, 0x865d, 0x865d, 0x865d, 0x865d, 0x865d, 0x865d, 0x865d, 0x865d, 0x865d, 0x865d, 0x865d, 0x865d, 0x865d,
0x865d, 0x865d, 0x865d, 0x865d, 0x865d, 0x865d, 0x865d, 0x865d, 0x865d, 0x865d, 0x865d, 0x865d, 0x865d, 0x865d, 0x865d, 0x865d,
0x865d, 0x865d, 0x865d, 0x865d, 0x865d, 0x865d, 0x865d, 0x865d, 0x865d, 0x865d, 0x865d, 0x865d, 0x865d, 0x865d, 0x865d, 0x865d,
0x865d, 0x865d, 0x865d, 0x865d, 0x865d, 0x865d, 0x865d, 0x865d, 0x865d, 0x865d, 0x865d, 0x865d, 0x865d, 0x865d, 0x865d, 0x865d,
0x865d, 0x865d, 0x865d, 0x865d, 0x865d, 0x865d, 0x865d, 0x865d, 0x865d, 0x865d, 0x865d, 0x865d, 0x865d, 0x865d, 0x865d, 0x865d,
0x865d, 0x865d, 0x865d, 0x865d, 0x865d, 0x865d, 0x865d, 0x865d, 0x865d, 0x865d, 0x865d, 0x865d, 0x865d, 0x865d, 0x865d, 0x865d,

/* -51- */
0x865d, 0x865d, 0x865d, 0x865d, 0x865d, 0x865d, 0x865d, 0x865d, 0x865d, 0x865d, 0x865d, 0x865d, 0x865d, 0x865d, 0x865d, 0x865d,
0x865d, 0x865d, 0x865d, 0x865d, 0x865d, 0x865d, 0x865d, 0x865d, 0x865d, 0x865d, 0x865d, 0x865d, 0x865d, 0x865d, 0x865d, 0x865d,
0x865d, 0x865d, 0x865d, 0x865d, 0x865d, 0x865d, 0x865d, 0x865d, 0x865d, 0x865d, 0x865d, 0x865d, 0x865d, 0x865d, 0x865d, 0x865d,
0x865d, 0x865d, 0x865d, 0x865d, 0x865d, 0x865d, 0x865d, 0x865d, 0x865d, 0x865d, 0x865d, 0x865d, 0x865d, 0x865d, 0x865d, 0x865d,
0x865d, 0x865d, 0x865d, 0x865d, 0x865d, 0x865d, 0x865d, 0x865d, 0x865d, 0x865d, 0x865d, 0x865d, 0x865d, 0x865d, 0x865d, 0x865d,
0x865d, 0x865d, 0x865d, 0x865d, 0x865d, 0x865d, 0x865d, 0x865d, 0x865d, 0x865d, 0x865d, 0x865d, 0x865d, 0x865d, 0x865d, 0x865d,
0x865d, 0x865d, 0x865d, 0x865d, 0x865d, 0x865d, 0x865d, 0x865d, 0x865d, 0x865d, 0x865d, 0x865d, 0x865d, 0x865d, 0x865d, 0x865d,
0x865d, 0x865d, 0x865d, 0x865d, 0x865d, 0x865d, 0x865d, 0x865d, 0x865d, 0x865d, 0x865d, 0x865d, 0x865d, 0x865d, 0x865d, 0x865d,
0x865d, 0x865d, 0x865d, 0x865d, 0x865d, 0x865d, 0x865d, 0x865d, 0x865d, 0x865d, 0x865d, 0x865d, 0x865d, 0x865d, 0x865d, 0x865d,
0x865d, 0x865d, 0x865d, 0x865d, 0x865d, 0x865d, 0x865d, 0x865d, 0x865d, 0x865d, 0x865d, 0x865d, 0x865d, 0x865d, 0x865d, 0x865d,
0x865d, 0x865d, 0x865d, 0x865d, 0x865d, 0x865d, 0x865d, 0x865d, 0x865d, 0x865d, 0x865d, 0x865d, 0x865d, 0x865d, 0x865d, 0x865d,
0x865d, 0x865d, 0x865d, 0x865d, 0x865d, 0x865d, 0x865d, 0x865d, 0x865d, 0x865d, 0x865d, 0x865d, 0x865d, 0x865d, 0x865d, 0x865d,
0x865d, 0x865d, 0x865d, 0x865d, 0x865d, 0x865d, 0x865d, 0x865d, 0x865d, 0x865d, 0x865d, 0x865d, 0x865d, 0x865d, 0x865d, 0x865d,
0x865d, 0x865d, 0x865d, 0x865d, 0x865d, 0x865d, 0x865d, 0x865d, 0x865d, 0x865d, 0x865d, 0x865d, 0x865d, 0x865d, 0x865d, 0x865d,
0x865d, 0x865d, 0x865d, 0x865d, 0x865d, 0x865d, 0x865d, 0x865d, 0x865d, 0x865d, 0x865d, 0x865d, 0x865d, 0x865d, 0x865d, 0x865d,
0x865d, 0x865d, 0x865d, 0x865d, 0x865d, 0x865d, 0x865d, 0x865d, 0x865d, 0x865d, 0x865d, 0x865d, 0x865d, 0x865d, 0x865d, 0x865d,
0x865d, 0x865d, 0x865d, 0x865d, 0x865d, 0x865d, 0x865d, 0x865d, 0x865d, 0x865d, 0x865d, 0x865d, 0x865d, 0x865d, 0x865d, 0x865d,
0x865d, 0x865d, 0x865d, 0x865d, 0x865d, 0x865d, 0x865d, 0x865d, 0x865d, 0x865d, 0x865d, 0x865d, 0x865d, 0x865d, 0x865d, 0x865d,
0x865d, 0x865d, 0x865d, 0x865d, 0x865d, 0x865d, 0x865d, 0x865d, 0x865d, 0x865d, 0x865d, 0x865d, 0x865d, 0x865d, 0x865d, 0x865d,
0x865d, 0x865d, 0x865d, 0x865d, 0x865d, 0x865d, 0x865d, 0x865d, 0x865d, 0x865d, 0x865d, 0x865d, 0x865d, 0x865d, 0x865d, 0x865d,
0x865d, 0x865d, 0x865d, 0x865d, 0x865d, 0x865d, 0x865d, 0x865d, 0x865d, 0x865d, 0x865d, 0x865d, 0x865d, 0x865d, 0x865d, 0x865d,
0x865d, 0x865d, 0x865d, 0x865d, 0x865d, 0x865d, 0x865d, 0x865d, 0x865d, 0x865d, 0x865d, 0x865d, 0x865d, 0x865d, 0x865d, 0x865d,
0x865d, 0x865d, 0x865d, 0x865d, 0x865d, 0x865d, 0x865d, 0x865d, 0x865d, 0x865d, 0x865d, 0x865d, 0x865d, 0x865d, 0x865d, 0x865d,
0x865d, 0x865d, 0x865d, 0x865d, 0x865d, 0x865d, 0x865d, 0x865d, 0x865d, 0x865d, 0x865d, 0x865d, 0x865d, 0x865d, 0x865d, 0x865d,
0x865d, 0x865d, 0x865d, 0x865d, 0x865d, 0x865d, 0x865d, 0x865d, 0x865d, 0x865d, 0x865d, 0x865d, 0x865d, 0x865d, 0x865d, 0x865d,
0x865d, 0x865d, 0x865d, 0x865d, 0x865d, 0x865d, 0xaf3c, 0xbf5e, 0xc73e, 0xc73e, 0xc73e, 0xc73f, 0xc73e, 0xc73e, 0xc75e, 0xc73e,
0xc73e, 0xcf3e, 0xcf5e, 0xcf5e, 0xbf3e, 0xbf3e, 0xc73e, 0xcf5e, 0xc73e, 0xc73e, 0xc73e, 0xc73e, 0xbf3e, 0xbf1e, 0xc73e, 0xcf5f,
0xc73e, 0xc73e, 0xaefe, 0xa6de, 0x9ede, 0x9ede, 0xa6fe, 0xb71e, 0xcf5e, 0xc73e, 0xb71e, 0xaefe, 0xaefe, 0x9ede, 0x9ede, 0xaf1e,
0xc73e, 0xc75e, 0xc73e, 0xcf5e, 0xc75e, 0xc73e, 0xc73e, 0xc73e, 0xc73e, 0xc73e, 0xc73e, 0xb71d, 0x865d, 0x865d, 0x865d, 0x865d,
0x865d, 0x865d, 0x865d, 0x865d, 0x865d, 0x865d, 0x865d, 0x865d, 0x865d, 0x865d, 0x865d, 0x865d, 0x865d, 0x865d, 0x865d, 0x865d,
0x865d, 0x865d, 0x865d, 0x865d, 0x865d, 0x865d, 0x865d, 0x865d, 0x865d, 0x865d, 0x865d, 0x865d, 0x865d, 0x865d, 0x865d, 0x865d,
0x865d, 0x865d, 0x865d, 0x865d, 0x865d, 0x865d, 0x865d, 0x865d, 0x865d, 0x865d, 0x865d, 0x865d, 0x865d, 0x865d, 0x865d, 0x865d,
0x865d, 0x865d, 0x865d, 0x867d, 0x96bd, 0xcf7e, 0xd77f, 0xbf1e, 0xbf3f, 0xcf5f, 0xbf3f, 0xb71f, 0xbf3f, 0xc73f, 0xd77f, 0xd77f,
0xd77f, 0xcf5f, 0xaeff, 0xc75f, 0xd77f, 0xd77f, 0xaf1f, 0xc75f, 0xd77f, 0xd77f, 0xd77f, 0xd77f, 0xd77f, 0xbf3f, 0xbf3f, 0xd77f,
0xd77e, 0xd77f, 0xd75e, 0xd77f, 0xa6fd, 0x969e, 0x865d, 0x865d, 0x865d, 0x865d, 0x865d, 0x865d, 0x865d, 0x865d, 0x865d, 0x865d,
0x865d, 0x865d, 0x865d, 0x865d, 0x865d, 0x865d, 0x865d, 0x9ede, 0xb71e, 0xd77f, 0xd77f, 0xd75e, 0xd75e, 0xd77f, 0xd77f, 0xd77f,
0xd77e, 0xcf5f, 0xc73f, 0xcf5e, 0xd75e, 0xcf5f, 0xd77f, 0xd77f, 0xd77f, 0xd77f, 0xcf5f, 0xc75f, 0xbf3f, 0xa6ff, 0xa6ff, 0xa6ff,
0xaeff, 0xbf3f, 0xd77f, 0xd77f, 0xd77f, 0xd77e, 0xd77e, 0xcf5f, 0xc73f, 0xcf5f, 0xd75e, 0xd75e, 0xd75f, 0xd75f, 0xd75e, 0xd75e,
0xd75e, 0xd77e, 0xd77f, 0xaf1c, 0x9ebd, 0x865d, 0x865d, 0x865d, 0x865d, 0x865d, 0x865d, 0x865d, 0x865d, 0x865d, 0x865d, 0x865d,
0x865d, 0x865d, 0x865d, 0x865d, 0x865d, 0x865d, 0x865d, 0x865d, 0x865d, 0x865d, 0x865d, 0x865d, 0x865d, 0x865d, 0x865d, 0x865d,
0x865d, 0x865d, 0x865d, 0x865d, 0x865d, 0x865d, 0x865d, 0x865d, 0x865d, 0x865d, 0x865d, 0x865d, 0x865d, 0x865d, 0x865d, 0x865d,
0x865d, 0x865d, 0x865d, 0x865d, 0x865d, 0x865d, 0x865d, 0x865d, 0x865d, 0x865d, 0x865d, 0x865d, 0x865d, 0x865d, 0x865d, 0x865d,
0x865d, 0x865d, 0x865d, 0x865d, 0x865d, 0x865d, 0x865d, 0x865d, 0x865d, 0x865d, 0x865d, 0x865d, 0x865d, 0x865d, 0x865d, 0x865d,
0x865d, 0x865d, 0x865d, 0x865d, 0x865d, 0x865d, 0x865d, 0x865d, 0x865d, 0x865d, 0x865d, 0x865d, 0x865d, 0x865d, 0x865d, 0x865d,
0x865d, 0x865d, 0x865d, 0x865d, 0x865d, 0x865d, 0x865d, 0x865d, 0x865d, 0x865d, 0x865d, 0x865d, 0x865d, 0x865d, 0x865d, 0x865d,
0x865d, 0x865d, 0x865d, 0x865d, 0x865d, 0x865d, 0x865d, 0x865d, 0x865d, 0x865d, 0x865d, 0x865d, 0x865d, 0x865d, 0x865d, 0x865d,
0x865d, 0x865d, 0x865d, 0x865d, 0x865d, 0x865d, 0x865d, 0x865d, 0x865d, 0x865d, 0x865d, 0x865d, 0x865d, 0x865d, 0x865d, 0x865d,
0x865d, 0x865d, 0x865d, 0x865d, 0x865d, 0x865d, 0x865d, 0x865d, 0x865d, 0x865d, 0x865d, 0x865d, 0x865d, 0x865d, 0x865d, 0x865d,
0x865d, 0x865d, 0x865d, 0x865d, 0x865d, 0x865d, 0x865d, 0x865d, 0x865d, 0x865d, 0x865d, 0x865d, 0x865d, 0x865d, 0x865d, 0x865d,
0x865d, 0x865d, 0x865d, 0x865d, 0x865d, 0x865d, 0x865d, 0x865d, 0x865d, 0x865d, 0x865d, 0x865d, 0x865d, 0x865d, 0x865d, 0x865d,
0x865d, 0x865d, 0x865d, 0x865d, 0x865d, 0x865d, 0x865d, 0x865d, 0x865d, 0x865d, 0x865d, 0x865d, 0x865d, 0x865d, 0x865d, 0x865d,
0x865d, 0x865d, 0x865d, 0x865d, 0x865d, 0x865d, 0x865d, 0x865d, 0x865d, 0x865d, 0x865d, 0x865d, 0x865d, 0x865d, 0x865d, 0x865d,
0x865d, 0x865d, 0x865d, 0x865d, 0x865d, 0x865d, 0x865d, 0x865d, 0x865d, 0x865d, 0x865d, 0x865d, 0x865d, 0x865d, 0x865d, 0x865d,
0x865d, 0x865d, 0x865d, 0x865d, 0x865d, 0x865d, 0x865d, 0x865d, 0x865d, 0x865d, 0x865d, 0x865d, 0x865d, 0x865d, 0x865d, 0x865d,
0x865d, 0x865d, 0x865d, 0x865d, 0x865d, 0x865d, 0x865d, 0x865d, 0x865d, 0x865d, 0x865d, 0x865d, 0x865d, 0x865d, 0x865d, 0x865d,
0x865d, 0x865d, 0x865d, 0x865d, 0x865d, 0x865d, 0x865d, 0x865d, 0x865d, 0x865d, 0x865d, 0x865d, 0x865d, 0x865d, 0x865d, 0x865d,
0x865d, 0x865d, 0x865d, 0x865d, 0x865d, 0x865d, 0x865d, 0x865d, 0x865d, 0x865d, 0x865d, 0x865d, 0x865d, 0x865d, 0x865d, 0x865d,
0x865d, 0x865d, 0x865d, 0x865d, 0x865d, 0x865d, 0x865d, 0x865d, 0x865d, 0x865d, 0x865d, 0x865d, 0x865d, 0x865d, 0x865d, 0x865d,
0x865d, 0x865d, 0x865d, 0x865d, 0x865d, 0x865d, 0x865d, 0x865d, 0x865d, 0x865d, 0x865d, 0x865d, 0x865d, 0x865d, 0x865d, 0x865d,
0x865d, 0x865d, 0x865d, 0x865d, 0x865d, 0x865d, 0x865d, 0x865d, 0x865d, 0x865d, 0x865d, 0x865d, 0x865d, 0x865d, 0x865d, 0x865d,
0x865d, 0x865d, 0x865d, 0x865d, 0x865d, 0x865d, 0x865d, 0x865d, 0x865d, 0x865d, 0x865d, 0x865d, 0x865d, 0x865d, 0x865d, 0x865d,
0x865d, 0x865d, 0x865d, 0x865d, 0x865d, 0x865d, 0x865d, 0x865d, 0x865d, 0x865d, 0x865d, 0x865d, 0x865d, 0x865d, 0x865d, 0x865d,
0x865d, 0x865d, 0x865d, 0x865d, 0x865d, 0x865d, 0x865d, 0x865d, 0x865d, 0x865d, 0x865d, 0x865d, 0x865d, 0x865d, 0x865d, 0x865d,
0x865d, 0x865d, 0x865d, 0x865d, 0x865d, 0x865d, 0x865d, 0x865d, 0x865d, 0x865d, 0x865d, 0x865d, 0x865d, 0x865d, 0x865d, 0x865d,
0x865d, 0x865d, 0x865d, 0x865d, 0x865d, 0x865d, 0x865d, 0x865d, 0x865d, 0x865d, 0x865d, 0x865d, 0x865d, 0x865d, 0x865d, 0x865d,

/* -52- */
0x865d, 0x865d, 0x865d, 0x865d, 0x865d, 0x865d, 0x865d, 0x865d, 0x865d, 0x865d, 0x865d, 0x865d, 0x865d, 0x865d, 0x865d, 0x865d,
0x865d, 0x865d, 0x865d, 0x865d, 0x865d, 0x865d, 0x865d, 0x865d, 0x865d, 0x865d, 0x865d, 0x865d, 0x865d, 0x865d, 0x865d, 0x865d,
0x865d, 0x865d, 0x865d, 0x865d, 0x865d, 0x865d, 0x865d, 0x865d, 0x865d, 0x865d, 0x865d, 0x865d, 0x865d, 0x865d, 0x865d, 0x865d,
0x865d, 0x865d, 0x865d, 0x865d, 0x865d, 0x865d, 0x865d, 0x865d, 0x865d, 0x865d, 0x865d, 0x865d, 0x865d, 0x865d, 0x865d, 0x865d,
0x865d, 0x865d, 0x865d, 0x865d, 0x865d, 0x865d, 0x865d, 0x865d, 0x865d, 0x865d, 0x865d, 0x865d, 0x865d, 0x865d, 0x865d, 0x865d,
0x865d, 0x865d, 0x865d, 0x865d, 0x865d, 0x865d, 0x865d, 0x865d, 0x865d, 0x865d, 0x865d, 0x865d, 0x865d, 0x865d, 0x865d, 0x865d,
0x865d, 0x865d, 0x865d, 0x865d, 0x865d, 0x865d, 0x865d, 0x865d, 0x865d, 0x865d, 0x865d, 0x865d, 0x865d, 0x865d, 0x865d, 0x865d,
0x865d, 0x865d, 0x865d, 0x865d, 0x865d, 0x865d, 0x865d, 0x865d, 0x865d, 0x865d, 0x865d, 0x865d, 0x865d, 0x865d, 0x865d, 0x865d,
0x865d, 0x865d, 0x865d, 0x865d, 0x865d, 0x865d, 0x865d, 0x865d, 0x865d, 0x865d, 0x865d, 0x865d, 0x865d, 0x865d, 0x865d, 0x865d,
0x865d, 0x865d, 0x865d, 0x865d, 0x865d, 0x865d, 0x865d, 0x865d, 0x865d, 0x865d, 0x865d, 0x865d, 0x865d, 0x865d, 0x865d, 0x865d,
0x865d, 0x865d, 0x865d, 0x865d, 0x865d, 0x865d, 0x865d, 0x865d, 0x865d, 0x865d, 0x865d, 0x865d, 0x865d, 0x865d, 0x865d, 0x865d,
0x865d, 0x865d, 0x865d, 0x865d, 0x865d, 0x865d, 0x865d, 0x865d, 0x865d, 0x865d, 0x865d, 0x865d, 0x865d, 0x865d, 0x865d, 0x865d,
0x865d, 0x865d, 0x865d, 0x865d, 0x865d, 0x865d, 0x865d, 0x865d, 0x865d, 0x865d, 0x865d, 0x865d, 0x865d, 0x865d, 0x865d, 0x865d,
0x865d, 0x865d, 0x865d, 0x865d, 0x865d, 0x865d, 0x865d, 0x865d, 0x865d, 0x865d, 0x865d, 0x865d, 0x865d, 0x865d, 0x865d, 0x865d,
0x865d, 0x865d, 0x865d, 0x865d, 0x865d, 0x865d, 0x865d, 0x865d, 0x865d, 0x865d, 0x865d, 0x865d, 0x865d, 0x865d, 0x865d, 0x865d,
0x865d, 0x865d, 0x865d, 0x865d, 0x865d, 0x865d, 0x865d, 0x865d, 0x865d, 0x865d, 0x865d, 0x865d, 0x865d, 0x865d, 0x865d, 0x865d,
0x865d, 0x865d, 0x865d, 0x865d, 0x865d, 0x865d, 0x865d, 0x865d, 0x865d, 0x865d, 0x865d, 0x865d, 0x865d, 0x865d, 0x865d, 0x865d,
0x865d, 0x865d, 0x865d, 0x865d, 0x865d, 0x865d, 0x865d, 0x865d, 0x865d, 0x865d, 0x865d, 0x865d, 0x865d, 0x865d, 0x865d, 0x865d,
0x865d, 0x865d, 0x865d, 0x865d, 0x865d, 0x865d, 0x865d, 0x865d, 0x865d, 0x865d, 0x865d, 0x865d, 0x865d, 0x865d, 0x865d, 0x865d,
0x865d, 0x865d, 0x865d, 0x865d, 0x865d, 0x865d, 0x865d, 0x865d, 0x865d, 0x865d, 0x865d, 0x865d, 0x865d, 0x865d, 0x865d, 0x865d,
0x865d, 0x865d, 0x865d, 0x865d, 0x865d, 0x865d, 0x865d, 0x865d, 0x865d, 0x865d, 0x865d, 0x865d, 0x865d, 0x865d, 0x865d, 0x865d,
0x865d, 0x865d, 0x865d, 0x865d, 0x865d, 0x865d, 0x865d, 0x865d, 0x865d, 0x865d, 0x865d, 0x865d, 0x865d, 0x865d, 0x865d, 0x865d,
0x865d, 0x865d, 0x865d, 0x865d, 0x865d, 0x865d, 0x865d, 0x865d, 0x865d, 0x865d, 0x865d, 0x865d, 0x865d, 0x865d, 0x865d, 0x865d,
0x865d, 0x865d, 0x865d, 0x865d, 0x865d, 0x865d, 0x865d, 0x865d, 0x865d, 0x865d, 0x865d, 0x865d, 0x865d, 0x865d, 0x865d, 0x865d,
0x865d, 0x865d, 0x865d, 0x865d, 0x865d, 0x865d, 0x865d, 0x865d, 0x865d, 0x865d, 0x865d, 0x865d, 0x865d, 0x865d, 0x865d, 0x865d,
0x865d, 0x865d, 0x865d, 0x865d, 0x865d, 0x865d, 0x8e7d, 0x8edd, 0xaf3f, 0xc75f, 0xc75f, 0xaf1f, 0xaeff, 0xaefe, 0xb71e, 0xb71e,
0xa6de, 0xc73e, 0xc73e, 0xc73e, 0xa6fe, 0xa6de, 0xbf1e, 0xcf5e, 0xcf5e, 0xcf5f, 0xcf5e, 0xbf3e, 0xa6de, 0xa6de, 0xb71e, 0xc73e,
0xc73e, 0xc73e, 0xb71e, 0xa6de, 0x9ede, 0x9ede, 0x96de, 0xa6fe, 0xc73e, 0xb71e, 0xa6de, 0x96be, 0x96be, 0x9ede, 0x9ede, 0x9ede,
0xa6de, 0xbf3f, 0xbf3e, 0xc73e, 0xb71e, 0xa6de, 0xa6ff, 0xa71f, 0xa71f, 0xaf3f, 0x9edd, 0x867d, 0x865d, 0x865d, 0x865d, 0x865d,
0x865d, 0x865d, 0x865d, 0x865d, 0x865d, 0x865d, 0x865d, 0x865d, 0x865d, 0x865d, 0x865d, 0x865d, 0x865d, 0x865d, 0x865d, 0x865d,
0x865d, 0x865d, 0x865d, 0x865d, 0x865d, 0x865d, 0x865d, 0x865d, 0x865d, 0x865d, 0x865d, 0x865d, 0x865d, 0x865d, 0x865d, 0x865d,
0x865d, 0x865d, 0x865d, 0x865d, 0x865d, 0x865d, 0x865d, 0x865d, 0x865d, 0x865d, 0x865d, 0x865d, 0x865d, 0x865d, 0x865d, 0x865d,
0x865d, 0x865d, 0x865d, 0xbf5d, 0xd77f, 0xcf5f, 0xcf5e, 0xd77f, 0xc73e, 0xb71f, 0xaeff, 0xa6ff, 0xbf3f, 0xd77f, 0xd77f, 0xd77f,
0xd77f, 0xd77f, 0xc73f, 0xaf1f, 0xbf3f, 0xb71f, 0x9edf, 0xb73f, 0xc75f, 0xcf5f, 0xc75f, 0xcf5f, 0xc75f, 0xaefe, 0xb71f, 0xd77f,
0xd77f, 0xd75e, 0xc75f, 0xc73f, 0xcf7f, 0xd77f, 0xb71e, 0x9ebd, 0x865d, 0x865d, 0x865d, 0x865d, 0x865d, 0x865d, 0x865d, 0x865d,
0x865d, 0x865d, 0x865d, 0x865d, 0x865d, 0x865d, 0x865d, 0xd77f, 0xd77f, 0xd75e, 0xd75e, 0xd75e, 0xd75e, 0xd77f, 0xd77f, 0xd77f,
0xd77e, 0xbf3e, 0xaeff, 0xc75f, 0xd77f, 0xd77f, 0xd77f, 0xd77f, 0xd77f, 0xd77f, 0xd77f, 0xd77f, 0xc75f, 0xa6ff, 0xa6df, 0x9edf,
0xa6ff, 0xb71f, 0xd77f, 0xd77f, 0xd77f, 0xd77f, 0xd77f, 0xcf5f, 0xaf1f, 0xbf3e, 0xd77e, 0xd75e, 0xd77f, 0xd77f, 0xd75e, 0xd75e,
0xd75f, 0xd75f, 0xd75f, 0xd77f, 0xd77f, 0x865d, 0x865d, 0x865d, 0x865d, 0x865d, 0x865d, 0x865d, 0x865d, 0x865d, 0x865d, 0x865d,
0x865d, 0x865d, 0x865d, 0x865d, 0x865d, 0x865d, 0x865d, 0x865d, 0x865d, 0x865d, 0x865d, 0x865d, 0x865d, 0x865d, 0x865d, 0x865d,
0x865d, 0x865d, 0x865d, 0x865d, 0x865d, 0x865d, 0x865d, 0x865d, 0x865d, 0x865d, 0x865d, 0x865d, 0x865d, 0x865d, 0x865d, 0x865d,
0x865d, 0x865d, 0x865d, 0x865d, 0x865d, 0x865d, 0x865d, 0x865d, 0x865d, 0x865d, 0x865d, 0x865d, 0x865d, 0x865d, 0x865d, 0x865d,
0x865d, 0x865d, 0x865d, 0x865d, 0x865d, 0x865d, 0x865d, 0x865d, 0x865d, 0x865d, 0x865d, 0x865d, 0x865d, 0x865d, 0x865d, 0x865d,
0x865d, 0x865d, 0x865d, 0x865d, 0x865d, 0x865d, 0x865d, 0x865d, 0x865d, 0x865d, 0x865d, 0x865d, 0x865d, 0x865d, 0x865d, 0x865d,
0x865d, 0x865d, 0x865d, 0x865d, 0x865d, 0x865d, 0x865d, 0x865d, 0x865d, 0x865d, 0x865d, 0x865d, 0x865d, 0x865d, 0x865d, 0x865d,
0x865d, 0x865d, 0x865d, 0x865d, 0x865d, 0x865d, 0x865d, 0x865d, 0x865d, 0x865d, 0x865d, 0x865d, 0x865d, 0x865d, 0x865d, 0x865d,
0x865d, 0x865d, 0x865d, 0x865d, 0x865d, 0x865d, 0x865d, 0x865d, 0x865d, 0x865d, 0x865d, 0x865d, 0x865d, 0x865d, 0x865d, 0x865d,
0x865d, 0x865d, 0x865d, 0x865d, 0x865d, 0x865d, 0x865d, 0x865d, 0x865d, 0x865d, 0x865d, 0x865d, 0x865d, 0x865d, 0x865d, 0x865d,
0x865d, 0x865d, 0x865d, 0x865d, 0x865d, 0x865d, 0x865d, 0x865d, 0x865d, 0x865d, 0x865d, 0x865d, 0x865d, 0x865d, 0x865d, 0x865d,
0x865d, 0x865d, 0x865d, 0x865d, 0x865d, 0x865d, 0x865d, 0x865d, 0x865d, 0x865d, 0x865d, 0x865d, 0x865d, 0x865d, 0x865d, 0x865d,
0x865d, 0x865d, 0x865d, 0x865d, 0x865d, 0x865d, 0x865d, 0x865d, 0x865d, 0x865d, 0x865d, 0x865d, 0x865d, 0x865d, 0x865d, 0x865d,
0x865d, 0x865d, 0x865d, 0x865d, 0x865d, 0x865d, 0x865d, 0x865d, 0x865d, 0x865d, 0x865d, 0x865d, 0x865d, 0x865d, 0x865d, 0x865d,
0x865d, 0x865d, 0x865d, 0x865d, 0x865d, 0x865d, 0x865d, 0x865d, 0x865d, 0x865d, 0x865d, 0x865d, 0x865d, 0x865d, 0x865d, 0x865d,
0x865d, 0x865d, 0x865d, 0x865d, 0x865d, 0x865d, 0x865d, 0x865d, 0x865d, 0x865d, 0x865d, 0x865d, 0x865d, 0x865d, 0x865d, 0x865d,
0x865d, 0x865d, 0x865d, 0x865d, 0x865d, 0x865d, 0x865d, 0x865d, 0x865d, 0x865d, 0x865d, 0x865d, 0x865d, 0x865d, 0x865d, 0x865d,
0x865d, 0x865d, 0x865d, 0x865d, 0x865d, 0x865d, 0x865d, 0x865d, 0x865d, 0x865d, 0x865d, 0x865d, 0x865d, 0x865d, 0x865d, 0x865d,
0x865d, 0x865d, 0x865d, 0x865d, 0x865d, 0x865d, 0x865d, 0x865d, 0x865d, 0x865d, 0x865d, 0x865d, 0x865d, 0x865d, 0x865d, 0x865d,
0x865d, 0x865d, 0x865d, 0x865d, 0x865d, 0x865d, 0x865d, 0x865d, 0x865d, 0x865d, 0x865d, 0x865d, 0x865d, 0x865d, 0x865d, 0x865d,
0x865d, 0x865d, 0x865d, 0x865d, 0x865d, 0x865d, 0x865d, 0x865d, 0x865d, 0x865d, 0x865d, 0x865d, 0x865d, 0x865d, 0x865d, 0x865d,
0x865d, 0x865d, 0x865d, 0x865d, 0x865d, 0x865d, 0x865d, 0x865d, 0x865d, 0x865d, 0x865d, 0x865d, 0x865d, 0x865d, 0x865d, 0x865d,
0x865d, 0x865d, 0x865d, 0x865d, 0x865d, 0x865d, 0x865d, 0x865d, 0x865d, 0x865d, 0x865d, 0x865d, 0x865d, 0x865d, 0x865d, 0x865d,
0x865d, 0x865d, 0x865d, 0x865d, 0x865d, 0x865d, 0x865d, 0x865d, 0x865d, 0x865d, 0x865d, 0x865d, 0x865d, 0x865d, 0x865d, 0x865d,
0x865d, 0x865d, 0x865d, 0x865d, 0x865d, 0x865d, 0x865d, 0x865d, 0x865d, 0x865d, 0x865d, 0x865d, 0x865d, 0x865d, 0x865d, 0x865d,
0x865d, 0x865d, 0x865d, 0x865d, 0x865d, 0x865d, 0x865d, 0x865d, 0x865d, 0x865d, 0x865d, 0x865d, 0x865d, 0x865d, 0x865d, 0x865d,
0x865d, 0x865d, 0x865d, 0x865d, 0x865d, 0x865d, 0x865d, 0x865d, 0x865d, 0x865d, 0x865d, 0x865d, 0x865d, 0x865d, 0x865d, 0x865d,

/* -53- */
0x865d, 0x865d, 0x865d, 0x865d, 0x865d, 0x865d, 0x865d, 0x865d, 0x865d, 0x865d, 0x865d, 0x865d, 0x865d, 0x865d, 0x865d, 0x865d,
0x865d, 0x865d, 0x865d, 0x865d, 0x865d, 0x865d, 0x865d, 0x865d, 0x865d, 0x865d, 0x865d, 0x865d, 0x865d, 0x865d, 0x865d, 0x865d,
0x865d, 0x865d, 0x865d, 0x865d, 0x865d, 0x865d, 0x865d, 0x865d, 0x865d, 0x865d, 0x865d, 0x865d, 0x865d, 0x865d, 0x865d, 0x865d,
0x865d, 0x865d, 0x865d, 0x865d, 0x865d, 0x865d, 0x865d, 0x865d, 0x865d, 0x865d, 0x865d, 0x865d, 0x865d, 0x865d, 0x865d, 0x865d,
0x865d, 0x865d, 0x865d, 0x865d, 0x865d, 0x865d, 0x865d, 0x865d, 0x865d, 0x865d, 0x865d, 0x865d, 0x865d, 0x865d, 0x865d, 0x865d,
0x865d, 0x865d, 0x865d, 0x865d, 0x865d, 0x865d, 0x865d, 0x865d, 0x865d, 0x865d, 0x865d, 0x865d, 0x865d, 0x865d, 0x865d, 0x865d,
0x865d, 0x865d, 0x865d, 0x865d, 0x865d, 0x865d, 0x865d, 0x865d, 0x865d, 0x865d, 0x865d, 0x865d, 0x865d, 0x865d, 0x865d, 0x865d,
0x865d, 0x865d, 0x865d, 0x865d, 0x865d, 0x865d, 0x865d, 0x865d, 0x865d, 0x865d, 0x865d, 0x865d, 0x865d, 0x865d, 0x865d, 0x865d,
0x865d, 0x865d, 0x865d, 0x865d, 0x865d, 0x865d, 0x865d, 0x865d, 0x865d, 0x865d, 0x865d, 0x865d, 0x865d, 0x865d, 0x865d, 0x865d,
0x865d, 0x865d, 0x865d, 0x865d, 0x865d, 0x865d, 0x865d, 0x865d, 0x865d, 0x865d, 0x865d, 0x865d, 0x865d, 0x865d, 0x865d, 0x865d,
0x865d, 0x865d, 0x865d, 0x865d, 0x865d, 0x865d, 0x865d, 0x865d, 0x865d, 0x865d, 0x865d, 0x865d, 0x865d, 0x865d, 0x865d, 0x865d,
0x865d, 0x865d, 0x865d, 0x865d, 0x865d, 0x865d, 0x865d, 0x865d, 0x865d, 0x865d, 0x865d, 0x865d, 0x865d, 0x865d, 0x865d, 0x865d,
0x865d, 0x865d, 0x865d, 0x865d, 0x865d, 0x865d, 0x865d, 0x865d, 0x865d, 0x865d, 0x865d, 0x865d, 0x865d, 0x865d, 0x865d, 0x865d,
0x865d, 0x865d, 0x865d, 0x865d, 0x865d, 0x865d, 0x865d, 0x865d, 0x865d, 0x865d, 0x865d, 0x865d, 0x865d, 0x865d, 0x865d, 0x865d,
0x865d, 0x865d, 0x865d, 0x865d, 0x865d, 0x865d, 0x865d, 0x865d, 0x865d, 0x865d, 0x865d, 0x865d, 0x865d, 0x865d, 0x865d, 0x865d,
0x865d, 0x865d, 0x865d, 0x865d, 0x865d, 0x865d, 0x865d, 0x865d, 0x865d, 0x865d, 0x865d, 0x865d, 0x865d, 0x865d, 0x865d, 0x865d,
0x865d, 0x865d, 0x865d, 0x865d, 0x865d, 0x865d, 0x865d, 0x865d, 0x865d, 0x865d, 0x865d, 0x865d, 0x865d, 0x865d, 0x865d, 0x865d,
0x865d, 0x865d, 0x865d, 0x865d, 0x865d, 0x865d, 0x865d, 0x865d, 0x865d, 0x865d, 0x865d, 0x865d, 0x865d, 0x865d, 0x865d, 0x865d,
0x865d, 0x865d, 0x865d, 0x865d, 0x865d, 0x865d, 0x865d, 0x865d, 0x865d, 0x865d, 0x865d, 0x865d, 0x865d, 0x865d, 0x865d, 0x865d,
0x865d, 0x865d, 0x865d, 0x865d, 0x865d, 0x865d, 0x865d, 0x865d, 0x865d, 0x865d, 0x865d, 0x865d, 0x865d, 0x865d, 0x865d, 0x865d,
0x865d, 0x865d, 0x865d, 0x865d, 0x865d, 0x865d, 0x865d, 0x865d, 0x865d, 0x865d, 0x865d, 0x865d, 0x865d, 0x865d, 0x865d, 0x865d,
0x865d, 0x865d, 0x865d, 0x865d, 0x865d, 0x865d, 0x865d, 0x865d, 0x865d, 0x865d, 0x865d, 0x865d, 0x865d, 0x865d, 0x865d, 0x865d,
0x865d, 0x865d, 0x865d, 0x865d, 0x865d, 0x865d, 0x865d, 0x865d, 0x865d, 0x865d, 0x865d, 0x865d, 0x865d, 0x865d, 0x865d, 0x865d,
0x865d, 0x865d, 0x865d, 0x865d, 0x865d, 0x865d, 0x865d, 0x865d, 0x865d, 0x865d, 0x865d, 0x865d, 0x865d, 0x865d, 0x865d, 0x865d,
0x865d, 0x865d, 0x865d, 0x865d, 0x865d, 0x865d, 0x865d, 0x865d, 0x865d, 0x865d, 0x865d, 0x865d, 0x865d, 0x865d, 0x865d, 0x865d,
0x865d, 0x865d, 0x865d, 0x865d, 0x865d, 0x865d, 0x865d, 0x7e7d, 0x867e, 0x8e9d, 0x8e9d, 0x867d, 0x7edc, 0xa73f, 0xa71f, 0xa71f,
0x9f1f, 0xa71f, 0xa73f, 0xa71f, 0x9edf, 0x9ede, 0xa6fe, 0xaefe, 0xaefe, 0xaefe, 0xaefe, 0xa6de, 0x9ede, 0x9ede, 0x9ede, 0x9ede,
0x9ede, 0xa6de, 0x9ede, 0x9ede, 0x9ede, 0x9ede, 0x9ede, 0x9ede, 0xa6de, 0x9ede, 0x9ede, 0x9ede, 0x9ede, 0xa71f, 0x9f1f, 0x9f1f,
0x9f1f, 0x9f1f, 0xa71f, 0xa73f, 0x9eff, 0xa75f, 0x8ebe, 0x867d, 0x867d, 0x867e, 0x867d, 0x865d, 0x865d, 0x865d, 0x865d, 0x865d,
0x865d, 0x865d, 0x865d, 0x865d, 0x865d, 0x865d, 0x865d, 0x865d, 0x865d, 0x865d, 0x865d, 0x865d, 0x865d, 0x865d, 0x865d, 0x865d,
0x865d, 0x865d, 0x865d, 0x865d, 0x865d, 0x865d, 0x865d, 0x865d, 0x865d, 0x865d, 0x865d, 0x865d, 0x865d, 0x865d, 0x865d, 0x865d,
0x865d, 0x865d, 0x865d, 0x865d, 0x865d, 0x865d, 0x865d, 0x865d, 0x865d, 0x865d, 0x865d, 0x865d, 0x865d, 0x865d, 0x865d, 0x865d,
0x865d, 0x865d, 0x865d, 0x9edd, 0xaefd, 0xa6de, 0xb73f, 0xbf5f, 0xbf5f, 0xaf3f, 0x9eff, 0x96df, 0x9eff, 0xb71f, 0xbf3f, 0xbf3f,
0xbf3f, 0xbf3f, 0xbf3f, 0xaeff, 0x9edf, 0x9edf, 0xa6ff, 0x9eff, 0x9eff, 0xa6ff, 0xa6ff, 0x9edf, 0x8ebf, 0x96bf, 0x9eff, 0xb73f,
0xbf5f, 0xaf3f, 0xaf1f, 0xa71f, 0xbf5f, 0xbf3f, 0xbf7f, 0xa6fd, 0x865d, 0x865d, 0x865d, 0x865d, 0x865d, 0x865d, 0x865d, 0x865d,
0x865d, 0x865d, 0x865d, 0x865d, 0x865d, 0x865d, 0x865d, 0x8e7d, 0x96be, 0xbf7f, 0xb73f, 0xbf7f, 0xc77f, 0xc77f, 0xc77f, 0xbf5f,
0xb71f, 0xaeff, 0xa6ff, 0xb71f, 0xbf3f, 0xcf5f, 0xd77f, 0xcf5f, 0xcf5f, 0xcf5f, 0xc73f, 0xb71f, 0xaeff, 0x9edf, 0xa6df, 0xa6df,
0xa6ff, 0xa6ff, 0xaeff, 0xaeff, 0xb71f, 0xb71f, 0xb71f, 0xaf1f, 0xa6ff, 0xaeff, 0xbf1f, 0xbf3f, 0xbf7f, 0xbf7f, 0xbf7f, 0xbf7f,
0xbf7f, 0xbf5f, 0xbf7f, 0x8edb, 0x867d, 0x865d, 0x865d, 0x865d, 0x865d, 0x865d, 0x865d, 0x865d, 0x865d, 0x865d, 0x865d, 0x865d,
0x865d, 0x865d, 0x865d, 0x865d, 0x865d, 0x865d, 0x865d, 0x865d, 0x865d, 0x865d, 0x865d, 0x865d, 0x865d, 0x865d, 0x865d, 0x865d,
0x865d, 0x865d, 0x865d, 0x865d, 0x865d, 0x865d, 0x865d, 0x865d, 0x865d, 0x865d, 0x865d, 0x865d, 0x865d, 0x865d, 0x865d, 0x865d,
0x865d, 0x865d, 0x865d, 0x865d, 0x865d, 0x865d, 0x865d, 0x865d, 0x865d, 0x865d, 0x865d, 0x865d, 0x865d, 0x865d, 0x865d, 0x865d,
0x865d, 0x865d, 0x865d, 0x865d, 0x865d, 0x865d, 0x865d, 0x865d, 0x865d, 0x865d, 0x865d, 0x865d, 0x865d, 0x865d, 0x865d, 0x865d,
0x865d, 0x865d, 0x865d, 0x865d, 0x865d, 0x865d, 0x865d, 0x865d, 0x865d, 0x865d, 0x865d, 0x865d, 0x865d, 0x865d, 0x865d, 0x865d,
0x865d, 0x865d, 0x865d, 0x865d, 0x865d, 0x865d, 0x865d, 0x865d, 0x865d, 0x865d, 0x865d, 0x865d, 0x865d, 0x865d, 0x865d, 0x865d,
0x865d, 0x865d, 0x865d, 0x865d, 0x865d, 0x865d, 0x865d, 0x865d, 0x865d, 0x865d, 0x865d, 0x865d, 0x865d, 0x865d, 0x865d, 0x865d,
0x865d, 0x865d, 0x865d, 0x865d, 0x865d, 0x865d, 0x865d, 0x865d, 0x865d, 0x865d, 0x865d, 0x865d, 0x865d, 0x865d, 0x865d, 0x865d,
0x865d, 0x865d, 0x865d, 0x865d, 0x865d, 0x865d, 0x865d, 0x865d, 0x865d, 0x865d, 0x865d, 0x865d, 0x865d, 0x865d, 0x865d, 0x865d,
0x865d, 0x865d, 0x865d, 0x865d, 0x865d, 0x865d, 0x865d, 0x865d, 0x865d, 0x865d, 0x865d, 0x865d, 0x865d, 0x865d, 0x865d, 0x865d,
0x865d, 0x865d, 0x865d, 0x865d, 0x865d, 0x865d, 0x865d, 0x865d, 0x865d, 0x865d, 0x865d, 0x865d, 0x865d, 0x865d, 0x865d, 0x865d,
0x865d, 0x865d, 0x865d, 0x865d, 0x865d, 0x865d, 0x865d, 0x865d, 0x865d, 0x865d, 0x865d, 0x865d, 0x865d, 0x865d, 0x865d, 0x865d,
0x865d, 0x865d, 0x865d, 0x865d, 0x865d, 0x865d, 0x865d, 0x865d, 0x865d, 0x865d, 0x865d, 0x865d, 0x865d, 0x865d, 0x865d, 0x865d,
0x865d, 0x865d, 0x865d, 0x865d, 0x865d, 0x865d, 0x865d, 0x865d, 0x865d, 0x865d, 0x865d, 0x865d, 0x865d, 0x865d, 0x865d, 0x865d,
0x865d, 0x865d, 0x865d, 0x865d, 0x865d, 0x865d, 0x865d, 0x865d, 0x865d, 0x865d, 0x865d, 0x865d, 0x865d, 0x865d, 0x865d, 0x865d,
0x865d, 0x865d, 0x865d, 0x865d, 0x865d, 0x865d, 0x865d, 0x865d, 0x865d, 0x865d, 0x865d, 0x865d, 0x865d, 0x865d, 0x865d, 0x865d,
0x865d, 0x865d, 0x865d, 0x865d, 0x865d, 0x865d, 0x865d, 0x865d, 0x865d, 0x865d, 0x865d, 0x865d, 0x865d, 0x865d, 0x865d, 0x865d,
0x865d, 0x865d, 0x865d, 0x865d, 0x865d, 0x865d, 0x865d, 0x865d, 0x865d, 0x865d, 0x865d, 0x865d, 0x865d, 0x865d, 0x865d, 0x865d,
0x865d, 0x865d, 0x865d, 0x865d, 0x865d, 0x865d, 0x865d, 0x865d, 0x865d, 0x865d, 0x865d, 0x865d, 0x865d, 0x865d, 0x865d, 0x865d,
0x865d, 0x865d, 0x865d, 0x865d, 0x865d, 0x865d, 0x865d, 0x865d, 0x865d, 0x865d, 0x865d, 0x865d, 0x865d, 0x865d, 0x865d, 0x865d,
0x865d, 0x865d, 0x865d, 0x865d, 0x865d, 0x865d, 0x865d, 0x865d, 0x865d, 0x865d, 0x865d, 0x865d, 0x865d, 0x865d, 0x865d, 0x865d,
0x865d, 0x865d, 0x865d, 0x865d, 0x865d, 0x865d, 0x865d, 0x865d, 0x865d, 0x865d, 0x865d, 0x865d, 0x865d, 0x865d, 0x865d, 0x865d,
0x865d, 0x865d, 0x865d, 0x865d, 0x865d, 0x865d, 0x865d, 0x865d, 0x865d, 0x865d, 0x865d, 0x865d, 0x865d, 0x865d, 0x865d, 0x865d,
0x865d, 0x865d, 0x865d, 0x865d, 0x865d, 0x865d, 0x865d, 0x865d, 0x865d, 0x865d, 0x865d, 0x865d, 0x865d, 0x865d, 0x865d, 0x865d,
0x865d, 0x865d, 0x865d, 0x865d, 0x865d, 0x865d, 0x865d, 0x865d, 0x865d, 0x865d, 0x865d, 0x865d, 0x865d, 0x865d, 0x865d, 0x865d,
0x865d, 0x865d, 0x865d, 0x865d, 0x865d, 0x865d, 0x865d, 0x865d, 0x865d, 0x865d, 0x865d, 0x865d, 0x865d, 0x865d, 0x865d, 0x865d,

/* -54- */
0x865d, 0x865d, 0x865d, 0x865d, 0x865d, 0x865d, 0x865d, 0x865d, 0x865d, 0x865d, 0x865d, 0x865d, 0x865d, 0x865d, 0x865d, 0x865d,
0x865d, 0x865d, 0x865d, 0x865d, 0x865d, 0x865d, 0x865d, 0x865d, 0x865d, 0x865d, 0x865d, 0x865d, 0x865d, 0x865d, 0x865d, 0x865d,
0x865d, 0x865d, 0x865d, 0x865d, 0x865d, 0x865d, 0x865d, 0x865d, 0x865d, 0x865d, 0x865d, 0x865d, 0x865d, 0x865d, 0x865d, 0x865d,
0x865d, 0x865d, 0x865d, 0x865d, 0x865d, 0x865d, 0x865d, 0x865d, 0x865d, 0x865d, 0x865d, 0x865d, 0x865d, 0x865d, 0x865d, 0x865d,
0x865d, 0x865d, 0x865d, 0x865d, 0x865d, 0x865d, 0x865d, 0x865d, 0x865d, 0x865d, 0x865d, 0x865d, 0x865d, 0x865d, 0x865d, 0x865d,
0x865d, 0x865d, 0x865d, 0x865d, 0x865d, 0x865d, 0x865d, 0x865d, 0x865d, 0x865d, 0x865d, 0x865d, 0x865d, 0x865d, 0x865d, 0x865d,
0x865d, 0x865d, 0x865d, 0x865d, 0x865d, 0x865d, 0x865d, 0x865d, 0x865d, 0x865d, 0x865d, 0x865d, 0x865d, 0x865d, 0x865d, 0x865d,
0x865d, 0x865d, 0x865d, 0x865d, 0x865d, 0x865d, 0x865d, 0x865d, 0x865d, 0x865d, 0x865d, 0x865d, 0x865d, 0x865d, 0x865d, 0x865d,
0x865d, 0x865d, 0x865d, 0x865d, 0x865d, 0x865d, 0x865d, 0x865d, 0x865d, 0x865d, 0x865d, 0x865d, 0x865d, 0x865d, 0x865d, 0x865d,
0x865d, 0x865d, 0x865d, 0x865d, 0x865d, 0x865d, 0x865d, 0x865d, 0x865d, 0x865d, 0x865d, 0x865d, 0x865d, 0x865d, 0x865d, 0x865d,
0x865d, 0x865d, 0x865d, 0x865d, 0x865d, 0x865d, 0x865d, 0x865d, 0x865d, 0x865d, 0x865d, 0x865d, 0x865d, 0x865d, 0x865d, 0x865d,
0x865d, 0x865d, 0x865d, 0x865d, 0x865d, 0x865d, 0x865d, 0x865d, 0x865d, 0x865d, 0x865d, 0x865d, 0x865d, 0x865d, 0x865d, 0x865d,
0x865d, 0x865d, 0x865d, 0x865d, 0x865d, 0x865d, 0x865d, 0x865d, 0x865d, 0x865d, 0x865d, 0x865d, 0x865d, 0x865d, 0x865d, 0x865d,
0x865d, 0x865d, 0x865d, 0x865d, 0x865d, 0x865d, 0x865d, 0x865d, 0x865d, 0x865d, 0x865d, 0x865d, 0x865d, 0x865d, 0x865d, 0x865d,
0x865d, 0x865d, 0x865d, 0x865d, 0x865d, 0x865d, 0x865d, 0x865d, 0x865d, 0x865d, 0x865d, 0x865d, 0x865d, 0x865d, 0x865d, 0x865d,
0x865d, 0x865d, 0x865d, 0x865d, 0x865d, 0x865d, 0x865d, 0x865d, 0x865d, 0x865d, 0x865d, 0x865d, 0x865d, 0x865d, 0x865d, 0x865d,
0x865d, 0x865d, 0x865d, 0x865d, 0x865d, 0x865d, 0x865d, 0x865d, 0x865d, 0x865d, 0x865d, 0x865d, 0x865d, 0x865d, 0x865d, 0x865d,
0x865d, 0x865d, 0x865d, 0x865d, 0x865d, 0x865d, 0x865d, 0x865d, 0x865d, 0x865d, 0x865d, 0x865d, 0x865d, 0x865d, 0x865d, 0x865d,
0x865d, 0x865d, 0x865d, 0x865d, 0x865d, 0x865d, 0x865d, 0x865d, 0x865d, 0x865d, 0x865d, 0x865d, 0x865d, 0x865d, 0x865d, 0x865d,
0x865d, 0x865d, 0x865d, 0x865d, 0x865d, 0x865d, 0x865d, 0x865d, 0x865d, 0x865d, 0x865d, 0x865d, 0x865d, 0x865d, 0x865d, 0x865d,
0x865d, 0x865d, 0x865d, 0x865d, 0x865d, 0x865d, 0x865d, 0x865d, 0x865d, 0x865d, 0x865d, 0x865d, 0x865d, 0x865d, 0x865d, 0x865d,
0x865d, 0x865d, 0x865d, 0x865d, 0x865d, 0x865d, 0x865d, 0x865d, 0x865d, 0x865d, 0x865d, 0x865d, 0x865d, 0x865d, 0x865d, 0x865d,
0x865d, 0x865d, 0x865d, 0x865d, 0x865d, 0x865d, 0x865d, 0x865d, 0x865d, 0x865d, 0x865d, 0x865d, 0x865d, 0x865d, 0x865d, 0x865d,
0x865d, 0x865d, 0x865d, 0x865d, 0x865d, 0x865d, 0x865d, 0x865d, 0x865d, 0x865d, 0x865d, 0x865d, 0x865d, 0x865d, 0x865d, 0x865d,
0x865d, 0x865d, 0x865d, 0x865d, 0x865d, 0x865d, 0x865d, 0x865d, 0x865d, 0x865d, 0x865d, 0x865d, 0x865d, 0x865d, 0x865d, 0x865d,
0x865d, 0x865d, 0x865d, 0x865d, 0x865d, 0x865d, 0x865d, 0x865d, 0x865d, 0x865d, 0x865d, 0x865d, 0x7e7c, 0x867e, 0x867d, 0x867d,
0x867d, 0x867d, 0x867e, 0x869d, 0x8ede, 0x9edf, 0x9edf, 0x9edf, 0x9edf, 0x9edf, 0x9edf, 0x9edf, 0x9edf, 0x9edf, 0x9edf, 0x9edf,
0x9edf, 0x9edf, 0x9edf, 0x9edf, 0x9edf, 0x9edf, 0x9edf, 0x9edf, 0x9edf, 0x9edf, 0x9edf, 0x9edf, 0x9edf, 0x8e9e, 0x867e, 0x867d,
0x867d, 0x867d, 0x867e, 0x867e, 0x867e, 0x869e, 0x867d, 0x865d, 0x865d, 0x865d, 0x865d, 0x865d, 0x865d, 0x865d, 0x865d, 0x865d,
0x865d, 0x865d, 0x865d, 0x865d, 0x865d, 0x865d, 0x865d, 0x865d, 0x865d, 0x865d, 0x865d, 0x865d, 0x865d, 0x865d, 0x865d, 0x865d,
0x865d, 0x865d, 0x865d, 0x865d, 0x865d, 0x865d, 0x865d, 0x865d, 0x865d, 0x865d, 0x865d, 0x865d, 0x865d, 0x865d, 0x865d, 0x865d,
0x865d, 0x865d, 0x865d, 0x865d, 0x865d, 0x865d, 0x865d, 0x865d, 0x865d, 0x865d, 0x865d, 0x865d, 0x865d, 0x865d, 0x865d, 0x865d,
0x865d, 0x865d, 0x865d, 0x865d, 0x865d, 0x867e, 0x8e9e, 0x867d, 0x867e, 0x867e, 0x867e, 0x7e5e, 0x8ebe, 0x9eff, 0x9ede, 0x9edf,
0x9edf, 0x9edf, 0x9edf, 0x9edf, 0x9eff, 0x9eff, 0x9eff, 0x9eff, 0x9edf, 0x96df, 0x96df, 0x8e9e, 0x7e9f, 0x767d, 0x867e, 0x867e,
0x867e, 0x867e, 0x867e, 0x867e, 0x7e7e, 0x867e, 0x7e7d, 0x7e5d, 0x865d, 0x865d, 0x865d, 0x865d, 0x865d, 0x865d, 0x865d, 0x865d,
0x865d, 0x865d, 0x865d, 0x865d, 0x865d, 0x865d, 0x865d, 0x865d, 0x867d, 0x8efe, 0x96be, 0x9ede, 0x9ede, 0x9ede, 0x9ede, 0x9ede,
0xa71f, 0xa6de, 0xa6ff, 0xa6ff, 0xa6ff, 0xc73e, 0xcf5e, 0xbf3e, 0xbf3f, 0xc75f, 0xb71f, 0xa6ff, 0xa6df, 0x9edf, 0x9edf, 0xa6df,
0x9edf, 0x9edf, 0x9edf, 0x9edf, 0x9ede, 0xa6fe, 0x9edf, 0x9edf, 0x9edf, 0x9f3f, 0x9f7e, 0x96fd, 0x8ebe, 0x96be, 0x9ede, 0x96be,
0x9ede, 0x96be, 0x971e, 0x7e9b, 0x865d, 0x865d, 0x865d, 0x865d, 0x865d, 0x865d, 0x865d, 0x865d, 0x865d, 0x865d, 0x865d, 0x865d,
0x865d, 0x865d, 0x865d, 0x865d, 0x865d, 0x865d, 0x865d, 0x865d, 0x865d, 0x865d, 0x865d, 0x865d, 0x865d, 0x865d, 0x865d, 0x865d,
0x865d, 0x865d, 0x865d, 0x865d, 0x865d, 0x865d, 0x865d, 0x865d, 0x865d, 0x865d, 0x865d, 0x865d, 0x865d, 0x865d, 0x865d, 0x865d,
0x865d, 0x865d, 0x865d, 0x865d, 0x865d, 0x865d, 0x865d, 0x865d, 0x865d, 0x865d, 0x865d, 0x865d, 0x865d, 0x865d, 0x865d, 0x865d,
0x865d, 0x865d, 0x865d, 0x865d, 0x865d, 0x865d, 0x865d, 0x865d, 0x865d, 0x865d, 0x865d, 0x865d, 0x865d, 0x865d, 0x865d, 0x865d,
0x865d, 0x865d, 0x865d, 0x865d, 0x865d, 0x865d, 0x865d, 0x865d, 0x865d, 0x865d, 0x865d, 0x865d, 0x865d, 0x865d, 0x865d, 0x865d,
0x865d, 0x865d, 0x865d, 0x865d, 0x865d, 0x865d, 0x865d, 0x865d, 0x865d, 0x865d, 0x865d, 0x865d, 0x865d, 0x865d, 0x865d, 0x865d,
0x865d, 0x865d, 0x865d, 0x865d, 0x865d, 0x865d, 0x865d, 0x865d, 0x865d, 0x865d, 0x865d, 0x865d, 0x865d, 0x865d, 0x865d, 0x865d,
0x865d, 0x865d, 0x865d, 0x865d, 0x865d, 0x865d, 0x865d, 0x865d, 0x865d, 0x865d, 0x865d, 0x865d, 0x865d, 0x865d, 0x865d, 0x865d,
0x865d, 0x865d, 0x865d, 0x865d, 0x865d, 0x865d, 0x865d, 0x865d, 0x865d, 0x865d, 0x865d, 0x865d, 0x865d, 0x865d, 0x865d, 0x865d,
0x865d, 0x865d, 0x865d, 0x865d, 0x865d, 0x865d, 0x865d, 0x865d, 0x865d, 0x865d, 0x865d, 0x865d, 0x865d, 0x865d, 0x865d, 0x865d,
0x865d, 0x865d, 0x865d, 0x865d, 0x865d, 0x865d, 0x865d, 0x865d, 0x865d, 0x865d, 0x865d, 0x865d, 0x865d, 0x865d, 0x865d, 0x865d,
0x865d, 0x865d, 0x865d, 0x865d, 0x865d, 0x865d, 0x865d, 0x865d, 0x865d, 0x865d, 0x865d, 0x865d, 0x865d, 0x865d, 0x865d, 0x865d,
0x865d, 0x865d, 0x865d, 0x865d, 0x865d, 0x865d, 0x865d, 0x865d, 0x865d, 0x865d, 0x865d, 0x865d, 0x865d, 0x865d, 0x865d, 0x865d,
0x865d, 0x865d, 0x865d, 0x865d, 0x865d, 0x865d, 0x865d, 0x865d, 0x865d, 0x865d, 0x865d, 0x865d, 0x865d, 0x865d, 0x865d, 0x865d,
0x865d, 0x865d, 0x865d, 0x865d, 0x865d, 0x865d, 0x865d, 0x865d, 0x865d, 0x865d, 0x865d, 0x865d, 0x865d, 0x865d, 0x865d, 0x865d,
0x865d, 0x865d, 0x865d, 0x865d, 0x865d, 0x865d, 0x865d, 0x865d, 0x865d, 0x865d, 0x865d, 0x865d, 0x865d, 0x865d, 0x865d, 0x865d,
0x865d, 0x865d, 0x865d, 0x865d, 0x865d, 0x865d, 0x865d, 0x865d, 0x865d, 0x865d, 0x865d, 0x865d, 0x865d, 0x865d, 0x865d, 0x865d,
0x865d, 0x865d, 0x865d, 0x865d, 0x865d, 0x865d, 0x865d, 0x865d, 0x865d, 0x865d, 0x865d, 0x865d, 0x865d, 0x865d, 0x865d, 0x865d,
0x865d, 0x865d, 0x865d, 0x865d, 0x865d, 0x865d, 0x865d, 0x865d, 0x865d, 0x865d, 0x865d, 0x865d, 0x865d, 0x865d, 0x865d, 0x865d,
0x865d, 0x865d, 0x865d, 0x865d, 0x865d, 0x865d, 0x865d, 0x865d, 0x865d, 0x865d, 0x865d, 0x865d, 0x865d, 0x865d, 0x865d, 0x865d,
0x865d, 0x865d, 0x865d, 0x865d, 0x865d, 0x865d, 0x865d, 0x865d, 0x865d, 0x865d, 0x865d, 0x865d, 0x865d, 0x865d, 0x865d, 0x865d,
0x865d, 0x865d, 0x865d, 0x865d, 0x865d, 0x865d, 0x865d, 0x865d, 0x865d, 0x865d, 0x865d, 0x865d, 0x865d, 0x865d, 0x865d, 0x865d,
0x865d, 0x865d, 0x865d, 0x865d, 0x865d, 0x865d, 0x865d, 0x865d, 0x865d, 0x865d, 0x865d, 0x865d, 0x865d, 0x865d, 0x865d, 0x865d,
0x865d, 0x865d, 0x865d, 0x865d, 0x865d, 0x865d, 0x865d, 0x865d, 0x865d, 0x865d, 0x865d, 0x865d, 0x865d, 0x865d, 0x865d, 0x865d,
0x865d, 0x865d, 0x865d, 0x865d, 0x865d, 0x865d, 0x865d, 0x865d, 0x865d, 0x865d, 0x865d, 0x865d, 0x865d, 0x865d, 0x865d, 0x865d,
0x865d, 0x865d, 0x865d, 0x865d, 0x865d, 0x865d, 0x865d, 0x865d, 0x865d, 0x865d, 0x865d, 0x865d, 0x865d, 0x865d, 0x865d, 0x865d,

/* -55- */
0x865d, 0x865d, 0x865d, 0x865d, 0x865d, 0x865d, 0x865d, 0x865d, 0x865d, 0x865d, 0x865d, 0x865d, 0x865d, 0x865d, 0x865d, 0x865d,
0x865d, 0x865d, 0x865d, 0x865d, 0x865d, 0x865d, 0x865d, 0x865d, 0x865d, 0x865d, 0x865d, 0x865d, 0x865d, 0x865d, 0x865d, 0x865d,
0x865d, 0x865d, 0x865d, 0x865d, 0x865d, 0x865d, 0x865d, 0x865d, 0x865d, 0x865d, 0x865d, 0x865d, 0x865d, 0x865d, 0x865d, 0x865d,
0x865d, 0x865d, 0x865d, 0x865d, 0x865d, 0x865d, 0x865d, 0x865d, 0x865d, 0x865d, 0x865d, 0x865d, 0x865d, 0x865d, 0x865d, 0x865d,
0x865d, 0x865d, 0x865d, 0x865d, 0x865d, 0x865d, 0x865d, 0x865d, 0x865d, 0x865d, 0x865d, 0x865d, 0x865d, 0x865d, 0x865d, 0x865d,
0x865d, 0x865d, 0x865d, 0x865d, 0x865d, 0x865d, 0x865d, 0x865d, 0x865d, 0x865d, 0x865d, 0x865d, 0x865d, 0x865d, 0x865d, 0x865d,
0x865d, 0x865d, 0x865d, 0x865d, 0x865d, 0x865d, 0x865d, 0x865d, 0x865d, 0x865d, 0x865d, 0x865d, 0x865d, 0x865d, 0x865d, 0x865d,
0x865d, 0x865d, 0x865d, 0x865d, 0x865d, 0x865d, 0x865d, 0x865d, 0x865d, 0x865d, 0x865d, 0x865d, 0x865d, 0x865d, 0x865d, 0x865d,
0x865d, 0x865d, 0x865d, 0x865d, 0x865d, 0x865d, 0x865d, 0x865d, 0x865d, 0x865d, 0x865d, 0x865d, 0x865d, 0x865d, 0x865d, 0x865d,
0x865d, 0x865d, 0x865d, 0x865d, 0x865d, 0x865d, 0x865d, 0x865d, 0x865d, 0x865d, 0x865d, 0x865d, 0x865d, 0x865d, 0x865d, 0x865d,
0x865d, 0x865d, 0x865d, 0x865d, 0x865d, 0x865d, 0x865d, 0x865d, 0x865d, 0x865d, 0x865d, 0x865d, 0x865d, 0x865d, 0x865d, 0x865d,
0x865d, 0x865d, 0x865d, 0x865d, 0x865d, 0x865d, 0x865d, 0x865d, 0x865d, 0x865d, 0x865d, 0x865d, 0x865d, 0x865d, 0x865d, 0x865d,
0x865d, 0x865d, 0x865d, 0x865d, 0x865d, 0x865d, 0x865d, 0x865d, 0x865d, 0x865d, 0x865d, 0x865d, 0x865d, 0x865d, 0x865d, 0x865d,
0x865d, 0x865d, 0x865d, 0x865d, 0x865d, 0x865d, 0x865d, 0x865d, 0x865d, 0x865d, 0x865d, 0x865d, 0x865d, 0x865d, 0x865d, 0x865d,
0x865d, 0x865d, 0x865d, 0x865d, 0x865d, 0x865d, 0x865d, 0x865d, 0x865d, 0x865d, 0x865d, 0x865d, 0x865d, 0x865d, 0x865d, 0x865d,
0x865d, 0x865d, 0x865d, 0x865d, 0x865d, 0x865d, 0x865d, 0x865d, 0x865d, 0x865d, 0x865d, 0x865d, 0x865d, 0x865d, 0x865d, 0x865d,
0x865d, 0x865d, 0x865d, 0x865d, 0x865d, 0x865d, 0x865d, 0x865d, 0x865d, 0x865d, 0x865d, 0x865d, 0x865d, 0x865d, 0x865d, 0x865d,
0x865d, 0x865d, 0x865d, 0x865d, 0x865d, 0x865d, 0x865d, 0x865d, 0x865d, 0x865d, 0x865d, 0x865d, 0x865d, 0x865d, 0x865d, 0x865d,
0x865d, 0x865d, 0x865d, 0x865d, 0x865d, 0x865d, 0x865d, 0x865d, 0x865d, 0x865d, 0x865d, 0x865d, 0x865d, 0x865d, 0x865d, 0x865d,
0x865d, 0x865d, 0x865d, 0x865d, 0x865d, 0x865d, 0x865d, 0x865d, 0x865d, 0x865d, 0x865d, 0x865d, 0x865d, 0x865d, 0x865d, 0x865d,
0x865d, 0x865d, 0x865d, 0x865d, 0x865d, 0x865d, 0x865d, 0x865d, 0x865d, 0x865d, 0x865d, 0x865d, 0x865d, 0x865d, 0x865d, 0x865d,
0x865d, 0x865d, 0x865d, 0x865d, 0x865d, 0x865d, 0x865d, 0x865d, 0x865d, 0x865d, 0x865d, 0x865d, 0x865d, 0x865d, 0x865d, 0x865d,
0x865d, 0x865d, 0x865d, 0x865d, 0x865d, 0x865d, 0x865d, 0x865d, 0x865d, 0x865d, 0x865d, 0x865d, 0x865d, 0x865d, 0x865d, 0x865d,
0x865d, 0x865d, 0x865d, 0x865d, 0x865d, 0x865d, 0x865d, 0x865d, 0x865d, 0x865d, 0x865d, 0x865d, 0x865d, 0x865d, 0x865d, 0x865d,
0x865d, 0x865d, 0x865d, 0x865d, 0x865d, 0x865d, 0x865d, 0x865d, 0x865d, 0x865d, 0x865d, 0x865d, 0x865d, 0x865d, 0x865d, 0x865d,
0x865d, 0x865d, 0x865d, 0x865d, 0x865d, 0x865d, 0x865d, 0x865d, 0x865d, 0x865d, 0x865d, 0x865d, 0x865d, 0x865d, 0x865d, 0x865d,
0x865d, 0x865d, 0x865d, 0x865d, 0x7ebc, 0x8f1d, 0x8edc, 0x8edc, 0x8edc, 0x8edc, 0x8edc, 0x8edc, 0x8edc, 0x8edc, 0x8edc, 0x8edc,
0x8edc, 0x8edc, 0x8edc, 0x8edc, 0x8edc, 0x8edc, 0x8edc, 0x8edc, 0x8edc, 0x8edc, 0x8edc, 0x8edc, 0x8efc, 0x867d, 0x865d, 0x865d,
0x865d, 0x865d, 0x865d, 0x865d, 0x865d, 0x865d, 0x865d, 0x865d, 0x865d, 0x865d, 0x865d, 0x865d, 0x865d, 0x865d, 0x865d, 0x865d,
0x865d, 0x865d, 0x865d, 0x865d, 0x865d, 0x865d, 0x865d, 0x865d, 0x865d, 0x865d, 0x865d, 0x865d, 0x865d, 0x865d, 0x865d, 0x865d,
0x865d, 0x865d, 0x865d, 0x865d, 0x865d, 0x865d, 0x865d, 0x865d, 0x865d, 0x865d, 0x865d, 0x865d, 0x865d, 0x865d, 0x865d, 0x865d,
0x865d, 0x865d, 0x865d, 0x865d, 0x865d, 0x865d, 0x865d, 0x865d, 0x865d, 0x865d, 0x865d, 0x865d, 0x865d, 0x865d, 0x865d, 0x865d,
0x865d, 0x865d, 0x865d, 0x865d, 0x865d, 0x865d, 0x865d, 0x865d, 0x865d, 0x865d, 0x865d, 0x865d, 0x865d, 0x865d, 0x865d, 0x865d,
0x865d, 0x865d, 0x865d, 0x865d, 0x865d, 0x865d, 0x865d, 0x865d, 0x865d, 0x865d, 0x865d, 0x865d, 0x865d, 0x865d, 0x865d, 0x865d,
0x865d, 0x865d, 0x865d, 0x865d, 0x865d, 0x865d, 0x865d, 0x865d, 0x865d, 0x865d, 0x865d, 0x865d, 0x865d, 0x865d, 0x865d, 0x865d,
0x865d, 0x865d, 0x865d, 0x865d, 0x865d, 0x865d, 0x865d, 0x865d, 0x865d, 0x865d, 0x865d, 0x865d, 0x865d, 0x865d, 0x865d, 0x7e9c,
0x975f, 0x9edf, 0x9ede, 0x9edf, 0x9edf, 0x9edf, 0xa6ff, 0xa6ff, 0xa6ff, 0xa6ff, 0x9eff, 0x9edf, 0x9edf, 0x9edf, 0x9edf, 0x9edf,
0x9edf, 0x9edf, 0x96df, 0x96bf, 0x8e9f, 0x869f, 0x869f, 0x869e, 0x8edf, 0x869c, 0x7edb, 0x7e9b, 0x865d, 0x865d, 0x865d, 0x865d,
0x865d, 0x865d, 0x865d, 0x865d, 0x865d, 0x865d, 0x865d, 0x865d, 0x865d, 0x865d, 0x865d, 0x865d, 0x865d, 0x865d, 0x865d, 0x865d,
0x865d, 0x865d, 0x865d, 0x865d, 0x865d, 0x865d, 0x865d, 0x865d, 0x865d, 0x865d, 0x865d, 0x865d, 0x865d, 0x865d, 0x865d, 0x865d,
0x865d, 0x865d, 0x865d, 0x865d, 0x865d, 0x865d, 0x865d, 0x865d, 0x865d, 0x865d, 0x865d, 0x865d, 0x865d, 0x865d, 0x865d, 0x865d,
0x865d, 0x865d, 0x865d, 0x865d, 0x865d, 0x865d, 0x865d, 0x865d, 0x865d, 0x865d, 0x865d, 0x865d, 0x865d, 0x865d, 0x865d, 0x865d,
0x865d, 0x865d, 0x865d, 0x865d, 0x865d, 0x865d, 0x865d, 0x865d, 0x865d, 0x865d, 0x865d, 0x865d, 0x865d, 0x865d, 0x865d, 0x865d,
0x865d, 0x865d, 0x865d, 0x865d, 0x865d, 0x865d, 0x865d, 0x865d, 0x865d, 0x865d, 0x865d, 0x865d, 0x865d, 0x865d, 0x865d, 0x865d,
0x865d, 0x865d, 0x865d, 0x865d, 0x865d, 0x865d, 0x865d, 0x865d, 0x865d, 0x865d, 0x865d, 0x865d, 0x865d, 0x865d, 0x865d, 0x865d,
0x865d, 0x865d, 0x865d, 0x865d, 0x865d, 0x865d, 0x865d, 0x865d, 0x865d, 0x865d, 0x865d, 0x865d, 0x865d, 0x865d, 0x865d, 0x865d,
0x865d, 0x865d, 0x865d, 0x865d, 0x865d, 0x865d, 0x865d, 0x865d, 0x865d, 0x865d, 0x865d, 0x865d, 0x865d, 0x865d, 0x865d, 0x865d,
0x865d, 0x865d, 0x865d, 0x865d, 0x865d, 0x865d, 0x865d, 0x865d, 0x865d, 0x865d, 0x865d, 0x865d, 0x865d, 0x865d, 0x865d, 0x865d,
0x865d, 0x865d, 0x865d, 0x865d, 0x865d, 0x865d, 0x865d, 0x865d, 0x865d, 0x865d, 0x865d, 0x865d, 0x865d, 0x865d, 0x865d, 0x865d,
0x865d, 0x865d, 0x865d, 0x865d, 0x865d, 0x865d, 0x865d, 0x865d, 0x865d, 0x865d, 0x865d, 0x865d, 0x865d, 0x865d, 0x865d, 0x865d,
0x865d, 0x865d, 0x865d, 0x865d, 0x865d, 0x865d, 0x865d, 0x865d, 0x865d, 0x865d, 0x865d, 0x865d, 0x865d, 0x865d, 0x865d, 0x865d,
0x865d, 0x865d, 0x865d, 0x865d, 0x865d, 0x865d, 0x865d, 0x865d, 0x865d, 0x865d, 0x865d, 0x865d, 0x865d, 0x865d, 0x865d, 0x865d,
0x865d, 0x865d, 0x865d, 0x865d, 0x865d, 0x865d, 0x865d, 0x865d, 0x865d, 0x865d, 0x865d, 0x865d, 0x865d, 0x865d, 0x865d, 0x865d,
0x865d, 0x865d, 0x865d, 0x865d, 0x865d, 0x865d, 0x865d, 0x865d, 0x865d, 0x865d, 0x865d, 0x865d, 0x865d, 0x865d, 0x865d, 0x865d,
0x865d, 0x865d, 0x865d, 0x865d, 0x865d, 0x865d, 0x865d, 0x865d, 0x865d, 0x865d, 0x865d, 0x865d, 0x865d, 0x865d, 0x865d, 0x865d,
0x865d, 0x865d, 0x865d, 0x865d, 0x865d, 0x865d, 0x865d, 0x865d, 0x865d, 0x865d, 0x865d, 0x865d, 0x865d, 0x865d, 0x865d, 0x865d,
0x865d, 0x865d, 0x865d, 0x865d, 0x865d, 0x865d, 0x865d, 0x865d, 0x865d, 0x865d, 0x865d, 0x865d, 0x865d, 0x865d, 0x865d, 0x865d,
0x865d, 0x865d, 0x865d, 0x865d, 0x865d, 0x865d, 0x865d, 0x865d, 0x865d, 0x865d, 0x865d, 0x865d, 0x865d, 0x865d, 0x865d, 0x865d,
0x865d, 0x865d, 0x865d, 0x865d, 0x865d, 0x865d, 0x865d, 0x865d, 0x865d, 0x865d, 0x865d, 0x865d, 0x865d, 0x865d, 0x865d, 0x865d,
0x865d, 0x865d, 0x865d, 0x865d, 0x865d, 0x865d, 0x865d, 0x865d, 0x865d, 0x865d, 0x865d, 0x865d, 0x865d, 0x865d, 0x865d, 0x865d,
0x865d, 0x865d, 0x865d, 0x865d, 0x865d, 0x865d, 0x865d, 0x865d, 0x865d, 0x865d, 0x865d, 0x865d, 0x865d, 0x865d, 0x865d, 0x865d,
0x865d, 0x865d, 0x865d, 0x865d, 0x865d, 0x865d, 0x865d, 0x865d, 0x865d, 0x865d, 0x865d, 0x865d, 0x865d, 0x865d, 0x865d, 0x865d,
0x865d, 0x865d, 0x865d, 0x865d, 0x865d, 0x865d, 0x865d, 0x865d, 0x865d, 0x865d, 0x865d, 0x865d, 0x865d, 0x865d, 0x865d, 0x865d,
0x865d, 0x865d, 0x865d, 0x865d, 0x865d, 0x865d, 0x865d, 0x865d, 0x865d, 0x865d, 0x865d, 0x865d, 0x865d, 0x865d, 0x865d, 0x865d,
0x865d, 0x865d, 0x865d, 0x865d, 0x865d, 0x865d, 0x865d, 0x865d, 0x865d, 0x865d, 0x865d, 0x865d, 0x865d, 0x865d, 0x865d, 0x865d,

/* -56- */
0x865d, 0x865d, 0x865d, 0x865d, 0x865d, 0x865d, 0x865d, 0x865d, 0x865d, 0x865d, 0x865d, 0x865d, 0x865d, 0x865d, 0x865d, 0x865d,
0x865d, 0x865d, 0x865d, 0x865d, 0x865d, 0x865d, 0x865d, 0x865d, 0x865d, 0x865d, 0x865d, 0x865d, 0x865d, 0x865d, 0x865d, 0x865d,
0x865d, 0x865d, 0x865d, 0x865d, 0x865d, 0x865d, 0x865d, 0x865d, 0x865d, 0x865d, 0x865d, 0x865d, 0x865d, 0x865d, 0x865d, 0x865d,
0x865d, 0x865d, 0x865d, 0x865d, 0x865d, 0x865d, 0x865d, 0x865d, 0x865d, 0x865d, 0x865d, 0x865d, 0x865d, 0x865d, 0x865d, 0x865d,
0x865d, 0x865d, 0x865d, 0x865d, 0x865d, 0x865d, 0x865d, 0x865d, 0x865d, 0x865d, 0x865d, 0x865d, 0x865d, 0x865d, 0x865d, 0x865d,
0x865d, 0x865d, 0x865d, 0x865d, 0x865d, 0x865d, 0x865d, 0x865d, 0x865d, 0x865d, 0x865d, 0x865d, 0x865d, 0x865d, 0x865d, 0x865d,
0x865d, 0x865d, 0x865d, 0x865d, 0x865d, 0x865d, 0x865d, 0x865d, 0x865d, 0x865d, 0x865d, 0x865d, 0x865d, 0x865d, 0x865d, 0x865d,
0x865d, 0x865d, 0x865d, 0x865d, 0x865d, 0x865d, 0x865d, 0x865d, 0x865d, 0x865d, 0x865d, 0x865d, 0x865d, 0x865d, 0x865d, 0x865d,
0x865d, 0x865d, 0x865d, 0x865d, 0x865d, 0x865d, 0x865d, 0x865d, 0x865d, 0x865d, 0x865d, 0x865d, 0x865d, 0x865d, 0x865d, 0x865d,
0x865d, 0x865d, 0x865d, 0x865d, 0x865d, 0x865d, 0x865d, 0x865d, 0x865d, 0x865d, 0x865d, 0x865d, 0x865d, 0x865d, 0x865d, 0x865d,
0x865d, 0x865d, 0x865d, 0x865d, 0x865d, 0x865d, 0x865d, 0x865d, 0x865d, 0x865d, 0x865d, 0x865d, 0x865d, 0x865d, 0x865d, 0x865d,
0x865d, 0x865d, 0x865d, 0x865d, 0x865d, 0x865d, 0x865d, 0x865d, 0x865d, 0x865d, 0x865d, 0x865d, 0x865d, 0x865d, 0x865d, 0x865d,
0x865d, 0x865d, 0x865d, 0x865d, 0x865d, 0x865d, 0x865d, 0x865d, 0x865d, 0x865d, 0x865d, 0x865d, 0x865d, 0x865d, 0x865d, 0x865d,
0x865d, 0x865d, 0x865d, 0x865d, 0x865d, 0x865d, 0x865d, 0x865d, 0x865d, 0x865d, 0x865d, 0x865d, 0x865d, 0x865d, 0x865d, 0x865d,
0x865d, 0x865d, 0x865d, 0x865d, 0x865d, 0x865d, 0x865d, 0x865d, 0x865d, 0x865d, 0x865d, 0x865d, 0x865d, 0x865d, 0x865d, 0x865d,
0x865d, 0x865d, 0x865d, 0x865d, 0x865d, 0x865d, 0x865d, 0x865d, 0x865d, 0x865d, 0x865d, 0x865d, 0x865d, 0x865d, 0x865d, 0x865d,
0x865d, 0x865d, 0x865d, 0x865d, 0x865d, 0x865d, 0x865d, 0x865d, 0x865d, 0x865d, 0x865d, 0x865d, 0x865d, 0x865d, 0x865d, 0x865d,
0x865d, 0x865d, 0x865d, 0x865d, 0x865d, 0x865d, 0x865d, 0x865d, 0x865d, 0x865d, 0x865d, 0x865d, 0x865d, 0x865d, 0x865d, 0x865d,
0x865d, 0x865d, 0x865d, 0x865d, 0x865d, 0x865d, 0x865d, 0x865d, 0x865d, 0x865d, 0x865d, 0x865d, 0x865d, 0x865d, 0x865d, 0x865d,
0x865d, 0x865d, 0x865d, 0x865d, 0x865d, 0x865d, 0x865d, 0x865d, 0x865d, 0x865d, 0x865d, 0x865d, 0x865d, 0x865d, 0x865d, 0x865d,
0x865d, 0x865d, 0x865d, 0x865d, 0x865d, 0x865d, 0x865d, 0x865d, 0x865d, 0x865d, 0x865d, 0x865d, 0x865d, 0x865d, 0x865d, 0x865d,
0x865d, 0x865d, 0x865d, 0x865d, 0x865d, 0x865d, 0x865d, 0x865d, 0x865d, 0x865d, 0x865d, 0x865d, 0x865d, 0x865d, 0x865d, 0x865d,
0x865d, 0x865d, 0x865d, 0x865d, 0x865d, 0x865d, 0x865d, 0x865d, 0x865d, 0x865d, 0x865d, 0x865d, 0x865d, 0x865d, 0x865d, 0x865d,
0x865d, 0x865d, 0x865d, 0x865d, 0x865d, 0x865d, 0x865d, 0x865d, 0x865d, 0x865d, 0x865d, 0x865d, 0x865d, 0x865d, 0x865d, 0x865d,
0x865d, 0x865d, 0x865d, 0x865d, 0x865d, 0x865d, 0x865d, 0x865d, 0x865d, 0x865d, 0x865d, 0x865d, 0x865d, 0x865d, 0x865d, 0x865d,
0x865d, 0x865d, 0x865d, 0x865d, 0x865d, 0x865d, 0x865d, 0x865d, 0x865d, 0x865d, 0x865d, 0x865d, 0x865d, 0x865d, 0x865d, 0x865d,
0x865d, 0x865d, 0x865d, 0x865d, 0x865d, 0x865d, 0x865d, 0x865d, 0x865d, 0x865d, 0x865d, 0x865d, 0x865d, 0x865d, 0x865d, 0x865d,
0x865d, 0x865d, 0x865d, 0x865d, 0x865d, 0x865d, 0x865d, 0x865d, 0x865d, 0x865d, 0x865d, 0x865d, 0x865d, 0x865d, 0x865d, 0x865d,
0x865d, 0x865d, 0x865d, 0x865d, 0x865d, 0x865d, 0x865d, 0x865d, 0x865d, 0x865d, 0x865d, 0x865d, 0x865d, 0x865d, 0x865d, 0x865d,
0x865d, 0x865d, 0x865d, 0x865d, 0x865d, 0x865d, 0x865d, 0x865d, 0x865d, 0x865d, 0x865d, 0x865d, 0x865d, 0x865d, 0x865d, 0x865d,
0x865d, 0x865d, 0x865d, 0x865d, 0x865d, 0x865d, 0x865d, 0x865d, 0x865d, 0x865d, 0x865d, 0x865d, 0x865d, 0x865d, 0x865d, 0x865d,
0x865d, 0x865d, 0x865d, 0x865d, 0x865d, 0x865d, 0x865d, 0x865d, 0x865d, 0x865d, 0x865d, 0x865d, 0x865d, 0x865d, 0x865d, 0x865d,
0x865d, 0x865d, 0x865d, 0x865d, 0x865d, 0x865d, 0x865d, 0x865d, 0x865d, 0x865d, 0x865d, 0x865d, 0x865d, 0x865d, 0x865d, 0x865d,
0x865d, 0x865d, 0x865d, 0x865d, 0x865d, 0x865d, 0x865d, 0x865d, 0x865d, 0x865d, 0x865d, 0x865d, 0x865d, 0x865d, 0x865d, 0x865d,
0x865d, 0x865d, 0x865d, 0x865d, 0x865d, 0x865d, 0x865d, 0x865d, 0x865d, 0x865d, 0x865d, 0x865d, 0x865d, 0x865d, 0x865d, 0x865d,
0x865d, 0x865d, 0x865d, 0x865d, 0x865d, 0x865d, 0x865d, 0x865d, 0x865d, 0x865d, 0x865d, 0x865d, 0x865d, 0x867d, 0x865d, 0x769b,
0x875d, 0x8edd, 0x8edd, 0x8edd, 0x8edd, 0x8edd, 0x8edd, 0x8efd, 0x8efd, 0x8efd, 0x8efd, 0x96fd, 0x96fd, 0x96fd, 0x96fd, 0x96fd,
0x96fd, 0x96fd, 0x96dd, 0x86dd, 0x769d, 0x767d, 0x767d, 0x769d, 0x86fe, 0x7e5d, 0x865d, 0x865d, 0x865d, 0x867d, 0x865d, 0x865d,
0x865d, 0x865d, 0x867d, 0x865d, 0x865d, 0x865d, 0x865d, 0x865d, 0x865d, 0x865d, 0x865d, 0x865d, 0x865d, 0x865d, 0x865d, 0x865d,
0x865d, 0x865d, 0x865d, 0x865d, 0x865d, 0x865d, 0x865d, 0x865d, 0x865d, 0x865d, 0x865d, 0x865d, 0x865d, 0x865d, 0x865d, 0x865d,
0x865d, 0x865d, 0x865d, 0x865d, 0x865d, 0x865d, 0x865d, 0x865d, 0x865d, 0x865d, 0x865d, 0x865d, 0x865d, 0x865d, 0x865d, 0x865d,
0x865d, 0x865d, 0x865d, 0x865d, 0x865d, 0x865d, 0x865d, 0x865d, 0x865d, 0x865d, 0x865d, 0x865d, 0x865d, 0x865d, 0x865d, 0x865d,
0x865d, 0x865d, 0x865d, 0x865d, 0x865d, 0x865d, 0x865d, 0x865d, 0x865d, 0x865d, 0x865d, 0x865d, 0x865d, 0x865d, 0x865d, 0x865d,
0x865d, 0x865d, 0x865d, 0x865d, 0x865d, 0x865d, 0x865d, 0x865d, 0x865d, 0x865d, 0x865d, 0x865d, 0x865d, 0x865d, 0x865d, 0x865d,
0x865d, 0x865d, 0x865d, 0x865d, 0x865d, 0x865d, 0x865d, 0x865d, 0x865d, 0x865d, 0x865d, 0x865d, 0x865d, 0x865d, 0x865d, 0x865d,
0x865d, 0x865d, 0x865d, 0x865d, 0x865d, 0x865d, 0x865d, 0x865d, 0x865d, 0x865d, 0x865d, 0x865d, 0x865d, 0x865d, 0x865d, 0x865d,
0x865d, 0x865d, 0x865d, 0x865d, 0x865d, 0x865d, 0x865d, 0x865d, 0x865d, 0x865d, 0x865d, 0x865d, 0x865d, 0x865d, 0x865d, 0x865d,
0x865d, 0x865d, 0x865d, 0x865d, 0x865d, 0x865d, 0x865d, 0x865d, 0x865d, 0x865d, 0x865d, 0x865d, 0x865d, 0x865d, 0x865d, 0x865d,
0x865d, 0x865d, 0x865d, 0x865d, 0x865d, 0x865d, 0x865d, 0x865d, 0x865d, 0x865d, 0x865d, 0x865d, 0x865d, 0x865d, 0x865d, 0x865d,
0x865d, 0x865d, 0x865d, 0x865d, 0x865d, 0x865d, 0x865d, 0x865d, 0x865d, 0x865d, 0x865d, 0x865d, 0x865d, 0x865d, 0x865d, 0x865d,
0x865d, 0x865d, 0x865d, 0x865d, 0x865d, 0x865d, 0x865d, 0x865d, 0x865d, 0x865d, 0x865d, 0x865d, 0x865d, 0x865d, 0x865d, 0x865d,
0x865d, 0x865d, 0x865d, 0x865d, 0x865d, 0x865d, 0x865d, 0x865d, 0x865d, 0x865d, 0x865d, 0x865d, 0x865d, 0x865d, 0x865d, 0x865d,
0x865d, 0x865d, 0x865d, 0x865d, 0x865d, 0x865d, 0x865d, 0x865d, 0x865d, 0x865d, 0x865d, 0x865d, 0x865d, 0x865d, 0x865d, 0x865d,
0x865d, 0x865d, 0x865d, 0x865d, 0x865d, 0x865d, 0x865d, 0x865d, 0x865d, 0x865d, 0x865d, 0x865d, 0x865d, 0x865d, 0x865d, 0x865d,
0x865d, 0x865d, 0x865d, 0x865d, 0x865d, 0x865d, 0x865d, 0x865d, 0x865d, 0x865d, 0x865d, 0x865d, 0x865d, 0x865d, 0x865d, 0x865d,
0x865d, 0x865d, 0x865d, 0x865d, 0x865d, 0x865d, 0x865d, 0x865d, 0x865d, 0x865d, 0x865d, 0x865d, 0x865d, 0x865d, 0x865d, 0x865d,
0x865d, 0x865d, 0x865d, 0x865d, 0x865d, 0x865d, 0x865d, 0x865d, 0x865d, 0x865d, 0x865d, 0x865d, 0x865d, 0x865d, 0x865d, 0x865d,
0x865d, 0x865d, 0x865d, 0x865d, 0x865d, 0x865d, 0x865d, 0x865d, 0x865d, 0x865d, 0x865d, 0x865d, 0x865d, 0x865d, 0x865d, 0x865d,
0x865d, 0x865d, 0x865d, 0x865d, 0x865d, 0x865d, 0x865d, 0x865d, 0x865d, 0x865d, 0x865d, 0x865d, 0x865d, 0x865d, 0x865d, 0x865d,
0x865d, 0x865d, 0x865d, 0x865d, 0x865d, 0x865d, 0x865d, 0x865d, 0x865d, 0x865d, 0x865d, 0x865d, 0x865d, 0x865d, 0x865d, 0x865d,
0x865d, 0x865d, 0x865d, 0x865d, 0x865d, 0x865d, 0x865d, 0x865d, 0x865d, 0x865d, 0x865d, 0x865d, 0x865d, 0x865d, 0x865d, 0x865d,
0x865d, 0x865d, 0x865d, 0x865d, 0x865d, 0x865d, 0x865d, 0x865d, 0x865d, 0x865d, 0x865d, 0x865d, 0x865d, 0x865d, 0x865d, 0x865d,
0x865d, 0x865d, 0x865d, 0x865d, 0x865d, 0x865d, 0x865d, 0x865d, 0x865d, 0x865d, 0x865d, 0x865d, 0x865d, 0x865d, 0x865d, 0x865d,
0x865d, 0x865d, 0x865d, 0x865d, 0x865d, 0x865d, 0x865d, 0x865d, 0x865d, 0x865d, 0x865d, 0x865d, 0x865d, 0x865d, 0x865d, 0x865d,
0x865d, 0x865d, 0x865d, 0x865d, 0x865d, 0x865d, 0x865d, 0x865d, 0x865d, 0x865d, 0x865d, 0x865d, 0x865d, 0x865d, 0x865d, 0x865d,

/* -57- */
0x865d, 0x865d, 0x865d, 0x865d, 0x865d, 0x865d, 0x865d, 0x865d, 0x865d, 0x865d, 0x865d, 0x865d, 0x865d, 0x865d, 0x865d, 0x865d,
0x865d, 0x865d, 0x865d, 0x865d, 0x865d, 0x865d, 0x865d, 0x865d, 0x865d, 0x865d, 0x865d, 0x865d, 0x865d, 0x865d, 0x865d, 0x865d,
0x865d, 0x865d, 0x865d, 0x865d, 0x865d, 0x865d, 0x865d, 0x865d, 0x865d, 0x865d, 0x865d, 0x865d, 0x865d, 0x865d, 0x865d, 0x865d,
0x865d, 0x865d, 0x865d, 0x865d, 0x865d, 0x865d, 0x865d, 0x865d, 0x865d, 0x865d, 0x865d, 0x865d, 0x865d, 0x865d, 0x865d, 0x865d,
0x865d, 0x865d, 0x865d, 0x865d, 0x865d, 0x865d, 0x865d, 0x865d, 0x865d, 0x865d, 0x865d, 0x865d, 0x865d, 0x865d, 0x865d, 0x865d,
0x865d, 0x865d, 0x865d, 0x865d, 0x865d, 0x865d, 0x865d, 0x865d, 0x865d, 0x865d, 0x865d, 0x865d, 0x865d, 0x865d, 0x865d, 0x865d,
0x865d, 0x865d, 0x865d, 0x865d, 0x865d, 0x865d, 0x865d, 0x865d, 0x865d, 0x865d, 0x865d, 0x865d, 0x865d, 0x865d, 0x865d, 0x865d,
0x865d, 0x865d, 0x865d, 0x865d, 0x865d, 0x865d, 0x865d, 0x865d, 0x865d, 0x865d, 0x865d, 0x865d, 0x865d, 0x865d, 0x865d, 0x865d,
0x865d, 0x865d, 0x865d, 0x865d, 0x865d, 0x865d, 0x865d, 0x865d, 0x865d, 0x865d, 0x865d, 0x865d, 0x865d, 0x865d, 0x865d, 0x865d,
0x865d, 0x865d, 0x865d, 0x865d, 0x865d, 0x865d, 0x865d, 0x865d, 0x865d, 0x865d, 0x865d, 0x865d, 0x865d, 0x865d, 0x865d, 0x865d,
0x865d, 0x865d, 0x865d, 0x865d, 0x865d, 0x865d, 0x865d, 0x865d, 0x865d, 0x865d, 0x865d, 0x865d, 0x865d, 0x865d, 0x865d, 0x865d,
0x865d, 0x865d, 0x865d, 0x865d, 0x865d, 0x865d, 0x865d, 0x865d, 0x865d, 0x865d, 0x865d, 0x865d, 0x865d, 0x865d, 0x865d, 0x865d,
0x865d, 0x865d, 0x865d, 0x865d, 0x865d, 0x865d, 0x865d, 0x865d, 0x865d, 0x865d, 0x865d, 0x865d, 0x865d, 0x865d, 0x865d, 0x865d,
0x865d, 0x865d, 0x865d, 0x865d, 0x865d, 0x865d, 0x865d, 0x865d, 0x865d, 0x865d, 0x865d, 0x865d, 0x865d, 0x865d, 0x865d, 0x865d,
0x865d, 0x865d, 0x865d, 0x865d, 0x865d, 0x865d, 0x865d, 0x865d, 0x865d, 0x865d, 0x865d, 0x865d, 0x865d, 0x865d, 0x865d, 0x865d,
0x865d, 0x865d, 0x865d, 0x865d, 0x865d, 0x865d, 0x865d, 0x865d, 0x865d, 0x865d, 0x865d, 0x865d, 0x865d, 0x865d, 0x865d, 0x865d,
0x865d, 0x865d, 0x865d, 0x865d, 0x865d, 0x865d, 0x865d, 0x865d, 0x865d, 0x865d, 0x865d, 0x865d, 0x865d, 0x865d, 0x865d, 0x865d,
0x865d, 0x865d, 0x865d, 0x865d, 0x865d, 0x865d, 0x865d, 0x865d, 0x865d, 0x865d, 0x865d, 0x865d, 0x865d, 0x865d, 0x865d, 0x865d,
0x865d, 0x865d, 0x865d, 0x865d, 0x865d, 0x865d, 0x865d, 0x865d, 0x865d, 0x865d, 0x865d, 0x865d, 0x865d, 0x865d, 0x865d, 0x865d,
0x865d, 0x865d, 0x865d, 0x865d, 0x865d, 0x865d, 0x865d, 0x865d, 0x865d, 0x865d, 0x865d, 0x865d, 0x865d, 0x865d, 0x865d, 0x865d,
0x865d, 0x865d, 0x865d, 0x865d, 0x865d, 0x865d, 0x865d, 0x865d, 0x865d, 0x865d, 0x865d, 0x865d, 0x865d, 0x865d, 0x865d, 0x865d,
0x865d, 0x865d, 0x865d, 0x865d, 0x865d, 0x865d, 0x865d, 0x865d, 0x865d, 0x865d, 0x865d, 0x865d, 0x865d, 0x865d, 0x865d, 0x865d,
0x865d, 0x865d, 0x865d, 0x865d, 0x865d, 0x865d, 0x865d, 0x865d, 0x865d, 0x865d, 0x865d, 0x865d, 0x865d, 0x865d, 0x865d, 0x865d,
0x865d, 0x865d, 0x865d, 0x865d, 0x865d, 0x865d, 0x865d, 0x865d, 0x865d, 0x865d, 0x865d, 0x865d, 0x865d, 0x865d, 0x865d, 0x865d,
0x865d, 0x865d, 0x865d, 0x865d, 0x865d, 0x865d, 0x865d, 0x865d, 0x865d, 0x865d, 0x865d, 0x865d, 0x865d, 0x865d, 0x865d, 0x865d,
0x865d, 0x865d, 0x865d, 0x865d, 0x865d, 0x865d, 0x865d, 0x865d, 0x865d, 0x865d, 0x865d, 0x865d, 0x865d, 0x865d, 0x865d, 0x865d,
0x865d, 0x865d, 0x865d, 0x865d, 0x865d, 0x865d, 0x865d, 0x865d, 0x865d, 0x865d, 0x865d, 0x865d, 0x865d, 0x865d, 0x865d, 0x865d,
0x865d, 0x865d, 0x865d, 0x865d, 0x865d, 0x865d, 0x865d, 0x865d, 0x865d, 0x865d, 0x865d, 0x865d, 0x865d, 0x865d, 0x865d, 0x865d,
0x865d, 0x865d, 0x865d, 0x865d, 0x865d, 0x865d, 0x865d, 0x865d, 0x865d, 0x865d, 0x865d, 0x865d, 0x865d, 0x865d, 0x865d, 0x865d,
0x865d, 0x865d, 0x865d, 0x865d, 0x865d, 0x865d, 0x865d, 0x865d, 0x865d, 0x865d, 0x865d, 0x865d, 0x865d, 0x865d, 0x865d, 0x865d,
0x865d, 0x865d, 0x865d, 0x865d, 0x865d, 0x865d, 0x865d, 0x865d, 0x865d, 0x865d, 0x865d, 0x865d, 0x865d, 0x865d, 0x865d, 0x865d,
0x865d, 0x865d, 0x865d, 0x865d, 0x865d, 0x865d, 0x865d, 0x865d, 0x865d, 0x865d, 0x865d, 0x865d, 0x865d, 0x865d, 0x865d, 0x865d,
0x865d, 0x865d, 0x865d, 0x865d, 0x865d, 0x865d, 0x865d, 0x865d, 0x865d, 0x865d, 0x865d, 0x865d, 0x865d, 0x865d, 0x865d, 0x865d,
0x865d, 0x865d, 0x865d, 0x865d, 0x865d, 0x865d, 0x865d, 0x865d, 0x865d, 0x865d, 0x865d, 0x865d, 0x865d, 0x865d, 0x865d, 0x865d,
0x865d, 0x865d, 0x865d, 0x865d, 0x865d, 0x865d, 0x865d, 0x865d, 0x865d, 0x865d, 0x865d, 0x865d, 0x865d, 0x865d, 0x865d, 0x865d,
0x865d, 0x865d, 0x865d, 0x865d, 0x865d, 0x865d, 0x865d, 0x865d, 0x865d, 0x865d, 0x865d, 0x865d, 0x865d, 0x865d, 0x865d, 0x865d,
0x865d, 0x865d, 0x865d, 0x865d, 0x865d, 0x865d, 0x865d, 0x865d, 0x865d, 0x865d, 0x865d, 0x865d, 0x865d, 0x865d, 0x865d, 0x865d,
0x865d, 0x865d, 0x865d, 0x865d, 0x865d, 0x865d, 0x865d, 0x865d, 0x865d, 0x865d, 0x865d, 0x865d, 0x865d, 0x865d, 0x865d, 0x865d,
0x865d, 0x865d, 0x865d, 0x865d, 0x865d, 0x865d, 0x865d, 0x865d, 0x865d, 0x865d, 0x865d, 0x865d, 0x865d, 0x865d, 0x865d, 0x865d,
0x865d, 0x865d, 0x865d, 0x865d, 0x865d, 0x865d, 0x865d, 0x865d, 0x865d, 0x865d, 0x865d, 0x865d, 0x865d, 0x865d, 0x865d, 0x865d,
0x865d, 0x865d, 0x865d, 0x865d, 0x865d, 0x865d, 0x865d, 0x865d, 0x865d, 0x865d, 0x865d, 0x865d, 0x865d, 0x865d, 0x865d, 0x865d,
0x865d, 0x865d, 0x865d, 0x865d, 0x865d, 0x865d, 0x865d, 0x865d, 0x865d, 0x865d, 0x865d, 0x865d, 0x865d, 0x865d, 0x865d, 0x865d,
0x865d, 0x865d, 0x865d, 0x865d, 0x865d, 0x865d, 0x865d, 0x865d, 0x865d, 0x865d, 0x865d, 0x865d, 0x865d, 0x865d, 0x865d, 0x865d,
0x865d, 0x865d, 0x865d, 0x865d, 0x865d, 0x865d, 0x865d, 0x865d, 0x865d, 0x865d, 0x865d, 0x865d, 0x865d, 0x865d, 0x865d, 0x865d,
0x865d, 0x865d, 0x865d, 0x865d, 0x865d, 0x865d, 0x865d, 0x865d, 0x865d, 0x865d, 0x865d, 0x865d, 0x865d, 0x865d, 0x865d, 0x865d,
0x865d, 0x865d, 0x865d, 0x865d, 0x865d, 0x865d, 0x865d, 0x865d, 0x865d, 0x865d, 0x865d, 0x865d, 0x865d, 0x865d, 0x865d, 0x865d,
0x865d, 0x865d, 0x865d, 0x865d, 0x865d, 0x865d, 0x865d, 0x865d, 0x865d, 0x865d, 0x865d, 0x865d, 0x865d, 0x865d, 0x865d, 0x865d,
0x865d, 0x865d, 0x865d, 0x865d, 0x865d, 0x865d, 0x865d, 0x865d, 0x865d, 0x865d, 0x865d, 0x865d, 0x865d, 0x865d, 0x865d, 0x865d,
0x865d, 0x865d, 0x865d, 0x865d, 0x865d, 0x865d, 0x865d, 0x865d, 0x865d, 0x865d, 0x865d, 0x865d, 0x865d, 0x865d, 0x865d, 0x865d,
0x865d, 0x865d, 0x865d, 0x865d, 0x865d, 0x865d, 0x865d, 0x865d, 0x865d, 0x865d, 0x865d, 0x865d, 0x865d, 0x865d, 0x865d, 0x865d,
0x865d, 0x865d, 0x865d, 0x865d, 0x865d, 0x865d, 0x865d, 0x865d, 0x865d, 0x865d, 0x865d, 0x865d, 0x865d, 0x865d, 0x865d, 0x865d,
0x865d, 0x865d, 0x865d, 0x865d, 0x865d, 0x865d, 0x865d, 0x865d, 0x865d, 0x865d, 0x865d, 0x865d, 0x865d, 0x865d, 0x865d, 0x865d,
0x865d, 0x865d, 0x865d, 0x865d, 0x865d, 0x865d, 0x865d, 0x865d, 0x865d, 0x865d, 0x865d, 0x865d, 0x865d, 0x865d, 0x865d, 0x865d,
0x865d, 0x865d, 0x865d, 0x865d, 0x865d, 0x865d, 0x865d, 0x865d, 0x865d, 0x865d, 0x865d, 0x865d, 0x865d, 0x865d, 0x865d, 0x865d,
0x865d, 0x865d, 0x865d, 0x865d, 0x865d, 0x865d, 0x865d, 0x865d, 0x865d, 0x865d, 0x865d, 0x865d, 0x865d, 0x865d, 0x865d, 0x865d,
0x865d, 0x865d, 0x865d, 0x865d, 0x865d, 0x865d, 0x865d, 0x865d, 0x865d, 0x865d, 0x865d, 0x865d, 0x865d, 0x865d, 0x865d, 0x865d,
0x865d, 0x865d, 0x865d, 0x865d, 0x865d, 0x865d, 0x865d, 0x865d, 0x865d, 0x865d, 0x865d, 0x865d, 0x865d, 0x865d, 0x865d, 0x865d,
0x865d, 0x865d, 0x865d, 0x865d, 0x865d, 0x865d, 0x865d, 0x865d, 0x865d, 0x865d, 0x865d, 0x865d, 0x865d, 0x865d, 0x865d, 0x865d,
0x865d, 0x865d, 0x865d, 0x865d, 0x865d, 0x865d, 0x865d, 0x865d, 0x865d, 0x865d, 0x865d, 0x865d, 0x865d, 0x865d, 0x865d, 0x865d,
0x865d, 0x865d, 0x865d, 0x865d, 0x865d, 0x865d, 0x865d, 0x865d, 0x865d, 0x865d, 0x865d, 0x865d, 0x865d, 0x865d, 0x865d, 0x865d,
0x865d, 0x865d, 0x865d, 0x865d, 0x865d, 0x865d, 0x865d, 0x865d, 0x865d, 0x865d, 0x865d, 0x865d, 0x865d, 0x865d, 0x865d, 0x865d,
0x865d, 0x865d, 0x865d, 0x865d, 0x865d, 0x865d, 0x865d, 0x865d, 0x865d, 0x865d, 0x865d, 0x865d, 0x865d, 0x865d, 0x865d, 0x865d,
0x865d, 0x865d, 0x865d, 0x865d, 0x865d, 0x865d, 0x865d, 0x865d, 0x865d, 0x865d, 0x865d, 0x865d, 0x865d, 0x865d, 0x865d, 0x865d,
0x865d, 0x865d, 0x865d, 0x865d, 0x865d, 0x865d, 0x865d, 0x865d, 0x865d, 0x865d, 0x865d, 0x865d, 0x865d, 0x865d, 0x865d, 0x865d,
0x865d, 0x865d, 0x865d, 0x865d, 0x865d, 0x865d, 0x865d, 0x865d, 0x865d, 0x865d, 0x865d, 0x865d, 0x865d, 0x865d, 0x865d, 0x865d,

/* -58- */
0x865d, 0x865d, 0x865d, 0x865d, 0x865d, 0x865d, 0x865d, 0x865d, 0x865d, 0x865d, 0x865d, 0x865d, 0x865d, 0x865d, 0x865d, 0x865d,
0x865d, 0x865d, 0x865d, 0x865d, 0x865d, 0x865d, 0x865d, 0x865d, 0x865d, 0x865d, 0x865d, 0x865d, 0x865d, 0x865d, 0x865d, 0x865d,
0x865d, 0x865d, 0x865d, 0x865d, 0x865d, 0x865d, 0x865d, 0x865d, 0x865d, 0x865d, 0x865d, 0x865d, 0x865d, 0x865d, 0x865d, 0x865d,
0x865d, 0x865d, 0x865d, 0x865d, 0x865d, 0x865d, 0x865d, 0x865d, 0x865d, 0x865d, 0x865d, 0x865d, 0x865d, 0x865d, 0x865d, 0x865d,
0x865d, 0x865d, 0x865d, 0x865d, 0x865d, 0x865d, 0x865d, 0x865d, 0x865d, 0x865d, 0x865d, 0x865d, 0x865d, 0x865d, 0x865d, 0x865d,
0x865d, 0x865d, 0x865d, 0x865d, 0x865d, 0x865d, 0x865d, 0x865d, 0x865d, 0x865d, 0x865d, 0x865d, 0x865d, 0x865d, 0x865d, 0x865d,
0x865d, 0x865d, 0x865d, 0x865d, 0x865d, 0x865d, 0x865d, 0x865d, 0x865d, 0x865d, 0x865d, 0x865d, 0x865d, 0x865d, 0x865d, 0x865d,
0x865d, 0x865d, 0x865d, 0x865d, 0x865d, 0x865d, 0x865d, 0x865d, 0x865d, 0x865d, 0x865d, 0x865d, 0x865d, 0x865d, 0x865d, 0x865d,
0x865d, 0x865d, 0x865d, 0x865d, 0x865d, 0x865d, 0x865d, 0x865d, 0x865d, 0x865d, 0x865d, 0x865d, 0x865d, 0x865d, 0x865d, 0x865d,
0x865d, 0x865d, 0x865d, 0x865d, 0x865d, 0x865d, 0x865d, 0x865d, 0x865d, 0x865d, 0x865d, 0x865d, 0x865d, 0x865d, 0x865d, 0x865d,
0x865d, 0x865d, 0x865d, 0x865d, 0x865d, 0x865d, 0x865d, 0x865d, 0x865d, 0x865d, 0x865d, 0x865d, 0x865d, 0x865d, 0x865d, 0x865d,
0x865d, 0x865d, 0x865d, 0x865d, 0x865d, 0x865d, 0x865d, 0x865d, 0x865d, 0x865d, 0x865d, 0x865d, 0x865d, 0x865d, 0x865d, 0x865d,
0x865d, 0x865d, 0x865d, 0x865d, 0x865d, 0x865d, 0x865d, 0x865d, 0x865d, 0x865d, 0x865d, 0x865d, 0x865d, 0x865d, 0x865d, 0x865d,
0x865d, 0x865d, 0x865d, 0x865d, 0x865d, 0x865d, 0x865d, 0x865d, 0x865d, 0x865d, 0x865d, 0x865d, 0x865d, 0x865d, 0x865d, 0x865d,
0x865d, 0x865d, 0x865d, 0x865d, 0x865d, 0x865d, 0x865d, 0x865d, 0x865d, 0x865d, 0x865d, 0x865d, 0x865d, 0x865d, 0x865d, 0x865d,
0x865d, 0x865d, 0x865d, 0x865d, 0x865d, 0x865d, 0x865d, 0x865d, 0x865d, 0x865d, 0x865d, 0x865d, 0x865d, 0x865d, 0x865d, 0x865d,
0x865d, 0x865d, 0x865d, 0x865d, 0x865d, 0x865d, 0x865d, 0x865d, 0x865d, 0x865d, 0x865d, 0x865d, 0x865d, 0x865d, 0x865d, 0x865d,
0x865d, 0x865d, 0x865d, 0x865d, 0x865d, 0x865d, 0x865d, 0x865d, 0x865d, 0x865d, 0x865d, 0x865d, 0x865d, 0x865d, 0x865d, 0x865d,
0x865d, 0x865d, 0x865d, 0x865d, 0x865d, 0x865d, 0x865d, 0x865d, 0x865d, 0x865d, 0x865d, 0x865d, 0x865d, 0x865d, 0x865d, 0x865d,
0x865d, 0x865d, 0x865d, 0x865d, 0x865d, 0x865d, 0x865d, 0x865d, 0x865d, 0x865d, 0x865d, 0x865d, 0x865d, 0x865d, 0x865d, 0x865d,
0x865d, 0x865d, 0x865d, 0x865d, 0x865d, 0x865d, 0x865d, 0x865d, 0x865d, 0x865d, 0x865d, 0x865d, 0x865d, 0x865d, 0x865d, 0x865d,
0x865d, 0x865d, 0x865d, 0x865d, 0x865d, 0x865d, 0x865d, 0x865d, 0x865d, 0x865d, 0x865d, 0x865d, 0x865d, 0x865d, 0x865d, 0x865d,
0x865d, 0x865d, 0x865d, 0x865d, 0x865d, 0x865d, 0x865d, 0x865d, 0x865d, 0x865d, 0x865d, 0x865d, 0x865d, 0x865d, 0x865d, 0x865d,
0x865d, 0x865d, 0x865d, 0x865d, 0x865d, 0x865d, 0x865d, 0x865d, 0x865d, 0x865d, 0x865d, 0x865d, 0x865d, 0x865d, 0x865d, 0x865d,
0x865d, 0x865d, 0x865d, 0x865d, 0x865d, 0x865d, 0x865d, 0x865d, 0x865d, 0x865d, 0x865d, 0x865d, 0x865d, 0x865d, 0x865d, 0x865d,
0x865d, 0x865d, 0x865d, 0x865d, 0x865d, 0x865d, 0x865d, 0x865d, 0x865d, 0x865d, 0x865d, 0x865d, 0x865d, 0x865d, 0x865d, 0x865d,
0x865d, 0x865d, 0x865d, 0x865d, 0x865d, 0x865d, 0x865d, 0x865d, 0x865d, 0x865d, 0x865d, 0x865d, 0x865d, 0x865d, 0x865d, 0x865d,
0x865d, 0x865d, 0x865d, 0x865d, 0x865d, 0x865d, 0x865d, 0x865d, 0x865d, 0x865d, 0x865d, 0x865d, 0x865d, 0x865d, 0x865d, 0x865d,
0x865d, 0x865d, 0x865d, 0x865d, 0x865d, 0x865d, 0x865d, 0x865d, 0x865d, 0x865d, 0x865d, 0x865d, 0x865d, 0x865d, 0x865d, 0x865d,
0x865d, 0x865d, 0x865d, 0x865d, 0x865d, 0x865d, 0x865d, 0x865d, 0x865d, 0x865d, 0x865d, 0x865d, 0x865d, 0x865d, 0x865d, 0x865d,
0x865d, 0x865d, 0x865d, 0x865d, 0x865d, 0x865d, 0x865d, 0x865d, 0x865d, 0x865d, 0x865d, 0x865d, 0x865d, 0x865d, 0x865d, 0x865d,
0x865d, 0x865d, 0x865d, 0x865d, 0x865d, 0x865d, 0x865d, 0x865d, 0x865d, 0x865d, 0x865d, 0x865d, 0x865d, 0x865d, 0x865d, 0x865d,
0x865d, 0x865d, 0x865d, 0x865d, 0x865d, 0x865d, 0x865d, 0x865d, 0x865d, 0x865d, 0x865d, 0x865d, 0x865d, 0x865d, 0x865d, 0x865d,
0x865d, 0x865d, 0x865d, 0x865d, 0x865d, 0x865d, 0x865d, 0x865d, 0x865d, 0x865d, 0x865d, 0x865d, 0x865d, 0x865d, 0x865d, 0x865d,
0x865d, 0x865d, 0x865d, 0x865d, 0x865d, 0x865d, 0x865d, 0x865d, 0x865d, 0x865d, 0x865d, 0x865d, 0x865d, 0x865d, 0x865d, 0x865d,
0x865d, 0x865d, 0x865d, 0x865d, 0x865d, 0x865d, 0x865d, 0x865d, 0x865d, 0x865d, 0x865d, 0x865d, 0x865d, 0x865d, 0x865d, 0x865d,
0x865d, 0x865d, 0x865d, 0x865d, 0x865d, 0x865d, 0x865d, 0x865d, 0x865d, 0x865d, 0x865d, 0x865d, 0x865d, 0x865d, 0x865d, 0x865d,
0x865d, 0x865d, 0x865d, 0x865d, 0x865d, 0x865d, 0x865d, 0x865d, 0x865d, 0x865d, 0x865d, 0x865d, 0x865d, 0x865d, 0x865d, 0x865d,
0x865d, 0x865d, 0x865d, 0x865d, 0x865d, 0x865d, 0x865d, 0x865d, 0x865d, 0x865d, 0x865d, 0x865d, 0x865d, 0x865d, 0x865d, 0x865d,
0x865d, 0x865d, 0x865d, 0x865d, 0x865d, 0x865d, 0x865d, 0x865d, 0x865d, 0x865d, 0x865d, 0x865d, 0x865d, 0x865d, 0x865d, 0x865d,
0x865d, 0x865d, 0x865d, 0x865d, 0x865d, 0x865d, 0x865d, 0x865d, 0x865d, 0x865d, 0x865d, 0x865d, 0x865d, 0x865d, 0x865d, 0x865d,
0x865d, 0x865d, 0x865d, 0x865d, 0x865d, 0x865d, 0x865d, 0x865d, 0x865d, 0x865d, 0x865d, 0x865d, 0x865d, 0x865d, 0x865d, 0x865d,
0x865d, 0x865d, 0x865d, 0x865d, 0x865d, 0x865d, 0x865d, 0x865d, 0x865d, 0x865d, 0x865d, 0x865d, 0x865d, 0x865d, 0x865d, 0x865d,
0x865d, 0x865d, 0x865d, 0x865d, 0x865d, 0x865d, 0x865d, 0x865d, 0x865d, 0x865d, 0x865d, 0x865d, 0x865d, 0x865d, 0x865d, 0x865d,
0x865d, 0x865d, 0x865d, 0x865d, 0x865d, 0x865d, 0x865d, 0x865d, 0x865d, 0x865d, 0x865d, 0x865d, 0x865d, 0x865d, 0x865d, 0x865d,
0x865d, 0x865d, 0x865d, 0x865d, 0x865d, 0x865d, 0x865d, 0x865d, 0x865d, 0x865d, 0x865d, 0x865d, 0x865d, 0x865d, 0x865d, 0x865d,
0x865d, 0x865d, 0x865d, 0x865d, 0x865d, 0x865d, 0x865d, 0x865d, 0x865d, 0x865d, 0x865d, 0x865d, 0x865d, 0x865d, 0x865d, 0x865d,
0x865d, 0x865d, 0x865d, 0x865d, 0x865d, 0x865d, 0x865d, 0x865d, 0x865d, 0x865d, 0x865d, 0x865d, 0x865d, 0x865d, 0x865d, 0x865d,
0x865d, 0x865d, 0x865d, 0x865d, 0x865d, 0x865d, 0x865d, 0x865d, 0x865d, 0x865d, 0x865d, 0x865d, 0x865d, 0x865d, 0x865d, 0x865d,
0x865d, 0x865d, 0x865d, 0x865d, 0x865d, 0x865d, 0x865d, 0x865d, 0x865d, 0x865d, 0x865d, 0x865d, 0x865d, 0x865d, 0x865d, 0x865d,
0x865d, 0x865d, 0x865d, 0x865d, 0x865d, 0x865d, 0x865d, 0x865d, 0x865d, 0x865d, 0x865d, 0x865d, 0x865d, 0x865d, 0x865d, 0x865d,
0x865d, 0x865d, 0x865d, 0x865d, 0x865d, 0x865d, 0x865d, 0x865d, 0x865d, 0x865d, 0x865d, 0x865d, 0x865d, 0x865d, 0x865d, 0x865d,
0x865d, 0x865d, 0x865d, 0x865d, 0x865d, 0x865d, 0x865d, 0x865d, 0x865d, 0x865d, 0x865d, 0x865d, 0x865d, 0x865d, 0x865d, 0x865d,
0x865d, 0x865d, 0x865d, 0x865d, 0x865d, 0x865d, 0x865d, 0x865d, 0x865d, 0x865d, 0x865d, 0x865d, 0x865d, 0x865d, 0x865d, 0x865d,
0x865d, 0x865d, 0x865d, 0x865d, 0x865d, 0x865d, 0x865d, 0x865d, 0x865d, 0x865d, 0x865d, 0x865d, 0x865d, 0x865d, 0x865d, 0x865d,
0x865d, 0x865d, 0x865d, 0x865d, 0x865d, 0x865d, 0x865d, 0x865d, 0x865d, 0x865d, 0x865d, 0x865d, 0x865d, 0x865d, 0x865d, 0x865d,
0x865d, 0x865d, 0x865d, 0x865d, 0x865d, 0x865d, 0x865d, 0x865d, 0x865d, 0x865d, 0x865d, 0x865d, 0x865d, 0x865d, 0x865d, 0x865d,
0x865d, 0x865d, 0x865d, 0x865d, 0x865d, 0x865d, 0x865d, 0x865d, 0x865d, 0x865d, 0x865d, 0x865d, 0x865d, 0x865d, 0x865d, 0x865d,
0x865d, 0x865d, 0x865d, 0x865d, 0x865d, 0x865d, 0x865d, 0x865d, 0x865d, 0x865d, 0x865d, 0x865d, 0x865d, 0x865d, 0x865d, 0x865d,
0x865d, 0x865d, 0x865d, 0x865d, 0x865d, 0x865d, 0x865d, 0x865d, 0x865d, 0x865d, 0x865d, 0x865d, 0x865d, 0x865d, 0x865d, 0x865d,
0x865d, 0x865d, 0x865d, 0x865d, 0x865d, 0x865d, 0x865d, 0x865d, 0x865d, 0x865d, 0x865d, 0x865d, 0x865d, 0x865d, 0x865d, 0x865d,
0x865d, 0x865d, 0x865d, 0x865d, 0x865d, 0x865d, 0x865d, 0x865d, 0x865d, 0x865d, 0x865d, 0x865d, 0x865d, 0x865d, 0x865d, 0x865d,
0x865d, 0x865d, 0x865d, 0x865d, 0x865d, 0x865d, 0x865d, 0x865d, 0x865d, 0x865d, 0x865d, 0x865d, 0x865d, 0x865d, 0x865d, 0x865d,
0x865d, 0x865d, 0x865d, 0x865d, 0x865d, 0x865d, 0x865d, 0x865d, 0x865d, 0x865d, 0x865d, 0x865d, 0x865d, 0x865d, 0x865d, 0x865d,
0x865d, 0x865d, 0x865d, 0x865d, 0x865d, 0x865d, 0x865d, 0x865d, 0x865d, 0x865d, 0x865d, 0x865d, 0x865d, 0x865d, 0x865d, 0x865d,

/* -59- */
0x865d, 0x865d, 0x865d, 0x865d, 0x865d, 0x865d, 0x865d, 0x865d, 0x865d, 0x865d, 0x865d, 0x865d, 0x865d, 0x865d, 0x865d, 0x865d,
0x865d, 0x865d, 0x865d, 0x865d, 0x865d, 0x865d, 0x865d, 0x865d, 0x865d, 0x865d, 0x865d, 0x865d, 0x865d, 0x865d, 0x865d, 0x865d,
0x865d, 0x865d, 0x865d, 0x865d, 0x865d, 0x865d, 0x865d, 0x865d, 0x865d, 0x865d, 0x865d, 0x865d, 0x865d, 0x865d, 0x865d, 0x865d,
0x865d, 0x865d, 0x865d, 0x865d, 0x865d, 0x865d, 0x865d, 0x865d, 0x865d, 0x865d, 0x865d, 0x865d, 0x865d, 0x865d, 0x865d, 0x865d,
0x865d, 0x865d, 0x865d, 0x865d, 0x865d, 0x865d, 0x865d, 0x865d, 0x865d, 0x865d, 0x865d, 0x865d, 0x865d, 0x865d, 0x865d, 0x865d,
0x865d, 0x865d, 0x865d, 0x865d, 0x865d, 0x865d, 0x865d, 0x865d, 0x865d, 0x865d, 0x865d, 0x865d, 0x865d, 0x865d, 0x865d, 0x865d,
0x865d, 0x865d, 0x865d, 0x865d, 0x865d, 0x865d, 0x865d, 0x865d, 0x865d, 0x865d, 0x865d, 0x865d, 0x865d, 0x865d, 0x865d, 0x865d,
0x865d, 0x865d, 0x865d, 0x865d, 0x865d, 0x865d, 0x865d, 0x865d, 0x865d, 0x865d, 0x865d, 0x865d, 0x865d, 0x865d, 0x865d, 0x865d,
0x865d, 0x865d, 0x865d, 0x865d, 0x865d, 0x865d, 0x865d, 0x865d, 0x865d, 0x865d, 0x865d, 0x865d, 0x865d, 0x865d, 0x865d, 0x865d,
0x865d, 0x865d, 0x865d, 0x865d, 0x865d, 0x865d, 0x865d, 0x865d, 0x865d, 0x865d, 0x865d, 0x865d, 0x865d, 0x865d, 0x865d, 0x865d,
0x865d, 0x865d, 0x865d, 0x865d, 0x865d, 0x865d, 0x865d, 0x865d, 0x865d, 0x865d, 0x865d, 0x865d, 0x865d, 0x865d, 0x865d, 0x865d,
0x865d, 0x865d, 0x865d, 0x865d, 0x865d, 0x865d, 0x865d, 0x865d, 0x865d, 0x865d, 0x865d, 0x865d, 0x865d, 0x865d, 0x865d, 0x865d,
0x865d, 0x865d, 0x865d, 0x865d, 0x865d, 0x865d, 0x865d, 0x865d, 0x865d, 0x865d, 0x865d, 0x865d, 0x865d, 0x865d, 0x865d, 0x865d,
0x865d, 0x865d, 0x865d, 0x865d, 0x865d, 0x865d, 0x865d, 0x865d, 0x865d, 0x865d, 0x865d, 0x865d, 0x865d, 0x865d, 0x865d, 0x865d,
0x865d, 0x865d, 0x865d, 0x865d, 0x865d, 0x865d, 0x865d, 0x865d, 0x865d, 0x865d, 0x865d, 0x865d, 0x865d, 0x865d, 0x865d, 0x865d,
0x865d, 0x865d, 0x865d, 0x865d, 0x865d, 0x865d, 0x865d, 0x865d, 0x865d, 0x865d, 0x865d, 0x865d, 0x865d, 0x865d, 0x865d, 0x865d,
0x865d, 0x865d, 0x865d, 0x865d, 0x865d, 0x865d, 0x865d, 0x865d, 0x865d, 0x865d, 0x865d, 0x865d, 0x865d, 0x865d, 0x865d, 0x865d,
0x865d, 0x865d, 0x865d, 0x865d, 0x865d, 0x865d, 0x865d, 0x865d, 0x865d, 0x865d, 0x865d, 0x865d, 0x865d, 0x865d, 0x865d, 0x865d,
0x865d, 0x865d, 0x865d, 0x865d, 0x865d, 0x865d, 0x865d, 0x865d, 0x865d, 0x865d, 0x865d, 0x865d, 0x865d, 0x865d, 0x865d, 0x865d,
0x865d, 0x865d, 0x865d, 0x865d, 0x865d, 0x865d, 0x865d, 0x865d, 0x865d, 0x865d, 0x865d, 0x865d, 0x865d, 0x865d, 0x865d, 0x865d,
0x865d, 0x865d, 0x865d, 0x865d, 0x865d, 0x865d, 0x865d, 0x865d, 0x865d, 0x865d, 0x865d, 0x865d, 0x865d, 0x865d, 0x865d, 0x865d,
0x865d, 0x865d, 0x865d, 0x865d, 0x865d, 0x865d, 0x865d, 0x865d, 0x865d, 0x865d, 0x865d, 0x865d, 0x865d, 0x865d, 0x865d, 0x865d,
0x865d, 0x865d, 0x865d, 0x865d, 0x865d, 0x865d, 0x865d, 0x865d, 0x865d, 0x865d, 0x865d, 0x865d, 0x865d, 0x865d, 0x865d, 0x865d,
0x865d, 0x865d, 0x865d, 0x865d, 0x865d, 0x865d, 0x865d, 0x865d, 0x865d, 0x865d, 0x865d, 0x865d, 0x865d, 0x865d, 0x865d, 0x865d,
0x865d, 0x865d, 0x865d, 0x865d, 0x865d, 0x865d, 0x865d, 0x865d, 0x865d, 0x865d, 0x865d, 0x865d, 0x865d, 0x865d, 0x865d, 0x865d,
0x865d, 0x865d, 0x865d, 0x865d, 0x865d, 0x865d, 0x865d, 0x865d, 0x865d, 0x865d, 0x865d, 0x865d, 0x865d, 0x865d, 0x865d, 0x865d,
0x865d, 0x865d, 0x865d, 0x865d, 0x865d, 0x865d, 0x865d, 0x865d, 0x865d, 0x865d, 0x865d, 0x865d, 0x865d, 0x865d, 0x865d, 0x865d,
0x865d, 0x865d, 0x865d, 0x865d, 0x865d, 0x865d, 0x865d, 0x865d, 0x865d, 0x865d, 0x865d, 0x865d, 0x865d, 0x865d, 0x865d, 0x865d,
0x865d, 0x865d, 0x865d, 0x865d, 0x865d, 0x865d, 0x865d, 0x865d, 0x865d, 0x865d, 0x865d, 0x865d, 0x865d, 0x865d, 0x865d, 0x865d,
0x865d, 0x865d, 0x865d, 0x865d, 0x865d, 0x865d, 0x865d, 0x865d, 0x865d, 0x865d, 0x865d, 0x865d, 0x865d, 0x865d, 0x865d, 0x865d,
0x865d, 0x865d, 0x865d, 0x865d, 0x865d, 0x865d, 0x865d, 0x865d, 0x865d, 0x865d, 0x865d, 0x865d, 0x865d, 0x865d, 0x865d, 0x865d,
0x865d, 0x865d, 0x865d, 0x865d, 0x865d, 0x865d, 0x865d, 0x865d, 0x865d, 0x865d, 0x865d, 0x865d, 0x865d, 0x865d, 0x865d, 0x865d,
0x865d, 0x865d, 0x865d, 0x865d, 0x865d, 0x865d, 0x865d, 0x865d, 0x865d, 0x865d, 0x865d, 0x865d, 0x865d, 0x865d, 0x865d, 0x865d,
0x865d, 0x865d, 0x865d, 0x865d, 0x865d, 0x865d, 0x865d, 0x865d, 0x865d, 0x865d, 0x865d, 0x865d, 0x865d, 0x865d, 0x865d, 0x865d,
0x865d, 0x865d, 0x865d, 0x865d, 0x865d, 0x865d, 0x865d, 0x865d, 0x865d, 0x865d, 0x865d, 0x865d, 0x865d, 0x865d, 0x865d, 0x865d,
0x865d, 0x865d, 0x865d, 0x865d, 0x865d, 0x865d, 0x865d, 0x865d, 0x865d, 0x865d, 0x865d, 0x865d, 0x865d, 0x865d, 0x865d, 0x865d,
0x865d, 0x865d, 0x865d, 0x865d, 0x865d, 0x865d, 0x865d, 0x865d, 0x865d, 0x865d, 0x865d, 0x865d, 0x865d, 0x865d, 0x865d, 0x865d,
0x865d, 0x865d, 0x865d, 0x865d, 0x865d, 0x865d, 0x865d, 0x865d, 0x865d, 0x865d, 0x865d, 0x865d, 0x865d, 0x865d, 0x865d, 0x865d,
0x865d, 0x865d, 0x865d, 0x865d, 0x865d, 0x865d, 0x865d, 0x865d, 0x865d, 0x865d, 0x865d, 0x865d, 0x865d, 0x865d, 0x865d, 0x865d,
0x865d, 0x865d, 0x865d, 0x865d, 0x865d, 0x865d, 0x865d, 0x865d, 0x865d, 0x865d, 0x865d, 0x865d, 0x865d, 0x865d, 0x865d, 0x865d,
0x865d, 0x865d, 0x865d, 0x865d, 0x865d, 0x865d, 0x865d, 0x865d, 0x865d, 0x865d, 0x865d, 0x865d, 0x865d, 0x865d, 0x865d, 0x865d,
0x865d, 0x865d, 0x865d, 0x865d, 0x865d, 0x865d, 0x865d, 0x865d, 0x865d, 0x865d, 0x865d, 0x865d, 0x865d, 0x865d, 0x865d, 0x865d,
0x865d, 0x865d, 0x865d, 0x865d, 0x865d, 0x865d, 0x865d, 0x865d, 0x865d, 0x865d, 0x865d, 0x865d, 0x865d, 0x865d, 0x865d, 0x865d,
0x865d, 0x865d, 0x865d, 0x865d, 0x865d, 0x865d, 0x865d, 0x865d, 0x865d, 0x865d, 0x865d, 0x865d, 0x865d, 0x865d, 0x865d, 0x865d,
0x865d, 0x865d, 0x865d, 0x865d, 0x865d, 0x865d, 0x865d, 0x865d, 0x865d, 0x865d, 0x865d, 0x865d, 0x865d, 0x865d, 0x865d, 0x865d,
0x865d, 0x865d, 0x865d, 0x865d, 0x865d, 0x865d, 0x865d, 0x865d, 0x865d, 0x865d, 0x865d, 0x865d, 0x865d, 0x865d, 0x865d, 0x865d,
0x865d, 0x865d, 0x865d, 0x865d, 0x865d, 0x865d, 0x865d, 0x865d, 0x865d, 0x865d, 0x865d, 0x865d, 0x865d, 0x865d, 0x865d, 0x865d,
0x865d, 0x865d, 0x865d, 0x865d, 0x865d, 0x865d, 0x865d, 0x865d, 0x865d, 0x865d, 0x865d, 0x865d, 0x865d, 0x865d, 0x865d, 0x865d,
0x865d, 0x865d, 0x865d, 0x865d, 0x865d, 0x865d, 0x865d, 0x865d, 0x865d, 0x865d, 0x865d, 0x865d, 0x865d, 0x865d, 0x865d, 0x865d,
0x865d, 0x865d, 0x865d, 0x865d, 0x865d, 0x865d, 0x865d, 0x865d, 0x865d, 0x865d, 0x865d, 0x865d, 0x865d, 0x865d, 0x865d, 0x865d,
0x865d, 0x865d, 0x865d, 0x865d, 0x865d, 0x865d, 0x865d, 0x865d, 0x865d, 0x865d, 0x865d, 0x865d, 0x865d, 0x865d, 0x865d, 0x865d,
0x865d, 0x865d, 0x865d, 0x865d, 0x865d, 0x865d, 0x865d, 0x865d, 0x865d, 0x865d, 0x865d, 0x865d, 0x865d, 0x865d, 0x865d, 0x865d,
0x865d, 0x865d, 0x865d, 0x865d, 0x865d, 0x865d, 0x865d, 0x865d, 0x865d, 0x865d, 0x865d, 0x865d, 0x865d, 0x865d, 0x865d, 0x865d,
0x865d, 0x865d, 0x865d, 0x865d, 0x865d, 0x865d, 0x865d, 0x865d, 0x865d, 0x865d, 0x865d, 0x865d, 0x865d, 0x865d, 0x865d, 0x865d,
0x865d, 0x865d, 0x865d, 0x865d, 0x865d, 0x865d, 0x865d, 0x865d, 0x865d, 0x865d, 0x865d, 0x865d, 0x865d, 0x865d, 0x865d, 0x865d,
0x865d, 0x865d, 0x865d, 0x865d, 0x865d, 0x865d, 0x865d, 0x865d, 0x865d, 0x865d, 0x865d, 0x865d, 0x865d, 0x865d, 0x865d, 0x865d,
0x865d, 0x865d, 0x865d, 0x865d, 0x865d, 0x865d, 0x865d, 0x865d, 0x865d, 0x865d, 0x865d, 0x865d, 0x865d, 0x865d, 0x865d, 0x865d,
0x865d, 0x865d, 0x865d, 0x865d, 0x865d, 0x865d, 0x865d, 0x865d, 0x865d, 0x865d, 0x865d, 0x865d, 0x865d, 0x865d, 0x865d, 0x865d,
0x865d, 0x865d, 0x865d, 0x865d, 0x865d, 0x865d, 0x865d, 0x865d, 0x865d, 0x865d, 0x865d, 0x865d, 0x865d, 0x865d, 0x865d, 0x865d,
0x865d, 0x865d, 0x865d, 0x865d, 0x865d, 0x865d, 0x865d, 0x865d, 0x865d, 0x865d, 0x865d, 0x865d, 0x865d, 0x865d, 0x865d, 0x865d,
0x865d, 0x865d, 0x865d, 0x865d, 0x865d, 0x865d, 0x865d, 0x865d, 0x865d, 0x865d, 0x865d, 0x865d, 0x865d, 0x865d, 0x865d, 0x865d,
0x865d, 0x865d, 0x865d, 0x865d, 0x865d, 0x865d, 0x865d, 0x865d, 0x865d, 0x865d, 0x865d, 0x865d, 0x865d, 0x865d, 0x865d, 0x865d,
0x865d, 0x865d, 0x865d, 0x865d, 0x865d, 0x865d, 0x865d, 0x865d, 0x865d, 0x865d, 0x865d, 0x865d, 0x865d, 0x865d, 0x865d, 0x865d,
0x865d, 0x865d, 0x865d, 0x865d, 0x865d, 0x865d, 0x865d, 0x865d, 0x865d, 0x865d, 0x865d, 0x865d, 0x865d, 0x865d, 0x865d, 0x865d,
0x865d, 0x865d, 0x865d, 0x865d, 0x865d, 0x865d, 0x865d, 0x865d, 0x865d, 0x865d, 0x865d, 0x865d, 0x865d, 0x865d, 0x865d, 0x865d,

/* -60- */
0x865d, 0x865d, 0x865d, 0x865d, 0x865d, 0x865d, 0x865d, 0x865d, 0x865d, 0x865d, 0x865d, 0x865d, 0x865d, 0x865d, 0x865d, 0x865d,
0x865d, 0x865d, 0x865d, 0x865d, 0x865d, 0x865d, 0x865d, 0x865d, 0x865d, 0x865d, 0x865d, 0x865d, 0x865d, 0x865d, 0x865d, 0x865d,
0x865d, 0x865d, 0x865d, 0x865d, 0x865d, 0x865d, 0x865d, 0x865d, 0x865d, 0x865d, 0x865d, 0x865d, 0x865d, 0x865d, 0x865d, 0x865d,
0x865d, 0x865d, 0x865d, 0x865d, 0x865d, 0x865d, 0x865d, 0x865d, 0x865d, 0x865d, 0x865d, 0x865d, 0x865d, 0x865d, 0x865d, 0x865d,
0x865d, 0x865d, 0x865d, 0x865d, 0x865d, 0x865d, 0x865d, 0x865d, 0x865d, 0x865d, 0x865d, 0x865d, 0x865d, 0x865d, 0x865d, 0x865d,
0x865d, 0x865d, 0x865d, 0x865d, 0x865d, 0x865d, 0x865d, 0x865d, 0x865d, 0x865d, 0x865d, 0x865d, 0x865d, 0x865d, 0x865d, 0x865d,
0x865d, 0x865d, 0x865d, 0x865d, 0x865d, 0x865d, 0x865d, 0x865d, 0x865d, 0x865d, 0x865d, 0x865d, 0x865d, 0x865d, 0x865d, 0x865d,
0x865d, 0x865d, 0x865d, 0x865d, 0x865d, 0x865d, 0x865d, 0x865d, 0x865d, 0x865d, 0x865d, 0x865d, 0x865d, 0x865d, 0x865d, 0x865d,
0x865d, 0x865d, 0x865d, 0x865d, 0x865d, 0x865d, 0x865d, 0x865d, 0x865d, 0x865d, 0x865d, 0x865d, 0x865d, 0x865d, 0x865d, 0x865d,
0x865d, 0x865d, 0x865d, 0x865d, 0x865d, 0x865d, 0x865d, 0x865d, 0x865d, 0x865d, 0x865d, 0x865d, 0x865d, 0x865d, 0x865d, 0x865d,
0x865d, 0x865d, 0x865d, 0x865d, 0x865d, 0x865d, 0x865d, 0x865d, 0x865d, 0x865d, 0x865d, 0x865d, 0x865d, 0x865d, 0x865d, 0x865d,
0x865d, 0x865d, 0x865d, 0x865d, 0x865d, 0x865d, 0x865d, 0x865d, 0x865d, 0x865d, 0x865d, 0x865d, 0x865d, 0x865d, 0x865d, 0x865d,
0x865d, 0x865d, 0x865d, 0x865d, 0x865d, 0x865d, 0x865d, 0x865d, 0x865d, 0x865d, 0x865d, 0x865d, 0x865d, 0x865d, 0x865d, 0x865d,
0x865d, 0x865d, 0x865d, 0x865d, 0x865d, 0x865d, 0x865d, 0x865d, 0x865d, 0x865d, 0x865d, 0x865d, 0x865d, 0x865d, 0x865d, 0x865d,
0x865d, 0x865d, 0x865d, 0x865d, 0x865d, 0x865d, 0x865d, 0x865d, 0x865d, 0x865d, 0x865d, 0x865d, 0x865d, 0x865d, 0x865d, 0x865d,
0x865d, 0x865d, 0x865d, 0x865d, 0x865d, 0x865d, 0x865d, 0x865d, 0x865d, 0x865d, 0x865d, 0x865d, 0x865d, 0x865d, 0x865d, 0x865d,
0x865d, 0x865d, 0x865d, 0x865d, 0x865d, 0x865d, 0x865d, 0x865d, 0x865d, 0x865d, 0x865d, 0x865d, 0x865d, 0x865d, 0x865d, 0x865d,
0x865d, 0x865d, 0x865d, 0x865d, 0x865d, 0x865d, 0x865d, 0x865d, 0x865d, 0x865d, 0x865d, 0x865d, 0x865d, 0x865d, 0x865d, 0x865d,
0x865d, 0x865d, 0x865d, 0x865d, 0x865d, 0x865d, 0x865d, 0x865d, 0x865d, 0x865d, 0x865d, 0x865d, 0x865d, 0x865d, 0x865d, 0x865d,
0x865d, 0x865d, 0x865d, 0x865d, 0x865d, 0x865d, 0x865d, 0x865d, 0x865d, 0x865d, 0x865d, 0x865d, 0x865d, 0x865d, 0x865d, 0x865d,
0x865d, 0x865d, 0x865d, 0x865d, 0x865d, 0x865d, 0x865d, 0x865d, 0x865d, 0x865d, 0x865d, 0x865d, 0x865d, 0x865d, 0x865d, 0x865d,
0x865d, 0x865d, 0x865d, 0x865d, 0x865d, 0x865d, 0x865d, 0x865d, 0x865d, 0x865d, 0x865d, 0x865d, 0x865d, 0x865d, 0x865d, 0x865d,
0x865d, 0x865d, 0x865d, 0x865d, 0x865d, 0x865d, 0x865d, 0x865d, 0x865d, 0x865d, 0x865d, 0x865d, 0x865d, 0x865d, 0x865d, 0x865d,
0x865d, 0x865d, 0x865d, 0x865d, 0x865d, 0x865d, 0x865d, 0x865d, 0x865d, 0x865d, 0x865d, 0x865d, 0x865d, 0x865d, 0x865d, 0x865d,
0x865d, 0x865d, 0x865d, 0x865d, 0x865d, 0x865d, 0x865d, 0x865d, 0x865d, 0x865d, 0x865d, 0x865d, 0x865d, 0x865d, 0x865d, 0x865d,
0x865d, 0x865d, 0x865d, 0x865d, 0x865d, 0x865d, 0x865d, 0x865d, 0x865d, 0x865d, 0x865d, 0x865d, 0x865d, 0x865d, 0x865d, 0x865d,
0x865d, 0x865d, 0x865d, 0x865d, 0x865d, 0x865d, 0x865d, 0x865d, 0x865d, 0x865d, 0x865d, 0x865d, 0x865d, 0x865d, 0x865d, 0x865d,
0x865d, 0x865d, 0x865d, 0x865d, 0x865d, 0x865d, 0x865d, 0x865d, 0x865d, 0x865d, 0x865d, 0x865d, 0x865d, 0x865d, 0x865d, 0x865d,
0x865d, 0x865d, 0x865d, 0x865d, 0x865d, 0x865d, 0x865d, 0x865d, 0x865d, 0x865d, 0x865d, 0x865d, 0x865d, 0x865d, 0x865d, 0x865d,
0x865d, 0x865d, 0x865d, 0x865d, 0x865d, 0x865d, 0x865d, 0x865d, 0x865d, 0x865d, 0x865d, 0x865d, 0x865d, 0x865d, 0x865d, 0x865d,
0x865d, 0x865d, 0x865d, 0x865d, 0x865d, 0x865d, 0x865d, 0x865d, 0x865d, 0x865d, 0x865d, 0x865d, 0x865d, 0x865d, 0x865d, 0x865d,
0x865d, 0x865d, 0x865d, 0x865d, 0x865d, 0x865d, 0x865d, 0x865d, 0x865d, 0x865d, 0x865d, 0x865d, 0x865d, 0x865d, 0x865d, 0x865d,
0x865d, 0x865d, 0x865d, 0x865d, 0x865d, 0x865d, 0x865d, 0x865d, 0x865d, 0x865d, 0x865d, 0x865d, 0x865d, 0x865d, 0x865d, 0x865d,
0x865d, 0x865d, 0x865d, 0x865d, 0x865d, 0x865d, 0x865d, 0x865d, 0x865d, 0x865d, 0x865d, 0x865d, 0x865d, 0x865d, 0x865d, 0x865d,
0x865d, 0x865d, 0x865d, 0x865d, 0x865d, 0x865d, 0x865d, 0x865d, 0x865d, 0x865d, 0x865d, 0x865d, 0x865d, 0x865d, 0x865d, 0x865d,
0x865d, 0x865d, 0x865d, 0x865d, 0x865d, 0x865d, 0x865d, 0x865d, 0x865d, 0x865d, 0x865d, 0x865d, 0x865d, 0x865d, 0x865d, 0x865d,
0x865d, 0x865d, 0x865d, 0x865d, 0x865d, 0x865d, 0x865d, 0x865d, 0x865d, 0x865d, 0x865d, 0x865d, 0x865d, 0x865d, 0x865d, 0x865d,
0x865d, 0x865d, 0x865d, 0x865d, 0x865d, 0x865d, 0x865d, 0x865d, 0x865d, 0x865d, 0x865d, 0x865d, 0x865d, 0x865d, 0x865d, 0x865d,
0x865d, 0x865d, 0x865d, 0x865d, 0x865d, 0x865d, 0x865d, 0x865d, 0x865d, 0x865d, 0x865d, 0x865d, 0x865d, 0x865d, 0x865d, 0x865d,
0x865d, 0x865d, 0x865d, 0x865d, 0x865d, 0x865d, 0x865d, 0x865d, 0x865d, 0x865d, 0x865d, 0x865d, 0x865d, 0x865d, 0x865d, 0x865d,
0x865d, 0x865d, 0x865d, 0x865d, 0x865d, 0x865d, 0x865d, 0x865d, 0x865d, 0x865d, 0x865d, 0x865d, 0x865d, 0x865d, 0x865d, 0x865d,
0x865d, 0x865d, 0x865d, 0x865d, 0x865d, 0x865d, 0x865d, 0x865d, 0x865d, 0x865d, 0x865d, 0x865d, 0x865d, 0x865d, 0x865d, 0x865d,
0x865d, 0x865d, 0x865d, 0x865d, 0x865d, 0x865d, 0x865d, 0x865d, 0x865d, 0x865d, 0x865d, 0x865d, 0x865d, 0x865d, 0x865d, 0x865d,
0x865d, 0x865d, 0x865d, 0x865d, 0x865d, 0x865d, 0x865d, 0x865d, 0x865d, 0x865d, 0x865d, 0x865d, 0x865d, 0x865d, 0x865d, 0x865d,
0x865d, 0x865d, 0x865d, 0x865d, 0x865d, 0x865d, 0x865d, 0x865d, 0x865d, 0x865d, 0x865d, 0x865d, 0x865d, 0x865d, 0x865d, 0x865d,
0x865d, 0x865d, 0x865d, 0x865d, 0x865d, 0x865d, 0x865d, 0x865d, 0x865d, 0x865d, 0x865d, 0x865d, 0x865d, 0x865d, 0x865d, 0x865d,
0x865d, 0x865d, 0x865d, 0x865d, 0x865d, 0x865d, 0x865d, 0x865d, 0x865d, 0x865d, 0x865d, 0x865d, 0x865d, 0x865d, 0x865d, 0x865d,
0x865d, 0x865d, 0x865d, 0x865d, 0x865d, 0x865d, 0x865d, 0x865d, 0x865d, 0x865d, 0x865d, 0x865d, 0x865d, 0x865d, 0x865d, 0x865d,
0x865d, 0x865d, 0x865d, 0x865d, 0x865d, 0x865d, 0x865d, 0x865d, 0x865d, 0x865d, 0x865d, 0x865d, 0x865d, 0x865d, 0x865d, 0x865d,
0x865d, 0x865d, 0x865d, 0x865d, 0x865d, 0x865d, 0x865d, 0x865d, 0x865d, 0x865d, 0x865d, 0x865d, 0x865d, 0x865d, 0x865d, 0x865d,
0x865d, 0x865d, 0x865d, 0x865d, 0x865d, 0x865d, 0x865d, 0x865d, 0x865d, 0x865d, 0x865d, 0x865d, 0x865d, 0x865d, 0x865d, 0x865d,
0x865d, 0x865d, 0x865d, 0x865d, 0x865d, 0x865d, 0x865d, 0x865d, 0x865d, 0x865d, 0x865d, 0x865d, 0x865d, 0x865d, 0x865d, 0x865d,
0x865d, 0x865d, 0x865d, 0x865d, 0x865d, 0x865d, 0x865d, 0x865d, 0x865d, 0x865d, 0x865d, 0x865d, 0x865d, 0x865d, 0x865d, 0x865d,
0x865d, 0x865d, 0x865d, 0x865d, 0x865d, 0x865d, 0x865d, 0x865d, 0x865d, 0x865d, 0x865d, 0x865d, 0x865d, 0x865d, 0x865d, 0x865d,
0x865d, 0x865d, 0x865d, 0x865d, 0x865d, 0x865d, 0x865d, 0x865d, 0x865d, 0x865d, 0x865d, 0x865d, 0x865d, 0x865d, 0x865d, 0x865d,
0x865d, 0x865d, 0x865d, 0x865d, 0x865d, 0x865d, 0x865d, 0x865d, 0x865d, 0x865d, 0x865d, 0x865d, 0x865d, 0x865d, 0x865d, 0x865d,
0x865d, 0x865d, 0x865d, 0x865d, 0x865d, 0x865d, 0x865d, 0x865d, 0x865d, 0x865d, 0x865d, 0x865d, 0x865d, 0x865d, 0x865d, 0x865d,
0x865d, 0x865d, 0x865d, 0x865d, 0x865d, 0x865d, 0x865d, 0x865d, 0x865d, 0x865d, 0x865d, 0x865d, 0x865d, 0x865d, 0x865d, 0x865d,
0x865d, 0x865d, 0x865d, 0x865d, 0x865d, 0x865d, 0x865d, 0x865d, 0x865d, 0x865d, 0x865d, 0x865d, 0x865d, 0x865d, 0x865d, 0x865d,
0x865d, 0x865d, 0x865d, 0x865d, 0x865d, 0x865d, 0x865d, 0x865d, 0x865d, 0x865d, 0x865d, 0x865d, 0x865d, 0x865d, 0x865d, 0x865d,
0x865d, 0x865d, 0x865d, 0x865d, 0x865d, 0x865d, 0x865d, 0x865d, 0x865d, 0x865d, 0x865d, 0x865d, 0x865d, 0x865d, 0x865d, 0x865d,
0x865d, 0x865d, 0x865d, 0x865d, 0x865d, 0x865d, 0x865d, 0x865d, 0x865d, 0x865d, 0x865d, 0x865d, 0x865d, 0x865d, 0x865d, 0x865d,
0x865d, 0x865d, 0x865d, 0x865d, 0x865d, 0x865d, 0x865d, 0x865d, 0x865d, 0x865d, 0x865d, 0x865d, 0x865d, 0x865d, 0x865d, 0x865d,
0x865d, 0x865d, 0x865d, 0x865d, 0x865d, 0x865d, 0x865d, 0x865d, 0x865d, 0x865d, 0x865d, 0x865d, 0x865d, 0x865d, 0x865d, 0x865d,
0x865d, 0x865d, 0x865d, 0x865d, 0x865d, 0x865d, 0x865d, 0x865d, 0x865d, 0x865d, 0x865d, 0x865d, 0x865d, 0x865d, 0x865d, 0x865d,

/* -61- */
0x865d, 0x865d, 0x865d, 0x865d, 0x865d, 0x865d, 0x865d, 0x865d, 0x865d, 0x865d, 0x865d, 0x865d, 0x865d, 0x865d, 0x865d, 0x865d,
0x865d, 0x865d, 0x865d, 0x865d, 0x865d, 0x865d, 0x865d, 0x865d, 0x865d, 0x865d, 0x865d, 0x865d, 0x865d, 0x865d, 0x865d, 0x865d,
0x865d, 0x865d, 0x865d, 0x865d, 0x865d, 0x865d, 0x865d, 0x865d, 0x865d, 0x865d, 0x865d, 0x865d, 0x865d, 0x865d, 0x865d, 0x865d,
0x865d, 0x865d, 0x865d, 0x865d, 0x865d, 0x865d, 0x865d, 0x865d, 0x865d, 0x865d, 0x865d, 0x865d, 0x865d, 0x865d, 0x865d, 0x865d,
0x865d, 0x865d, 0x865d, 0x865d, 0x865d, 0x865d, 0x865d, 0x865d, 0x865d, 0x865d, 0x865d, 0x865d, 0x865d, 0x865d, 0x865d, 0x865d,
0x865d, 0x865d, 0x865d, 0x865d, 0x865d, 0x865d, 0x865d, 0x865d, 0x865d, 0x865d, 0x865d, 0x865d, 0x865d, 0x865d, 0x865d, 0x865d,
0x865d, 0x865d, 0x865d, 0x865d, 0x865d, 0x865d, 0x865d, 0x865d, 0x865d, 0x865d, 0x865d, 0x865d, 0x865d, 0x865d, 0x865d, 0x865d,
0x865d, 0x865d, 0x865d, 0x865d, 0x865d, 0x865d, 0x865d, 0x865d, 0x865d, 0x865d, 0x865d, 0x865d, 0x865d, 0x865d, 0x865d, 0x865d,
0x865d, 0x865d, 0x865d, 0x865d, 0x865d, 0x865d, 0x865d, 0x865d, 0x865d, 0x865d, 0x865d, 0x865d, 0x865d, 0x865d, 0x865d, 0x865d,
0x865d, 0x865d, 0x865d, 0x865d, 0x865d, 0x865d, 0x865d, 0x865d, 0x865d, 0x865d, 0x865d, 0x865d, 0x865d, 0x865d, 0x865d, 0x865d,
0x865d, 0x865d, 0x865d, 0x865d, 0x865d, 0x865d, 0x865d, 0x865d, 0x865d, 0x865d, 0x865d, 0x865d, 0x865d, 0x865d, 0x865d, 0x865d,
0x865d, 0x865d, 0x865d, 0x865d, 0x865d, 0x865d, 0x865d, 0x865d, 0x865d, 0x865d, 0x865d, 0x865d, 0x865d, 0x865d, 0x865d, 0x865d,
0x865d, 0x865d, 0x865d, 0x865d, 0x865d, 0x865d, 0x865d, 0x865d, 0x865d, 0x865d, 0x865d, 0x865d, 0x865d, 0x865d, 0x865d, 0x865d,
0x865d, 0x865d, 0x865d, 0x865d, 0x865d, 0x865d, 0x865d, 0x865d, 0x865d, 0x865d, 0x865d, 0x865d, 0x865d, 0x865d, 0x865d, 0x865d,
0x865d, 0x865d, 0x865d, 0x865d, 0x865d, 0x865d, 0x865d, 0x865d, 0x865d, 0x865d, 0x865d, 0x865d, 0x865d, 0x865d, 0x865d, 0x865d,
0x865d, 0x865d, 0x865d, 0x865d, 0x865d, 0x865d, 0x865d, 0x865d, 0x865d, 0x865d, 0x865d, 0x865d, 0x865d, 0x865d, 0x865d, 0x865d,
0x865d, 0x865d, 0x865d, 0x865d, 0x865d, 0x865d, 0x865d, 0x865d, 0x865d, 0x865d, 0x865d, 0x865d, 0x865d, 0x865d, 0x865d, 0x865d,
0x865d, 0x865d, 0x865d, 0x865d, 0x865d, 0x865d, 0x865d, 0x865d, 0x865d, 0x865d, 0x865d, 0x865d, 0x865d, 0x865d, 0x865d, 0x865d,
0x865d, 0x865d, 0x865d, 0x865d, 0x865d, 0x865d, 0x865d, 0x865d, 0x865d, 0x865d, 0x865d, 0x865d, 0x865d, 0x865d, 0x865d, 0x865d,
0x865d, 0x865d, 0x865d, 0x865d, 0x865d, 0x865d, 0x865d, 0x865d, 0x865d, 0x865d, 0x865d, 0x865d, 0x865d, 0x865d, 0x865d, 0x865d,
0x865d, 0x865d, 0x865d, 0x865d, 0x865d, 0x865d, 0x865d, 0x865d, 0x865d, 0x865d, 0x865d, 0x865d, 0x865d, 0x865d, 0x865d, 0x865d,
0x865d, 0x865d, 0x865d, 0x865d, 0x865d, 0x865d, 0x865d, 0x865d, 0x865d, 0x865d, 0x865d, 0x865d, 0x865d, 0x865d, 0x865d, 0x865d,
0x865d, 0x865d, 0x865d, 0x865d, 0x865d, 0x865d, 0x865d, 0x865d, 0x865d, 0x865d, 0x865d, 0x865d, 0x865d, 0x865d, 0x865d, 0x865d,
0x865d, 0x865d, 0x865d, 0x865d, 0x865d, 0x865d, 0x865d, 0x865d, 0x865d, 0x865d, 0x865d, 0x865d, 0x865d, 0x865d, 0x865d, 0x865d,
0x865d, 0x865d, 0x865d, 0x865d, 0x865d, 0x865d, 0x865d, 0x865d, 0x865d, 0x865d, 0x865d, 0x865d, 0x865d, 0x865d, 0x865d, 0x865d,
0x865d, 0x865d, 0x865d, 0x865d, 0x865d, 0x865d, 0x865d, 0x865d, 0x865d, 0x865d, 0x865d, 0x865d, 0x865d, 0x865d, 0x865d, 0x865d,
0x865d, 0x865d, 0x865d, 0x865d, 0x865d, 0x865d, 0x865d, 0x865d, 0x865d, 0x865d, 0x865d, 0x865d, 0x865d, 0x865d, 0x865d, 0x865d,
0x865d, 0x865d, 0x865d, 0x865d, 0x865d, 0x865d, 0x865d, 0x865d, 0x865d, 0x865d, 0x865d, 0x865d, 0x865d, 0x865d, 0x865d, 0x865d,
0x865d, 0x865d, 0x865d, 0x865d, 0x865d, 0x865d, 0x865d, 0x865d, 0x865d, 0x865d, 0x865d, 0x865d, 0x865d, 0x865d, 0x865d, 0x865d,
0x865d, 0x865d, 0x865d, 0x865d, 0x865d, 0x865d, 0x865d, 0x865d, 0x865d, 0x865d, 0x865d, 0x865d, 0x865d, 0x865d, 0x865d, 0x865d,
0x865d, 0x865d, 0x865d, 0x865d, 0x865d, 0x865d, 0x865d, 0x865d, 0x865d, 0x865d, 0x865d, 0x865d, 0x865d, 0x865d, 0x865d, 0x865d,
0x865d, 0x865d, 0x865d, 0x865d, 0x865d, 0x865d, 0x865d, 0x865d, 0x865d, 0x865d, 0x865d, 0x865d, 0x865d, 0x865d, 0x865d, 0x865d,
0x865d, 0x865d, 0x865d, 0x865d, 0x865d, 0x865d, 0x865d, 0x865d, 0x865d, 0x865d, 0x865d, 0x865d, 0x865d, 0x865d, 0x865d, 0x865d,
0x865d, 0x865d, 0x865d, 0x865d, 0x865d, 0x865d, 0x865d, 0x865d, 0x865d, 0x865d, 0x865d, 0x865d, 0x865d, 0x865d, 0x865d, 0x865d,
0x865d, 0x865d, 0x865d, 0x865d, 0x865d, 0x865d, 0x865d, 0x865d, 0x865d, 0x865d, 0x865d, 0x865d, 0x865d, 0x865d, 0x865d, 0x865d,
0x865d, 0x865d, 0x865d, 0x865d, 0x865d, 0x865d, 0x865d, 0x865d, 0x865d, 0x865d, 0x865d, 0x865d, 0x865d, 0x865d, 0x865d, 0x865d,
0x865d, 0x865d, 0x865d, 0x865d, 0x865d, 0x865d, 0x865d, 0x865d, 0x865d, 0x865d, 0x865d, 0x865d, 0x865d, 0x865d, 0x865d, 0x865d,
0x865d, 0x865d, 0x865d, 0x865d, 0x865d, 0x865d, 0x865d, 0x865d, 0x865d, 0x865d, 0x865d, 0x865d, 0x865d, 0x865d, 0x865d, 0x865d,
0x865d, 0x865d, 0x865d, 0x865d, 0x865d, 0x865d, 0x865d, 0x865d, 0x865d, 0x865d, 0x865d, 0x865d, 0x865d, 0x865d, 0x865d, 0x865d,
0x865d, 0x865d, 0x865d, 0x865d, 0x865d, 0x865d, 0x865d, 0x865d, 0x865d, 0x865d, 0x865d, 0x865d, 0x865d, 0x865d, 0x865d, 0x865d,
0x865d, 0x865d, 0x865d, 0x865d, 0x865d, 0x865d, 0x865d, 0x865d, 0x865d, 0x865d, 0x865d, 0x865d, 0x865d, 0x865d, 0x865d, 0x865d,
0x865d, 0x865d, 0x865d, 0x865d, 0x865d, 0x865d, 0x865d, 0x865d, 0x865d, 0x865d, 0x865d, 0x865d, 0x865d, 0x865d, 0x865d, 0x865d,
0x865d, 0x865d, 0x865d, 0x865d, 0x865d, 0x865d, 0x865d, 0x865d, 0x865d, 0x865d, 0x865d, 0x865d, 0x865d, 0x865d, 0x865d, 0x865d,
0x865d, 0x865d, 0x865d, 0x865d, 0x865d, 0x865d, 0x865d, 0x865d, 0x865d, 0x865d, 0x865d, 0x865d, 0x865d, 0x865d, 0x865d, 0x865d,
0x865d, 0x865d, 0x865d, 0x865d, 0x865d, 0x865d, 0x865d, 0x865d, 0x865d, 0x865d, 0x865d, 0x865d, 0x865d, 0x865d, 0x865d, 0x865d,
0x865d, 0x865d, 0x865d, 0x865d, 0x865d, 0x865d, 0x865d, 0x865d, 0x865d, 0x865d, 0x865d, 0x865d, 0x865d, 0x865d, 0x865d, 0x865d,
0x865d, 0x865d, 0x865d, 0x865d, 0x865d, 0x865d, 0x865d, 0x865d, 0x865d, 0x865d, 0x865d, 0x865d, 0x865d, 0x865d, 0x865d, 0x865d,
0x865d, 0x865d, 0x865d, 0x865d, 0x865d, 0x865d, 0x865d, 0x865d, 0x865d, 0x865d, 0x865d, 0x865d, 0x865d, 0x865d, 0x865d, 0x865d,
0x865d, 0x865d, 0x865d, 0x865d, 0x865d, 0x865d, 0x865d, 0x865d, 0x865d, 0x865d, 0x865d, 0x865d, 0x865d, 0x865d, 0x865d, 0x865d,
0x865d, 0x865d, 0x865d, 0x865d, 0x865d, 0x865d, 0x865d, 0x865d, 0x865d, 0x865d, 0x865d, 0x865d, 0x865d, 0x865d, 0x865d, 0x865d,
0x865d, 0x865d, 0x865d, 0x865d, 0x865d, 0x865d, 0x865d, 0x865d, 0x865d, 0x865d, 0x865d, 0x865d, 0x865d, 0x865d, 0x865d, 0x865d,
0x865d, 0x865d, 0x865d, 0x865d, 0x865d, 0x865d, 0x865d, 0x865d, 0x865d, 0x865d, 0x865d, 0x865d, 0x865d, 0x865d, 0x865d, 0x865d,
0x865d, 0x865d, 0x865d, 0x865d, 0x865d, 0x865d, 0x865d, 0x865d, 0x865d, 0x865d, 0x865d, 0x865d, 0x865d, 0x865d, 0x865d, 0x865d,
0x865d, 0x865d, 0x865d, 0x865d, 0x865d, 0x865d, 0x865d, 0x865d, 0x865d, 0x865d, 0x865d, 0x865d, 0x865d, 0x865d, 0x865d, 0x865d,
0x865d, 0x865d, 0x865d, 0x865d, 0x865d, 0x865d, 0x865d, 0x865d, 0x865d, 0x865d, 0x865d, 0x865d, 0x865d, 0x865d, 0x865d, 0x865d,
0x865d, 0x865d, 0x865d, 0x865d, 0x865d, 0x865d, 0x865d, 0x865d, 0x865d, 0x865d, 0x865d, 0x865d, 0x865d, 0x865d, 0x865d, 0x865d,
0x865d, 0x865d, 0x865d, 0x865d, 0x865d, 0x865d, 0x865d, 0x865d, 0x865d, 0x865d, 0x865d, 0x865d, 0x865d, 0x865d, 0x865d, 0x865d,
0x865d, 0x865d, 0x865d, 0x865d, 0x865d, 0x865d, 0x865d, 0x865d, 0x865d, 0x865d, 0x865d, 0x865d, 0x865d, 0x865d, 0x865d, 0x865d,
0x865d, 0x865d, 0x865d, 0x865d, 0x865d, 0x865d, 0x865d, 0x865d, 0x865d, 0x865d, 0x865d, 0x865d, 0x865d, 0x865d, 0x865d, 0x865d,
0x865d, 0x865d, 0x865d, 0x865d, 0x865d, 0x865d, 0x865d, 0x865d, 0x865d, 0x865d, 0x865d, 0x865d, 0x865d, 0x865d, 0x865d, 0x865d,
0x865d, 0x865d, 0x865d, 0x865d, 0x865d, 0x865d, 0x865d, 0x865d, 0x865d, 0x865d, 0x865d, 0x865d, 0x865d, 0x865d, 0x865d, 0x865d,
0x865d, 0x865d, 0x865d, 0x865d, 0x865d, 0x865d, 0x865d, 0x865d, 0x865d, 0x865d, 0x865d, 0x865d, 0x865d, 0x865d, 0x865d, 0x865d,
0x865d, 0x865d, 0x865d, 0x865d, 0x865d, 0x865d, 0x865d, 0x865d, 0x865d, 0x865d, 0x865d, 0x865d, 0x865d, 0x865d, 0x865d, 0x865d,
0x865d, 0x865d, 0x865d, 0x865d, 0x865d, 0x865d, 0x865d, 0x865d, 0x865d, 0x865d, 0x865d, 0x865d, 0x865d, 0x865d, 0x865d, 0x865d,
0x865d, 0x865d, 0x865d, 0x865d, 0x865d, 0x865d, 0x865d, 0x865d, 0x865d, 0x865d, 0x865d, 0x865d, 0x865d, 0x865d, 0x865d, 0x865d,

};


extern const arm_2d_tile_t c_tilePlatformerCloudRGB565;
ARM_SECTION("arm2d.tile.c_tilePlatformerCloudRGB565")
const arm_2d_tile_t c_tilePlatformerCloudRGB565 = {
    .tRegion = {
        .tSize = {
            .iWidth = 1040,
            .iHeight = 62,
        },
    },
    .tInfo = {
        .bIsRoot = true,
        .bHasEnforcedColour = true,
        .tColourInfo = {
            .chScheme = ARM_2D_COLOUR_RGB565,
        },
    },
    .phwBuffer = (uint16_t*)c_bmpPlatformerCloudRGB565,
};




#if defined(__clang__)
#   pragma clang diagnostic pop
#elif defined(__IS_COMPILER_ARM_COMPILER_5__)
#   pragma diag_warning=1296
#endif


