
/* Generated on Tue May 19 09:17:20 2026 from -i */
/* Re-sized : False */
/* Rotated : 0.0 deg */

#include "arm_2d.h"

#if defined(__clang__)
#   pragma clang diagnostic push
#   pragma clang diagnostic ignored "-Wunknown-warning-option"
#   pragma clang diagnostic ignored "-Wreserved-identifier"
#   pragma clang diagnostic ignored "-Wmissing-variable-declarations"
#   pragma clang diagnostic ignored "-Wcast-qual"
#elif defined(__IS_COMPILER_ARM_COMPILER_5__)
#   pragma diag_suppress=1296
#endif



ARM_SECTION("arm2d.asset.c_bmpbg_darkRGB565")
const uint16_t c_bmpbg_darkRGB565[280*280] = {
/* -0- */
0x0928, 0x0928, 0x0928, 0x0928, 0x0928, 0x0928, 0x0928, 0x0948, 0x0948, 0x0948, 0x0948, 0x0948, 0x0948, 0x0948, 0x0948, 0x0948,
0x0968, 0x1169, 0x0969, 0x0969, 0x0969, 0x0969, 0x0948, 0x0948, 0x0948, 0x0948, 0x0949, 0x0949, 0x0948, 0x0969, 0x0969, 0x0969,
0x0969, 0x0969, 0x0948, 0x0948, 0x0949, 0x0948, 0x0948, 0x0949, 0x0948, 0x0948, 0x0948, 0x0948, 0x0928, 0x0928, 0x0948, 0x0948,
0x0968, 0x0969, 0x0968, 0x0969, 0x1169, 0x1169, 0x1169, 0x1169, 0x0969, 0x0969, 0x0969, 0x0969, 0x0969, 0x0949, 0x0949, 0x0969,
0x0968, 0x0969, 0x0968, 0x0948, 0x0948, 0x0948, 0x0948, 0x0969, 0x0969, 0x0969, 0x0968, 0x0948, 0x0948, 0x0948, 0x0968, 0x0969,
0x0969, 0x0969, 0x0949, 0x0949, 0x0949, 0x0949, 0x0948, 0x0948, 0x0948, 0x0948, 0x0948, 0x0969, 0x0969, 0x0969, 0x0969, 0x0969,
0x0949, 0x0969, 0x0948, 0x0948, 0x0948, 0x0948, 0x0948, 0x0948, 0x0948, 0x0969, 0x0968, 0x0948, 0x0948, 0x0948, 0x0948, 0x0948,
0x0949, 0x0948, 0x0948, 0x0948, 0x0948, 0x0948, 0x0948, 0x0948, 0x0948, 0x0948, 0x0948, 0x0948, 0x0948, 0x0948, 0x0948, 0x0948,
0x0948, 0x0948, 0x08a4, 0x0021, 0x0906, 0x0928, 0x0948, 0x0948, 0x0948, 0x0948, 0x0928, 0x0948, 0x0128, 0x0128, 0x0128, 0x08c5,
0x0021, 0x0020, 0x08a4, 0x1126, 0x0041, 0x0000, 0x0000, 0x0000, 0x0041, 0x0021, 0x0862, 0x0041, 0x0041, 0x0042, 0x0042, 0x0041,
0x0083, 0x08a3, 0x0062, 0x08a3, 0x08c4, 0x08a3, 0x0020, 0x0000, 0x0042, 0x08c4, 0x08c5, 0x08c4, 0x0041, 0x0041, 0x0062, 0x08a4,
0x08e5, 0x0906, 0x08e5, 0x08c5, 0x08a3, 0x0862, 0x0883, 0x08a3, 0x0083, 0x0883, 0x0862, 0x0862, 0x0883, 0x08a3, 0x0862, 0x0021,
0x0862, 0x0021, 0x0041, 0x0882, 0x0841, 0x0841, 0x0882, 0x0882, 0x1082, 0x0861, 0x0841, 0x0841, 0x1061, 0x1061, 0x1061, 0x0862,
0x0842, 0x0862, 0x0883, 0x08e4, 0x08e5, 0x08e5, 0x08c4, 0x0062, 0x0883, 0x08e5, 0x08e5, 0x0905, 0x08e5, 0x08e5, 0x1105, 0x08e5,
0x08c4, 0x0821, 0x0862, 0x0883, 0x0883, 0x0862, 0x0820, 0x0820, 0x0820, 0x0820, 0x0820, 0x0820, 0x0821, 0x0841, 0x0820, 0x0841,
0x10c4, 0x1041, 0x1041, 0x1041, 0x1041, 0x1082, 0x10e5, 0x08e5, 0x0906, 0x0906, 0x0906, 0x1106, 0x0906, 0x0906, 0x0906, 0x08e5,
0x00c5, 0x00c5, 0x08e5, 0x08e5, 0x08c5, 0x08c4, 0x1081, 0x1081, 0x1081, 0x10c3, 0x10c3, 0x0882, 0x08c4, 0x08e5, 0x08e5, 0x0083,
0x0062, 0x10e5, 0x08c5, 0x08c4, 0x08e5, 0x08e5, 0x08e5, 0x08e5, 
/* -1- */
0x0928, 0x0928, 0x0928, 0x0928, 0x0928, 0x0928, 0x0948, 0x0948, 0x0948, 0x0948, 0x0948, 0x0948, 0x0948, 0x0948, 0x0948, 0x0948,
0x1168, 0x1169, 0x1169, 0x1169, 0x0968, 0x0969, 0x0968, 0x0948, 0x0948, 0x0948, 0x0948, 0x0969, 0x0969, 0x0968, 0x0968, 0x0968,
0x0969, 0x0969, 0x0968, 0x0969, 0x0949, 0x0969, 0x0948, 0x0948, 0x0948, 0x0948, 0x0948, 0x0948, 0x0948, 0x0948, 0x0948, 0x0948,
0x0968, 0x0969, 0x1169, 0x1169, 0x1168, 0x1168, 0x1169, 0x1169, 0x0969, 0x0969, 0x0969, 0x0969, 0x0968, 0x0968, 0x0968, 0x0968,
0x0968, 0x0968, 0x0968, 0x0948, 0x0948, 0x0948, 0x0968, 0x0968, 0x0969, 0x0969, 0x0969, 0x0968, 0x0968, 0x0968, 0x0969, 0x0969,
0x0969, 0x0969, 0x0969, 0x0949, 0x0949, 0x0949, 0x0948, 0x0948, 0x0948, 0x0948, 0x0948, 0x0969, 0x0969, 0x0969, 0x0969, 0x0969,
0x0969, 0x0969, 0x0948, 0x0948, 0x0948, 0x0948, 0x0948, 0x0948, 0x0969, 0x0968, 0x0968, 0x0948, 0x0948, 0x0948, 0x0948, 0x0949,
0x0949, 0x0949, 0x0948, 0x0948, 0x0948, 0x0948, 0x0948, 0x0948, 0x0948, 0x0948, 0x0948, 0x0948, 0x0948, 0x0948, 0x0948, 0x0948,
0x0948, 0x0948, 0x08a4, 0x0021, 0x0906, 0x0948, 0x0948, 0x0948, 0x0948, 0x0948, 0x0928, 0x0948, 0x0948, 0x0948, 0x0906, 0x0083,
0x0001, 0x0062, 0x1106, 0x0863, 0x0000, 0x0000, 0x0000, 0x0020, 0x0041, 0x0021, 0x0042, 0x0041, 0x0041, 0x0042, 0x0041, 0x0061,
0x0883, 0x0083, 0x0062, 0x08a3, 0x08c4, 0x08a3, 0x0021, 0x0000, 0x0062, 0x08c4, 0x08c4, 0x08a4, 0x0041, 0x0041, 0x0062, 0x08c4,
0x08e5, 0x08e5, 0x08c4, 0x08c4, 0x08a4, 0x0882, 0x0883, 0x08a3, 0x0883, 0x0883, 0x0842, 0x0862, 0x0883, 0x0883, 0x0842, 0x0841,
0x0882, 0x0041, 0x0841, 0x0862, 0x0021, 0x0862, 0x0883, 0x1083, 0x0862, 0x0041, 0x0841, 0x1062, 0x1062, 0x1061, 0x0841, 0x0842,
0x0862, 0x0862, 0x08a4, 0x08e5, 0x08e5, 0x08e4, 0x08c4, 0x0862, 0x08a4, 0x08e5, 0x10e5, 0x0905, 0x08e5, 0x08e5, 0x10e5, 0x08a4,
0x0862, 0x0821, 0x0841, 0x1082, 0x1082, 0x0841, 0x0820, 0x0820, 0x0820, 0x0820, 0x0820, 0x0820, 0x0821, 0x0821, 0x0820, 0x0841,
0x10a3, 0x1062, 0x1041, 0x1041, 0x1041, 0x1083, 0x10c4, 0x08e5, 0x0906, 0x0906, 0x0906, 0x0906, 0x0906, 0x0906, 0x0905, 0x08e5,
0x08e5, 0x08e5, 0x08e5, 0x08e4, 0x08e4, 0x10e4, 0x10a2, 0x1081, 0x1081, 0x10a2, 0x08a3, 0x08a3, 0x08c4, 0x08e5, 0x08e5, 0x0083,
0x0083, 0x08e5, 0x08c4, 0x08c4, 0x08e5, 0x08e5, 0x08e5, 0x08e5, 
/* -2- */
0x0928, 0x0948, 0x0928, 0x0928, 0x0948, 0x0948, 0x0948, 0x0948, 0x0948, 0x0948, 0x0948, 0x0948, 0x0948, 0x0948, 0x0948, 0x0968,
0x0968, 0x1169, 0x1169, 0x1169, 0x1168, 0x1169, 0x0968, 0x0948, 0x0968, 0x1168, 0x1168, 0x0968, 0x1169, 0x1168, 0x1169, 0x0969,
0x0968, 0x0968, 0x0968, 0x0968, 0x0968, 0x0969, 0x0968, 0x0948, 0x0948, 0x0948, 0x0948, 0x0948, 0x0948, 0x0948, 0x0948, 0x0948,
0x1169, 0x1169, 0x1169, 0x1169, 0x1168, 0x1168, 0x1169, 0x1169, 0x1169, 0x1168, 0x1168, 0x1169, 0x0968, 0x0968, 0x0968, 0x0969,
0x0969, 0x0968, 0x1168, 0x0948, 0x0968, 0x0968, 0x0948, 0x0968, 0x1168, 0x0969, 0x1169, 0x0968, 0x0968, 0x0968, 0x1168, 0x1169,
0x1169, 0x0969, 0x0969, 0x0968, 0x0969, 0x0969, 0x0969, 0x0969, 0x0948, 0x0968, 0x0969, 0x0968, 0x1168, 0x1169, 0x0969, 0x0969,
0x0969, 0x0969, 0x0969, 0x0948, 0x0948, 0x0948, 0x0948, 0x0968, 0x0969, 0x0968, 0x0968, 0x0968, 0x0968, 0x0949, 0x0968, 0x0969,
0x0969, 0x0949, 0x0968, 0x0968, 0x0968, 0x0968, 0x0968, 0x0948, 0x0948, 0x0948, 0x0948, 0x0948, 0x0948, 0x0948, 0x0968, 0x0948,
0x0948, 0x0948, 0x0884, 0x0021, 0x0907, 0x0948, 0x0948, 0x0948, 0x0948, 0x0948, 0x0948, 0x0948, 0x0948, 0x0928, 0x08a4, 0x0021,
0x0041, 0x1105, 0x08a4, 0x0000, 0x0000, 0x0000, 0x0000, 0x0841, 0x0021, 0x0041, 0x0041, 0x0041, 0x0041, 0x0041, 0x0041, 0x0061,
0x0083, 0x0083, 0x0062, 0x0082, 0x08c4, 0x08a3, 0x0021, 0x0000, 0x0882, 0x08c4, 0x08c4, 0x08a3, 0x0041, 0x0041, 0x0062, 0x08c4,
0x08e5, 0x08c5, 0x0883, 0x08c4, 0x08c4, 0x08a3, 0x0883, 0x08a3, 0x0882, 0x0862, 0x0041, 0x0882, 0x0883, 0x0883, 0x0041, 0x0862,
0x0882, 0x0041, 0x0041, 0x0841, 0x0021, 0x0862, 0x0883, 0x0882, 0x0021, 0x0841, 0x0861, 0x1061, 0x1061, 0x0841, 0x0021, 0x0842,
0x0883, 0x0862, 0x0883, 0x08c4, 0x08a4, 0x08e5, 0x08c4, 0x0862, 0x08a3, 0x08e5, 0x08e5, 0x0905, 0x0905, 0x08e5, 0x10a3, 0x0862,
0x0841, 0x0841, 0x0841, 0x1061, 0x0841, 0x0840, 0x0820, 0x0820, 0x0820, 0x0841, 0x0841, 0x0841, 0x0821, 0x0820, 0x0820, 0x0841,
0x10a4, 0x0862, 0x1040, 0x1041, 0x0841, 0x10c4, 0x10e5, 0x08e5, 0x0905, 0x0905, 0x08e5, 0x0906, 0x0906, 0x0906, 0x0905, 0x08e5,
0x08e5, 0x08e5, 0x08e5, 0x08c4, 0x10c3, 0x10c4, 0x10c3, 0x0861, 0x0861, 0x0881, 0x08c3, 0x08e4, 0x08e4, 0x08e5, 0x08e5, 0x0083,
0x0083, 0x08e5, 0x08e5, 0x08c4, 0x08c5, 0x08e5, 0x08a4, 0x0862, 
/* -3- */
0x0948, 0x0948, 0x0948, 0x0948, 0x0948, 0x0948, 0x0948, 0x0968, 0x0968, 0x0968, 0x1168, 0x1168, 0x0968, 0x0968, 0x0968, 0x0969,
0x1169, 0x1169, 0x1169, 0x1169, 0x1169, 0x1169, 0x1169, 0x1169, 0x1169, 0x1169, 0x1168, 0x1169, 0x1169, 0x1168, 0x1169, 0x1169,
0x1168, 0x1168, 0x1168, 0x1168, 0x0969, 0x0969, 0x0969, 0x0948, 0x0948, 0x0948, 0x0948, 0x0948, 0x0948, 0x0948, 0x0948, 0x0948,
0x0969, 0x1169, 0x1169, 0x1169, 0x1168, 0x1168, 0x1189, 0x1189, 0x1189, 0x1169, 0x1169, 0x1169, 0x1169, 0x1169, 0x1169, 0x1169,
0x1169, 0x1168, 0x1168, 0x1169, 0x1168, 0x1168, 0x1168, 0x1168, 0x1169, 0x1168, 0x1168, 0x0968, 0x0968, 0x0968, 0x1169, 0x1189,
0x1189, 0x1169, 0x0969, 0x1169, 0x0969, 0x0969, 0x0969, 0x1169, 0x0968, 0x0969, 0x0969, 0x0969, 0x0968, 0x1169, 0x1169, 0x1169,
0x0969, 0x1169, 0x0969, 0x0969, 0x0968, 0x0968, 0x0968, 0x0969, 0x0969, 0x0968, 0x0968, 0x0968, 0x0969, 0x0969, 0x0968, 0x0969,
0x0969, 0x0969, 0x0969, 0x0969, 0x0969, 0x0969, 0x0968, 0x0948, 0x0948, 0x0948, 0x0948, 0x0948, 0x0948, 0x0948, 0x0948, 0x0948,
0x0948, 0x0948, 0x08a4, 0x0021, 0x0907, 0x0948, 0x0948, 0x0948, 0x0949, 0x0948, 0x0948, 0x0948, 0x0948, 0x0907, 0x0863, 0x0021,
0x08c4, 0x1105, 0x0021, 0x0000, 0x0000, 0x0000, 0x0021, 0x0041, 0x0021, 0x0041, 0x0041, 0x0062, 0x0041, 0x0041, 0x0042, 0x0062,
0x00a3, 0x08a3, 0x0062, 0x08a3, 0x08c4, 0x08c4, 0x0021, 0x0000, 0x0883, 0x08c4, 0x08c4, 0x08a3, 0x0041, 0x0041, 0x0062, 0x08c4,
0x08e5, 0x08c4, 0x0883, 0x08a4, 0x08c5, 0x08a3, 0x00a3, 0x0883, 0x0882, 0x0861, 0x0041, 0x0862, 0x0882, 0x0862, 0x0041, 0x0862,
0x0882, 0x0041, 0x0041, 0x0862, 0x0021, 0x0862, 0x0883, 0x0862, 0x0041, 0x0862, 0x0862, 0x0862, 0x0841, 0x0841, 0x0862, 0x0862,
0x0882, 0x0883, 0x0883, 0x0883, 0x0882, 0x10e5, 0x08c4, 0x0862, 0x08a3, 0x08e5, 0x08e5, 0x08e5, 0x08e5, 0x08a4, 0x0841, 0x0841,
0x0841, 0x0882, 0x0862, 0x0821, 0x0840, 0x0820, 0x0820, 0x0820, 0x0841, 0x0883, 0x08a4, 0x0883, 0x0841, 0x0820, 0x0841, 0x1082,
0x10a4, 0x0841, 0x1040, 0x0841, 0x0862, 0x10e4, 0x10e5, 0x08c4, 0x0905, 0x0905, 0x08e5, 0x0905, 0x0906, 0x0906, 0x0905, 0x08e5,
0x08c5, 0x08e5, 0x08e5, 0x08c4, 0x10a3, 0x10c3, 0x10c3, 0x0861, 0x0881, 0x08a3, 0x08e4, 0x08e5, 0x08e5, 0x08e5, 0x08e5, 0x0883,
0x0083, 0x08e5, 0x08e5, 0x08e5, 0x08c4, 0x0883, 0x0042, 0x0842, 
/* -4- */
0x0948, 0x0948, 0x0948, 0x0948, 0x0949, 0x0969, 0x1169, 0x0969, 0x1168, 0x1168, 0x1169, 0x1169, 0x1169, 0x1169, 0x1169, 0x1189,
0x1169, 0x1169, 0x1169, 0x1169, 0x1169, 0x1169, 0x1169, 0x1169, 0x1169, 0x1168, 0x1169, 0x1169, 0x1168, 0x1168, 0x1169, 0x1169,
0x1169, 0x1169, 0x1169, 0x1168, 0x1168, 0x0968, 0x0968, 0x0968, 0x0968, 0x0948, 0x0948, 0x0948, 0x0948, 0x0948, 0x0968, 0x0968,
0x1169, 0x1169, 0x1189, 0x1189, 0x1189, 0x1189, 0x1189, 0x1189, 0x1189, 0x1189, 0x1189, 0x1169, 0x1169, 0x1169, 0x1189, 0x1169,
0x1169, 0x1168, 0x1169, 0x1169, 0x1169, 0x1169, 0x1169, 0x1168, 0x1169, 0x1169, 0x1169, 0x0968, 0x0968, 0x0968, 0x1169, 0x1189,
0x1169, 0x1168, 0x1168, 0x1169, 0x1169, 0x1168, 0x1168, 0x0968, 0x0968, 0x1169, 0x1169, 0x1169, 0x1169, 0x1168, 0x1169, 0x0968,
0x1169, 0x0969, 0x0969, 0x0969, 0x1169, 0x1169, 0x1169, 0x0969, 0x0969, 0x0969, 0x0969, 0x0969, 0x0969, 0x0969, 0x0969, 0x0969,
0x0969, 0x1169, 0x1169, 0x0969, 0x0969, 0x0969, 0x0969, 0x0968, 0x0968, 0x0968, 0x0968, 0x0968, 0x0968, 0x0948, 0x0948, 0x0948,
0x0948, 0x0948, 0x08a4, 0x0021, 0x0927, 0x0948, 0x0949, 0x0948, 0x0948, 0x0948, 0x0948, 0x0948, 0x0928, 0x08a4, 0x0042, 0x08c5,
0x0926, 0x0062, 0x0000, 0x0000, 0x0000, 0x0000, 0x0041, 0x0021, 0x0041, 0x0062, 0x0062, 0x0883, 0x0041, 0x0061, 0x0042, 0x0062,
0x08a3, 0x08a4, 0x08a4, 0x08c4, 0x08c4, 0x08c4, 0x0021, 0x0000, 0x0883, 0x08c4, 0x08c4, 0x0083, 0x0041, 0x0041, 0x0082, 0x08c4,
0x08e5, 0x08c5, 0x08a3, 0x08c4, 0x08e5, 0x08c4, 0x08a4, 0x0883, 0x0862, 0x0841, 0x0841, 0x0862, 0x0862, 0x0842, 0x0862, 0x0862,
0x0862, 0x0021, 0x0862, 0x0862, 0x0021, 0x0862, 0x0883, 0x0862, 0x0841, 0x0862, 0x0862, 0x0841, 0x0841, 0x0862, 0x1062, 0x0862,
0x0882, 0x0883, 0x08a3, 0x1082, 0x0862, 0x10e5, 0x08c4, 0x0862, 0x0882, 0x08a3, 0x08e5, 0x08e5, 0x08e5, 0x0883, 0x0841, 0x0821,
0x0862, 0x0883, 0x0862, 0x0820, 0x0820, 0x0820, 0x0820, 0x0841, 0x0882, 0x08c4, 0x08c4, 0x08a3, 0x0841, 0x0820, 0x0840, 0x0841,
0x10a3, 0x0841, 0x1041, 0x0862, 0x10a4, 0x10e5, 0x10e5, 0x08e4, 0x0905, 0x0905, 0x08e5, 0x0906, 0x0926, 0x0906, 0x0905, 0x08e5,
0x08e4, 0x0905, 0x08e5, 0x10e4, 0x10c3, 0x10c4, 0x10c3, 0x0861, 0x0881, 0x08c3, 0x08e5, 0x08e5, 0x08e5, 0x08c4, 0x10e4, 0x0883,
0x0083, 0x08e5, 0x08e5, 0x08c4, 0x08a3, 0x0883, 0x0041, 0x0861, 
/* -5- */
0x0948, 0x0948, 0x0948, 0x0968, 0x0968, 0x1169, 0x1169, 0x1169, 0x1169, 0x1168, 0x1189, 0x1169, 0x1189, 0x1189, 0x1189, 0x1189,
0x1169, 0x1169, 0x1169, 0x1169, 0x1169, 0x1169, 0x1169, 0x1189, 0x1169, 0x1169, 0x1188, 0x1168, 0x1168, 0x1168, 0x1168, 0x1168,
0x1168, 0x1168, 0x1168, 0x1168, 0x0968, 0x1168, 0x0968, 0x0948, 0x1168, 0x1168, 0x1168, 0x1168, 0x1168, 0x0968, 0x0968, 0x0968,
0x0968, 0x1169, 0x1169, 0x1189, 0x1189, 0x1188, 0x1168, 0x1188, 0x1189, 0x1189, 0x1189, 0x1189, 0x1168, 0x1189, 0x1189, 0x1189,
0x1189, 0x1189, 0x1169, 0x1169, 0x1169, 0x1168, 0x1168, 0x1168, 0x1169, 0x1168, 0x1168, 0x1168, 0x1168, 0x1168, 0x1169, 0x1189,
0x1189, 0x1168, 0x1168, 0x1168, 0x1168, 0x1168, 0x1168, 0x1168, 0x1168, 0x1169, 0x1169, 0x1169, 0x1169, 0x1169, 0x1169, 0x1169,
0x1169, 0x1169, 0x1169, 0x1169, 0x1169, 0x1169, 0x1169, 0x1169, 0x1169, 0x1168, 0x1169, 0x1168, 0x1168, 0x1169, 0x1169, 0x1169,
0x1169, 0x1169, 0x1169, 0x1169, 0x1168, 0x1169, 0x1168, 0x1168, 0x0968, 0x0968, 0x0968, 0x0968, 0x0968, 0x0968, 0x0968, 0x0968,
0x0948, 0x0948, 0x08a4, 0x0021, 0x0927, 0x0948, 0x0949, 0x0948, 0x0948, 0x0948, 0x0948, 0x0948, 0x0926, 0x0042, 0x0021, 0x1127,
0x0906, 0x0000, 0x0000, 0x0000, 0x0000, 0x0021, 0x0021, 0x0041, 0x0042, 0x0062, 0x08a4, 0x08a3, 0x0041, 0x0062, 0x0041, 0x0062,
0x08a3, 0x08e5, 0x08e5, 0x08e5, 0x08c4, 0x08c4, 0x0021, 0x0021, 0x08a3, 0x08c4, 0x08e5, 0x0083, 0x0041, 0x0021, 0x0062, 0x08c4,
0x08c5, 0x08e5, 0x00a4, 0x08c4, 0x08e5, 0x08c5, 0x08a4, 0x0883, 0x0842, 0x0842, 0x0021, 0x0841, 0x0862, 0x0862, 0x0882, 0x0862,
0x0041, 0x0862, 0x0882, 0x0862, 0x0021, 0x0862, 0x0882, 0x0862, 0x0841, 0x0862, 0x0861, 0x0841, 0x0842, 0x0862, 0x1062, 0x0862,
0x0882, 0x0841, 0x0862, 0x0862, 0x0883, 0x10c4, 0x08c4, 0x0041, 0x0841, 0x0862, 0x10c4, 0x08e5, 0x10e5, 0x0862, 0x0841, 0x0841,
0x08a3, 0x0883, 0x0862, 0x0820, 0x0820, 0x0820, 0x0020, 0x0841, 0x08a3, 0x08c4, 0x08e5, 0x08a4, 0x0821, 0x0820, 0x0820, 0x0820,
0x10a3, 0x0882, 0x10a3, 0x10c4, 0x08e5, 0x0905, 0x08e5, 0x10e5, 0x0905, 0x08e5, 0x08e5, 0x0906, 0x0906, 0x0906, 0x0905, 0x08e4,
0x08e5, 0x0905, 0x10e5, 0x10c4, 0x10c3, 0x10e4, 0x10c3, 0x10a2, 0x10a2, 0x10c4, 0x08e5, 0x08e5, 0x08e5, 0x08c4, 0x08c4, 0x08a3,
0x08c3, 0x08c4, 0x08c4, 0x08a3, 0x08c4, 0x08a3, 0x0021, 0x0841, 
/* -6- */
0x0948, 0x0948, 0x0948, 0x0968, 0x0969, 0x1169, 0x1169, 0x1169, 0x1169, 0x1189, 0x1169, 0x1189, 0x1189, 0x1189, 0x1189, 0x1189,
0x1189, 0x1189, 0x1189, 0x1189, 0x1169, 0x1169, 0x1169, 0x1169, 0x1189, 0x1169, 0x1189, 0x1169, 0x1168, 0x1169, 0x1168, 0x1168,
0x1168, 0x1169, 0x1168, 0x1168, 0x1168, 0x1168, 0x1168, 0x1168, 0x1168, 0x1168, 0x1168, 0x1168, 0x1168, 0x1168, 0x1168, 0x1168,
0x1168, 0x1169, 0x1168, 0x1189, 0x1189, 0x1189, 0x1189, 0x1188, 0x1189, 0x1189, 0x1189, 0x1189, 0x1189, 0x1188, 0x1189, 0x1189,
0x1189, 0x1189, 0x1189, 0x1169, 0x1189, 0x1189, 0x1189, 0x1168, 0x1169, 0x1168, 0x1168, 0x1168, 0x1168, 0x1169, 0x1189, 0x1169,
0x1168, 0x1168, 0x1168, 0x1169, 0x1169, 0x1169, 0x1169, 0x1169, 0x1169, 0x1169, 0x1169, 0x1169, 0x1169, 0x1169, 0x1189, 0x1189,
0x1169, 0x1169, 0x1189, 0x1169, 0x1169, 0x1169, 0x1189, 0x1189, 0x1189, 0x1168, 0x1168, 0x1189, 0x1169, 0x1169, 0x1169, 0x1169,
0x1189, 0x1169, 0x1189, 0x1169, 0x1169, 0x1169, 0x1169, 0x1169, 0x1168, 0x1168, 0x1168, 0x0968, 0x0968, 0x0968, 0x0968, 0x0968,
0x0948, 0x1148, 0x08a4, 0x0021, 0x0927, 0x0948, 0x0949, 0x0949, 0x0949, 0x0948, 0x0948, 0x0927, 0x0884, 0x0042, 0x0042, 0x08a4,
0x0863, 0x0000, 0x0000, 0x0000, 0x0000, 0x0021, 0x0021, 0x0041, 0x0062, 0x0042, 0x08a4, 0x08a3, 0x0041, 0x0042, 0x0041, 0x0042,
0x08c4, 0x08e5, 0x08e5, 0x08e5, 0x08c4, 0x08a3, 0x0862, 0x08a3, 0x08c4, 0x08c4, 0x08c4, 0x0083, 0x0041, 0x0021, 0x0062, 0x08c4,
0x08e5, 0x08e5, 0x08c4, 0x08c5, 0x08e5, 0x08e5, 0x08a4, 0x0883, 0x0862, 0x0841, 0x0021, 0x0021, 0x0862, 0x0882, 0x0862, 0x0041,
0x0862, 0x0882, 0x0882, 0x0021, 0x0021, 0x0841, 0x0862, 0x0862, 0x0021, 0x0861, 0x0841, 0x0861, 0x1062, 0x1062, 0x0841, 0x0841,
0x0862, 0x0841, 0x0841, 0x0841, 0x10a3, 0x0862, 0x0883, 0x0862, 0x0841, 0x0821, 0x08c4, 0x08e5, 0x08c4, 0x0841, 0x0841, 0x0883,
0x08a4, 0x0883, 0x0841, 0x0820, 0x0820, 0x0861, 0x0841, 0x0862, 0x08a4, 0x08c4, 0x08c4, 0x0883, 0x0841, 0x0820, 0x0820, 0x0820,
0x10a3, 0x10c4, 0x10a4, 0x08c4, 0x1105, 0x0905, 0x08e5, 0x08e5, 0x0905, 0x0905, 0x08e6, 0x0906, 0x0906, 0x0906, 0x08e5, 0x08c4,
0x08e5, 0x10e5, 0x10e5, 0x10c3, 0x10a2, 0x10c3, 0x10c4, 0x10c3, 0x10a2, 0x10c4, 0x08e5, 0x08e5, 0x08e5, 0x08a3, 0x08a3, 0x08a3,
0x08c4, 0x08a3, 0x08c3, 0x08c4, 0x08e5, 0x08a4, 0x0021, 0x0841, 
/* -7- */
0x0948, 0x0948, 0x0948, 0x0968, 0x0969, 0x1169, 0x1169, 0x1189, 0x1189, 0x1189, 0x1188, 0x1189, 0x1189, 0x1189, 0x1189, 0x1189,
0x1189, 0x1189, 0x1189, 0x1189, 0x1168, 0x1168, 0x1169, 0x1169, 0x1189, 0x1189, 0x1189, 0x1188, 0x1168, 0x1189, 0x1168, 0x1168,
0x1169, 0x1169, 0x1168, 0x1168, 0x1168, 0x1168, 0x1168, 0x1168, 0x1168, 0x1168, 0x1168, 0x1168, 0x1168, 0x1168, 0x1168, 0x1168,
0x1168, 0x1168, 0x1169, 0x1169, 0x1169, 0x1169, 0x1189, 0x1189, 0x1189, 0x1188, 0x1188, 0x1188, 0x1189, 0x1189, 0x1168, 0x1169,
0x1189, 0x1189, 0x1189, 0x1189, 0x1189, 0x1189, 0x1189, 0x1188, 0x1168, 0x1168, 0x1168, 0x1168, 0x1168, 0x1169, 0x1169, 0x1168,
0x1169, 0x1169, 0x1169, 0x1169, 0x1169, 0x1169, 0x1169, 0x1169, 0x1169, 0x1169, 0x1169, 0x1169, 0x1169, 0x1189, 0x1189, 0x1189,
0x1189, 0x1189, 0x1189, 0x1189, 0x1189, 0x1189, 0x1189, 0x1189, 0x1189, 0x1189, 0x1189, 0x1189, 0x1189, 0x1189, 0x1189, 0x1189,
0x1189, 0x1189, 0x1189, 0x1189, 0x1189, 0x1189, 0x1189, 0x1189, 0x1189, 0x1188, 0x1168, 0x1168, 0x1168, 0x0968, 0x0968, 0x0968,
0x0968, 0x1148, 0x08c5, 0x0021, 0x0927, 0x0948, 0x0948, 0x0968, 0x0969, 0x0968, 0x0948, 0x08e5, 0x0862, 0x0883, 0x08e6, 0x08a4,
0x0000, 0x0000, 0x0000, 0x0020, 0x0021, 0x0021, 0x0041, 0x0042, 0x0062, 0x0042, 0x08a3, 0x0883, 0x0041, 0x0041, 0x0041, 0x0041,
0x08a4, 0x08e5, 0x08e5, 0x08c4, 0x08c4, 0x08c3, 0x08c3, 0x08c4, 0x08c4, 0x08c4, 0x08c4, 0x08a4, 0x0041, 0x0041, 0x0083, 0x08e5,
0x08e5, 0x08e5, 0x08e5, 0x08e5, 0x08e5, 0x08c5, 0x08a4, 0x0883, 0x0862, 0x0841, 0x0841, 0x0021, 0x0862, 0x0882, 0x0041, 0x0862,
0x0882, 0x0882, 0x0862, 0x0021, 0x0041, 0x0862, 0x0842, 0x0862, 0x0021, 0x0841, 0x0862, 0x1062, 0x0861, 0x0841, 0x0020, 0x0862,
0x1062, 0x0841, 0x0841, 0x0841, 0x0862, 0x0821, 0x0841, 0x1062, 0x1062, 0x0862, 0x08c4, 0x08c4, 0x0862, 0x0841, 0x0841, 0x08a3,
0x0883, 0x0862, 0x0821, 0x0821, 0x0862, 0x08a4, 0x0861, 0x0862, 0x08a3, 0x0883, 0x0883, 0x0883, 0x1083, 0x1062, 0x0841, 0x0820,
0x1082, 0x10c4, 0x08c4, 0x08e5, 0x0905, 0x0905, 0x0905, 0x08e5, 0x0905, 0x0905, 0x0905, 0x0905, 0x0906, 0x0906, 0x08e5, 0x08c4,
0x08e5, 0x10e5, 0x10e5, 0x10c3, 0x10c3, 0x10c3, 0x10c4, 0x10c3, 0x10c3, 0x10e4, 0x08e4, 0x08e5, 0x08c3, 0x0882, 0x0882, 0x08a3,
0x08c3, 0x08c4, 0x08e4, 0x10e5, 0x08e5, 0x08c4, 0x0021, 0x0841, 
/* -8- */
0x0948, 0x0948, 0x0968, 0x0968, 0x1168, 0x1168, 0x1169, 0x1189, 0x1189, 0x1189, 0x1189, 0x1189, 0x1189, 0x1189, 0x1169, 0x1189,
0x1189, 0x1189, 0x1189, 0x1189, 0x1189, 0x1168, 0x1169, 0x1168, 0x1168, 0x1169, 0x1188, 0x1189, 0x1168, 0x1188, 0x1188, 0x1168,
0x1168, 0x1169, 0x1168, 0x1168, 0x1168, 0x1168, 0x1168, 0x1168, 0x1168, 0x1168, 0x1168, 0x1168, 0x1168, 0x1168, 0x1168, 0x1168,
0x1168, 0x1168, 0x1189, 0x1168, 0x1168, 0x1168, 0x1188, 0x1189, 0x1189, 0x1189, 0x1189, 0x1189, 0x1189, 0x1189, 0x1189, 0x1168,
0x1189, 0x1189, 0x1189, 0x1189, 0x1189, 0x1189, 0x1189, 0x1188, 0x1188, 0x1168, 0x1168, 0x1168, 0x1169, 0x1169, 0x1189, 0x1169,
0x1169, 0x1169, 0x1189, 0x1169, 0x1168, 0x1169, 0x1169, 0x1169, 0x1169, 0x1169, 0x1169, 0x1169, 0x1189, 0x1189, 0x1189, 0x1189,
0x1189, 0x1189, 0x1189, 0x1189, 0x1189, 0x1189, 0x1189, 0x1189, 0x1189, 0x1189, 0x1189, 0x1189, 0x1189, 0x1189, 0x1189, 0x1189,
0x1189, 0x1189, 0x1189, 0x1189, 0x1189, 0x1189, 0x1189, 0x1189, 0x1189, 0x1189, 0x1188, 0x1168, 0x1168, 0x1168, 0x1168, 0x0968,
0x0968, 0x0968, 0x08c5, 0x0021, 0x0927, 0x0948, 0x0968, 0x0968, 0x0968, 0x0968, 0x1127, 0x0863, 0x0062, 0x0906, 0x0907, 0x0863,
0x0000, 0x0000, 0x0000, 0x0020, 0x0021, 0x0041, 0x0042, 0x0062, 0x0062, 0x0042, 0x08a3, 0x0883, 0x0041, 0x0041, 0x0041, 0x0041,
0x08c4, 0x08e5, 0x08e5, 0x08e4, 0x08c4, 0x08c4, 0x08c4, 0x08c4, 0x08a4, 0x08c4, 0x08c4, 0x08c4, 0x0062, 0x0041, 0x08a3, 0x08e5,
0x08e5, 0x08e5, 0x08e5, 0x08e5, 0x08c4, 0x08c4, 0x08a3, 0x0882, 0x0861, 0x0861, 0x0841, 0x0841, 0x0862, 0x0041, 0x0041, 0x0882,
0x0882, 0x0862, 0x0841, 0x0862, 0x0862, 0x0862, 0x0862, 0x0841, 0x0021, 0x0861, 0x1082, 0x1062, 0x0841, 0x0821, 0x0821, 0x1061,
0x0841, 0x0841, 0x0841, 0x0841, 0x0841, 0x0021, 0x0862, 0x0862, 0x1062, 0x0883, 0x08e5, 0x08a4, 0x0841, 0x0820, 0x0841, 0x0883,
0x0862, 0x0841, 0x0862, 0x0862, 0x08a4, 0x08c4, 0x0862, 0x0861, 0x0882, 0x0883, 0x08a4, 0x08a4, 0x08a3, 0x1083, 0x0841, 0x1040,
0x0861, 0x10e5, 0x08e5, 0x0905, 0x0905, 0x0906, 0x0906, 0x0905, 0x0906, 0x0905, 0x08e5, 0x0905, 0x0906, 0x0905, 0x08e5, 0x08c4,
0x08e5, 0x10e4, 0x10e4, 0x10c4, 0x10c3, 0x10e4, 0x10e4, 0x10c3, 0x10a3, 0x10e4, 0x08e4, 0x08e5, 0x08a3, 0x0882, 0x10a3, 0x10a3,
0x10c3, 0x10e4, 0x08e5, 0x10e5, 0x10e5, 0x08a4, 0x0021, 0x0841, 
/* -9- */
0x0949, 0x0948, 0x0948, 0x1168, 0x1168, 0x1168, 0x1169, 0x1188, 0x1189, 0x1189, 0x1189, 0x1169, 0x1189, 0x1169, 0x1168, 0x1188,
0x1189, 0x1189, 0x1189, 0x1189, 0x1189, 0x1169, 0x1168, 0x1168, 0x1168, 0x1168, 0x1168, 0x1168, 0x1169, 0x1188, 0x1188, 0x1188,
0x1188, 0x1188, 0x1168, 0x1168, 0x1168, 0x1168, 0x1168, 0x1168, 0x1168, 0x1168, 0x1188, 0x1188, 0x1188, 0x1168, 0x1168, 0x1168,
0x1168, 0x1168, 0x1189, 0x1168, 0x1168, 0x1168, 0x1168, 0x1168, 0x1168, 0x1189, 0x1189, 0x1189, 0x1189, 0x1189, 0x1189, 0x1169,
0x1168, 0x1168, 0x1189, 0x1169, 0x1168, 0x1168, 0x1168, 0x1188, 0x1168, 0x1168, 0x1168, 0x1169, 0x1168, 0x1169, 0x1189, 0x1169,
0x1169, 0x1168, 0x1168, 0x1168, 0x1168, 0x1169, 0x1169, 0x1169, 0x1169, 0x1169, 0x1169, 0x1189, 0x1189, 0x1189, 0x1189, 0x1189,
0x1189, 0x1189, 0x1189, 0x1189, 0x1189, 0x1189, 0x1189, 0x1189, 0x1189, 0x1189, 0x1189, 0x1189, 0x1189, 0x1189, 0x1189, 0x1189,
0x1189, 0x1189, 0x1189, 0x1189, 0x1189, 0x1189, 0x1189, 0x1189, 0x1189, 0x1188, 0x1188, 0x1168, 0x1168, 0x1168, 0x1168, 0x1168,
0x1168, 0x0968, 0x08a4, 0x0021, 0x1127, 0x0968, 0x0968, 0x0927, 0x0927, 0x0968, 0x08e6, 0x0042, 0x08c5, 0x0927, 0x08a4, 0x0021,
0x0000, 0x0000, 0x0020, 0x0021, 0x0041, 0x0062, 0x0062, 0x0062, 0x0062, 0x0042, 0x08a4, 0x08a3, 0x0042, 0x0042, 0x0041, 0x0041,
0x08c4, 0x08e5, 0x08e5, 0x08c4, 0x08c4, 0x08c4, 0x08c4, 0x08c3, 0x08c4, 0x08c4, 0x08c4, 0x08c4, 0x0082, 0x0041, 0x08a4, 0x08e5,
0x08e5, 0x08e5, 0x08c4, 0x08c4, 0x08e5, 0x08c4, 0x08a3, 0x0862, 0x0861, 0x0861, 0x0861, 0x0021, 0x0841, 0x0021, 0x0041, 0x1082,
0x0862, 0x0021, 0x0862, 0x0862, 0x1062, 0x0862, 0x0841, 0x0021, 0x0841, 0x1082, 0x1062, 0x0841, 0x0841, 0x0841, 0x0841, 0x1062,
0x1041, 0x0841, 0x0820, 0x0841, 0x0841, 0x0021, 0x0862, 0x0862, 0x0862, 0x0041, 0x0021, 0x0021, 0x0000, 0x0000, 0x0000, 0x0000,
0x0000, 0x0020, 0x0861, 0x0862, 0x08a4, 0x08a4, 0x0862, 0x0841, 0x0882, 0x08c4, 0x08c5, 0x08c4, 0x08a3, 0x1082, 0x0821, 0x0820,
0x0841, 0x10e5, 0x0906, 0x0906, 0x0905, 0x0906, 0x0906, 0x0906, 0x0906, 0x08e5, 0x08e5, 0x0905, 0x0905, 0x08e5, 0x08e5, 0x08c4,
0x08c4, 0x08c4, 0x10c4, 0x10c4, 0x10e4, 0x10e4, 0x10e4, 0x10c3, 0x10c3, 0x08e4, 0x08e5, 0x08e5, 0x08c3, 0x08a3, 0x10e4, 0x08c3,
0x10e4, 0x08e5, 0x08e4, 0x08e4, 0x08c4, 0x0883, 0x0021, 0x0841, 
/* -10- */
0x0949, 0x0949, 0x0949, 0x1169, 0x1168, 0x1168, 0x1169, 0x1189, 0x1189, 0x1189, 0x1189, 0x1189, 0x1189, 0x1169, 0x1168, 0x1188,
0x1189, 0x1189, 0x1189, 0x1189, 0x1189, 0x1169, 0x1168, 0x1168, 0x1188, 0x1188, 0x1189, 0x1189, 0x1189, 0x1188, 0x1168, 0x1188,
0x1168, 0x1188, 0x1189, 0x1169, 0x1188, 0x1168, 0x1168, 0x1168, 0x1168, 0x1168, 0x1188, 0x1188, 0x1188, 0x1188, 0x1188, 0x1168,
0x1168, 0x1169, 0x1189, 0x1189, 0x1168, 0x1168, 0x1168, 0x1168, 0x1168, 0x1188, 0x1189, 0x1189, 0x1189, 0x1189, 0x1189, 0x1189,
0x1189, 0x1169, 0x1189, 0x1169, 0x1168, 0x1168, 0x1168, 0x1168, 0x1168, 0x1168, 0x1169, 0x1168, 0x1169, 0x1189, 0x1189, 0x1169,
0x1169, 0x1168, 0x1168, 0x1168, 0x1168, 0x1169, 0x1169, 0x1168, 0x1168, 0x1169, 0x1189, 0x1189, 0x1189, 0x1189, 0x1189, 0x1189,
0x1189, 0x1189, 0x1189, 0x1189, 0x1189, 0x1189, 0x1189, 0x1189, 0x1189, 0x1189, 0x1189, 0x1189, 0x1189, 0x1189, 0x1189, 0x1189,
0x1189, 0x1189, 0x1189, 0x1189, 0x1189, 0x1189, 0x1189, 0x1189, 0x1189, 0x1188, 0x1189, 0x1189, 0x1168, 0x1169, 0x1169, 0x1169,
0x1168, 0x1148, 0x08a4, 0x0021, 0x0927, 0x0968, 0x0968, 0x08e5, 0x0863, 0x1106, 0x08a4, 0x0884, 0x0927, 0x08e6, 0x0042, 0x0000,
0x0000, 0x0000, 0x0021, 0x0000, 0x0041, 0x0062, 0x0062, 0x0042, 0x0042, 0x0042, 0x08a4, 0x08c4, 0x08a3, 0x0082, 0x0041, 0x0041,
0x08c4, 0x08e5, 0x08e5, 0x08c4, 0x08c4, 0x08c4, 0x08c4, 0x00a3, 0x08c3, 0x08c4, 0x08c4, 0x08c4, 0x08a3, 0x0041, 0x08c4, 0x08e5,
0x08e5, 0x08a4, 0x0883, 0x08a3, 0x08c4, 0x08a4, 0x0862, 0x0882, 0x0861, 0x0861, 0x0841, 0x0021, 0x0841, 0x0021, 0x0862, 0x1082,
0x0862, 0x0841, 0x0862, 0x1062, 0x1062, 0x0841, 0x0841, 0x0841, 0x0862, 0x1082, 0x1062, 0x0841, 0x0841, 0x1062, 0x1062, 0x1061,
0x0841, 0x0821, 0x0841, 0x1061, 0x0821, 0x0862, 0x0863, 0x0862, 0x0021, 0x0862, 0x0841, 0x0841, 0x0020, 0x0020, 0x0821, 0x0020,
0x0020, 0x0000, 0x0000, 0x0000, 0x0041, 0x0062, 0x0861, 0x0861, 0x08a3, 0x08e5, 0x08e5, 0x08a3, 0x0882, 0x0841, 0x0820, 0x0820,
0x0841, 0x10e5, 0x0906, 0x0905, 0x0906, 0x0906, 0x0906, 0x0906, 0x0905, 0x0905, 0x0905, 0x0905, 0x0905, 0x08e5, 0x08e5, 0x08c4,
0x08c4, 0x08e4, 0x10c4, 0x10c4, 0x10e4, 0x10e4, 0x10e4, 0x10e4, 0x08c3, 0x08c4, 0x08e5, 0x10e4, 0x10e4, 0x08e4, 0x10e5, 0x08c4,
0x10e4, 0x08e5, 0x10e4, 0x08c3, 0x10c4, 0x0883, 0x0021, 0x0841, 
/* -11- */
0x0949, 0x0969, 0x0969, 0x0969, 0x1168, 0x1168, 0x1189, 0x1189, 0x1189, 0x1189, 0x1188, 0x1189, 0x1169, 0x1168, 0x1169, 0x1168,
0x1189, 0x1189, 0x1189, 0x1189, 0x1189, 0x1169, 0x1168, 0x1168, 0x1188, 0x1188, 0x1189, 0x1189, 0x1189, 0x1188, 0x1168, 0x1188,
0x1188, 0x1188, 0x1168, 0x1168, 0x1168, 0x1168, 0x1168, 0x1168, 0x1168, 0x1168, 0x1188, 0x1188, 0x1189, 0x1188, 0x1188, 0x1168,
0x1168, 0x1168, 0x1189, 0x1189, 0x1168, 0x1168, 0x1168, 0x1168, 0x1168, 0x1189, 0x1189, 0x1189, 0x1189, 0x1188, 0x1189, 0x1189,
0x1189, 0x1188, 0x1188, 0x1168, 0x1168, 0x1168, 0x1168, 0x1168, 0x1168, 0x1168, 0x1168, 0x1168, 0x1169, 0x1169, 0x1169, 0x1168,
0x1168, 0x1168, 0x1169, 0x1168, 0x1169, 0x1169, 0x1168, 0x1168, 0x1169, 0x1169, 0x1189, 0x1189, 0x1189, 0x1189, 0x1189, 0x1189,
0x1189, 0x1189, 0x1189, 0x1189, 0x1189, 0x1189, 0x1189, 0x1189, 0x1189, 0x1189, 0x1189, 0x1189, 0x1189, 0x1189, 0x1189, 0x1189,
0x1189, 0x1189, 0x1189, 0x1189, 0x1189, 0x1189, 0x1189, 0x1189, 0x1188, 0x1188, 0x1188, 0x1188, 0x1168, 0x1169, 0x1168, 0x1168,
0x1168, 0x1147, 0x0862, 0x0862, 0x0947, 0x1168, 0x1168, 0x08e6, 0x0021, 0x0842, 0x0862, 0x1127, 0x0948, 0x08a4, 0x0000, 0x0000,
0x0000, 0x0000, 0x0000, 0x0020, 0x0041, 0x0062, 0x0062, 0x0062, 0x0062, 0x0062, 0x08a4, 0x08c5, 0x08c4, 0x08a3, 0x0062, 0x0041,
0x08c4, 0x08e4, 0x08e5, 0x08c4, 0x08c4, 0x08c4, 0x08c4, 0x00a3, 0x08a3, 0x08c4, 0x08c4, 0x08c4, 0x0883, 0x0041, 0x08c4, 0x08e5,
0x08e4, 0x0862, 0x0862, 0x08a4, 0x08a4, 0x0863, 0x0841, 0x1082, 0x0862, 0x0862, 0x0841, 0x0841, 0x0842, 0x0021, 0x0862, 0x1062,
0x1082, 0x0862, 0x0862, 0x1062, 0x0862, 0x0841, 0x0841, 0x1062, 0x1062, 0x1082, 0x0841, 0x0841, 0x1061, 0x1062, 0x1062, 0x1061,
0x0841, 0x0841, 0x1041, 0x0841, 0x0842, 0x0883, 0x0883, 0x0842, 0x0021, 0x0841, 0x0020, 0x0020, 0x0020, 0x0020, 0x0000, 0x0000,
0x0020, 0x0021, 0x0000, 0x0000, 0x0000, 0x0000, 0x0000, 0x0841, 0x0862, 0x08a4, 0x08c4, 0x08a4, 0x08a3, 0x1062, 0x0820, 0x0820,
0x0841, 0x1105, 0x0906, 0x0905, 0x1106, 0x1106, 0x0906, 0x0906, 0x0906, 0x0906, 0x0905, 0x0905, 0x0905, 0x08e5, 0x08e5, 0x08c4,
0x08c4, 0x08e5, 0x08e4, 0x08c4, 0x10e4, 0x10e4, 0x10e4, 0x10c4, 0x08c4, 0x10c4, 0x10c4, 0x08c4, 0x08e5, 0x08e5, 0x08e5, 0x08c4,
0x10e5, 0x08e5, 0x10e5, 0x08c3, 0x08a3, 0x08c4, 0x0042, 0x0041, 
/* -12- */
0x0969, 0x0969, 0x0969, 0x1169, 0x1168, 0x1169, 0x1189, 0x1189, 0x1189, 0x1189, 0x1189, 0x1189, 0x1188, 0x1168, 0x1189, 0x1189,
0x1189, 0x1189, 0x1189, 0x1189, 0x1189, 0x1169, 0x1169, 0x1188, 0x1188, 0x1188, 0x1188, 0x1188, 0x1188, 0x1188, 0x1188, 0x1188,
0x1168, 0x1188, 0x1188, 0x1188, 0x1168, 0x1168, 0x1168, 0x1168, 0x1168, 0x1168, 0x1168, 0x1188, 0x1188, 0x1188, 0x1188, 0x1169,
0x1169, 0x1168, 0x1189, 0x1168, 0x1168, 0x1168, 0x1168, 0x1168, 0x1168, 0x1188, 0x1189, 0x1189, 0x1189, 0x1189, 0x1189, 0x1189,
0x1188, 0x1168, 0x1168, 0x1168, 0x1168, 0x1168, 0x1168, 0x1168, 0x1168, 0x1168, 0x1168, 0x1168, 0x1169, 0x1169, 0x1168, 0x1168,
0x1168, 0x1188, 0x1189, 0x1168, 0x1168, 0x1169, 0x1169, 0x1189, 0x1169, 0x1189, 0x1189, 0x1189, 0x1189, 0x1189, 0x1189, 0x1189,
0x1189, 0x1169, 0x1189, 0x1189, 0x1189, 0x1189, 0x1189, 0x1189, 0x1189, 0x1189, 0x1189, 0x1189, 0x1189, 0x1189, 0x1189, 0x1189,
0x1189, 0x1189, 0x1189, 0x1189, 0x1189, 0x1189, 0x1189, 0x1188, 0x1188, 0x1188, 0x1188, 0x1188, 0x1188, 0x1189, 0x1168, 0x1188,
0x1189, 0x1147, 0x0062, 0x0883, 0x0948, 0x1168, 0x1168, 0x1106, 0x0042, 0x0041, 0x08e5, 0x1168, 0x08e6, 0x0021, 0x0000, 0x0000,
0x0000, 0x0000, 0x0000, 0x0020, 0x0041, 0x0062, 0x0062, 0x0062, 0x0062, 0x0083, 0x08c4, 0x08c5, 0x08c4, 0x08a3, 0x0062, 0x0041,
0x08c4, 0x08e4, 0x08e5, 0x08e4, 0x08c4, 0x08c4, 0x08c4, 0x0083, 0x08a3, 0x08c4, 0x08c4, 0x08c4, 0x08a3, 0x0042, 0x08c4, 0x08e5,
0x08a3, 0x0841, 0x0842, 0x08c4, 0x0883, 0x0842, 0x0841, 0x0862, 0x0862, 0x0841, 0x0841, 0x0862, 0x0842, 0x0021, 0x0021, 0x0862,
0x1082, 0x1082, 0x0862, 0x0841, 0x0841, 0x0841, 0x0862, 0x1062, 0x1062, 0x0862, 0x0841, 0x0841, 0x1062, 0x1062, 0x1061, 0x0841,
0x0841, 0x0841, 0x1041, 0x0820, 0x0862, 0x0863, 0x0862, 0x0021, 0x0021, 0x0842, 0x0041, 0x0020, 0x0020, 0x0020, 0x0021, 0x0021,
0x0842, 0x0862, 0x0021, 0x0021, 0x0041, 0x0041, 0x0021, 0x0020, 0x0000, 0x0021, 0x0842, 0x0862, 0x0883, 0x0862, 0x1062, 0x1061,
0x0862, 0x1105, 0x0906, 0x0905, 0x1106, 0x1106, 0x1106, 0x0906, 0x0906, 0x0905, 0x0905, 0x0905, 0x08e5, 0x08e5, 0x08e5, 0x08e4,
0x08e5, 0x08e5, 0x08e4, 0x08c4, 0x10c4, 0x10c4, 0x10c4, 0x10c4, 0x10e4, 0x08c4, 0x08c4, 0x08e5, 0x08e5, 0x08e5, 0x08e5, 0x08e4,
0x08e5, 0x08e5, 0x08e5, 0x08c4, 0x0883, 0x08a3, 0x0883, 0x08c4, 
/* -13- */
0x0948, 0x0969, 0x0969, 0x1169, 0x1168, 0x1189, 0x1189, 0x1189, 0x1189, 0x1189, 0x1189, 0x1168, 0x1169, 0x1188, 0x1189, 0x1189,
0x1189, 0x1189, 0x1189, 0x1189, 0x1189, 0x1189, 0x1189, 0x1189, 0x1189, 0x1189, 0x1188, 0x1188, 0x1188, 0x1188, 0x1188, 0x1168,
0x1168, 0x1168, 0x1168, 0x1168, 0x1168, 0x1168, 0x1168, 0x1168, 0x1168, 0x1188, 0x1188, 0x1188, 0x1188, 0x1188, 0x1188, 0x1189,
0x1169, 0x1189, 0x1189, 0x1168, 0x1169, 0x1169, 0x1169, 0x1169, 0x1168, 0x1189, 0x1189, 0x1189, 0x1189, 0x1189, 0x1188, 0x1189,
0x1188, 0x1168, 0x1168, 0x1168, 0x1168, 0x1168, 0x1168, 0x1168, 0x1168, 0x1168, 0x1168, 0x1168, 0x1168, 0x1168, 0x1169, 0x1169,
0x1169, 0x1189, 0x1189, 0x1189, 0x1189, 0x1169, 0x1189, 0x1189, 0x1189, 0x1189, 0x1189, 0x1189, 0x1189, 0x1189, 0x1189, 0x1189,
0x1189, 0x1169, 0x1168, 0x1169, 0x1189, 0x1189, 0x1189, 0x1189, 0x1189, 0x1189, 0x1189, 0x1189, 0x1189, 0x1189, 0x1189, 0x1189,
0x1189, 0x1189, 0x1189, 0x1189, 0x1168, 0x1169, 0x1188, 0x1188, 0x1188, 0x1168, 0x1168, 0x1168, 0x1168, 0x1168, 0x1168, 0x1168,
0x1169, 0x1147, 0x0062, 0x0883, 0x0948, 0x0969, 0x1168, 0x08c5, 0x0021, 0x0062, 0x0927, 0x0906, 0x0022, 0x0000, 0x0000, 0x0000,
0x0000, 0x0000, 0x0000, 0x0021, 0x0041, 0x0062, 0x0062, 0x0042, 0x0062, 0x00a3, 0x08c4, 0x08e5, 0x08e5, 0x08a3, 0x0062, 0x0062,
0x08a3, 0x08c4, 0x08e5, 0x08e5, 0x08c4, 0x08c4, 0x08c4, 0x08a3, 0x08a3, 0x08c4, 0x08c4, 0x08c4, 0x08a3, 0x0042, 0x08c4, 0x08a3,
0x0882, 0x0841, 0x0821, 0x08a3, 0x0882, 0x0841, 0x0841, 0x0862, 0x0041, 0x0041, 0x0862, 0x0862, 0x0841, 0x0021, 0x0841, 0x0862,
0x1082, 0x1082, 0x0841, 0x0021, 0x0841, 0x0862, 0x0861, 0x0841, 0x0841, 0x0861, 0x0841, 0x0841, 0x1062, 0x1061, 0x0841, 0x0841,
0x1062, 0x1062, 0x0841, 0x0020, 0x0862, 0x0042, 0x0042, 0x0041, 0x0021, 0x0062, 0x0062, 0x0042, 0x0041, 0x0041, 0x0042, 0x0062,
0x0862, 0x0862, 0x0041, 0x0041, 0x0041, 0x0041, 0x0041, 0x0041, 0x0041, 0x0021, 0x0020, 0x0020, 0x0021, 0x0020, 0x0821, 0x0821,
0x0862, 0x1105, 0x1106, 0x0906, 0x0906, 0x1106, 0x1106, 0x0905, 0x0905, 0x0905, 0x0906, 0x0906, 0x08e5, 0x08e5, 0x08e5, 0x08e5,
0x08e5, 0x08e5, 0x10e4, 0x10c3, 0x10c3, 0x10c3, 0x10c4, 0x10e4, 0x08c4, 0x08c4, 0x08e4, 0x08e5, 0x08e5, 0x08e5, 0x08e5, 0x08e5,
0x08e5, 0x08e5, 0x08c4, 0x0862, 0x0883, 0x08a3, 0x08a4, 0x08c4, 
/* -14- */
0x0948, 0x0948, 0x0969, 0x1169, 0x1169, 0x1189, 0x1189, 0x1189, 0x1189, 0x1189, 0x1189, 0x1189, 0x1189, 0x1189, 0x1189, 0x1189,
0x1189, 0x1189, 0x1189, 0x1189, 0x1189, 0x1189, 0x1189, 0x1189, 0x1189, 0x1188, 0x1188, 0x1188, 0x1188, 0x1188, 0x1189, 0x1188,
0x1168, 0x1168, 0x1188, 0x1168, 0x1168, 0x1168, 0x1168, 0x1168, 0x1188, 0x1188, 0x1189, 0x1189, 0x1189, 0x1188, 0x1188, 0x1169,
0x1169, 0x1189, 0x1189, 0x1189, 0x1169, 0x1169, 0x1189, 0x1189, 0x1189, 0x1189, 0x1189, 0x1189, 0x1189, 0x1189, 0x1188, 0x1188,
0x1168, 0x1168, 0x1168, 0x1168, 0x1168, 0x1168, 0x1168, 0x1168, 0x1168, 0x1169, 0x1168, 0x1168, 0x1168, 0x1168, 0x1169, 0x1189,
0x1169, 0x1189, 0x1189, 0x1189, 0x1189, 0x1189, 0x1189, 0x1189, 0x1189, 0x1189, 0x1189, 0x1189, 0x1189, 0x1189, 0x1169, 0x1189,
0x1189, 0x1189, 0x1189, 0x1189, 0x1189, 0x1189, 0x1189, 0x1189, 0x1189, 0x1189, 0x1189, 0x1189, 0x1189, 0x1189, 0x1189, 0x1189,
0x1189, 0x1189, 0x1189, 0x1169, 0x1188, 0x1168, 0x1188, 0x1188, 0x1168, 0x1189, 0x1188, 0x1168, 0x1168, 0x1168, 0x1188, 0x1188,
0x1168, 0x1148, 0x0863, 0x0883, 0x0948, 0x0969, 0x1168, 0x0883, 0x0042, 0x08c4, 0x10e6, 0x0042, 0x0000, 0x0000, 0x0000, 0x0000,
0x0000, 0x0000, 0x0000, 0x0041, 0x0042, 0x0062, 0x0062, 0x0062, 0x0083, 0x08a4, 0x08c4, 0x08e4, 0x08c4, 0x08a4, 0x0083, 0x0083,
0x0083, 0x08c4, 0x0905, 0x08e5, 0x08e4, 0x08c4, 0x08c4, 0x08c3, 0x08c3, 0x08c4, 0x08c4, 0x08c4, 0x08a3, 0x0042, 0x0883, 0x1082,
0x1062, 0x0862, 0x0841, 0x0862, 0x1082, 0x0842, 0x0041, 0x0841, 0x0041, 0x0021, 0x0862, 0x0862, 0x0841, 0x0842, 0x0862, 0x0862,
0x1082, 0x0861, 0x0041, 0x0021, 0x1062, 0x0862, 0x0841, 0x0021, 0x0821, 0x1062, 0x0861, 0x0841, 0x0861, 0x0821, 0x0841, 0x0862,
0x0862, 0x1062, 0x0841, 0x0020, 0x0041, 0x0062, 0x0862, 0x0041, 0x0862, 0x0862, 0x0062, 0x0062, 0x0062, 0x0062, 0x0862, 0x0062,
0x0862, 0x0862, 0x0041, 0x0041, 0x0041, 0x0041, 0x0041, 0x0041, 0x0041, 0x0041, 0x0041, 0x0041, 0x0021, 0x0021, 0x0020, 0x0020,
0x0021, 0x0042, 0x0883, 0x08e5, 0x0906, 0x1106, 0x0906, 0x0905, 0x0905, 0x0906, 0x0906, 0x0906, 0x0905, 0x0905, 0x08e5, 0x08e5,
0x08e5, 0x08e5, 0x08e4, 0x10c3, 0x10c3, 0x10c3, 0x08c3, 0x10e4, 0x08e4, 0x08e4, 0x08e5, 0x08e5, 0x08e5, 0x08e5, 0x08e5, 0x08e5,
0x08c4, 0x0863, 0x0062, 0x0883, 0x08c4, 0x08c4, 0x08a4, 0x08a3, 
/* -15- */
0x0948, 0x0948, 0x0969, 0x1169, 0x1169, 0x1189, 0x1189, 0x1189, 0x1189, 0x1189, 0x1189, 0x1189, 0x1189, 0x1189, 0x1189, 0x1189,
0x1189, 0x1989, 0x1989, 0x1989, 0x1189, 0x1189, 0x1189, 0x1189, 0x1189, 0x1188, 0x1188, 0x1188, 0x1188, 0x1189, 0x1189, 0x1188,
0x1188, 0x1168, 0x1188, 0x1168, 0x1188, 0x1188, 0x1188, 0x1168, 0x1168, 0x1189, 0x1189, 0x1189, 0x1189, 0x1188, 0x1188, 0x1169,
0x1169, 0x1189, 0x1189, 0x1189, 0x1169, 0x1169, 0x1169, 0x1189, 0x1189, 0x1189, 0x1189, 0x1189, 0x1189, 0x1189, 0x1189, 0x1188,
0x1168, 0x1168, 0x1168, 0x1168, 0x1168, 0x1168, 0x1168, 0x1168, 0x1168, 0x1168, 0x1168, 0x1169, 0x1168, 0x1169, 0x1169, 0x1189,
0x1189, 0x1169, 0x1189, 0x1189, 0x1189, 0x1189, 0x1189, 0x1189, 0x1189, 0x1189, 0x1189, 0x1189, 0x1189, 0x1189, 0x1189, 0x1189,
0x1189, 0x1189, 0x1189, 0x1188, 0x1189, 0x1189, 0x1189, 0x1189, 0x1189, 0x1189, 0x1189, 0x1189, 0x1189, 0x1189, 0x1189, 0x1189,
0x1189, 0x1169, 0x1189, 0x1189, 0x1168, 0x1168, 0x1189, 0x1188, 0x1168, 0x1168, 0x1168, 0x1168, 0x1168, 0x1168, 0x1168, 0x1169,
0x1169, 0x1148, 0x0063, 0x0883, 0x0948, 0x0969, 0x1127, 0x0042, 0x0883, 0x1127, 0x0863, 0x0000, 0x0000, 0x0000, 0x0000, 0x0000,
0x0020, 0x0000, 0x0000, 0x0041, 0x0062, 0x0082, 0x0062, 0x0062, 0x00a3, 0x08c4, 0x08c4, 0x08e4, 0x08c4, 0x08a3, 0x0083, 0x08a3,
0x00a3, 0x08e4, 0x08e5, 0x08e5, 0x08c4, 0x08c4, 0x08c4, 0x08c4, 0x08c3, 0x08c3, 0x08c4, 0x08a3, 0x08c4, 0x0862, 0x0862, 0x1082,
0x1062, 0x0842, 0x0821, 0x1062, 0x1082, 0x0841, 0x0021, 0x0862, 0x0841, 0x0021, 0x0862, 0x0021, 0x0862, 0x1082, 0x0882, 0x0862,
0x0861, 0x0861, 0x0841, 0x0021, 0x1062, 0x0841, 0x0021, 0x0021, 0x0841, 0x1062, 0x0841, 0x0841, 0x0021, 0x0841, 0x0841, 0x1062,
0x0841, 0x0841, 0x0820, 0x0021, 0x0883, 0x0863, 0x0062, 0x0041, 0x0862, 0x0862, 0x0862, 0x0862, 0x0862, 0x0862, 0x0862, 0x0862,
0x0862, 0x0862, 0x0041, 0x0041, 0x0041, 0x0041, 0x0041, 0x0041, 0x0041, 0x0021, 0x0041, 0x0041, 0x0041, 0x0041, 0x0041, 0x0041,
0x0020, 0x0021, 0x0000, 0x0862, 0x08a4, 0x1106, 0x0906, 0x0905, 0x0905, 0x0906, 0x0906, 0x0906, 0x0905, 0x0905, 0x08e5, 0x08e5,
0x08e5, 0x08e5, 0x08e4, 0x08c3, 0x10a3, 0x08c3, 0x10e4, 0x10e4, 0x10e5, 0x08e5, 0x0905, 0x08e5, 0x08e5, 0x08e5, 0x08c4, 0x0883,
0x0042, 0x0042, 0x08a3, 0x10c4, 0x08c4, 0x10c4, 0x10c4, 0x0883, 
/* -16- */
0x0948, 0x0948, 0x0969, 0x1169, 0x1169, 0x1189, 0x1189, 0x1189, 0x1189, 0x1189, 0x1189, 0x1189, 0x1189, 0x1189, 0x1188, 0x1188,
0x1189, 0x1989, 0x1989, 0x1989, 0x1989, 0x1189, 0x1189, 0x1189, 0x1189, 0x1188, 0x1188, 0x1188, 0x1188, 0x1189, 0x1189, 0x1189,
0x1188, 0x1168, 0x1168, 0x1168, 0x1188, 0x1188, 0x1168, 0x1188, 0x1188, 0x1188, 0x1188, 0x1189, 0x1189, 0x1189, 0x1189, 0x1168,
0x1168, 0x1189, 0x1189, 0x1189, 0x1169, 0x1189, 0x1189, 0x1189, 0x1189, 0x1189, 0x1189, 0x1189, 0x1189, 0x1189, 0x1189, 0x1188,
0x1168, 0x1168, 0x1168, 0x1168, 0x1168, 0x1188, 0x1188, 0x1189, 0x1168, 0x1168, 0x1168, 0x1169, 0x1189, 0x1169, 0x1169, 0x1169,
0x1189, 0x1169, 0x1189, 0x1189, 0x1189, 0x1189, 0x1189, 0x1189, 0x1189, 0x1189, 0x1189, 0x1189, 0x1189, 0x1189, 0x1189, 0x1189,
0x1189, 0x1189, 0x1189, 0x1189, 0x1189, 0x1188, 0x1189, 0x1189, 0x1189, 0x1188, 0x1188, 0x1188, 0x1189, 0x1189, 0x1188, 0x1189,
0x1189, 0x1169, 0x1169, 0x1189, 0x1188, 0x1169, 0x1188, 0x1168, 0x1168, 0x1168, 0x1168, 0x1168, 0x1168, 0x1168, 0x1168, 0x1169,
0x1169, 0x1148, 0x0863, 0x08a3, 0x0948, 0x1148, 0x08a4, 0x0042, 0x0906, 0x0906, 0x0021, 0x0000, 0x0000, 0x0000, 0x0000, 0x0821,
0x0821, 0x0000, 0x0000, 0x0041, 0x0062, 0x0062, 0x0062, 0x0062, 0x08c4, 0x08c4, 0x08c4, 0x08e5, 0x08c4, 0x08a3, 0x0083, 0x08c4,
0x00a3, 0x08e4, 0x08e5, 0x08e5, 0x08c4, 0x08c4, 0x08c4, 0x08c3, 0x08a3, 0x08a3, 0x08a3, 0x00a3, 0x08a3, 0x0862, 0x1062, 0x1082,
0x1062, 0x0841, 0x0862, 0x1082, 0x1082, 0x0841, 0x0862, 0x1082, 0x0862, 0x0021, 0x0841, 0x0021, 0x1082, 0x1082, 0x0882, 0x0862,
0x0862, 0x0862, 0x0841, 0x0021, 0x0862, 0x0821, 0x0841, 0x0841, 0x1062, 0x1062, 0x0841, 0x0020, 0x0841, 0x1062, 0x1062, 0x1062,
0x0841, 0x0821, 0x0021, 0x0862, 0x08a4, 0x0062, 0x0062, 0x0020, 0x0021, 0x0021, 0x0020, 0x0020, 0x0020, 0x0021, 0x0021, 0x0021,
0x0041, 0x0841, 0x0041, 0x0041, 0x0041, 0x0041, 0x0041, 0x0041, 0x0041, 0x0041, 0x0041, 0x0041, 0x0041, 0x0041, 0x0041, 0x0041,
0x0041, 0x0041, 0x0021, 0x0021, 0x0021, 0x0883, 0x0883, 0x08e5, 0x0905, 0x0906, 0x0905, 0x0905, 0x0905, 0x0905, 0x08e5, 0x08e5,
0x08e5, 0x08e5, 0x08e5, 0x10c4, 0x10c3, 0x10c3, 0x10c4, 0x10e5, 0x10e5, 0x0905, 0x08e5, 0x08e5, 0x08e5, 0x08c4, 0x0883, 0x0042,
0x0062, 0x10c4, 0x08c4, 0x08a4, 0x08c4, 0x10c4, 0x10c4, 0x0883, 
/* -17- */
0x0969, 0x0969, 0x0969, 0x1169, 0x1189, 0x1189, 0x1189, 0x1189, 0x1189, 0x1189, 0x1189, 0x1189, 0x1189, 0x1189, 0x1188, 0x1188,
0x1989, 0x1989, 0x1989, 0x1989, 0x19a9, 0x1989, 0x1989, 0x1189, 0x1189, 0x1188, 0x1188, 0x1188, 0x1188, 0x1189, 0x1189, 0x1989,
0x1188, 0x1189, 0x1188, 0x1188, 0x1188, 0x1188, 0x1188, 0x1188, 0x1188, 0x1188, 0x1188, 0x1188, 0x1189, 0x1189, 0x1188, 0x1188,
0x1188, 0x1188, 0x1189, 0x1189, 0x1189, 0x1189, 0x1189, 0x1189, 0x1989, 0x1189, 0x1189, 0x1189, 0x1189, 0x1189, 0x1189, 0x1188,
0x1168, 0x1168, 0x1168, 0x1168, 0x1168, 0x1188, 0x1188, 0x1188, 0x1168, 0x1168, 0x1168, 0x1189, 0x1189, 0x1189, 0x1168, 0x1168,
0x1189, 0x1189, 0x1189, 0x1189, 0x1189, 0x1189, 0x1189, 0x1189, 0x1189, 0x1189, 0x1189, 0x1189, 0x1189, 0x1189, 0x1189, 0x1189,
0x1189, 0x1189, 0x1189, 0x1189, 0x1189, 0x1189, 0x1189, 0x1168, 0x1189, 0x1189, 0x1189, 0x1189, 0x1189, 0x1189, 0x1189, 0x1189,
0x1169, 0x1189, 0x1189, 0x1189, 0x1188, 0x1168, 0x1168, 0x1168, 0x1168, 0x1168, 0x1168, 0x1168, 0x1168, 0x1168, 0x1168, 0x1189,
0x1189, 0x1148, 0x0062, 0x08a3, 0x0948, 0x1106, 0x0042, 0x08c5, 0x0927, 0x0883, 0x0000, 0x0000, 0x0020, 0x0000, 0x0800, 0x0821,
0x0862, 0x0000, 0x0000, 0x0041, 0x0042, 0x0083, 0x0062, 0x0083, 0x08a4, 0x08c4, 0x08c4, 0x08c4, 0x08c4, 0x08c4, 0x00a3, 0x08c4,
0x08c4, 0x08e5, 0x10e5, 0x08e4, 0x08c4, 0x08a4, 0x08c4, 0x08a3, 0x08a3, 0x0082, 0x08a3, 0x08a3, 0x0883, 0x0862, 0x0841, 0x1062,
0x0862, 0x0862, 0x1062, 0x1082, 0x0862, 0x0862, 0x1082, 0x1082, 0x0862, 0x0841, 0x0841, 0x0021, 0x1082, 0x0862, 0x0862, 0x0862,
0x0862, 0x1062, 0x0821, 0x0821, 0x0021, 0x0841, 0x0841, 0x0821, 0x0841, 0x0862, 0x0841, 0x0841, 0x0841, 0x1062, 0x1041, 0x0841,
0x0821, 0x0021, 0x0041, 0x0020, 0x0862, 0x0862, 0x0020, 0x0000, 0x0841, 0x0862, 0x0842, 0x0841, 0x0041, 0x0841, 0x0841, 0x0842,
0x0841, 0x0020, 0x0020, 0x0021, 0x0041, 0x0041, 0x0041, 0x0041, 0x0041, 0x0041, 0x0041, 0x0041, 0x0041, 0x0041, 0x0041, 0x0041,
0x0041, 0x0041, 0x0021, 0x0041, 0x0021, 0x0021, 0x0020, 0x08c4, 0x0905, 0x0905, 0x0905, 0x0905, 0x0905, 0x08e5, 0x08e5, 0x08e5,
0x08e5, 0x08e5, 0x08e5, 0x08e4, 0x10c3, 0x10c3, 0x10c4, 0x08e5, 0x08e5, 0x08e5, 0x0905, 0x08e5, 0x08a3, 0x0062, 0x0062, 0x0883,
0x08c4, 0x08a4, 0x08a4, 0x08a4, 0x10c4, 0x10c4, 0x10c4, 0x0883, 
/* -18- */
0x0969, 0x0969, 0x0969, 0x1169, 0x1189, 0x1189, 0x1189, 0x1189, 0x1189, 0x1189, 0x1189, 0x1189, 0x1189, 0x1189, 0x1189, 0x1988,
0x1988, 0x1989, 0x1989, 0x19a9, 0x1189, 0x1989, 0x1989, 0x1189, 0x1189, 0x1188, 0x1188, 0x1188, 0x1189, 0x1189, 0x1189, 0x1189,
0x1189, 0x1189, 0x1188, 0x1188, 0x1188, 0x1188, 0x1188, 0x1188, 0x1188, 0x1188, 0x1188, 0x1188, 0x1188, 0x1188, 0x1188, 0x1188,
0x1188, 0x1189, 0x1189, 0x1189, 0x1189, 0x1189, 0x1189, 0x1189, 0x1189, 0x1189, 0x1189, 0x1189, 0x1189, 0x1189, 0x1188, 0x1188,
0x1188, 0x1188, 0x1168, 0x1168, 0x1168, 0x1188, 0x1188, 0x1188, 0x1168, 0x1168, 0x1168, 0x1189, 0x1189, 0x1189, 0x1169, 0x1169,
0x1169, 0x1189, 0x1189, 0x1189, 0x1189, 0x1189, 0x1189, 0x1189, 0x1189, 0x1189, 0x1189, 0x1189, 0x1189, 0x1189, 0x1189, 0x1189,
0x1189, 0x1189, 0x1189, 0x1189, 0x1189, 0x1189, 0x1189, 0x1189, 0x1189, 0x1189, 0x1189, 0x1189, 0x1189, 0x1189, 0x1189, 0x1189,
0x1169, 0x1189, 0x1189, 0x1189, 0x1169, 0x1168, 0x1168, 0x1168, 0x1168, 0x1168, 0x1168, 0x1168, 0x1168, 0x1168, 0x1168, 0x1168,
0x1169, 0x0948, 0x0062, 0x0883, 0x1127, 0x0883, 0x0063, 0x0907, 0x08c5, 0x0021, 0x0000, 0x0000, 0x0000, 0x0000, 0x0821, 0x0862,
0x0862, 0x0000, 0x0000, 0x0041, 0x0062, 0x0062, 0x0062, 0x08a3, 0x00a3, 0x00c4, 0x08c4, 0x08c4, 0x08c4, 0x08c4, 0x00a3, 0x08c4,
0x08c4, 0x08e4, 0x10e5, 0x08e4, 0x08c4, 0x08c4, 0x08c4, 0x08c3, 0x08a3, 0x00a3, 0x08a3, 0x08c3, 0x0883, 0x0862, 0x0842, 0x0841,
0x0862, 0x1082, 0x1082, 0x0862, 0x0862, 0x1082, 0x1082, 0x1082, 0x0841, 0x0841, 0x0841, 0x0021, 0x0862, 0x0841, 0x0862, 0x0862,
0x0862, 0x1082, 0x0021, 0x0021, 0x0861, 0x1062, 0x0841, 0x0841, 0x0841, 0x0841, 0x0841, 0x1041, 0x1041, 0x1041, 0x0841, 0x0841,
0x0841, 0x0020, 0x0000, 0x0000, 0x0020, 0x0021, 0x0021, 0x0862, 0x10c3, 0x10c4, 0x10c4, 0x10a4, 0x10a4, 0x10c4, 0x10c4, 0x10c4,
0x10c3, 0x0883, 0x0882, 0x0862, 0x0862, 0x0021, 0x0020, 0x0021, 0x0021, 0x0841, 0x0841, 0x0041, 0x0041, 0x0041, 0x0041, 0x0041,
0x0041, 0x0041, 0x0021, 0x0021, 0x0041, 0x0041, 0x0020, 0x08c4, 0x0905, 0x0905, 0x08e5, 0x08e5, 0x08e5, 0x08e5, 0x08e5, 0x08e5,
0x08e4, 0x08c4, 0x08e5, 0x08e5, 0x10e4, 0x08e4, 0x08c4, 0x08e5, 0x08e5, 0x08e5, 0x08c4, 0x0883, 0x0062, 0x0862, 0x0883, 0x08a3,
0x08a3, 0x10a4, 0x10a4, 0x10c4, 0x10c4, 0x10c4, 0x08a4, 0x0883, 
/* -19- */
0x0969, 0x0969, 0x0969, 0x1169, 0x1169, 0x1189, 0x1189, 0x1189, 0x1189, 0x1189, 0x1189, 0x1189, 0x1189, 0x1189, 0x1189, 0x1188,
0x1989, 0x1989, 0x1989, 0x1189, 0x1989, 0x1989, 0x1989, 0x1189, 0x1189, 0x1189, 0x1168, 0x1188, 0x1189, 0x1169, 0x1188, 0x1188,
0x1188, 0x1188, 0x1168, 0x1168, 0x1188, 0x1188, 0x1188, 0x1188, 0x1188, 0x1188, 0x1188, 0x1188, 0x1188, 0x1188, 0x1168, 0x1188,
0x1189, 0x1189, 0x1189, 0x1189, 0x1189, 0x1189, 0x1189, 0x1189, 0x11a9, 0x1189, 0x1189, 0x1189, 0x1189, 0x1188, 0x1188, 0x1188,
0x1188, 0x1168, 0x1168, 0x1168, 0x1168, 0x1188, 0x1168, 0x1168, 0x1169, 0x1169, 0x1188, 0x1189, 0x1189, 0x1188, 0x1169, 0x1169,
0x1169, 0x1169, 0x1189, 0x1189, 0x1189, 0x1189, 0x1189, 0x1189, 0x1189, 0x1189, 0x1189, 0x1188, 0x1188, 0x1189, 0x1189, 0x1189,
0x1189, 0x1189, 0x1189, 0x1188, 0x1189, 0x1189, 0x1189, 0x1189, 0x1169, 0x1169, 0x1189, 0x1189, 0x1189, 0x1189, 0x1189, 0x1169,
0x1169, 0x1169, 0x1169, 0x1169, 0x1168, 0x1168, 0x1168, 0x1168, 0x1168, 0x1168, 0x1168, 0x1168, 0x1168, 0x1169, 0x1169, 0x1168,
0x1168, 0x0948, 0x0062, 0x0883, 0x08e5, 0x0063, 0x0906, 0x0906, 0x0042, 0x0000, 0x0000, 0x0000, 0x0000, 0x0020, 0x0821, 0x0862,
0x0882, 0x0000, 0x0000, 0x0041, 0x0062, 0x0042, 0x0883, 0x08a4, 0x00a3, 0x08a4, 0x08c4, 0x08c4, 0x08e5, 0x08c4, 0x08a3, 0x08c4,
0x08c4, 0x08c4, 0x08e4, 0x08c4, 0x08c4, 0x08e4, 0x08c4, 0x08c4, 0x00a3, 0x00a3, 0x00a3, 0x08c4, 0x0883, 0x0862, 0x0842, 0x0841,
0x0862, 0x1082, 0x0862, 0x0841, 0x0862, 0x1082, 0x1082, 0x0862, 0x0841, 0x0862, 0x0841, 0x0021, 0x0841, 0x0021, 0x0862, 0x0862,
0x0862, 0x0841, 0x0021, 0x0841, 0x1062, 0x1062, 0x0841, 0x0821, 0x0841, 0x0841, 0x1062, 0x1062, 0x1062, 0x0821, 0x0841, 0x0041,
0x0020, 0x0000, 0x0021, 0x0020, 0x0000, 0x0841, 0x0882, 0x10a3, 0x10c4, 0x10c4, 0x10c4, 0x10c4, 0x10c4, 0x10c4, 0x10c4, 0x10c4,
0x10c4, 0x10c4, 0x10c4, 0x10c4, 0x10c3, 0x0862, 0x0041, 0x0020, 0x0000, 0x0020, 0x0021, 0x0841, 0x0041, 0x0041, 0x0041, 0x0041,
0x0041, 0x0041, 0x0021, 0x0021, 0x0042, 0x0041, 0x0020, 0x08a3, 0x1105, 0x0905, 0x08e5, 0x08e5, 0x08e5, 0x0905, 0x08e5, 0x08e4,
0x08c4, 0x08c4, 0x08c4, 0x10c4, 0x10c4, 0x10e4, 0x08c4, 0x08e4, 0x10c4, 0x0883, 0x0062, 0x0042, 0x08a3, 0x08c4, 0x08a4, 0x08a4,
0x08a3, 0x08a4, 0x10a4, 0x08a3, 0x08a4, 0x08a4, 0x0883, 0x0042, 
/* -20- */
0x1169, 0x1169, 0x1169, 0x1169, 0x1189, 0x1189, 0x1189, 0x1189, 0x1189, 0x1189, 0x1189, 0x1189, 0x1189, 0x1188, 0x1188, 0x1989,
0x1989, 0x1189, 0x1989, 0x1989, 0x1189, 0x1189, 0x1189, 0x1189, 0x1189, 0x1188, 0x1168, 0x1188, 0x1188, 0x1189, 0x1188, 0x1188,
0x1188, 0x1188, 0x1188, 0x1188, 0x1188, 0x1188, 0x1188, 0x1189, 0x1188, 0x1188, 0x1188, 0x1188, 0x1188, 0x1168, 0x1168, 0x1168,
0x1168, 0x1189, 0x1189, 0x1189, 0x1189, 0x1189, 0x1189, 0x11a9, 0x11a9, 0x1189, 0x1189, 0x1189, 0x1189, 0x1189, 0x1189, 0x1189,
0x1188, 0x1168, 0x1188, 0x1169, 0x1168, 0x1168, 0x1168, 0x1168, 0x1168, 0x1169, 0x1189, 0x1189, 0x1189, 0x1189, 0x1168, 0x1168,
0x1168, 0x1168, 0x1188, 0x1188, 0x1189, 0x1189, 0x1188, 0x1189, 0x1168, 0x1188, 0x1168, 0x1188, 0x1188, 0x1188, 0x1188, 0x1188,
0x1189, 0x1189, 0x1189, 0x1189, 0x1189, 0x1189, 0x1189, 0x1189, 0x1189, 0x1189, 0x1189, 0x1189, 0x1189, 0x1169, 0x1169, 0x1169,
0x1169, 0x1169, 0x1169, 0x1168, 0x1168, 0x1168, 0x1168, 0x1168, 0x1168, 0x1169, 0x0968, 0x1169, 0x1169, 0x1169, 0x1169, 0x1168,
0x1168, 0x1147, 0x0042, 0x0883, 0x0862, 0x08c5, 0x0948, 0x08a4, 0x0000, 0x0000, 0x0000, 0x0000, 0x0021, 0x0021, 0x0841, 0x0882,
0x0882, 0x0000, 0x0020, 0x0041, 0x0061, 0x0041, 0x0062, 0x08a3, 0x08a4, 0x08c4, 0x08c4, 0x08e5, 0x08e5, 0x08c4, 0x08c4, 0x08c4,
0x00a3, 0x08c4, 0x08c4, 0x08c4, 0x08c4, 0x08e4, 0x08c4, 0x08c4, 0x00a3, 0x00a3, 0x08a3, 0x08c3, 0x0882, 0x0862, 0x0841, 0x0841,
0x0862, 0x0862, 0x1082, 0x0841, 0x0862, 0x1082, 0x0862, 0x0841, 0x0862, 0x1062, 0x0841, 0x0021, 0x0862, 0x0821, 0x0862, 0x0862,
0x0841, 0x0841, 0x0862, 0x1062, 0x1082, 0x1061, 0x0021, 0x0021, 0x0861, 0x1062, 0x1061, 0x0861, 0x0841, 0x0841, 0x0842, 0x0000,
0x0020, 0x0021, 0x0021, 0x0000, 0x0862, 0x10a3, 0x10a3, 0x10a3, 0x10a4, 0x10a4, 0x10a4, 0x10a4, 0x10a4, 0x10a4, 0x10a4, 0x10a4,
0x10a4, 0x10c4, 0x08c4, 0x10c4, 0x10c4, 0x10c4, 0x10c4, 0x0883, 0x0862, 0x0000, 0x0000, 0x0000, 0x0021, 0x0841, 0x0841, 0x0041,
0x0041, 0x0041, 0x0020, 0x0021, 0x0041, 0x0041, 0x0000, 0x0041, 0x0862, 0x0062, 0x08c4, 0x08c5, 0x08e5, 0x08e5, 0x08e5, 0x08e4,
0x08a4, 0x0862, 0x0021, 0x0021, 0x0021, 0x0882, 0x10a4, 0x10c4, 0x0862, 0x0062, 0x0862, 0x0042, 0x10c4, 0x08c4, 0x08c4, 0x08a4,
0x08a3, 0x10c4, 0x08a3, 0x08a3, 0x08a3, 0x0883, 0x0041, 0x0021, 
/* -21- */
0x0969, 0x0969, 0x1169, 0x1169, 0x1189, 0x1189, 0x1189, 0x1189, 0x1189, 0x1189, 0x1189, 0x1189, 0x1189, 0x1188, 0x1189, 0x1189,
0x1989, 0x1989, 0x1989, 0x1189, 0x1189, 0x1189, 0x1189, 0x1188, 0x1189, 0x1188, 0x1188, 0x1188, 0x1188, 0x1189, 0x1188, 0x1188,
0x1188, 0x1188, 0x1188, 0x1188, 0x1189, 0x1188, 0x1188, 0x1188, 0x1188, 0x1188, 0x1188, 0x1188, 0x1188, 0x1188, 0x1168, 0x1188,
0x1189, 0x1189, 0x1189, 0x1189, 0x1189, 0x1189, 0x1189, 0x1189, 0x1189, 0x1189, 0x1189, 0x1189, 0x1189, 0x1189, 0x1188, 0x1188,
0x1188, 0x1168, 0x1188, 0x1189, 0x1188, 0x1188, 0x1188, 0x1188, 0x1188, 0x1188, 0x1168, 0x1189, 0x1189, 0x1189, 0x1188, 0x1168,
0x1188, 0x1168, 0x1168, 0x1188, 0x1189, 0x1189, 0x1189, 0x1189, 0x1189, 0x1168, 0x1188, 0x1188, 0x1188, 0x1188, 0x1189, 0x1189,
0x1189, 0x1189, 0x1189, 0x1189, 0x1189, 0x1189, 0x1189, 0x1189, 0x1169, 0x1189, 0x1169, 0x1169, 0x1189, 0x1169, 0x1169, 0x1168,
0x1169, 0x1168, 0x1168, 0x1168, 0x1168, 0x1168, 0x1168, 0x1168, 0x1168, 0x1168, 0x1169, 0x0969, 0x1169, 0x1189, 0x1169, 0x1168,
0x1168, 0x0906, 0x0041, 0x0021, 0x0884, 0x1148, 0x0906, 0x0021, 0x0000, 0x0000, 0x0000, 0x0000, 0x0021, 0x0841, 0x0842, 0x0882,
0x0882, 0x0000, 0x0020, 0x0062, 0x0062, 0x0041, 0x0062, 0x00a3, 0x08c4, 0x08c4, 0x08c4, 0x08e5, 0x08e5, 0x00a3, 0x08c4, 0x08c4,
0x00a3, 0x08c4, 0x08c4, 0x08c4, 0x08c4, 0x08c4, 0x08c4, 0x08c4, 0x00a3, 0x08a3, 0x08a3, 0x08c4, 0x0883, 0x0842, 0x0842, 0x0842,
0x0841, 0x0862, 0x1082, 0x0841, 0x0861, 0x0862, 0x0862, 0x1062, 0x1062, 0x0841, 0x0821, 0x0021, 0x0862, 0x0841, 0x0841, 0x0862,
0x0841, 0x1062, 0x1062, 0x1082, 0x1082, 0x1062, 0x0841, 0x0841, 0x1061, 0x1061, 0x1062, 0x0862, 0x0862, 0x0842, 0x0841, 0x0000,
0x0021, 0x0021, 0x0841, 0x1083, 0x10a3, 0x10a4, 0x10a4, 0x10a4, 0x10a4, 0x10a3, 0x10a4, 0x10a3, 0x10a3, 0x10a3, 0x10a3, 0x10a4,
0x10a3, 0x10a4, 0x10c4, 0x10c4, 0x10c4, 0x10c4, 0x10c4, 0x10c4, 0x10a3, 0x0862, 0x0862, 0x0841, 0x0000, 0x0000, 0x0020, 0x0041,
0x0041, 0x0041, 0x0000, 0x0021, 0x0021, 0x0041, 0x0000, 0x0000, 0x0000, 0x0000, 0x0000, 0x0042, 0x08a3, 0x08c4, 0x08e5, 0x08c3,
0x0842, 0x0020, 0x0020, 0x0841, 0x0021, 0x0020, 0x0041, 0x0862, 0x0862, 0x0862, 0x0862, 0x0042, 0x10c4, 0x08a4, 0x08c4, 0x08c4,
0x08a3, 0x08a3, 0x08a3, 0x0883, 0x0842, 0x0041, 0x0842, 0x1082, 
/* -22- */
0x0969, 0x0969, 0x1169, 0x1169, 0x1189, 0x1189, 0x1189, 0x1189, 0x1189, 0x1189, 0x1189, 0x1188, 0x1189, 0x1189, 0x1189, 0x1189,
0x1989, 0x1989, 0x1989, 0x1189, 0x1989, 0x1189, 0x1189, 0x1189, 0x1189, 0x1188, 0x1188, 0x1188, 0x1188, 0x1188, 0x1188, 0x1188,
0x1188, 0x1188, 0x1188, 0x1168, 0x1188, 0x1188, 0x1168, 0x1188, 0x1188, 0x1189, 0x1188, 0x1188, 0x1189, 0x1188, 0x1189, 0x1189,
0x1189, 0x1189, 0x1189, 0x1189, 0x1189, 0x1189, 0x1189, 0x1189, 0x11a9, 0x11a9, 0x1189, 0x1189, 0x1189, 0x1189, 0x1189, 0x1188,
0x1168, 0x1188, 0x1188, 0x1189, 0x1189, 0x1188, 0x1189, 0x1188, 0x1188, 0x1188, 0x1188, 0x1189, 0x1189, 0x1189, 0x1189, 0x1189,
0x1168, 0x1168, 0x1168, 0x1188, 0x1188, 0x1189, 0x1189, 0x1188, 0x1168, 0x1188, 0x1188, 0x1188, 0x1189, 0x1189, 0x1989, 0x1188,
0x1189, 0x1189, 0x1189, 0x1189, 0x1189, 0x1189, 0x1189, 0x1169, 0x1169, 0x1189, 0x1168, 0x1189, 0x1169, 0x1169, 0x1168, 0x1168,
0x1169, 0x1169, 0x1168, 0x1168, 0x1168, 0x1169, 0x1168, 0x1169, 0x1168, 0x1168, 0x1169, 0x1169, 0x1169, 0x1169, 0x1189, 0x1169,
0x0968, 0x0947, 0x0062, 0x0021, 0x1127, 0x1148, 0x0063, 0x0000, 0x0000, 0x0000, 0x0000, 0x0000, 0x0041, 0x0841, 0x0842, 0x0883,
0x0882, 0x0000, 0x0000, 0x0062, 0x0062, 0x0041, 0x0062, 0x08a3, 0x08c4, 0x08c4, 0x08c4, 0x08e5, 0x08e4, 0x00a3, 0x08c4, 0x08c4,
0x08a4, 0x08c4, 0x08c4, 0x08c4, 0x08e4, 0x08c4, 0x08c4, 0x08c4, 0x08c4, 0x08c4, 0x08c4, 0x08c4, 0x08c4, 0x0862, 0x0841, 0x0842,
0x0862, 0x1082, 0x1082, 0x0841, 0x0841, 0x0841, 0x0862, 0x1062, 0x0862, 0x0841, 0x0821, 0x0862, 0x1082, 0x0862, 0x0041, 0x0021,
0x0841, 0x1062, 0x1082, 0x1082, 0x1082, 0x0861, 0x1062, 0x1061, 0x0861, 0x0841, 0x0841, 0x0862, 0x0862, 0x0862, 0x0841, 0x0000,
0x0020, 0x0842, 0x10a3, 0x10a4, 0x10a3, 0x10c4, 0x10a3, 0x10a4, 0x10a3, 0x10c3, 0x10a3, 0x10c4, 0x10a4, 0x10a3, 0x10a3, 0x10a3,
0x10a3, 0x10a3, 0x10a3, 0x10a3, 0x10a4, 0x10a3, 0x10a3, 0x10c4, 0x10c4, 0x10c4, 0x10c4, 0x0883, 0x0862, 0x0041, 0x0000, 0x0000,
0x0041, 0x0020, 0x0000, 0x0021, 0x0021, 0x0021, 0x0000, 0x0020, 0x0041, 0x0041, 0x0842, 0x0841, 0x0020, 0x0041, 0x0883, 0x0021,
0x0842, 0x0841, 0x0021, 0x0042, 0x0042, 0x0021, 0x0000, 0x0862, 0x08a3, 0x08a3, 0x0862, 0x0842, 0x08c4, 0x08a4, 0x08c4, 0x08a4,
0x08a3, 0x0883, 0x0883, 0x0041, 0x0841, 0x1082, 0x1082, 0x1082, 
/* -23- */
0x0969, 0x1169, 0x1169, 0x1169, 0x1189, 0x1189, 0x1189, 0x1189, 0x1189, 0x1189, 0x1189, 0x1189, 0x1189, 0x1189, 0x1188, 0x1189,
0x1189, 0x1189, 0x1989, 0x1189, 0x1189, 0x1189, 0x1189, 0x1188, 0x1188, 0x1188, 0x1188, 0x1188, 0x1188, 0x1188, 0x1188, 0x1168,
0x1168, 0x1188, 0x1168, 0x1168, 0x1168, 0x1188, 0x1168, 0x1188, 0x1189, 0x1189, 0x1188, 0x1188, 0x1189, 0x1189, 0x1189, 0x1189,
0x1189, 0x1189, 0x1189, 0x1189, 0x1189, 0x1189, 0x1189, 0x1189, 0x11a9, 0x1189, 0x1189, 0x1189, 0x1189, 0x1189, 0x1188, 0x1168,
0x1168, 0x1168, 0x1188, 0x1189, 0x1189, 0x1189, 0x1189, 0x1188, 0x1168, 0x1168, 0x1188, 0x1189, 0x1189, 0x1189, 0x1189, 0x1189,
0x1168, 0x1168, 0x1168, 0x1188, 0x1188, 0x1189, 0x1189, 0x1188, 0x1188, 0x1188, 0x1188, 0x1189, 0x1189, 0x1989, 0x1989, 0x1988,
0x1988, 0x1189, 0x1189, 0x1189, 0x1189, 0x1189, 0x1189, 0x1169, 0x1168, 0x1168, 0x1168, 0x1169, 0x1168, 0x0968, 0x0968, 0x1169,
0x0969, 0x0968, 0x0968, 0x0968, 0x1168, 0x1169, 0x1168, 0x1169, 0x1169, 0x1169, 0x1169, 0x1168, 0x1169, 0x1169, 0x1169, 0x1189,
0x1169, 0x1147, 0x0062, 0x0062, 0x0927, 0x08e5, 0x0021, 0x0000, 0x0000, 0x0000, 0x0000, 0x0021, 0x0841, 0x0841, 0x0862, 0x0883,
0x0883, 0x0000, 0x0021, 0x0062, 0x0082, 0x0062, 0x0041, 0x00a4, 0x08e5, 0x08e5, 0x08e4, 0x08e5, 0x08c4, 0x00a3, 0x08e5, 0x08e5,
0x08c4, 0x08c4, 0x08c4, 0x08c4, 0x08c4, 0x08c4, 0x08c4, 0x08c4, 0x08c4, 0x08e5, 0x08c4, 0x08c4, 0x10c4, 0x0042, 0x0041, 0x0861,
0x1082, 0x1082, 0x1082, 0x0841, 0x0841, 0x0862, 0x1082, 0x0861, 0x0021, 0x0021, 0x0862, 0x1082, 0x1062, 0x0861, 0x0021, 0x0021,
0x0861, 0x1062, 0x1062, 0x1082, 0x1062, 0x1062, 0x1061, 0x1061, 0x0841, 0x0021, 0x0841, 0x0862, 0x0862, 0x0862, 0x0862, 0x0020,
0x0021, 0x1083, 0x08a3, 0x10a3, 0x10c3, 0x10a3, 0x10a3, 0x10a4, 0x10a3, 0x10c3, 0x10a3, 0x10a3, 0x10c4, 0x10c4, 0x10c4, 0x10a3,
0x10a3, 0x10a3, 0x10a4, 0x10a3, 0x10a3, 0x10a4, 0x10a4, 0x10a4, 0x10a3, 0x10a4, 0x10a3, 0x10c4, 0x10c4, 0x10a3, 0x0882, 0x0862,
0x0841, 0x0000, 0x0000, 0x0000, 0x0021, 0x0000, 0x0000, 0x0841, 0x0041, 0x0021, 0x0041, 0x0042, 0x0042, 0x0021, 0x0021, 0x0021,
0x0021, 0x0841, 0x0020, 0x0042, 0x0042, 0x0021, 0x0021, 0x08a3, 0x08a3, 0x08a3, 0x0862, 0x0862, 0x10c4, 0x08a3, 0x08a3, 0x08a3,
0x0862, 0x0042, 0x0841, 0x0842, 0x1082, 0x1082, 0x1082, 0x1082, 
/* -24- */
0x0969, 0x1169, 0x1169, 0x1169, 0x1189, 0x1189, 0x1189, 0x1189, 0x1189, 0x1189, 0x1189, 0x1189, 0x1189, 0x1189, 0x1188, 0x1188,
0x1188, 0x1189, 0x1189, 0x1189, 0x1189, 0x1189, 0x1189, 0x1188, 0x1188, 0x1188, 0x1188, 0x1188, 0x1188, 0x1188, 0x1188, 0x1168,
0x1168, 0x1168, 0x1168, 0x1168, 0x1168, 0x1168, 0x1168, 0x1188, 0x1188, 0x1188, 0x1188, 0x1188, 0x1189, 0x1189, 0x1189, 0x1189,
0x1189, 0x1189, 0x1189, 0x1189, 0x1189, 0x1189, 0x1189, 0x1189, 0x1189, 0x1189, 0x1189, 0x1189, 0x1188, 0x1189, 0x1188, 0x1168,
0x1168, 0x1168, 0x1189, 0x1189, 0x1189, 0x1189, 0x1189, 0x1188, 0x1188, 0x1188, 0x1188, 0x1189, 0x1189, 0x1189, 0x1189, 0x1189,
0x1168, 0x1168, 0x1168, 0x1189, 0x1168, 0x1189, 0x1189, 0x1188, 0x1189, 0x1188, 0x1188, 0x1189, 0x1189, 0x1989, 0x1989, 0x1189,
0x1189, 0x1189, 0x1189, 0x1189, 0x1189, 0x1189, 0x1189, 0x1169, 0x1169, 0x1169, 0x1169, 0x1169, 0x1168, 0x0968, 0x0968, 0x0968,
0x0947, 0x0927, 0x0927, 0x1148, 0x1148, 0x1168, 0x1148, 0x1168, 0x1169, 0x1168, 0x1169, 0x1169, 0x1169, 0x1169, 0x1169, 0x1169,
0x1168, 0x1106, 0x0021, 0x0883, 0x08e5, 0x0021, 0x0000, 0x0000, 0x0000, 0x0000, 0x0021, 0x0841, 0x0862, 0x0862, 0x0882, 0x0883,
0x0883, 0x0041, 0x0042, 0x0062, 0x0883, 0x0042, 0x0062, 0x08a4, 0x08e5, 0x08e5, 0x08c4, 0x0906, 0x08e5, 0x00a4, 0x0906, 0x08e5,
0x08c4, 0x08c4, 0x08e5, 0x08c4, 0x08c4, 0x08c4, 0x08c4, 0x08c4, 0x08c4, 0x08e5, 0x08c4, 0x08c4, 0x08c4, 0x0041, 0x0841, 0x0862,
0x1082, 0x1082, 0x1062, 0x0862, 0x1082, 0x1082, 0x1082, 0x0841, 0x0841, 0x0841, 0x1062, 0x1062, 0x0862, 0x0862, 0x0841, 0x0841,
0x0841, 0x0862, 0x0841, 0x0861, 0x1062, 0x1062, 0x1062, 0x0841, 0x0841, 0x0841, 0x0862, 0x1082, 0x0862, 0x0862, 0x0862, 0x0841,
0x0020, 0x0882, 0x1083, 0x0883, 0x10a3, 0x10a3, 0x10a3, 0x10a4, 0x10c4, 0x10c4, 0x10a3, 0x10a3, 0x10a3, 0x10c3, 0x10a3, 0x10a3,
0x10a3, 0x10a3, 0x10a3, 0x10a3, 0x10a3, 0x10a3, 0x10c4, 0x10c4, 0x10c4, 0x10c4, 0x10c4, 0x10c4, 0x10c4, 0x10c4, 0x10a3, 0x10a3,
0x0882, 0x0841, 0x0020, 0x0000, 0x0000, 0x0000, 0x0000, 0x0841, 0x0841, 0x0841, 0x0021, 0x0021, 0x0041, 0x0042, 0x0042, 0x0042,
0x0842, 0x0021, 0x0021, 0x0042, 0x0042, 0x0021, 0x0041, 0x10a4, 0x08a4, 0x08a3, 0x0862, 0x0842, 0x08a3, 0x0883, 0x0862, 0x0842,
0x0021, 0x0842, 0x0862, 0x1082, 0x1082, 0x1082, 0x1082, 0x1082, 
/* -25- */
0x0969, 0x0968, 0x1168, 0x1169, 0x1169, 0x1189, 0x1189, 0x1189, 0x1189, 0x1188, 0x1189, 0x1189, 0x1189, 0x1189, 0x1189, 0x1989,
0x1189, 0x1188, 0x1189, 0x1189, 0x1189, 0x1189, 0x1189, 0x1188, 0x1188, 0x1188, 0x1188, 0x1189, 0x1168, 0x1188, 0x1189, 0x1169,
0x1168, 0x1168, 0x1168, 0x1168, 0x1168, 0x1168, 0x1168, 0x1188, 0x1188, 0x1188, 0x1188, 0x1188, 0x1188, 0x1188, 0x1189, 0x1189,
0x1189, 0x1189, 0x1189, 0x1189, 0x1189, 0x1189, 0x1189, 0x1189, 0x1189, 0x1189, 0x1188, 0x1188, 0x1189, 0x1188, 0x1188, 0x1188,
0x1189, 0x1189, 0x1189, 0x1189, 0x1189, 0x1189, 0x1189, 0x1189, 0x1188, 0x1189, 0x1189, 0x1189, 0x1189, 0x1189, 0x1189, 0x1188,
0x1168, 0x1168, 0x1168, 0x1169, 0x1169, 0x1189, 0x1189, 0x1189, 0x1189, 0x1189, 0x1189, 0x1189, 0x1189, 0x1189, 0x1989, 0x1989,
0x1989, 0x1989, 0x1189, 0x1189, 0x1189, 0x1189, 0x1189, 0x1189, 0x1169, 0x1169, 0x1169, 0x0969, 0x0968, 0x0968, 0x0948, 0x0927,
0x08a4, 0x0883, 0x0883, 0x0884, 0x0884, 0x0883, 0x08a4, 0x1168, 0x1168, 0x1169, 0x1169, 0x1189, 0x1189, 0x1169, 0x1189, 0x1169,
0x1147, 0x0862, 0x0000, 0x0041, 0x0041, 0x0000, 0x0000, 0x0000, 0x0000, 0x0021, 0x0841, 0x0862, 0x0862, 0x0882, 0x1083, 0x08a3,
0x0862, 0x0041, 0x0041, 0x0083, 0x0883, 0x0062, 0x0062, 0x08a4, 0x08e5, 0x08e5, 0x08e5, 0x0926, 0x0905, 0x00c4, 0x0906, 0x0905,
0x08e5, 0x08e5, 0x0905, 0x08e5, 0x08c4, 0x08c4, 0x08a4, 0x08a3, 0x08a3, 0x08c4, 0x08c4, 0x08c4, 0x08c3, 0x0041, 0x0841, 0x1062,
0x1082, 0x1082, 0x0841, 0x1082, 0x1082, 0x1082, 0x0862, 0x0861, 0x0841, 0x0841, 0x1082, 0x0862, 0x0862, 0x1062, 0x0862, 0x0841,
0x0841, 0x0842, 0x0862, 0x1062, 0x1062, 0x1062, 0x0862, 0x0841, 0x0862, 0x0862, 0x1062, 0x0882, 0x0862, 0x0862, 0x0841, 0x0842,
0x0020, 0x0020, 0x0021, 0x0862, 0x0862, 0x10a3, 0x10c3, 0x10a4, 0x10c4, 0x10c4, 0x10c3, 0x10a3, 0x10c4, 0x10c4, 0x10c3, 0x10c4,
0x10a4, 0x10a4, 0x10a4, 0x10a3, 0x10a3, 0x10a4, 0x10c4, 0x10c4, 0x10e4, 0x10c4, 0x10c4, 0x10c4, 0x10c4, 0x10a3, 0x10a3, 0x0882,
0x0021, 0x0841, 0x0841, 0x0021, 0x0000, 0x0000, 0x0000, 0x0000, 0x0841, 0x0862, 0x0862, 0x0862, 0x0021, 0x0041, 0x0042, 0x0042,
0x0042, 0x0021, 0x0020, 0x0042, 0x0042, 0x0021, 0x0041, 0x10a4, 0x10a4, 0x0883, 0x0883, 0x0862, 0x0042, 0x0842, 0x0842, 0x0862,
0x0862, 0x0041, 0x0862, 0x1082, 0x1082, 0x1082, 0x1082, 0x1082, 
/* -26- */
0x0968, 0x0969, 0x1169, 0x1169, 0x1189, 0x1189, 0x1188, 0x1188, 0x1188, 0x1188, 0x1188, 0x1189, 0x1189, 0x1189, 0x1188, 0x1189,
0x1189, 0x1188, 0x1189, 0x1189, 0x1189, 0x1189, 0x1189, 0x1189, 0x1188, 0x1188, 0x1168, 0x1188, 0x1188, 0x1188, 0x1168, 0x1168,
0x1168, 0x1168, 0x1168, 0x1168, 0x1168, 0x1168, 0x1168, 0x1168, 0x1168, 0x1188, 0x1188, 0x1188, 0x1188, 0x1188, 0x1188, 0x1189,
0x1189, 0x1188, 0x1189, 0x1189, 0x1189, 0x1189, 0x1189, 0x1189, 0x1189, 0x1189, 0x1188, 0x1188, 0x1189, 0x1188, 0x1188, 0x1188,
0x1189, 0x1189, 0x1188, 0x1189, 0x1189, 0x1189, 0x1189, 0x1189, 0x1189, 0x1189, 0x1189, 0x1189, 0x1189, 0x1189, 0x1189, 0x1188,
0x1168, 0x1168, 0x1168, 0x1188, 0x1189, 0x1188, 0x1189, 0x1189, 0x1189, 0x1189, 0x1189, 0x1189, 0x1189, 0x1989, 0x1989, 0x1989,
0x19a9, 0x1189, 0x1189, 0x1189, 0x1189, 0x1189, 0x1189, 0x1189, 0x1169, 0x1169, 0x0968, 0x0968, 0x0968, 0x0969, 0x0927, 0x08a4,
0x10e6, 0x1148, 0x1168, 0x0948, 0x0927, 0x1106, 0x0063, 0x1168, 0x1169, 0x1189, 0x1189, 0x1189, 0x1189, 0x1189, 0x0969, 0x1168,
0x10e5, 0x0001, 0x0021, 0x0000, 0x0000, 0x0000, 0x0000, 0x0000, 0x0021, 0x0841, 0x0841, 0x0862, 0x0882, 0x0883, 0x0883, 0x0883,
0x0862, 0x0041, 0x0041, 0x0083, 0x00a3, 0x0062, 0x0062, 0x08a3, 0x08c4, 0x08e5, 0x0906, 0x0926, 0x0905, 0x08e5, 0x0927, 0x0906,
0x08e5, 0x0905, 0x1127, 0x0905, 0x08c4, 0x08c4, 0x08a4, 0x08a3, 0x08a3, 0x08a3, 0x08a3, 0x08c3, 0x08a3, 0x0883, 0x0841, 0x0862,
0x0841, 0x0841, 0x1082, 0x1082, 0x1082, 0x0862, 0x1082, 0x0862, 0x0021, 0x0841, 0x0862, 0x0841, 0x0862, 0x1062, 0x0862, 0x0821,
0x0021, 0x0862, 0x1062, 0x1062, 0x1062, 0x0841, 0x0841, 0x0842, 0x1062, 0x0862, 0x0862, 0x0862, 0x0862, 0x0841, 0x0842, 0x0862,
0x0862, 0x0841, 0x0000, 0x0000, 0x0000, 0x0841, 0x0862, 0x10a3, 0x10c4, 0x10c3, 0x10c3, 0x10c3, 0x10c4, 0x10c4, 0x10c4, 0x10c4,
0x10c4, 0x10c4, 0x10a4, 0x10a3, 0x10a3, 0x10a4, 0x10c4, 0x10e4, 0x10e4, 0x10c4, 0x10c4, 0x10a4, 0x10c4, 0x10a3, 0x0862, 0x0021,
0x0821, 0x0021, 0x0841, 0x0841, 0x0020, 0x0000, 0x0000, 0x0000, 0x0000, 0x0020, 0x0862, 0x0862, 0x0841, 0x0021, 0x0041, 0x0842,
0x0042, 0x0021, 0x0020, 0x0042, 0x0042, 0x0021, 0x0041, 0x10a3, 0x10a4, 0x0883, 0x0862, 0x0862, 0x0842, 0x0862, 0x1062, 0x1062,
0x0862, 0x0041, 0x0841, 0x1082, 0x1082, 0x1082, 0x1082, 0x1082, 
/* -27- */
0x0969, 0x0969, 0x1169, 0x1169, 0x1189, 0x1189, 0x1188, 0x1188, 0x1188, 0x1188, 0x1188, 0x1189, 0x1189, 0x1189, 0x1188, 0x1188,
0x1189, 0x1189, 0x1189, 0x1189, 0x1189, 0x1189, 0x1189, 0x1189, 0x1189, 0x1189, 0x1168, 0x1188, 0x1168, 0x1188, 0x1188, 0x1168,
0x1168, 0x1168, 0x1168, 0x1168, 0x1168, 0x1168, 0x1168, 0x1168, 0x1168, 0x1168, 0x1168, 0x1168, 0x1168, 0x1168, 0x1188, 0x1189,
0x1189, 0x1189, 0x1189, 0x1189, 0x1189, 0x1189, 0x1189, 0x1189, 0x1189, 0x1189, 0x1188, 0x1188, 0x1188, 0x1188, 0x1168, 0x1189,
0x1189, 0x1189, 0x1189, 0x1189, 0x1189, 0x1189, 0x1189, 0x1189, 0x1189, 0x1189, 0x1189, 0x1189, 0x1189, 0x1189, 0x1189, 0x1189,
0x1188, 0x1168, 0x1168, 0x1168, 0x1189, 0x1188, 0x1189, 0x1189, 0x1189, 0x1189, 0x1189, 0x1189, 0x1189, 0x1189, 0x1189, 0x1189,
0x1189, 0x1189, 0x1189, 0x1189, 0x1189, 0x1189, 0x1189, 0x1169, 0x1169, 0x1169, 0x1169, 0x0968, 0x0968, 0x0968, 0x0906, 0x0042,
0x10e6, 0x1169, 0x1168, 0x0927, 0x0927, 0x10e6, 0x0883, 0x1169, 0x0969, 0x1189, 0x1189, 0x1189, 0x1189, 0x0989, 0x0969, 0x1127,
0x0021, 0x0021, 0x0021, 0x0000, 0x0000, 0x0000, 0x0020, 0x0000, 0x0841, 0x0841, 0x0862, 0x0841, 0x0862, 0x08a3, 0x08a3, 0x0883,
0x0883, 0x0041, 0x0041, 0x0083, 0x00a4, 0x0062, 0x0062, 0x0083, 0x08c4, 0x08e5, 0x0905, 0x0926, 0x0927, 0x0927, 0x0927, 0x0906,
0x08e5, 0x0926, 0x0927, 0x0905, 0x08c4, 0x08c4, 0x08c4, 0x0082, 0x08a3, 0x08c4, 0x08c4, 0x08c4, 0x08c4, 0x08a3, 0x0841, 0x0862,
0x0841, 0x1062, 0x1082, 0x1082, 0x0862, 0x1062, 0x1082, 0x1082, 0x0021, 0x0841, 0x0841, 0x0841, 0x0862, 0x1062, 0x0841, 0x0841,
0x0862, 0x1062, 0x1062, 0x1062, 0x0861, 0x0821, 0x0841, 0x0862, 0x0862, 0x0862, 0x0862, 0x0862, 0x0841, 0x0862, 0x0862, 0x0862,
0x08a3, 0x08a3, 0x0862, 0x0841, 0x0000, 0x0000, 0x0000, 0x0041, 0x0841, 0x1082, 0x10a3, 0x10a3, 0x10a3, 0x10c4, 0x08c4, 0x10c4,
0x10c4, 0x10c4, 0x10a4, 0x10a3, 0x10a4, 0x10a4, 0x10a4, 0x10c4, 0x10c4, 0x10c4, 0x10a4, 0x10a3, 0x10a3, 0x0841, 0x0841, 0x0841,
0x0020, 0x0020, 0x0841, 0x0021, 0x0000, 0x0021, 0x0862, 0x0862, 0x0862, 0x0021, 0x0020, 0x0841, 0x0841, 0x0841, 0x0021, 0x0041,
0x0042, 0x0021, 0x0000, 0x0042, 0x0042, 0x0021, 0x0041, 0x10a3, 0x0883, 0x0041, 0x0041, 0x0841, 0x1082, 0x1082, 0x1082, 0x1062,
0x0862, 0x0041, 0x0862, 0x1083, 0x1083, 0x1083, 0x1082, 0x0862, 
/* -28- */
0x0969, 0x0969, 0x1169, 0x1189, 0x1189, 0x1189, 0x1189, 0x1188, 0x1188, 0x1188, 0x1188, 0x1188, 0x1188, 0x1188, 0x1188, 0x1188,
0x1189, 0x1189, 0x1189, 0x1188, 0x1188, 0x1188, 0x1189, 0x1189, 0x1188, 0x1188, 0x1188, 0x1188, 0x1188, 0x1188, 0x1168, 0x1168,
0x1168, 0x1168, 0x1168, 0x1168, 0x1168, 0x1168, 0x1168, 0x1168, 0x1168, 0x1188, 0x1168, 0x1169, 0x1168, 0x1168, 0x1188, 0x1189,
0x1189, 0x1189, 0x1189, 0x1189, 0x1189, 0x1189, 0x1189, 0x1189, 0x1189, 0x1189, 0x1169, 0x1189, 0x1169, 0x1189, 0x1189, 0x1189,
0x1189, 0x1189, 0x1189, 0x1189, 0x1189, 0x1189, 0x1189, 0x1189, 0x1189, 0x1189, 0x1189, 0x1189, 0x1189, 0x1189, 0x1188, 0x1188,
0x1188, 0x1188, 0x1188, 0x1188, 0x1188, 0x1189, 0x1189, 0x1189, 0x1189, 0x1189, 0x1189, 0x1189, 0x1189, 0x1189, 0x1189, 0x1189,
0x1989, 0x1189, 0x1189, 0x1188, 0x1168, 0x1169, 0x1169, 0x1169, 0x1169, 0x1169, 0x1169, 0x0968, 0x0969, 0x1127, 0x08c5, 0x0883,
0x0862, 0x0863, 0x0062, 0x0041, 0x0021, 0x0041, 0x0862, 0x1106, 0x1127, 0x1127, 0x1127, 0x1147, 0x1148, 0x1148, 0x1148, 0x0042,
0x0842, 0x0021, 0x0020, 0x0000, 0x0000, 0x0000, 0x0000, 0x0020, 0x0862, 0x0862, 0x0882, 0x0862, 0x0862, 0x08a3, 0x08a3, 0x0883,
0x0883, 0x0041, 0x0042, 0x00a3, 0x00a3, 0x0082, 0x0062, 0x08a3, 0x08c4, 0x08e5, 0x08e5, 0x0926, 0x0947, 0x0927, 0x0927, 0x0906,
0x08e5, 0x0926, 0x0926, 0x08e5, 0x08c4, 0x08a4, 0x08c4, 0x08a3, 0x08a3, 0x08e4, 0x08c4, 0x08a3, 0x0883, 0x0882, 0x0862, 0x0862,
0x1062, 0x1062, 0x1082, 0x0862, 0x0842, 0x1082, 0x1082, 0x1082, 0x0821, 0x0841, 0x0841, 0x0821, 0x0862, 0x0841, 0x0862, 0x1062,
0x1062, 0x1062, 0x1062, 0x1062, 0x0841, 0x0841, 0x0862, 0x0862, 0x1062, 0x1061, 0x0841, 0x0841, 0x0841, 0x0862, 0x0862, 0x08a3,
0x10a3, 0x10a3, 0x0882, 0x08a3, 0x10c4, 0x0883, 0x0821, 0x0020, 0x0000, 0x0020, 0x0020, 0x0841, 0x10a3, 0x10a3, 0x10a3, 0x10c3,
0x10c4, 0x10c4, 0x10c4, 0x10c4, 0x10c4, 0x10c4, 0x10c4, 0x10a3, 0x10c3, 0x10c3, 0x10a3, 0x0862, 0x0021, 0x0841, 0x0041, 0x0020,
0x0020, 0x0020, 0x0020, 0x0021, 0x0021, 0x0862, 0x0863, 0x0083, 0x0082, 0x0862, 0x0021, 0x0020, 0x0841, 0x0862, 0x0841, 0x0021,
0x0021, 0x0841, 0x0020, 0x0042, 0x0042, 0x0021, 0x0021, 0x1082, 0x0841, 0x0841, 0x0862, 0x1062, 0x0862, 0x0862, 0x1082, 0x1062,
0x0842, 0x0021, 0x0842, 0x1082, 0x1082, 0x0862, 0x0041, 0x0021, 
/* -29- */
0x0969, 0x0969, 0x1169, 0x1189, 0x1189, 0x1189, 0x1189, 0x1189, 0x1188, 0x1188, 0x1188, 0x1188, 0x1188, 0x1188, 0x1188, 0x1189,
0x1989, 0x1989, 0x1989, 0x1189, 0x1189, 0x1188, 0x1189, 0x1189, 0x1188, 0x1188, 0x1188, 0x1168, 0x1188, 0x1188, 0x1168, 0x1168,
0x1168, 0x1168, 0x1168, 0x1168, 0x1168, 0x1168, 0x1168, 0x1168, 0x1168, 0x1188, 0x1168, 0x1169, 0x1169, 0x1168, 0x1188, 0x1189,
0x1189, 0x1189, 0x1189, 0x1189, 0x1189, 0x1189, 0x1189, 0x1189, 0x1189, 0x1189, 0x1189, 0x1189, 0x1189, 0x1189, 0x1189, 0x1189,
0x1189, 0x1189, 0x1189, 0x1189, 0x1189, 0x1189, 0x1189, 0x1189, 0x1189, 0x1189, 0x1189, 0x1189, 0x1189, 0x1189, 0x1188, 0x1188,
0x1189, 0x1189, 0x1189, 0x1188, 0x1189, 0x1189, 0x1189, 0x1189, 0x1189, 0x1189, 0x1189, 0x1189, 0x1189, 0x1189, 0x1189, 0x1989,
0x1189, 0x1189, 0x1189, 0x1189, 0x1189, 0x1169, 0x1169, 0x1169, 0x1169, 0x1169, 0x0968, 0x0968, 0x0948, 0x08a4, 0x0883, 0x0863,
0x0000, 0x0000, 0x0000, 0x0000, 0x0000, 0x0000, 0x0021, 0x0842, 0x08a4, 0x0883, 0x0883, 0x08a4, 0x08a4, 0x08a4, 0x0884, 0x0883,
0x0883, 0x0021, 0x0000, 0x0000, 0x0000, 0x0000, 0x0000, 0x0841, 0x0862, 0x0882, 0x0883, 0x0862, 0x0862, 0x08a3, 0x08a3, 0x0883,
0x0883, 0x0062, 0x0062, 0x00a3, 0x08a3, 0x0083, 0x0062, 0x08c4, 0x08e5, 0x08e5, 0x0905, 0x0927, 0x0947, 0x0927, 0x0947, 0x0926,
0x0906, 0x0926, 0x0927, 0x08e5, 0x08c4, 0x08c4, 0x08c4, 0x08a3, 0x08a3, 0x08c4, 0x08c4, 0x08a3, 0x08a3, 0x0883, 0x0862, 0x1083,
0x1062, 0x1062, 0x0862, 0x0841, 0x0842, 0x1082, 0x1082, 0x1082, 0x0841, 0x1062, 0x1062, 0x0841, 0x0842, 0x0862, 0x0862, 0x1062,
0x1062, 0x1062, 0x0861, 0x0841, 0x0841, 0x0841, 0x1062, 0x1062, 0x1062, 0x0841, 0x0841, 0x0883, 0x0862, 0x0862, 0x0883, 0x0883,
0x0882, 0x0882, 0x0882, 0x0883, 0x0883, 0x0882, 0x0862, 0x0841, 0x0882, 0x0883, 0x0021, 0x0000, 0x0020, 0x0841, 0x0862, 0x0862,
0x0862, 0x10a3, 0x10c4, 0x10c4, 0x10e4, 0x10e4, 0x10c4, 0x10c3, 0x10a3, 0x0882, 0x0841, 0x0021, 0x0841, 0x0021, 0x0020, 0x0020,
0x0020, 0x0021, 0x0062, 0x0062, 0x0863, 0x0863, 0x0863, 0x0062, 0x0082, 0x0083, 0x0862, 0x0021, 0x0020, 0x0841, 0x0862, 0x0842,
0x0021, 0x0021, 0x0000, 0x0042, 0x0042, 0x0021, 0x0020, 0x0841, 0x0841, 0x0862, 0x0862, 0x1062, 0x1062, 0x1062, 0x1082, 0x1062,
0x0842, 0x0021, 0x0841, 0x1062, 0x0862, 0x0842, 0x1062, 0x0842, 
/* -30- */
0x0969, 0x0969, 0x1169, 0x1189, 0x1189, 0x1168, 0x1188, 0x1188, 0x1188, 0x1188, 0x1188, 0x1188, 0x1188, 0x1188, 0x1188, 0x1188,
0x1189, 0x1189, 0x1189, 0x1188, 0x1188, 0x1188, 0x1189, 0x1189, 0x1188, 0x1188, 0x1188, 0x1168, 0x1168, 0x1168, 0x1168, 0x1168,
0x1168, 0x1168, 0x1168, 0x1168, 0x1168, 0x1168, 0x1168, 0x1168, 0x1168, 0x1168, 0x1188, 0x1168, 0x1168, 0x1168, 0x1168, 0x1189,
0x1189, 0x1189, 0x1189, 0x1188, 0x1189, 0x1189, 0x1189, 0x1189, 0x1189, 0x1189, 0x1189, 0x1189, 0x1189, 0x1189, 0x1189, 0x1189,
0x1189, 0x1189, 0x1189, 0x1189, 0x1189, 0x1189, 0x1189, 0x1189, 0x1189, 0x1189, 0x1189, 0x1188, 0x1189, 0x1188, 0x1189, 0x1188,
0x1188, 0x1189, 0x1189, 0x1189, 0x1189, 0x1189, 0x1189, 0x1189, 0x1189, 0x1189, 0x1189, 0x11a9, 0x1189, 0x1189, 0x11a9, 0x19a9,
0x11a9, 0x1189, 0x1189, 0x1189, 0x1189, 0x1189, 0x1169, 0x1169, 0x1169, 0x1169, 0x0968, 0x0968, 0x1148, 0x0062, 0x0863, 0x0021,
0x0000, 0x0000, 0x0000, 0x0021, 0x0021, 0x0020, 0x0000, 0x0021, 0x0884, 0x08a4, 0x08e5, 0x0906, 0x0906, 0x0883, 0x0042, 0x1106,
0x0062, 0x0000, 0x0000, 0x0000, 0x0000, 0x0000, 0x0841, 0x0841, 0x0882, 0x0882, 0x0883, 0x0862, 0x0862, 0x0883, 0x08a3, 0x0883,
0x0883, 0x0062, 0x0062, 0x0083, 0x08a3, 0x0083, 0x0062, 0x08c4, 0x08e5, 0x08e5, 0x0905, 0x0947, 0x0947, 0x0947, 0x0927, 0x0927,
0x0926, 0x0947, 0x0927, 0x08e5, 0x08c4, 0x08c4, 0x08c4, 0x08a4, 0x08a3, 0x08a3, 0x08c4, 0x08c4, 0x08c3, 0x0882, 0x0862, 0x1082,
0x1062, 0x0862, 0x0842, 0x0821, 0x0841, 0x1062, 0x0862, 0x1062, 0x1062, 0x1062, 0x1062, 0x0841, 0x0841, 0x0841, 0x1062, 0x1062,
0x1062, 0x0861, 0x0841, 0x0861, 0x0821, 0x0841, 0x1061, 0x1062, 0x0841, 0x0841, 0x0883, 0x10a3, 0x0882, 0x0883, 0x0862, 0x0862,
0x0882, 0x0883, 0x0883, 0x0862, 0x0882, 0x0883, 0x0862, 0x0862, 0x10c4, 0x10e5, 0x0882, 0x0841, 0x0841, 0x0020, 0x0000, 0x0020,
0x0020, 0x0841, 0x10a2, 0x10c4, 0x10e4, 0x10c4, 0x10c3, 0x08a3, 0x0862, 0x0841, 0x0841, 0x0840, 0x0020, 0x0020, 0x0041, 0x0041,
0x0062, 0x0062, 0x0062, 0x0063, 0x0063, 0x0862, 0x0883, 0x0083, 0x0083, 0x0083, 0x0083, 0x0862, 0x0021, 0x0020, 0x0862, 0x0862,
0x0841, 0x0020, 0x0020, 0x0042, 0x0042, 0x0021, 0x0000, 0x0862, 0x0862, 0x0862, 0x0862, 0x1062, 0x1062, 0x1062, 0x0862, 0x1082,
0x0862, 0x0021, 0x0041, 0x0841, 0x0862, 0x1082, 0x1082, 0x1082, 
/* -31- */
0x0969, 0x1169, 0x1169, 0x1169, 0x1169, 0x1168, 0x1189, 0x1189, 0x1189, 0x1168, 0x1168, 0x1188, 0x1188, 0x1188, 0x1188, 0x1188,
0x1188, 0x1188, 0x1189, 0x1188, 0x1188, 0x1188, 0x1189, 0x1189, 0x1188, 0x1188, 0x1188, 0x1188, 0x1168, 0x1168, 0x1168, 0x1168,
0x1168, 0x1168, 0x1168, 0x1168, 0x1168, 0x1168, 0x1168, 0x1168, 0x1168, 0x1168, 0x1169, 0x1168, 0x1168, 0x1188, 0x1168, 0x1189,
0x1189, 0x1189, 0x1189, 0x1189, 0x1189, 0x1189, 0x1189, 0x1189, 0x1189, 0x1189, 0x1189, 0x1189, 0x1189, 0x1189, 0x1189, 0x1189,
0x1189, 0x1189, 0x1189, 0x1189, 0x1189, 0x1189, 0x1189, 0x1189, 0x1189, 0x1189, 0x1189, 0x1188, 0x1188, 0x1189, 0x1189, 0x1188,
0x1188, 0x1189, 0x1189, 0x1189, 0x1189, 0x1189, 0x1189, 0x1189, 0x1189, 0x1189, 0x1189, 0x11a9, 0x11a9, 0x1189, 0x11a9, 0x1189,
0x11a9, 0x1189, 0x1189, 0x1189, 0x1189, 0x1189, 0x1169, 0x1169, 0x1169, 0x1169, 0x0969, 0x0968, 0x1148, 0x08a4, 0x0042, 0x0021,
0x0000, 0x0000, 0x0021, 0x0041, 0x0041, 0x0041, 0x0020, 0x0021, 0x08c5, 0x0927, 0x08c5, 0x08a4, 0x0863, 0x0021, 0x0842, 0x0863,
0x0062, 0x0000, 0x0000, 0x0000, 0x0000, 0x0000, 0x0841, 0x0862, 0x0882, 0x0883, 0x0863, 0x0862, 0x0862, 0x0883, 0x08a3, 0x08a3,
0x08a3, 0x0082, 0x0082, 0x0083, 0x00a3, 0x0083, 0x0062, 0x08a3, 0x08e5, 0x08e5, 0x08e5, 0x0927, 0x0927, 0x0947, 0x0927, 0x0927,
0x0927, 0x0927, 0x0927, 0x0905, 0x08c4, 0x08c4, 0x08c4, 0x08c4, 0x08c4, 0x10a3, 0x08c4, 0x08c4, 0x08c4, 0x0883, 0x0862, 0x1082,
0x0862, 0x0862, 0x0842, 0x0021, 0x0841, 0x0841, 0x0021, 0x1082, 0x1062, 0x1062, 0x0841, 0x0841, 0x0862, 0x0841, 0x1062, 0x1062,
0x0841, 0x0841, 0x1062, 0x1062, 0x0021, 0x0841, 0x1061, 0x0841, 0x0841, 0x1082, 0x0882, 0x1082, 0x0862, 0x0862, 0x10a3, 0x1082,
0x0882, 0x08a3, 0x08a3, 0x0882, 0x0882, 0x08a4, 0x0882, 0x0882, 0x10e5, 0x08e5, 0x08c3, 0x10a3, 0x0882, 0x0861, 0x0882, 0x0041,
0x0000, 0x0000, 0x0021, 0x0041, 0x0841, 0x0882, 0x0862, 0x0841, 0x0021, 0x0021, 0x0840, 0x0820, 0x0020, 0x0042, 0x0883, 0x08a3,
0x0082, 0x0862, 0x0863, 0x0863, 0x0862, 0x0862, 0x0883, 0x0083, 0x0083, 0x0083, 0x0083, 0x0883, 0x0062, 0x0021, 0x0041, 0x0862,
0x0862, 0x0841, 0x0041, 0x0042, 0x0042, 0x0021, 0x0020, 0x1062, 0x1062, 0x1062, 0x1062, 0x1062, 0x1062, 0x0862, 0x0862, 0x0862,
0x0041, 0x0041, 0x0841, 0x0862, 0x1082, 0x1082, 0x1082, 0x1082, 
/* -32- */
0x0969, 0x0969, 0x1169, 0x1189, 0x1168, 0x1169, 0x1189, 0x1189, 0x1188, 0x1189, 0x1188, 0x1188, 0x1188, 0x1188, 0x1188, 0x1188,
0x1188, 0x1188, 0x1188, 0x1189, 0x1189, 0x1189, 0x1189, 0x1189, 0x1189, 0x1188, 0x1188, 0x1188, 0x1188, 0x1168, 0x1168, 0x1168,
0x1168, 0x1168, 0x1168, 0x1168, 0x1168, 0x1168, 0x1168, 0x1168, 0x1168, 0x1188, 0x1168, 0x1168, 0x1188, 0x1189, 0x1189, 0x1189,
0x1189, 0x1189, 0x1189, 0x1189, 0x1189, 0x1189, 0x1189, 0x1189, 0x1189, 0x1189, 0x1189, 0x1189, 0x1189, 0x1189, 0x1189, 0x1189,
0x1189, 0x1189, 0x1189, 0x1189, 0x1189, 0x1189, 0x1189, 0x1189, 0x1189, 0x1188, 0x1189, 0x1189, 0x1189, 0x1189, 0x1189, 0x1189,
0x1189, 0x1188, 0x1189, 0x1189, 0x1189, 0x1189, 0x1189, 0x1189, 0x1189, 0x11a9, 0x1189, 0x11a9, 0x11a9, 0x11a9, 0x11a9, 0x11a9,
0x19a9, 0x1189, 0x1189, 0x1189, 0x1189, 0x1189, 0x1189, 0x1169, 0x1168, 0x1169, 0x0969, 0x0968, 0x1148, 0x08a3, 0x0021, 0x0841,
0x0021, 0x0041, 0x0041, 0x0041, 0x0061, 0x0041, 0x0021, 0x0062, 0x0906, 0x0948, 0x0969, 0x0948, 0x0883, 0x0021, 0x0862, 0x08a4,
0x0063, 0x0000, 0x0000, 0x0000, 0x0000, 0x0021, 0x0862, 0x0841, 0x0862, 0x0882, 0x0882, 0x0862, 0x0862, 0x0883, 0x08a4, 0x08c4,
0x08a3, 0x0882, 0x0082, 0x00a3, 0x08a3, 0x0083, 0x0062, 0x08c4, 0x08e5, 0x08e5, 0x08e5, 0x0927, 0x0947, 0x0927, 0x0947, 0x0947,
0x0947, 0x0926, 0x0926, 0x0905, 0x08c4, 0x08c4, 0x08e5, 0x1106, 0x08c4, 0x08a3, 0x10c4, 0x08e4, 0x08e4, 0x08a3, 0x1062, 0x1062,
0x0862, 0x1062, 0x0841, 0x0021, 0x0021, 0x0021, 0x0841, 0x1062, 0x0841, 0x0841, 0x0841, 0x0862, 0x0862, 0x0841, 0x0862, 0x0841,
0x0841, 0x1061, 0x1062, 0x0862, 0x0021, 0x0841, 0x0861, 0x0862, 0x0882, 0x1082, 0x1062, 0x1062, 0x0841, 0x0882, 0x10c4, 0x1082,
0x10a3, 0x08c4, 0x08c4, 0x08a4, 0x10e5, 0x10e5, 0x08a3, 0x0882, 0x10e4, 0x08e5, 0x08e5, 0x10e4, 0x10a3, 0x0882, 0x10c4, 0x08a4,
0x0862, 0x0841, 0x0021, 0x0000, 0x0000, 0x0020, 0x0020, 0x0020, 0x0020, 0x0020, 0x0000, 0x0021, 0x0883, 0x08c4, 0x08c4, 0x08c4,
0x0082, 0x0862, 0x0862, 0x0863, 0x0862, 0x0862, 0x0883, 0x0083, 0x0083, 0x0083, 0x0883, 0x0883, 0x0062, 0x0041, 0x0021, 0x0841,
0x0842, 0x0021, 0x0041, 0x0042, 0x0042, 0x0021, 0x0020, 0x1062, 0x1062, 0x1062, 0x1062, 0x1062, 0x0862, 0x0862, 0x0842, 0x0041,
0x0041, 0x0862, 0x1082, 0x1082, 0x1082, 0x1082, 0x1083, 0x1082, 
/* -33- */
0x1189, 0x1169, 0x1169, 0x1169, 0x1169, 0x1189, 0x1189, 0x1189, 0x1189, 0x1189, 0x1188, 0x1188, 0x1188, 0x1188, 0x1188, 0x1188,
0x1188, 0x1188, 0x1188, 0x1189, 0x1168, 0x1189, 0x1189, 0x1189, 0x1189, 0x1189, 0x1188, 0x1188, 0x1188, 0x1169, 0x1168, 0x1168,
0x1168, 0x1168, 0x1168, 0x1168, 0x1168, 0x1168, 0x1168, 0x1168, 0x1168, 0x1168, 0x1188, 0x1188, 0x1168, 0x1189, 0x1189, 0x1189,
0x1189, 0x1189, 0x1189, 0x1189, 0x1189, 0x1189, 0x1189, 0x1189, 0x1189, 0x1189, 0x1189, 0x1189, 0x1189, 0x1189, 0x1189, 0x1189,
0x1189, 0x1189, 0x1189, 0x1189, 0x1189, 0x1189, 0x1189, 0x1189, 0x1189, 0x1188, 0x1188, 0x1168, 0x1168, 0x1169, 0x1189, 0x1188,
0x1188, 0x1188, 0x1189, 0x1189, 0x1189, 0x1189, 0x1189, 0x1189, 0x1189, 0x11a9, 0x1189, 0x11a9, 0x1189, 0x11a9, 0x1189, 0x1189,
0x19a9, 0x1189, 0x1189, 0x1189, 0x1189, 0x1189, 0x1169, 0x1169, 0x1169, 0x1169, 0x0969, 0x0969, 0x1147, 0x0042, 0x0021, 0x0062,
0x0021, 0x0041, 0x0061, 0x0061, 0x0041, 0x0000, 0x0021, 0x0062, 0x0927, 0x0969, 0x0969, 0x0927, 0x0862, 0x0042, 0x0863, 0x0883,
0x0021, 0x0000, 0x0000, 0x0000, 0x0000, 0x0821, 0x0862, 0x0862, 0x0882, 0x0862, 0x0883, 0x0862, 0x0862, 0x08a3, 0x08c4, 0x08e4,
0x08a3, 0x0882, 0x0882, 0x08a3, 0x08a3, 0x0083, 0x0083, 0x08e5, 0x08e5, 0x08e5, 0x08e5, 0x0926, 0x0927, 0x0947, 0x0947, 0x0947,
0x0927, 0x0926, 0x0926, 0x08e5, 0x08c4, 0x08e5, 0x0906, 0x1106, 0x08e4, 0x08a3, 0x08c4, 0x08e4, 0x08e4, 0x08a4, 0x0882, 0x0862,
0x1062, 0x1062, 0x0841, 0x0021, 0x0021, 0x0841, 0x0862, 0x1062, 0x0841, 0x0821, 0x0862, 0x1082, 0x1062, 0x0842, 0x0841, 0x0841,
0x0841, 0x1061, 0x1062, 0x0842, 0x0041, 0x0841, 0x10a2, 0x0862, 0x1082, 0x1082, 0x1062, 0x0862, 0x0862, 0x0882, 0x10a3, 0x1083,
0x10c4, 0x08e5, 0x10e5, 0x08a3, 0x10e5, 0x1106, 0x10e5, 0x08a3, 0x10c3, 0x08e4, 0x10e4, 0x10c4, 0x0862, 0x1082, 0x10e5, 0x10e5,
0x10a3, 0x1082, 0x10e4, 0x08a3, 0x0020, 0x0000, 0x0000, 0x0020, 0x0020, 0x0000, 0x0862, 0x08a3, 0x08c4, 0x08e5, 0x08e4, 0x08c4,
0x0062, 0x0062, 0x0863, 0x0863, 0x0862, 0x0863, 0x0883, 0x0083, 0x0083, 0x0883, 0x0883, 0x0062, 0x0042, 0x0062, 0x0041, 0x0000,
0x0841, 0x0842, 0x0000, 0x0042, 0x0042, 0x0021, 0x0020, 0x1062, 0x1062, 0x1062, 0x1062, 0x1062, 0x0862, 0x0021, 0x0021, 0x0041,
0x0041, 0x1083, 0x1082, 0x1082, 0x1082, 0x1083, 0x1082, 0x1082, 
/* -34- */
0x0969, 0x0969, 0x1169, 0x1169, 0x1189, 0x1169, 0x1169, 0x1189, 0x1188, 0x1188, 0x1188, 0x1188, 0x1188, 0x1189, 0x1189, 0x1188,
0x1188, 0x1188, 0x1188, 0x1188, 0x1188, 0x1188, 0x1189, 0x1189, 0x1189, 0x1189, 0x1189, 0x1188, 0x1189, 0x1188, 0x1168, 0x1168,
0x1168, 0x1168, 0x1168, 0x1168, 0x1168, 0x1168, 0x1168, 0x1168, 0x1168, 0x1168, 0x1189, 0x1189, 0x1189, 0x1189, 0x1189, 0x1168,
0x1189, 0x1189, 0x1189, 0x1189, 0x1189, 0x1189, 0x1168, 0x1168, 0x1169, 0x1169, 0x1169, 0x1189, 0x1169, 0x1189, 0x1188, 0x1168,
0x1168, 0x1189, 0x1189, 0x1189, 0x1189, 0x1189, 0x1189, 0x1189, 0x1189, 0x1189, 0x1189, 0x1169, 0x1168, 0x1168, 0x1188, 0x1188,
0x1188, 0x1188, 0x1188, 0x1188, 0x1189, 0x1189, 0x1189, 0x1189, 0x1189, 0x1189, 0x1189, 0x1189, 0x1189, 0x1189, 0x11a9, 0x19a9,
0x1189, 0x1189, 0x1189, 0x1189, 0x1189, 0x1189, 0x1169, 0x1169, 0x1169, 0x1169, 0x0969, 0x0969, 0x1127, 0x0062, 0x0041, 0x0062,
0x0041, 0x0041, 0x0041, 0x0041, 0x0020, 0x0021, 0x0041, 0x0062, 0x0927, 0x0969, 0x0948, 0x08a3, 0x0021, 0x0021, 0x0041, 0x0021,
0x0000, 0x0000, 0x0000, 0x0000, 0x0021, 0x0841, 0x0882, 0x0862, 0x0883, 0x0883, 0x08c4, 0x0882, 0x0882, 0x08c4, 0x08c4, 0x08c4,
0x08a3, 0x0882, 0x0882, 0x08a3, 0x08a3, 0x0083, 0x0083, 0x08e5, 0x08e5, 0x08e4, 0x08e5, 0x0926, 0x0927, 0x0947, 0x0947, 0x0947,
0x0927, 0x0926, 0x0906, 0x08e5, 0x08c4, 0x0905, 0x0906, 0x1106, 0x08a4, 0x08a3, 0x08c4, 0x08e4, 0x08c4, 0x08c4, 0x08a3, 0x10a3,
0x1082, 0x1062, 0x0841, 0x0841, 0x0862, 0x0842, 0x0842, 0x0841, 0x0841, 0x0862, 0x0862, 0x1082, 0x0862, 0x0841, 0x0841, 0x0841,
0x0841, 0x1062, 0x0861, 0x0882, 0x0882, 0x1082, 0x0862, 0x0021, 0x1083, 0x0862, 0x0862, 0x0862, 0x1082, 0x1082, 0x1083, 0x0883,
0x08c4, 0x08e5, 0x10c4, 0x0882, 0x10c4, 0x1106, 0x1105, 0x10e5, 0x10c4, 0x08e4, 0x10c4, 0x0862, 0x0861, 0x10a3, 0x10e5, 0x1106,
0x10a3, 0x1082, 0x10e5, 0x1105, 0x08a3, 0x1083, 0x0821, 0x0841, 0x0862, 0x08c4, 0x10a4, 0x0862, 0x08c4, 0x08e5, 0x08e4, 0x08c4,
0x0883, 0x0862, 0x0863, 0x0863, 0x0882, 0x0863, 0x0883, 0x0083, 0x0083, 0x0083, 0x0062, 0x0062, 0x0062, 0x0062, 0x0041, 0x0000,
0x0862, 0x0862, 0x0000, 0x0042, 0x0042, 0x0021, 0x0020, 0x1062, 0x1062, 0x1062, 0x0862, 0x0041, 0x0021, 0x0042, 0x0062, 0x0042,
0x0021, 0x1082, 0x1082, 0x1082, 0x1082, 0x1082, 0x1082, 0x1082, 
/* -35- */
0x0969, 0x0969, 0x1169, 0x1169, 0x1189, 0x1189, 0x1189, 0x1189, 0x1188, 0x1188, 0x1188, 0x1188, 0x1188, 0x1188, 0x1188, 0x1188,
0x1188, 0x1188, 0x1188, 0x1188, 0x1188, 0x1188, 0x1188, 0x1189, 0x1189, 0x1189, 0x1189, 0x1189, 0x1188, 0x1188, 0x1188, 0x1168,
0x1168, 0x1168, 0x1168, 0x1168, 0x1168, 0x1168, 0x1168, 0x1168, 0x1168, 0x1168, 0x1188, 0x1189, 0x1189, 0x1189, 0x1189, 0x1189,
0x1189, 0x1189, 0x1189, 0x1189, 0x1169, 0x1169, 0x1168, 0x1168, 0x1189, 0x1189, 0x1189, 0x1189, 0x1189, 0x1169, 0x1188, 0x1168,
0x1169, 0x1169, 0x1189, 0x1189, 0x1189, 0x1189, 0x1189, 0x1189, 0x1189, 0x1189, 0x1169, 0x1168, 0x1168, 0x1168, 0x1168, 0x1168,
0x1188, 0x1188, 0x1188, 0x1188, 0x1188, 0x1189, 0x1189, 0x1189, 0x1189, 0x1189, 0x1189, 0x1189, 0x1189, 0x1189, 0x1189, 0x1989,
0x1189, 0x1189, 0x1189, 0x1189, 0x1189, 0x1189, 0x1169, 0x1169, 0x1169, 0x1169, 0x0969, 0x0969, 0x1147, 0x0062, 0x0062, 0x0062,
0x0041, 0x0041, 0x0041, 0x0061, 0x0041, 0x0041, 0x0041, 0x0062, 0x0907, 0x0948, 0x08e6, 0x0042, 0x0883, 0x0862, 0x0021, 0x0000,
0x0000, 0x0000, 0x0000, 0x0021, 0x0841, 0x0842, 0x0882, 0x0862, 0x0883, 0x0883, 0x08a3, 0x0882, 0x0883, 0x08e5, 0x08c4, 0x08c4,
0x08a3, 0x0882, 0x0882, 0x08a3, 0x08a3, 0x00a3, 0x0082, 0x08c4, 0x08e5, 0x08e5, 0x0906, 0x0927, 0x0927, 0x0947, 0x0947, 0x0927,
0x0926, 0x08e5, 0x08e5, 0x0906, 0x08e5, 0x0906, 0x1126, 0x08e5, 0x08c4, 0x08c4, 0x08c4, 0x08e4, 0x08c4, 0x08c4, 0x08a3, 0x1083,
0x0862, 0x0842, 0x0862, 0x1062, 0x1062, 0x0842, 0x0841, 0x0841, 0x0862, 0x1062, 0x1062, 0x0862, 0x0841, 0x0841, 0x0862, 0x0841,
0x0841, 0x1062, 0x0862, 0x10a3, 0x1062, 0x1062, 0x0842, 0x0862, 0x0862, 0x0862, 0x0862, 0x1083, 0x1082, 0x1082, 0x0862, 0x0862,
0x10e5, 0x10e5, 0x10c4, 0x0882, 0x10c4, 0x1105, 0x1105, 0x1105, 0x08e5, 0x08e5, 0x08c4, 0x0862, 0x1082, 0x10e4, 0x1106, 0x1105,
0x0882, 0x1083, 0x10e5, 0x1105, 0x08c4, 0x10a3, 0x1061, 0x10a3, 0x10e5, 0x1105, 0x08a3, 0x0862, 0x10c4, 0x08c4, 0x08e4, 0x08c4,
0x08a3, 0x0883, 0x0883, 0x0883, 0x0882, 0x0863, 0x0883, 0x0062, 0x0062, 0x0062, 0x0062, 0x0862, 0x0062, 0x0062, 0x0041, 0x0000,
0x10a3, 0x0862, 0x0020, 0x0042, 0x0042, 0x0021, 0x0020, 0x1062, 0x0862, 0x0842, 0x0042, 0x0062, 0x0062, 0x0083, 0x0083, 0x0021,
0x0021, 0x1082, 0x1083, 0x1082, 0x1082, 0x1082, 0x1082, 0x0862, 
/* -36- */
0x0948, 0x0969, 0x0969, 0x1169, 0x1189, 0x1189, 0x1189, 0x1189, 0x1188, 0x1188, 0x1188, 0x1188, 0x1188, 0x1188, 0x1189, 0x1188,
0x1188, 0x1988, 0x1188, 0x1189, 0x1188, 0x1188, 0x1188, 0x1189, 0x1189, 0x1989, 0x1189, 0x1189, 0x1188, 0x1188, 0x1188, 0x1188,
0x1168, 0x1168, 0x1168, 0x1168, 0x1168, 0x1188, 0x1168, 0x1168, 0x1168, 0x1168, 0x1169, 0x1189, 0x1189, 0x1189, 0x1189, 0x1189,
0x1189, 0x1189, 0x1189, 0x1189, 0x1189, 0x1169, 0x1169, 0x1168, 0x1169, 0x1189, 0x1189, 0x1189, 0x1189, 0x1168, 0x1168, 0x1168,
0x1169, 0x1169, 0x1189, 0x1189, 0x1189, 0x1189, 0x1189, 0x1189, 0x1189, 0x1189, 0x1169, 0x1169, 0x1189, 0x1169, 0x1168, 0x1168,
0x1168, 0x1188, 0x1188, 0x1988, 0x1988, 0x1189, 0x1189, 0x1189, 0x1189, 0x1189, 0x1189, 0x1189, 0x1189, 0x11a9, 0x1189, 0x1189,
0x1189, 0x1189, 0x1189, 0x1189, 0x1189, 0x1189, 0x1189, 0x1189, 0x1189, 0x1169, 0x0969, 0x1169, 0x1147, 0x0062, 0x0082, 0x0082,
0x0061, 0x0041, 0x0041, 0x0061, 0x0061, 0x0021, 0x0041, 0x0062, 0x0907, 0x0907, 0x0042, 0x0063, 0x08a4, 0x0042, 0x0000, 0x0000,
0x0000, 0x0000, 0x0000, 0x0021, 0x0862, 0x0862, 0x0882, 0x0882, 0x08a4, 0x08c4, 0x08c4, 0x0883, 0x08e4, 0x0926, 0x08c4, 0x08e5,
0x08a3, 0x0882, 0x0082, 0x08a3, 0x08a3, 0x0083, 0x0082, 0x08e5, 0x08e5, 0x0906, 0x0906, 0x1127, 0x0927, 0x0947, 0x0927, 0x0926,
0x08e5, 0x08c4, 0x08c4, 0x0905, 0x0906, 0x0906, 0x0906, 0x08e5, 0x08c4, 0x08c4, 0x08e5, 0x08e5, 0x08c4, 0x08c4, 0x0883, 0x1083,
0x0842, 0x1062, 0x1082, 0x1062, 0x1062, 0x0841, 0x0021, 0x1062, 0x1062, 0x1062, 0x0841, 0x0841, 0x1062, 0x0841, 0x1062, 0x0862,
0x1062, 0x1083, 0x0862, 0x1082, 0x0841, 0x1062, 0x1082, 0x0862, 0x0882, 0x10a3, 0x1082, 0x10a3, 0x0883, 0x0862, 0x0862, 0x0883,
0x10e5, 0x10e5, 0x10e5, 0x0883, 0x08a3, 0x10e5, 0x08e4, 0x10e5, 0x08e5, 0x0905, 0x10e5, 0x0862, 0x0861, 0x10c4, 0x1106, 0x1105,
0x10a3, 0x1062, 0x10c4, 0x1105, 0x08e5, 0x10c4, 0x1061, 0x10a3, 0x1105, 0x1106, 0x08a3, 0x0862, 0x10e4, 0x08c4, 0x10e4, 0x08a3,
0x10c4, 0x08a4, 0x0863, 0x0863, 0x0883, 0x0863, 0x0862, 0x0862, 0x0062, 0x0062, 0x0862, 0x0862, 0x0062, 0x0062, 0x0021, 0x0000,
0x10c3, 0x0862, 0x0020, 0x0042, 0x0042, 0x0041, 0x0020, 0x0041, 0x0041, 0x0062, 0x0883, 0x0883, 0x0883, 0x0883, 0x0883, 0x0042,
0x0841, 0x1082, 0x1082, 0x1082, 0x1082, 0x0862, 0x0841, 0x0021, 
/* -37- */
0x0948, 0x0969, 0x1169, 0x1169, 0x1168, 0x1188, 0x1169, 0x1169, 0x1188, 0x1168, 0x1168, 0x1168, 0x1188, 0x1189, 0x1188, 0x1188,
0x1189, 0x1989, 0x1188, 0x1189, 0x1189, 0x1189, 0x1189, 0x1988, 0x1989, 0x1189, 0x1189, 0x1189, 0x1189, 0x1188, 0x1188, 0x1188,
0x1168, 0x1168, 0x1168, 0x1168, 0x1168, 0x1168, 0x1168, 0x1168, 0x1169, 0x1189, 0x1189, 0x1189, 0x1188, 0x1188, 0x1189, 0x1189,
0x1189, 0x1189, 0x1189, 0x1189, 0x1189, 0x1189, 0x1189, 0x1189, 0x1168, 0x1189, 0x1189, 0x1189, 0x1189, 0x1168, 0x1168, 0x1168,
0x1169, 0x1169, 0x1169, 0x1189, 0x1189, 0x1189, 0x1189, 0x1189, 0x1189, 0x1168, 0x1168, 0x1168, 0x1168, 0x1168, 0x1168, 0x1168,
0x1188, 0x1188, 0x1188, 0x1188, 0x1189, 0x1189, 0x1989, 0x1189, 0x1189, 0x1189, 0x1189, 0x1189, 0x1189, 0x1189, 0x1189, 0x1189,
0x11a9, 0x1189, 0x1189, 0x1189, 0x1189, 0x1189, 0x1189, 0x1189, 0x1189, 0x1169, 0x0969, 0x0969, 0x1148, 0x0082, 0x0083, 0x0083,
0x0061, 0x0061, 0x0061, 0x0062, 0x0062, 0x0041, 0x0062, 0x0062, 0x0906, 0x0883, 0x0021, 0x08e5, 0x0042, 0x0020, 0x0000, 0x0000,
0x0000, 0x0000, 0x0000, 0x0041, 0x0882, 0x0862, 0x08a3, 0x0883, 0x08c4, 0x08e5, 0x08c5, 0x0083, 0x08e5, 0x0926, 0x08c4, 0x08e5,
0x08c4, 0x0062, 0x0082, 0x08a3, 0x08a3, 0x0083, 0x0083, 0x08e5, 0x0905, 0x0926, 0x0927, 0x0927, 0x0927, 0x0927, 0x0927, 0x1127,
0x08e5, 0x0905, 0x08e5, 0x0906, 0x0926, 0x0906, 0x0906, 0x08c5, 0x08a3, 0x08c4, 0x08e5, 0x08e5, 0x08a3, 0x08a4, 0x08a3, 0x0883,
0x0882, 0x1082, 0x1082, 0x1062, 0x0841, 0x0021, 0x0862, 0x1082, 0x1062, 0x0862, 0x0841, 0x0862, 0x1082, 0x0862, 0x0842, 0x1082,
0x1083, 0x0841, 0x0862, 0x0861, 0x0841, 0x1082, 0x1082, 0x1082, 0x10a3, 0x0862, 0x1082, 0x10a3, 0x08a3, 0x1083, 0x0883, 0x10a3,
0x10e5, 0x10c4, 0x08a3, 0x10c4, 0x10c4, 0x0883, 0x0883, 0x08c4, 0x08e5, 0x0905, 0x10e5, 0x0862, 0x1082, 0x10c4, 0x1106, 0x1126,
0x10c4, 0x0841, 0x1082, 0x10e5, 0x0905, 0x10c4, 0x1082, 0x10c4, 0x1105, 0x08e5, 0x08a4, 0x10c4, 0x08c4, 0x08c4, 0x08a4, 0x08c4,
0x08c4, 0x0883, 0x0863, 0x0863, 0x0862, 0x0842, 0x0842, 0x0862, 0x0062, 0x0062, 0x0862, 0x0062, 0x0862, 0x0062, 0x0021, 0x0000,
0x10c3, 0x0862, 0x0021, 0x0042, 0x0842, 0x0041, 0x0000, 0x0041, 0x0062, 0x0883, 0x0883, 0x0883, 0x0883, 0x0883, 0x0883, 0x0042,
0x0021, 0x1062, 0x1082, 0x1082, 0x0862, 0x0021, 0x0842, 0x0862, 
/* -38- */
0x0948, 0x0948, 0x0969, 0x1169, 0x1168, 0x1169, 0x1169, 0x1168, 0x1168, 0x1168, 0x1168, 0x1188, 0x1188, 0x1188, 0x1188, 0x1188,
0x1189, 0x1188, 0x1188, 0x1988, 0x1188, 0x1988, 0x1989, 0x1989, 0x1189, 0x1189, 0x1189, 0x1189, 0x1188, 0x1188, 0x1188, 0x1188,
0x1168, 0x1189, 0x1168, 0x1168, 0x1168, 0x1168, 0x1168, 0x1169, 0x1189, 0x1189, 0x1189, 0x1188, 0x1188, 0x1189, 0x1189, 0x1189,
0x1189, 0x1189, 0x1189, 0x1189, 0x1189, 0x1189, 0x1189, 0x1188, 0x1169, 0x1189, 0x1189, 0x1189, 0x1189, 0x1189, 0x1169, 0x1168,
0x1169, 0x1169, 0x1169, 0x1169, 0x1189, 0x1189, 0x1169, 0x1189, 0x1189, 0x1189, 0x1189, 0x1188, 0x1168, 0x1168, 0x1188, 0x1168,
0x1188, 0x1188, 0x1189, 0x1189, 0x1189, 0x1189, 0x11a9, 0x1189, 0x1189, 0x1189, 0x1189, 0x1189, 0x1189, 0x1189, 0x1189, 0x1189,
0x1189, 0x1189, 0x1189, 0x1189, 0x1189, 0x1189, 0x1189, 0x1189, 0x1189, 0x1189, 0x1189, 0x0969, 0x1148, 0x0062, 0x0083, 0x0083,
0x0041, 0x0061, 0x0062, 0x0062, 0x0062, 0x0062, 0x0062, 0x0062, 0x1105, 0x0041, 0x0042, 0x08a4, 0x0041, 0x0000, 0x0000, 0x0000,
0x0000, 0x0000, 0x0021, 0x0041, 0x0883, 0x0883, 0x08c4, 0x0883, 0x08c4, 0x08e5, 0x08e5, 0x0083, 0x08c4, 0x1126, 0x08e5, 0x08e5,
0x08c3, 0x0082, 0x0082, 0x08a3, 0x08a3, 0x0083, 0x08c4, 0x08e5, 0x0905, 0x0926, 0x0927, 0x0926, 0x0927, 0x1127, 0x1147, 0x0927,
0x0926, 0x0926, 0x0926, 0x0926, 0x0926, 0x0906, 0x0906, 0x08c4, 0x08a3, 0x08e5, 0x08e5, 0x08e5, 0x08e4, 0x08c4, 0x08c4, 0x08a3,
0x1082, 0x1082, 0x1082, 0x0841, 0x0821, 0x0021, 0x0862, 0x1082, 0x0862, 0x0841, 0x1062, 0x1062, 0x10a3, 0x0862, 0x0842, 0x1062,
0x0821, 0x0841, 0x1083, 0x0862, 0x0841, 0x0862, 0x1082, 0x1082, 0x0862, 0x0862, 0x0883, 0x10c4, 0x10c4, 0x1083, 0x10a3, 0x10a3,
0x10a3, 0x1082, 0x1083, 0x10e4, 0x10e5, 0x0842, 0x1083, 0x10e5, 0x08e5, 0x08e5, 0x08c4, 0x0882, 0x10a3, 0x10c4, 0x1106, 0x1106,
0x1125, 0x10a3, 0x1082, 0x10e5, 0x0905, 0x08c4, 0x10a3, 0x08c4, 0x08e5, 0x08c4, 0x08a3, 0x10e5, 0x10e5, 0x08c4, 0x0883, 0x0083,
0x0083, 0x0883, 0x0883, 0x0062, 0x0862, 0x0862, 0x0862, 0x0862, 0x0862, 0x0862, 0x0862, 0x0862, 0x0862, 0x0862, 0x0861, 0x0000,
0x10a3, 0x0862, 0x0021, 0x0042, 0x0042, 0x0021, 0x0041, 0x0883, 0x0083, 0x0083, 0x0883, 0x0883, 0x0883, 0x0883, 0x0883, 0x0062,
0x0041, 0x1082, 0x0862, 0x0041, 0x0041, 0x0862, 0x0882, 0x0841, 
/* -39- */
0x0948, 0x0948, 0x1168, 0x1168, 0x1168, 0x1168, 0x1168, 0x1168, 0x1168, 0x1188, 0x1188, 0x1188, 0x1188, 0x1189, 0x1188, 0x1988,
0x1989, 0x1988, 0x1988, 0x1989, 0x1989, 0x1989, 0x1989, 0x1989, 0x1989, 0x1989, 0x1989, 0x1189, 0x1189, 0x1189, 0x1188, 0x1188,
0x1188, 0x1188, 0x1168, 0x1168, 0x1168, 0x1168, 0x1168, 0x1189, 0x1189, 0x1189, 0x1189, 0x1189, 0x1189, 0x1188, 0x1189, 0x1189,
0x1189, 0x1189, 0x1189, 0x1189, 0x1189, 0x1189, 0x1189, 0x1189, 0x1189, 0x1189, 0x1189, 0x1189, 0x1189, 0x1189, 0x1189, 0x1189,
0x1169, 0x1169, 0x1169, 0x1169, 0x1189, 0x1189, 0x1189, 0x1189, 0x1189, 0x1189, 0x1189, 0x1189, 0x1168, 0x1189, 0x1168, 0x1189,
0x1188, 0x1189, 0x1189, 0x1989, 0x1189, 0x1189, 0x1989, 0x19a9, 0x1189, 0x1189, 0x1189, 0x1189, 0x1189, 0x1189, 0x1189, 0x1189,
0x1189, 0x1189, 0x1189, 0x1189, 0x1189, 0x1189, 0x1189, 0x1189, 0x1189, 0x1189, 0x1189, 0x1189, 0x1168, 0x0883, 0x0883, 0x0883,
0x0061, 0x0062, 0x0061, 0x0062, 0x0061, 0x0062, 0x0061, 0x0841, 0x0842, 0x0021, 0x08a4, 0x0883, 0x0021, 0x0000, 0x0000, 0x0000,
0x0000, 0x0021, 0x0062, 0x0041, 0x0062, 0x0883, 0x08e5, 0x08c4, 0x08e5, 0x0905, 0x1106, 0x00a3, 0x08c4, 0x0906, 0x0906, 0x0906,
0x08c4, 0x08a3, 0x0083, 0x0083, 0x0083, 0x08e4, 0x08c4, 0x08e5, 0x0905, 0x0906, 0x0927, 0x0927, 0x0927, 0x0927, 0x0927, 0x0926,
0x0926, 0x0926, 0x0926, 0x0926, 0x0926, 0x0926, 0x0906, 0x08e4, 0x08c4, 0x08c4, 0x08e5, 0x08e5, 0x08a4, 0x08c4, 0x08c4, 0x08c4,
0x0882, 0x0862, 0x0841, 0x0841, 0x0841, 0x0841, 0x0821, 0x1062, 0x0841, 0x1062, 0x1062, 0x1062, 0x0882, 0x0862, 0x1082, 0x1062,
0x0841, 0x1083, 0x10a3, 0x0841, 0x0861, 0x1082, 0x1082, 0x1082, 0x1062, 0x0882, 0x0883, 0x10a3, 0x0883, 0x1082, 0x1082, 0x1082,
0x1082, 0x10a3, 0x08a3, 0x10e5, 0x1105, 0x0883, 0x10e5, 0x08e5, 0x08e5, 0x0905, 0x08c4, 0x0883, 0x10c3, 0x10e4, 0x1105, 0x1106,
0x1105, 0x10e4, 0x10c4, 0x10e5, 0x1105, 0x10e4, 0x10e4, 0x1106, 0x08e4, 0x08a3, 0x10e4, 0x10e5, 0x10e5, 0x08c4, 0x08c4, 0x08a3,
0x0083, 0x0083, 0x0883, 0x0863, 0x0862, 0x0842, 0x0862, 0x0842, 0x0042, 0x0042, 0x0842, 0x0842, 0x1082, 0x1083, 0x0862, 0x0000,
0x10c3, 0x0862, 0x0021, 0x0042, 0x0042, 0x0021, 0x0041, 0x08a4, 0x0083, 0x0083, 0x0883, 0x0883, 0x0883, 0x0883, 0x0883, 0x0041,
0x0021, 0x0841, 0x0842, 0x0862, 0x1082, 0x1083, 0x1082, 0x1082, 
/* -40- */
0x0948, 0x0968, 0x0968, 0x1168, 0x1168, 0x1168, 0x1168, 0x1168, 0x1188, 0x1188, 0x1188, 0x1188, 0x1188, 0x1189, 0x1188, 0x1188,
0x1988, 0x1988, 0x1988, 0x1989, 0x1989, 0x1989, 0x1989, 0x1989, 0x1989, 0x1989, 0x1989, 0x1189, 0x1189, 0x1189, 0x1189, 0x1188,
0x1188, 0x1188, 0x1168, 0x1168, 0x1188, 0x1168, 0x1189, 0x1189, 0x1189, 0x1189, 0x1189, 0x1189, 0x1189, 0x1189, 0x1189, 0x1189,
0x1189, 0x1189, 0x1189, 0x1189, 0x1189, 0x1189, 0x1189, 0x1189, 0x1189, 0x1189, 0x1189, 0x1189, 0x1189, 0x1189, 0x1189, 0x1189,
0x1189, 0x1189, 0x1189, 0x1189, 0x1189, 0x1189, 0x1189, 0x1189, 0x1189, 0x1189, 0x1189, 0x1189, 0x1189, 0x1168, 0x1168, 0x1189,
0x1189, 0x1189, 0x1189, 0x1189, 0x1989, 0x1189, 0x1989, 0x19a9, 0x1189, 0x1189, 0x1989, 0x1189, 0x1189, 0x11a9, 0x1189, 0x1189,
0x1189, 0x1189, 0x1189, 0x1189, 0x1189, 0x1189, 0x1189, 0x1169, 0x1169, 0x1189, 0x1189, 0x1189, 0x1168, 0x0883, 0x08a3, 0x08a3,
0x0061, 0x0041, 0x0021, 0x0041, 0x0061, 0x0061, 0x0041, 0x0000, 0x0021, 0x08c4, 0x08c5, 0x0000, 0x0000, 0x0000, 0x0000, 0x0000,
0x0041, 0x0062, 0x0082, 0x0041, 0x0041, 0x0083, 0x0905, 0x08e5, 0x0906, 0x0906, 0x0906, 0x0083, 0x08c4, 0x0906, 0x0926, 0x0926,
0x08e5, 0x08a3, 0x00a3, 0x0083, 0x00a3, 0x08e5, 0x08c4, 0x08e4, 0x08e5, 0x0906, 0x0927, 0x0927, 0x0927, 0x0927, 0x0927, 0x0927,
0x0926, 0x0926, 0x0926, 0x0926, 0x0926, 0x0906, 0x08e5, 0x08c4, 0x08c4, 0x08c4, 0x08e4, 0x08c4, 0x08a3, 0x08c4, 0x08c4, 0x08a3,
0x0862, 0x0821, 0x0841, 0x0841, 0x1062, 0x0841, 0x0021, 0x0841, 0x1082, 0x1082, 0x0862, 0x0841, 0x0841, 0x1082, 0x1082, 0x1082,
0x1062, 0x0862, 0x0862, 0x0862, 0x1082, 0x1082, 0x1083, 0x1082, 0x1082, 0x1083, 0x0883, 0x0862, 0x0862, 0x0862, 0x1082, 0x10a3,
0x10a3, 0x10a3, 0x10e5, 0x1105, 0x1126, 0x1105, 0x1105, 0x08c4, 0x08c4, 0x1105, 0x10e4, 0x10c4, 0x10c4, 0x10e4, 0x10e5, 0x1105,
0x1105, 0x10e4, 0x10c4, 0x10e5, 0x1105, 0x10e5, 0x1106, 0x1106, 0x08a4, 0x0882, 0x08c4, 0x10e5, 0x10e5, 0x08c4, 0x08a3, 0x0083,
0x08a3, 0x0083, 0x0083, 0x0062, 0x0062, 0x0842, 0x0842, 0x0842, 0x0041, 0x0021, 0x0862, 0x0862, 0x10a3, 0x1083, 0x0862, 0x0020,
0x10c4, 0x0882, 0x0021, 0x0041, 0x0042, 0x0021, 0x0041, 0x08a4, 0x00a3, 0x0083, 0x0883, 0x10a3, 0x10a3, 0x0883, 0x0862, 0x0041,
0x0841, 0x0862, 0x1062, 0x1082, 0x1082, 0x1082, 0x1082, 0x1082, 
/* -41- */
0x0968, 0x0968, 0x0968, 0x0968, 0x1168, 0x1168, 0x1168, 0x1168, 0x1188, 0x1188, 0x1188, 0x1189, 0x1188, 0x1188, 0x1988, 0x1989,
0x1989, 0x1989, 0x1989, 0x1989, 0x1989, 0x1989, 0x1989, 0x1989, 0x1989, 0x1989, 0x1989, 0x1189, 0x1189, 0x1189, 0x1189, 0x1189,
0x1189, 0x1188, 0x1168, 0x1168, 0x1189, 0x1189, 0x1189, 0x1189, 0x1189, 0x1189, 0x1189, 0x1189, 0x1189, 0x1189, 0x1189, 0x1189,
0x1189, 0x1189, 0x1189, 0x1189, 0x1189, 0x1189, 0x1189, 0x1189, 0x1189, 0x1189, 0x1189, 0x1189, 0x1189, 0x1189, 0x1189, 0x1189,
0x1189, 0x1189, 0x1169, 0x1169, 0x1189, 0x1189, 0x1189, 0x1189, 0x1189, 0x1189, 0x1189, 0x1189, 0x1189, 0x1189, 0x1189, 0x1189,
0x1189, 0x1188, 0x1189, 0x1989, 0x1189, 0x1189, 0x1189, 0x1189, 0x1989, 0x1189, 0x1189, 0x1189, 0x1189, 0x1189, 0x1189, 0x1189,
0x1189, 0x1189, 0x1189, 0x1189, 0x1189, 0x1189, 0x1189, 0x1189, 0x1189, 0x1189, 0x1189, 0x1189, 0x1168, 0x0883, 0x08a3, 0x08a3,
0x0041, 0x0020, 0x0000, 0x0020, 0x0061, 0x0041, 0x0021, 0x0020, 0x0042, 0x08e5, 0x0062, 0x0000, 0x0000, 0x0000, 0x0000, 0x0021,
0x0062, 0x00a3, 0x0083, 0x0021, 0x0062, 0x08a3, 0x0906, 0x0926, 0x0926, 0x0926, 0x0905, 0x0083, 0x08e5, 0x0926, 0x0926, 0x0906,
0x08e5, 0x08a3, 0x08a3, 0x0083, 0x00a3, 0x08e5, 0x08c4, 0x08e4, 0x08e5, 0x0926, 0x0926, 0x0927, 0x0927, 0x0927, 0x0927, 0x0927,
0x0926, 0x0926, 0x0906, 0x0926, 0x0926, 0x0906, 0x08e5, 0x08c4, 0x08c4, 0x08a3, 0x08c4, 0x08c4, 0x08a3, 0x0883, 0x08a3, 0x0862,
0x0841, 0x0841, 0x0861, 0x0861, 0x1062, 0x0841, 0x0841, 0x0862, 0x1082, 0x0862, 0x0841, 0x0862, 0x0841, 0x0882, 0x1082, 0x0861,
0x0841, 0x0862, 0x1082, 0x1082, 0x1082, 0x10a3, 0x10a3, 0x0862, 0x0882, 0x0862, 0x1082, 0x10a3, 0x08a3, 0x0862, 0x10a3, 0x10c4,
0x10c4, 0x10e5, 0x1106, 0x1126, 0x1126, 0x1105, 0x1105, 0x08a3, 0x10a3, 0x10e4, 0x10e5, 0x10e5, 0x10c4, 0x10e5, 0x1105, 0x1106,
0x1105, 0x10a3, 0x08a3, 0x1105, 0x0905, 0x08e4, 0x1105, 0x1105, 0x08c4, 0x08a3, 0x08c4, 0x10e4, 0x08c4, 0x08c4, 0x08c4, 0x08a3,
0x0083, 0x08a3, 0x0062, 0x0042, 0x0042, 0x0042, 0x0041, 0x0041, 0x0841, 0x0862, 0x1083, 0x1083, 0x10a3, 0x1083, 0x0862, 0x0020,
0x18c4, 0x0882, 0x0021, 0x0042, 0x0042, 0x0021, 0x0041, 0x08a4, 0x08a4, 0x0883, 0x0883, 0x10a3, 0x0882, 0x0041, 0x0041, 0x0862,
0x1082, 0x1082, 0x1082, 0x1082, 0x1082, 0x1082, 0x1083, 0x1082, 
/* -42- */
0x0969, 0x0948, 0x0948, 0x1168, 0x1168, 0x1168, 0x1168, 0x1168, 0x1168, 0x1188, 0x1188, 0x1189, 0x1188, 0x1988, 0x1989, 0x1989,
0x1989, 0x1989, 0x1989, 0x1988, 0x1988, 0x1989, 0x1989, 0x1989, 0x1989, 0x1989, 0x1989, 0x1189, 0x1189, 0x1189, 0x1189, 0x1189,
0x1189, 0x1188, 0x1188, 0x1188, 0x1189, 0x1189, 0x1189, 0x1189, 0x1189, 0x1189, 0x1189, 0x1189, 0x1189, 0x1189, 0x1189, 0x1189,
0x1189, 0x1189, 0x1189, 0x1189, 0x1189, 0x1189, 0x1189, 0x1189, 0x1189, 0x1189, 0x1189, 0x1189, 0x1189, 0x1189, 0x1189, 0x1189,
0x1189, 0x1189, 0x1169, 0x1169, 0x1189, 0x1189, 0x1189, 0x1189, 0x1189, 0x1189, 0x1189, 0x1189, 0x1189, 0x1189, 0x1189, 0x1189,
0x1189, 0x1189, 0x1189, 0x1989, 0x1989, 0x1189, 0x1189, 0x1989, 0x1189, 0x1189, 0x1189, 0x1189, 0x1189, 0x1189, 0x1189, 0x1189,
0x1189, 0x1189, 0x1189, 0x1189, 0x1189, 0x1189, 0x1189, 0x1189, 0x1189, 0x1189, 0x1189, 0x1189, 0x1168, 0x0883, 0x08a3, 0x08a3,
0x0061, 0x0000, 0x0000, 0x0021, 0x0041, 0x0021, 0x0020, 0x0020, 0x0883, 0x0862, 0x0000, 0x0000, 0x0000, 0x0000, 0x0000, 0x0042,
0x08a3, 0x08c4, 0x08a3, 0x0041, 0x0882, 0x0883, 0x1126, 0x0926, 0x0926, 0x0926, 0x0905, 0x0083, 0x00c4, 0x0926, 0x0926, 0x0906,
0x08c4, 0x08a3, 0x08a3, 0x00a3, 0x08a3, 0x08e5, 0x08c4, 0x08e5, 0x0905, 0x0926, 0x0927, 0x0927, 0x0927, 0x0927, 0x0927, 0x0927,
0x0926, 0x0926, 0x0926, 0x0926, 0x0906, 0x0906, 0x08e5, 0x08e5, 0x08c4, 0x08a4, 0x08e4, 0x08c4, 0x08a4, 0x0862, 0x1082, 0x0862,
0x0841, 0x0861, 0x0861, 0x1061, 0x0861, 0x0862, 0x1082, 0x1082, 0x0862, 0x0021, 0x0862, 0x1062, 0x0862, 0x1082, 0x0841, 0x0021,
0x0862, 0x1082, 0x1082, 0x1082, 0x0862, 0x1083, 0x0882, 0x0882, 0x0862, 0x0862, 0x10a3, 0x10c3, 0x10c3, 0x10a3, 0x0862, 0x10a3,
0x10e4, 0x1105, 0x1126, 0x1126, 0x1126, 0x1106, 0x10e5, 0x08c4, 0x10c3, 0x10c4, 0x10e5, 0x10e4, 0x10e4, 0x1105, 0x1105, 0x1106,
0x10e4, 0x10a3, 0x10e4, 0x1106, 0x1106, 0x08c4, 0x10e4, 0x10e5, 0x08e5, 0x08e4, 0x08c4, 0x0883, 0x08a4, 0x08a4, 0x08a3, 0x0883,
0x0062, 0x0863, 0x0062, 0x0062, 0x0062, 0x0863, 0x0862, 0x0862, 0x0862, 0x1082, 0x1083, 0x10a3, 0x1083, 0x1083, 0x0862, 0x0020,
0x18c3, 0x10a3, 0x0862, 0x0042, 0x0042, 0x0021, 0x0041, 0x08a4, 0x08a4, 0x0883, 0x0062, 0x0041, 0x0862, 0x0841, 0x1062, 0x1082,
0x10a2, 0x10a2, 0x1082, 0x1082, 0x1083, 0x1083, 0x1083, 0x1082, 
/* -43- */
0x0948, 0x0968, 0x0968, 0x0948, 0x1168, 0x1168, 0x1168, 0x1168, 0x1168, 0x1188, 0x1188, 0x1188, 0x1188, 0x1188, 0x1989, 0x1989,
0x1989, 0x1988, 0x1989, 0x1989, 0x1989, 0x1989, 0x1989, 0x1989, 0x1989, 0x1989, 0x1989, 0x1189, 0x1189, 0x1189, 0x1189, 0x1189,
0x1189, 0x1189, 0x1189, 0x1189, 0x1189, 0x1189, 0x1189, 0x1189, 0x1189, 0x1189, 0x1189, 0x1189, 0x1189, 0x1189, 0x1189, 0x1189,
0x1189, 0x1189, 0x1189, 0x1189, 0x1189, 0x1189, 0x1189, 0x1189, 0x1189, 0x1189, 0x1189, 0x1189, 0x1189, 0x1189, 0x1189, 0x1169,
0x1169, 0x1169, 0x1169, 0x1169, 0x1189, 0x1189, 0x1189, 0x1189, 0x1189, 0x1188, 0x1189, 0x1189, 0x1189, 0x1189, 0x1189, 0x1189,
0x1189, 0x11a9, 0x1189, 0x1189, 0x1189, 0x1989, 0x1989, 0x1189, 0x1189, 0x1189, 0x1189, 0x1189, 0x1189, 0x1189, 0x1189, 0x1189,
0x1189, 0x1189, 0x1189, 0x1189, 0x1189, 0x1189, 0x1189, 0x1189, 0x1189, 0x1189, 0x1189, 0x1189, 0x1168, 0x0883, 0x08a3, 0x08c3,
0x0041, 0x0020, 0x0020, 0x0041, 0x0041, 0x0021, 0x0020, 0x0021, 0x0863, 0x0021, 0x0000, 0x0000, 0x0000, 0x0021, 0x0021, 0x08c4,
0x08e5, 0x08e5, 0x08a3, 0x0042, 0x08a3, 0x08a4, 0x1126, 0x1126, 0x0926, 0x0926, 0x0906, 0x08c4, 0x08c4, 0x0926, 0x0926, 0x0906,
0x08c4, 0x00a3, 0x08a3, 0x08a3, 0x08c4, 0x08e5, 0x08c4, 0x0905, 0x0906, 0x0926, 0x0926, 0x0926, 0x0926, 0x0926, 0x0927, 0x0927,
0x0926, 0x0926, 0x0906, 0x0926, 0x0906, 0x1105, 0x08e5, 0x08e4, 0x08c4, 0x08c4, 0x08c4, 0x08c4, 0x08c4, 0x0862, 0x0862, 0x0841,
0x0841, 0x0861, 0x1062, 0x0861, 0x0861, 0x1082, 0x1082, 0x1082, 0x0841, 0x0841, 0x1062, 0x1062, 0x1062, 0x1082, 0x0841, 0x0021,
0x0862, 0x1082, 0x1082, 0x0862, 0x0841, 0x0882, 0x1082, 0x1082, 0x1062, 0x0862, 0x10a3, 0x1083, 0x1082, 0x10c4, 0x0862, 0x0862,
0x10e4, 0x1105, 0x1126, 0x1126, 0x1126, 0x10e5, 0x0883, 0x10e5, 0x10e5, 0x10c4, 0x1105, 0x10e4, 0x10e5, 0x1105, 0x1105, 0x1105,
0x10c4, 0x10e4, 0x1105, 0x0906, 0x1106, 0x08e4, 0x08c3, 0x08c3, 0x08e4, 0x10e4, 0x0062, 0x0883, 0x0883, 0x0062, 0x0042, 0x0062,
0x0062, 0x0062, 0x0062, 0x0062, 0x0862, 0x0883, 0x1083, 0x0862, 0x0862, 0x1083, 0x10a3, 0x10a3, 0x1083, 0x1083, 0x0862, 0x0020,
0x10c3, 0x10a3, 0x0883, 0x0042, 0x0042, 0x0021, 0x0041, 0x08a4, 0x0883, 0x0042, 0x0842, 0x1082, 0x0862, 0x0841, 0x1082, 0x1082,
0x10a2, 0x10a2, 0x10a2, 0x1083, 0x1082, 0x1083, 0x1082, 0x1082, 
/* -44- */
0x0948, 0x0948, 0x0969, 0x0948, 0x1168, 0x1168, 0x1168, 0x1168, 0x1168, 0x1188, 0x1188, 0x1188, 0x1188, 0x1988, 0x1989, 0x1989,
0x1989, 0x1988, 0x1989, 0x1988, 0x1988, 0x1989, 0x1989, 0x1989, 0x1989, 0x1989, 0x1189, 0x1189, 0x1189, 0x1189, 0x1189, 0x1189,
0x1189, 0x1189, 0x1189, 0x1189, 0x1189, 0x1189, 0x1189, 0x1189, 0x1189, 0x1189, 0x1189, 0x1189, 0x1189, 0x1189, 0x1189, 0x1189,
0x1189, 0x1189, 0x1189, 0x1189, 0x1189, 0x1189, 0x1189, 0x1189, 0x1189, 0x1189, 0x1189, 0x1189, 0x1189, 0x1189, 0x1189, 0x1168,
0x1168, 0x1168, 0x1168, 0x1169, 0x1189, 0x1189, 0x1189, 0x1189, 0x1189, 0x1189, 0x1189, 0x1189, 0x1189, 0x1189, 0x1189, 0x1189,
0x1989, 0x11a9, 0x1189, 0x1189, 0x1189, 0x1189, 0x1989, 0x1189, 0x1189, 0x1189, 0x1189, 0x1189, 0x1189, 0x1189, 0x1189, 0x1189,
0x1189, 0x1189, 0x1189, 0x1189, 0x1189, 0x1189, 0x1189, 0x1189, 0x1189, 0x1189, 0x1189, 0x1189, 0x1168, 0x0883, 0x08a3, 0x08c3,
0x0041, 0x0000, 0x0020, 0x0041, 0x0020, 0x0020, 0x0021, 0x0042, 0x0021, 0x0000, 0x0000, 0x0000, 0x0000, 0x0021, 0x0862, 0x0906,
0x0906, 0x0906, 0x08a4, 0x0062, 0x08c4, 0x08e5, 0x1126, 0x0926, 0x0926, 0x0926, 0x0906, 0x0905, 0x08c5, 0x0906, 0x0926, 0x0906,
0x00a3, 0x08a3, 0x00a3, 0x08a3, 0x08c4, 0x08e5, 0x08c4, 0x0905, 0x0926, 0x0926, 0x0926, 0x0926, 0x0926, 0x0926, 0x0926, 0x0927,
0x0906, 0x0906, 0x0926, 0x0926, 0x0906, 0x08e5, 0x08e5, 0x08c4, 0x08c4, 0x08c4, 0x08e4, 0x08e4, 0x08a3, 0x0882, 0x0841, 0x0861,
0x0841, 0x0861, 0x0842, 0x0841, 0x1082, 0x1062, 0x1082, 0x0862, 0x0862, 0x0862, 0x1062, 0x1082, 0x0862, 0x0862, 0x0841, 0x0841,
0x0862, 0x1082, 0x1082, 0x0862, 0x0862, 0x1082, 0x1082, 0x1082, 0x1062, 0x0862, 0x1083, 0x10a3, 0x10a3, 0x10e4, 0x10e5, 0x0882,
0x10a3, 0x10e4, 0x1105, 0x1106, 0x1105, 0x08e4, 0x08a3, 0x10e5, 0x1106, 0x1105, 0x1105, 0x08c3, 0x10e4, 0x1105, 0x08e4, 0x10c4,
0x10c4, 0x10e5, 0x1106, 0x1106, 0x1106, 0x08e4, 0x08c3, 0x08c4, 0x08c4, 0x0883, 0x0062, 0x08a3, 0x0863, 0x0862, 0x0862, 0x0862,
0x0862, 0x0042, 0x0042, 0x0862, 0x0882, 0x10a3, 0x1083, 0x0862, 0x0862, 0x10a3, 0x10a3, 0x10a3, 0x1083, 0x1082, 0x0841, 0x0000,
0x10c3, 0x18e4, 0x08a3, 0x0062, 0x0062, 0x0021, 0x0041, 0x0883, 0x0041, 0x0041, 0x0862, 0x1083, 0x1062, 0x0841, 0x1082, 0x1082,
0x10a3, 0x10a2, 0x1082, 0x1082, 0x1082, 0x1082, 0x1083, 0x0841, 
/* -45- */
0x0948, 0x0948, 0x0948, 0x1168, 0x1168, 0x1168, 0x1168, 0x1168, 0x1168, 0x1188, 0x1188, 0x1188, 0x1188, 0x1988, 0x1988, 0x1989,
0x1189, 0x1989, 0x1988, 0x1988, 0x1988, 0x1989, 0x1989, 0x1989, 0x1989, 0x1189, 0x1189, 0x1189, 0x1189, 0x1189, 0x1189, 0x1189,
0x1189, 0x1189, 0x1189, 0x1189, 0x1188, 0x1188, 0x1189, 0x1189, 0x1189, 0x1189, 0x1189, 0x1188, 0x1189, 0x1189, 0x1189, 0x1189,
0x1189, 0x1189, 0x1189, 0x1189, 0x1189, 0x1189, 0x1189, 0x1189, 0x1189, 0x1189, 0x1189, 0x1189, 0x1189, 0x1189, 0x1168, 0x1168,
0x1168, 0x1168, 0x1168, 0x1169, 0x1169, 0x1189, 0x1189, 0x1189, 0x1189, 0x1189, 0x1189, 0x1189, 0x1189, 0x1189, 0x1989, 0x1189,
0x1989, 0x1189, 0x1189, 0x1189, 0x1189, 0x1189, 0x1189, 0x1189, 0x1189, 0x1189, 0x1189, 0x1189, 0x1189, 0x1189, 0x1189, 0x1189,
0x1189, 0x1189, 0x1189, 0x1189, 0x1189, 0x1189, 0x1189, 0x1189, 0x1189, 0x1189, 0x1189, 0x1189, 0x1168, 0x0883, 0x08a3, 0x08a3,
0x0041, 0x0020, 0x0020, 0x0041, 0x0020, 0x0020, 0x0041, 0x0862, 0x0000, 0x0000, 0x0000, 0x0000, 0x0020, 0x0041, 0x0883, 0x0906,
0x0926, 0x0926, 0x08c4, 0x0082, 0x08c4, 0x0906, 0x0926, 0x0926, 0x0926, 0x0926, 0x0906, 0x0905, 0x08e5, 0x08e5, 0x0905, 0x08e5,
0x00a3, 0x00a3, 0x08a3, 0x08a3, 0x08c4, 0x08e5, 0x08c4, 0x0906, 0x0926, 0x0926, 0x0926, 0x0926, 0x0926, 0x0926, 0x0926, 0x0926,
0x08e5, 0x08e5, 0x0926, 0x0926, 0x0906, 0x0905, 0x10e5, 0x08c4, 0x08a4, 0x08c4, 0x08e4, 0x08c4, 0x08c4, 0x0862, 0x0862, 0x1062,
0x0841, 0x0841, 0x0862, 0x0821, 0x0842, 0x0841, 0x0862, 0x0862, 0x1082, 0x1082, 0x1062, 0x0841, 0x0021, 0x0862, 0x1062, 0x1062,
0x0862, 0x1083, 0x10a3, 0x10a3, 0x0862, 0x1082, 0x1082, 0x1062, 0x1062, 0x0882, 0x08a3, 0x10a3, 0x10c3, 0x10e5, 0x10e5, 0x10c4,
0x0883, 0x10a3, 0x10c4, 0x10e5, 0x10e5, 0x08e4, 0x08e5, 0x1106, 0x1106, 0x1106, 0x10e4, 0x08c3, 0x1105, 0x1105, 0x08c4, 0x10c4,
0x10c4, 0x1105, 0x1106, 0x1106, 0x10e5, 0x08c4, 0x10e5, 0x08c4, 0x0883, 0x0062, 0x08a3, 0x0883, 0x0862, 0x0862, 0x0862, 0x0062,
0x0883, 0x0862, 0x0882, 0x1083, 0x1083, 0x10a3, 0x1083, 0x0862, 0x0862, 0x1083, 0x10a3, 0x10a3, 0x1082, 0x0842, 0x0021, 0x0000,
0x18c3, 0x18e4, 0x10a4, 0x0062, 0x0042, 0x0021, 0x0000, 0x0862, 0x0841, 0x0862, 0x1062, 0x1083, 0x1082, 0x0841, 0x1082, 0x1882,
0x1882, 0x1882, 0x1082, 0x1082, 0x0862, 0x0041, 0x0842, 0x0842, 
/* -46- */
0x0948, 0x0949, 0x0969, 0x1168, 0x1168, 0x1168, 0x1168, 0x1168, 0x1168, 0x1188, 0x1188, 0x1188, 0x1188, 0x1188, 0x1188, 0x1188,
0x1188, 0x1188, 0x1188, 0x1188, 0x1188, 0x1188, 0x1989, 0x1188, 0x1188, 0x1188, 0x1188, 0x1189, 0x1189, 0x1189, 0x1189, 0x1189,
0x1189, 0x1189, 0x1189, 0x1189, 0x1189, 0x1189, 0x1189, 0x1189, 0x1189, 0x1188, 0x1189, 0x1189, 0x1189, 0x1189, 0x1189, 0x1188,
0x1168, 0x1168, 0x1189, 0x1169, 0x1169, 0x1169, 0x1189, 0x1189, 0x1189, 0x1189, 0x1189, 0x1189, 0x1169, 0x1168, 0x1168, 0x1168,
0x1168, 0x1168, 0x1168, 0x1169, 0x1189, 0x1189, 0x1189, 0x1189, 0x1189, 0x1189, 0x1189, 0x1189, 0x1189, 0x1189, 0x1189, 0x1189,
0x1189, 0x1189, 0x1189, 0x1189, 0x1189, 0x1189, 0x1189, 0x1189, 0x1189, 0x1189, 0x1189, 0x1188, 0x1188, 0x1189, 0x1189, 0x1189,
0x1189, 0x1189, 0x1189, 0x1189, 0x1189, 0x1189, 0x1189, 0x1189, 0x1189, 0x1189, 0x1189, 0x1189, 0x1168, 0x0883, 0x08a3, 0x08c3,
0x0061, 0x0020, 0x0021, 0x0020, 0x0020, 0x0000, 0x0842, 0x0021, 0x0000, 0x0000, 0x0000, 0x0000, 0x0041, 0x0042, 0x0883, 0x0906,
0x0926, 0x0926, 0x08e5, 0x00a3, 0x08e5, 0x0905, 0x1126, 0x0926, 0x0906, 0x0906, 0x0906, 0x0906, 0x0905, 0x08e5, 0x0905, 0x0905,
0x08a4, 0x00a3, 0x08a3, 0x08a4, 0x08c4, 0x0905, 0x00c4, 0x0906, 0x0906, 0x0926, 0x0926, 0x1126, 0x1126, 0x0926, 0x0926, 0x0906,
0x0905, 0x0906, 0x0926, 0x0926, 0x0906, 0x08e5, 0x08e5, 0x08a3, 0x08a4, 0x08c4, 0x08e4, 0x08c4, 0x08c4, 0x0862, 0x1062, 0x1062,
0x0862, 0x1082, 0x0862, 0x0841, 0x0862, 0x0862, 0x0842, 0x0862, 0x1062, 0x1062, 0x0841, 0x0841, 0x0841, 0x1062, 0x1082, 0x1062,
0x1083, 0x10a3, 0x10a3, 0x0862, 0x0841, 0x1082, 0x1082, 0x10a2, 0x10a3, 0x10a3, 0x08a3, 0x0882, 0x10a3, 0x10e4, 0x10c4, 0x10c4,
0x0883, 0x1082, 0x10a3, 0x10c4, 0x10e4, 0x1105, 0x1126, 0x1126, 0x1126, 0x1106, 0x10e5, 0x08c4, 0x10e5, 0x10e4, 0x08a3, 0x10c3,
0x1105, 0x1105, 0x0905, 0x1105, 0x08e4, 0x08c4, 0x10e5, 0x0883, 0x0883, 0x08a3, 0x08a3, 0x0862, 0x0862, 0x0042, 0x0862, 0x0041,
0x0862, 0x10a3, 0x10a3, 0x10a3, 0x10a3, 0x10a3, 0x1083, 0x0862, 0x0862, 0x1082, 0x0862, 0x0862, 0x0842, 0x0862, 0x0862, 0x0020,
0x18c3, 0x18e4, 0x10a3, 0x0042, 0x0062, 0x0021, 0x0821, 0x1083, 0x1062, 0x0862, 0x1062, 0x1082, 0x1082, 0x0862, 0x1082, 0x1882,
0x1082, 0x1082, 0x0841, 0x0841, 0x0842, 0x0841, 0x1082, 0x1083, 
/* -47- */
0x0969, 0x0969, 0x0969, 0x1169, 0x1169, 0x1168, 0x1168, 0x1168, 0x1168, 0x1188, 0x1188, 0x1188, 0x1188, 0x1188, 0x1188, 0x1188,
0x1188, 0x1189, 0x1189, 0x1189, 0x1188, 0x1189, 0x1168, 0x1188, 0x1168, 0x1188, 0x1188, 0x1188, 0x1188, 0x1188, 0x1189, 0x1189,
0x1989, 0x1989, 0x1189, 0x1189, 0x1189, 0x1189, 0x1189, 0x1189, 0x1189, 0x1189, 0x1189, 0x1189, 0x1189, 0x1189, 0x1189, 0x1188,
0x1168, 0x1189, 0x1169, 0x1169, 0x1169, 0x1189, 0x1189, 0x1189, 0x1189, 0x1189, 0x1189, 0x1189, 0x1168, 0x1168, 0x1168, 0x1168,
0x1168, 0x1168, 0x1168, 0x1169, 0x1189, 0x1189, 0x1189, 0x1189, 0x1189, 0x1189, 0x1189, 0x1189, 0x1189, 0x1189, 0x1189, 0x1189,
0x1189, 0x1989, 0x1989, 0x1989, 0x1989, 0x1189, 0x1189, 0x1189, 0x1189, 0x1189, 0x1189, 0x1189, 0x1188, 0x1169, 0x1168, 0x1169,
0x1169, 0x1169, 0x1189, 0x1189, 0x1189, 0x1189, 0x1189, 0x1189, 0x1189, 0x1189, 0x1189, 0x1189, 0x1168, 0x0883, 0x08c3, 0x08c3,
0x0062, 0x0021, 0x0020, 0x0000, 0x0020, 0x0041, 0x0842, 0x0000, 0x0000, 0x0000, 0x0000, 0x0041, 0x0062, 0x0062, 0x0883, 0x0906,
0x0926, 0x0926, 0x0905, 0x08c4, 0x08e5, 0x08e5, 0x0906, 0x1126, 0x0906, 0x0906, 0x0906, 0x0906, 0x0906, 0x0905, 0x0905, 0x0905,
0x08a3, 0x00a3, 0x08a3, 0x08c4, 0x08c4, 0x1106, 0x00c4, 0x0906, 0x1106, 0x0926, 0x1126, 0x1126, 0x1126, 0x1126, 0x1126, 0x0906,
0x0906, 0x0926, 0x0926, 0x0926, 0x0905, 0x08e5, 0x08e5, 0x08c4, 0x08c4, 0x08c4, 0x08c4, 0x08c4, 0x08a3, 0x0862, 0x1062, 0x1062,
0x0862, 0x0862, 0x0841, 0x0862, 0x1082, 0x0861, 0x0862, 0x0862, 0x0841, 0x0841, 0x0841, 0x0841, 0x0862, 0x1082, 0x1082, 0x1082,
0x1082, 0x1082, 0x1082, 0x0862, 0x0862, 0x1082, 0x1082, 0x10a3, 0x10a3, 0x0862, 0x0862, 0x1082, 0x10a3, 0x10c3, 0x10a3, 0x10a3,
0x10a3, 0x10c3, 0x10a3, 0x08a3, 0x10c4, 0x1105, 0x1126, 0x1126, 0x1126, 0x1126, 0x10e5, 0x08e4, 0x08e4, 0x08e4, 0x08a3, 0x08a3,
0x10e5, 0x10e5, 0x1105, 0x08e5, 0x08a3, 0x08c4, 0x08c4, 0x0883, 0x0863, 0x0883, 0x0883, 0x0862, 0x0862, 0x0041, 0x0862, 0x0882,
0x0862, 0x10a3, 0x10a3, 0x18a3, 0x10a3, 0x10a3, 0x1083, 0x0862, 0x0021, 0x0841, 0x0841, 0x1082, 0x1062, 0x0862, 0x0862, 0x0020,
0x18c3, 0x18e4, 0x10a3, 0x0042, 0x0062, 0x0021, 0x0821, 0x1082, 0x1082, 0x0862, 0x1062, 0x1082, 0x1062, 0x0841, 0x1082, 0x1062,
0x0862, 0x0821, 0x0821, 0x0841, 0x1082, 0x1082, 0x1083, 0x1083, 
/* -48- */
0x0949, 0x0969, 0x0969, 0x1169, 0x1169, 0x1168, 0x1168, 0x1168, 0x1168, 0x1189, 0x1188, 0x1188, 0x1188, 0x1188, 0x1168, 0x1188,
0x1188, 0x1188, 0x1189, 0x1189, 0x1188, 0x1189, 0x1168, 0x1168, 0x1168, 0x1168, 0x1168, 0x1168, 0x1188, 0x1188, 0x1188, 0x1188,
0x1188, 0x1188, 0x1189, 0x1189, 0x1189, 0x1189, 0x1189, 0x1189, 0x1189, 0x1189, 0x1189, 0x1189, 0x1189, 0x1189, 0x1189, 0x1189,
0x1169, 0x1169, 0x1169, 0x1169, 0x1169, 0x1169, 0x1169, 0x1169, 0x1189, 0x1189, 0x1189, 0x1189, 0x1189, 0x1189, 0x1168, 0x1188,
0x1168, 0x1168, 0x1168, 0x1168, 0x1168, 0x1189, 0x1189, 0x1189, 0x1189, 0x1189, 0x1189, 0x1989, 0x1989, 0x1989, 0x1189, 0x1189,
0x1189, 0x1989, 0x1189, 0x1989, 0x1189, 0x1189, 0x1189, 0x1189, 0x1189, 0x1189, 0x1189, 0x1189, 0x1188, 0x1169, 0x1168, 0x1168,
0x1169, 0x1189, 0x1189, 0x1189, 0x1189, 0x1189, 0x1189, 0x1189, 0x1189, 0x1189, 0x1169, 0x1169, 0x1148, 0x0883, 0x08c4, 0x08c4,
0x0042, 0x0021, 0x0000, 0x0000, 0x0021, 0x0883, 0x0041, 0x0000, 0x0000, 0x0000, 0x0021, 0x0883, 0x0083, 0x0062, 0x08a4, 0x0906,
0x0926, 0x0926, 0x0906, 0x08c4, 0x08e5, 0x08c5, 0x08e5, 0x1106, 0x0906, 0x0926, 0x0906, 0x0906, 0x0906, 0x0906, 0x0906, 0x0905,
0x08a3, 0x0083, 0x08a3, 0x08a4, 0x08a4, 0x0905, 0x00c4, 0x0906, 0x1126, 0x1126, 0x1126, 0x1126, 0x1126, 0x1126, 0x1126, 0x0926,
0x0906, 0x0906, 0x0906, 0x0906, 0x08e5, 0x08e5, 0x1105, 0x08e5, 0x08c4, 0x08c4, 0x08c4, 0x08a3, 0x10c3, 0x0841, 0x0841, 0x0862,
0x0862, 0x0862, 0x0841, 0x1062, 0x1082, 0x0841, 0x0862, 0x0841, 0x0841, 0x0841, 0x0841, 0x0841, 0x1062, 0x1062, 0x1062, 0x1082,
0x1082, 0x0882, 0x0841, 0x0883, 0x0882, 0x1062, 0x1082, 0x1082, 0x0862, 0x0862, 0x1082, 0x10a3, 0x10a3, 0x1083, 0x10c3, 0x0882,
0x10c4, 0x10e5, 0x10a3, 0x08a3, 0x10c4, 0x10e5, 0x1126, 0x1126, 0x1126, 0x1106, 0x1106, 0x1105, 0x10e4, 0x10c4, 0x08a3, 0x08a3,
0x10e5, 0x08e4, 0x1105, 0x10e5, 0x08c4, 0x08e4, 0x0883, 0x0883, 0x0883, 0x0883, 0x0062, 0x0862, 0x0862, 0x0841, 0x0862, 0x1083,
0x1082, 0x10a3, 0x10a3, 0x10a3, 0x10a3, 0x10a3, 0x0862, 0x0841, 0x0841, 0x1082, 0x10a3, 0x10a3, 0x10a3, 0x0862, 0x0862, 0x0020,
0x18c3, 0x18e4, 0x0883, 0x0042, 0x0062, 0x0021, 0x0821, 0x1083, 0x1082, 0x0862, 0x1082, 0x1082, 0x1062, 0x0021, 0x0841, 0x0021,
0x0021, 0x0021, 0x1082, 0x1082, 0x10a2, 0x1082, 0x18a3, 0x1883, 
/* -49- */
0x0969, 0x0969, 0x1169, 0x1169, 0x1189, 0x1189, 0x1189, 0x1189, 0x1189, 0x1189, 0x1189, 0x1188, 0x1168, 0x1188, 0x1188, 0x1188,
0x1188, 0x1188, 0x1188, 0x1188, 0x1188, 0x1189, 0x1188, 0x1168, 0x1168, 0x1168, 0x1168, 0x1168, 0x1168, 0x1188, 0x1188, 0x1189,
0x1188, 0x1189, 0x1189, 0x1189, 0x1189, 0x1189, 0x1189, 0x1189, 0x1189, 0x1189, 0x1189, 0x1189, 0x1189, 0x1168, 0x1168, 0x1168,
0x1169, 0x1169, 0x1169, 0x1189, 0x1189, 0x1169, 0x1169, 0x1169, 0x1169, 0x1189, 0x1189, 0x1189, 0x1189, 0x1189, 0x1189, 0x1168,
0x1168, 0x1168, 0x1168, 0x1168, 0x1168, 0x1189, 0x1189, 0x1189, 0x1189, 0x1189, 0x1189, 0x1989, 0x1189, 0x1989, 0x1989, 0x1989,
0x1989, 0x1989, 0x1988, 0x1188, 0x1189, 0x1189, 0x1189, 0x1189, 0x1189, 0x1189, 0x1189, 0x1189, 0x1188, 0x1169, 0x1168, 0x1168,
0x1169, 0x1189, 0x1189, 0x1189, 0x1189, 0x1189, 0x1189, 0x1189, 0x1189, 0x1189, 0x1169, 0x1189, 0x1148, 0x0863, 0x08a3, 0x08a3,
0x0062, 0x0021, 0x0000, 0x0000, 0x0883, 0x0862, 0x0000, 0x0000, 0x0000, 0x0000, 0x0021, 0x08a3, 0x0082, 0x0062, 0x08a4, 0x0926,
0x0926, 0x0926, 0x0906, 0x08c4, 0x08c4, 0x08c4, 0x08e5, 0x1106, 0x0926, 0x0926, 0x0906, 0x0906, 0x0906, 0x0906, 0x1106, 0x08e5,
0x08a3, 0x0083, 0x00a3, 0x08a4, 0x00a3, 0x0905, 0x00c4, 0x0906, 0x1106, 0x0926, 0x0926, 0x1126, 0x1126, 0x1126, 0x1126, 0x0926,
0x0906, 0x0906, 0x1106, 0x08e5, 0x08e5, 0x08e5, 0x1106, 0x1106, 0x08c4, 0x08c4, 0x08e4, 0x08a3, 0x0041, 0x0021, 0x0862, 0x0841,
0x1082, 0x0882, 0x0841, 0x0862, 0x0841, 0x0841, 0x0841, 0x0841, 0x0862, 0x0841, 0x0861, 0x1062, 0x1082, 0x1062, 0x0842, 0x1062,
0x1082, 0x0842, 0x0882, 0x10a3, 0x1062, 0x0862, 0x1082, 0x0862, 0x0862, 0x0862, 0x1082, 0x10a3, 0x10a3, 0x10a3, 0x10c3, 0x0882,
0x10c4, 0x1105, 0x10e4, 0x10c4, 0x08c4, 0x1105, 0x1126, 0x1106, 0x1105, 0x1106, 0x1106, 0x1105, 0x10e5, 0x08a4, 0x08c4, 0x10e5,
0x1105, 0x10e5, 0x1105, 0x08a4, 0x0042, 0x0883, 0x0883, 0x0862, 0x0862, 0x0862, 0x0842, 0x1062, 0x1082, 0x0842, 0x1082, 0x10a3,
0x10a3, 0x1083, 0x1083, 0x18a3, 0x0862, 0x0862, 0x0862, 0x1082, 0x10a3, 0x10a3, 0x10a3, 0x10a3, 0x10a3, 0x1062, 0x0862, 0x0020,
0x18c3, 0x18e4, 0x0883, 0x0062, 0x0062, 0x0021, 0x0841, 0x1083, 0x1082, 0x0862, 0x1082, 0x1062, 0x0841, 0x0021, 0x0021, 0x0021,
0x0862, 0x10a3, 0x18a3, 0x10a3, 0x10a2, 0x1082, 0x1082, 0x1082, 
/* -50- */
0x0969, 0x0969, 0x1169, 0x1169, 0x1189, 0x1189, 0x1189, 0x1189, 0x1189, 0x1189, 0x1189, 0x1189, 0x1188, 0x1188, 0x1188, 0x1188,
0x1188, 0x1188, 0x1188, 0x1188, 0x1188, 0x1189, 0x1188, 0x1188, 0x1168, 0x1168, 0x1168, 0x1188, 0x1168, 0x1188, 0x1188, 0x1188,
0x1188, 0x1189, 0x1189, 0x1189, 0x1189, 0x1189, 0x1189, 0x1189, 0x1189, 0x1189, 0x1189, 0x1189, 0x1189, 0x1169, 0x1168, 0x1168,
0x1168, 0x1168, 0x1168, 0x1189, 0x1189, 0x1189, 0x1169, 0x1169, 0x1169, 0x1189, 0x1189, 0x1189, 0x1189, 0x1189, 0x1189, 0x1189,
0x1168, 0x1168, 0x1168, 0x1168, 0x1188, 0x1189, 0x1189, 0x1189, 0x1189, 0x1189, 0x1189, 0x1189, 0x1189, 0x1989, 0x1989, 0x1989,
0x1989, 0x1989, 0x1988, 0x1988, 0x1989, 0x1989, 0x1189, 0x1189, 0x1189, 0x1189, 0x1189, 0x1189, 0x1189, 0x1189, 0x1189, 0x1168,
0x1189, 0x1189, 0x1189, 0x1189, 0x1189, 0x1189, 0x1189, 0x1189, 0x1189, 0x1189, 0x1189, 0x1189, 0x1148, 0x0863, 0x0883, 0x08a3,
0x0062, 0x0041, 0x0020, 0x0021, 0x0842, 0x0000, 0x0000, 0x0000, 0x0000, 0x0000, 0x0020, 0x08a3, 0x0083, 0x0883, 0x08c4, 0x1126,
0x1126, 0x0926, 0x0906, 0x08c4, 0x08a4, 0x08c4, 0x0905, 0x1106, 0x1106, 0x0906, 0x0906, 0x0906, 0x0906, 0x0906, 0x1126, 0x08e5,
0x00a3, 0x00a3, 0x00a3, 0x08a4, 0x00a4, 0x1105, 0x08c5, 0x1106, 0x1126, 0x1106, 0x1126, 0x1126, 0x1126, 0x0926, 0x0926, 0x0926,
0x0906, 0x0906, 0x0906, 0x0906, 0x0905, 0x08e5, 0x0905, 0x1106, 0x08c4, 0x08c4, 0x08e4, 0x08c3, 0x0041, 0x0862, 0x0841, 0x0862,
0x10a3, 0x1082, 0x0841, 0x0841, 0x0841, 0x0862, 0x0862, 0x0861, 0x0841, 0x0841, 0x1082, 0x1082, 0x1062, 0x1062, 0x0841, 0x1082,
0x0882, 0x1062, 0x1083, 0x1062, 0x1062, 0x0862, 0x0882, 0x0882, 0x1082, 0x1062, 0x1082, 0x10a3, 0x10c4, 0x10c4, 0x10a3, 0x1082,
0x10a3, 0x10e4, 0x08a3, 0x08a3, 0x08c4, 0x1126, 0x1126, 0x1105, 0x10c4, 0x1105, 0x1105, 0x08e5, 0x08c4, 0x0883, 0x1105, 0x1126,
0x1106, 0x10e5, 0x0883, 0x0042, 0x0042, 0x0883, 0x0862, 0x0041, 0x0841, 0x1062, 0x10a3, 0x1082, 0x1082, 0x0862, 0x10a3, 0x18a3,
0x18a3, 0x10a3, 0x10a3, 0x0862, 0x0841, 0x0841, 0x18a3, 0x18c3, 0x10a3, 0x10a3, 0x10a3, 0x18a3, 0x10a3, 0x1062, 0x0862, 0x0020,
0x18c3, 0x0862, 0x0862, 0x0042, 0x0041, 0x0021, 0x0841, 0x1083, 0x1082, 0x0841, 0x0041, 0x0841, 0x0841, 0x0842, 0x0862, 0x0841,
0x1082, 0x10a3, 0x10a3, 0x10a3, 0x10a2, 0x1082, 0x1882, 0x1082, 
/* -51- */
0x0969, 0x0969, 0x1169, 0x1189, 0x1189, 0x1189, 0x1189, 0x1189, 0x1189, 0x1189, 0x1189, 0x1188, 0x1189, 0x1188, 0x1189, 0x1188,
0x1188, 0x1188, 0x1188, 0x1188, 0x1189, 0x1189, 0x1189, 0x1188, 0x1168, 0x1168, 0x1168, 0x1168, 0x1168, 0x1188, 0x1188, 0x1188,
0x1188, 0x1188, 0x1188, 0x1188, 0x1188, 0x1189, 0x1189, 0x1189, 0x1189, 0x1189, 0x1188, 0x1168, 0x1169, 0x1169, 0x1168, 0x1168,
0x1168, 0x1168, 0x1168, 0x1169, 0x1169, 0x1169, 0x1168, 0x1169, 0x1169, 0x1189, 0x1189, 0x1189, 0x1189, 0x1189, 0x1189, 0x1189,
0x1189, 0x1168, 0x1168, 0x1168, 0x1188, 0x1189, 0x1188, 0x1189, 0x1189, 0x1189, 0x1989, 0x1989, 0x1189, 0x1989, 0x1989, 0x1989,
0x1989, 0x1988, 0x1989, 0x1988, 0x1989, 0x1989, 0x1189, 0x1189, 0x1189, 0x1189, 0x1189, 0x1189, 0x1189, 0x1169, 0x1189, 0x1169,
0x1169, 0x1189, 0x1189, 0x1189, 0x1189, 0x1189, 0x1189, 0x1189, 0x1189, 0x1189, 0x1169, 0x1169, 0x1148, 0x0083, 0x0883, 0x08a3,
0x0041, 0x0021, 0x0000, 0x0041, 0x0021, 0x0000, 0x0000, 0x0000, 0x0000, 0x0000, 0x0021, 0x0883, 0x0083, 0x08a3, 0x08e5, 0x1126,
0x1126, 0x0926, 0x0906, 0x08c4, 0x08e4, 0x08c4, 0x08c4, 0x0906, 0x0906, 0x0906, 0x0906, 0x1106, 0x0906, 0x0906, 0x0906, 0x08e5,
0x00a3, 0x00a3, 0x00a3, 0x08a3, 0x08c4, 0x1106, 0x08e5, 0x0906, 0x1126, 0x1126, 0x1126, 0x1126, 0x1126, 0x0926, 0x0926, 0x0906,
0x0906, 0x0906, 0x0906, 0x0906, 0x0905, 0x08e5, 0x0905, 0x10e5, 0x08c4, 0x08c4, 0x08e4, 0x08a3, 0x0841, 0x0841, 0x0842, 0x0862,
0x10a3, 0x0882, 0x0841, 0x0862, 0x0862, 0x0862, 0x0841, 0x0841, 0x0841, 0x1061, 0x1062, 0x1062, 0x1082, 0x1062, 0x1062, 0x1082,
0x10a3, 0x1082, 0x1062, 0x1082, 0x1082, 0x0862, 0x1082, 0x10a3, 0x1082, 0x1082, 0x10a3, 0x10a3, 0x1083, 0x10a3, 0x1082, 0x1082,
0x0882, 0x08a3, 0x10c4, 0x10c4, 0x10e5, 0x1105, 0x1105, 0x08a4, 0x08a3, 0x1105, 0x1105, 0x10e5, 0x1105, 0x10e5, 0x1126, 0x1126,
0x10e5, 0x0062, 0x0842, 0x0842, 0x0021, 0x0882, 0x0842, 0x0841, 0x1082, 0x1083, 0x1082, 0x18a3, 0x1083, 0x0862, 0x10a3, 0x10a3,
0x10a3, 0x0862, 0x0862, 0x1082, 0x0842, 0x18a3, 0x18a3, 0x18a3, 0x10a3, 0x10a3, 0x10a3, 0x10a3, 0x10a3, 0x0862, 0x0841, 0x0020,
0x0861, 0x0862, 0x1062, 0x0862, 0x0821, 0x0020, 0x0000, 0x0021, 0x0041, 0x0041, 0x0841, 0x1082, 0x10a3, 0x10a3, 0x1082, 0x0841,
0x1082, 0x1083, 0x10a3, 0x10a3, 0x10a3, 0x1082, 0x1082, 0x1062, 
/* -52- */
0x0969, 0x0969, 0x1169, 0x1189, 0x1189, 0x1189, 0x1189, 0x1189, 0x1189, 0x1189, 0x1189, 0x1188, 0x1188, 0x1189, 0x1189, 0x1169,
0x1168, 0x1188, 0x1188, 0x1188, 0x1188, 0x1188, 0x1188, 0x1188, 0x1168, 0x1168, 0x1168, 0x1168, 0x1168, 0x1168, 0x1188, 0x1189,
0x1189, 0x1189, 0x1189, 0x1189, 0x1189, 0x1189, 0x1168, 0x1168, 0x1168, 0x1189, 0x1168, 0x1169, 0x1169, 0x1169, 0x0968, 0x1168,
0x1168, 0x1168, 0x1169, 0x1169, 0x1169, 0x1169, 0x1169, 0x1169, 0x1189, 0x1189, 0x1189, 0x1189, 0x1189, 0x1189, 0x1189, 0x1189,
0x1188, 0x1188, 0x1188, 0x1189, 0x1189, 0x1189, 0x1188, 0x1188, 0x1189, 0x1189, 0x1189, 0x1189, 0x1189, 0x1188, 0x1989, 0x1989,
0x1989, 0x1988, 0x1988, 0x1188, 0x1189, 0x1189, 0x1189, 0x1189, 0x1188, 0x1189, 0x1189, 0x1169, 0x1169, 0x1169, 0x1169, 0x1169,
0x1169, 0x1169, 0x1169, 0x1169, 0x1169, 0x1189, 0x1189, 0x1169, 0x1169, 0x1169, 0x1169, 0x0969, 0x1148, 0x0063, 0x08a3, 0x0883,
0x0041, 0x0021, 0x0021, 0x0021, 0x0000, 0x0000, 0x0020, 0x0020, 0x0000, 0x0000, 0x0041, 0x00a3, 0x0883, 0x08a3, 0x08e5, 0x1126,
0x1126, 0x0926, 0x0906, 0x08c5, 0x08e5, 0x08e4, 0x08e4, 0x0905, 0x08e5, 0x0906, 0x0906, 0x0906, 0x0906, 0x0906, 0x0905, 0x08e5,
0x00a3, 0x00a3, 0x00a3, 0x08a4, 0x08a4, 0x1106, 0x08e5, 0x0926, 0x1126, 0x1126, 0x0926, 0x1126, 0x0926, 0x0926, 0x0926, 0x0906,
0x0906, 0x0906, 0x0906, 0x0906, 0x1106, 0x08e4, 0x0905, 0x1105, 0x08c4, 0x08c4, 0x08c4, 0x08a3, 0x0841, 0x1062, 0x0842, 0x0862,
0x0882, 0x0862, 0x0862, 0x0841, 0x0862, 0x0841, 0x0841, 0x0862, 0x0861, 0x0841, 0x0862, 0x0862, 0x1082, 0x10a3, 0x0862, 0x0862,
0x0862, 0x0862, 0x1082, 0x0862, 0x0882, 0x1082, 0x1082, 0x10a3, 0x10a3, 0x10c3, 0x10a3, 0x1082, 0x1082, 0x1082, 0x1082, 0x10a3,
0x10c4, 0x10c4, 0x10c4, 0x0882, 0x10a3, 0x10e4, 0x10e5, 0x08a3, 0x08c4, 0x1106, 0x1106, 0x1106, 0x1106, 0x1126, 0x1126, 0x1105,
0x0083, 0x0862, 0x1082, 0x0862, 0x0862, 0x1082, 0x1082, 0x1882, 0x1882, 0x1883, 0x18a3, 0x18a3, 0x1082, 0x0842, 0x0862, 0x0862,
0x0862, 0x1082, 0x10a3, 0x18a3, 0x0842, 0x18a3, 0x18a3, 0x18a3, 0x10a3, 0x10a3, 0x18a3, 0x18a3, 0x10a3, 0x0841, 0x0841, 0x0862,
0x10a3, 0x18c3, 0x1082, 0x1062, 0x0862, 0x0021, 0x0021, 0x0020, 0x0020, 0x0841, 0x1062, 0x10a3, 0x10a3, 0x10a3, 0x1083, 0x0841,
0x1082, 0x1083, 0x18a3, 0x18a3, 0x1083, 0x0862, 0x0842, 0x0021, 
/* -53- */
0x0949, 0x0969, 0x1169, 0x1189, 0x1189, 0x1189, 0x1189, 0x1189, 0x1189, 0x1189, 0x1189, 0x1189, 0x1188, 0x1188, 0x1189, 0x1188,
0x1188, 0x1188, 0x1188, 0x1188, 0x1188, 0x1188, 0x1188, 0x1168, 0x1168, 0x1168, 0x1168, 0x1168, 0x1168, 0x1168, 0x1188, 0x1189,
0x1189, 0x1189, 0x1189, 0x1189, 0x1189, 0x1168, 0x1168, 0x1169, 0x1168, 0x1189, 0x1189, 0x1168, 0x1168, 0x1148, 0x0927, 0x1127,
0x1127, 0x1127, 0x1168, 0x1169, 0x1169, 0x1169, 0x1169, 0x1169, 0x1169, 0x1189, 0x1189, 0x1189, 0x1189, 0x1189, 0x1189, 0x1189,
0x1189, 0x1168, 0x1168, 0x1188, 0x1189, 0x1189, 0x1189, 0x1189, 0x1189, 0x1189, 0x1189, 0x1989, 0x1189, 0x1989, 0x1989, 0x1989,
0x1989, 0x1188, 0x1189, 0x1189, 0x1189, 0x1188, 0x1189, 0x1189, 0x1189, 0x1189, 0x1189, 0x1189, 0x1169, 0x1189, 0x1169, 0x1169,
0x1169, 0x1169, 0x1169, 0x1169, 0x1169, 0x1189, 0x1189, 0x1169, 0x1169, 0x1169, 0x1169, 0x1169, 0x1148, 0x0883, 0x08a3, 0x0883,
0x0041, 0x0021, 0x0021, 0x0000, 0x0000, 0x0000, 0x0020, 0x0000, 0x0000, 0x0021, 0x0062, 0x08c4, 0x08a3, 0x0083, 0x08e5, 0x1106,
0x1126, 0x1126, 0x0906, 0x08e5, 0x08e5, 0x08c4, 0x08e5, 0x08e5, 0x0905, 0x0906, 0x1106, 0x0906, 0x0905, 0x0906, 0x0905, 0x08e4,
0x00a3, 0x00a3, 0x08a3, 0x08a4, 0x08c4, 0x0906, 0x08e5, 0x1106, 0x1106, 0x1106, 0x0906, 0x0906, 0x0906, 0x0906, 0x0906, 0x1106,
0x1106, 0x1106, 0x0906, 0x0906, 0x1106, 0x08e5, 0x1105, 0x1106, 0x08e4, 0x08c4, 0x08e4, 0x10c4, 0x0862, 0x0862, 0x0841, 0x0862,
0x0842, 0x0862, 0x1062, 0x0862, 0x0841, 0x0841, 0x1062, 0x1062, 0x0862, 0x0841, 0x0862, 0x1062, 0x1082, 0x0862, 0x0862, 0x0862,
0x0862, 0x0841, 0x1082, 0x0882, 0x1083, 0x1082, 0x1062, 0x1082, 0x10a3, 0x1082, 0x1082, 0x1082, 0x1082, 0x1082, 0x0862, 0x08a3,
0x10e5, 0x10e5, 0x10c4, 0x10a3, 0x10c3, 0x10e5, 0x08c4, 0x08c4, 0x1105, 0x1126, 0x1126, 0x1106, 0x10e5, 0x10c4, 0x08a3, 0x0883,
0x10a3, 0x0883, 0x1082, 0x1082, 0x1082, 0x18a3, 0x18a2, 0x18a2, 0x1882, 0x1882, 0x18a3, 0x18a3, 0x1082, 0x0841, 0x0841, 0x1082,
0x10a3, 0x18a3, 0x18a3, 0x18a3, 0x1062, 0x18a2, 0x18a3, 0x18a3, 0x18a3, 0x18a3, 0x1082, 0x0862, 0x1082, 0x0000, 0x0841, 0x1083,
0x1083, 0x0862, 0x0021, 0x0020, 0x0020, 0x0020, 0x0021, 0x0020, 0x0020, 0x0862, 0x1062, 0x18a3, 0x10a2, 0x10a3, 0x1083, 0x0841,
0x1082, 0x10a3, 0x1083, 0x1082, 0x0862, 0x0862, 0x0862, 0x0021, 
/* -54- */
0x0969, 0x0969, 0x1168, 0x1169, 0x1189, 0x1189, 0x1189, 0x1189, 0x1189, 0x1189, 0x1188, 0x1188, 0x1188, 0x1188, 0x1189, 0x1189,
0x1168, 0x1188, 0x1188, 0x1188, 0x1188, 0x1188, 0x1189, 0x1188, 0x1168, 0x1168, 0x1188, 0x1168, 0x1168, 0x1188, 0x1189, 0x1189,
0x1189, 0x1189, 0x1189, 0x1189, 0x1168, 0x1169, 0x1168, 0x1169, 0x1168, 0x1189, 0x1189, 0x1168, 0x1147, 0x0883, 0x0041, 0x0021,
0x0021, 0x0021, 0x0883, 0x1168, 0x1168, 0x1169, 0x1169, 0x1169, 0x1168, 0x1168, 0x1169, 0x1189, 0x1189, 0x1189, 0x1189, 0x1189,
0x1189, 0x1168, 0x1168, 0x1168, 0x1189, 0x1189, 0x1188, 0x1189, 0x1189, 0x1189, 0x1189, 0x1189, 0x1189, 0x1989, 0x1989, 0x1189,
0x1189, 0x1188, 0x1189, 0x1189, 0x1188, 0x1188, 0x1189, 0x1189, 0x1189, 0x1189, 0x1189, 0x1189, 0x1189, 0x1169, 0x1189, 0x1189,
0x1169, 0x1169, 0x1189, 0x1169, 0x1189, 0x1169, 0x1189, 0x1169, 0x1169, 0x1169, 0x0969, 0x0969, 0x1148, 0x0883, 0x0882, 0x0062,
0x0021, 0x0000, 0x0000, 0x0000, 0x0000, 0x0000, 0x0021, 0x0020, 0x0000, 0x0041, 0x0062, 0x08e5, 0x08a4, 0x08a3, 0x0905, 0x0906,
0x0926, 0x1126, 0x0926, 0x08e5, 0x08e5, 0x08e5, 0x08e5, 0x0905, 0x0906, 0x1106, 0x1106, 0x08e5, 0x08e5, 0x0906, 0x08e5, 0x08c4,
0x00a3, 0x00a3, 0x00a3, 0x08a4, 0x08c4, 0x0906, 0x0905, 0x1126, 0x1106, 0x0906, 0x0906, 0x1106, 0x1106, 0x0906, 0x0905, 0x1106,
0x1106, 0x1106, 0x1126, 0x1106, 0x1105, 0x08e5, 0x1105, 0x1106, 0x08c4, 0x08c4, 0x08e5, 0x08c4, 0x0862, 0x0842, 0x0841, 0x0862,
0x0862, 0x1062, 0x0841, 0x0841, 0x0841, 0x0841, 0x0861, 0x1062, 0x1082, 0x1082, 0x1082, 0x1062, 0x0862, 0x1082, 0x10c3, 0x1082,
0x1082, 0x1082, 0x0862, 0x0882, 0x10a3, 0x1082, 0x1082, 0x1082, 0x10a3, 0x1082, 0x1082, 0x10a3, 0x1082, 0x0882, 0x0882, 0x0883,
0x10c4, 0x10c3, 0x10a3, 0x10c3, 0x10e5, 0x1106, 0x1105, 0x1105, 0x1126, 0x1126, 0x1126, 0x10e5, 0x0883, 0x0882, 0x0862, 0x10a3,
0x18a3, 0x1082, 0x1082, 0x1082, 0x1882, 0x1882, 0x18a3, 0x18a2, 0x18a3, 0x1082, 0x18a3, 0x0862, 0x0841, 0x1082, 0x18a3, 0x18c3,
0x18c3, 0x18c3, 0x18c3, 0x18c3, 0x0841, 0x10a2, 0x18a3, 0x18a3, 0x1082, 0x0862, 0x0862, 0x0841, 0x1083, 0x0021, 0x0861, 0x0841,
0x0020, 0x0841, 0x0841, 0x0021, 0x0020, 0x0000, 0x0000, 0x0000, 0x0020, 0x0862, 0x1062, 0x10a3, 0x18a3, 0x10a3, 0x1082, 0x0841,
0x0862, 0x1082, 0x0862, 0x0862, 0x1082, 0x10a3, 0x1083, 0x0021, 
/* -55- */
0x0969, 0x0969, 0x1168, 0x1168, 0x1189, 0x1189, 0x1189, 0x1189, 0x1189, 0x1189, 0x1188, 0x1188, 0x1188, 0x1168, 0x1189, 0x1168,
0x1168, 0x1168, 0x1188, 0x1189, 0x1188, 0x1188, 0x1189, 0x1168, 0x1168, 0x1189, 0x1188, 0x1189, 0x1189, 0x1189, 0x1189, 0x1189,
0x1189, 0x1189, 0x1189, 0x1189, 0x1169, 0x1168, 0x1168, 0x1169, 0x1168, 0x1189, 0x1189, 0x1168, 0x0063, 0x0883, 0x0862, 0x0000,
0x0000, 0x0000, 0x0021, 0x0883, 0x08c4, 0x1148, 0x1169, 0x1168, 0x1168, 0x1168, 0x1169, 0x1168, 0x1188, 0x1189, 0x1189, 0x1189,
0x1189, 0x1189, 0x1168, 0x1169, 0x1189, 0x1189, 0x1188, 0x1189, 0x1189, 0x1189, 0x1189, 0x1189, 0x1189, 0x1189, 0x1189, 0x1189,
0x1189, 0x1188, 0x1188, 0x1189, 0x1189, 0x1189, 0x1189, 0x1189, 0x1189, 0x1189, 0x1189, 0x1189, 0x1189, 0x1189, 0x1189, 0x1169,
0x1169, 0x1169, 0x1189, 0x1189, 0x1189, 0x0969, 0x0968, 0x1169, 0x1169, 0x1168, 0x0969, 0x1169, 0x1148, 0x0062, 0x0042, 0x0042,
0x0000, 0x0000, 0x0000, 0x0000, 0x0020, 0x0000, 0x0041, 0x0021, 0x0020, 0x0041, 0x0082, 0x08e5, 0x08a4, 0x00a3, 0x0905, 0x0906,
0x0926, 0x1126, 0x0926, 0x0905, 0x08e5, 0x08e5, 0x0905, 0x0906, 0x0906, 0x0906, 0x08e5, 0x08c4, 0x08e5, 0x0906, 0x08e5, 0x08c4,
0x00a3, 0x0083, 0x08a3, 0x08a3, 0x08c4, 0x0905, 0x0926, 0x0906, 0x1106, 0x0906, 0x0906, 0x1106, 0x0905, 0x0905, 0x0905, 0x1106,
0x1106, 0x1106, 0x1106, 0x0905, 0x08e5, 0x0905, 0x08e5, 0x1106, 0x0905, 0x08e5, 0x08e5, 0x08c4, 0x0862, 0x0841, 0x0862, 0x1082,
0x1082, 0x0862, 0x0841, 0x0841, 0x1062, 0x1062, 0x0841, 0x0841, 0x1082, 0x1082, 0x1082, 0x1082, 0x1082, 0x10c3, 0x1082, 0x1082,
0x1082, 0x1062, 0x0862, 0x0862, 0x10a3, 0x1082, 0x1082, 0x10a3, 0x10a3, 0x10a3, 0x1062, 0x0862, 0x08a3, 0x0883, 0x10a3, 0x10a3,
0x10a2, 0x10a2, 0x10a3, 0x10c4, 0x1106, 0x1126, 0x1106, 0x1106, 0x1126, 0x1126, 0x1105, 0x08a3, 0x0882, 0x10a3, 0x0882, 0x1082,
0x18a3, 0x10a3, 0x1082, 0x1882, 0x1882, 0x1882, 0x18a3, 0x1082, 0x1082, 0x0842, 0x0841, 0x1082, 0x18a3, 0x18c3, 0x18a3, 0x18a3,
0x18a3, 0x18c3, 0x18c3, 0x18c3, 0x0841, 0x10a2, 0x10a3, 0x0862, 0x0841, 0x0841, 0x0862, 0x10a3, 0x10a3, 0x0862, 0x0000, 0x0000,
0x0862, 0x10a3, 0x0883, 0x0042, 0x0042, 0x0000, 0x0000, 0x0000, 0x0842, 0x0862, 0x1062, 0x10a3, 0x10a3, 0x10a3, 0x1083, 0x0842,
0x0021, 0x0021, 0x0862, 0x1083, 0x10a3, 0x18a3, 0x10a3, 0x0021, 
/* -56- */
0x0969, 0x1169, 0x1168, 0x1168, 0x1168, 0x1189, 0x1189, 0x1189, 0x1189, 0x1189, 0x1188, 0x1168, 0x1168, 0x1168, 0x1168, 0x1168,
0x1168, 0x1168, 0x1188, 0x1188, 0x1188, 0x1188, 0x1188, 0x1168, 0x1189, 0x1169, 0x1189, 0x1169, 0x1189, 0x1189, 0x1189, 0x1189,
0x1189, 0x1189, 0x1189, 0x1169, 0x1168, 0x1169, 0x1168, 0x1168, 0x1168, 0x1147, 0x0907, 0x1169, 0x0063, 0x0021, 0x0862, 0x0000,
0x0000, 0x0001, 0x0063, 0x1106, 0x08a4, 0x1148, 0x1168, 0x1168, 0x1168, 0x1168, 0x1168, 0x1189, 0x1189, 0x1189, 0x1189, 0x1189,
0x1189, 0x1189, 0x1188, 0x1169, 0x1168, 0x1168, 0x1189, 0x1189, 0x1189, 0x1189, 0x1189, 0x1189, 0x1189, 0x1189, 0x1189, 0x1189,
0x1189, 0x1188, 0x1189, 0x1189, 0x1189, 0x1189, 0x1189, 0x1189, 0x1189, 0x1189, 0x1169, 0x1169, 0x1169, 0x1169, 0x1169, 0x1169,
0x1169, 0x1169, 0x1168, 0x1169, 0x1169, 0x0968, 0x0968, 0x1168, 0x1169, 0x1169, 0x1168, 0x1169, 0x1148, 0x0062, 0x0042, 0x0021,
0x0021, 0x0000, 0x0000, 0x0020, 0x0020, 0x0021, 0x0041, 0x0020, 0x0021, 0x0021, 0x0062, 0x08e5, 0x08a4, 0x08a3, 0x08e5, 0x1126,
0x1106, 0x1106, 0x1106, 0x0905, 0x08e5, 0x08e5, 0x1106, 0x1106, 0x0906, 0x0906, 0x08c4, 0x08a4, 0x08e5, 0x0906, 0x08e5, 0x08c4,
0x00a3, 0x0082, 0x00a3, 0x08a3, 0x00a3, 0x1105, 0x0906, 0x0906, 0x0926, 0x0926, 0x0906, 0x1106, 0x08e5, 0x0906, 0x0906, 0x1106,
0x1106, 0x1106, 0x0906, 0x0905, 0x1105, 0x1106, 0x1105, 0x08e5, 0x08e4, 0x08c4, 0x08e5, 0x0883, 0x0041, 0x0862, 0x0862, 0x1062,
0x1062, 0x0841, 0x0862, 0x0841, 0x1082, 0x0841, 0x0862, 0x0841, 0x1082, 0x1061, 0x1082, 0x0862, 0x1083, 0x0882, 0x1062, 0x1082,
0x1062, 0x1062, 0x0841, 0x0841, 0x1082, 0x1082, 0x1082, 0x1082, 0x10c3, 0x10a3, 0x0861, 0x0882, 0x0883, 0x10c4, 0x10c4, 0x10a3,
0x0882, 0x10a3, 0x10a3, 0x10c3, 0x1106, 0x1126, 0x1106, 0x1105, 0x10e5, 0x08a4, 0x0883, 0x0883, 0x10a3, 0x18c4, 0x18c4, 0x18c4,
0x18c3, 0x1082, 0x1082, 0x1882, 0x1882, 0x1882, 0x1083, 0x1062, 0x0841, 0x1082, 0x18a3, 0x10a3, 0x18c3, 0x18c3, 0x18a3, 0x18a3,
0x18a3, 0x18a3, 0x18a3, 0x18a3, 0x0841, 0x0841, 0x0841, 0x0841, 0x0882, 0x18c3, 0x18c3, 0x10a3, 0x10a3, 0x1082, 0x0841, 0x0020,
0x1083, 0x0883, 0x0883, 0x0042, 0x0042, 0x0020, 0x0841, 0x10a3, 0x0883, 0x0862, 0x1062, 0x1883, 0x1082, 0x1082, 0x0842, 0x0841,
0x1082, 0x10a3, 0x18a3, 0x10a3, 0x10a3, 0x18a3, 0x1083, 0x0021, 
/* -57- */
0x0969, 0x0969, 0x1168, 0x1168, 0x1168, 0x1188, 0x1189, 0x1189, 0x1189, 0x1189, 0x1188, 0x1168, 0x1168, 0x1168, 0x1188, 0x1168,
0x1188, 0x1188, 0x1189, 0x1188, 0x1188, 0x1188, 0x1188, 0x1168, 0x1188, 0x1189, 0x1169, 0x1169, 0x1189, 0x1189, 0x1189, 0x1189,
0x1189, 0x1189, 0x1188, 0x1168, 0x1168, 0x1188, 0x1168, 0x1169, 0x1168, 0x08c5, 0x08e5, 0x1168, 0x0063, 0x0000, 0x0000, 0x0000,
0x0000, 0x0001, 0x0043, 0x10c5, 0x08a4, 0x1147, 0x1168, 0x1168, 0x1168, 0x1168, 0x1169, 0x1189, 0x1189, 0x1189, 0x1189, 0x1189,
0x1189, 0x1189, 0x1168, 0x1169, 0x1189, 0x1189, 0x1188, 0x1188, 0x1189, 0x1189, 0x1189, 0x1189, 0x1189, 0x1189, 0x1189, 0x1189,
0x1189, 0x1189, 0x1189, 0x1189, 0x1188, 0x1188, 0x1189, 0x1189, 0x1189, 0x1189, 0x1189, 0x1189, 0x1189, 0x1189, 0x1169, 0x1169,
0x1169, 0x1169, 0x1169, 0x1147, 0x08c5, 0x08c4, 0x08c5, 0x08e6, 0x08e6, 0x0906, 0x0906, 0x1147, 0x1127, 0x0042, 0x0041, 0x0042,
0x0021, 0x0000, 0x0000, 0x0020, 0x0041, 0x0041, 0x0021, 0x0020, 0x0021, 0x0021, 0x0041, 0x08e5, 0x08c4, 0x08a4, 0x1105, 0x1106,
0x1106, 0x1106, 0x1106, 0x0905, 0x0905, 0x0906, 0x0906, 0x0906, 0x0906, 0x0906, 0x08e5, 0x08c4, 0x08e5, 0x0905, 0x08e5, 0x08a3,
0x08a3, 0x0083, 0x0083, 0x0083, 0x00a3, 0x0905, 0x0906, 0x0906, 0x0926, 0x0906, 0x0906, 0x0906, 0x0906, 0x0906, 0x1106, 0x0906,
0x0906, 0x1106, 0x1106, 0x08e5, 0x0905, 0x08e5, 0x08e5, 0x08e5, 0x08c4, 0x08c4, 0x08e5, 0x08c4, 0x0882, 0x0862, 0x0862, 0x0842,
0x0862, 0x1062, 0x0841, 0x0841, 0x1082, 0x1062, 0x0841, 0x0841, 0x0841, 0x1062, 0x1082, 0x1082, 0x0882, 0x0862, 0x1082, 0x1082,
0x1062, 0x0862, 0x0841, 0x1082, 0x1082, 0x1082, 0x1082, 0x0862, 0x0862, 0x0862, 0x1082, 0x1082, 0x10c3, 0x10a3, 0x10a3, 0x10a3,
0x1082, 0x10a3, 0x10c4, 0x10c4, 0x1105, 0x1105, 0x10c4, 0x08a3, 0x0883, 0x0862, 0x10a3, 0x10a3, 0x18a3, 0x18c3, 0x18e4, 0x18e4,
0x18e4, 0x1883, 0x1082, 0x1082, 0x1082, 0x1062, 0x0862, 0x1082, 0x1082, 0x18a3, 0x18a3, 0x18a3, 0x18c3, 0x18c3, 0x18a3, 0x18a3,
0x18c3, 0x18a3, 0x1083, 0x0862, 0x0862, 0x0862, 0x0862, 0x10c3, 0x18c3, 0x18c3, 0x18c3, 0x18c3, 0x10a3, 0x10a3, 0x1082, 0x0020,
0x10a3, 0x10a4, 0x10a4, 0x0042, 0x0042, 0x0020, 0x0841, 0x08a3, 0x0883, 0x0882, 0x0862, 0x0862, 0x0841, 0x0841, 0x0842, 0x1082,
0x1082, 0x18a3, 0x10a3, 0x10a3, 0x10a3, 0x1883, 0x1083, 0x0021, 
/* -58- */
0x0968, 0x0969, 0x1169, 0x1168, 0x1188, 0x1188, 0x1188, 0x1189, 0x1188, 0x1188, 0x1188, 0x1168, 0x1168, 0x1168, 0x1188, 0x1188,
0x1188, 0x1188, 0x1189, 0x1188, 0x1188, 0x1188, 0x1188, 0x1168, 0x1188, 0x1189, 0x1189, 0x1188, 0x1188, 0x1188, 0x1188, 0x1188,
0x1168, 0x1188, 0x1189, 0x1168, 0x1168, 0x1189, 0x1189, 0x1189, 0x1168, 0x08c4, 0x08c5, 0x1147, 0x0062, 0x0000, 0x0001, 0x0001,
0x0000, 0x0001, 0x0042, 0x08a4, 0x0883, 0x1147, 0x1168, 0x1168, 0x1168, 0x1169, 0x1169, 0x1168, 0x1168, 0x1189, 0x1189, 0x1189,
0x1189, 0x1189, 0x1189, 0x1189, 0x1189, 0x1189, 0x1189, 0x1189, 0x1189, 0x1188, 0x1188, 0x1188, 0x1188, 0x1188, 0x1188, 0x1189,
0x1189, 0x1189, 0x1168, 0x1168, 0x1168, 0x1188, 0x1168, 0x1189, 0x1189, 0x1189, 0x1189, 0x1189, 0x1189, 0x1189, 0x1169, 0x1168,
0x1169, 0x1169, 0x1127, 0x08c4, 0x0042, 0x0021, 0x0041, 0x0041, 0x0041, 0x0041, 0x0062, 0x0863, 0x0062, 0x0021, 0x0021, 0x0041,
0x0000, 0x0000, 0x0020, 0x0021, 0x0862, 0x0041, 0x0020, 0x0021, 0x0021, 0x0020, 0x0041, 0x08c4, 0x08a4, 0x00a3, 0x08e5, 0x1106,
0x1126, 0x1126, 0x0906, 0x0905, 0x0905, 0x0926, 0x0926, 0x0926, 0x0926, 0x0926, 0x1106, 0x08e5, 0x08e5, 0x08e5, 0x08c4, 0x00a3,
0x0083, 0x0083, 0x0083, 0x0083, 0x0083, 0x08e5, 0x0906, 0x0906, 0x0926, 0x0926, 0x0926, 0x0926, 0x0926, 0x0906, 0x1106, 0x0905,
0x0905, 0x0906, 0x0905, 0x08e4, 0x0905, 0x08e5, 0x08e5, 0x08e5, 0x08c4, 0x08e4, 0x08e4, 0x0883, 0x0862, 0x0862, 0x0842, 0x0862,
0x1082, 0x1082, 0x0841, 0x0821, 0x0862, 0x0862, 0x0841, 0x0841, 0x0862, 0x0861, 0x0862, 0x1082, 0x0862, 0x1062, 0x1082, 0x1082,
0x10a3, 0x10a3, 0x1082, 0x10a2, 0x1082, 0x1082, 0x0882, 0x0862, 0x10a3, 0x10a3, 0x1082, 0x1082, 0x10a3, 0x10a3, 0x1083, 0x10a3,
0x10a3, 0x10c4, 0x10e4, 0x10c4, 0x10c4, 0x10c4, 0x0883, 0x0862, 0x1082, 0x10a3, 0x18c4, 0x18c3, 0x18c3, 0x18c3, 0x18c4, 0x18c4,
0x18a3, 0x1062, 0x0841, 0x0862, 0x1062, 0x1062, 0x1082, 0x10a3, 0x18c3, 0x18c3, 0x18c3, 0x18c3, 0x18c3, 0x18c3, 0x18a3, 0x18a3,
0x1082, 0x0862, 0x0862, 0x0841, 0x0862, 0x18c3, 0x18c3, 0x18c3, 0x18c3, 0x18c3, 0x18c3, 0x18c3, 0x18c3, 0x18c3, 0x1082, 0x0020,
0x18e4, 0x18e5, 0x10c4, 0x0042, 0x0042, 0x0000, 0x0841, 0x10a3, 0x0883, 0x0862, 0x0842, 0x0862, 0x1082, 0x1062, 0x0842, 0x1082,
0x1082, 0x10a3, 0x1082, 0x10a3, 0x10a3, 0x18a3, 0x1083, 0x0821, 
/* -59- */
0x0969, 0x0969, 0x1169, 0x1169, 0x1168, 0x1188, 0x1189, 0x1189, 0x1188, 0x1168, 0x1168, 0x1168, 0x1168, 0x1168, 0x1188, 0x1189,
0x1189, 0x1189, 0x1188, 0x1188, 0x1189, 0x1189, 0x1188, 0x1168, 0x1188, 0x1189, 0x1189, 0x1188, 0x1189, 0x1189, 0x1188, 0x1188,
0x1189, 0x1189, 0x1189, 0x1189, 0x1169, 0x1189, 0x1188, 0x1189, 0x1169, 0x08c4, 0x08c4, 0x0927, 0x0042, 0x0000, 0x0001, 0x0001,
0x0021, 0x0000, 0x0042, 0x08c5, 0x08a4, 0x1147, 0x1168, 0x1169, 0x1168, 0x1168, 0x1168, 0x1168, 0x1168, 0x1189, 0x1189, 0x1189,
0x1189, 0x1189, 0x1189, 0x1189, 0x1169, 0x1189, 0x1169, 0x1189, 0x1189, 0x1189, 0x1188, 0x1168, 0x1168, 0x1168, 0x1188, 0x1188,
0x1188, 0x1168, 0x1168, 0x1168, 0x1168, 0x1189, 0x1169, 0x1189, 0x1189, 0x1189, 0x1189, 0x1189, 0x1189, 0x1189, 0x1169, 0x0968,
0x1169, 0x1148, 0x08e5, 0x0083, 0x0042, 0x0021, 0x0042, 0x0062, 0x0062, 0x0062, 0x0062, 0x0042, 0x0041, 0x0042, 0x0042, 0x0000,
0x0000, 0x0000, 0x0000, 0x0041, 0x0883, 0x0021, 0x0020, 0x0021, 0x0020, 0x0020, 0x0041, 0x08c4, 0x08c4, 0x00a3, 0x08e5, 0x0906,
0x0926, 0x1106, 0x0905, 0x0905, 0x0906, 0x0926, 0x0926, 0x1126, 0x1126, 0x1106, 0x1106, 0x08e5, 0x08e5, 0x08e5, 0x08c4, 0x08a3,
0x0083, 0x00a3, 0x0082, 0x0082, 0x0083, 0x08e5, 0x1106, 0x0906, 0x0906, 0x0906, 0x0906, 0x0926, 0x0906, 0x1106, 0x0905, 0x08e5,
0x0905, 0x0906, 0x0905, 0x08e4, 0x0905, 0x08e5, 0x08e5, 0x10e5, 0x08c4, 0x08e5, 0x08c4, 0x0883, 0x0862, 0x0842, 0x0862, 0x0862,
0x1082, 0x0862, 0x0821, 0x0841, 0x0861, 0x0841, 0x0841, 0x0841, 0x1082, 0x0862, 0x0862, 0x1082, 0x1062, 0x1062, 0x1062, 0x0882,
0x10a3, 0x10a3, 0x1082, 0x1082, 0x1082, 0x1082, 0x0862, 0x0862, 0x10c3, 0x10a3, 0x1082, 0x1082, 0x10c3, 0x10a3, 0x1082, 0x10c3,
0x10e4, 0x10c4, 0x10a3, 0x10a3, 0x1082, 0x1082, 0x0862, 0x10a3, 0x10a3, 0x18c3, 0x18c4, 0x18c4, 0x18c3, 0x18a3, 0x18c3, 0x18a3,
0x1083, 0x0841, 0x0841, 0x0841, 0x1062, 0x1062, 0x1082, 0x18c3, 0x18c3, 0x18c3, 0x18c3, 0x18a3, 0x18a3, 0x18a3, 0x1082, 0x1082,
0x0841, 0x0041, 0x0862, 0x0862, 0x0862, 0x18c3, 0x18c3, 0x18c3, 0x18c3, 0x18c3, 0x18c3, 0x18c3, 0x18c3, 0x18c3, 0x1082, 0x0020,
0x1905, 0x1905, 0x10c4, 0x0062, 0x0042, 0x0000, 0x0021, 0x0862, 0x0042, 0x0842, 0x0862, 0x1083, 0x1083, 0x1082, 0x0841, 0x1082,
0x1882, 0x1082, 0x1082, 0x1082, 0x18a3, 0x1083, 0x1082, 0x0821, 
/* -60- */
0x0969, 0x0969, 0x1169, 0x1169, 0x1168, 0x1168, 0x1168, 0x1189, 0x1188, 0x1168, 0x1168, 0x1168, 0x1168, 0x1168, 0x1188, 0x1188,
0x1189, 0x1189, 0x1188, 0x1188, 0x1189, 0x1189, 0x1188, 0x1188, 0x1188, 0x1189, 0x1189, 0x1189, 0x1189, 0x1189, 0x1189, 0x1189,
0x1189, 0x1189, 0x1189, 0x1189, 0x1169, 0x1168, 0x1188, 0x1189, 0x1169, 0x08a4, 0x08a4, 0x10e5, 0x0001, 0x0000, 0x0001, 0x0021,
0x0021, 0x0000, 0x0021, 0x0883, 0x0863, 0x0947, 0x1169, 0x1168, 0x1168, 0x1168, 0x1168, 0x1168, 0x1169, 0x1189, 0x1189, 0x1189,
0x1189, 0x1189, 0x1189, 0x1188, 0x1188, 0x1168, 0x1168, 0x1168, 0x1189, 0x1188, 0x1188, 0x1168, 0x1188, 0x1188, 0x1188, 0x1188,
0x1168, 0x1168, 0x1168, 0x1188, 0x1168, 0x1189, 0x1189, 0x1189, 0x1189, 0x1189, 0x1189, 0x1189, 0x1189, 0x1189, 0x1169, 0x0969,
0x1148, 0x08c5, 0x08c4, 0x0063, 0x0021, 0x0021, 0x0042, 0x0062, 0x0883, 0x08c4, 0x08c5, 0x0883, 0x0862, 0x0863, 0x0021, 0x0000,
0x0000, 0x0000, 0x0000, 0x0062, 0x0882, 0x0021, 0x0020, 0x0021, 0x0020, 0x0021, 0x0041, 0x08e5, 0x08c5, 0x00a4, 0x0905, 0x0926,
0x0926, 0x1106, 0x0906, 0x0905, 0x0926, 0x0926, 0x0926, 0x1126, 0x1126, 0x1106, 0x1106, 0x08e5, 0x08e5, 0x0905, 0x08e4, 0x08a3,
0x08a3, 0x08a3, 0x00a3, 0x00a3, 0x0083, 0x08e5, 0x1106, 0x0906, 0x0906, 0x0906, 0x0926, 0x0906, 0x0905, 0x08e5, 0x08e5, 0x0905,
0x0906, 0x0906, 0x0905, 0x0905, 0x0905, 0x08e5, 0x08c4, 0x1105, 0x08e5, 0x08e5, 0x08c4, 0x08a3, 0x0882, 0x0882, 0x0862, 0x0842,
0x0841, 0x0841, 0x0841, 0x1062, 0x0862, 0x0862, 0x0841, 0x0862, 0x1083, 0x1083, 0x1082, 0x1062, 0x1062, 0x1062, 0x0861, 0x1083,
0x10a3, 0x10a3, 0x10a3, 0x0862, 0x10a3, 0x0862, 0x0861, 0x1082, 0x10a2, 0x10a2, 0x1082, 0x10a3, 0x10c4, 0x10c3, 0x0862, 0x10a3,
0x10a3, 0x10a3, 0x10a3, 0x10a3, 0x1082, 0x0862, 0x1082, 0x18c3, 0x10c3, 0x18c3, 0x18c4, 0x18c3, 0x18c3, 0x18c3, 0x10a3, 0x1082,
0x0862, 0x0862, 0x0862, 0x1082, 0x1061, 0x1082, 0x18a2, 0x18c3, 0x18c3, 0x18c3, 0x18c3, 0x18c3, 0x18a3, 0x1082, 0x0841, 0x0841,
0x10a3, 0x10a3, 0x10c4, 0x10c4, 0x0862, 0x18c3, 0x18c3, 0x18c3, 0x18c3, 0x18c3, 0x18c3, 0x18c3, 0x18c3, 0x10a3, 0x0861, 0x0020,
0x18e4, 0x1905, 0x10c4, 0x0042, 0x0042, 0x0000, 0x0020, 0x0841, 0x0882, 0x0883, 0x0882, 0x1083, 0x1883, 0x1082, 0x0862, 0x1082,
0x1882, 0x1882, 0x1082, 0x1082, 0x1082, 0x0842, 0x0041, 0x0021, 
/* -61- */
0x0969, 0x0969, 0x1169, 0x1169, 0x1168, 0x1188, 0x1189, 0x1189, 0x1169, 0x1168, 0x1168, 0x1168, 0x1168, 0x1168, 0x1168, 0x1188,
0x1189, 0x1189, 0x1188, 0x1189, 0x1189, 0x1188, 0x1189, 0x1189, 0x1189, 0x1189, 0x1189, 0x1189, 0x1189, 0x1189, 0x1189, 0x1189,
0x1189, 0x1189, 0x1189, 0x1189, 0x1169, 0x1169, 0x1169, 0x0969, 0x1168, 0x08a4, 0x0063, 0x0884, 0x0021, 0x0000, 0x0000, 0x0000,
0x0000, 0x0000, 0x0021, 0x0883, 0x0883, 0x1147, 0x1168, 0x1168, 0x1168, 0x1168, 0x1168, 0x1169, 0x1189, 0x1189, 0x1189, 0x1189,
0x1189, 0x1189, 0x1189, 0x1189, 0x1188, 0x1189, 0x1189, 0x1189, 0x1189, 0x1188, 0x1189, 0x1189, 0x1189, 0x1189, 0x1188, 0x1189,
0x1189, 0x1169, 0x1169, 0x1169, 0x1169, 0x1189, 0x1189, 0x1189, 0x1189, 0x1189, 0x1189, 0x1189, 0x1189, 0x1169, 0x1169, 0x1169,
0x0947, 0x08a4, 0x08a4, 0x0062, 0x0021, 0x0021, 0x0021, 0x0021, 0x0021, 0x0022, 0x0022, 0x0021, 0x0041, 0x0862, 0x0000, 0x0000,
0x0000, 0x0000, 0x0021, 0x0882, 0x0082, 0x0021, 0x0021, 0x0041, 0x0020, 0x0020, 0x0042, 0x08e5, 0x08e5, 0x08c4, 0x0905, 0x0926,
0x1126, 0x0905, 0x0905, 0x0906, 0x0926, 0x0926, 0x1126, 0x0926, 0x1126, 0x0906, 0x0905, 0x00a4, 0x08e5, 0x08e5, 0x08e4, 0x08c3,
0x00a3, 0x08a3, 0x08a3, 0x08a3, 0x08a3, 0x0905, 0x0905, 0x0906, 0x0906, 0x0906, 0x0926, 0x0906, 0x08e5, 0x08e5, 0x0906, 0x0906,
0x0906, 0x0906, 0x0906, 0x0906, 0x0905, 0x0905, 0x1105, 0x10e5, 0x1105, 0x0905, 0x08e5, 0x10e4, 0x0883, 0x08a3, 0x0862, 0x0841,
0x0021, 0x0841, 0x0841, 0x1062, 0x1062, 0x1062, 0x0821, 0x1082, 0x1083, 0x1082, 0x1062, 0x1062, 0x1041, 0x1062, 0x0841, 0x10a3,
0x10a3, 0x10a3, 0x10a3, 0x10a3, 0x0882, 0x08a3, 0x0882, 0x10c3, 0x10a3, 0x10a2, 0x10a3, 0x10c3, 0x10e4, 0x0882, 0x0882, 0x0882,
0x1082, 0x10a3, 0x10a3, 0x10a3, 0x0883, 0x10a3, 0x10a3, 0x18c3, 0x18c3, 0x18a3, 0x18a3, 0x18a3, 0x10a3, 0x0862, 0x1083, 0x1082,
0x1062, 0x1082, 0x1082, 0x1082, 0x1062, 0x1882, 0x18a3, 0x18c3, 0x18c3, 0x18a3, 0x10a3, 0x1083, 0x0862, 0x0862, 0x1083, 0x10a3,
0x18e4, 0x18e4, 0x10c4, 0x10a3, 0x0882, 0x18c4, 0x18c3, 0x18c3, 0x18c3, 0x18c3, 0x18c3, 0x18c3, 0x1082, 0x0862, 0x0021, 0x0020,
0x10c3, 0x1905, 0x10a4, 0x0042, 0x0042, 0x0000, 0x0861, 0x10a3, 0x0883, 0x0883, 0x10a3, 0x1882, 0x1882, 0x1082, 0x0861, 0x1082,
0x1082, 0x1082, 0x1082, 0x0862, 0x0841, 0x0841, 0x1062, 0x1062, 
/* -62- */
0x0969, 0x1169, 0x1169, 0x1169, 0x1188, 0x1189, 0x1189, 0x1188, 0x1189, 0x1168, 0x1168, 0x1168, 0x1168, 0x1168, 0x1168, 0x1188,
0x1188, 0x1189, 0x1189, 0x1189, 0x1189, 0x1189, 0x1189, 0x1189, 0x1189, 0x1189, 0x1189, 0x1189, 0x1189, 0x1189, 0x1189, 0x1189,
0x1189, 0x1189, 0x1189, 0x1189, 0x1189, 0x1168, 0x1168, 0x0968, 0x0968, 0x0884, 0x08e5, 0x1147, 0x0042, 0x0001, 0x0000, 0x0000,
0x0000, 0x0000, 0x0042, 0x10e6, 0x08a4, 0x1147, 0x1168, 0x1168, 0x1168, 0x1168, 0x1168, 0x1168, 0x1168, 0x1188, 0x1168, 0x1188,
0x1188, 0x1188, 0x1189, 0x1189, 0x1189, 0x1189, 0x1189, 0x1189, 0x1189, 0x1189, 0x1189, 0x1189, 0x1189, 0x1189, 0x1189, 0x1189,
0x1189, 0x1189, 0x1189, 0x1189, 0x1189, 0x1189, 0x1189, 0x1189, 0x1189, 0x1189, 0x1189, 0x1189, 0x1169, 0x1169, 0x1169, 0x0969,
0x0927, 0x0062, 0x0062, 0x0042, 0x0042, 0x1147, 0x1148, 0x1148, 0x1147, 0x1127, 0x10c5, 0x0000, 0x0000, 0x0000, 0x0000, 0x0000,
0x0000, 0x0000, 0x0041, 0x0883, 0x08a3, 0x0041, 0x0021, 0x0041, 0x0020, 0x0041, 0x0062, 0x0905, 0x0906, 0x08e5, 0x0905, 0x0905,
0x0906, 0x0905, 0x08e5, 0x0905, 0x0926, 0x0926, 0x1126, 0x0926, 0x1126, 0x1126, 0x1106, 0x00a3, 0x08e5, 0x08e5, 0x08c4, 0x08a3,
0x08a3, 0x08a3, 0x08a3, 0x08a3, 0x00a3, 0x0905, 0x0906, 0x0905, 0x0906, 0x0906, 0x0906, 0x0905, 0x08e5, 0x0905, 0x0905, 0x08e5,
0x0905, 0x0906, 0x0906, 0x0906, 0x0905, 0x0905, 0x1105, 0x1106, 0x08e5, 0x0905, 0x08e5, 0x08e4, 0x0882, 0x0041, 0x0862, 0x0862,
0x0841, 0x0020, 0x0861, 0x1062, 0x1062, 0x0862, 0x0882, 0x0882, 0x1082, 0x1082, 0x1062, 0x0862, 0x1062, 0x1082, 0x0862, 0x1082,
0x1082, 0x1082, 0x1082, 0x0882, 0x0882, 0x10a3, 0x10a3, 0x10c3, 0x10a3, 0x1082, 0x1082, 0x0882, 0x08a3, 0x0882, 0x0841, 0x1082,
0x10a3, 0x10a3, 0x10a3, 0x10a3, 0x10c4, 0x18e4, 0x10c3, 0x18c3, 0x18c3, 0x18c3, 0x18a3, 0x10a3, 0x1083, 0x1082, 0x1082, 0x1082,
0x1883, 0x18a3, 0x1082, 0x1082, 0x1062, 0x1062, 0x18c3, 0x18c4, 0x10a3, 0x1082, 0x0841, 0x1082, 0x1082, 0x10c3, 0x18e4, 0x18e4,
0x1904, 0x10c4, 0x18e4, 0x18c4, 0x1082, 0x18c4, 0x18c3, 0x18c3, 0x10a3, 0x10a3, 0x1082, 0x1082, 0x0862, 0x0862, 0x1082, 0x0021,
0x18c4, 0x1905, 0x10c4, 0x0042, 0x0041, 0x0020, 0x0861, 0x10a4, 0x08a4, 0x0883, 0x10a3, 0x1882, 0x1882, 0x1082, 0x0841, 0x0841,
0x0862, 0x0021, 0x0841, 0x0862, 0x1062, 0x1082, 0x18a2, 0x18a3, 
/* -63- */
0x0969, 0x1189, 0x1169, 0x1189, 0x1189, 0x1189, 0x1189, 0x1189, 0x1189, 0x1169, 0x1189, 0x1189, 0x1189, 0x1188, 0x1188, 0x1188,
0x1188, 0x1188, 0x1188, 0x1189, 0x1189, 0x1189, 0x1189, 0x1189, 0x1189, 0x1189, 0x1189, 0x1189, 0x1189, 0x1189, 0x1189, 0x1189,
0x1189, 0x1189, 0x1189, 0x1189, 0x1189, 0x1169, 0x1168, 0x0968, 0x1168, 0x0884, 0x08e6, 0x1168, 0x0063, 0x0001, 0x0000, 0x0000,
0x0000, 0x0001, 0x0863, 0x1147, 0x08c5, 0x1147, 0x1168, 0x1168, 0x1169, 0x1169, 0x1169, 0x1169, 0x1169, 0x1168, 0x1168, 0x1168,
0x1169, 0x1189, 0x1189, 0x1189, 0x1189, 0x1189, 0x1168, 0x1168, 0x1189, 0x1189, 0x1189, 0x1189, 0x1189, 0x1189, 0x1189, 0x1189,
0x1189, 0x1189, 0x1189, 0x1189, 0x1189, 0x1189, 0x1189, 0x1189, 0x1189, 0x1189, 0x1189, 0x1189, 0x1169, 0x1169, 0x1169, 0x0969,
0x0927, 0x0062, 0x0042, 0x0041, 0x0042, 0x1148, 0x0969, 0x0969, 0x0927, 0x08c5, 0x0042, 0x0020, 0x0000, 0x0000, 0x0000, 0x0000,
0x0000, 0x0000, 0x0041, 0x0083, 0x08a3, 0x0042, 0x0041, 0x0062, 0x0020, 0x0020, 0x0021, 0x0905, 0x0906, 0x0906, 0x0905, 0x0906,
0x0905, 0x08e5, 0x08e5, 0x0905, 0x0926, 0x0926, 0x0926, 0x0926, 0x0926, 0x0906, 0x0905, 0x00a3, 0x08e5, 0x08e5, 0x08c4, 0x08a3,
0x08c3, 0x08a3, 0x08c4, 0x08a3, 0x00a3, 0x08e5, 0x0905, 0x0905, 0x0905, 0x08e5, 0x0905, 0x0906, 0x0906, 0x0905, 0x0905, 0x08e5,
0x0905, 0x0905, 0x0906, 0x0906, 0x0905, 0x0905, 0x1105, 0x1105, 0x0905, 0x08e5, 0x08e5, 0x10e4, 0x0862, 0x0841, 0x0862, 0x0841,
0x1062, 0x0841, 0x0021, 0x0841, 0x0861, 0x0882, 0x10a3, 0x1082, 0x1082, 0x1082, 0x0862, 0x0861, 0x1083, 0x0882, 0x0841, 0x0882,
0x1082, 0x0882, 0x0882, 0x10a3, 0x10a3, 0x1082, 0x1082, 0x10a3, 0x10a3, 0x0862, 0x0862, 0x0882, 0x0882, 0x1082, 0x0041, 0x10a3,
0x10a3, 0x10a3, 0x10a3, 0x10c3, 0x18e4, 0x18c3, 0x18a3, 0x10a3, 0x10a3, 0x10a3, 0x0882, 0x10a3, 0x10a3, 0x10a3, 0x18a3, 0x18a3,
0x18a3, 0x18a2, 0x1082, 0x1082, 0x1062, 0x1082, 0x1082, 0x1083, 0x0862, 0x1082, 0x0862, 0x10c3, 0x18e4, 0x18e4, 0x1905, 0x1904,
0x18e4, 0x18e4, 0x10c3, 0x10a3, 0x0862, 0x18e4, 0x18e4, 0x1083, 0x0862, 0x0862, 0x1082, 0x1083, 0x10a3, 0x0862, 0x10a3, 0x0021,
0x18c4, 0x1905, 0x10a4, 0x0041, 0x0041, 0x0020, 0x0862, 0x10c4, 0x08a4, 0x0883, 0x1082, 0x1882, 0x1082, 0x1062, 0x0841, 0x0841,
0x0841, 0x0841, 0x1062, 0x18a3, 0x18a3, 0x18a3, 0x18a2, 0x18a2, 
/* -64- */
0x1169, 0x1189, 0x1189, 0x1189, 0x1189, 0x1189, 0x1189, 0x1189, 0x1189, 0x1189, 0x1188, 0x1189, 0x1189, 0x1188, 0x1188, 0x1189,
0x1188, 0x1188, 0x1188, 0x1189, 0x1189, 0x1189, 0x1189, 0x1189, 0x1189, 0x1189, 0x1189, 0x1189, 0x1189, 0x1189, 0x1189, 0x1189,
0x1189, 0x1189, 0x1189, 0x1189, 0x1189, 0x1189, 0x1168, 0x0968, 0x1168, 0x08a4, 0x08e6, 0x1168, 0x0062, 0x0001, 0x0000, 0x0000,
0x0001, 0x0001, 0x0883, 0x1148, 0x08c5, 0x1147, 0x1168, 0x1168, 0x1169, 0x1169, 0x1189, 0x1169, 0x1169, 0x1168, 0x1168, 0x1189,
0x1169, 0x1189, 0x1188, 0x1189, 0x1189, 0x1188, 0x1168, 0x1168, 0x1168, 0x1189, 0x1189, 0x1189, 0x1189, 0x1189, 0x1189, 0x1189,
0x1189, 0x1189, 0x1189, 0x1189, 0x1189, 0x1189, 0x1189, 0x1189, 0x1189, 0x1189, 0x1189, 0x1189, 0x1189, 0x1169, 0x1169, 0x1169,
0x0927, 0x0883, 0x0062, 0x0062, 0x0042, 0x1168, 0x0969, 0x0968, 0x0947, 0x08a4, 0x0862, 0x0041, 0x0000, 0x0000, 0x0000, 0x0000,
0x0000, 0x0000, 0x0021, 0x0042, 0x0883, 0x0042, 0x0062, 0x0041, 0x0020, 0x0020, 0x0041, 0x1106, 0x0906, 0x0906, 0x08e5, 0x1106,
0x08e5, 0x08e5, 0x08e5, 0x1106, 0x1126, 0x1126, 0x0926, 0x0926, 0x0905, 0x1106, 0x08e5, 0x00a3, 0x08e5, 0x08e5, 0x08c4, 0x08a3,
0x08c4, 0x08c4, 0x08e5, 0x08c4, 0x00a3, 0x08c4, 0x0905, 0x0905, 0x0906, 0x08e5, 0x0905, 0x0905, 0x0905, 0x0905, 0x0905, 0x0905,
0x0905, 0x0906, 0x0906, 0x0906, 0x0905, 0x0905, 0x0905, 0x08e5, 0x08e5, 0x08e4, 0x08c4, 0x0883, 0x0041, 0x0862, 0x0841, 0x0841,
0x1062, 0x0841, 0x0020, 0x0861, 0x0861, 0x1062, 0x1082, 0x1082, 0x1082, 0x1082, 0x1062, 0x0862, 0x0862, 0x0882, 0x1082, 0x0882,
0x1082, 0x0882, 0x10a3, 0x10a3, 0x1082, 0x0862, 0x0882, 0x0882, 0x0882, 0x0883, 0x10a3, 0x10a2, 0x10a2, 0x10a3, 0x0861, 0x0862,
0x1082, 0x10a3, 0x10a3, 0x10e4, 0x18e4, 0x18a3, 0x1082, 0x0882, 0x10a3, 0x1083, 0x0862, 0x10a3, 0x10a3, 0x18c3, 0x18a3, 0x18a3,
0x18a3, 0x18a3, 0x10a2, 0x10a2, 0x0862, 0x0862, 0x0862, 0x0882, 0x0862, 0x18c3, 0x1083, 0x18c4, 0x18e4, 0x18e4, 0x1905, 0x1905,
0x18e4, 0x18e4, 0x10a3, 0x10a3, 0x0883, 0x10e4, 0x10e5, 0x10a3, 0x10a3, 0x1083, 0x18c3, 0x18a3, 0x10a3, 0x0862, 0x10a3, 0x0021,
0x18c4, 0x1905, 0x10a3, 0x0042, 0x0062, 0x0020, 0x0862, 0x10c4, 0x10a4, 0x0883, 0x0883, 0x1062, 0x0841, 0x0841, 0x0021, 0x0862,
0x1082, 0x1082, 0x18a3, 0x18a3, 0x18a3, 0x18a3, 0x18a3, 0x18a3, 
/* -65- */
0x1169, 0x1189, 0x1189, 0x1189, 0x1189, 0x1189, 0x1189, 0x1189, 0x1189, 0x1188, 0x1189, 0x1189, 0x1189, 0x1189, 0x1188, 0x1188,
0x1188, 0x1188, 0x1188, 0x1189, 0x1189, 0x1189, 0x1189, 0x1189, 0x1189, 0x1189, 0x1189, 0x1188, 0x1189, 0x1189, 0x1189, 0x1189,
0x1189, 0x1189, 0x1189, 0x1189, 0x1189, 0x1188, 0x1168, 0x0968, 0x1168, 0x08a4, 0x08e5, 0x1106, 0x0042, 0x0000, 0x0000, 0x0000,
0x0000, 0x0000, 0x0883, 0x1147, 0x10c4, 0x1147, 0x1169, 0x1169, 0x1169, 0x1169, 0x1169, 0x1168, 0x1168, 0x1168, 0x1168, 0x1168,
0x1168, 0x1188, 0x1188, 0x1189, 0x1188, 0x1188, 0x1168, 0x1168, 0x1188, 0x1189, 0x1189, 0x1189, 0x1189, 0x1189, 0x1189, 0x1189,
0x1189, 0x1189, 0x1189, 0x1189, 0x1189, 0x1189, 0x1189, 0x1189, 0x1189, 0x1189, 0x1189, 0x1189, 0x1189, 0x1189, 0x1169, 0x1169,
0x0927, 0x0883, 0x0082, 0x0883, 0x0042, 0x1168, 0x0968, 0x0948, 0x0906, 0x0883, 0x0862, 0x0041, 0x0000, 0x0000, 0x0021, 0x0020,
0x0000, 0x0000, 0x0021, 0x0041, 0x0882, 0x0041, 0x0041, 0x0041, 0x0021, 0x0020, 0x0083, 0x1106, 0x0906, 0x0906, 0x0905, 0x0906,
0x08e5, 0x08e5, 0x1105, 0x1106, 0x1126, 0x1126, 0x1126, 0x0906, 0x08e5, 0x0905, 0x0905, 0x08c4, 0x08e5, 0x08e4, 0x08e4, 0x08c4,
0x08e4, 0x08e5, 0x08e5, 0x08c4, 0x00a3, 0x08e4, 0x08e5, 0x08e5, 0x0905, 0x08e5, 0x08e5, 0x0905, 0x1106, 0x0905, 0x0905, 0x0905,
0x0905, 0x0906, 0x0906, 0x0905, 0x08e5, 0x0905, 0x08e5, 0x08e5, 0x08c4, 0x08c4, 0x10e5, 0x08a3, 0x0841, 0x0841, 0x0841, 0x0841,
0x1082, 0x0841, 0x1082, 0x0862, 0x0841, 0x0841, 0x1082, 0x1062, 0x0882, 0x1082, 0x0862, 0x0862, 0x1082, 0x1082, 0x1082, 0x0882,
0x0841, 0x0862, 0x1083, 0x10a3, 0x1082, 0x0861, 0x0841, 0x0882, 0x10a3, 0x10c3, 0x10a3, 0x10a2, 0x10a3, 0x10a3, 0x1082, 0x0862,
0x0862, 0x08a3, 0x10c4, 0x10c4, 0x10c4, 0x10a3, 0x0882, 0x0882, 0x10a3, 0x10a3, 0x10a3, 0x1083, 0x18a3, 0x18c3, 0x18a3, 0x18a3,
0x18a3, 0x18a3, 0x0862, 0x0862, 0x0862, 0x0862, 0x10c3, 0x10a3, 0x0862, 0x18c4, 0x10a3, 0x18e4, 0x18e4, 0x18e4, 0x1904, 0x18e4,
0x18e4, 0x18e4, 0x10a3, 0x10a3, 0x1083, 0x10a4, 0x10e4, 0x10c4, 0x18c3, 0x18c3, 0x18c3, 0x18a3, 0x10a3, 0x0862, 0x10a3, 0x0021,
0x18e4, 0x1905, 0x10c4, 0x0062, 0x0063, 0x0021, 0x0862, 0x10c4, 0x0883, 0x0862, 0x0042, 0x0842, 0x0841, 0x0862, 0x1082, 0x18a3,
0x18a3, 0x18a2, 0x18a3, 0x18a3, 0x18a3, 0x18a3, 0x18a3, 0x1882, 
/* -66- */
0x0948, 0x1169, 0x1169, 0x1168, 0x1169, 0x1189, 0x1189, 0x1189, 0x1188, 0x1188, 0x1188, 0x1168, 0x1189, 0x1188, 0x1188, 0x1188,
0x1188, 0x1188, 0x1189, 0x1189, 0x1188, 0x1189, 0x1189, 0x1189, 0x1189, 0x1189, 0x1189, 0x1189, 0x1189, 0x1189, 0x1189, 0x1189,
0x1189, 0x1189, 0x1189, 0x1189, 0x1189, 0x1168, 0x1168, 0x1169, 0x1169, 0x08a4, 0x0084, 0x0063, 0x0000, 0x0000, 0x0000, 0x0000,
0x0001, 0x0000, 0x0021, 0x0042, 0x0883, 0x1148, 0x1169, 0x1168, 0x1168, 0x1169, 0x1169, 0x1168, 0x1168, 0x1168, 0x1168, 0x1168,
0x1168, 0x1168, 0x1188, 0x1188, 0x1168, 0x1168, 0x1188, 0x1188, 0x1188, 0x1189, 0x1189, 0x1189, 0x1189, 0x1189, 0x1189, 0x1189,
0x1189, 0x1189, 0x1189, 0x1189, 0x1189, 0x1189, 0x1189, 0x1189, 0x1189, 0x1189, 0x1189, 0x1189, 0x1189, 0x1189, 0x1169, 0x1169,
0x0927, 0x0883, 0x0083, 0x0883, 0x0042, 0x1148, 0x0948, 0x0927, 0x0883, 0x0862, 0x0041, 0x0000, 0x0000, 0x0020, 0x0062, 0x0041,
0x0000, 0x0021, 0x0041, 0x0062, 0x0882, 0x0041, 0x0041, 0x0021, 0x0020, 0x0021, 0x08e4, 0x0905, 0x0906, 0x0906, 0x08e5, 0x1106,
0x08e5, 0x08e5, 0x0905, 0x1126, 0x1126, 0x1106, 0x1106, 0x0905, 0x08e5, 0x0905, 0x0905, 0x08c4, 0x08e5, 0x08e4, 0x08e4, 0x08e4,
0x08e4, 0x08e5, 0x08e5, 0x08c4, 0x00a3, 0x08e4, 0x08e5, 0x08e5, 0x08e5, 0x1105, 0x08e5, 0x0905, 0x0905, 0x0905, 0x0905, 0x0905,
0x0905, 0x0905, 0x0905, 0x0905, 0x08e5, 0x0905, 0x08e5, 0x08c4, 0x08e4, 0x10e5, 0x1105, 0x08a3, 0x0041, 0x0861, 0x1062, 0x0862,
0x0841, 0x0862, 0x1082, 0x0841, 0x0021, 0x0861, 0x1062, 0x1062, 0x0861, 0x0841, 0x0862, 0x1082, 0x1082, 0x1082, 0x1082, 0x0862,
0x0862, 0x1082, 0x10a3, 0x10a3, 0x0862, 0x0862, 0x0882, 0x0882, 0x10a3, 0x10a3, 0x10a3, 0x1083, 0x10a3, 0x0882, 0x10a2, 0x10c3,
0x10e4, 0x10a3, 0x10a3, 0x10a3, 0x10a3, 0x10e4, 0x08a3, 0x08a3, 0x10a3, 0x10e5, 0x1105, 0x10a3, 0x18c3, 0x18c3, 0x18c3, 0x18a3,
0x1082, 0x0842, 0x0862, 0x1083, 0x18e4, 0x18e4, 0x10e4, 0x10a3, 0x0862, 0x18c3, 0x10a3, 0x18e4, 0x18e4, 0x18e4, 0x18e4, 0x18e4,
0x1904, 0x10c3, 0x0882, 0x10c4, 0x10e4, 0x1905, 0x10e4, 0x10c4, 0x18a3, 0x18a3, 0x18a3, 0x18a3, 0x10a3, 0x0882, 0x10a3, 0x0021,
0x18e4, 0x1905, 0x10c4, 0x0063, 0x0063, 0x0021, 0x0841, 0x0883, 0x0042, 0x0042, 0x0042, 0x1082, 0x10a3, 0x18a3, 0x18a3, 0x18a3,
0x18a3, 0x18a2, 0x18a3, 0x18a3, 0x18a3, 0x18a3, 0x18a2, 0x1882, 
/* -67- */
0x0948, 0x0968, 0x0968, 0x1168, 0x1168, 0x1168, 0x1189, 0x1189, 0x1168, 0x1168, 0x1188, 0x1168, 0x1168, 0x1188, 0x1188, 0x1188,
0x1188, 0x1188, 0x1188, 0x1189, 0x1188, 0x1189, 0x1188, 0x1188, 0x1188, 0x1188, 0x1189, 0x1188, 0x1188, 0x1188, 0x1189, 0x1189,
0x1189, 0x1189, 0x1189, 0x1189, 0x1189, 0x1168, 0x1168, 0x1169, 0x1168, 0x08a4, 0x08a4, 0x0883, 0x0000, 0x0000, 0x0001, 0x0001,
0x0001, 0x0001, 0x0863, 0x10e5, 0x08a4, 0x1148, 0x1169, 0x1168, 0x1168, 0x1169, 0x1168, 0x1168, 0x1168, 0x1168, 0x1168, 0x1168,
0x1168, 0x1168, 0x1168, 0x1168, 0x1168, 0x1168, 0x1168, 0x1189, 0x1188, 0x1189, 0x1189, 0x1189, 0x1189, 0x1189, 0x1189, 0x1189,
0x1189, 0x1189, 0x1189, 0x1189, 0x1189, 0x1189, 0x1189, 0x1189, 0x1189, 0x1189, 0x1189, 0x1189, 0x1189, 0x1189, 0x1169, 0x1169,
0x0927, 0x0884, 0x08a4, 0x0883, 0x0021, 0x1106, 0x0927, 0x08c4, 0x0042, 0x0021, 0x0000, 0x0000, 0x0000, 0x0041, 0x0082, 0x0062,
0x0000, 0x0020, 0x0062, 0x0083, 0x0083, 0x0041, 0x0041, 0x0000, 0x0000, 0x0021, 0x08e5, 0x0905, 0x0906, 0x0905, 0x0905, 0x1106,
0x08e5, 0x08e5, 0x0906, 0x1106, 0x1126, 0x1106, 0x0906, 0x0905, 0x08e5, 0x0905, 0x0905, 0x08e5, 0x08e5, 0x08e5, 0x08e5, 0x08c4,
0x08c4, 0x08e5, 0x08e5, 0x08c4, 0x0083, 0x08e4, 0x08e5, 0x08e5, 0x08e5, 0x08e5, 0x0905, 0x08e5, 0x0905, 0x0905, 0x08e5, 0x08e5,
0x0905, 0x0905, 0x0905, 0x0905, 0x0905, 0x0905, 0x0905, 0x08e5, 0x10e5, 0x08c4, 0x10e5, 0x08a3, 0x0862, 0x0862, 0x1062, 0x0841,
0x0821, 0x0841, 0x0862, 0x0841, 0x0841, 0x0861, 0x1062, 0x0841, 0x0841, 0x0841, 0x0862, 0x1082, 0x1082, 0x1082, 0x1082, 0x1082,
0x1082, 0x1082, 0x1082, 0x0862, 0x0862, 0x0882, 0x0883, 0x0882, 0x1083, 0x10a3, 0x1083, 0x1082, 0x10a3, 0x10a3, 0x1105, 0x10e5,
0x10a3, 0x1083, 0x10a3, 0x10a3, 0x10a3, 0x10c4, 0x08c4, 0x10e4, 0x1105, 0x1106, 0x1126, 0x1105, 0x10e4, 0x10a3, 0x0862, 0x0862,
0x0862, 0x0862, 0x1082, 0x10a3, 0x18e4, 0x1905, 0x1105, 0x10c4, 0x0862, 0x10a3, 0x10a3, 0x18e4, 0x18e4, 0x10e4, 0x10e4, 0x1105,
0x1105, 0x10e4, 0x10e5, 0x1105, 0x1105, 0x1105, 0x1105, 0x10c4, 0x18a3, 0x18a3, 0x18a3, 0x18a3, 0x18a3, 0x1082, 0x10a3, 0x0021,
0x1905, 0x1905, 0x10c4, 0x0063, 0x0063, 0x0021, 0x0000, 0x0042, 0x0041, 0x0862, 0x0862, 0x18a3, 0x18a3, 0x18a3, 0x18a3, 0x18a2,
0x18a3, 0x18a2, 0x18a2, 0x18a3, 0x18a3, 0x18a2, 0x18a2, 0x1082, 
/* -68- */
0x0968, 0x0968, 0x1168, 0x0968, 0x1168, 0x1168, 0x1168, 0x1188, 0x1168, 0x1169, 0x1169, 0x1169, 0x1168, 0x1168, 0x1168, 0x1168,
0x1188, 0x1188, 0x1188, 0x1188, 0x1188, 0x1188, 0x1188, 0x1188, 0x1188, 0x1188, 0x1188, 0x1188, 0x1189, 0x1189, 0x1189, 0x1189,
0x1189, 0x1189, 0x1189, 0x1188, 0x1188, 0x1188, 0x1168, 0x1168, 0x1168, 0x0884, 0x0042, 0x0042, 0x0000, 0x0000, 0x0001, 0x0001,
0x0000, 0x0000, 0x0062, 0x10e5, 0x08a4, 0x1168, 0x1169, 0x1169, 0x1169, 0x1169, 0x1168, 0x1168, 0x1169, 0x1168, 0x1168, 0x1168,
0x1168, 0x1168, 0x1168, 0x1168, 0x1189, 0x1189, 0x1168, 0x1189, 0x1189, 0x1189, 0x1189, 0x1189, 0x1189, 0x1189, 0x1189, 0x1189,
0x1189, 0x1189, 0x1189, 0x1189, 0x1189, 0x1189, 0x1189, 0x1189, 0x1189, 0x1189, 0x1189, 0x1189, 0x1189, 0x1189, 0x1169, 0x1169,
0x0948, 0x0883, 0x08a4, 0x0042, 0x0021, 0x1106, 0x08e5, 0x0883, 0x0862, 0x0041, 0x0000, 0x0000, 0x0000, 0x0041, 0x0062, 0x0041,
0x0000, 0x0000, 0x0041, 0x0083, 0x08a3, 0x0041, 0x0021, 0x0000, 0x0000, 0x0041, 0x08e5, 0x0905, 0x0905, 0x0905, 0x08e5, 0x0905,
0x08e5, 0x0905, 0x0906, 0x0906, 0x0906, 0x0906, 0x0906, 0x0905, 0x08e5, 0x08e5, 0x0905, 0x08e5, 0x08e5, 0x08e5, 0x08e5, 0x08e5,
0x08c4, 0x08e5, 0x08e5, 0x08a4, 0x0083, 0x08c4, 0x08e5, 0x08e5, 0x08e5, 0x08e5, 0x08e5, 0x1106, 0x0906, 0x08e5, 0x08e5, 0x08e5,
0x0905, 0x08e5, 0x1105, 0x0905, 0x08e5, 0x08e4, 0x08e4, 0x08e4, 0x08e5, 0x08e5, 0x08e4, 0x0882, 0x0862, 0x0862, 0x0862, 0x0841,
0x0861, 0x0841, 0x0841, 0x0862, 0x1082, 0x1082, 0x0862, 0x0861, 0x0861, 0x0841, 0x1062, 0x1082, 0x0882, 0x10a3, 0x1082, 0x1082,
0x1082, 0x0862, 0x1082, 0x1082, 0x1082, 0x10a3, 0x10a3, 0x10a2, 0x1082, 0x1083, 0x0882, 0x1082, 0x10c3, 0x10e4, 0x10c4, 0x10a3,
0x1082, 0x10a3, 0x10a3, 0x10a2, 0x10a3, 0x10a3, 0x1105, 0x1126, 0x1105, 0x1105, 0x1105, 0x1105, 0x10a3, 0x1082, 0x0882, 0x10a3,
0x10a3, 0x18a3, 0x1082, 0x10a3, 0x18e4, 0x1905, 0x1905, 0x10c3, 0x0841, 0x0862, 0x10c4, 0x18c4, 0x10a3, 0x10e4, 0x1105, 0x10e5,
0x10e4, 0x1905, 0x1905, 0x1105, 0x1105, 0x1105, 0x1905, 0x18e4, 0x18c3, 0x18c3, 0x18c4, 0x18c3, 0x10a3, 0x0882, 0x0862, 0x0020,
0x18e4, 0x1905, 0x10c4, 0x0063, 0x0063, 0x0021, 0x0021, 0x1083, 0x0883, 0x0862, 0x1082, 0x18a3, 0x18a2, 0x18a3, 0x18a3, 0x18a3,
0x18a2, 0x18a2, 0x18a2, 0x18a2, 0x18a2, 0x1062, 0x0862, 0x0862, 
/* -69- */
0x0968, 0x0968, 0x0968, 0x0968, 0x1168, 0x1168, 0x1168, 0x1168, 0x1168, 0x1169, 0x1168, 0x1168, 0x1168, 0x1168, 0x1168, 0x1168,
0x1168, 0x1168, 0x1168, 0x1188, 0x1188, 0x1188, 0x1188, 0x1188, 0x1188, 0x1188, 0x1168, 0x1168, 0x1169, 0x1189, 0x1189, 0x1189,
0x1189, 0x1189, 0x1189, 0x1189, 0x1189, 0x1168, 0x1168, 0x1168, 0x1148, 0x0883, 0x0021, 0x08a4, 0x0001, 0x0000, 0x0001, 0x0000,
0x0000, 0x0000, 0x0862, 0x1106, 0x08c4, 0x1168, 0x1169, 0x1189, 0x1169, 0x1168, 0x1168, 0x1169, 0x1168, 0x1168, 0x1168, 0x1168,
0x1168, 0x1168, 0x1168, 0x1189, 0x1189, 0x1189, 0x1189, 0x1189, 0x1189, 0x1189, 0x1189, 0x1189, 0x1189, 0x1189, 0x1189, 0x1189,
0x1189, 0x1189, 0x1189, 0x1189, 0x1189, 0x1189, 0x1189, 0x1189, 0x1189, 0x1189, 0x1189, 0x1189, 0x1189, 0x1189, 0x1169, 0x0969,
0x0927, 0x0063, 0x0883, 0x0042, 0x0041, 0x1147, 0x08c5, 0x0883, 0x0041, 0x0000, 0x0000, 0x0021, 0x0041, 0x0041, 0x0041, 0x0020,
0x0000, 0x0000, 0x0041, 0x0082, 0x0083, 0x0041, 0x0021, 0x0000, 0x0000, 0x0062, 0x08e5, 0x0905, 0x0905, 0x0905, 0x08e5, 0x08e5,
0x08e5, 0x08e5, 0x0905, 0x0906, 0x1106, 0x0905, 0x0906, 0x08e5, 0x0905, 0x0906, 0x0906, 0x0905, 0x08e5, 0x08e5, 0x08e4, 0x08e4,
0x08c4, 0x08e5, 0x08e5, 0x08c4, 0x0083, 0x08a3, 0x08e5, 0x08e5, 0x0905, 0x08e5, 0x08e5, 0x08e5, 0x1106, 0x08e5, 0x08e5, 0x0905,
0x0905, 0x0905, 0x1106, 0x1105, 0x08e5, 0x08c4, 0x08e4, 0x08c4, 0x08c4, 0x08e4, 0x08c3, 0x0882, 0x0041, 0x0862, 0x0882, 0x0861,
0x0862, 0x0862, 0x1082, 0x1082, 0x0862, 0x0841, 0x0882, 0x0862, 0x0861, 0x0841, 0x1082, 0x1082, 0x10a3, 0x10c3, 0x0882, 0x10a3,
0x10a3, 0x0882, 0x1082, 0x1082, 0x1082, 0x1082, 0x10a3, 0x0882, 0x1082, 0x1083, 0x10a3, 0x10a3, 0x10a3, 0x10a3, 0x10a3, 0x10a3,
0x0882, 0x1082, 0x1083, 0x1083, 0x10a3, 0x10e4, 0x1105, 0x1126, 0x1106, 0x1105, 0x1105, 0x10e4, 0x0862, 0x1082, 0x1082, 0x10a2,
0x18a3, 0x18a3, 0x1062, 0x18c4, 0x10e5, 0x1905, 0x1905, 0x10a3, 0x0841, 0x0862, 0x10a3, 0x10c4, 0x10c4, 0x10e5, 0x1105, 0x10c4,
0x10a3, 0x1905, 0x1905, 0x1905, 0x1925, 0x1105, 0x1105, 0x10e4, 0x10a3, 0x18c4, 0x10c3, 0x1083, 0x0862, 0x0842, 0x0841, 0x0020,
0x18e4, 0x1905, 0x10c4, 0x0063, 0x0063, 0x0021, 0x0821, 0x18a3, 0x1083, 0x0862, 0x1083, 0x18a3, 0x18a2, 0x18a3, 0x18a2, 0x18a2,
0x18a2, 0x18a3, 0x1082, 0x1062, 0x0862, 0x0862, 0x0862, 0x1082, 
/* -70- */
0x0968, 0x0968, 0x1168, 0x1168, 0x1168, 0x1168, 0x1168, 0x1168, 0x1168, 0x1168, 0x1168, 0x1168, 0x1168, 0x1168, 0x1168, 0x1168,
0x1168, 0x1168, 0x1168, 0x1188, 0x1188, 0x1168, 0x1188, 0x1188, 0x1188, 0x1168, 0x1168, 0x1168, 0x1168, 0x1168, 0x1168, 0x1168,
0x1169, 0x1169, 0x1169, 0x1169, 0x1169, 0x1189, 0x0969, 0x0948, 0x08e5, 0x0021, 0x0883, 0x0883, 0x0000, 0x0000, 0x0001, 0x0000,
0x0000, 0x0001, 0x0863, 0x1106, 0x0884, 0x1148, 0x1189, 0x1189, 0x1169, 0x1168, 0x1189, 0x1169, 0x1168, 0x1168, 0x1168, 0x1168,
0x1168, 0x1168, 0x1188, 0x1189, 0x1189, 0x1189, 0x1189, 0x1189, 0x1189, 0x1189, 0x1189, 0x1189, 0x1189, 0x1189, 0x1189, 0x1189,
0x1189, 0x1189, 0x1189, 0x1189, 0x1189, 0x1189, 0x1189, 0x1189, 0x1189, 0x1189, 0x1189, 0x1189, 0x1189, 0x1189, 0x1189, 0x1189,
0x0927, 0x0063, 0x0883, 0x0041, 0x0042, 0x1127, 0x0863, 0x0042, 0x0000, 0x0000, 0x0000, 0x0021, 0x0062, 0x0082, 0x0062, 0x0000,
0x0000, 0x0000, 0x0020, 0x0882, 0x00a3, 0x0041, 0x0041, 0x0020, 0x0000, 0x0062, 0x08e5, 0x0906, 0x0905, 0x08e5, 0x08e5, 0x08e5,
0x08c4, 0x08e5, 0x0905, 0x1106, 0x1106, 0x1105, 0x0905, 0x08e5, 0x0905, 0x0906, 0x0906, 0x0906, 0x0905, 0x08e4, 0x08c4, 0x08a3,
0x08e4, 0x0905, 0x08e5, 0x08c4, 0x0083, 0x08a3, 0x0905, 0x08e5, 0x0905, 0x0905, 0x08e5, 0x08e5, 0x08e5, 0x08e5, 0x0905, 0x0905,
0x0905, 0x0905, 0x08e5, 0x0905, 0x08e5, 0x08a4, 0x08a3, 0x08a3, 0x08c4, 0x08e5, 0x08c4, 0x0882, 0x0841, 0x0862, 0x0862, 0x0841,
0x0841, 0x1082, 0x1082, 0x1082, 0x0861, 0x0821, 0x0862, 0x0882, 0x0883, 0x0862, 0x0882, 0x1082, 0x08c3, 0x08a3, 0x08a3, 0x10a3,
0x10a3, 0x1082, 0x1082, 0x1082, 0x1082, 0x0862, 0x0882, 0x08a3, 0x10a3, 0x10a3, 0x0883, 0x08a3, 0x10a3, 0x10a3, 0x10a3, 0x10a3,
0x10a3, 0x0882, 0x08a3, 0x10e4, 0x1105, 0x1125, 0x1126, 0x1126, 0x1126, 0x1106, 0x10e5, 0x0883, 0x10a3, 0x10a3, 0x18a2, 0x18a2,
0x18a2, 0x18a3, 0x1082, 0x18c4, 0x1905, 0x10e4, 0x08a3, 0x0882, 0x10a3, 0x10c4, 0x10c4, 0x10c4, 0x1905, 0x1105, 0x1105, 0x10c4,
0x10a3, 0x1905, 0x1905, 0x1926, 0x1925, 0x1905, 0x1905, 0x10e4, 0x0882, 0x0842, 0x0842, 0x0862, 0x10a4, 0x10c4, 0x1083, 0x0020,
0x18e5, 0x18e5, 0x10c4, 0x0063, 0x0063, 0x0021, 0x0841, 0x18a3, 0x10a3, 0x1082, 0x1082, 0x18a3, 0x18a2, 0x18a3, 0x18a2, 0x18a2,
0x18a3, 0x0862, 0x0842, 0x0842, 0x1082, 0x1083, 0x1082, 0x18a3, 
/* -71- */
0x0969, 0x0968, 0x0968, 0x1168, 0x1168, 0x1168, 0x1168, 0x1169, 0x1169, 0x1169, 0x0968, 0x0968, 0x1168, 0x1168, 0x1168, 0x1168,
0x1168, 0x1168, 0x1168, 0x1168, 0x1168, 0x1168, 0x1168, 0x1188, 0x1168, 0x1168, 0x1188, 0x1168, 0x1168, 0x1168, 0x1168, 0x1169,
0x1169, 0x1169, 0x1168, 0x1168, 0x1169, 0x1169, 0x1168, 0x1127, 0x0042, 0x0021, 0x0862, 0x0021, 0x0000, 0x0000, 0x0001, 0x0000,
0x0000, 0x0000, 0x0883, 0x1126, 0x08a4, 0x1147, 0x1188, 0x1188, 0x1189, 0x1189, 0x1189, 0x1169, 0x1168, 0x1168, 0x1168, 0x1169,
0x1189, 0x1189, 0x1189, 0x1189, 0x1189, 0x1189, 0x1189, 0x1189, 0x1189, 0x1189, 0x1189, 0x1189, 0x1189, 0x1189, 0x1189, 0x1189,
0x1189, 0x1189, 0x1189, 0x1189, 0x1189, 0x1189, 0x1189, 0x1189, 0x1189, 0x1189, 0x1189, 0x1189, 0x1189, 0x1189, 0x1189, 0x1189,
0x0927, 0x0062, 0x0083, 0x0041, 0x0041, 0x0884, 0x0862, 0x0021, 0x0000, 0x0000, 0x0000, 0x0021, 0x0083, 0x00a3, 0x0062, 0x0041,
0x0000, 0x0000, 0x0000, 0x0883, 0x00a3, 0x0062, 0x0061, 0x0021, 0x0000, 0x0062, 0x08e5, 0x0906, 0x08e5, 0x08c4, 0x08c4, 0x08c5,
0x08c5, 0x08e4, 0x0905, 0x0906, 0x1106, 0x1106, 0x0905, 0x08e5, 0x0905, 0x0905, 0x0926, 0x0926, 0x0905, 0x08c4, 0x08a3, 0x08a3,
0x08e4, 0x08e5, 0x08e5, 0x08c4, 0x08c4, 0x08a4, 0x08e5, 0x0905, 0x0905, 0x0905, 0x08e5, 0x0905, 0x08e5, 0x08e5, 0x0905, 0x0905,
0x0905, 0x0905, 0x0905, 0x08e5, 0x08e5, 0x08c4, 0x08a4, 0x08c4, 0x08e5, 0x0905, 0x1105, 0x0883, 0x0862, 0x0041, 0x0841, 0x0841,
0x0861, 0x1082, 0x10c4, 0x10c4, 0x0882, 0x0862, 0x0883, 0x0883, 0x08c4, 0x08a3, 0x0862, 0x0882, 0x08a3, 0x0882, 0x10c3, 0x10a3,
0x1082, 0x10a2, 0x0882, 0x10a3, 0x0862, 0x0862, 0x1082, 0x0882, 0x0862, 0x1082, 0x1083, 0x10c3, 0x10a3, 0x10a3, 0x10a3, 0x10a3,
0x10a3, 0x10c4, 0x1105, 0x1105, 0x1106, 0x1105, 0x1106, 0x1126, 0x1126, 0x1105, 0x10e4, 0x0842, 0x18a3, 0x18a3, 0x18a2, 0x18a2,
0x18a2, 0x1882, 0x1082, 0x1082, 0x10c4, 0x0862, 0x10c4, 0x10e5, 0x1905, 0x10c4, 0x18a3, 0x10c4, 0x1905, 0x1105, 0x10e5, 0x10c4,
0x10a3, 0x1925, 0x1905, 0x1905, 0x1905, 0x1905, 0x10a3, 0x0883, 0x1083, 0x10a3, 0x10c4, 0x1905, 0x1905, 0x1905, 0x10a3, 0x0020,
0x1904, 0x1905, 0x10c4, 0x0083, 0x0883, 0x0021, 0x0841, 0x18a3, 0x10a3, 0x0862, 0x1082, 0x1882, 0x18a2, 0x18a3, 0x1062, 0x0821,
0x0841, 0x1082, 0x18a3, 0x10a2, 0x1082, 0x1082, 0x18a3, 0x18a3, 
/* -72- */
0x0969, 0x0968, 0x0968, 0x0968, 0x1168, 0x1168, 0x1168, 0x1169, 0x1169, 0x1169, 0x0968, 0x0948, 0x0968, 0x1168, 0x1168, 0x1168,
0x1168, 0x1168, 0x1168, 0x1168, 0x1168, 0x1168, 0x1168, 0x1168, 0x1168, 0x1168, 0x1168, 0x1168, 0x1168, 0x1168, 0x1168, 0x1169,
0x1169, 0x1189, 0x1168, 0x0968, 0x0969, 0x1168, 0x0906, 0x0863, 0x0884, 0x08c4, 0x0042, 0x0001, 0x0000, 0x0000, 0x0001, 0x0000,
0x0000, 0x0001, 0x10a4, 0x0883, 0x0883, 0x1147, 0x1188, 0x1189, 0x1189, 0x1189, 0x1189, 0x1189, 0x1189, 0x1189, 0x1189, 0x1189,
0x1189, 0x1189, 0x1189, 0x1189, 0x1189, 0x1189, 0x1189, 0x1189, 0x1189, 0x1189, 0x1189, 0x1189, 0x1189, 0x1189, 0x1189, 0x1189,
0x1189, 0x1189, 0x1189, 0x1189, 0x1189, 0x1189, 0x1189, 0x1189, 0x1189, 0x1189, 0x1189, 0x1189, 0x1189, 0x1189, 0x1189, 0x1189,
0x0947, 0x0883, 0x08a3, 0x0041, 0x0021, 0x0862, 0x0021, 0x0000, 0x0000, 0x0000, 0x0000, 0x0021, 0x0883, 0x00a4, 0x0083, 0x0062,
0x0041, 0x0000, 0x0000, 0x0883, 0x08a3, 0x0062, 0x0062, 0x0041, 0x0000, 0x0062, 0x08e5, 0x08e6, 0x08c4, 0x00a4, 0x08c4, 0x08c4,
0x08c5, 0x08e5, 0x0905, 0x0906, 0x1106, 0x1106, 0x0905, 0x08e4, 0x0905, 0x0905, 0x0906, 0x0906, 0x0905, 0x08c4, 0x08a3, 0x08a3,
0x08e5, 0x08e5, 0x08e5, 0x08c4, 0x08c4, 0x08c4, 0x0905, 0x0905, 0x0905, 0x0905, 0x0905, 0x1105, 0x08c5, 0x08e5, 0x08e5, 0x0905,
0x0905, 0x1105, 0x08e5, 0x08e5, 0x08c5, 0x08e5, 0x08c4, 0x0905, 0x1105, 0x08e5, 0x10e5, 0x08a3, 0x0862, 0x0862, 0x0841, 0x0841,
0x0862, 0x0883, 0x08a3, 0x08a3, 0x08a3, 0x10c4, 0x08c4, 0x08c4, 0x08c4, 0x08c4, 0x0883, 0x0882, 0x0882, 0x10c3, 0x10c3, 0x10a3,
0x1082, 0x10a3, 0x10a3, 0x0882, 0x0862, 0x1082, 0x0862, 0x1062, 0x1082, 0x1062, 0x10a3, 0x10c3, 0x1082, 0x10a2, 0x10a3, 0x10c4,
0x10c3, 0x1105, 0x1126, 0x1106, 0x1105, 0x1106, 0x1106, 0x1126, 0x1105, 0x1105, 0x10c4, 0x1062, 0x18a3, 0x18a3, 0x18a2, 0x18a2,
0x1082, 0x1082, 0x0862, 0x10a3, 0x1905, 0x10c4, 0x10e4, 0x1905, 0x10c4, 0x18a3, 0x18a3, 0x10c4, 0x1105, 0x1105, 0x18e5, 0x10a3,
0x10c4, 0x1905, 0x1905, 0x18e5, 0x10a3, 0x10c4, 0x10a3, 0x10a3, 0x10e4, 0x1905, 0x10e4, 0x1905, 0x1105, 0x10e4, 0x10a3, 0x0020,
0x2105, 0x18e5, 0x10c4, 0x0083, 0x0083, 0x0021, 0x0841, 0x18a3, 0x1083, 0x0862, 0x1082, 0x1062, 0x0862, 0x0842, 0x0841, 0x0841,
0x1062, 0x1883, 0x18a3, 0x18a3, 0x18a2, 0x18a2, 0x18a3, 0x18a3, 
/* -73- */
0x0969, 0x0969, 0x0969, 0x0969, 0x0969, 0x1169, 0x1168, 0x1169, 0x1168, 0x1169, 0x0968, 0x1168, 0x1168, 0x1168, 0x1168, 0x1168,
0x1168, 0x1168, 0x1168, 0x1168, 0x1168, 0x1168, 0x1168, 0x1168, 0x1168, 0x1168, 0x1168, 0x1169, 0x1168, 0x1168, 0x1169, 0x1169,
0x1169, 0x1169, 0x0969, 0x0968, 0x1168, 0x0906, 0x0062, 0x0884, 0x08e5, 0x0883, 0x0042, 0x08a4, 0x0021, 0x0000, 0x0001, 0x0000,
0x0000, 0x0000, 0x0863, 0x08a4, 0x08a4, 0x1168, 0x1188, 0x1189, 0x1189, 0x1189, 0x1189, 0x1168, 0x1188, 0x1168, 0x1189, 0x1189,
0x1189, 0x1189, 0x1189, 0x1189, 0x1189, 0x1189, 0x1189, 0x1189, 0x1189, 0x1189, 0x1189, 0x1189, 0x1189, 0x1189, 0x1189, 0x1189,
0x1189, 0x1189, 0x1189, 0x1189, 0x1189, 0x1189, 0x1189, 0x1189, 0x1189, 0x1189, 0x1189, 0x1189, 0x1189, 0x1189, 0x1189, 0x0989,
0x1148, 0x0884, 0x0883, 0x0042, 0x0021, 0x0021, 0x0000, 0x0000, 0x0000, 0x0000, 0x0000, 0x0021, 0x08a3, 0x08a4, 0x00a3, 0x0062,
0x0041, 0x0000, 0x0000, 0x0883, 0x08a4, 0x0062, 0x0062, 0x0042, 0x0020, 0x0062, 0x08e5, 0x08e5, 0x08c4, 0x00a3, 0x08c4, 0x08c4,
0x08e5, 0x08e5, 0x0905, 0x1105, 0x1106, 0x1106, 0x08e5, 0x08e4, 0x0905, 0x0905, 0x0905, 0x0905, 0x08e5, 0x08c4, 0x08a3, 0x08a3,
0x08e5, 0x08e5, 0x08e5, 0x08c4, 0x08c4, 0x08c4, 0x1105, 0x0905, 0x0905, 0x08e5, 0x0905, 0x1105, 0x1105, 0x0905, 0x08e5, 0x08e4,
0x08e5, 0x08e5, 0x08c4, 0x08e5, 0x08c5, 0x08e5, 0x08e5, 0x0905, 0x08e5, 0x08e4, 0x10e4, 0x0882, 0x0882, 0x0841, 0x0841, 0x1082,
0x0862, 0x10a3, 0x08a3, 0x1082, 0x0882, 0x08c4, 0x08c4, 0x08c4, 0x08c4, 0x08c4, 0x08a3, 0x0882, 0x08a3, 0x10c4, 0x10c4, 0x10a3,
0x0882, 0x10a3, 0x10c3, 0x0862, 0x1082, 0x1083, 0x1082, 0x1062, 0x1082, 0x0882, 0x10a3, 0x10a3, 0x0862, 0x1082, 0x10a3, 0x1105,
0x10e5, 0x1106, 0x1126, 0x1126, 0x1106, 0x1106, 0x1106, 0x1126, 0x1105, 0x1105, 0x10a3, 0x0861, 0x18a3, 0x18a2, 0x1082, 0x1062,
0x0862, 0x1082, 0x10c4, 0x10c4, 0x10c4, 0x10e4, 0x10e5, 0x10e4, 0x10c4, 0x10a3, 0x18a3, 0x10c4, 0x1105, 0x1105, 0x1906, 0x10e5,
0x1905, 0x1905, 0x18e5, 0x10e4, 0x0862, 0x0883, 0x10c4, 0x18e4, 0x18e5, 0x1105, 0x10e4, 0x1905, 0x1105, 0x10e4, 0x10a3, 0x0021,
0x2125, 0x1905, 0x10e4, 0x0083, 0x0063, 0x0021, 0x0841, 0x10a3, 0x1083, 0x0862, 0x0841, 0x0862, 0x0862, 0x0862, 0x0841, 0x0841,
0x1883, 0x18a3, 0x18a3, 0x18a3, 0x18a3, 0x18a2, 0x18a2, 0x18a3, 
/* -74- */
0x1169, 0x1169, 0x0969, 0x0969, 0x1169, 0x1106, 0x08e5, 0x08e5, 0x08e5, 0x0906, 0x0968, 0x0968, 0x1168, 0x1168, 0x1168, 0x1168,
0x0968, 0x0968, 0x0969, 0x0968, 0x0968, 0x1168, 0x1169, 0x1169, 0x1169, 0x1169, 0x1169, 0x1169, 0x1169, 0x1169, 0x1168, 0x0968,
0x0968, 0x0968, 0x0969, 0x0948, 0x08e5, 0x0062, 0x0042, 0x08e5, 0x08a4, 0x0883, 0x0906, 0x08c5, 0x0021, 0x0000, 0x0000, 0x0000,
0x0000, 0x0000, 0x08a4, 0x1106, 0x08a4, 0x1148, 0x1188, 0x1168, 0x1168, 0x1188, 0x1188, 0x1188, 0x1168, 0x1189, 0x1189, 0x1189,
0x1189, 0x1189, 0x1189, 0x1189, 0x1189, 0x1189, 0x1189, 0x1189, 0x1189, 0x1189, 0x1189, 0x1189, 0x1189, 0x1189, 0x1189, 0x1189,
0x1189, 0x1189, 0x1189, 0x1189, 0x1189, 0x1189, 0x1189, 0x1189, 0x1189, 0x1189, 0x1189, 0x1189, 0x1189, 0x1189, 0x1189, 0x0989,
0x1169, 0x08c5, 0x0042, 0x0041, 0x0020, 0x0021, 0x0000, 0x0000, 0x0000, 0x0000, 0x0000, 0x0021, 0x08a4, 0x08c4, 0x00a3, 0x0041,
0x0041, 0x0000, 0x0000, 0x0883, 0x08a3, 0x0062, 0x0082, 0x0062, 0x0000, 0x0062, 0x08e4, 0x08e5, 0x08c4, 0x08a4, 0x08c4, 0x08c4,
0x08c5, 0x0905, 0x1105, 0x1105, 0x1105, 0x1105, 0x08e5, 0x08e4, 0x0905, 0x0905, 0x08e5, 0x08e5, 0x08e5, 0x08c4, 0x08a3, 0x08c4,
0x08e5, 0x08e5, 0x08e5, 0x08e5, 0x08e5, 0x08c4, 0x08e5, 0x08e5, 0x0905, 0x0905, 0x0905, 0x0905, 0x1105, 0x1105, 0x08e5, 0x08e4,
0x0905, 0x08e5, 0x08a4, 0x08e5, 0x08e5, 0x08e5, 0x08e5, 0x08e5, 0x08e4, 0x10e5, 0x10e4, 0x0883, 0x10a3, 0x0041, 0x0841, 0x0841,
0x10a3, 0x08c4, 0x08a3, 0x0862, 0x08a3, 0x08c4, 0x08c4, 0x08c4, 0x08c3, 0x08c3, 0x08a3, 0x0883, 0x08a3, 0x10c4, 0x10e4, 0x0882,
0x0882, 0x10c4, 0x08a3, 0x1083, 0x1082, 0x10a3, 0x1083, 0x10a3, 0x10a3, 0x0882, 0x10a3, 0x10a3, 0x0882, 0x0862, 0x10c4, 0x1106,
0x1106, 0x1126, 0x1126, 0x1126, 0x1126, 0x1126, 0x1105, 0x1105, 0x1105, 0x1905, 0x10a3, 0x0862, 0x1082, 0x1082, 0x0882, 0x10a3,
0x10c4, 0x10a3, 0x10a3, 0x10c4, 0x10a3, 0x10e4, 0x1105, 0x10e4, 0x10c4, 0x10a3, 0x10a3, 0x18e5, 0x1105, 0x1106, 0x1126, 0x1126,
0x1905, 0x18e5, 0x18e5, 0x1905, 0x1905, 0x1905, 0x1905, 0x18e4, 0x18e5, 0x1905, 0x1105, 0x1905, 0x1105, 0x1104, 0x10a3, 0x0021,
0x2125, 0x10c4, 0x0883, 0x0083, 0x0063, 0x0021, 0x0021, 0x0842, 0x0841, 0x0862, 0x0862, 0x18a3, 0x18a3, 0x18a3, 0x0862, 0x0841,
0x1082, 0x18a3, 0x18a3, 0x18a3, 0x18a3, 0x18a3, 0x18a3, 0x18a3, 
/* -75- */
0x1189, 0x1189, 0x0989, 0x0969, 0x1168, 0x08a4, 0x08c4, 0x0041, 0x0021, 0x0041, 0x1148, 0x0969, 0x1148, 0x1168, 0x1169, 0x1168,
0x1169, 0x1168, 0x1168, 0x1168, 0x1168, 0x1168, 0x1169, 0x1169, 0x1169, 0x1169, 0x1169, 0x1189, 0x1169, 0x1169, 0x1168, 0x1168,
0x0968, 0x0968, 0x0948, 0x08c5, 0x0883, 0x0063, 0x08a5, 0x08c4, 0x0863, 0x1107, 0x0968, 0x0947, 0x0021, 0x0000, 0x0000, 0x0001,
0x0000, 0x0001, 0x08a4, 0x1106, 0x08a4, 0x1148, 0x1168, 0x1168, 0x1168, 0x1168, 0x1168, 0x1188, 0x1168, 0x1189, 0x1189, 0x1189,
0x1189, 0x1189, 0x1189, 0x1189, 0x1189, 0x1189, 0x1189, 0x1189, 0x1189, 0x1189, 0x1189, 0x1189, 0x1189, 0x1189, 0x1189, 0x1189,
0x1189, 0x1189, 0x1189, 0x1189, 0x1189, 0x1189, 0x1189, 0x1189, 0x1189, 0x1189, 0x1189, 0x1189, 0x1189, 0x1189, 0x0968, 0x0969,
0x0969, 0x1148, 0x0062, 0x0021, 0x0021, 0x0021, 0x0000, 0x0000, 0x0000, 0x0000, 0x0000, 0x0021, 0x08a3, 0x08c4, 0x0062, 0x0062,
0x0021, 0x0020, 0x0000, 0x0883, 0x08a3, 0x0062, 0x0083, 0x0062, 0x0000, 0x0041, 0x08c4, 0x08e4, 0x08c4, 0x08c4, 0x08c4, 0x08c4,
0x08c4, 0x08e5, 0x0905, 0x0905, 0x08e5, 0x08e5, 0x08e5, 0x08c5, 0x0905, 0x0905, 0x08e5, 0x08e5, 0x08e5, 0x08c4, 0x00a3, 0x08c4,
0x08e5, 0x08e5, 0x08e5, 0x08c4, 0x08c4, 0x08a4, 0x08e5, 0x08e5, 0x0905, 0x0905, 0x0905, 0x0905, 0x0905, 0x08e5, 0x08e4, 0x08e5,
0x0905, 0x08c4, 0x08a4, 0x08e4, 0x08e5, 0x08e5, 0x08c4, 0x08c4, 0x08e5, 0x1105, 0x10e5, 0x08a3, 0x0862, 0x0841, 0x0841, 0x0841,
0x08a3, 0x08c4, 0x08c4, 0x08a3, 0x08c4, 0x08e4, 0x08c4, 0x08c4, 0x08c4, 0x08e4, 0x08c4, 0x08c4, 0x08a3, 0x08a3, 0x0883, 0x0882,
0x08a3, 0x10a3, 0x10c3, 0x08a3, 0x10a3, 0x1083, 0x10a3, 0x10c4, 0x10a3, 0x10a3, 0x10a3, 0x10c4, 0x10e4, 0x0882, 0x08a3, 0x1105,
0x1126, 0x1126, 0x1106, 0x1106, 0x1126, 0x1105, 0x1105, 0x1105, 0x1106, 0x18e5, 0x1083, 0x0862, 0x0882, 0x10c4, 0x10e4, 0x10e4,
0x10e4, 0x10c4, 0x10a3, 0x10e4, 0x10e5, 0x1105, 0x1126, 0x1105, 0x18e4, 0x10c4, 0x10c4, 0x1906, 0x1105, 0x1106, 0x1126, 0x1126,
0x1905, 0x18e4, 0x18e4, 0x1905, 0x1905, 0x1905, 0x1905, 0x18e4, 0x1905, 0x1905, 0x1905, 0x1905, 0x1905, 0x10e5, 0x10a3, 0x0020,
0x18c3, 0x1082, 0x0883, 0x0083, 0x0063, 0x0021, 0x0821, 0x0882, 0x0882, 0x0862, 0x1082, 0x18a2, 0x18a2, 0x18a3, 0x0862, 0x0841,
0x1082, 0x1882, 0x18a3, 0x18a3, 0x18a3, 0x18a3, 0x18a3, 0x18a3, 
/* -76- */
0x1189, 0x0989, 0x0989, 0x0969, 0x1168, 0x08a4, 0x08e5, 0x0021, 0x0000, 0x0021, 0x1147, 0x0948, 0x1169, 0x0948, 0x0968, 0x1169,
0x1168, 0x1169, 0x1169, 0x0968, 0x1169, 0x0969, 0x0969, 0x0989, 0x0969, 0x0969, 0x0969, 0x1189, 0x1169, 0x1148, 0x1127, 0x0968,
0x0968, 0x1168, 0x08e6, 0x0863, 0x0883, 0x08c5, 0x08a4, 0x0042, 0x10e6, 0x1169, 0x0969, 0x0968, 0x0022, 0x0000, 0x0000, 0x0001,
0x0001, 0x0001, 0x08a4, 0x1106, 0x08a4, 0x1147, 0x1168, 0x1168, 0x1168, 0x1168, 0x1168, 0x1189, 0x1189, 0x1189, 0x1189, 0x1189,
0x1189, 0x11a9, 0x1189, 0x1189, 0x1189, 0x1189, 0x1189, 0x1189, 0x1189, 0x1189, 0x1189, 0x1189, 0x1189, 0x1189, 0x1189, 0x1189,
0x1189, 0x1189, 0x1189, 0x1189, 0x1189, 0x1189, 0x1189, 0x1189, 0x1189, 0x1189, 0x1189, 0x1189, 0x1189, 0x0969, 0x0969, 0x0969,
0x0968, 0x08e6, 0x0041, 0x0000, 0x0041, 0x0021, 0x0000, 0x0000, 0x0000, 0x0000, 0x0000, 0x0021, 0x08a3, 0x08c4, 0x0083, 0x0082,
0x0021, 0x0020, 0x0021, 0x0883, 0x08a3, 0x0082, 0x08a3, 0x0062, 0x0020, 0x0041, 0x08c4, 0x08e4, 0x08c4, 0x08c4, 0x08e4, 0x08e4,
0x08c4, 0x08e5, 0x08e5, 0x08e5, 0x08e5, 0x08e5, 0x08e5, 0x08c4, 0x0905, 0x0905, 0x08e5, 0x08e5, 0x08e5, 0x08c4, 0x08a3, 0x08c4,
0x08e5, 0x08e5, 0x08e5, 0x08c4, 0x08a4, 0x08c4, 0x08e5, 0x08e5, 0x0905, 0x0905, 0x0905, 0x0905, 0x0905, 0x1105, 0x08e5, 0x08e5,
0x08e5, 0x08e4, 0x08c4, 0x08c4, 0x08e5, 0x08e5, 0x08e4, 0x08c4, 0x08e5, 0x1105, 0x10e5, 0x0862, 0x0841, 0x0841, 0x1062, 0x0862,
0x08c4, 0x08c4, 0x08c4, 0x08c4, 0x08e5, 0x08c4, 0x08c4, 0x10e4, 0x08e4, 0x08c4, 0x08e5, 0x08c4, 0x10e5, 0x08a3, 0x0882, 0x08a3,
0x10c4, 0x08a3, 0x10c3, 0x10c4, 0x0882, 0x0882, 0x1083, 0x10c4, 0x08a3, 0x10c4, 0x10c3, 0x10e4, 0x10e4, 0x0882, 0x0862, 0x1105,
0x1125, 0x1105, 0x1105, 0x1105, 0x1105, 0x1105, 0x10e4, 0x10e5, 0x10e5, 0x0882, 0x1062, 0x1082, 0x10a3, 0x10e4, 0x1105, 0x1105,
0x10e4, 0x10e4, 0x10c4, 0x10e4, 0x10e5, 0x1105, 0x1126, 0x1105, 0x10e4, 0x10a3, 0x1905, 0x1105, 0x1126, 0x1106, 0x1106, 0x1105,
0x10a4, 0x1905, 0x1905, 0x1905, 0x1925, 0x1905, 0x18e4, 0x18e4, 0x1905, 0x1905, 0x18e5, 0x1905, 0x1905, 0x10e4, 0x0882, 0x0020,
0x1082, 0x10c4, 0x10c4, 0x0083, 0x0863, 0x0021, 0x0841, 0x10c3, 0x10a3, 0x0862, 0x1082, 0x1882, 0x18a2, 0x18a3, 0x1062, 0x0841,
0x1082, 0x18a2, 0x18a2, 0x18a3, 0x18a3, 0x1082, 0x1062, 0x0841, 
/* -77- */
0x0989, 0x0989, 0x0989, 0x1169, 0x1169, 0x0884, 0x08e6, 0x0021, 0x0000, 0x0021, 0x1147, 0x0948, 0x1169, 0x0968, 0x0969, 0x0968,
0x0968, 0x0968, 0x0968, 0x0969, 0x0969, 0x0969, 0x0969, 0x0989, 0x0969, 0x0968, 0x0969, 0x0969, 0x1169, 0x08c5, 0x0884, 0x0948,
0x0968, 0x1127, 0x0042, 0x0883, 0x08e5, 0x08c4, 0x0022, 0x08c5, 0x1148, 0x1169, 0x0969, 0x1168, 0x0022, 0x0000, 0x0001, 0x0001,
0x0001, 0x0001, 0x08a4, 0x1106, 0x08a4, 0x1147, 0x1168, 0x1168, 0x1168, 0x1168, 0x1189, 0x1189, 0x1189, 0x1189, 0x1189, 0x1189,
0x1189, 0x11a9, 0x1189, 0x11a9, 0x1189, 0x1189, 0x1189, 0x1189, 0x1189, 0x1189, 0x1189, 0x1189, 0x1189, 0x1189, 0x1189, 0x1189,
0x1189, 0x1189, 0x1189, 0x1189, 0x1189, 0x1189, 0x1189, 0x1189, 0x1189, 0x1189, 0x1189, 0x1189, 0x1169, 0x0969, 0x0969, 0x0969,
0x0948, 0x08a4, 0x0042, 0x0000, 0x0041, 0x0021, 0x0000, 0x0000, 0x0021, 0x0000, 0x0000, 0x0041, 0x08a3, 0x08c4, 0x08c4, 0x0082,
0x0021, 0x0020, 0x0021, 0x08a3, 0x0883, 0x0062, 0x0083, 0x0062, 0x0021, 0x0062, 0x08c4, 0x08e5, 0x08e4, 0x08c4, 0x08c5, 0x08c4,
0x08c4, 0x08e5, 0x08e5, 0x08e5, 0x08e5, 0x08e5, 0x08e5, 0x08c4, 0x08e5, 0x08e5, 0x08e5, 0x08c4, 0x08e5, 0x08c4, 0x08c4, 0x08e5,
0x08e5, 0x0905, 0x08e5, 0x08c4, 0x08c4, 0x08e5, 0x08e5, 0x08e5, 0x0905, 0x0905, 0x1105, 0x1105, 0x1105, 0x1105, 0x0905, 0x08e5,
0x08e5, 0x08c4, 0x08e4, 0x08e5, 0x1105, 0x08e5, 0x08e5, 0x08c5, 0x08e5, 0x08e5, 0x08c4, 0x0862, 0x0841, 0x0841, 0x1083, 0x0883,
0x08e5, 0x08c5, 0x08c4, 0x08e5, 0x10e5, 0x08e4, 0x08c4, 0x08c4, 0x08a3, 0x10e5, 0x1105, 0x08e5, 0x08e5, 0x08c4, 0x08c3, 0x08c4,
0x08e4, 0x10c3, 0x10c3, 0x10c4, 0x0883, 0x0882, 0x10a3, 0x10c4, 0x10e4, 0x10c4, 0x08c3, 0x10c4, 0x10c4, 0x0882, 0x08a3, 0x1105,
0x1106, 0x1105, 0x1105, 0x1105, 0x1105, 0x10e4, 0x0883, 0x0862, 0x08a3, 0x10a3, 0x1082, 0x10c3, 0x10e4, 0x1105, 0x1105, 0x1105,
0x10e5, 0x1105, 0x10c4, 0x10e5, 0x1905, 0x1105, 0x1105, 0x10e5, 0x10e4, 0x1905, 0x1905, 0x1105, 0x1106, 0x1106, 0x1105, 0x1105,
0x1083, 0x1905, 0x1905, 0x1905, 0x1905, 0x1905, 0x10c4, 0x18e4, 0x18e4, 0x1905, 0x1905, 0x0862, 0x0042, 0x0042, 0x0041, 0x0020,
0x18c4, 0x18e4, 0x08a4, 0x0083, 0x0062, 0x0021, 0x0841, 0x18c4, 0x1082, 0x0882, 0x1082, 0x1882, 0x18a2, 0x18a2, 0x0862, 0x0862,
0x1882, 0x18a2, 0x10a2, 0x1083, 0x0862, 0x0841, 0x0841, 0x0841, 
/* -78- */
0x0989, 0x0989, 0x1189, 0x0969, 0x1189, 0x08a4, 0x08c4, 0x0000, 0x0000, 0x0021, 0x1147, 0x0969, 0x1169, 0x0968, 0x0969, 0x0968,
0x0968, 0x0968, 0x0968, 0x0969, 0x0969, 0x0969, 0x0969, 0x0969, 0x0968, 0x0968, 0x0988, 0x0989, 0x1169, 0x08c5, 0x08c5, 0x1147,
0x1105, 0x0042, 0x0884, 0x10e5, 0x08c4, 0x0042, 0x08c5, 0x1168, 0x0968, 0x1169, 0x0969, 0x1168, 0x0022, 0x0001, 0x0001, 0x0001,
0x0001, 0x0000, 0x08a4, 0x1106, 0x08a4, 0x1147, 0x1168, 0x1168, 0x1168, 0x1168, 0x1168, 0x1189, 0x1189, 0x1189, 0x1189, 0x1189,
0x1189, 0x1189, 0x1189, 0x1189, 0x1189, 0x1189, 0x1189, 0x1189, 0x1189, 0x1189, 0x1189, 0x1189, 0x1189, 0x1189, 0x1189, 0x1189,
0x1189, 0x1189, 0x1189, 0x1189, 0x1189, 0x1189, 0x1189, 0x1189, 0x1189, 0x1189, 0x1189, 0x1169, 0x0969, 0x0969, 0x0969, 0x0969,
0x0948, 0x0883, 0x0042, 0x0001, 0x0042, 0x0041, 0x0000, 0x0000, 0x0021, 0x0020, 0x0041, 0x0883, 0x08c4, 0x08c5, 0x08c4, 0x0062,
0x0020, 0x0020, 0x0021, 0x0883, 0x0062, 0x0062, 0x0083, 0x0082, 0x0021, 0x0882, 0x08e4, 0x08e5, 0x08c4, 0x08c4, 0x08c4, 0x08c4,
0x08e5, 0x08e5, 0x08e5, 0x08e5, 0x08e5, 0x08e5, 0x08e5, 0x08c4, 0x08e5, 0x08e5, 0x08e5, 0x00a4, 0x08e5, 0x08c4, 0x08c4, 0x08e5,
0x08e5, 0x1105, 0x08e5, 0x08c4, 0x08e5, 0x1105, 0x08e5, 0x08e5, 0x08e5, 0x1105, 0x1106, 0x1105, 0x1105, 0x0905, 0x08e5, 0x08e5,
0x0905, 0x1106, 0x08e5, 0x08e5, 0x1105, 0x08e5, 0x08e5, 0x08e5, 0x08c5, 0x08e5, 0x08c4, 0x0883, 0x0862, 0x0841, 0x08a3, 0x08c4,
0x08e5, 0x08e5, 0x08c5, 0x08c4, 0x08e5, 0x08c4, 0x08c3, 0x08e4, 0x08c4, 0x08e4, 0x08c4, 0x08e5, 0x1105, 0x08e5, 0x08c4, 0x08c4,
0x08c4, 0x08a3, 0x08a3, 0x08a3, 0x10a3, 0x08a3, 0x10e4, 0x08c4, 0x10c4, 0x10c4, 0x08c3, 0x08c3, 0x10c3, 0x10c3, 0x1105, 0x1106,
0x1106, 0x1106, 0x1105, 0x1105, 0x10c4, 0x0883, 0x08a3, 0x10e4, 0x10e4, 0x1083, 0x0862, 0x10c3, 0x10e4, 0x18e5, 0x1105, 0x1105,
0x10e4, 0x1105, 0x10e4, 0x10c4, 0x0883, 0x0883, 0x08a3, 0x1105, 0x1905, 0x1905, 0x1105, 0x1105, 0x1106, 0x1105, 0x1105, 0x1905,
0x10c4, 0x1905, 0x1905, 0x1905, 0x1905, 0x1905, 0x1083, 0x10a3, 0x10c3, 0x10c4, 0x10c3, 0x10a3, 0x10c4, 0x10c4, 0x0882, 0x0021,
0x18e4, 0x10a3, 0x0862, 0x0063, 0x0063, 0x0021, 0x0862, 0x18c4, 0x1082, 0x0882, 0x1082, 0x1882, 0x1882, 0x1082, 0x0861, 0x0841,
0x1082, 0x1882, 0x0841, 0x0821, 0x0862, 0x1083, 0x18a3, 0x18a3, 
/* -79- */
0x0969, 0x0969, 0x0989, 0x1189, 0x1189, 0x0883, 0x0883, 0x0000, 0x0000, 0x0021, 0x1147, 0x0969, 0x0969, 0x0968, 0x0969, 0x0968,
0x0968, 0x0969, 0x0969, 0x0968, 0x0968, 0x0969, 0x0969, 0x0969, 0x0989, 0x0968, 0x0968, 0x1168, 0x1168, 0x08c4, 0x10c4, 0x08c4,
0x0042, 0x0863, 0x08a4, 0x08a4, 0x0063, 0x08e5, 0x1169, 0x0969, 0x1168, 0x0968, 0x0968, 0x1168, 0x0022, 0x0000, 0x0021, 0x0021,
0x0001, 0x0001, 0x08a4, 0x1106, 0x08a4, 0x0948, 0x0968, 0x0968, 0x0968, 0x0969, 0x1169, 0x1168, 0x1188, 0x1189, 0x1189, 0x1189,
0x1189, 0x1189, 0x1189, 0x1189, 0x1189, 0x1189, 0x1189, 0x1189, 0x1189, 0x1189, 0x1189, 0x1189, 0x1189, 0x1189, 0x1189, 0x1189,
0x1189, 0x1189, 0x1189, 0x1189, 0x1189, 0x1189, 0x1189, 0x1189, 0x1189, 0x1189, 0x0969, 0x0969, 0x0969, 0x0969, 0x0989, 0x0969,
0x0927, 0x0883, 0x0021, 0x0000, 0x0062, 0x0042, 0x0000, 0x0000, 0x0021, 0x0021, 0x0041, 0x08a3, 0x00a4, 0x08c5, 0x08a4, 0x0041,
0x0020, 0x0021, 0x0021, 0x0883, 0x0062, 0x0082, 0x08c4, 0x08a3, 0x0041, 0x0883, 0x08c4, 0x08e4, 0x08c4, 0x08c4, 0x08c4, 0x08c4,
0x08e5, 0x08e5, 0x08e5, 0x08e5, 0x08e5, 0x08e5, 0x08e5, 0x08e5, 0x08e5, 0x08e5, 0x08e5, 0x00a4, 0x08c4, 0x08e5, 0x08e5, 0x08e5,
0x08e5, 0x08e5, 0x08e5, 0x08e5, 0x08e5, 0x0905, 0x08e5, 0x08e5, 0x0905, 0x0905, 0x1105, 0x1105, 0x1105, 0x1105, 0x0905, 0x08e5,
0x0905, 0x0905, 0x0905, 0x1105, 0x08e5, 0x08e5, 0x08e5, 0x1105, 0x08e5, 0x08e5, 0x08c4, 0x10c4, 0x0882, 0x0041, 0x10e4, 0x08e4,
0x08e4, 0x08e5, 0x08c4, 0x08c4, 0x08c4, 0x08c4, 0x08c4, 0x10e4, 0x08c3, 0x08e4, 0x08c4, 0x08e4, 0x08e5, 0x08c4, 0x08c4, 0x08c4,
0x08c4, 0x08a3, 0x08c3, 0x10e4, 0x08c4, 0x10e4, 0x10e4, 0x10c4, 0x10c4, 0x10e4, 0x10e4, 0x10c4, 0x10c3, 0x10c4, 0x1105, 0x10e5,
0x1105, 0x1105, 0x10c4, 0x08a3, 0x10c3, 0x10e4, 0x10e4, 0x1105, 0x1105, 0x10c4, 0x1083, 0x10c4, 0x10c4, 0x10c4, 0x10c4, 0x10c4,
0x10c4, 0x10c4, 0x08a3, 0x08a3, 0x10a3, 0x10e4, 0x1105, 0x1105, 0x1105, 0x1905, 0x1905, 0x1105, 0x1105, 0x1105, 0x1105, 0x1105,
0x1905, 0x1905, 0x1105, 0x10e5, 0x10c4, 0x10c4, 0x0862, 0x1083, 0x10a3, 0x10a3, 0x10a3, 0x10c3, 0x10e4, 0x1925, 0x10c4, 0x0021,
0x18c3, 0x18c4, 0x1083, 0x0063, 0x0063, 0x0021, 0x0862, 0x18c4, 0x1082, 0x1082, 0x18a3, 0x18a3, 0x18a3, 0x1062, 0x0841, 0x0021,
0x0021, 0x0841, 0x1082, 0x1082, 0x1882, 0x18a3, 0x18a3, 0x18a3, 
/* -80- */
0x0989, 0x1189, 0x1189, 0x0989, 0x1169, 0x0884, 0x08c4, 0x0000, 0x0000, 0x0021, 0x1168, 0x0969, 0x0969, 0x0968, 0x0969, 0x0969,
0x0968, 0x0969, 0x0969, 0x0968, 0x0968, 0x0968, 0x1168, 0x0927, 0x08e6, 0x0906, 0x08e6, 0x08c5, 0x08a4, 0x0862, 0x0862, 0x0042,
0x0862, 0x0042, 0x0883, 0x0042, 0x08e5, 0x0948, 0x0968, 0x0968, 0x0969, 0x0968, 0x0968, 0x1168, 0x0022, 0x0000, 0x0021, 0x0021,
0x0021, 0x0000, 0x08a4, 0x1106, 0x08a4, 0x0948, 0x0968, 0x0968, 0x0968, 0x0969, 0x1169, 0x1169, 0x1189, 0x1189, 0x1189, 0x1189,
0x1189, 0x1189, 0x1189, 0x1189, 0x1189, 0x1189, 0x1189, 0x1189, 0x1169, 0x1189, 0x1189, 0x1189, 0x1189, 0x1189, 0x1189, 0x1189,
0x1189, 0x1189, 0x1189, 0x1189, 0x1189, 0x1189, 0x1189, 0x1189, 0x1189, 0x1189, 0x0969, 0x0969, 0x0969, 0x0969, 0x0989, 0x0948,
0x0883, 0x0862, 0x0041, 0x0000, 0x0062, 0x0042, 0x0000, 0x0000, 0x0021, 0x0041, 0x0082, 0x08a4, 0x00a3, 0x08c4, 0x0083, 0x0041,
0x0021, 0x0021, 0x0041, 0x0082, 0x0062, 0x08a3, 0x08c4, 0x08a3, 0x0062, 0x0883, 0x08c4, 0x08c4, 0x08c4, 0x08e5, 0x08e4, 0x08c4,
0x08e5, 0x08e5, 0x0905, 0x08e5, 0x08e5, 0x0905, 0x08e5, 0x08e5, 0x08e5, 0x08e5, 0x08e5, 0x08e4, 0x08c4, 0x08e5, 0x08e5, 0x08e5,
0x08e5, 0x0905, 0x0905, 0x0905, 0x08e5, 0x08e5, 0x08e5, 0x08e5, 0x0905, 0x0905, 0x1105, 0x1105, 0x1105, 0x1105, 0x0905, 0x08e5,
0x0905, 0x1105, 0x0905, 0x08e5, 0x08e5, 0x08e5, 0x10e5, 0x1105, 0x08e5, 0x08c4, 0x08c4, 0x08c4, 0x0862, 0x0883, 0x08e5, 0x08c4,
0x08c4, 0x08c5, 0x08c4, 0x08c4, 0x08a4, 0x08c4, 0x08c5, 0x08c4, 0x08c4, 0x08e5, 0x08c4, 0x08c4, 0x08c4, 0x08e4, 0x08c4, 0x08c4,
0x08c4, 0x08c3, 0x08c4, 0x08c4, 0x10e4, 0x10e4, 0x10c4, 0x10c3, 0x10e4, 0x1105, 0x1105, 0x10e5, 0x10e4, 0x1105, 0x10e4, 0x10c4,
0x10c3, 0x08a3, 0x10a3, 0x0862, 0x10a3, 0x10e4, 0x1105, 0x1105, 0x1105, 0x10e4, 0x10a3, 0x10e4, 0x10c4, 0x10a3, 0x0882, 0x0862,
0x10a3, 0x10c4, 0x10c3, 0x10e4, 0x1105, 0x1105, 0x1105, 0x1105, 0x1106, 0x1106, 0x1905, 0x1105, 0x1105, 0x1105, 0x1105, 0x1105,
0x1905, 0x1105, 0x1105, 0x10c4, 0x0862, 0x0041, 0x1905, 0x1905, 0x1905, 0x1905, 0x1905, 0x10a3, 0x18e4, 0x1905, 0x10a3, 0x0020,
0x18c4, 0x18e4, 0x18e4, 0x0062, 0x0863, 0x0021, 0x0862, 0x18c4, 0x1083, 0x1083, 0x0862, 0x0862, 0x0862, 0x0841, 0x0841, 0x1062,
0x1062, 0x1082, 0x18a3, 0x18a3, 0x18a3, 0x18a3, 0x18a3, 0x18a3, 
/* -81- */
0x0989, 0x1189, 0x1189, 0x0969, 0x1169, 0x08a4, 0x10e5, 0x0020, 0x0000, 0x0021, 0x1148, 0x0968, 0x0969, 0x0968, 0x0968, 0x0968,
0x1168, 0x0969, 0x0969, 0x0968, 0x0968, 0x1148, 0x08e5, 0x08a4, 0x08e5, 0x0927, 0x0906, 0x0883, 0x10e5, 0x0862, 0x0000, 0x0021,
0x0862, 0x0000, 0x0021, 0x0042, 0x08e5, 0x0947, 0x0968, 0x0989, 0x0989, 0x1189, 0x0968, 0x1148, 0x0022, 0x0000, 0x0021, 0x0021,
0x0021, 0x0000, 0x0883, 0x08c5, 0x08a4, 0x0947, 0x0968, 0x0968, 0x0968, 0x0969, 0x0969, 0x1169, 0x1169, 0x1169, 0x1189, 0x1189,
0x1189, 0x1189, 0x1189, 0x1189, 0x1189, 0x1189, 0x1189, 0x1189, 0x1189, 0x1169, 0x1169, 0x1189, 0x1189, 0x1189, 0x1189, 0x1189,
0x1189, 0x1189, 0x1189, 0x1189, 0x1189, 0x1189, 0x1189, 0x1189, 0x1189, 0x1169, 0x1169, 0x0969, 0x0969, 0x0969, 0x0969, 0x0927,
0x0021, 0x0042, 0x0042, 0x0000, 0x0062, 0x0042, 0x0000, 0x0000, 0x0020, 0x0041, 0x0082, 0x00a4, 0x00a3, 0x08c4, 0x0083, 0x0041,
0x0041, 0x0041, 0x0021, 0x0062, 0x0062, 0x08a3, 0x08c4, 0x08a3, 0x0062, 0x0083, 0x08a4, 0x08c4, 0x08c4, 0x08e5, 0x08e5, 0x08e5,
0x08e5, 0x08e5, 0x08e5, 0x08e5, 0x0905, 0x08e5, 0x08e5, 0x08e5, 0x08e5, 0x08e5, 0x08e5, 0x08e5, 0x08c4, 0x08e5, 0x0905, 0x0905,
0x08e5, 0x0905, 0x0905, 0x0905, 0x08e5, 0x08e5, 0x08e5, 0x08e5, 0x08e5, 0x1105, 0x1105, 0x1105, 0x1105, 0x1106, 0x0905, 0x0905,
0x1105, 0x0905, 0x1105, 0x08e5, 0x08c4, 0x08e5, 0x1105, 0x1105, 0x08e5, 0x08e4, 0x08e5, 0x10e5, 0x0882, 0x08a3, 0x08c4, 0x08c4,
0x08c5, 0x08c4, 0x08a4, 0x08c4, 0x08c4, 0x08c4, 0x08c4, 0x08e4, 0x08c4, 0x08c4, 0x08c4, 0x08c4, 0x08e4, 0x08e5, 0x08e5, 0x08c4,
0x08e5, 0x08c4, 0x08c4, 0x08e4, 0x10e4, 0x10e4, 0x10e4, 0x10c3, 0x10c4, 0x10e5, 0x1105, 0x1105, 0x08a3, 0x10a3, 0x10c4, 0x10c3,
0x10a3, 0x10a3, 0x10a3, 0x0841, 0x0862, 0x1105, 0x1105, 0x1105, 0x1105, 0x10c4, 0x10a3, 0x10a3, 0x0883, 0x0882, 0x10c4, 0x10e4,
0x1105, 0x1925, 0x08a3, 0x10c3, 0x1905, 0x1125, 0x1105, 0x1105, 0x1105, 0x1105, 0x1105, 0x1105, 0x1105, 0x10c4, 0x10c4, 0x10c4,
0x0883, 0x0883, 0x10c4, 0x10e4, 0x10c3, 0x0882, 0x1905, 0x1905, 0x1905, 0x1905, 0x1904, 0x0862, 0x18e4, 0x1905, 0x10a3, 0x0020,
0x18c3, 0x2125, 0x18e4, 0x0041, 0x0842, 0x0021, 0x0862, 0x10c4, 0x0882, 0x0842, 0x0041, 0x0842, 0x1082, 0x1882, 0x18a2, 0x18a3,
0x18a2, 0x18a3, 0x18a3, 0x18a3, 0x18a3, 0x18a3, 0x18a3, 0x18a2, 
/* -82- */
0x1189, 0x1189, 0x1189, 0x1189, 0x1189, 0x08a4, 0x08a4, 0x0000, 0x0000, 0x0021, 0x1147, 0x0968, 0x0968, 0x0968, 0x0968, 0x1169,
0x0969, 0x0969, 0x0969, 0x1168, 0x1148, 0x0927, 0x1106, 0x1106, 0x1106, 0x08e5, 0x08e6, 0x0863, 0x1106, 0x0021, 0x0000, 0x0000,
0x0001, 0x0000, 0x0000, 0x0000, 0x0042, 0x0883, 0x08e6, 0x1127, 0x1127, 0x08e6, 0x1127, 0x1127, 0x0021, 0x0000, 0x0001, 0x0021,
0x0021, 0x0000, 0x0883, 0x10e5, 0x08a4, 0x0948, 0x0968, 0x0969, 0x0969, 0x1169, 0x1169, 0x1189, 0x1169, 0x1189, 0x1189, 0x1189,
0x1189, 0x1189, 0x1189, 0x1189, 0x1189, 0x1189, 0x1189, 0x1189, 0x1189, 0x1189, 0x1189, 0x1189, 0x1189, 0x1189, 0x1189, 0x1189,
0x1189, 0x1189, 0x1189, 0x1189, 0x1189, 0x1189, 0x1189, 0x1189, 0x1189, 0x1169, 0x1189, 0x1169, 0x0969, 0x1169, 0x1168, 0x08e5,
0x0042, 0x0042, 0x0062, 0x0021, 0x0042, 0x0062, 0x0000, 0x0000, 0x0020, 0x0041, 0x0082, 0x08c4, 0x08c4, 0x08e4, 0x0083, 0x0062,
0x0882, 0x0041, 0x0041, 0x0082, 0x0082, 0x00a3, 0x08c4, 0x08c4, 0x0082, 0x0083, 0x08c4, 0x08e5, 0x08c4, 0x08c4, 0x08c4, 0x08e5,
0x08e5, 0x08e5, 0x08e5, 0x08e5, 0x08e5, 0x08e5, 0x0905, 0x0905, 0x0905, 0x08e5, 0x08e5, 0x08e5, 0x08e5, 0x08e5, 0x10e5, 0x08e5,
0x08e5, 0x08e5, 0x08e5, 0x0905, 0x0905, 0x08e5, 0x08e5, 0x1105, 0x1105, 0x1105, 0x1105, 0x1106, 0x1106, 0x08e5, 0x08e5, 0x08e5,
0x08e5, 0x08e5, 0x08e5, 0x08e5, 0x08c4, 0x08e5, 0x1105, 0x08e5, 0x08e5, 0x08e5, 0x0905, 0x08e4, 0x0882, 0x08a2, 0x08e4, 0x08e4,
0x08c4, 0x08c4, 0x08a4, 0x08c4, 0x08c4, 0x08c5, 0x08e4, 0x08a3, 0x0883, 0x08a3, 0x08c4, 0x08e4, 0x1105, 0x1105, 0x08c4, 0x08c4,
0x08e5, 0x08c4, 0x08c4, 0x08c4, 0x08c4, 0x10c4, 0x10e4, 0x10c4, 0x08c4, 0x1105, 0x1105, 0x10e4, 0x0862, 0x0882, 0x10a3, 0x10c3,
0x10c3, 0x10a3, 0x10a3, 0x08a3, 0x0883, 0x1126, 0x1106, 0x1105, 0x10c4, 0x0842, 0x0862, 0x10a3, 0x10c4, 0x10c4, 0x1105, 0x1925,
0x1925, 0x1905, 0x08a3, 0x10c4, 0x1105, 0x1125, 0x1105, 0x1105, 0x1105, 0x1105, 0x1105, 0x10e4, 0x10a4, 0x0862, 0x0042, 0x0882,
0x10e4, 0x10e4, 0x1104, 0x18e5, 0x10e4, 0x10c3, 0x1905, 0x1905, 0x1905, 0x1905, 0x1904, 0x10a3, 0x1905, 0x1905, 0x10a3, 0x0021,
0x20e4, 0x2105, 0x18e4, 0x0021, 0x0021, 0x0021, 0x0041, 0x0862, 0x0041, 0x0041, 0x0842, 0x10a3, 0x18a3, 0x18a3, 0x18a3, 0x18a3,
0x18a3, 0x18a3, 0x18a3, 0x18a3, 0x18a2, 0x18a3, 0x18a2, 0x18a2, 
/* -83- */
0x0989, 0x1189, 0x1189, 0x0989, 0x1189, 0x0884, 0x0883, 0x0000, 0x0000, 0x0021, 0x1148, 0x0968, 0x0968, 0x0968, 0x0969, 0x0969,
0x0969, 0x0969, 0x0969, 0x08e6, 0x0883, 0x08a4, 0x0884, 0x08a4, 0x08a4, 0x08e6, 0x08e5, 0x0042, 0x0883, 0x0000, 0x0000, 0x0000,
0x0000, 0x0000, 0x0000, 0x0000, 0x0842, 0x0884, 0x1126, 0x0884, 0x1968, 0x08c5, 0x08c5, 0x0884, 0x0001, 0x0000, 0x0000, 0x0000,
0x0000, 0x0000, 0x0862, 0x08c5, 0x08a4, 0x0948, 0x0969, 0x0969, 0x0969, 0x1169, 0x1169, 0x1189, 0x1169, 0x0989, 0x0989, 0x1189,
0x1189, 0x1189, 0x1189, 0x1189, 0x1189, 0x1189, 0x1189, 0x1189, 0x1189, 0x1189, 0x1189, 0x1189, 0x1189, 0x1189, 0x1189, 0x1189,
0x1189, 0x1189, 0x1189, 0x1189, 0x1189, 0x1189, 0x1189, 0x1189, 0x1189, 0x0989, 0x1169, 0x0989, 0x0969, 0x0969, 0x1147, 0x0042,
0x0883, 0x0042, 0x0062, 0x0021, 0x0041, 0x0062, 0x0000, 0x0000, 0x0000, 0x0041, 0x0082, 0x08c4, 0x08c4, 0x08e5, 0x00a3, 0x0082,
0x08a3, 0x0062, 0x0041, 0x08a3, 0x0082, 0x0082, 0x08c4, 0x08c4, 0x00a3, 0x08a3, 0x08c4, 0x08e5, 0x08c4, 0x08c4, 0x08c4, 0x08c4,
0x08e5, 0x08e5, 0x08e5, 0x08e5, 0x08e5, 0x08e5, 0x08e5, 0x0905, 0x08e5, 0x08e5, 0x08e5, 0x08e5, 0x08e5, 0x08e5, 0x0905, 0x08e5,
0x1105, 0x08e5, 0x0905, 0x0905, 0x0905, 0x08e5, 0x0905, 0x1105, 0x0905, 0x1105, 0x1106, 0x1106, 0x1105, 0x1106, 0x1106, 0x08e5,
0x08c4, 0x08e5, 0x08e5, 0x08e5, 0x08e5, 0x08e5, 0x1105, 0x08c4, 0x08e5, 0x1105, 0x08e5, 0x08e4, 0x10a3, 0x08a3, 0x08e4, 0x08e4,
0x08c4, 0x08a4, 0x08c4, 0x08a4, 0x08c4, 0x08c4, 0x08c4, 0x0883, 0x0062, 0x08a3, 0x08c4, 0x1105, 0x1105, 0x08c4, 0x08c4, 0x08c4,
0x10e5, 0x08c4, 0x08c4, 0x08c4, 0x10e4, 0x10c4, 0x10c4, 0x10c4, 0x10c3, 0x1105, 0x10e5, 0x10c4, 0x10a3, 0x10a3, 0x10c3, 0x10a3,
0x10a3, 0x10a3, 0x0882, 0x10e4, 0x1946, 0x1126, 0x1126, 0x10e5, 0x08a3, 0x0841, 0x10e4, 0x1105, 0x10c4, 0x1105, 0x1105, 0x1105,
0x1105, 0x1905, 0x10a3, 0x10e4, 0x1105, 0x1125, 0x1125, 0x1905, 0x10e4, 0x10a3, 0x10a4, 0x10e4, 0x10e4, 0x10e5, 0x10e5, 0x1905,
0x10e5, 0x10e5, 0x1105, 0x10e4, 0x18e4, 0x10c3, 0x1905, 0x1905, 0x1905, 0x1905, 0x1904, 0x10c3, 0x1925, 0x1925, 0x10a3, 0x0020,
0x2104, 0x18e4, 0x18a3, 0x0821, 0x0841, 0x0021, 0x0021, 0x0882, 0x0862, 0x0862, 0x1082, 0x18a3, 0x18a3, 0x18a3, 0x18a3, 0x18a3,
0x18a3, 0x18a3, 0x18a2, 0x18a2, 0x18a2, 0x18a3, 0x18a3, 0x1882, 
/* -84- */
0x0969, 0x0969, 0x0969, 0x0969, 0x1169, 0x0063, 0x0883, 0x0000, 0x0001, 0x0021, 0x1148, 0x0968, 0x0969, 0x0969, 0x0969, 0x0969,
0x0969, 0x0969, 0x0969, 0x08e5, 0x0863, 0x1106, 0x08a4, 0x0906, 0x08c4, 0x0926, 0x1106, 0x0041, 0x08a3, 0x0000, 0x0000, 0x0000,
0x0000, 0x0000, 0x0001, 0x0000, 0x0842, 0x08a4, 0x1147, 0x0884, 0x1168, 0x08a4, 0x0906, 0x1148, 0x0022, 0x0000, 0x0000, 0x0000,
0x0000, 0x0001, 0x08c4, 0x1127, 0x08a4, 0x0948, 0x1169, 0x1169, 0x1169, 0x1169, 0x1189, 0x1189, 0x1189, 0x1189, 0x1189, 0x1189,
0x0989, 0x1189, 0x1189, 0x1189, 0x1189, 0x1189, 0x1189, 0x1189, 0x1189, 0x1189, 0x1189, 0x1189, 0x1189, 0x1189, 0x1189, 0x1189,
0x1189, 0x1189, 0x1189, 0x1189, 0x1189, 0x1189, 0x1189, 0x1169, 0x1189, 0x1189, 0x1169, 0x0969, 0x0969, 0x0927, 0x08a4, 0x0883,
0x0041, 0x0042, 0x0883, 0x0021, 0x0021, 0x0042, 0x0000, 0x0000, 0x0020, 0x0041, 0x0082, 0x08c4, 0x08c4, 0x08e5, 0x00a3, 0x0082,
0x08a3, 0x0041, 0x0041, 0x0882, 0x0082, 0x0082, 0x08c4, 0x08c4, 0x08c4, 0x08c4, 0x08c4, 0x08c4, 0x08c4, 0x08c4, 0x00a4, 0x08a4,
0x08e5, 0x08e5, 0x08e5, 0x08e5, 0x08e5, 0x08e5, 0x08e5, 0x08e5, 0x08e5, 0x08e5, 0x08e5, 0x0905, 0x0905, 0x0905, 0x0905, 0x08e5,
0x0905, 0x08e5, 0x08e5, 0x1105, 0x1105, 0x08c4, 0x08e5, 0x1105, 0x1105, 0x1105, 0x1105, 0x1105, 0x1105, 0x1126, 0x1105, 0x08e5,
0x0905, 0x08e5, 0x08e5, 0x1105, 0x1105, 0x08e5, 0x1106, 0x1106, 0x1105, 0x08e5, 0x08e4, 0x08e4, 0x08a3, 0x08a3, 0x1105, 0x08c4,
0x08a4, 0x08c4, 0x08a3, 0x08c4, 0x08c4, 0x08e4, 0x08e4, 0x08a3, 0x08a3, 0x08e4, 0x08e4, 0x08e5, 0x1105, 0x08e4, 0x08c4, 0x10e5,
0x08c4, 0x08a3, 0x08a3, 0x08c4, 0x08c4, 0x08c3, 0x10c4, 0x10c4, 0x08a3, 0x0882, 0x08a3, 0x10c4, 0x10a3, 0x10a3, 0x10a3, 0x10c3,
0x08a3, 0x0883, 0x08c4, 0x10c4, 0x10c4, 0x1105, 0x1105, 0x08a3, 0x08a3, 0x10c4, 0x1105, 0x1105, 0x10e5, 0x1105, 0x1105, 0x1926,
0x1926, 0x1925, 0x08a3, 0x10e4, 0x1105, 0x1905, 0x10e4, 0x10c4, 0x0883, 0x0883, 0x0862, 0x10c3, 0x10c4, 0x1105, 0x1105, 0x1105,
0x10e5, 0x10e5, 0x10e5, 0x10e4, 0x18e4, 0x0882, 0x1905, 0x1905, 0x1905, 0x18e4, 0x10c4, 0x08a3, 0x10c4, 0x10a3, 0x0842, 0x0020,
0x2104, 0x18e4, 0x10a3, 0x0821, 0x0862, 0x0021, 0x0841, 0x1082, 0x1062, 0x1062, 0x1082, 0x18a2, 0x18a2, 0x18a3, 0x18a2, 0x18a2,
0x18a3, 0x18a3, 0x18a3, 0x18a3, 0x1883, 0x1083, 0x0862, 0x0842, 
/* -85- */
0x0969, 0x0969, 0x0969, 0x0969, 0x0969, 0x0884, 0x0883, 0x0000, 0x0000, 0x0021, 0x0947, 0x0969, 0x0969, 0x0969, 0x0969, 0x0969,
0x0969, 0x0969, 0x0969, 0x08e5, 0x0883, 0x0906, 0x0863, 0x0883, 0x0021, 0x0021, 0x0021, 0x0000, 0x0000, 0x0000, 0x0000, 0x0000,
0x0000, 0x0000, 0x0000, 0x0000, 0x0000, 0x0021, 0x0883, 0x0042, 0x08e5, 0x08a4, 0x1127, 0x1148, 0x0042, 0x0000, 0x0000, 0x0001,
0x0001, 0x0001, 0x08a4, 0x1126, 0x08a4, 0x0948, 0x1169, 0x1169, 0x1169, 0x1189, 0x1189, 0x1189, 0x1189, 0x1189, 0x1189, 0x1189,
0x0989, 0x0989, 0x0969, 0x1189, 0x1189, 0x1169, 0x1127, 0x1106, 0x1148, 0x1189, 0x1189, 0x1189, 0x1189, 0x1189, 0x1189, 0x1189,
0x1189, 0x1189, 0x1189, 0x1189, 0x1189, 0x1189, 0x1189, 0x1169, 0x1169, 0x1189, 0x1169, 0x0969, 0x0968, 0x08c5, 0x0062, 0x0062,
0x0041, 0x0041, 0x0063, 0x0021, 0x0021, 0x0021, 0x0000, 0x0000, 0x0021, 0x0062, 0x0083, 0x08c4, 0x08c4, 0x08e5, 0x08a4, 0x0083,
0x0883, 0x0041, 0x0041, 0x0883, 0x0082, 0x0062, 0x08c4, 0x08c4, 0x08c4, 0x08c4, 0x08c4, 0x08c4, 0x08c4, 0x08c4, 0x08a4, 0x08a4,
0x08c5, 0x08e5, 0x08e5, 0x08e5, 0x0905, 0x0905, 0x0905, 0x08e5, 0x08e5, 0x08e5, 0x08e5, 0x0905, 0x0905, 0x0905, 0x0905, 0x0905,
0x1105, 0x08e5, 0x08e5, 0x0905, 0x10e5, 0x08c4, 0x10e5, 0x1105, 0x1105, 0x1105, 0x1105, 0x1105, 0x1105, 0x1105, 0x0905, 0x1105,
0x0905, 0x0905, 0x1105, 0x0905, 0x08e5, 0x08e5, 0x1106, 0x1106, 0x1105, 0x08e5, 0x08c4, 0x08e4, 0x0882, 0x0882, 0x10e4, 0x08c4,
0x08c4, 0x08c4, 0x08c4, 0x08c4, 0x08c4, 0x08e5, 0x08e4, 0x08c4, 0x08c4, 0x08c4, 0x08e4, 0x10e5, 0x10e5, 0x10e4, 0x08c4, 0x08c3,
0x08a3, 0x08c3, 0x08c3, 0x10c4, 0x10c4, 0x08a3, 0x10c3, 0x10c4, 0x10c4, 0x0883, 0x0882, 0x10a3, 0x10a3, 0x10a3, 0x10c4, 0x10c3,
0x08a3, 0x08c4, 0x1105, 0x1105, 0x10e4, 0x08a3, 0x0883, 0x10c3, 0x1104, 0x10e4, 0x1925, 0x1105, 0x1105, 0x1105, 0x1125, 0x1926,
0x1905, 0x10e4, 0x10a3, 0x08a3, 0x10a3, 0x10a3, 0x10a3, 0x0883, 0x10c4, 0x10e4, 0x1105, 0x10e4, 0x1105, 0x1905, 0x1105, 0x1105,
0x1105, 0x1105, 0x1105, 0x1905, 0x18e4, 0x0882, 0x18e4, 0x18e4, 0x10c4, 0x10a3, 0x0883, 0x10c4, 0x10c4, 0x08a4, 0x0862, 0x0020,
0x2105, 0x20e4, 0x18a3, 0x0883, 0x0862, 0x0021, 0x0821, 0x1082, 0x1082, 0x0862, 0x1082, 0x18a2, 0x18a3, 0x18a2, 0x18a2, 0x18a3,
0x1082, 0x1082, 0x1083, 0x1062, 0x0842, 0x0842, 0x0883, 0x10a3, 
/* -86- */
0x0969, 0x0969, 0x0969, 0x0989, 0x1189, 0x0884, 0x0883, 0x0000, 0x0000, 0x0041, 0x1148, 0x0969, 0x0969, 0x0969, 0x0969, 0x0969,
0x0969, 0x1169, 0x0969, 0x08e5, 0x0883, 0x08a4, 0x0021, 0x0000, 0x0000, 0x0000, 0x0000, 0x0000, 0x0000, 0x0000, 0x0000, 0x0000,
0x0000, 0x0000, 0x0000, 0x0000, 0x0000, 0x0000, 0x0000, 0x0000, 0x0021, 0x0842, 0x1127, 0x1168, 0x0041, 0x0000, 0x0000, 0x0000,
0x0001, 0x0021, 0x0883, 0x1106, 0x08a4, 0x0948, 0x0969, 0x1189, 0x1189, 0x1189, 0x1189, 0x1189, 0x1189, 0x1189, 0x1189, 0x1189,
0x0989, 0x0989, 0x0989, 0x0969, 0x1189, 0x1147, 0x0883, 0x0021, 0x0863, 0x1169, 0x1189, 0x1189, 0x1189, 0x1189, 0x1169, 0x0969,
0x1189, 0x1189, 0x1189, 0x1189, 0x1189, 0x1189, 0x1189, 0x1189, 0x1189, 0x1189, 0x1189, 0x0969, 0x0906, 0x0063, 0x0883, 0x0041,
0x0042, 0x0041, 0x0062, 0x0021, 0x0021, 0x0041, 0x0000, 0x0000, 0x0021, 0x0082, 0x00a3, 0x08c4, 0x08e5, 0x0905, 0x08c4, 0x00a3,
0x0883, 0x0041, 0x0041, 0x0883, 0x0082, 0x0062, 0x08a4, 0x08c4, 0x08c4, 0x08c4, 0x08c4, 0x08e4, 0x08c4, 0x08c4, 0x00a4, 0x00a3,
0x08c4, 0x08e5, 0x08e5, 0x08e5, 0x0905, 0x1105, 0x0905, 0x0905, 0x0905, 0x0905, 0x08e5, 0x08e5, 0x0905, 0x0905, 0x08e5, 0x08e5,
0x08e5, 0x08e5, 0x08e5, 0x10e5, 0x10e5, 0x08c4, 0x10e5, 0x1105, 0x1105, 0x1105, 0x1105, 0x1105, 0x0905, 0x1105, 0x10e5, 0x1105,
0x0905, 0x1105, 0x08e5, 0x1105, 0x08e5, 0x08e5, 0x1105, 0x1106, 0x1105, 0x08e4, 0x08e4, 0x1105, 0x08a3, 0x08a3, 0x08c4, 0x08c4,
0x08c4, 0x08c4, 0x08a4, 0x08a4, 0x08c4, 0x08e5, 0x08c4, 0x08c4, 0x08c4, 0x08c4, 0x08c4, 0x08c4, 0x08e4, 0x08c4, 0x08c3, 0x08a3,
0x08a3, 0x08a3, 0x08c3, 0x10c4, 0x08a3, 0x10c3, 0x10c4, 0x10c3, 0x08a3, 0x10c4, 0x08a3, 0x10c3, 0x10a3, 0x10c3, 0x08a3, 0x08a3,
0x10c4, 0x1105, 0x1126, 0x1126, 0x1105, 0x10e5, 0x10e4, 0x10e4, 0x1104, 0x10c4, 0x1925, 0x1105, 0x1105, 0x1905, 0x1905, 0x10c4,
0x10c4, 0x0862, 0x08a3, 0x10c4, 0x10e4, 0x10e4, 0x10c4, 0x10c4, 0x1905, 0x1105, 0x1105, 0x1105, 0x1105, 0x1105, 0x1105, 0x1925,
0x1105, 0x1105, 0x1905, 0x1905, 0x18e4, 0x0861, 0x0862, 0x0883, 0x10a4, 0x10e4, 0x10e4, 0x1105, 0x1105, 0x1105, 0x08a3, 0x0021,
0x2104, 0x20e4, 0x1083, 0x0883, 0x0883, 0x0021, 0x0841, 0x18a3, 0x1083, 0x1062, 0x1082, 0x1882, 0x18a3, 0x18a2, 0x1882, 0x1082,
0x0842, 0x0841, 0x0862, 0x1083, 0x10a3, 0x1083, 0x18a3, 0x18a3, 
/* -87- */
0x0969, 0x0969, 0x0989, 0x0969, 0x0969, 0x0884, 0x08c5, 0x0001, 0x0000, 0x0042, 0x1168, 0x0969, 0x0969, 0x0969, 0x1189, 0x1189,
0x1189, 0x1189, 0x0969, 0x08e5, 0x0863, 0x08a3, 0x0000, 0x0000, 0x0000, 0x0000, 0x0000, 0x0000, 0x0000, 0x0000, 0x0000, 0x0000,
0x0000, 0x0000, 0x0000, 0x0000, 0x0000, 0x0000, 0x0000, 0x0000, 0x0000, 0x0000, 0x0883, 0x08c4, 0x0021, 0x0000, 0x0000, 0x0000,
0x0001, 0x0001, 0x0883, 0x10e5, 0x0883, 0x0948, 0x0969, 0x1189, 0x1169, 0x1189, 0x1189, 0x1189, 0x1189, 0x1189, 0x1189, 0x1189,
0x0989, 0x0989, 0x0969, 0x0969, 0x0968, 0x1127, 0x0042, 0x0000, 0x0022, 0x1168, 0x1169, 0x1189, 0x1169, 0x1169, 0x1169, 0x0969,
0x1169, 0x1169, 0x1189, 0x1189, 0x1189, 0x1189, 0x1189, 0x1189, 0x1189, 0x1189, 0x1189, 0x1127, 0x0883, 0x0883, 0x0021, 0x0062,
0x0082, 0x0041, 0x0062, 0x0000, 0x0021, 0x0041, 0x0000, 0x0000, 0x0041, 0x0083, 0x08a4, 0x08c4, 0x08e5, 0x0906, 0x08e5, 0x08c4,
0x08a3, 0x0041, 0x0062, 0x08a3, 0x0062, 0x0062, 0x08a3, 0x08c4, 0x08c4, 0x08c4, 0x08e5, 0x08e5, 0x08c4, 0x08a4, 0x08a4, 0x08c4,
0x08e5, 0x08e5, 0x08e5, 0x1105, 0x0905, 0x1105, 0x0905, 0x08e5, 0x0905, 0x0905, 0x0905, 0x1105, 0x0905, 0x0905, 0x0905, 0x1105,
0x08e5, 0x08e5, 0x1105, 0x1105, 0x08e5, 0x08c4, 0x10e5, 0x1105, 0x1105, 0x1105, 0x0905, 0x1105, 0x08e5, 0x1105, 0x08e5, 0x1105,
0x1105, 0x08e5, 0x08e5, 0x1106, 0x0905, 0x0905, 0x1105, 0x1106, 0x1105, 0x08e4, 0x08e5, 0x10e5, 0x08a3, 0x08c3, 0x08e4, 0x08c4,
0x08c4, 0x08c4, 0x08c4, 0x08c4, 0x08c4, 0x10e5, 0x08e4, 0x08c4, 0x08e4, 0x08e4, 0x08c4, 0x08c4, 0x08c4, 0x08a3, 0x08c3, 0x08a3,
0x08a3, 0x08c3, 0x08a3, 0x10c3, 0x0882, 0x08a3, 0x10c4, 0x10c4, 0x10a3, 0x10c4, 0x1105, 0x10c3, 0x10e4, 0x10c3, 0x08a3, 0x10e4,
0x1105, 0x1126, 0x1126, 0x1126, 0x1106, 0x1105, 0x1105, 0x1105, 0x10e4, 0x10c4, 0x1105, 0x1105, 0x1105, 0x10e5, 0x10a3, 0x0883,
0x10e4, 0x10c4, 0x10e4, 0x1105, 0x1126, 0x1905, 0x10c4, 0x10c4, 0x1925, 0x1125, 0x1105, 0x1105, 0x1105, 0x1105, 0x1105, 0x1925,
0x1905, 0x10c4, 0x10a3, 0x10a3, 0x1082, 0x0841, 0x0841, 0x0883, 0x1905, 0x1926, 0x1925, 0x1105, 0x1105, 0x1105, 0x10a3, 0x0020,
0x18c3, 0x18c3, 0x0862, 0x0883, 0x0883, 0x0041, 0x0841, 0x18c3, 0x1083, 0x0862, 0x0862, 0x1062, 0x1082, 0x1062, 0x0841, 0x0841,
0x0841, 0x0041, 0x1082, 0x10a3, 0x18a3, 0x18a3, 0x18a3, 0x18a3, 
/* -88- */
0x0969, 0x0969, 0x0989, 0x0969, 0x0968, 0x0863, 0x0042, 0x0000, 0x0000, 0x0042, 0x1168, 0x0969, 0x0969, 0x0969, 0x1189, 0x1189,
0x1189, 0x1189, 0x0969, 0x08c5, 0x0021, 0x0041, 0x0000, 0x0000, 0x0000, 0x0000, 0x0000, 0x0000, 0x0000, 0x0000, 0x0001, 0x0001,
0x0001, 0x0000, 0x0000, 0x0000, 0x0000, 0x0000, 0x0000, 0x0000, 0x0000, 0x0000, 0x0042, 0x0021, 0x0000, 0x0000, 0x0000, 0x0000,
0x0000, 0x0000, 0x0001, 0x0021, 0x0883, 0x0948, 0x0969, 0x1169, 0x1169, 0x1169, 0x1189, 0x0989, 0x1189, 0x1189, 0x1189, 0x1189,
0x0989, 0x0989, 0x1169, 0x1168, 0x1148, 0x1106, 0x0041, 0x0000, 0x0042, 0x1168, 0x0969, 0x0969, 0x1169, 0x1169, 0x1169, 0x0969,
0x0969, 0x1169, 0x1169, 0x0969, 0x1189, 0x0989, 0x1189, 0x1189, 0x1189, 0x1189, 0x1169, 0x08c5, 0x0863, 0x0042, 0x0020, 0x00a3,
0x0083, 0x0021, 0x0042, 0x0000, 0x0021, 0x0062, 0x0000, 0x0000, 0x0062, 0x08c4, 0x08c4, 0x08c4, 0x08e5, 0x0906, 0x0905, 0x08c4,
0x08a3, 0x0041, 0x0062, 0x08a3, 0x0082, 0x0062, 0x08a3, 0x08c4, 0x08c4, 0x08c4, 0x08c4, 0x08c4, 0x08c4, 0x08c4, 0x08a3, 0x08c4,
0x08e5, 0x08e5, 0x08e5, 0x0905, 0x0905, 0x0905, 0x0905, 0x0905, 0x08e5, 0x0905, 0x0905, 0x0905, 0x0905, 0x08e5, 0x08e5, 0x1105,
0x0905, 0x08e5, 0x08e5, 0x1105, 0x08a3, 0x0882, 0x08a3, 0x1105, 0x1105, 0x1105, 0x1105, 0x1105, 0x1105, 0x1105, 0x1105, 0x08e5,
0x08e5, 0x08e5, 0x08e5, 0x1106, 0x1105, 0x1105, 0x1106, 0x1106, 0x1106, 0x08e5, 0x1105, 0x10e5, 0x08a3, 0x08a3, 0x08c4, 0x08c4,
0x08c4, 0x08c4, 0x08c4, 0x08c4, 0x08e4, 0x10e5, 0x08c4, 0x08c4, 0x08e4, 0x08e4, 0x08e4, 0x08c4, 0x08c4, 0x08c4, 0x08a3, 0x08c3,
0x08c3, 0x08c4, 0x08c3, 0x10e4, 0x0882, 0x10c4, 0x10c4, 0x10c3, 0x10a3, 0x10c4, 0x10c4, 0x10a3, 0x08a3, 0x08a3, 0x08a3, 0x1105,
0x1126, 0x1126, 0x1126, 0x1126, 0x1105, 0x10e4, 0x1105, 0x10e5, 0x10c4, 0x08a3, 0x10c4, 0x10c4, 0x10a3, 0x0883, 0x0883, 0x1105,
0x1905, 0x1105, 0x1105, 0x1126, 0x1126, 0x1105, 0x10c4, 0x10e4, 0x1926, 0x1925, 0x1105, 0x1105, 0x1105, 0x1105, 0x1105, 0x1905,
0x10e4, 0x0862, 0x0841, 0x0841, 0x1082, 0x1882, 0x1882, 0x1082, 0x10c3, 0x1905, 0x1905, 0x1105, 0x1905, 0x1105, 0x10a3, 0x0020,
0x18c3, 0x10a3, 0x0862, 0x08a4, 0x08a4, 0x0042, 0x0861, 0x18a3, 0x10a3, 0x0862, 0x0021, 0x0021, 0x0021, 0x0841, 0x1082, 0x0841,
0x1082, 0x1082, 0x18a2, 0x18a2, 0x18a2, 0x18a2, 0x18c3, 0x18a3, 
/* -89- */
0x0989, 0x0989, 0x0989, 0x0969, 0x1169, 0x0884, 0x10e5, 0x0000, 0x0000, 0x0022, 0x1148, 0x0968, 0x0969, 0x1189, 0x1189, 0x1189,
0x1169, 0x1169, 0x0968, 0x08e6, 0x0883, 0x10c4, 0x0000, 0x0000, 0x0000, 0x0000, 0x0000, 0x0000, 0x0000, 0x0000, 0x0001, 0x0001,
0x0001, 0x0001, 0x0001, 0x0021, 0x0001, 0x0000, 0x0000, 0x0000, 0x0000, 0x0000, 0x08a4, 0x10e6, 0x0021, 0x0000, 0x0001, 0x0001,
0x0021, 0x0000, 0x0000, 0x0000, 0x0001, 0x08a3, 0x1147, 0x1168, 0x1169, 0x1169, 0x1189, 0x0989, 0x0989, 0x1189, 0x0989, 0x1189,
0x0989, 0x0989, 0x1189, 0x08a5, 0x0884, 0x0863, 0x0021, 0x0001, 0x0021, 0x0906, 0x1169, 0x1169, 0x1169, 0x1189, 0x0969, 0x0969,
0x0969, 0x1169, 0x0969, 0x0969, 0x0989, 0x0989, 0x0989, 0x0989, 0x0989, 0x0989, 0x1148, 0x0883, 0x0042, 0x0000, 0x0062, 0x0083,
0x0083, 0x0042, 0x0063, 0x0000, 0x0021, 0x0062, 0x0000, 0x0000, 0x0062, 0x08e5, 0x08e5, 0x08c4, 0x08c5, 0x0906, 0x0906, 0x08e5,
0x0083, 0x0041, 0x0062, 0x08a3, 0x0082, 0x0062, 0x00a3, 0x08c4, 0x08c4, 0x08c4, 0x08c4, 0x08c4, 0x08c4, 0x08a4, 0x08c4, 0x08e5,
0x08e5, 0x08e5, 0x0905, 0x08e5, 0x0905, 0x1105, 0x0905, 0x0905, 0x0905, 0x08e5, 0x0905, 0x0905, 0x0905, 0x08e5, 0x08e5, 0x0905,
0x0905, 0x0905, 0x08e5, 0x08e4, 0x0883, 0x0882, 0x08a3, 0x1105, 0x1105, 0x1105, 0x1105, 0x1105, 0x1105, 0x08e5, 0x0905, 0x08e5,
0x08e5, 0x08e5, 0x0905, 0x1105, 0x1105, 0x1105, 0x1106, 0x1105, 0x1105, 0x08e4, 0x10e5, 0x10e5, 0x08a3, 0x08a3, 0x08a4, 0x08c4,
0x08c4, 0x08c4, 0x08c4, 0x08c4, 0x08c4, 0x08c4, 0x10c4, 0x08e4, 0x08e4, 0x10e5, 0x08e4, 0x08c4, 0x08c4, 0x08c4, 0x10c4, 0x08c4,
0x10e5, 0x10e5, 0x1105, 0x08c3, 0x08a3, 0x10e4, 0x08a3, 0x0882, 0x0882, 0x10c4, 0x08c3, 0x08c4, 0x1105, 0x1105, 0x1126, 0x1126,
0x1126, 0x1126, 0x1126, 0x1125, 0x08a3, 0x10c3, 0x10e4, 0x10e5, 0x10e4, 0x0882, 0x0042, 0x0062, 0x08a3, 0x10e4, 0x1105, 0x1105,
0x1125, 0x1105, 0x1105, 0x1926, 0x1126, 0x1925, 0x10c4, 0x10e4, 0x1925, 0x1925, 0x1905, 0x10e4, 0x10e4, 0x10e4, 0x0862, 0x0041,
0x0862, 0x1041, 0x1041, 0x1061, 0x1082, 0x1882, 0x1082, 0x1882, 0x10a3, 0x1905, 0x1905, 0x1905, 0x1905, 0x1925, 0x10a3, 0x0020,
0x18c4, 0x18e5, 0x10c4, 0x08a4, 0x08a4, 0x0042, 0x0021, 0x0042, 0x0041, 0x0041, 0x0842, 0x0862, 0x1082, 0x1882, 0x1062, 0x0841,
0x10a3, 0x18a3, 0x18a2, 0x18a3, 0x18a3, 0x18a3, 0x18a3, 0x18a3, 
/* -90- */
0x0989, 0x1189, 0x1189, 0x1169, 0x1189, 0x08a4, 0x08e6, 0x0021, 0x0001, 0x0042, 0x0948, 0x0968, 0x0968, 0x1168, 0x0968, 0x1168,
0x0947, 0x0947, 0x1147, 0x08e5, 0x0863, 0x10e5, 0x0001, 0x0000, 0x0000, 0x0000, 0x0000, 0x0000, 0x0000, 0x0001, 0x0001, 0x0001,
0x0001, 0x0001, 0x0001, 0x0021, 0x0021, 0x0021, 0x0021, 0x0000, 0x0000, 0x0000, 0x0062, 0x08a4, 0x0021, 0x0000, 0x0000, 0x0000,
0x0000, 0x0000, 0x0000, 0x0000, 0x0000, 0x0001, 0x0042, 0x0863, 0x1127, 0x1148, 0x1169, 0x0989, 0x0989, 0x0989, 0x0989, 0x1189,
0x0969, 0x0969, 0x0989, 0x0884, 0x08a4, 0x08a4, 0x0021, 0x0001, 0x0021, 0x1106, 0x1169, 0x1189, 0x1189, 0x0989, 0x0989, 0x0969,
0x0969, 0x0969, 0x0989, 0x0989, 0x0969, 0x0969, 0x0989, 0x0989, 0x0969, 0x0968, 0x08c4, 0x0062, 0x0021, 0x0021, 0x0042, 0x0083,
0x0082, 0x0042, 0x0083, 0x0000, 0x0021, 0x0862, 0x0000, 0x0000, 0x0883, 0x0906, 0x08e5, 0x08c4, 0x08e5, 0x0906, 0x0906, 0x08e5,
0x0083, 0x0041, 0x0882, 0x08a3, 0x0062, 0x0062, 0x00a3, 0x08c4, 0x08c4, 0x08c3, 0x08c4, 0x08c4, 0x08c4, 0x08a4, 0x08a4, 0x08e5,
0x08e5, 0x08e5, 0x0905, 0x0905, 0x0905, 0x0905, 0x0905, 0x08e5, 0x0905, 0x0905, 0x0905, 0x0905, 0x0905, 0x0905, 0x0905, 0x0905,
0x08e5, 0x0905, 0x10e5, 0x08a4, 0x0883, 0x0883, 0x08c4, 0x10e5, 0x0905, 0x1105, 0x08e5, 0x0905, 0x1105, 0x0905, 0x0905, 0x0905,
0x0906, 0x08e5, 0x1106, 0x0905, 0x08e5, 0x10e5, 0x08e5, 0x08e5, 0x08c4, 0x08e5, 0x08e5, 0x1105, 0x0882, 0x0882, 0x08a3, 0x08a3,
0x08c4, 0x08c4, 0x08c4, 0x08c4, 0x08c4, 0x08c3, 0x10c4, 0x10e5, 0x1105, 0x08e5, 0x08c4, 0x08c4, 0x08c4, 0x10e5, 0x08e4, 0x08e4,
0x10e5, 0x10e4, 0x10c4, 0x08c3, 0x08a3, 0x10c4, 0x08a3, 0x08a3, 0x08c3, 0x08c3, 0x08c4, 0x1105, 0x1106, 0x1126, 0x1126, 0x1126,
0x1126, 0x1126, 0x1126, 0x1125, 0x08a3, 0x10a3, 0x0883, 0x10c4, 0x08c4, 0x08c4, 0x1105, 0x1105, 0x1926, 0x1125, 0x1125, 0x1125,
0x1125, 0x1105, 0x1105, 0x1105, 0x1105, 0x1905, 0x10a3, 0x10c3, 0x10e4, 0x10e5, 0x10a3, 0x0842, 0x0841, 0x0841, 0x1062, 0x1082,
0x18c3, 0x1882, 0x1062, 0x1061, 0x1082, 0x1882, 0x1882, 0x10a3, 0x18e5, 0x1905, 0x1925, 0x1926, 0x1925, 0x1925, 0x10c3, 0x0020,
0x20e4, 0x1905, 0x1105, 0x08a4, 0x0883, 0x0021, 0x0021, 0x0882, 0x1083, 0x0862, 0x1083, 0x18a3, 0x18a2, 0x18a2, 0x1062, 0x0021,
0x10a2, 0x18a3, 0x18a3, 0x18a3, 0x18a3, 0x18a3, 0x18a3, 0x18a3, 
/* -91- */
0x0989, 0x0989, 0x1189, 0x0989, 0x1189, 0x08a4, 0x08c4, 0x0021, 0x0001, 0x0883, 0x0968, 0x0948, 0x08c5, 0x08c5, 0x0906, 0x0906,
0x08a4, 0x0927, 0x1127, 0x08e5, 0x0883, 0x10c5, 0x0000, 0x0000, 0x0000, 0x0000, 0x0000, 0x0001, 0x0001, 0x0001, 0x0001, 0x0001,
0x0001, 0x0000, 0x0001, 0x0021, 0x0021, 0x0021, 0x0021, 0x0000, 0x0000, 0x0000, 0x08e5, 0x1147, 0x0021, 0x0000, 0x0000, 0x0000,
0x0000, 0x0000, 0x0000, 0x0000, 0x0000, 0x0000, 0x0000, 0x0000, 0x0021, 0x08a4, 0x1127, 0x1168, 0x0969, 0x0969, 0x0989, 0x0989,
0x0989, 0x0989, 0x1168, 0x0884, 0x08e6, 0x08e5, 0x0021, 0x0000, 0x0021, 0x08a4, 0x0948, 0x0989, 0x1189, 0x1189, 0x1189, 0x1189,
0x1189, 0x0989, 0x0989, 0x0969, 0x0969, 0x0969, 0x0989, 0x0989, 0x0969, 0x1126, 0x0862, 0x0041, 0x0041, 0x0041, 0x0062, 0x0083,
0x0082, 0x0042, 0x0883, 0x0001, 0x0021, 0x0862, 0x0000, 0x0000, 0x0883, 0x0906, 0x0906, 0x08a4, 0x08e5, 0x0906, 0x0906, 0x08c4,
0x0062, 0x0041, 0x0082, 0x08a3, 0x0082, 0x0062, 0x08a3, 0x08c4, 0x08c4, 0x08c3, 0x08c4, 0x08c4, 0x08c4, 0x08a4, 0x08a4, 0x08e5,
0x08e5, 0x08e5, 0x08e5, 0x08e5, 0x08e5, 0x08e5, 0x08e5, 0x08e5, 0x0905, 0x0905, 0x0905, 0x0905, 0x0905, 0x0905, 0x08e5, 0x08e5,
0x08e5, 0x1105, 0x08e5, 0x08a3, 0x0883, 0x0862, 0x10e4, 0x10e5, 0x08e5, 0x08e5, 0x08e5, 0x0905, 0x08e5, 0x08e5, 0x08e5, 0x08e5,
0x0905, 0x08c4, 0x08e5, 0x1106, 0x1105, 0x10e5, 0x08e5, 0x08e5, 0x08e5, 0x1105, 0x08e5, 0x1105, 0x0882, 0x0882, 0x0883, 0x08a3,
0x08c4, 0x08a4, 0x08c4, 0x08c4, 0x08c4, 0x08c4, 0x1105, 0x08e4, 0x08c4, 0x08c4, 0x08c4, 0x08c4, 0x08c4, 0x08e4, 0x08c4, 0x08a3,
0x08c4, 0x08c4, 0x08a3, 0x08a3, 0x08a3, 0x10c4, 0x08c3, 0x08c3, 0x08c4, 0x08c4, 0x1105, 0x1126, 0x1126, 0x1105, 0x1105, 0x1106,
0x1126, 0x0926, 0x0906, 0x10e5, 0x08c3, 0x08c4, 0x10e4, 0x1105, 0x10e4, 0x0883, 0x1925, 0x1126, 0x1125, 0x1125, 0x1125, 0x1125,
0x1125, 0x1105, 0x1105, 0x1105, 0x10e5, 0x10e4, 0x0862, 0x0862, 0x1082, 0x1062, 0x1062, 0x1082, 0x1882, 0x1882, 0x1882, 0x10a2,
0x10a3, 0x1082, 0x1082, 0x1082, 0x1882, 0x1082, 0x1882, 0x18a3, 0x1905, 0x1905, 0x1905, 0x1905, 0x1905, 0x1905, 0x08a3, 0x0020,
0x2125, 0x1905, 0x1105, 0x08a4, 0x0883, 0x0021, 0x0841, 0x10a3, 0x10a3, 0x1083, 0x1083, 0x18a2, 0x18a2, 0x18a3, 0x1082, 0x0021,
0x10a2, 0x18a2, 0x18a2, 0x18a2, 0x18a2, 0x18a2, 0x18a2, 0x18a3, 
/* -92- */
0x1189, 0x1189, 0x1189, 0x0969, 0x1189, 0x08a4, 0x08a4, 0x0000, 0x0000, 0x0883, 0x0968, 0x0947, 0x0042, 0x0041, 0x08e5, 0x08a4,
0x0062, 0x1147, 0x1127, 0x08e5, 0x0083, 0x08a3, 0x0000, 0x0000, 0x0000, 0x0000, 0x0000, 0x0001, 0x0001, 0x0000, 0x0001, 0x0000,
0x0000, 0x0000, 0x0001, 0x0021, 0x0021, 0x0021, 0x0021, 0x0000, 0x0000, 0x0000, 0x08e5, 0x1147, 0x0021, 0x0000, 0x0000, 0x0000,
0x0000, 0x0000, 0x0883, 0x0883, 0x0001, 0x0000, 0x0000, 0x0000, 0x0000, 0x0001, 0x0042, 0x08a4, 0x1148, 0x1169, 0x0969, 0x0969,
0x0989, 0x0969, 0x0968, 0x0884, 0x08e6, 0x08c5, 0x0021, 0x0001, 0x0021, 0x0883, 0x0927, 0x0969, 0x0989, 0x0989, 0x1189, 0x1189,
0x1189, 0x0989, 0x0989, 0x0969, 0x0969, 0x0969, 0x0989, 0x0969, 0x1148, 0x0883, 0x0862, 0x0041, 0x0041, 0x0041, 0x0082, 0x00a3,
0x0082, 0x0042, 0x0883, 0x0021, 0x0021, 0x0862, 0x0000, 0x0000, 0x0062, 0x0906, 0x0906, 0x00a4, 0x08e5, 0x0906, 0x0905, 0x08c4,
0x0082, 0x0041, 0x0883, 0x08a3, 0x0082, 0x0062, 0x08a3, 0x08c4, 0x08c4, 0x08c4, 0x08c4, 0x08e4, 0x08c4, 0x00a3, 0x08a4, 0x08e5,
0x08e5, 0x08e5, 0x08e5, 0x08e5, 0x0905, 0x08e5, 0x08e5, 0x0905, 0x0905, 0x0905, 0x0905, 0x0905, 0x0905, 0x0905, 0x08e5, 0x0905,
0x0905, 0x0905, 0x08c4, 0x0883, 0x0882, 0x0882, 0x10e5, 0x10e5, 0x08e5, 0x08e5, 0x1105, 0x1105, 0x1105, 0x1105, 0x08e5, 0x08e5,
0x08e5, 0x08c4, 0x08e5, 0x1106, 0x1105, 0x1105, 0x0905, 0x1105, 0x1105, 0x1105, 0x08e5, 0x10e5, 0x0862, 0x0883, 0x0883, 0x08a3,
0x08c4, 0x08a4, 0x08c3, 0x08a3, 0x10c4, 0x08a3, 0x1105, 0x08e4, 0x08c4, 0x10e4, 0x08e4, 0x08c4, 0x08e4, 0x08c4, 0x08a3, 0x08a3,
0x08a3, 0x08a3, 0x08a3, 0x08a3, 0x08a3, 0x08c3, 0x08a3, 0x08c3, 0x08c4, 0x10e5, 0x1126, 0x1126, 0x1105, 0x10e5, 0x08e4, 0x1105,
0x1105, 0x0905, 0x0905, 0x1105, 0x1105, 0x1106, 0x1126, 0x1126, 0x10e5, 0x0883, 0x1926, 0x1126, 0x1125, 0x1105, 0x10e4, 0x1925,
0x1925, 0x10e4, 0x0882, 0x0882, 0x0862, 0x0882, 0x1082, 0x1082, 0x1882, 0x1882, 0x1062, 0x1882, 0x1882, 0x1882, 0x1882, 0x1082,
0x10a3, 0x1082, 0x1082, 0x1882, 0x18a3, 0x1083, 0x10a3, 0x10c4, 0x1905, 0x1905, 0x10c4, 0x08a3, 0x0882, 0x10e4, 0x10c4, 0x0021,
0x2125, 0x1926, 0x1105, 0x08a4, 0x08a3, 0x0021, 0x0841, 0x10a3, 0x10a3, 0x1083, 0x1083, 0x18a2, 0x18a2, 0x18a3, 0x1062, 0x0821,
0x1082, 0x18a3, 0x18a3, 0x18a3, 0x18a3, 0x1062, 0x0862, 0x0841, 
/* -93- */
0x0884, 0x0884, 0x0884, 0x0884, 0x08c4, 0x0862, 0x0882, 0x0000, 0x0000, 0x0842, 0x08c5, 0x08a4, 0x0021, 0x0021, 0x0062, 0x0020,
0x0000, 0x0063, 0x0863, 0x0883, 0x0042, 0x0882, 0x0000, 0x0000, 0x0000, 0x0000, 0x0000, 0x0000, 0x0001, 0x0000, 0x0000, 0x0000,
0x0000, 0x0000, 0x0000, 0x0000, 0x0000, 0x0000, 0x0000, 0x0000, 0x0000, 0x0000, 0x0863, 0x1147, 0x0021, 0x0000, 0x0000, 0x0000,
0x0000, 0x0000, 0x08a4, 0x0884, 0x0863, 0x0883, 0x0021, 0x0000, 0x0000, 0x0000, 0x0000, 0x0021, 0x0862, 0x1127, 0x1168, 0x0969,
0x0969, 0x0969, 0x1168, 0x0884, 0x08e6, 0x08c5, 0x0021, 0x0001, 0x0000, 0x0042, 0x0927, 0x0969, 0x0989, 0x1189, 0x1189, 0x1189,
0x1189, 0x0989, 0x0989, 0x0989, 0x0989, 0x0989, 0x0989, 0x1168, 0x08e5, 0x0883, 0x0042, 0x0062, 0x0041, 0x0062, 0x0083, 0x08a3,
0x0082, 0x0062, 0x0883, 0x0020, 0x0041, 0x0882, 0x0000, 0x0000, 0x0883, 0x0906, 0x08e5, 0x0083, 0x08e5, 0x0906, 0x0905, 0x08a3,
0x0082, 0x0041, 0x0082, 0x08a3, 0x0082, 0x0062, 0x0883, 0x08c4, 0x08c4, 0x08c4, 0x08c4, 0x08c4, 0x08c4, 0x08c4, 0x08c4, 0x08e5,
0x08e5, 0x08e5, 0x08e5, 0x08e5, 0x0905, 0x0905, 0x0905, 0x08e5, 0x0905, 0x1105, 0x1105, 0x0905, 0x0905, 0x0905, 0x1105, 0x0905,
0x0905, 0x10e5, 0x08a4, 0x0883, 0x0883, 0x0883, 0x0883, 0x1105, 0x1105, 0x1105, 0x1105, 0x1105, 0x08e5, 0x08e5, 0x08e5, 0x08e5,
0x1105, 0x08c4, 0x08c4, 0x08e5, 0x08e5, 0x08e5, 0x08e5, 0x1105, 0x1105, 0x1106, 0x08e5, 0x10e5, 0x0862, 0x08a3, 0x0882, 0x08c3,
0x08c4, 0x08a3, 0x08a3, 0x08a3, 0x08a3, 0x08a3, 0x1105, 0x1105, 0x08c4, 0x08e4, 0x1105, 0x08e4, 0x08c4, 0x10c4, 0x08a3, 0x08a3,
0x08a3, 0x08c4, 0x08a3, 0x08a3, 0x08c3, 0x08c3, 0x08a3, 0x08a3, 0x10e4, 0x1105, 0x1105, 0x1105, 0x10e5, 0x10c4, 0x08c3, 0x10c4,
0x10e4, 0x10e5, 0x1126, 0x1126, 0x1126, 0x1126, 0x1126, 0x1126, 0x1105, 0x0883, 0x1905, 0x1126, 0x1925, 0x1905, 0x18e4, 0x0883,
0x0883, 0x0862, 0x0841, 0x1061, 0x18a3, 0x1082, 0x1882, 0x18a2, 0x1882, 0x1882, 0x1082, 0x1882, 0x1882, 0x1882, 0x1882, 0x1062,
0x18c3, 0x1882, 0x1882, 0x1882, 0x18a3, 0x18e4, 0x18e4, 0x10e5, 0x10c4, 0x10a3, 0x0882, 0x0862, 0x1925, 0x1926, 0x10c4, 0x0041,
0x2125, 0x1926, 0x1105, 0x08a4, 0x0883, 0x0021, 0x0841, 0x10a3, 0x1083, 0x1083, 0x10a3, 0x18a3, 0x18a2, 0x18a3, 0x1062, 0x0021,
0x1082, 0x18a3, 0x10a3, 0x0841, 0x0842, 0x0842, 0x0862, 0x0842, 
/* -94- */
0x0000, 0x0000, 0x0000, 0x0000, 0x0000, 0x0000, 0x0000, 0x0000, 0x0001, 0x0000, 0x0021, 0x0001, 0x0000, 0x0000, 0x0000, 0x0000,
0x0000, 0x0000, 0x0000, 0x0000, 0x0000, 0x0000, 0x0000, 0x0000, 0x0000, 0x0000, 0x0000, 0x0001, 0x0001, 0x0000, 0x0000, 0x0000,
0x0001, 0x0000, 0x0000, 0x0000, 0x0000, 0x0000, 0x0000, 0x0000, 0x0000, 0x0021, 0x0883, 0x08a4, 0x0001, 0x0000, 0x0000, 0x0000,
0x0000, 0x0000, 0x0863, 0x0863, 0x08a3, 0x0948, 0x0906, 0x0883, 0x0001, 0x0000, 0x0000, 0x0000, 0x0000, 0x0021, 0x08e5, 0x1168,
0x0968, 0x0968, 0x1189, 0x08c5, 0x1127, 0x1127, 0x0042, 0x0001, 0x0020, 0x10c4, 0x1127, 0x0969, 0x1189, 0x1189, 0x1189, 0x1189,
0x1189, 0x0989, 0x0989, 0x1189, 0x0989, 0x0989, 0x0989, 0x1148, 0x0063, 0x0062, 0x0042, 0x0082, 0x0061, 0x0082, 0x00a3, 0x08c4,
0x00a3, 0x0062, 0x0883, 0x0001, 0x0021, 0x0062, 0x0000, 0x0000, 0x08a3, 0x0906, 0x08c4, 0x0082, 0x08c4, 0x0906, 0x0905, 0x08a3,
0x0082, 0x0041, 0x0062, 0x0082, 0x0082, 0x0062, 0x08a3, 0x08c4, 0x08a3, 0x08c4, 0x08c4, 0x08c4, 0x08c4, 0x08c4, 0x08e4, 0x08e5,
0x08e5, 0x08e5, 0x08e5, 0x08e5, 0x0905, 0x0905, 0x08e5, 0x0905, 0x0905, 0x1105, 0x0905, 0x0905, 0x0905, 0x0905, 0x0905, 0x0905,
0x0905, 0x08e4, 0x08a3, 0x0883, 0x0882, 0x0883, 0x08a4, 0x10e5, 0x10e5, 0x1105, 0x0905, 0x1105, 0x1105, 0x1105, 0x08e5, 0x08e5,
0x08e5, 0x08c4, 0x08c4, 0x0905, 0x1106, 0x10e5, 0x08c4, 0x1105, 0x1105, 0x1105, 0x0905, 0x1105, 0x0862, 0x08a2, 0x0882, 0x08c3,
0x08c4, 0x08a3, 0x08a3, 0x08a3, 0x08a3, 0x08a3, 0x1105, 0x08e5, 0x08e4, 0x08e4, 0x10e5, 0x08e4, 0x08e4, 0x08c4, 0x08a3, 0x08a3,
0x08a3, 0x08a3, 0x08a3, 0x08c4, 0x08a4, 0x08c4, 0x08a3, 0x08c4, 0x10e5, 0x1105, 0x10e5, 0x10e4, 0x0883, 0x0882, 0x0862, 0x08a3,
0x0883, 0x08c4, 0x1126, 0x1146, 0x1126, 0x1126, 0x1126, 0x1126, 0x1106, 0x10c4, 0x1905, 0x1905, 0x1905, 0x0883, 0x0841, 0x0841,
0x1062, 0x1062, 0x1862, 0x1882, 0x10a3, 0x1082, 0x1882, 0x1882, 0x1882, 0x1882, 0x1882, 0x18a2, 0x1882, 0x1882, 0x1082, 0x10a3,
0x18e4, 0x1882, 0x1082, 0x0862, 0x0862, 0x10a3, 0x10a3, 0x10c4, 0x10a3, 0x10a3, 0x0862, 0x1905, 0x1926, 0x1946, 0x10c4, 0x0041,
0x2125, 0x1946, 0x1126, 0x08c5, 0x0883, 0x0041, 0x0841, 0x10a3, 0x1083, 0x1083, 0x10a3, 0x18a3, 0x18a3, 0x18a2, 0x1062, 0x0041,
0x0041, 0x0021, 0x0042, 0x0862, 0x0862, 0x10c4, 0x18e5, 0x18e5, 
/* -95- */
0x0001, 0x0000, 0x0021, 0x0021, 0x0000, 0x0000, 0x0000, 0x0000, 0x0000, 0x0000, 0x0001, 0x0000, 0x0000, 0x0000, 0x0000, 0x0000,
0x0000, 0x0000, 0x0000, 0x0000, 0x0000, 0x0000, 0x0000, 0x0000, 0x0000, 0x0000, 0x0000, 0x0000, 0x0000, 0x0000, 0x0001, 0x0000,
0x0000, 0x0000, 0x0000, 0x0000, 0x0000, 0x0000, 0x0000, 0x0000, 0x0000, 0x0000, 0x0000, 0x0041, 0x0000, 0x0000, 0x0000, 0x0000,
0x0000, 0x0000, 0x08a5, 0x08e5, 0x08c5, 0x0969, 0x0969, 0x1148, 0x0883, 0x0021, 0x0000, 0x0000, 0x0000, 0x0000, 0x0021, 0x08e5,
0x1168, 0x0969, 0x1189, 0x08c5, 0x0927, 0x0906, 0x0021, 0x0000, 0x0000, 0x0883, 0x0927, 0x0969, 0x1189, 0x1189, 0x1189, 0x0989,
0x0989, 0x0969, 0x0969, 0x1169, 0x1189, 0x0989, 0x1189, 0x08c4, 0x0863, 0x0021, 0x0062, 0x0082, 0x0062, 0x00a3, 0x00a4, 0x00c4,
0x0083, 0x0062, 0x0883, 0x0021, 0x0021, 0x0062, 0x0020, 0x0000, 0x08a3, 0x0905, 0x00a4, 0x0082, 0x08e5, 0x0926, 0x08e5, 0x08a3,
0x0062, 0x0041, 0x0082, 0x08a3, 0x0082, 0x0082, 0x08a3, 0x08c4, 0x00a3, 0x08c4, 0x08c4, 0x08c4, 0x08c4, 0x08c4, 0x08c4, 0x08e5,
0x0905, 0x08e5, 0x08e5, 0x08e5, 0x0905, 0x0905, 0x08e5, 0x08e5, 0x0905, 0x0905, 0x0905, 0x0905, 0x0905, 0x0905, 0x0905, 0x0905,
0x0905, 0x08e4, 0x0883, 0x0882, 0x0883, 0x08c4, 0x08e5, 0x1105, 0x10e5, 0x08e4, 0x08e5, 0x08e5, 0x1105, 0x1106, 0x1105, 0x08e5,
0x08e4, 0x08c4, 0x08e5, 0x1105, 0x1105, 0x08e5, 0x08a3, 0x1105, 0x1105, 0x1105, 0x1105, 0x1105, 0x0041, 0x0882, 0x08a3, 0x08c3,
0x0882, 0x10c3, 0x08a3, 0x08a3, 0x0882, 0x08c4, 0x1105, 0x08e5, 0x08e5, 0x08e5, 0x08e5, 0x08e4, 0x1105, 0x08e4, 0x08e4, 0x08e4,
0x08e4, 0x08c4, 0x08c4, 0x08c4, 0x08c4, 0x08c4, 0x08c4, 0x08c4, 0x08c4, 0x08c4, 0x08c4, 0x10c4, 0x10e4, 0x08a3, 0x1105, 0x10c4,
0x10c4, 0x10e5, 0x1126, 0x1146, 0x1126, 0x1126, 0x1106, 0x10e5, 0x10c4, 0x10a3, 0x0841, 0x0862, 0x0883, 0x1083, 0x1082, 0x1882,
0x1882, 0x1061, 0x1061, 0x1882, 0x18c3, 0x18a3, 0x1882, 0x1882, 0x1882, 0x18a2, 0x18a2, 0x18a2, 0x1082, 0x1062, 0x0841, 0x18e4,
0x10e4, 0x1082, 0x18c4, 0x18e4, 0x18e4, 0x18a3, 0x1082, 0x1082, 0x1062, 0x0862, 0x0862, 0x1946, 0x1926, 0x1926, 0x10a3, 0x0021,
0x1925, 0x1946, 0x1126, 0x08c5, 0x08a4, 0x0041, 0x0841, 0x10c4, 0x10a3, 0x0883, 0x1083, 0x10a3, 0x10a3, 0x0841, 0x0041, 0x0041,
0x0021, 0x0041, 0x1905, 0x1905, 0x18c4, 0x18a3, 0x18a3, 0x18a3, 
/* -96- */
0x08c5, 0x08c5, 0x08e5, 0x08e6, 0x08c5, 0x0021, 0x0862, 0x0001, 0x0000, 0x0042, 0x08a5, 0x0883, 0x0000, 0x0021, 0x0063, 0x0063,
0x0021, 0x0042, 0x0883, 0x0042, 0x0021, 0x0863, 0x0000, 0x0000, 0x0000, 0x0000, 0x0000, 0x0000, 0x0000, 0x0000, 0x0000, 0x0000,
0x0000, 0x0000, 0x0000, 0x0000, 0x0000, 0x0000, 0x0000, 0x0000, 0x0000, 0x0000, 0x0000, 0x0000, 0x0000, 0x0000, 0x0000, 0x0000,
0x0000, 0x0000, 0x08a4, 0x08c5, 0x08c5, 0x1168, 0x0968, 0x0968, 0x1168, 0x0906, 0x0042, 0x0000, 0x0000, 0x0001, 0x0000, 0x0863,
0x0948, 0x0989, 0x1189, 0x08a5, 0x0906, 0x08e6, 0x0021, 0x0000, 0x0041, 0x10e5, 0x1147, 0x0989, 0x0989, 0x0969, 0x0969, 0x0969,
0x0969, 0x0969, 0x0968, 0x0969, 0x0969, 0x0968, 0x0906, 0x08a4, 0x0062, 0x0041, 0x08a3, 0x0083, 0x0082, 0x0082, 0x00a4, 0x00c4,
0x00a3, 0x0062, 0x0883, 0x0021, 0x0041, 0x0083, 0x0021, 0x0000, 0x0083, 0x0905, 0x08c4, 0x00a3, 0x08e5, 0x0906, 0x08c4, 0x08a3,
0x0061, 0x0041, 0x0062, 0x08a3, 0x0082, 0x0883, 0x08a3, 0x08c4, 0x00a3, 0x08c4, 0x08a4, 0x08c4, 0x08c4, 0x08c4, 0x08c4, 0x08e5,
0x08e5, 0x08e5, 0x08e5, 0x08e5, 0x08e5, 0x08e5, 0x0905, 0x0905, 0x1105, 0x0905, 0x0905, 0x0905, 0x0905, 0x0905, 0x0905, 0x08e5,
0x08e5, 0x08a3, 0x0883, 0x0883, 0x08a3, 0x0883, 0x10e5, 0x1105, 0x10e5, 0x08c4, 0x08e5, 0x08e5, 0x08e5, 0x08e5, 0x1105, 0x08e5,
0x08c4, 0x08c4, 0x08e5, 0x08e5, 0x08e5, 0x08e5, 0x08e5, 0x1106, 0x1105, 0x1105, 0x1105, 0x10e4, 0x0882, 0x08a3, 0x08a3, 0x08a3,
0x0882, 0x08a3, 0x08a3, 0x0882, 0x08a3, 0x08c4, 0x08c4, 0x08e5, 0x08e5, 0x1105, 0x08e5, 0x08e4, 0x08e4, 0x08e4, 0x08e4, 0x08c4,
0x08c4, 0x08e4, 0x08e4, 0x08e4, 0x08c4, 0x08c4, 0x08c4, 0x08c4, 0x10e4, 0x08a3, 0x08a3, 0x10e4, 0x1105, 0x08e5, 0x1126, 0x1105,
0x1105, 0x1126, 0x1126, 0x1126, 0x1106, 0x10e5, 0x10a3, 0x1082, 0x1062, 0x1062, 0x1062, 0x1082, 0x10a3, 0x10a3, 0x1082, 0x1882,
0x1882, 0x1082, 0x1062, 0x1882, 0x18a2, 0x18a3, 0x18a2, 0x1882, 0x18a2, 0x18a3, 0x18c3, 0x18e4, 0x10a3, 0x1083, 0x0882, 0x10a3,
0x10c3, 0x18c3, 0x1882, 0x1882, 0x1882, 0x1882, 0x1882, 0x1082, 0x1062, 0x0841, 0x0862, 0x1926, 0x1926, 0x1926, 0x10a3, 0x0021,
0x2126, 0x1946, 0x1106, 0x08c5, 0x08a4, 0x0041, 0x0041, 0x08a3, 0x08a3, 0x0883, 0x0062, 0x0862, 0x0841, 0x0862, 0x0862, 0x0862,
0x0862, 0x1062, 0x18a3, 0x18a3, 0x18a3, 0x18a2, 0x18a3, 0x18a3, 
/* -97- */
0x0968, 0x0968, 0x0968, 0x0968, 0x1168, 0x0883, 0x10c5, 0x0021, 0x0001, 0x0063, 0x0947, 0x0906, 0x0000, 0x0083, 0x0927, 0x0906,
0x0862, 0x08a4, 0x1127, 0x08a4, 0x0863, 0x10e6, 0x0000, 0x0000, 0x0000, 0x0000, 0x0000, 0x0000, 0x0000, 0x0001, 0x0000, 0x0000,
0x0000, 0x0000, 0x0000, 0x0042, 0x0021, 0x0883, 0x0001, 0x0000, 0x0000, 0x0000, 0x0000, 0x0000, 0x0000, 0x0000, 0x0000, 0x0000,
0x0021, 0x0000, 0x0042, 0x0862, 0x08c4, 0x1147, 0x1168, 0x0989, 0x1189, 0x0968, 0x08a4, 0x0042, 0x0001, 0x0001, 0x0000, 0x0862,
0x0948, 0x0989, 0x1189, 0x08a4, 0x08c5, 0x08a3, 0x0000, 0x0000, 0x0042, 0x10c4, 0x1126, 0x1168, 0x1168, 0x1168, 0x0968, 0x1168,
0x1148, 0x1168, 0x1168, 0x0969, 0x0968, 0x0906, 0x08a4, 0x0863, 0x0062, 0x08a3, 0x08c4, 0x0083, 0x0062, 0x0082, 0x08c4, 0x00c5,
0x00a3, 0x0062, 0x0883, 0x0021, 0x0041, 0x0883, 0x0020, 0x0020, 0x0062, 0x08e5, 0x08e5, 0x08e4, 0x0906, 0x0906, 0x08c4, 0x0883,
0x0062, 0x0041, 0x0082, 0x08a3, 0x0082, 0x0083, 0x08a3, 0x08c4, 0x00a3, 0x08c4, 0x08c5, 0x08e5, 0x08e5, 0x08c4, 0x08c4, 0x08e5,
0x10e5, 0x08e5, 0x08e5, 0x0905, 0x08e5, 0x0905, 0x0905, 0x0905, 0x0905, 0x0905, 0x0905, 0x0905, 0x0905, 0x0905, 0x0905, 0x0905,
0x10e5, 0x08c4, 0x08a3, 0x08a3, 0x08a3, 0x0883, 0x08e4, 0x0905, 0x1105, 0x1105, 0x1105, 0x08e5, 0x08e5, 0x08e5, 0x10e5, 0x10e5,
0x08e5, 0x08c4, 0x08e4, 0x08e5, 0x08e5, 0x08e5, 0x1105, 0x1105, 0x10e5, 0x10e5, 0x10e4, 0x10c4, 0x0882, 0x08a3, 0x08a3, 0x0882,
0x0862, 0x08a3, 0x08a3, 0x08a3, 0x10e4, 0x08c4, 0x08e4, 0x08e4, 0x08e5, 0x08e5, 0x08e5, 0x08e4, 0x08e4, 0x08e4, 0x08c4, 0x08c4,
0x08c4, 0x1105, 0x1105, 0x1105, 0x08e4, 0x08c4, 0x08c4, 0x0883, 0x08a3, 0x08c4, 0x10e4, 0x1106, 0x1126, 0x1126, 0x1126, 0x1105,
0x1125, 0x1126, 0x1126, 0x1126, 0x10e5, 0x1082, 0x1062, 0x1061, 0x1061, 0x1062, 0x1882, 0x1082, 0x10a3, 0x1082, 0x1082, 0x1882,
0x1882, 0x1882, 0x1882, 0x1882, 0x18a3, 0x18e4, 0x1082, 0x1082, 0x1083, 0x18c3, 0x18e4, 0x18c4, 0x18a3, 0x18a3, 0x10a3, 0x1062,
0x1062, 0x1082, 0x1882, 0x1082, 0x1082, 0x1082, 0x1082, 0x1082, 0x1082, 0x0841, 0x0862, 0x1925, 0x1126, 0x1126, 0x10a3, 0x0021,
0x2126, 0x1946, 0x1105, 0x08c5, 0x08c4, 0x0021, 0x0021, 0x0062, 0x0042, 0x0042, 0x0862, 0x0862, 0x1062, 0x18a2, 0x18a3, 0x18a2,
0x18a2, 0x1882, 0x18a2, 0x18a2, 0x18a2, 0x18a2, 0x18a3, 0x18a2, 
/* -98- */
0x0969, 0x0968, 0x0968, 0x0968, 0x1189, 0x08a4, 0x1106, 0x0021, 0x0000, 0x0062, 0x0927, 0x0906, 0x0000, 0x08a4, 0x0948, 0x08e6,
0x0822, 0x0842, 0x08a4, 0x0862, 0x0042, 0x08a3, 0x0000, 0x0000, 0x0000, 0x0000, 0x0000, 0x0000, 0x0000, 0x0000, 0x0000, 0x0001,
0x0000, 0x0000, 0x0000, 0x0862, 0x0042, 0x0883, 0x0001, 0x0000, 0x0000, 0x0000, 0x0000, 0x0000, 0x0000, 0x0000, 0x0000, 0x0000,
0x0000, 0x0000, 0x0000, 0x0001, 0x0021, 0x0042, 0x08e6, 0x0948, 0x1169, 0x0948, 0x0884, 0x10c4, 0x0021, 0x0001, 0x0001, 0x0863,
0x0948, 0x0969, 0x1147, 0x0042, 0x0041, 0x0021, 0x0000, 0x0001, 0x0021, 0x0042, 0x0842, 0x0042, 0x0042, 0x0043, 0x0043, 0x0043,
0x0042, 0x0042, 0x0884, 0x1168, 0x0968, 0x08c4, 0x0862, 0x0042, 0x08a4, 0x08c4, 0x08a4, 0x0062, 0x0062, 0x0082, 0x08c4, 0x08e5,
0x00a4, 0x0062, 0x0883, 0x0021, 0x0021, 0x08a3, 0x0020, 0x0020, 0x0062, 0x08e5, 0x0905, 0x0905, 0x0906, 0x0926, 0x08c4, 0x0083,
0x0062, 0x0041, 0x0883, 0x08a3, 0x0082, 0x0882, 0x08a3, 0x08c4, 0x00a3, 0x08e4, 0x08e5, 0x08e5, 0x08e5, 0x08c4, 0x08c4, 0x08e5,
0x08e5, 0x0905, 0x0905, 0x0905, 0x0905, 0x0905, 0x0905, 0x0905, 0x0905, 0x0905, 0x1105, 0x1105, 0x0905, 0x0905, 0x0905, 0x1105,
0x1105, 0x08a3, 0x0883, 0x0883, 0x08a3, 0x08c4, 0x1105, 0x1105, 0x1105, 0x1105, 0x1105, 0x08c4, 0x08e5, 0x08e5, 0x1105, 0x1105,
0x08e5, 0x08e5, 0x08e5, 0x08e5, 0x08e5, 0x08e5, 0x08e5, 0x08e5, 0x08e5, 0x08c4, 0x10e4, 0x10a3, 0x0882, 0x08a3, 0x08a3, 0x0882,
0x0883, 0x0882, 0x0883, 0x08a3, 0x10e4, 0x08c4, 0x08e4, 0x08e4, 0x08c4, 0x08e4, 0x08e4, 0x08e4, 0x1105, 0x08e4, 0x08c4, 0x08c4,
0x10e5, 0x10e5, 0x08e4, 0x10e5, 0x10e4, 0x10e4, 0x10e4, 0x08a3, 0x08c4, 0x1106, 0x1106, 0x1126, 0x1106, 0x1126, 0x1126, 0x1106,
0x1126, 0x1126, 0x1126, 0x1126, 0x10e4, 0x1062, 0x1882, 0x1061, 0x1061, 0x1061, 0x1061, 0x1882, 0x1082, 0x1082, 0x1882, 0x1882,
0x18a3, 0x1882, 0x1062, 0x0841, 0x1082, 0x18e4, 0x10e4, 0x10c3, 0x1083, 0x1083, 0x18c3, 0x10a3, 0x1062, 0x1882, 0x1082, 0x1082,
0x1082, 0x1082, 0x1082, 0x1082, 0x1082, 0x1082, 0x1082, 0x1882, 0x1882, 0x0841, 0x0862, 0x1905, 0x1105, 0x1105, 0x0883, 0x0021,
0x2146, 0x1946, 0x08e5, 0x08c5, 0x08a4, 0x0021, 0x0021, 0x0883, 0x0062, 0x0882, 0x1083, 0x1083, 0x18a2, 0x18a2, 0x18a2, 0x18a2,
0x1882, 0x18a2, 0x18a3, 0x18a2, 0x18a2, 0x18a2, 0x18a2, 0x18a2, 
/* -99- */
0x0969, 0x0948, 0x08a5, 0x08e6, 0x1968, 0x0884, 0x10e5, 0x0000, 0x0000, 0x0862, 0x0927, 0x08e5, 0x0001, 0x08a4, 0x1148, 0x08e6,
0x0021, 0x0021, 0x0021, 0x0021, 0x0842, 0x10a3, 0x0000, 0x0000, 0x0000, 0x0000, 0x0000, 0x0000, 0x0000, 0x0000, 0x0000, 0x0000,
0x0000, 0x0000, 0x0000, 0x0042, 0x0041, 0x0883, 0x0001, 0x0000, 0x0000, 0x0000, 0x0000, 0x0000, 0x0000, 0x0000, 0x0000, 0x0000,
0x0000, 0x0000, 0x0000, 0x0000, 0x0000, 0x0000, 0x0042, 0x1106, 0x08a4, 0x08c5, 0x0042, 0x0862, 0x0001, 0x0000, 0x0001, 0x0083,
0x0948, 0x0969, 0x1147, 0x0863, 0x08a4, 0x08c5, 0x0021, 0x0001, 0x0021, 0x0021, 0x0001, 0x0000, 0x0000, 0x0000, 0x0021, 0x0022,
0x0021, 0x0000, 0x0000, 0x1127, 0x1127, 0x0863, 0x0042, 0x0883, 0x08c4, 0x08c5, 0x08c4, 0x0082, 0x0062, 0x0082, 0x08e4, 0x08e5,
0x08c4, 0x0063, 0x0883, 0x0021, 0x0021, 0x08a3, 0x0021, 0x0021, 0x0062, 0x08e5, 0x0905, 0x0905, 0x0906, 0x0906, 0x08c4, 0x0082,
0x0061, 0x0041, 0x0062, 0x08a3, 0x0082, 0x0082, 0x08a3, 0x08c4, 0x08c4, 0x08c4, 0x08e5, 0x08e5, 0x08e4, 0x08c4, 0x08c4, 0x08e5,
0x1105, 0x0905, 0x0905, 0x08e5, 0x10e5, 0x10e5, 0x10e5, 0x08e5, 0x1105, 0x1105, 0x1105, 0x0905, 0x0905, 0x0905, 0x1105, 0x1105,
0x1105, 0x08a3, 0x08a3, 0x0882, 0x08a3, 0x10e5, 0x1105, 0x1106, 0x08e5, 0x08e5, 0x08c4, 0x08c4, 0x08c4, 0x08e5, 0x1105, 0x08e5,
0x08c4, 0x08e5, 0x0905, 0x08e5, 0x08e5, 0x1105, 0x08c4, 0x1105, 0x1105, 0x08e5, 0x1105, 0x08a3, 0x0882, 0x10a3, 0x0882, 0x0882,
0x08a3, 0x08a3, 0x08c3, 0x08a3, 0x08c4, 0x08c4, 0x1105, 0x1105, 0x1105, 0x08c4, 0x08e4, 0x08e4, 0x10e5, 0x10e5, 0x08c4, 0x08c4,
0x10e5, 0x10e5, 0x08e4, 0x10e5, 0x08c4, 0x1105, 0x10e5, 0x08a3, 0x08e5, 0x1126, 0x1126, 0x1126, 0x1126, 0x1126, 0x1126, 0x1126,
0x1126, 0x1126, 0x1126, 0x1126, 0x10c4, 0x1882, 0x1081, 0x1061, 0x1061, 0x1041, 0x1061, 0x1882, 0x10a3, 0x1083, 0x1062, 0x0862,
0x10a3, 0x1905, 0x1904, 0x10a3, 0x10e4, 0x10a3, 0x1082, 0x1082, 0x1082, 0x1082, 0x1082, 0x10a3, 0x1062, 0x1082, 0x1082, 0x1882,
0x1082, 0x1882, 0x1082, 0x1882, 0x1882, 0x1882, 0x1882, 0x1882, 0x1082, 0x0862, 0x0862, 0x0862, 0x0862, 0x10e4, 0x08a3, 0x0021,
0x2146, 0x2146, 0x08c4, 0x08c4, 0x08a4, 0x0021, 0x0841, 0x10c4, 0x08a3, 0x0883, 0x1083, 0x1883, 0x18a2, 0x18a2, 0x1882, 0x1882,
0x18a2, 0x18a3, 0x18a3, 0x18a2, 0x18a2, 0x18a2, 0x18a2, 0x18a2, 
/* -100- */
0x0969, 0x0927, 0x0063, 0x0884, 0x0884, 0x0042, 0x0021, 0x0000, 0x0000, 0x0001, 0x0042, 0x0042, 0x0021, 0x0042, 0x0863, 0x0042,
0x0000, 0x0021, 0x08c4, 0x0883, 0x08c5, 0x08c4, 0x0001, 0x0000, 0x0000, 0x0000, 0x0000, 0x0000, 0x0000, 0x0000, 0x0000, 0x0000,
0x0000, 0x0000, 0x0000, 0x0000, 0x0000, 0x0000, 0x0000, 0x0000, 0x0000, 0x0000, 0x0000, 0x0000, 0x0000, 0x0000, 0x0001, 0x0000,
0x0000, 0x0000, 0x0000, 0x0000, 0x0001, 0x0001, 0x0021, 0x0883, 0x0884, 0x1107, 0x0863, 0x0883, 0x0000, 0x0000, 0x0001, 0x0063,
0x0948, 0x1169, 0x1147, 0x0062, 0x08a4, 0x08e5, 0x0042, 0x0001, 0x0021, 0x10a3, 0x08a4, 0x1127, 0x1127, 0x1147, 0x1148, 0x1168,
0x1147, 0x0842, 0x0000, 0x1106, 0x0063, 0x0863, 0x0042, 0x08a4, 0x08c4, 0x00c4, 0x08e4, 0x00a3, 0x0062, 0x00a3, 0x00c4, 0x08e5,
0x08c4, 0x0063, 0x0883, 0x0021, 0x0021, 0x0883, 0x0021, 0x0021, 0x0062, 0x08e4, 0x08e5, 0x0905, 0x0906, 0x0905, 0x08c4, 0x0062,
0x0062, 0x0061, 0x0082, 0x08a3, 0x0882, 0x0882, 0x08c3, 0x08c4, 0x08c4, 0x08c4, 0x08c4, 0x08c4, 0x08e4, 0x08e5, 0x08e5, 0x08e5,
0x08e5, 0x0905, 0x0905, 0x0905, 0x08e5, 0x08e5, 0x08e5, 0x08e5, 0x1105, 0x1105, 0x1105, 0x0905, 0x0905, 0x0905, 0x0905, 0x1105,
0x1105, 0x08a3, 0x0883, 0x08a3, 0x08c4, 0x1105, 0x1106, 0x1106, 0x1105, 0x08e5, 0x08c4, 0x08c4, 0x08c4, 0x08e5, 0x1106, 0x08e5,
0x08c4, 0x08e5, 0x08e5, 0x08e5, 0x08e5, 0x08c4, 0x08c4, 0x08c4, 0x08e5, 0x08e5, 0x10e5, 0x08a3, 0x0861, 0x0861, 0x0882, 0x10c3,
0x08a3, 0x08c3, 0x08c3, 0x08a3, 0x08c4, 0x08c4, 0x08e4, 0x08e5, 0x08e4, 0x08c4, 0x08c4, 0x08e4, 0x08c4, 0x08e4, 0x08c4, 0x08e4,
0x1105, 0x1105, 0x08e4, 0x10e5, 0x08c4, 0x10e4, 0x08c4, 0x08c4, 0x1106, 0x1126, 0x1126, 0x1126, 0x1126, 0x1126, 0x1126, 0x1126,
0x1126, 0x1147, 0x1126, 0x1126, 0x0862, 0x1861, 0x1861, 0x1861, 0x1061, 0x1861, 0x1061, 0x1062, 0x10a3, 0x10c4, 0x10c4, 0x10c4,
0x10c4, 0x0883, 0x1062, 0x0841, 0x0841, 0x0842, 0x1062, 0x1082, 0x1062, 0x1082, 0x1082, 0x1082, 0x1082, 0x1082, 0x1082, 0x1882,
0x1882, 0x1882, 0x1082, 0x1082, 0x1062, 0x1082, 0x1061, 0x0841, 0x0862, 0x1905, 0x10c4, 0x10c4, 0x10e4, 0x10e4, 0x10a3, 0x0041,
0x2146, 0x2146, 0x10c4, 0x08a4, 0x0883, 0x0021, 0x0841, 0x10a3, 0x10c4, 0x0883, 0x10a3, 0x18a2, 0x18a2, 0x18a2, 0x1882, 0x1882,
0x1882, 0x18a3, 0x18a2, 0x18a2, 0x18a2, 0x18a3, 0x18a3, 0x18a3, 
/* -101- */
0x098a, 0x0989, 0x0927, 0x0906, 0x1169, 0x0063, 0x10c4, 0x0000, 0x0000, 0x0883, 0x1168, 0x1148, 0x0022, 0x0884, 0x0926, 0x08c4,
0x0000, 0x0041, 0x10c5, 0x0883, 0x08a4, 0x08a4, 0x0001, 0x0000, 0x0000, 0x0000, 0x0000, 0x0000, 0x0000, 0x0000, 0x0000, 0x0000,
0x0000, 0x0000, 0x0000, 0x0000, 0x0000, 0x0000, 0x0000, 0x0001, 0x0000, 0x0000, 0x0000, 0x0000, 0x0000, 0x0000, 0x0000, 0x0000,
0x0000, 0x0000, 0x0000, 0x0000, 0x0000, 0x0001, 0x0042, 0x08c5, 0x08e5, 0x1127, 0x08a4, 0x10e5, 0x0021, 0x0000, 0x0001, 0x0062,
0x0947, 0x1168, 0x1168, 0x0906, 0x0883, 0x0883, 0x0021, 0x0000, 0x0021, 0x0862, 0x08c5, 0x0989, 0x0989, 0x0989, 0x0989, 0x0989,
0x1169, 0x0863, 0x0001, 0x08a3, 0x0862, 0x0041, 0x0083, 0x08c4, 0x00c4, 0x00c4, 0x08c4, 0x00a3, 0x0062, 0x00a3, 0x00c4, 0x08e5,
0x08c4, 0x08a3, 0x08a4, 0x0021, 0x0021, 0x0883, 0x0041, 0x0021, 0x0082, 0x08e5, 0x0905, 0x0905, 0x0905, 0x08e5, 0x08a3, 0x0083,
0x0062, 0x0062, 0x0882, 0x08a3, 0x0082, 0x0882, 0x08c4, 0x08c4, 0x08c4, 0x08c4, 0x08e5, 0x08e5, 0x08e5, 0x08e5, 0x08e5, 0x08e5,
0x08e5, 0x08e5, 0x08e5, 0x0905, 0x08e5, 0x08e5, 0x08e5, 0x08e5, 0x08e5, 0x1105, 0x1105, 0x0905, 0x0905, 0x1105, 0x1106, 0x1105,
0x10e5, 0x0883, 0x08a3, 0x08a3, 0x10e4, 0x1105, 0x1106, 0x1106, 0x1105, 0x08e5, 0x08e5, 0x10e5, 0x08c4, 0x08e5, 0x1106, 0x08e5,
0x08e4, 0x08e5, 0x08e5, 0x08e5, 0x08e5, 0x08c4, 0x08c4, 0x08c4, 0x08e4, 0x08e5, 0x08c4, 0x08a3, 0x0862, 0x08a3, 0x08a3, 0x08a3,
0x08a3, 0x08c3, 0x08a3, 0x08a3, 0x08c3, 0x08c3, 0x08c3, 0x08e4, 0x10e4, 0x08e4, 0x08c4, 0x08c4, 0x08c4, 0x08e4, 0x08e4, 0x10e5,
0x1105, 0x10e4, 0x10e5, 0x10e5, 0x08c4, 0x10e4, 0x08c4, 0x1105, 0x1126, 0x1126, 0x1126, 0x1126, 0x1126, 0x1126, 0x1126, 0x1126,
0x1126, 0x1126, 0x1126, 0x1126, 0x0882, 0x1882, 0x1062, 0x1082, 0x1082, 0x1082, 0x1083, 0x1082, 0x10a3, 0x0882, 0x0862, 0x0841,
0x0862, 0x0882, 0x0841, 0x0841, 0x0841, 0x0841, 0x0861, 0x0862, 0x0862, 0x0862, 0x1083, 0x18a3, 0x1082, 0x1082, 0x1082, 0x1082,
0x1062, 0x1062, 0x0841, 0x0862, 0x0883, 0x0883, 0x10c3, 0x10c4, 0x0883, 0x10c4, 0x10e4, 0x1105, 0x1105, 0x1105, 0x10a3, 0x0021,
0x2166, 0x2146, 0x10c4, 0x08a4, 0x0083, 0x0021, 0x0841, 0x1883, 0x10c4, 0x10a3, 0x10a3, 0x18a3, 0x18a2, 0x18a2, 0x1882, 0x1062,
0x1082, 0x18a3, 0x18a3, 0x1082, 0x1082, 0x0862, 0x0841, 0x0841, 
/* -102- */
0x0969, 0x0969, 0x0948, 0x0906, 0x1147, 0x0042, 0x08a3, 0x0000, 0x0001, 0x0883, 0x0968, 0x0927, 0x0001, 0x0883, 0x0927, 0x08c4,
0x0000, 0x0042, 0x08a4, 0x0842, 0x0862, 0x0883, 0x0000, 0x0000, 0x0000, 0x0000, 0x0000, 0x0000, 0x0000, 0x0000, 0x0000, 0x0000,
0x0000, 0x0000, 0x0000, 0x0000, 0x0000, 0x0000, 0x0000, 0x0001, 0x0000, 0x0000, 0x0000, 0x0000, 0x0000, 0x0000, 0x0000, 0x0000,
0x0000, 0x0000, 0x0000, 0x0000, 0x0000, 0x0001, 0x0063, 0x1168, 0x10e6, 0x0906, 0x08a4, 0x1106, 0x0021, 0x0001, 0x0001, 0x0062,
0x1106, 0x1148, 0x1168, 0x1169, 0x1106, 0x08a4, 0x0021, 0x0000, 0x0041, 0x10a4, 0x08a4, 0x1168, 0x1189, 0x1189, 0x1189, 0x0969,
0x0948, 0x0063, 0x0021, 0x0862, 0x0041, 0x0062, 0x00a3, 0x00c4, 0x00a4, 0x00c4, 0x00c4, 0x08c4, 0x0083, 0x00a3, 0x00a4, 0x08c4,
0x0083, 0x0083, 0x08c4, 0x0021, 0x0021, 0x0882, 0x0041, 0x0021, 0x0062, 0x08e5, 0x0906, 0x0905, 0x08e5, 0x08c4, 0x08a4, 0x08a3,
0x0082, 0x0062, 0x0062, 0x08a3, 0x0082, 0x0082, 0x08c4, 0x08c4, 0x08c4, 0x08c4, 0x08c4, 0x08e5, 0x08e5, 0x08e5, 0x08e5, 0x0905,
0x08e5, 0x08e5, 0x08e5, 0x08e5, 0x08e5, 0x10e5, 0x10e5, 0x08e5, 0x0905, 0x0905, 0x1105, 0x0905, 0x1105, 0x1105, 0x1105, 0x1105,
0x08c4, 0x0082, 0x0883, 0x08c4, 0x10e5, 0x1105, 0x1105, 0x1105, 0x1105, 0x08e5, 0x1106, 0x1105, 0x08e4, 0x08e5, 0x0905, 0x08e5,
0x08c4, 0x08e5, 0x08e5, 0x1105, 0x08e5, 0x08e4, 0x08c4, 0x08c4, 0x08e4, 0x08e5, 0x08c4, 0x08a3, 0x0041, 0x08c3, 0x08a3, 0x08a3,
0x08a3, 0x08c4, 0x08a3, 0x08c4, 0x08c4, 0x08c4, 0x08c4, 0x10c4, 0x10e4, 0x08c4, 0x08c4, 0x08c4, 0x08c4, 0x10e4, 0x10e5, 0x10e5,
0x08e4, 0x08c4, 0x1105, 0x10e5, 0x08e4, 0x10e4, 0x08c4, 0x1105, 0x1126, 0x1126, 0x1126, 0x1126, 0x1126, 0x1126, 0x1126, 0x1126,
0x1126, 0x1106, 0x10e5, 0x10e5, 0x10a3, 0x1082, 0x1082, 0x1082, 0x1082, 0x10a3, 0x1082, 0x1062, 0x1062, 0x0841, 0x0841, 0x0861,
0x0862, 0x0882, 0x0841, 0x0841, 0x0841, 0x0862, 0x0861, 0x0861, 0x0861, 0x1062, 0x18a3, 0x18a3, 0x1082, 0x1082, 0x1082, 0x1083,
0x10a3, 0x1083, 0x0862, 0x0862, 0x10a3, 0x18c3, 0x18a3, 0x18a3, 0x0862, 0x1083, 0x10e4, 0x1105, 0x1925, 0x1905, 0x10a3, 0x0021,
0x2146, 0x2146, 0x10e5, 0x08a4, 0x08a3, 0x0021, 0x0841, 0x18a3, 0x1083, 0x10a3, 0x10a3, 0x18a3, 0x18a2, 0x1882, 0x1062, 0x0841,
0x0841, 0x1062, 0x0862, 0x0883, 0x10a3, 0x0883, 0x10a3, 0x10a3, 
/* -103- */
0x0928, 0x0969, 0x0927, 0x08c5, 0x1147, 0x0041, 0x0862, 0x0000, 0x0001, 0x08c4, 0x0968, 0x1127, 0x0001, 0x0062, 0x0906, 0x08c5,
0x0001, 0x0883, 0x1106, 0x0863, 0x0021, 0x0883, 0x0000, 0x0000, 0x0000, 0x0000, 0x0000, 0x0000, 0x0000, 0x0001, 0x0001, 0x0021,
0x0001, 0x0000, 0x0000, 0x0000, 0x0000, 0x0000, 0x0000, 0x0000, 0x0000, 0x0000, 0x0000, 0x0000, 0x0000, 0x0000, 0x0000, 0x0000,
0x0000, 0x0000, 0x0000, 0x0000, 0x0000, 0x0000, 0x0863, 0x1189, 0x10c5, 0x08c5, 0x0883, 0x10e5, 0x0021, 0x0000, 0x0000, 0x0021,
0x0862, 0x0863, 0x0883, 0x0884, 0x0883, 0x0042, 0x0021, 0x0000, 0x0021, 0x0842, 0x0062, 0x08c5, 0x1127, 0x0927, 0x1168, 0x0969,
0x0928, 0x0042, 0x0021, 0x0862, 0x0041, 0x08c4, 0x00c4, 0x08c4, 0x00a4, 0x08c4, 0x08e4, 0x08c4, 0x0083, 0x08a3, 0x00c4, 0x08a4,
0x0062, 0x0062, 0x08c4, 0x0021, 0x0041, 0x0882, 0x0041, 0x0021, 0x0062, 0x08e5, 0x0906, 0x08e5, 0x08c4, 0x08c4, 0x08a3, 0x08a3,
0x0883, 0x0082, 0x0082, 0x08a3, 0x08a3, 0x08a3, 0x08c4, 0x08c4, 0x08c4, 0x08c4, 0x08c4, 0x08c4, 0x08e5, 0x0905, 0x08e5, 0x0905,
0x08e5, 0x1105, 0x08e5, 0x08e5, 0x10e5, 0x08e5, 0x10e5, 0x08e5, 0x08e5, 0x1105, 0x1105, 0x1105, 0x1105, 0x1105, 0x1105, 0x1105,
0x10e5, 0x0083, 0x0883, 0x10e4, 0x1105, 0x1105, 0x08e5, 0x1105, 0x1105, 0x08e5, 0x1106, 0x1106, 0x08e5, 0x08e5, 0x0905, 0x08e5,
0x08c4, 0x08e4, 0x08e5, 0x10e5, 0x08c4, 0x08c4, 0x08c4, 0x08c4, 0x08c4, 0x08c4, 0x08c3, 0x10a3, 0x0041, 0x08a3, 0x08a3, 0x08a3,
0x08a3, 0x08c4, 0x08c4, 0x08c4, 0x08c4, 0x08c4, 0x08a3, 0x08c4, 0x10c4, 0x08e4, 0x08c4, 0x08c3, 0x08c4, 0x10e4, 0x10e5, 0x1105,
0x08c4, 0x08e5, 0x1105, 0x1105, 0x08e5, 0x10e5, 0x10e5, 0x1126, 0x1126, 0x1126, 0x1126, 0x1126, 0x1126, 0x1126, 0x1126, 0x1126,
0x10e5, 0x08a3, 0x0882, 0x1082, 0x18c3, 0x10a3, 0x10a3, 0x10c3, 0x0862, 0x1062, 0x1062, 0x1062, 0x0861, 0x0841, 0x0841, 0x0841,
0x0862, 0x1083, 0x0841, 0x0841, 0x0841, 0x0862, 0x0862, 0x0841, 0x0862, 0x1082, 0x18c4, 0x18e4, 0x10a3, 0x10a3, 0x10a3, 0x10a3,
0x10a3, 0x10a3, 0x1083, 0x1082, 0x1882, 0x1882, 0x18a2, 0x18a3, 0x1062, 0x10a3, 0x10e4, 0x1105, 0x1925, 0x1905, 0x10a3, 0x0021,
0x2146, 0x2146, 0x1926, 0x08c4, 0x08a3, 0x0021, 0x0841, 0x10a3, 0x0882, 0x0862, 0x1082, 0x18c3, 0x10a3, 0x0862, 0x0862, 0x10a3,
0x10c4, 0x10a3, 0x10a3, 0x18e4, 0x10c4, 0x10a3, 0x10a3, 0x1083, 
/* -104- */
0x0948, 0x0968, 0x0927, 0x10e5, 0x1147, 0x0041, 0x0842, 0x0000, 0x0001, 0x08c5, 0x0948, 0x08a4, 0x0000, 0x0883, 0x0927, 0x08e6,
0x0021, 0x0842, 0x10e5, 0x0862, 0x0021, 0x0883, 0x0001, 0x0001, 0x0000, 0x0000, 0x0000, 0x0021, 0x0021, 0x0042, 0x0042, 0x0062,
0x0042, 0x0001, 0x0000, 0x0000, 0x0000, 0x0000, 0x0000, 0x0000, 0x0000, 0x0000, 0x0000, 0x0000, 0x0000, 0x0000, 0x0000, 0x0000,
0x0000, 0x0000, 0x0000, 0x0000, 0x0000, 0x0000, 0x0042, 0x1105, 0x0883, 0x0883, 0x0862, 0x0842, 0x0000, 0x0000, 0x0000, 0x0000,
0x0001, 0x0001, 0x0001, 0x0001, 0x0021, 0x0001, 0x0000, 0x0000, 0x0000, 0x0000, 0x0062, 0x08a4, 0x08e6, 0x08c5, 0x1147, 0x0989,
0x1147, 0x0062, 0x0862, 0x0021, 0x0883, 0x08e5, 0x00c4, 0x08c4, 0x00c4, 0x08e5, 0x08e4, 0x08c4, 0x00a3, 0x08a3, 0x00c4, 0x08c4,
0x0062, 0x0062, 0x08c4, 0x0021, 0x0001, 0x0041, 0x0041, 0x0041, 0x0062, 0x08e5, 0x0905, 0x08e5, 0x08a4, 0x08a3, 0x08a3, 0x00a3,
0x0883, 0x0883, 0x0082, 0x08c3, 0x08c3, 0x08c4, 0x08c4, 0x08c4, 0x08c4, 0x08c4, 0x08c4, 0x08c4, 0x08e5, 0x1105, 0x0905, 0x1105,
0x1105, 0x1105, 0x10e5, 0x10e5, 0x10e5, 0x10e5, 0x10e5, 0x10e5, 0x1105, 0x0905, 0x08e5, 0x0905, 0x0905, 0x1105, 0x1105, 0x08e5,
0x1105, 0x08a3, 0x0883, 0x08c4, 0x08c4, 0x10e5, 0x08c4, 0x10e5, 0x1106, 0x1106, 0x1106, 0x1106, 0x1105, 0x0905, 0x08e5, 0x08e5,
0x08e4, 0x08e5, 0x08e5, 0x1105, 0x08e4, 0x08c4, 0x08c4, 0x08c4, 0x08c4, 0x08c4, 0x08c3, 0x08a3, 0x0861, 0x0882, 0x08a3, 0x08a3,
0x08c3, 0x08c4, 0x08c4, 0x08a3, 0x08c4, 0x08e4, 0x08c4, 0x08e4, 0x1105, 0x1105, 0x08e4, 0x08c4, 0x08c4, 0x08e5, 0x1105, 0x10e5,
0x08e5, 0x10e5, 0x10e5, 0x10e5, 0x1105, 0x1105, 0x1105, 0x1126, 0x1146, 0x1126, 0x1126, 0x1126, 0x1126, 0x1126, 0x1126, 0x1126,
0x08a4, 0x1083, 0x10a2, 0x1882, 0x18a3, 0x18a3, 0x18a2, 0x10a2, 0x1062, 0x1062, 0x1062, 0x1062, 0x0841, 0x0841, 0x0841, 0x0841,
0x0862, 0x10a3, 0x0841, 0x0841, 0x0861, 0x1062, 0x1083, 0x1082, 0x10a3, 0x10c4, 0x10e4, 0x1925, 0x18e4, 0x18e4, 0x10a3, 0x1882,
0x1882, 0x1882, 0x1882, 0x18a2, 0x18a2, 0x10a2, 0x18a2, 0x18a3, 0x1082, 0x10c4, 0x10e4, 0x1905, 0x1905, 0x1905, 0x10a3, 0x0020,
0x2145, 0x2167, 0x1126, 0x08c4, 0x08a3, 0x0021, 0x0041, 0x0883, 0x0042, 0x0042, 0x0062, 0x10a3, 0x10e4, 0x10e5, 0x10e5, 0x10e4,
0x10e4, 0x0883, 0x08a3, 0x10c3, 0x10c4, 0x10c4, 0x10c4, 0x10c4, 
/* -105- */
0x10e6, 0x10e6, 0x10c5, 0x08a4, 0x1105, 0x0021, 0x0883, 0x0000, 0x0000, 0x0883, 0x0863, 0x0021, 0x0000, 0x0863, 0x08a4, 0x0883,
0x0021, 0x0883, 0x0863, 0x0021, 0x0021, 0x0863, 0x0001, 0x0001, 0x0000, 0x0000, 0x0000, 0x0041, 0x0021, 0x0062, 0x0062, 0x0063,
0x0063, 0x0001, 0x0000, 0x0000, 0x0000, 0x0000, 0x0000, 0x0000, 0x0000, 0x0000, 0x0000, 0x0001, 0x0000, 0x0001, 0x0000, 0x0000,
0x0000, 0x0000, 0x0000, 0x0001, 0x0000, 0x0000, 0x0000, 0x0021, 0x10a4, 0x0021, 0x0000, 0x0000, 0x0000, 0x0000, 0x0000, 0x0001,
0x0883, 0x1106, 0x0907, 0x0906, 0x08e6, 0x08a4, 0x0021, 0x0001, 0x0000, 0x0000, 0x0042, 0x0063, 0x0042, 0x0062, 0x08a4, 0x08c5,
0x0883, 0x0062, 0x0862, 0x0862, 0x08e5, 0x08e5, 0x08c4, 0x08c4, 0x08c4, 0x08e5, 0x08c5, 0x08c4, 0x00a3, 0x08c4, 0x08c4, 0x08c4,
0x0042, 0x0062, 0x08a3, 0x0021, 0x0021, 0x0062, 0x0041, 0x0041, 0x0062, 0x08e5, 0x08e5, 0x08c4, 0x08c4, 0x00a3, 0x08a3, 0x0083,
0x0883, 0x0883, 0x0082, 0x08c4, 0x08c4, 0x08c4, 0x08c4, 0x08c4, 0x08c4, 0x08a4, 0x08c4, 0x08c4, 0x08c4, 0x08e5, 0x1105, 0x1105,
0x1105, 0x1105, 0x1105, 0x10e5, 0x10e5, 0x10e5, 0x10e5, 0x1105, 0x1105, 0x1105, 0x1105, 0x1105, 0x1105, 0x08e5, 0x08e5, 0x08c4,
0x1105, 0x10e4, 0x0882, 0x0882, 0x08a3, 0x1105, 0x1105, 0x1105, 0x1105, 0x1106, 0x1106, 0x1106, 0x08e5, 0x1106, 0x1106, 0x08e5,
0x08e4, 0x08e4, 0x08e5, 0x08e4, 0x08c4, 0x08c4, 0x08e4, 0x08c4, 0x08c4, 0x10e4, 0x08c3, 0x0882, 0x0861, 0x0882, 0x08a3, 0x08a3,
0x08a3, 0x08c4, 0x08c4, 0x08c3, 0x08c4, 0x10e5, 0x1105, 0x08e5, 0x10e5, 0x08c4, 0x08c4, 0x10e5, 0x08c4, 0x10e5, 0x10e5, 0x08e5,
0x10e5, 0x1105, 0x1105, 0x1105, 0x1105, 0x1105, 0x10e5, 0x1126, 0x1146, 0x1146, 0x1126, 0x1126, 0x1126, 0x1126, 0x1126, 0x10e5,
0x1082, 0x18a2, 0x1882, 0x18a2, 0x18a2, 0x18a3, 0x18a3, 0x18a3, 0x0841, 0x1061, 0x1062, 0x1062, 0x0841, 0x0841, 0x0841, 0x0841,
0x0862, 0x10a3, 0x0862, 0x0862, 0x0883, 0x18e4, 0x18e4, 0x18e4, 0x18e4, 0x10a3, 0x18a3, 0x18a3, 0x18a3, 0x18e4, 0x10a3, 0x1882,
0x1082, 0x1082, 0x1882, 0x1882, 0x18a2, 0x18a2, 0x1882, 0x18a2, 0x1082, 0x10c4, 0x10e4, 0x1905, 0x1925, 0x1925, 0x08a3, 0x0020,
0x2145, 0x1946, 0x1126, 0x08c5, 0x08a3, 0x0021, 0x0041, 0x0862, 0x0062, 0x08a3, 0x10e4, 0x1105, 0x1105, 0x10e5, 0x10c4, 0x10a3,
0x10a3, 0x10c3, 0x1905, 0x1905, 0x10e4, 0x1126, 0x1126, 0x1126, 
/* -106- */
0x0000, 0x0000, 0x0000, 0x0000, 0x0021, 0x0000, 0x0000, 0x0000, 0x0000, 0x0000, 0x0000, 0x0000, 0x0000, 0x0062, 0x0907, 0x10e6,
0x0001, 0x08c5, 0x0906, 0x0883, 0x0863, 0x10c5, 0x0001, 0x0001, 0x0000, 0x0000, 0x0001, 0x0021, 0x0042, 0x0063, 0x0083, 0x0083,
0x0063, 0x0001, 0x0000, 0x0000, 0x0000, 0x0000, 0x0000, 0x0000, 0x0000, 0x0000, 0x0000, 0x0000, 0x0000, 0x0000, 0x0000, 0x0001,
0x0001, 0x0001, 0x0001, 0x0001, 0x0001, 0x0001, 0x0001, 0x0000, 0x08a4, 0x0001, 0x0000, 0x0000, 0x0000, 0x0000, 0x0000, 0x0000,
0x0021, 0x0063, 0x08a5, 0x0084, 0x08c5, 0x0062, 0x0001, 0x0001, 0x0000, 0x0000, 0x08a3, 0x1126, 0x1126, 0x0883, 0x1148, 0x1127,
0x0062, 0x0862, 0x0042, 0x08c4, 0x08e5, 0x08c5, 0x08a4, 0x08c4, 0x00c4, 0x08e5, 0x00c4, 0x08c4, 0x0083, 0x00a3, 0x08e5, 0x08c4,
0x0041, 0x0041, 0x0883, 0x0021, 0x0041, 0x0063, 0x0041, 0x0021, 0x0062, 0x08e4, 0x08c4, 0x08c4, 0x08c4, 0x08a3, 0x00a3, 0x0083,
0x0083, 0x08a3, 0x0083, 0x08c4, 0x08c4, 0x08c4, 0x08c4, 0x08c4, 0x08c4, 0x08c4, 0x08c4, 0x08c4, 0x08c4, 0x08e5, 0x10e5, 0x1105,
0x1105, 0x1105, 0x10e5, 0x08e4, 0x08e5, 0x10e5, 0x10e5, 0x1105, 0x10e5, 0x10e5, 0x1105, 0x1105, 0x08e5, 0x08e5, 0x10e5, 0x08e5,
0x0905, 0x1105, 0x0882, 0x0882, 0x10a3, 0x08a4, 0x10e5, 0x1105, 0x1105, 0x1106, 0x1106, 0x1106, 0x08e5, 0x08e5, 0x1106, 0x08e5,
0x08e4, 0x08e5, 0x08c4, 0x08c4, 0x08c4, 0x08e4, 0x08e4, 0x08c4, 0x08c4, 0x08a3, 0x08a3, 0x0882, 0x0841, 0x0882, 0x08c3, 0x08c4,
0x08c4, 0x10e4, 0x08a3, 0x08a3, 0x08a3, 0x10e5, 0x1105, 0x1105, 0x08c4, 0x08a4, 0x08c4, 0x08e4, 0x08e5, 0x10e5, 0x10e5, 0x10e5,
0x1105, 0x1105, 0x1105, 0x1105, 0x1106, 0x1106, 0x1126, 0x1126, 0x1126, 0x1126, 0x1126, 0x1126, 0x1126, 0x1126, 0x1126, 0x08a4,
0x1082, 0x18a2, 0x18a2, 0x18a2, 0x18a3, 0x18a3, 0x18a3, 0x18c3, 0x0862, 0x1062, 0x1062, 0x0862, 0x0841, 0x0841, 0x0882, 0x10a3,
0x10a3, 0x18e4, 0x18e4, 0x18e4, 0x18c3, 0x18c3, 0x10a3, 0x1082, 0x1082, 0x1882, 0x1882, 0x1882, 0x1062, 0x10a3, 0x10a3, 0x1882,
0x18a2, 0x1882, 0x1882, 0x1882, 0x1882, 0x1882, 0x1882, 0x1082, 0x0862, 0x10c4, 0x1105, 0x08a3, 0x0883, 0x0883, 0x0041, 0x0000,
0x18e4, 0x1925, 0x1126, 0x08c4, 0x08a3, 0x0020, 0x0861, 0x10a3, 0x1082, 0x10a3, 0x10e4, 0x10e5, 0x1105, 0x10c4, 0x18e4, 0x10c3,
0x10a3, 0x10c4, 0x1126, 0x1105, 0x10e5, 0x1126, 0x1126, 0x1127, 
/* -107- */
0x0000, 0x0000, 0x0000, 0x0000, 0x0000, 0x0000, 0x0000, 0x0000, 0x0000, 0x0000, 0x0000, 0x0000, 0x0000, 0x0041, 0x08a4, 0x0062,
0x0000, 0x0862, 0x08a4, 0x0862, 0x0842, 0x0884, 0x0001, 0x0000, 0x0000, 0x0000, 0x0000, 0x0041, 0x0021, 0x0062, 0x0063, 0x0062,
0x0062, 0x0001, 0x0000, 0x0000, 0x0000, 0x0000, 0x0000, 0x0000, 0x0000, 0x0000, 0x0000, 0x0000, 0x0001, 0x0000, 0x0000, 0x0000,
0x0000, 0x0000, 0x0000, 0x0000, 0x0000, 0x0001, 0x0000, 0x0000, 0x0021, 0x0000, 0x0000, 0x0000, 0x0000, 0x0000, 0x0000, 0x0000,
0x0841, 0x0022, 0x08a4, 0x0021, 0x0042, 0x0021, 0x0001, 0x0000, 0x0000, 0x0000, 0x0001, 0x0001, 0x0000, 0x0000, 0x0021, 0x0883,
0x0862, 0x0042, 0x0883, 0x08e5, 0x08e5, 0x08c5, 0x08a4, 0x08c5, 0x08c5, 0x08e5, 0x00e5, 0x08e5, 0x00a3, 0x08a3, 0x08e5, 0x08a4,
0x0041, 0x0042, 0x0083, 0x0021, 0x0042, 0x0062, 0x0021, 0x0021, 0x0883, 0x08c4, 0x08c4, 0x08c4, 0x08c4, 0x08a4, 0x00a3, 0x0082,
0x08a3, 0x08a3, 0x0083, 0x08c4, 0x08a4, 0x08c4, 0x08a4, 0x08c4, 0x08a4, 0x08a4, 0x08c4, 0x08e4, 0x08e4, 0x08e5, 0x10e5, 0x0905,
0x1105, 0x1105, 0x10e5, 0x08c4, 0x10e4, 0x08c4, 0x10e5, 0x1105, 0x1105, 0x10e5, 0x1105, 0x1105, 0x08e5, 0x08e5, 0x08e5, 0x1105,
0x08e5, 0x10e5, 0x0883, 0x0882, 0x08c4, 0x08c4, 0x1105, 0x1106, 0x1106, 0x1106, 0x1106, 0x1105, 0x08e5, 0x1105, 0x1105, 0x0905,
0x08e4, 0x08c4, 0x08e5, 0x08e5, 0x08c4, 0x08e4, 0x08e4, 0x08e4, 0x08c4, 0x08c4, 0x08c4, 0x08a2, 0x0041, 0x10c3, 0x08c3, 0x08c4,
0x08c4, 0x08c4, 0x08c4, 0x08a3, 0x08c4, 0x10e5, 0x08e5, 0x1105, 0x08e5, 0x08e4, 0x08c4, 0x08c4, 0x08e4, 0x08e5, 0x10e5, 0x10e5,
0x1105, 0x1105, 0x1105, 0x1106, 0x1106, 0x1126, 0x1126, 0x1126, 0x1126, 0x1126, 0x1126, 0x1126, 0x1126, 0x1126, 0x1106, 0x08a3,
0x1082, 0x18a2, 0x18a2, 0x18a2, 0x18a2, 0x18a2, 0x1082, 0x10a3, 0x0862, 0x0841, 0x0862, 0x0862, 0x0883, 0x10a3, 0x1083, 0x10a3,
0x10a2, 0x18a2, 0x18a3, 0x18a2, 0x18a2, 0x18a2, 0x1082, 0x1082, 0x18a2, 0x18a2, 0x1882, 0x1882, 0x1062, 0x10a3, 0x18a3, 0x18a2,
0x18a2, 0x1882, 0x1082, 0x1062, 0x1882, 0x1882, 0x10a3, 0x1083, 0x0862, 0x08a3, 0x08c4, 0x08e5, 0x08e5, 0x08e5, 0x08a4, 0x0021,
0x1082, 0x10e5, 0x1126, 0x08a4, 0x0883, 0x0020, 0x0861, 0x10a3, 0x1083, 0x10a3, 0x10e4, 0x10e5, 0x10e5, 0x10c4, 0x10e4, 0x10c3,
0x10c4, 0x1926, 0x1146, 0x1126, 0x1126, 0x1126, 0x1127, 0x1127, 
/* -108- */
0x0000, 0x0000, 0x0000, 0x0000, 0x0000, 0x0000, 0x0000, 0x0000, 0x0000, 0x0000, 0x0000, 0x0000, 0x0000, 0x0000, 0x0000, 0x0000,
0x0000, 0x0000, 0x0000, 0x0000, 0x0000, 0x0001, 0x0000, 0x0000, 0x0000, 0x0000, 0x0000, 0x0021, 0x0021, 0x0062, 0x0062, 0x0042,
0x0041, 0x0000, 0x0000, 0x0000, 0x0000, 0x0000, 0x0000, 0x0000, 0x0000, 0x0000, 0x0000, 0x0000, 0x0000, 0x0000, 0x0000, 0x0000,
0x0000, 0x0000, 0x0000, 0x0000, 0x0000, 0x0000, 0x0000, 0x0001, 0x0863, 0x0000, 0x0000, 0x0000, 0x0000, 0x0000, 0x0000, 0x0001,
0x0042, 0x0884, 0x08c5, 0x0863, 0x0863, 0x0001, 0x0001, 0x0000, 0x0000, 0x0000, 0x0000, 0x0000, 0x0000, 0x0000, 0x0000, 0x0041,
0x0062, 0x0083, 0x08c4, 0x08e5, 0x08e5, 0x08c5, 0x08c4, 0x08e5, 0x08e5, 0x08e5, 0x08e5, 0x08e5, 0x00a3, 0x08c3, 0x08e5, 0x08a4,
0x0082, 0x0062, 0x08a3, 0x0021, 0x0042, 0x0063, 0x0021, 0x0021, 0x0883, 0x08c4, 0x08c4, 0x08c4, 0x08c4, 0x08a4, 0x08a3, 0x0083,
0x08a3, 0x08a3, 0x08a3, 0x08a4, 0x00a3, 0x00a4, 0x08a4, 0x08c4, 0x08c4, 0x08c4, 0x08c4, 0x08c4, 0x08e4, 0x08e4, 0x10e4, 0x10e5,
0x1105, 0x1105, 0x1105, 0x08c4, 0x10e4, 0x1105, 0x1105, 0x1105, 0x1105, 0x1105, 0x1105, 0x1105, 0x1105, 0x1105, 0x08e5, 0x08e5,
0x08c4, 0x08e5, 0x08c4, 0x0883, 0x08c4, 0x08e5, 0x1105, 0x1106, 0x1106, 0x1105, 0x1106, 0x1105, 0x08e5, 0x1105, 0x08e5, 0x08e5,
0x08e5, 0x08e5, 0x08e5, 0x08e5, 0x08c4, 0x08e4, 0x08e4, 0x08e4, 0x08e5, 0x08e5, 0x08c4, 0x08a3, 0x0041, 0x08c3, 0x08c3, 0x08c4,
0x08c4, 0x08c4, 0x08c4, 0x08c4, 0x08e4, 0x10e5, 0x08e5, 0x08e4, 0x08e5, 0x08c4, 0x08c4, 0x08c4, 0x08e5, 0x1105, 0x1105, 0x1105,
0x1105, 0x1105, 0x1105, 0x1106, 0x1106, 0x1126, 0x1126, 0x1126, 0x1126, 0x1126, 0x1126, 0x1106, 0x1126, 0x1126, 0x1105, 0x10c3,
0x1082, 0x18a2, 0x1082, 0x1062, 0x1062, 0x0861, 0x0862, 0x08a3, 0x08a3, 0x0883, 0x1082, 0x10a3, 0x10a3, 0x10c4, 0x1082, 0x1082,
0x1082, 0x18a2, 0x18a2, 0x18a2, 0x18a2, 0x1882, 0x1061, 0x1082, 0x18a2, 0x18a2, 0x1882, 0x1882, 0x1062, 0x10c4, 0x10c3, 0x18a2,
0x1882, 0x10a2, 0x0862, 0x0841, 0x0862, 0x10a3, 0x10c4, 0x10c4, 0x10e5, 0x1106, 0x1126, 0x1126, 0x1126, 0x1126, 0x08c4, 0x0842,
0x2125, 0x1905, 0x1946, 0x08a4, 0x0883, 0x0020, 0x0841, 0x10c4, 0x10a3, 0x10a3, 0x10e4, 0x10c4, 0x10e4, 0x10c4, 0x10e4, 0x10c4,
0x1105, 0x1926, 0x1146, 0x1146, 0x1127, 0x1127, 0x1127, 0x1147, 
/* -109- */
0x0000, 0x0000, 0x0000, 0x0000, 0x0000, 0x0000, 0x0000, 0x0000, 0x0000, 0x0000, 0x0000, 0x0000, 0x0000, 0x0000, 0x0000, 0x0000,
0x0000, 0x0000, 0x0000, 0x0000, 0x0000, 0x0000, 0x0000, 0x0000, 0x0000, 0x0000, 0x0000, 0x0041, 0x0042, 0x0063, 0x0062, 0x0021,
0x0001, 0x0000, 0x0000, 0x0000, 0x0000, 0x0000, 0x0000, 0x0000, 0x0000, 0x0001, 0x0001, 0x0001, 0x0001, 0x0000, 0x0000, 0x0000,
0x0000, 0x0000, 0x0000, 0x0000, 0x0000, 0x0000, 0x0000, 0x0001, 0x10c4, 0x0862, 0x0041, 0x0021, 0x0000, 0x0000, 0x0021, 0x0041,
0x0863, 0x08a4, 0x1126, 0x08c4, 0x0883, 0x0001, 0x0000, 0x0000, 0x0000, 0x0000, 0x0000, 0x0000, 0x0000, 0x0000, 0x0000, 0x0042,
0x0883, 0x08c4, 0x08e5, 0x08e5, 0x08e5, 0x08c5, 0x00c4, 0x08c4, 0x08e5, 0x08e5, 0x08e5, 0x08e5, 0x00a3, 0x00a3, 0x08e5, 0x08c4,
0x00a3, 0x0083, 0x08a4, 0x0021, 0x0042, 0x0083, 0x0021, 0x0021, 0x0083, 0x08c4, 0x08e5, 0x08e5, 0x08c4, 0x08a3, 0x00a3, 0x0083,
0x0083, 0x0083, 0x00a3, 0x08a4, 0x00a3, 0x00a3, 0x08a4, 0x08c4, 0x08a3, 0x08a4, 0x08c4, 0x08c4, 0x08c4, 0x10e4, 0x10e4, 0x08e4,
0x1105, 0x1105, 0x1105, 0x10e4, 0x08e4, 0x1105, 0x1105, 0x1105, 0x1105, 0x1105, 0x1105, 0x1105, 0x0905, 0x0905, 0x10e5, 0x10e5,
0x08a4, 0x08e5, 0x08c4, 0x0883, 0x08c4, 0x1105, 0x1105, 0x1105, 0x1106, 0x1105, 0x1105, 0x1105, 0x08e5, 0x1106, 0x1106, 0x08e5,
0x08e5, 0x08e5, 0x08e5, 0x08c4, 0x08c4, 0x08c4, 0x08c4, 0x08e4, 0x08e5, 0x08c4, 0x08c4, 0x10c4, 0x0061, 0x08c4, 0x08c4, 0x08c4,
0x08c4, 0x08c4, 0x08e4, 0x08e4, 0x08c4, 0x08e5, 0x08e5, 0x08c4, 0x08c4, 0x08e4, 0x08c4, 0x08e4, 0x1105, 0x1105, 0x1105, 0x1105,
0x10e5, 0x1105, 0x1126, 0x1106, 0x1106, 0x1126, 0x1126, 0x1126, 0x1126, 0x1126, 0x1126, 0x1126, 0x1126, 0x1105, 0x10e4, 0x10a3,
0x0862, 0x1082, 0x1062, 0x0862, 0x0841, 0x08a3, 0x08a3, 0x10c4, 0x10e4, 0x10c4, 0x1082, 0x1082, 0x1082, 0x10c3, 0x1082, 0x1062,
0x1082, 0x18a2, 0x18a2, 0x18a2, 0x1882, 0x1882, 0x1061, 0x1082, 0x18a3, 0x1882, 0x1882, 0x1082, 0x0841, 0x10a3, 0x0862, 0x10a3,
0x10a3, 0x10c3, 0x10e5, 0x10e4, 0x10e4, 0x10e5, 0x10e5, 0x1106, 0x1126, 0x1126, 0x1147, 0x1127, 0x1127, 0x1127, 0x08c4, 0x0041,
0x2146, 0x1926, 0x1105, 0x0883, 0x0883, 0x0021, 0x0841, 0x10c4, 0x10c3, 0x10a3, 0x10c4, 0x10e4, 0x1105, 0x1105, 0x10e4, 0x10c4,
0x1126, 0x1126, 0x1126, 0x1126, 0x1126, 0x08e5, 0x08e5, 0x08e5, 
/* -110- */
0x0062, 0x0021, 0x0001, 0x0000, 0x0000, 0x0000, 0x0000, 0x0000, 0x0000, 0x0000, 0x0000, 0x0000, 0x0000, 0x0000, 0x0000, 0x0000,
0x0000, 0x0000, 0x0000, 0x0000, 0x0000, 0x0000, 0x0000, 0x0000, 0x0000, 0x0000, 0x0000, 0x0042, 0x0062, 0x0083, 0x0062, 0x0041,
0x0042, 0x0000, 0x0000, 0x0000, 0x0000, 0x0000, 0x0000, 0x0000, 0x0000, 0x0000, 0x0000, 0x0000, 0x0000, 0x0000, 0x0000, 0x0000,
0x0000, 0x0000, 0x0000, 0x0000, 0x0000, 0x0000, 0x0000, 0x0000, 0x0021, 0x0020, 0x0000, 0x0000, 0x0000, 0x0000, 0x0000, 0x0020,
0x0021, 0x0021, 0x0021, 0x0021, 0x0021, 0x0000, 0x0000, 0x0000, 0x0000, 0x0000, 0x0000, 0x0000, 0x0000, 0x0000, 0x0000, 0x0042,
0x08c4, 0x08e5, 0x08e5, 0x08e5, 0x08e5, 0x08c5, 0x08c4, 0x08c4, 0x08e5, 0x08e5, 0x08e5, 0x08c4, 0x0083, 0x0083, 0x08e4, 0x08c4,
0x00a3, 0x0083, 0x0083, 0x0021, 0x0042, 0x0083, 0x0041, 0x0021, 0x0062, 0x08c4, 0x08e5, 0x08e5, 0x08c4, 0x08a3, 0x00a3, 0x0083,
0x00a3, 0x0083, 0x00a3, 0x08a4, 0x08a3, 0x08a3, 0x08c4, 0x08c4, 0x08c4, 0x00a4, 0x08c4, 0x08c4, 0x08c4, 0x08e4, 0x08e5, 0x08e4,
0x10e5, 0x1105, 0x10e4, 0x08c4, 0x08e4, 0x1105, 0x1105, 0x1105, 0x1105, 0x1105, 0x1105, 0x1105, 0x1105, 0x08e5, 0x10e5, 0x08e4,
0x08a3, 0x08c4, 0x10e5, 0x08c4, 0x10e5, 0x1105, 0x1106, 0x1106, 0x1106, 0x1105, 0x1105, 0x1105, 0x1105, 0x1105, 0x1106, 0x0905,
0x08e5, 0x08c4, 0x1105, 0x08e5, 0x08e4, 0x08c4, 0x08e4, 0x1105, 0x08e5, 0x08e4, 0x08c4, 0x08a3, 0x0062, 0x08c3, 0x08c4, 0x08c4,
0x08c4, 0x08e4, 0x08e5, 0x08c4, 0x08e5, 0x10e5, 0x08c4, 0x08e4, 0x08e5, 0x08e5, 0x08e5, 0x08c4, 0x08e5, 0x1105, 0x1105, 0x1105,
0x10e5, 0x1105, 0x1126, 0x1126, 0x1126, 0x1126, 0x1126, 0x1126, 0x1126, 0x1126, 0x1126, 0x1126, 0x10e5, 0x08a3, 0x08a3, 0x0882,
0x10a2, 0x10a3, 0x18c3, 0x18a3, 0x0041, 0x08a3, 0x08e4, 0x10e5, 0x1105, 0x10e4, 0x1082, 0x10a2, 0x18a2, 0x18e4, 0x1083, 0x1061,
0x1082, 0x18a2, 0x18a3, 0x18a2, 0x1062, 0x1062, 0x0861, 0x0862, 0x0841, 0x0841, 0x0841, 0x10a3, 0x10c4, 0x10e5, 0x10e4, 0x10e4,
0x1105, 0x1905, 0x1105, 0x10e4, 0x1105, 0x1105, 0x1105, 0x1105, 0x1106, 0x1126, 0x1127, 0x1126, 0x1127, 0x1126, 0x08c4, 0x0021,
0x1926, 0x1926, 0x10a3, 0x0842, 0x0883, 0x0862, 0x0861, 0x18c4, 0x1082, 0x1082, 0x0883, 0x10e5, 0x1126, 0x1106, 0x10c4, 0x10c3,
0x10e5, 0x1105, 0x1105, 0x08c4, 0x08a4, 0x0084, 0x0084, 0x0083, 
/* -111- */
0x0862, 0x0021, 0x0041, 0x0041, 0x0021, 0x0000, 0x0000, 0x0000, 0x0000, 0x0000, 0x0000, 0x0000, 0x0000, 0x0000, 0x0000, 0x0000,
0x0000, 0x0000, 0x0000, 0x0000, 0x0000, 0x0000, 0x0000, 0x0000, 0x0000, 0x0000, 0x0000, 0x0042, 0x0062, 0x0083, 0x0063, 0x0042,
0x0042, 0x0001, 0x0000, 0x0000, 0x0000, 0x0001, 0x0000, 0x0000, 0x0000, 0x0000, 0x0000, 0x0000, 0x0000, 0x0000, 0x0000, 0x0000,
0x0000, 0x0000, 0x0000, 0x0000, 0x0000, 0x0000, 0x0000, 0x0000, 0x0000, 0x0001, 0x0000, 0x0000, 0x0000, 0x0000, 0x0000, 0x0000,
0x0000, 0x0001, 0x0000, 0x0000, 0x0000, 0x0000, 0x0000, 0x0000, 0x0000, 0x0000, 0x0000, 0x0000, 0x0000, 0x0000, 0x0000, 0x0041,
0x08c4, 0x08e5, 0x08e5, 0x08e5, 0x08e5, 0x08c5, 0x08c4, 0x08c4, 0x08e5, 0x08e5, 0x08e5, 0x08c4, 0x0083, 0x0083, 0x08e5, 0x08e5,
0x08c4, 0x0083, 0x0063, 0x0021, 0x0042, 0x0083, 0x0041, 0x0021, 0x0062, 0x08e5, 0x08e5, 0x08e5, 0x08c4, 0x08a4, 0x08a4, 0x08a3,
0x00a3, 0x00a3, 0x08a3, 0x08c4, 0x08a3, 0x08c4, 0x08c4, 0x08c4, 0x08c4, 0x08a4, 0x08c4, 0x08c4, 0x08c4, 0x08c4, 0x08e5, 0x08e5,
0x10e4, 0x10e4, 0x08c4, 0x08e4, 0x10e4, 0x1105, 0x1105, 0x1105, 0x1105, 0x1105, 0x1105, 0x1105, 0x1105, 0x08e5, 0x08e5, 0x08e5,
0x08c4, 0x10e5, 0x1105, 0x10e5, 0x1105, 0x1105, 0x1105, 0x1106, 0x1106, 0x1106, 0x1105, 0x1126, 0x1146, 0x1105, 0x08e5, 0x08e5,
0x08e4, 0x1105, 0x1106, 0x08e5, 0x08e4, 0x08c4, 0x10e5, 0x08e5, 0x1105, 0x08c4, 0x08a3, 0x08a3, 0x0861, 0x08a2, 0x08a3, 0x08c4,
0x08c4, 0x08c4, 0x08c4, 0x08a4, 0x08e4, 0x08e5, 0x08c4, 0x08e5, 0x1105, 0x1105, 0x10e5, 0x08e5, 0x1105, 0x1105, 0x10e5, 0x1105,
0x1105, 0x1105, 0x1126, 0x1126, 0x1126, 0x1126, 0x1126, 0x1126, 0x1126, 0x1126, 0x1126, 0x10e5, 0x10a3, 0x1082, 0x1082, 0x1882,
0x18a3, 0x18a3, 0x18c3, 0x18c3, 0x0842, 0x10c4, 0x10e5, 0x10e5, 0x10e5, 0x10e4, 0x18a3, 0x18a2, 0x18a3, 0x1904, 0x1082, 0x1062,
0x18a3, 0x18a3, 0x1082, 0x0841, 0x0841, 0x0841, 0x0862, 0x10c4, 0x0882, 0x1082, 0x1083, 0x10e4, 0x1105, 0x1105, 0x1125, 0x1105,
0x1905, 0x10c4, 0x1905, 0x1105, 0x10e4, 0x10e4, 0x10e5, 0x1105, 0x1126, 0x1147, 0x1127, 0x1147, 0x1127, 0x1126, 0x08c4, 0x0021,
0x2125, 0x1905, 0x1082, 0x0821, 0x0821, 0x0841, 0x0861, 0x18e4, 0x10c4, 0x10c4, 0x10e5, 0x1105, 0x1126, 0x1106, 0x0883, 0x0062,
0x0083, 0x0083, 0x0083, 0x0083, 0x08a4, 0x1126, 0x1126, 0x1126, 
/* -112- */
0x0000, 0x0000, 0x0041, 0x0041, 0x0021, 0x0000, 0x0000, 0x0000, 0x0000, 0x0000, 0x0000, 0x0000, 0x0000, 0x0000, 0x0000, 0x0000,
0x0000, 0x0000, 0x0000, 0x0000, 0x0000, 0x0000, 0x0000, 0x0000, 0x0000, 0x0000, 0x0000, 0x0041, 0x0042, 0x0062, 0x0062, 0x0042,
0x0062, 0x0001, 0x0000, 0x0041, 0x0062, 0x0001, 0x0000, 0x0000, 0x0000, 0x0000, 0x0000, 0x0000, 0x0000, 0x0001, 0x0001, 0x0000,
0x0000, 0x0000, 0x0000, 0x0000, 0x0000, 0x0000, 0x0000, 0x0000, 0x0001, 0x0021, 0x0001, 0x0000, 0x0000, 0x0000, 0x0001, 0x0021,
0x0001, 0x0001, 0x0001, 0x0000, 0x0000, 0x0001, 0x0001, 0x0000, 0x0000, 0x0000, 0x0000, 0x0000, 0x0000, 0x0000, 0x0000, 0x0041,
0x08e5, 0x08e5, 0x08e5, 0x08e5, 0x08e5, 0x08c5, 0x00c4, 0x08c5, 0x08e5, 0x08e5, 0x08e5, 0x08c4, 0x0083, 0x0083, 0x08e5, 0x08e5,
0x08c4, 0x0062, 0x0862, 0x0000, 0x0041, 0x0883, 0x0041, 0x0041, 0x0082, 0x08e5, 0x08e5, 0x08e5, 0x08c4, 0x08a4, 0x08a4, 0x08a3,
0x0083, 0x00a3, 0x08a3, 0x08c4, 0x08a3, 0x08c4, 0x08c4, 0x08c4, 0x08c4, 0x08c4, 0x08c4, 0x08c4, 0x08c5, 0x08e5, 0x08e5, 0x08e5,
0x10e5, 0x08a3, 0x08c4, 0x10e5, 0x08e5, 0x10e5, 0x1105, 0x1105, 0x1105, 0x1105, 0x1105, 0x1105, 0x1105, 0x08e5, 0x10e5, 0x08c4,
0x08c4, 0x1105, 0x10e5, 0x08c4, 0x0905, 0x1105, 0x1106, 0x1106, 0x1106, 0x1106, 0x1106, 0x1126, 0x1126, 0x1105, 0x08e5, 0x08e5,
0x08e4, 0x08e5, 0x0905, 0x08e4, 0x08c4, 0x08c4, 0x08e5, 0x08e5, 0x08c4, 0x08c4, 0x08c4, 0x08a3, 0x0861, 0x08a2, 0x08a3, 0x08c4,
0x08c4, 0x08a4, 0x0883, 0x08a3, 0x08e4, 0x08e4, 0x08e5, 0x1105, 0x1105, 0x1105, 0x1105, 0x1105, 0x10e5, 0x10e4, 0x1105, 0x10e5,
0x08e4, 0x0883, 0x08a3, 0x1105, 0x1126, 0x1106, 0x1106, 0x1126, 0x1126, 0x1126, 0x1126, 0x10e5, 0x1083, 0x10a2, 0x1062, 0x18a3,
0x18a3, 0x18c3, 0x18a3, 0x18a3, 0x0841, 0x08a4, 0x08c4, 0x08e5, 0x10e5, 0x10e4, 0x1082, 0x1882, 0x18a3, 0x18e4, 0x1082, 0x0841,
0x0021, 0x0841, 0x0862, 0x10a3, 0x18c3, 0x18a3, 0x1062, 0x1082, 0x10a3, 0x10a3, 0x1905, 0x1926, 0x1926, 0x1126, 0x1126, 0x1105,
0x10c4, 0x18e5, 0x1926, 0x1105, 0x10e5, 0x10e5, 0x10e5, 0x1126, 0x1127, 0x1147, 0x1147, 0x1147, 0x1147, 0x1126, 0x10c4, 0x0021,
0x2126, 0x1905, 0x10a3, 0x0841, 0x0021, 0x0021, 0x0861, 0x08a4, 0x08a3, 0x0083, 0x0083, 0x0063, 0x10e4, 0x1106, 0x1106, 0x1105,
0x1106, 0x0905, 0x0906, 0x1126, 0x1126, 0x1147, 0x1147, 0x1147, 
/* -113- */
0x0021, 0x0000, 0x0000, 0x0020, 0x0000, 0x0000, 0x0000, 0x0021, 0x0021, 0x0021, 0x0021, 0x0021, 0x0001, 0x0001, 0x0021, 0x0021,
0x0021, 0x0021, 0x0021, 0x0021, 0x0041, 0x0042, 0x0042, 0x0021, 0x0021, 0x0021, 0x0021, 0x0021, 0x0042, 0x0041, 0x0042, 0x0042,
0x0042, 0x0021, 0x0021, 0x0062, 0x0062, 0x0021, 0x0021, 0x0021, 0x0021, 0x0021, 0x0021, 0x0021, 0x0021, 0x0021, 0x0021, 0x0021,
0x0021, 0x0021, 0x0021, 0x0001, 0x0000, 0x0000, 0x0000, 0x0021, 0x0000, 0x0000, 0x0000, 0x0000, 0x0000, 0x0000, 0x0001, 0x0001,
0x0001, 0x0001, 0x0001, 0x0000, 0x0000, 0x0001, 0x0000, 0x0000, 0x0000, 0x0000, 0x0000, 0x0000, 0x0000, 0x0000, 0x0000, 0x0042,
0x08e5, 0x0905, 0x08e5, 0x08e5, 0x08e5, 0x08c5, 0x00c4, 0x08c4, 0x08e5, 0x08e6, 0x0905, 0x08c5, 0x0083, 0x0083, 0x08e5, 0x08e5,
0x08e5, 0x0083, 0x0083, 0x0000, 0x0042, 0x0882, 0x0021, 0x0021, 0x0062, 0x08e5, 0x08e5, 0x08e5, 0x08c4, 0x08a4, 0x08a3, 0x0083,
0x00a3, 0x08a3, 0x08a3, 0x08c4, 0x08c4, 0x08c4, 0x08c4, 0x08c4, 0x08c4, 0x08c4, 0x08e4, 0x08e5, 0x08e5, 0x08e5, 0x10e5, 0x10e5,
0x10e5, 0x08a3, 0x10e4, 0x10e5, 0x10e5, 0x1105, 0x10e5, 0x08e5, 0x1105, 0x1105, 0x10e5, 0x1105, 0x10e5, 0x08c4, 0x10e5, 0x08c4,
0x10e5, 0x1105, 0x10e4, 0x08c4, 0x1105, 0x08e5, 0x1106, 0x1106, 0x1106, 0x1106, 0x1106, 0x1106, 0x1106, 0x1105, 0x08e5, 0x08e5,
0x08e5, 0x08e5, 0x08e5, 0x08e5, 0x08c4, 0x08e5, 0x08e5, 0x08e5, 0x08e5, 0x08c4, 0x08e4, 0x08c3, 0x0882, 0x08c3, 0x08c3, 0x08e4,
0x08c4, 0x08a3, 0x08a3, 0x08a3, 0x08c4, 0x08c4, 0x10e5, 0x10e5, 0x10e5, 0x1105, 0x10e5, 0x1105, 0x10e4, 0x08a4, 0x1105, 0x10e4,
0x10e4, 0x1105, 0x10e5, 0x1106, 0x1106, 0x1106, 0x1106, 0x1126, 0x1126, 0x1126, 0x1126, 0x10e5, 0x1083, 0x18a3, 0x1082, 0x18a3,
0x18c3, 0x18c3, 0x18c3, 0x18a3, 0x0021, 0x08a3, 0x08a4, 0x08a4, 0x08c4, 0x10a3, 0x1062, 0x1082, 0x10a3, 0x18c3, 0x0862, 0x0841,
0x0861, 0x1082, 0x1882, 0x1882, 0x1882, 0x18a3, 0x1082, 0x1082, 0x10a3, 0x1905, 0x1126, 0x1126, 0x1126, 0x1126, 0x1126, 0x1126,
0x1105, 0x10e4, 0x1926, 0x1126, 0x10e5, 0x1105, 0x1105, 0x1106, 0x1126, 0x1126, 0x1146, 0x1147, 0x1127, 0x1126, 0x08a4, 0x0021,
0x2126, 0x1905, 0x10a3, 0x0841, 0x0021, 0x0020, 0x0021, 0x0883, 0x08c4, 0x08c4, 0x08e5, 0x1105, 0x1105, 0x1105, 0x1105, 0x1126,
0x1146, 0x1146, 0x1147, 0x1147, 0x1147, 0x1147, 0x1147, 0x1147, 
/* -114- */
0x0021, 0x0000, 0x0000, 0x0000, 0x0000, 0x0000, 0x0000, 0x0000, 0x0020, 0x0020, 0x0021, 0x0021, 0x0000, 0x0000, 0x0021, 0x0021,
0x0021, 0x0021, 0x0021, 0x0001, 0x0042, 0x0042, 0x0021, 0x0021, 0x0021, 0x0021, 0x0021, 0x0021, 0x0021, 0x0021, 0x0042, 0x0042,
0x0042, 0x0021, 0x0021, 0x0062, 0x0042, 0x0042, 0x0042, 0x0042, 0x0042, 0x0042, 0x0042, 0x0042, 0x0062, 0x0062, 0x0062, 0x0062,
0x0062, 0x0062, 0x0042, 0x0042, 0x0042, 0x0042, 0x0041, 0x0062, 0x0021, 0x0000, 0x0000, 0x0000, 0x0000, 0x0001, 0x0021, 0x0062,
0x0042, 0x0042, 0x0042, 0x0042, 0x0042, 0x0042, 0x0042, 0x0042, 0x0021, 0x0041, 0x0042, 0x0042, 0x0042, 0x0021, 0x0000, 0x0062,
0x08e5, 0x0905, 0x08e5, 0x08e5, 0x08e5, 0x08c5, 0x00c4, 0x08c4, 0x08e5, 0x0906, 0x08e5, 0x08c4, 0x0083, 0x0083, 0x08e5, 0x08c5,
0x0905, 0x08a4, 0x0883, 0x0021, 0x0042, 0x0882, 0x0021, 0x0021, 0x0082, 0x08e5, 0x08e5, 0x08e5, 0x08c4, 0x08a4, 0x08a3, 0x00a3,
0x08a3, 0x00a3, 0x08a3, 0x08a3, 0x08a3, 0x08c4, 0x08c4, 0x08c4, 0x08c5, 0x08e5, 0x08e5, 0x08e5, 0x08e5, 0x10e5, 0x10e5, 0x10e5,
0x10e5, 0x08c4, 0x10e4, 0x10e4, 0x08c4, 0x10e5, 0x10e5, 0x08e4, 0x1105, 0x1105, 0x08e4, 0x1105, 0x1105, 0x08c4, 0x10e5, 0x08e5,
0x1105, 0x1105, 0x10e5, 0x10e5, 0x1105, 0x08c4, 0x1105, 0x1106, 0x1106, 0x1106, 0x1106, 0x1106, 0x1106, 0x1106, 0x0926, 0x1126,
0x0905, 0x08e5, 0x08e5, 0x08e5, 0x08e5, 0x08e5, 0x08e5, 0x08e5, 0x08e5, 0x08e4, 0x08e4, 0x08c3, 0x0062, 0x08a3, 0x08c4, 0x08c4,
0x08c4, 0x08a3, 0x08a3, 0x08a3, 0x08c4, 0x08e5, 0x08e5, 0x08e5, 0x08e4, 0x1105, 0x10e5, 0x10e5, 0x0882, 0x0862, 0x10e5, 0x08a3,
0x08c4, 0x1106, 0x1105, 0x1106, 0x1106, 0x1106, 0x1106, 0x1126, 0x1126, 0x1126, 0x1126, 0x1105, 0x1083, 0x18a3, 0x1082, 0x18a3,
0x18a3, 0x18a3, 0x10a3, 0x0862, 0x0041, 0x0862, 0x0883, 0x08a3, 0x10a3, 0x0862, 0x1062, 0x1882, 0x18a2, 0x18a2, 0x1882, 0x1082,
0x18a2, 0x1882, 0x18a2, 0x18a2, 0x18a2, 0x18a2, 0x1082, 0x0862, 0x10c4, 0x1106, 0x1126, 0x1126, 0x1126, 0x1126, 0x1126, 0x1926,
0x10e5, 0x10e4, 0x1105, 0x1926, 0x1105, 0x1106, 0x1105, 0x10e5, 0x1106, 0x1127, 0x1127, 0x1147, 0x1126, 0x1106, 0x08a4, 0x0020,
0x1082, 0x1062, 0x0842, 0x0841, 0x0021, 0x0000, 0x0021, 0x08a4, 0x0905, 0x08e5, 0x0905, 0x1126, 0x1126, 0x1105, 0x10e5, 0x1126,
0x1147, 0x1147, 0x1127, 0x1127, 0x1147, 0x1147, 0x1147, 0x1147, 
/* -115- */
0x0000, 0x0021, 0x0062, 0x0883, 0x0883, 0x0041, 0x0883, 0x08a3, 0x0883, 0x0021, 0x0882, 0x0862, 0x0883, 0x0883, 0x0862, 0x0021,
0x0021, 0x0000, 0x0000, 0x0000, 0x0001, 0x0001, 0x0000, 0x0001, 0x0001, 0x0001, 0x0021, 0x0001, 0x0001, 0x0001, 0x0021, 0x0021,
0x0042, 0x0021, 0x0021, 0x0042, 0x0042, 0x0021, 0x0042, 0x0041, 0x0021, 0x0001, 0x0001, 0x0001, 0x0021, 0x0041, 0x0041, 0x0021,
0x0021, 0x0021, 0x0021, 0x0001, 0x0001, 0x0021, 0x0021, 0x0862, 0x0000, 0x0000, 0x0001, 0x0001, 0x0000, 0x0041, 0x0021, 0x0021,
0x0021, 0x0021, 0x0021, 0x0001, 0x0021, 0x0021, 0x0021, 0x0021, 0x0000, 0x0021, 0x0021, 0x0021, 0x0000, 0x0000, 0x0000, 0x0062,
0x0905, 0x0905, 0x08e5, 0x0905, 0x0905, 0x08c5, 0x00c4, 0x00c4, 0x08e5, 0x0905, 0x08e5, 0x00a4, 0x0083, 0x0083, 0x08c4, 0x08c4,
0x0905, 0x08a3, 0x0883, 0x0021, 0x0042, 0x0883, 0x0021, 0x0021, 0x0883, 0x08e5, 0x08e5, 0x08e5, 0x08e5, 0x08c4, 0x08a3, 0x00a3,
0x08a3, 0x08a3, 0x08a4, 0x08a3, 0x08a3, 0x08a3, 0x08c4, 0x08c5, 0x08e5, 0x10e5, 0x08e5, 0x08e5, 0x08e5, 0x08e5, 0x1105, 0x10e5,
0x10e5, 0x10e4, 0x10e4, 0x10e4, 0x08a3, 0x08c3, 0x10e5, 0x08c4, 0x10e5, 0x10e5, 0x08c4, 0x1105, 0x10e5, 0x08e4, 0x1105, 0x1105,
0x1105, 0x1105, 0x1105, 0x1105, 0x1105, 0x08c4, 0x08e5, 0x1106, 0x1106, 0x1106, 0x1106, 0x1106, 0x1106, 0x1106, 0x0906, 0x1126,
0x08e5, 0x08e5, 0x08e5, 0x0905, 0x08e5, 0x1105, 0x08e5, 0x08e5, 0x1105, 0x08e4, 0x08e4, 0x08c3, 0x0062, 0x0882, 0x08c4, 0x08e4,
0x08a4, 0x08a3, 0x08a3, 0x08c4, 0x08e5, 0x08c4, 0x08e5, 0x08e5, 0x1105, 0x1105, 0x10e4, 0x10c4, 0x1082, 0x1082, 0x18a3, 0x0862,
0x10c4, 0x1105, 0x1106, 0x1105, 0x1106, 0x1106, 0x1105, 0x1106, 0x1126, 0x1126, 0x1105, 0x10c4, 0x0882, 0x0882, 0x1082, 0x0862,
0x0882, 0x08a3, 0x10a3, 0x08a3, 0x10a3, 0x10c3, 0x1083, 0x10a3, 0x0883, 0x1062, 0x1882, 0x18a2, 0x18a2, 0x18a2, 0x18a2, 0x1882,
0x18a2, 0x18a2, 0x18a2, 0x18a2, 0x18a2, 0x18a2, 0x1882, 0x0862, 0x10e5, 0x1106, 0x1126, 0x1926, 0x1926, 0x1926, 0x1926, 0x1926,
0x1126, 0x1105, 0x10e5, 0x1126, 0x1105, 0x1105, 0x1126, 0x1126, 0x1127, 0x1147, 0x1147, 0x1147, 0x1126, 0x1126, 0x08c4, 0x0020,
0x0820, 0x0821, 0x0842, 0x0842, 0x0842, 0x0041, 0x0042, 0x08e5, 0x0905, 0x08e5, 0x1105, 0x1126, 0x1126, 0x1105, 0x1105, 0x1126,
0x1147, 0x1147, 0x1147, 0x1127, 0x1147, 0x1147, 0x1147, 0x1147, 
/* -116- */
0x0021, 0x0042, 0x0083, 0x08a4, 0x08a4, 0x0042, 0x08c4, 0x08e4, 0x08c4, 0x0021, 0x08a3, 0x0083, 0x08c4, 0x08c4, 0x08c4, 0x0862,
0x0020, 0x0041, 0x0000, 0x0000, 0x0001, 0x0000, 0x0000, 0x0021, 0x0021, 0x0021, 0x0021, 0x0021, 0x0021, 0x0021, 0x0021, 0x0021,
0x0001, 0x0000, 0x0021, 0x0021, 0x0042, 0x0021, 0x0021, 0x0021, 0x0001, 0x0001, 0x0000, 0x0000, 0x0000, 0x0041, 0x0042, 0x0042,
0x0882, 0x0882, 0x0862, 0x0021, 0x0000, 0x0041, 0x0000, 0x0862, 0x0001, 0x0000, 0x0001, 0x0001, 0x0000, 0x0021, 0x0001, 0x0021,
0x0001, 0x0021, 0x0000, 0x0000, 0x0000, 0x0000, 0x0021, 0x0000, 0x0000, 0x0000, 0x0021, 0x0021, 0x0000, 0x0000, 0x0000, 0x0062,
0x0906, 0x0906, 0x0905, 0x0906, 0x08e5, 0x08c4, 0x00c4, 0x00c4, 0x08e5, 0x0906, 0x08e5, 0x00a3, 0x0083, 0x0083, 0x08a3, 0x08c4,
0x08e5, 0x0062, 0x0041, 0x0000, 0x0021, 0x0062, 0x0021, 0x0021, 0x0883, 0x08e5, 0x08e5, 0x08e5, 0x08e5, 0x08c4, 0x08c4, 0x00a3,
0x08c4, 0x08a3, 0x08a4, 0x08c4, 0x08a4, 0x08a4, 0x08c4, 0x08c4, 0x08c4, 0x08e4, 0x10e5, 0x1105, 0x08e5, 0x08e5, 0x10e5, 0x1105,
0x1105, 0x10e4, 0x10e4, 0x10e4, 0x08a3, 0x08a3, 0x10e5, 0x08e5, 0x1105, 0x08e5, 0x08a4, 0x1105, 0x1105, 0x1105, 0x1105, 0x1106,
0x0905, 0x1105, 0x1105, 0x0905, 0x1106, 0x08e5, 0x0905, 0x1106, 0x1106, 0x1106, 0x1106, 0x1106, 0x0906, 0x1106, 0x1106, 0x1105,
0x1105, 0x08e5, 0x1105, 0x08e5, 0x08e5, 0x1105, 0x1105, 0x1105, 0x08e5, 0x08c4, 0x08e4, 0x08c3, 0x0062, 0x0882, 0x08c4, 0x08e5,
0x08c4, 0x08e4, 0x08a4, 0x08c4, 0x08c4, 0x08c4, 0x08e5, 0x08e5, 0x08e5, 0x10e5, 0x10c3, 0x10a2, 0x1882, 0x1082, 0x18a2, 0x1082,
0x10c3, 0x1105, 0x1105, 0x1105, 0x1106, 0x1105, 0x1105, 0x1105, 0x1105, 0x1106, 0x08c4, 0x08c4, 0x08a3, 0x0882, 0x0883, 0x10c3,
0x10c4, 0x10e4, 0x10e4, 0x08c4, 0x10e4, 0x10e4, 0x10a3, 0x10a3, 0x1082, 0x1882, 0x1882, 0x18a2, 0x18a2, 0x18a2, 0x18a2, 0x1882,
0x18a2, 0x18a2, 0x1882, 0x18a2, 0x18a2, 0x18a2, 0x1082, 0x0862, 0x10e4, 0x1105, 0x0863, 0x0862, 0x0862, 0x0883, 0x10c4, 0x0883,
0x0883, 0x08e5, 0x1126, 0x1127, 0x1126, 0x1126, 0x1127, 0x1127, 0x1127, 0x1147, 0x1147, 0x1147, 0x1127, 0x1126, 0x08c4, 0x0020,
0x1082, 0x0841, 0x0841, 0x0842, 0x0842, 0x0041, 0x0862, 0x08e5, 0x08e5, 0x08e5, 0x1105, 0x1126, 0x1105, 0x1105, 0x1105, 0x1126,
0x1126, 0x1147, 0x1147, 0x1147, 0x1147, 0x1147, 0x1147, 0x1147, 
/* -117- */
0x0041, 0x0041, 0x0083, 0x08c4, 0x08a3, 0x0042, 0x08c4, 0x08e5, 0x08c4, 0x0021, 0x08a3, 0x08a3, 0x08c4, 0x08e4, 0x08e5, 0x08c4,
0x0021, 0x0841, 0x0021, 0x0021, 0x0021, 0x0041, 0x0042, 0x0862, 0x0883, 0x0883, 0x0883, 0x0883, 0x0083, 0x0042, 0x0042, 0x0041,
0x0041, 0x0000, 0x0021, 0x0062, 0x0062, 0x0083, 0x0042, 0x0883, 0x0883, 0x08a3, 0x0083, 0x0083, 0x0882, 0x0062, 0x0062, 0x0883,
0x0883, 0x08a3, 0x08a3, 0x0062, 0x0021, 0x0042, 0x0001, 0x0862, 0x0021, 0x0000, 0x0000, 0x0001, 0x0000, 0x0000, 0x0000, 0x0000,
0x0000, 0x0000, 0x0000, 0x0000, 0x0000, 0x0000, 0x0000, 0x0000, 0x0000, 0x0000, 0x0000, 0x0000, 0x0000, 0x0000, 0x0000, 0x0062,
0x0905, 0x0906, 0x0905, 0x0906, 0x0905, 0x08c4, 0x08c4, 0x08c4, 0x08e5, 0x0905, 0x08e5, 0x00a3, 0x0083, 0x0083, 0x08c4, 0x08e5,
0x08e5, 0x0063, 0x0042, 0x0021, 0x0021, 0x0062, 0x0021, 0x0021, 0x08a3, 0x08e4, 0x08e5, 0x08e5, 0x08e5, 0x08c4, 0x08a4, 0x08a3,
0x08c4, 0x08a3, 0x08a3, 0x08a4, 0x08a4, 0x08a4, 0x08c4, 0x08c4, 0x08c4, 0x08c4, 0x10e5, 0x10e5, 0x08c5, 0x08c5, 0x10e5, 0x1105,
0x1105, 0x10e4, 0x10e5, 0x10e4, 0x08a3, 0x08a3, 0x10e5, 0x08e5, 0x1105, 0x10e5, 0x08c4, 0x1105, 0x1106, 0x1106, 0x1106, 0x1105,
0x1105, 0x1105, 0x08e5, 0x08e5, 0x1106, 0x1106, 0x0906, 0x1106, 0x1106, 0x1106, 0x1106, 0x1106, 0x1106, 0x1106, 0x1106, 0x1106,
0x1105, 0x08e5, 0x1105, 0x08e4, 0x08e5, 0x1105, 0x08e5, 0x08e5, 0x08c4, 0x08c4, 0x08e4, 0x08a3, 0x0062, 0x0882, 0x08c4, 0x1105,
0x08e5, 0x08c4, 0x08c4, 0x08c4, 0x08c4, 0x08e4, 0x08e5, 0x08e5, 0x08e5, 0x10e4, 0x10a3, 0x18a2, 0x1882, 0x1882, 0x1882, 0x1082,
0x10a3, 0x08c4, 0x08c4, 0x1105, 0x1105, 0x10e5, 0x1105, 0x08c4, 0x1105, 0x1106, 0x08c4, 0x08c4, 0x10e4, 0x10e4, 0x10e4, 0x10e4,
0x10e4, 0x08c4, 0x10e4, 0x08c4, 0x10e5, 0x10e4, 0x0883, 0x10a3, 0x0862, 0x1062, 0x1882, 0x1882, 0x1882, 0x18a2, 0x1882, 0x18a2,
0x18a2, 0x1882, 0x18a2, 0x1882, 0x18a2, 0x18a3, 0x0862, 0x0841, 0x0842, 0x0862, 0x0042, 0x0862, 0x08c4, 0x10e5, 0x1105, 0x1105,
0x1106, 0x1147, 0x1127, 0x1147, 0x1126, 0x1127, 0x1127, 0x1127, 0x1127, 0x1147, 0x1127, 0x1127, 0x1127, 0x1127, 0x08c4, 0x0020,
0x1062, 0x0841, 0x0841, 0x0862, 0x0842, 0x0021, 0x0862, 0x08e5, 0x08e5, 0x08e5, 0x08e5, 0x1106, 0x10e5, 0x10e5, 0x1126, 0x1126,
0x1127, 0x1147, 0x1147, 0x1127, 0x1127, 0x1127, 0x1147, 0x1127, 
/* -118- */
0x0882, 0x0041, 0x0042, 0x0883, 0x08a3, 0x0042, 0x08c4, 0x08c4, 0x08c4, 0x0021, 0x08a3, 0x08a4, 0x08c5, 0x08e5, 0x08e5, 0x08e5,
0x0021, 0x0841, 0x0021, 0x0000, 0x0000, 0x0000, 0x0001, 0x0001, 0x0000, 0x0000, 0x0000, 0x0021, 0x0000, 0x0000, 0x0000, 0x0021,
0x0001, 0x0000, 0x0021, 0x0021, 0x0041, 0x0042, 0x0021, 0x0021, 0x0041, 0x0042, 0x0042, 0x0042, 0x0001, 0x0041, 0x0021, 0x0042,
0x0062, 0x0062, 0x0882, 0x0062, 0x0041, 0x0042, 0x0042, 0x0842, 0x0042, 0x0041, 0x0021, 0x0842, 0x0021, 0x0020, 0x0020, 0x0020,
0x0020, 0x0020, 0x0020, 0x0000, 0x0000, 0x0000, 0x0000, 0x0000, 0x0000, 0x0000, 0x0001, 0x0001, 0x0000, 0x0000, 0x0000, 0x0042,
0x08e5, 0x08e5, 0x08e5, 0x0905, 0x0905, 0x08e5, 0x08c4, 0x08c4, 0x08e5, 0x0906, 0x08e5, 0x00a3, 0x0083, 0x00a3, 0x08c4, 0x08e5,
0x08e5, 0x0063, 0x0883, 0x0021, 0x0021, 0x0062, 0x0021, 0x0021, 0x08a3, 0x08c4, 0x08e5, 0x08e5, 0x08e5, 0x08e5, 0x08c4, 0x08c4,
0x08c4, 0x08c4, 0x00a3, 0x08c4, 0x08a4, 0x08a4, 0x08c4, 0x08c4, 0x08c4, 0x08c4, 0x08c4, 0x08c4, 0x08c5, 0x08e5, 0x10e5, 0x1105,
0x1105, 0x1105, 0x10e5, 0x10e5, 0x08a3, 0x08a3, 0x1105, 0x08e5, 0x10e5, 0x10e5, 0x08c4, 0x1105, 0x1106, 0x1106, 0x1126, 0x1106,
0x1105, 0x1105, 0x08c4, 0x08e5, 0x0906, 0x0906, 0x0906, 0x1106, 0x0906, 0x0906, 0x1105, 0x1105, 0x1105, 0x1106, 0x1105, 0x1105,
0x1106, 0x1106, 0x08e5, 0x08e5, 0x1105, 0x0906, 0x1105, 0x08e4, 0x08e4, 0x08e4, 0x08e5, 0x08c4, 0x0862, 0x08a3, 0x08e4, 0x08e5,
0x08e5, 0x08c4, 0x08c4, 0x08c4, 0x08c4, 0x08c4, 0x08e5, 0x08e5, 0x10e5, 0x10c4, 0x1082, 0x1082, 0x1082, 0x1082, 0x1062, 0x1082,
0x1082, 0x0862, 0x10e4, 0x1105, 0x1105, 0x1105, 0x1105, 0x1105, 0x1126, 0x1106, 0x08c4, 0x08e4, 0x08e4, 0x10e4, 0x10e4, 0x10e4,
0x10e4, 0x10e4, 0x10e4, 0x10e4, 0x10c4, 0x10c4, 0x10a3, 0x10a3, 0x0862, 0x1082, 0x1882, 0x1882, 0x1882, 0x1882, 0x1082, 0x1082,
0x1082, 0x1082, 0x1082, 0x1082, 0x0861, 0x0862, 0x10a3, 0x10a2, 0x10a3, 0x0862, 0x0862, 0x0883, 0x1105, 0x1126, 0x1126, 0x1126,
0x1126, 0x1127, 0x1127, 0x1127, 0x1127, 0x1127, 0x1127, 0x1127, 0x1126, 0x1147, 0x1147, 0x1147, 0x1127, 0x1126, 0x08c4, 0x0020,
0x1041, 0x1041, 0x1062, 0x0841, 0x0841, 0x0000, 0x0862, 0x0905, 0x08e5, 0x08e5, 0x1105, 0x1105, 0x1105, 0x1126, 0x1126, 0x1127,
0x1127, 0x1127, 0x1147, 0x1127, 0x1126, 0x0905, 0x0905, 0x08e5, 
/* -119- */
0x0862, 0x0062, 0x0062, 0x0042, 0x0862, 0x0042, 0x08c4, 0x00c4, 0x08c4, 0x0042, 0x08a3, 0x08a4, 0x08e5, 0x08e5, 0x08e5, 0x08e5,
0x0000, 0x0861, 0x0020, 0x0000, 0x0000, 0x0000, 0x0000, 0x0000, 0x0000, 0x0000, 0x0000, 0x0021, 0x0000, 0x0000, 0x0000, 0x0021,
0x0001, 0x0000, 0x0000, 0x0000, 0x0000, 0x0000, 0x0021, 0x0000, 0x0000, 0x0000, 0x0000, 0x0000, 0x0000, 0x0000, 0x0000, 0x0000,
0x0000, 0x0000, 0x0000, 0x0000, 0x0000, 0x0000, 0x0000, 0x0000, 0x0000, 0x0000, 0x0000, 0x0000, 0x0000, 0x0000, 0x0000, 0x0000,
0x0000, 0x0000, 0x0000, 0x0000, 0x0000, 0x0000, 0x0001, 0x0000, 0x0000, 0x0000, 0x0001, 0x0001, 0x0000, 0x0000, 0x0000, 0x0041,
0x08e5, 0x08e5, 0x08e5, 0x0905, 0x0905, 0x0905, 0x08e5, 0x08e5, 0x08e5, 0x0906, 0x08e5, 0x00a3, 0x0083, 0x00a4, 0x08c4, 0x08e5,
0x08c4, 0x0062, 0x0883, 0x0021, 0x0021, 0x0042, 0x0021, 0x0041, 0x08a3, 0x08c4, 0x08e5, 0x08e5, 0x08e5, 0x08e5, 0x08c4, 0x08c5,
0x08c4, 0x08c4, 0x08a3, 0x08c4, 0x08c4, 0x08a3, 0x08c4, 0x08c4, 0x08c4, 0x08c4, 0x08c4, 0x08c4, 0x08e5, 0x08e5, 0x10e5, 0x1105,
0x1105, 0x1105, 0x10e5, 0x10e4, 0x08a3, 0x08a3, 0x1105, 0x08e5, 0x1105, 0x08e5, 0x08a4, 0x1105, 0x1126, 0x1126, 0x1126, 0x1126,
0x1106, 0x1105, 0x08e5, 0x08e5, 0x0905, 0x1106, 0x0906, 0x1106, 0x1106, 0x0906, 0x1106, 0x1105, 0x1105, 0x1105, 0x08e5, 0x1105,
0x1106, 0x08e5, 0x08e5, 0x08e5, 0x1105, 0x0906, 0x1106, 0x08c4, 0x08e4, 0x08e5, 0x10e5, 0x08a3, 0x0062, 0x10c4, 0x08c4, 0x10e5,
0x10e5, 0x08e4, 0x08e5, 0x08e5, 0x08e5, 0x08e5, 0x08e5, 0x08e5, 0x10e5, 0x08a3, 0x0862, 0x0861, 0x1082, 0x1062, 0x1082, 0x10a2,
0x10a3, 0x1082, 0x10e4, 0x1126, 0x1126, 0x1126, 0x1125, 0x1126, 0x1126, 0x1126, 0x08e4, 0x08c4, 0x08e4, 0x10e4, 0x1105, 0x10e4,
0x10e4, 0x10e4, 0x10e4, 0x10e4, 0x10e4, 0x10c4, 0x10a3, 0x10a3, 0x0883, 0x0862, 0x1082, 0x0862, 0x0882, 0x1082, 0x10a3, 0x10a2,
0x10a3, 0x18a3, 0x18a3, 0x18a3, 0x18a3, 0x18a3, 0x18a3, 0x18a3, 0x18a3, 0x1062, 0x0862, 0x10c3, 0x1126, 0x1126, 0x1126, 0x1126,
0x1126, 0x1126, 0x1126, 0x1147, 0x1147, 0x1127, 0x1127, 0x1147, 0x1127, 0x1147, 0x1147, 0x1147, 0x1147, 0x1126, 0x08a3, 0x0020,
0x0841, 0x1042, 0x1062, 0x0821, 0x0020, 0x0000, 0x0842, 0x08e5, 0x0905, 0x08e5, 0x1105, 0x10e5, 0x1105, 0x1105, 0x1126, 0x1126,
0x1147, 0x1147, 0x1147, 0x1127, 0x1127, 0x1126, 0x1147, 0x1126, 
/* -120- */
0x0000, 0x0020, 0x0041, 0x0041, 0x0041, 0x0041, 0x0882, 0x00a3, 0x08a3, 0x0041, 0x08a3, 0x08c4, 0x08e5, 0x0905, 0x08e5, 0x10e5,
0x0000, 0x0861, 0x0020, 0x0000, 0x0000, 0x0000, 0x0000, 0x0000, 0x0000, 0x0001, 0x0000, 0x0021, 0x0001, 0x0000, 0x0000, 0x0001,
0x0000, 0x0000, 0x0000, 0x0000, 0x0000, 0x0000, 0x0000, 0x0001, 0x0000, 0x0000, 0x0000, 0x0020, 0x0000, 0x0000, 0x0000, 0x0000,
0x0000, 0x0000, 0x0000, 0x0000, 0x0000, 0x0020, 0x0021, 0x0021, 0x0020, 0x0000, 0x0021, 0x0021, 0x0021, 0x0021, 0x0041, 0x0041,
0x0041, 0x0842, 0x0041, 0x0041, 0x0021, 0x0021, 0x0041, 0x0021, 0x0021, 0x0021, 0x0021, 0x0021, 0x0000, 0x0000, 0x0000, 0x0041,
0x08e5, 0x08e5, 0x08e5, 0x0905, 0x0906, 0x0906, 0x08e5, 0x08e5, 0x08e5, 0x0906, 0x08e5, 0x00a3, 0x0083, 0x00a4, 0x08c4, 0x08e5,
0x08e5, 0x0083, 0x0083, 0x0021, 0x0041, 0x0082, 0x0041, 0x0041, 0x08a3, 0x08c4, 0x08c5, 0x08e5, 0x08e5, 0x08c4, 0x08c4, 0x08e5,
0x08c4, 0x08c4, 0x08c4, 0x08c4, 0x08c4, 0x08a4, 0x08c4, 0x08c4, 0x08c4, 0x08c4, 0x08c4, 0x08c4, 0x08e5, 0x10e5, 0x10e5, 0x1105,
0x1105, 0x1105, 0x10e5, 0x10e4, 0x0883, 0x08a4, 0x1105, 0x08e5, 0x1105, 0x08e5, 0x08c4, 0x1105, 0x1126, 0x1126, 0x1126, 0x1126,
0x1106, 0x1105, 0x08e5, 0x08e5, 0x0905, 0x0906, 0x0906, 0x1106, 0x1106, 0x1106, 0x1106, 0x1106, 0x1105, 0x1105, 0x1106, 0x1105,
0x08e5, 0x08e4, 0x08e5, 0x08c4, 0x08e5, 0x1106, 0x0905, 0x08e4, 0x08c4, 0x08c4, 0x08c4, 0x08a3, 0x0041, 0x10c3, 0x08c4, 0x1105,
0x1105, 0x08e5, 0x08e5, 0x08e4, 0x08e4, 0x08e4, 0x08e4, 0x08e4, 0x10c4, 0x0882, 0x1082, 0x1082, 0x18a2, 0x18a2, 0x18a2, 0x18a2,
0x18a2, 0x10a3, 0x10e5, 0x1126, 0x1126, 0x1126, 0x1126, 0x1126, 0x1126, 0x1126, 0x1105, 0x08c4, 0x08e4, 0x10e4, 0x10e4, 0x08c4,
0x10e4, 0x10e4, 0x10e4, 0x10e4, 0x10e4, 0x08a3, 0x0883, 0x10a3, 0x10c4, 0x0882, 0x0862, 0x1062, 0x1082, 0x10a3, 0x10c3, 0x0862,
0x18a3, 0x18a3, 0x18a3, 0x18c3, 0x18a3, 0x18a3, 0x18a3, 0x18c3, 0x18a3, 0x1062, 0x0841, 0x10e4, 0x1126, 0x1126, 0x1126, 0x1126,
0x1126, 0x1126, 0x1126, 0x1147, 0x1147, 0x1147, 0x1127, 0x1147, 0x1147, 0x1147, 0x1147, 0x1147, 0x1147, 0x1126, 0x0883, 0x0000,
0x0821, 0x0841, 0x1062, 0x0821, 0x0000, 0x0000, 0x0842, 0x08e5, 0x08e5, 0x08e5, 0x0905, 0x1105, 0x1125, 0x1105, 0x1126, 0x1127,
0x1147, 0x1147, 0x1147, 0x1147, 0x1147, 0x1147, 0x1147, 0x1147, 
/* -121- */
0x0021, 0x0000, 0x0000, 0x0000, 0x0041, 0x0041, 0x0041, 0x0042, 0x0882, 0x0021, 0x08a3, 0x08c4, 0x08e5, 0x0905, 0x0905, 0x10e5,
0x0020, 0x0861, 0x0841, 0x0000, 0x0000, 0x0000, 0x0001, 0x0001, 0x0000, 0x0000, 0x0000, 0x0021, 0x0001, 0x0000, 0x0000, 0x0021,
0x0001, 0x0021, 0x0000, 0x0001, 0x0000, 0x0000, 0x0000, 0x0021, 0x0000, 0x0000, 0x0000, 0x0000, 0x0000, 0x0000, 0x0000, 0x0000,
0x0000, 0x0000, 0x0000, 0x0021, 0x0021, 0x0041, 0x0021, 0x0041, 0x0000, 0x0000, 0x0000, 0x0000, 0x0000, 0x0000, 0x0000, 0x0021,
0x0021, 0x0001, 0x0000, 0x0021, 0x0021, 0x0000, 0x0001, 0x0000, 0x0000, 0x0000, 0x0001, 0x0001, 0x0001, 0x0000, 0x0000, 0x0041,
0x08c4, 0x00a3, 0x0083, 0x08e5, 0x0905, 0x0905, 0x0905, 0x08e5, 0x08e5, 0x0906, 0x08e5, 0x00a3, 0x00a3, 0x00a4, 0x08c5, 0x0905,
0x08e5, 0x0083, 0x0083, 0x0021, 0x0041, 0x0062, 0x0021, 0x0021, 0x0883, 0x08c4, 0x08c4, 0x08c4, 0x08c4, 0x08c4, 0x08c4, 0x08c5,
0x08c4, 0x08c4, 0x08c4, 0x08c4, 0x08c4, 0x08a4, 0x08c4, 0x08c4, 0x08c4, 0x08c4, 0x08c4, 0x08c4, 0x08c4, 0x08e4, 0x10e5, 0x1105,
0x1105, 0x1105, 0x10e5, 0x10e5, 0x08a3, 0x08a3, 0x1105, 0x0905, 0x1106, 0x1105, 0x08c4, 0x1105, 0x1126, 0x1126, 0x1126, 0x1126,
0x1106, 0x1106, 0x08e5, 0x08c4, 0x0905, 0x1106, 0x1106, 0x1106, 0x1106, 0x1106, 0x1106, 0x1106, 0x0906, 0x0906, 0x0906, 0x1105,
0x08c4, 0x08c4, 0x08e4, 0x08c4, 0x08e5, 0x0906, 0x1106, 0x1105, 0x08c4, 0x08c4, 0x08c4, 0x08a3, 0x0062, 0x10c4, 0x08c4, 0x0905,
0x0905, 0x1105, 0x1105, 0x08e5, 0x08e5, 0x08c4, 0x08e4, 0x10c4, 0x10a3, 0x10a2, 0x1082, 0x1882, 0x1882, 0x18a2, 0x1882, 0x18a2,
0x10a2, 0x10a3, 0x1105, 0x1126, 0x1126, 0x1126, 0x1126, 0x1105, 0x0905, 0x1126, 0x1126, 0x08e5, 0x08e4, 0x10e4, 0x08c4, 0x08c3,
0x10c4, 0x08c4, 0x10e4, 0x10e4, 0x10e4, 0x08c3, 0x10a3, 0x10a3, 0x10c3, 0x10a2, 0x1082, 0x1082, 0x1882, 0x1082, 0x18c3, 0x0862,
0x18a3, 0x18a3, 0x18c3, 0x18c3, 0x18c3, 0x18a3, 0x18c3, 0x18c3, 0x18c3, 0x1082, 0x0842, 0x1105, 0x1126, 0x1126, 0x1126, 0x1126,
0x1126, 0x1126, 0x1126, 0x1146, 0x1147, 0x1127, 0x1127, 0x1147, 0x1147, 0x1147, 0x1147, 0x1147, 0x1127, 0x10e5, 0x0862, 0x0000,
0x0821, 0x0841, 0x1042, 0x0821, 0x0000, 0x0000, 0x0842, 0x08e6, 0x0906, 0x08e5, 0x08e5, 0x1126, 0x1105, 0x1106, 0x1147, 0x1147,
0x1127, 0x1147, 0x1147, 0x1147, 0x1147, 0x1147, 0x1147, 0x1147, 
/* -122- */
0x0041, 0x0041, 0x0020, 0x0000, 0x0000, 0x0020, 0x0041, 0x0021, 0x0041, 0x0021, 0x0883, 0x08a4, 0x08e5, 0x0905, 0x0905, 0x1105,
0x0021, 0x1082, 0x0841, 0x0041, 0x0041, 0x0062, 0x0063, 0x0063, 0x0062, 0x0062, 0x0863, 0x0062, 0x0062, 0x0062, 0x0062, 0x0062,
0x0062, 0x0041, 0x0041, 0x0862, 0x0021, 0x0000, 0x0021, 0x0021, 0x0021, 0x0021, 0x0021, 0x0042, 0x0041, 0x0062, 0x0062, 0x0041,
0x0042, 0x0021, 0x0041, 0x0042, 0x0042, 0x0042, 0x0021, 0x0042, 0x0000, 0x0000, 0x0000, 0x0021, 0x0841, 0x0000, 0x0041, 0x0042,
0x0041, 0x0021, 0x0021, 0x0021, 0x0021, 0x0000, 0x0000, 0x0000, 0x0000, 0x0000, 0x0000, 0x0021, 0x0000, 0x0000, 0x0000, 0x0041,
0x08a3, 0x08c4, 0x0062, 0x08e5, 0x0905, 0x0906, 0x0905, 0x08e5, 0x08e5, 0x0926, 0x08e5, 0x00a4, 0x00a4, 0x00a4, 0x08e5, 0x0905,
0x08c4, 0x0082, 0x0083, 0x0021, 0x0042, 0x0062, 0x0020, 0x0021, 0x0883, 0x08c4, 0x08c4, 0x08e5, 0x08c4, 0x08c4, 0x08e5, 0x08e5,
0x08e4, 0x08c4, 0x08c4, 0x08c4, 0x08c4, 0x08a4, 0x08c4, 0x08c4, 0x08c4, 0x08c4, 0x08c4, 0x08c4, 0x08c4, 0x10e5, 0x1105, 0x10e5,
0x10e5, 0x10e5, 0x1105, 0x10e5, 0x08a3, 0x10c4, 0x1105, 0x08e5, 0x0905, 0x0905, 0x08c4, 0x1105, 0x1126, 0x1126, 0x1126, 0x1126,
0x1126, 0x1106, 0x0905, 0x08e5, 0x0905, 0x1106, 0x1106, 0x1106, 0x1106, 0x1106, 0x1106, 0x0906, 0x0906, 0x0905, 0x0905, 0x0905,
0x08e4, 0x08e5, 0x08e5, 0x0905, 0x0905, 0x0906, 0x0905, 0x08e5, 0x08e4, 0x08c4, 0x08e4, 0x08c4, 0x0083, 0x08e4, 0x08e4, 0x1105,
0x10e5, 0x1105, 0x10e5, 0x1105, 0x08e5, 0x08e4, 0x08c4, 0x10a3, 0x1083, 0x10a2, 0x1082, 0x1882, 0x1882, 0x1882, 0x18a2, 0x1082,
0x1082, 0x10a3, 0x1105, 0x1126, 0x1126, 0x1126, 0x1105, 0x08e4, 0x08e5, 0x1147, 0x1147, 0x1126, 0x1105, 0x08c4, 0x08c4, 0x08c4,
0x10e4, 0x10e4, 0x10e5, 0x10e4, 0x10e4, 0x08c4, 0x10a2, 0x10a3, 0x10a3, 0x10a2, 0x1082, 0x10a2, 0x1882, 0x1082, 0x18a3, 0x1082,
0x18a3, 0x18a3, 0x18a2, 0x18a3, 0x18a2, 0x20a3, 0x18a2, 0x18a2, 0x18a3, 0x1062, 0x0841, 0x10e5, 0x1127, 0x1126, 0x1126, 0x1105,
0x1126, 0x1106, 0x1126, 0x1126, 0x1127, 0x1127, 0x1127, 0x1127, 0x1147, 0x1147, 0x1147, 0x1147, 0x1147, 0x1106, 0x0883, 0x0021,
0x1042, 0x0821, 0x1062, 0x0821, 0x0820, 0x0000, 0x0862, 0x0906, 0x0906, 0x08e5, 0x08e5, 0x10e5, 0x08e5, 0x1147, 0x1147, 0x1147,
0x1147, 0x1147, 0x1147, 0x1147, 0x1147, 0x1147, 0x1147, 0x1147, 
/* -123- */
0x0000, 0x0041, 0x0041, 0x0041, 0x0000, 0x0000, 0x0000, 0x0020, 0x0041, 0x0861, 0x0021, 0x0062, 0x08c4, 0x08e5, 0x08e5, 0x10e5,
0x0021, 0x1062, 0x0841, 0x0000, 0x0000, 0x0021, 0x0042, 0x0021, 0x0021, 0x0000, 0x0001, 0x0001, 0x0001, 0x0001, 0x0001, 0x0001,
0x0001, 0x0041, 0x0021, 0x0042, 0x0021, 0x0000, 0x0000, 0x0000, 0x0000, 0x0000, 0x0000, 0x0000, 0x0000, 0x0000, 0x0000, 0x0000,
0x0000, 0x0000, 0x0041, 0x0042, 0x0042, 0x0042, 0x0041, 0x0883, 0x0062, 0x0041, 0x0041, 0x0042, 0x0062, 0x0042, 0x0062, 0x0042,
0x0042, 0x0042, 0x0021, 0x0042, 0x0021, 0x0021, 0x0021, 0x0042, 0x0042, 0x0042, 0x0042, 0x0042, 0x0021, 0x0000, 0x0021, 0x0042,
0x0883, 0x08a3, 0x0042, 0x0905, 0x0906, 0x0906, 0x08e5, 0x08e5, 0x08e5, 0x0906, 0x0905, 0x00a4, 0x00c4, 0x00a4, 0x0905, 0x0905,
0x08e4, 0x0062, 0x0083, 0x0021, 0x0062, 0x0883, 0x0000, 0x0021, 0x0883, 0x08c4, 0x08c5, 0x08e5, 0x08e5, 0x08e4, 0x08e5, 0x08e5,
0x08e4, 0x08c4, 0x08c4, 0x08c4, 0x08c4, 0x08c4, 0x08c4, 0x08c4, 0x08c4, 0x08c4, 0x08e5, 0x08c5, 0x08e5, 0x10e5, 0x10e5, 0x10e5,
0x1105, 0x1105, 0x1105, 0x10e5, 0x08a4, 0x08a4, 0x1105, 0x1105, 0x0905, 0x08e5, 0x08e5, 0x1106, 0x1106, 0x1126, 0x1126, 0x1126,
0x1106, 0x0906, 0x0905, 0x0906, 0x0906, 0x1106, 0x1106, 0x1106, 0x1106, 0x1106, 0x1106, 0x1106, 0x1106, 0x0905, 0x0905, 0x08e5,
0x08c4, 0x08e5, 0x0906, 0x0906, 0x0906, 0x0906, 0x0906, 0x0905, 0x08e5, 0x08e5, 0x08e5, 0x08e5, 0x0083, 0x08e4, 0x08e4, 0x1105,
0x1105, 0x08e5, 0x1105, 0x1105, 0x08e5, 0x08e4, 0x10c4, 0x10a3, 0x1082, 0x10a2, 0x1082, 0x1082, 0x1082, 0x1082, 0x1082, 0x1082,
0x10a3, 0x10a3, 0x1105, 0x1105, 0x1125, 0x1105, 0x1105, 0x1105, 0x1126, 0x1146, 0x1146, 0x1126, 0x08c4, 0x08a3, 0x10e4, 0x10e4,
0x10e4, 0x10e5, 0x10e5, 0x10e5, 0x10e4, 0x10c4, 0x10a3, 0x18a3, 0x18a3, 0x10a3, 0x18a3, 0x18a3, 0x1082, 0x1062, 0x10a3, 0x0862,
0x18a3, 0x18a3, 0x18a3, 0x18a3, 0x1082, 0x18a2, 0x18a2, 0x18a3, 0x18a3, 0x0862, 0x0041, 0x10e5, 0x1127, 0x1126, 0x08e5, 0x1105,
0x1105, 0x08c4, 0x1105, 0x1126, 0x1127, 0x1127, 0x1127, 0x1127, 0x1147, 0x1147, 0x1147, 0x1147, 0x1147, 0x1126, 0x08a3, 0x0020,
0x1062, 0x1041, 0x0841, 0x0821, 0x0020, 0x0000, 0x0862, 0x0906, 0x0906, 0x08e5, 0x08e5, 0x1146, 0x1127, 0x1147, 0x1147, 0x1147,
0x1147, 0x1147, 0x1147, 0x1147, 0x1147, 0x1147, 0x1147, 0x0906, 
/* -124- */
0x0020, 0x0000, 0x0000, 0x0020, 0x0021, 0x0020, 0x0020, 0x0000, 0x0000, 0x0041, 0x0021, 0x0841, 0x0062, 0x0062, 0x08c4, 0x08e4,
0x0021, 0x0021, 0x0841, 0x0000, 0x0000, 0x0000, 0x0021, 0x0021, 0x0000, 0x0000, 0x0000, 0x0000, 0x0000, 0x0000, 0x0000, 0x0000,
0x0001, 0x0042, 0x0042, 0x0042, 0x0021, 0x0000, 0x0000, 0x0000, 0x0000, 0x0000, 0x0000, 0x0000, 0x0000, 0x0000, 0x0000, 0x0000,
0x0000, 0x0000, 0x0000, 0x0000, 0x0000, 0x0000, 0x0001, 0x0021, 0x0062, 0x0062, 0x0041, 0x0041, 0x0062, 0x0862, 0x0062, 0x0062,
0x0041, 0x0021, 0x0021, 0x0041, 0x0021, 0x0020, 0x0000, 0x0021, 0x0021, 0x0021, 0x0021, 0x0021, 0x0021, 0x0001, 0x0021, 0x0062,
0x08a3, 0x08a3, 0x0042, 0x1106, 0x0926, 0x0906, 0x0905, 0x08e5, 0x08e5, 0x0926, 0x0906, 0x08c4, 0x08c4, 0x08c4, 0x08e5, 0x0905,
0x08e4, 0x0063, 0x0083, 0x0021, 0x0042, 0x0062, 0x0001, 0x0021, 0x0883, 0x08c4, 0x08e5, 0x08e5, 0x08e5, 0x08e4, 0x08e5, 0x08e5,
0x08c4, 0x08c4, 0x08c4, 0x08c4, 0x08c4, 0x08c4, 0x08c4, 0x08c4, 0x08c4, 0x08e5, 0x08c4, 0x08c4, 0x08c4, 0x10e5, 0x1105, 0x1105,
0x1105, 0x1105, 0x1105, 0x10e5, 0x08c4, 0x10e5, 0x1105, 0x1105, 0x08e5, 0x0905, 0x1105, 0x1106, 0x1106, 0x1126, 0x1106, 0x1106,
0x1106, 0x1106, 0x0905, 0x0906, 0x1106, 0x1106, 0x1106, 0x1106, 0x1106, 0x1106, 0x1126, 0x1106, 0x1106, 0x0905, 0x08e5, 0x0905,
0x08c5, 0x0906, 0x0906, 0x0906, 0x08e5, 0x08e5, 0x0905, 0x0905, 0x08e5, 0x08e5, 0x08e5, 0x08e5, 0x0083, 0x10e4, 0x08e4, 0x1105,
0x1105, 0x08e5, 0x08e5, 0x08e5, 0x08e4, 0x08e4, 0x10c4, 0x1082, 0x1062, 0x0862, 0x0861, 0x0841, 0x0861, 0x0841, 0x1082, 0x0862,
0x10a3, 0x1105, 0x1105, 0x10e5, 0x1105, 0x1105, 0x1126, 0x1126, 0x1126, 0x1126, 0x1126, 0x1105, 0x08a3, 0x10e4, 0x10e5, 0x10e5,
0x10e5, 0x10e4, 0x10e5, 0x10e5, 0x10e4, 0x10e4, 0x10a3, 0x10a3, 0x1082, 0x18a3, 0x18a3, 0x10a3, 0x1082, 0x1062, 0x10a3, 0x0862,
0x0862, 0x0862, 0x0862, 0x1082, 0x0862, 0x0862, 0x1082, 0x10a3, 0x10a3, 0x08a3, 0x10c4, 0x1126, 0x1126, 0x1126, 0x1106, 0x1126,
0x10e5, 0x10e5, 0x1106, 0x1126, 0x1127, 0x1127, 0x1127, 0x1127, 0x1147, 0x1147, 0x1147, 0x1147, 0x1147, 0x1147, 0x08c4, 0x0021,
0x18a3, 0x1062, 0x0021, 0x0862, 0x0862, 0x0021, 0x0842, 0x08e5, 0x08e6, 0x08e5, 0x08e5, 0x1147, 0x1147, 0x1147, 0x1147, 0x1147,
0x1147, 0x1147, 0x1147, 0x1147, 0x1147, 0x1147, 0x1126, 0x1126, 
/* -125- */
0x0042, 0x0021, 0x0000, 0x0000, 0x0000, 0x0000, 0x0020, 0x0020, 0x0021, 0x0000, 0x0000, 0x0041, 0x0841, 0x0041, 0x0862, 0x0883,
0x0862, 0x0020, 0x0841, 0x0000, 0x0000, 0x0001, 0x0021, 0x0001, 0x0000, 0x0000, 0x0000, 0x0000, 0x0000, 0x0000, 0x0000, 0x0000,
0x0000, 0x0042, 0x0042, 0x0021, 0x0021, 0x0000, 0x0000, 0x0000, 0x0000, 0x0021, 0x0021, 0x0021, 0x0021, 0x0041, 0x0041, 0x0021,
0x0020, 0x0000, 0x0000, 0x0000, 0x0001, 0x0001, 0x0021, 0x0001, 0x0000, 0x0000, 0x0000, 0x0000, 0x0000, 0x0000, 0x0000, 0x0000,
0x0000, 0x0000, 0x0000, 0x0000, 0x0021, 0x0000, 0x0000, 0x0000, 0x0000, 0x0000, 0x0000, 0x0000, 0x0000, 0x0000, 0x0000, 0x0062,
0x08a3, 0x08a3, 0x0042, 0x1105, 0x0926, 0x0926, 0x0906, 0x08e5, 0x0905, 0x0926, 0x0906, 0x08e5, 0x08c4, 0x00c4, 0x08e5, 0x0905,
0x08e5, 0x0083, 0x0083, 0x0021, 0x0041, 0x0062, 0x0001, 0x0021, 0x0883, 0x08c4, 0x08c5, 0x08e5, 0x08e5, 0x08e5, 0x08e5, 0x08c5,
0x08c4, 0x08c4, 0x08c4, 0x08e5, 0x08c4, 0x08c4, 0x08c4, 0x08c4, 0x08c4, 0x08c4, 0x08c4, 0x08c4, 0x08c4, 0x10e5, 0x1105, 0x1105,
0x1105, 0x1105, 0x1105, 0x10e5, 0x08c4, 0x08c4, 0x1105, 0x1105, 0x08e5, 0x08e5, 0x08e5, 0x1106, 0x1106, 0x1106, 0x1106, 0x1106,
0x1106, 0x1106, 0x1106, 0x1106, 0x1106, 0x1106, 0x1106, 0x1106, 0x1106, 0x1126, 0x1106, 0x1126, 0x1126, 0x0905, 0x0905, 0x1106,
0x08e5, 0x0906, 0x0906, 0x0906, 0x08e5, 0x08e5, 0x0905, 0x0906, 0x0906, 0x0905, 0x08e5, 0x08e5, 0x0883, 0x10c4, 0x08c4, 0x1105,
0x10e5, 0x08e5, 0x08e5, 0x08e5, 0x08c4, 0x10c4, 0x10a3, 0x0862, 0x1082, 0x1082, 0x0862, 0x1062, 0x1082, 0x1082, 0x10a3, 0x1082,
0x10c3, 0x1105, 0x1105, 0x1105, 0x08e5, 0x1126, 0x1126, 0x1126, 0x1126, 0x1126, 0x1126, 0x1105, 0x08c4, 0x10c4, 0x1105, 0x10e5,
0x1105, 0x10e4, 0x10e4, 0x10e4, 0x10e4, 0x10e4, 0x08a3, 0x0883, 0x0882, 0x0862, 0x1082, 0x1083, 0x1083, 0x1083, 0x10a3, 0x1082,
0x1082, 0x1082, 0x10a3, 0x18a3, 0x18a3, 0x10a3, 0x10a3, 0x10c3, 0x1105, 0x1106, 0x1126, 0x1126, 0x1126, 0x1126, 0x1126, 0x1126,
0x1106, 0x1106, 0x1106, 0x1126, 0x1127, 0x1147, 0x1127, 0x1127, 0x1147, 0x1147, 0x1147, 0x1147, 0x1147, 0x1147, 0x08c4, 0x0021,
0x18a3, 0x1062, 0x0841, 0x0883, 0x0883, 0x0041, 0x0842, 0x08c5, 0x08e5, 0x08e5, 0x08e5, 0x1147, 0x1147, 0x1147, 0x1147, 0x1147,
0x1147, 0x1126, 0x1147, 0x1126, 0x1127, 0x1106, 0x1105, 0x10e4, 
/* -126- */
0x0062, 0x0062, 0x0041, 0x0020, 0x0000, 0x0000, 0x0000, 0x0000, 0x0021, 0x0021, 0x0021, 0x0021, 0x0000, 0x0020, 0x0861, 0x0041,
0x0862, 0x0841, 0x0841, 0x0000, 0x0000, 0x0021, 0x0021, 0x0021, 0x0000, 0x0000, 0x0000, 0x0000, 0x0000, 0x0000, 0x0000, 0x0000,
0x0000, 0x0042, 0x0042, 0x0021, 0x0021, 0x0000, 0x0000, 0x0000, 0x0000, 0x0000, 0x0000, 0x0000, 0x0000, 0x0021, 0x0021, 0x0000,
0x0000, 0x0021, 0x0021, 0x0021, 0x0021, 0x0021, 0x0042, 0x0021, 0x0000, 0x0000, 0x0000, 0x0000, 0x0000, 0x0000, 0x0000, 0x0000,
0x0000, 0x0000, 0x0000, 0x0000, 0x0021, 0x0000, 0x0020, 0x0000, 0x0000, 0x0000, 0x0000, 0x0000, 0x0000, 0x0000, 0x0000, 0x0062,
0x08a4, 0x08c4, 0x0042, 0x1105, 0x0906, 0x0926, 0x0906, 0x0906, 0x0906, 0x0926, 0x0905, 0x08e5, 0x08c4, 0x00c4, 0x08e5, 0x0905,
0x08e5, 0x0083, 0x08a3, 0x0021, 0x0042, 0x0082, 0x0000, 0x0020, 0x0883, 0x08c4, 0x08e5, 0x08e5, 0x08e5, 0x08c5, 0x08c5, 0x08c4,
0x08c4, 0x08c4, 0x08c4, 0x08e5, 0x08c4, 0x08c4, 0x08c4, 0x08c4, 0x08c4, 0x08c4, 0x08c4, 0x08c4, 0x08e5, 0x10e5, 0x1105, 0x1105,
0x1105, 0x1105, 0x10e5, 0x08c4, 0x08c4, 0x08a3, 0x10e5, 0x10e5, 0x08e5, 0x08c5, 0x08e5, 0x1126, 0x1126, 0x1106, 0x1126, 0x1106,
0x1106, 0x1106, 0x1106, 0x1106, 0x1126, 0x1126, 0x1126, 0x1126, 0x1126, 0x1126, 0x1126, 0x1126, 0x1106, 0x0906, 0x0906, 0x1106,
0x0906, 0x0906, 0x0906, 0x0906, 0x08e5, 0x0905, 0x0906, 0x0906, 0x0906, 0x0906, 0x08e6, 0x08e5, 0x0883, 0x10e4, 0x08c4, 0x08e5,
0x08e5, 0x10e5, 0x1105, 0x08e5, 0x08a3, 0x10a3, 0x10a3, 0x10a2, 0x18a3, 0x18a2, 0x1082, 0x10a2, 0x18a2, 0x18a3, 0x10a3, 0x1062,
0x10a3, 0x10e5, 0x1105, 0x1105, 0x10e5, 0x1105, 0x1126, 0x1105, 0x1126, 0x1126, 0x1126, 0x1105, 0x08c4, 0x08a3, 0x10e4, 0x10e5,
0x10e4, 0x10e4, 0x10e4, 0x10c4, 0x08c4, 0x08a3, 0x08a3, 0x08c3, 0x10a3, 0x1083, 0x1083, 0x10a3, 0x10a3, 0x18a3, 0x18a3, 0x18a3,
0x1082, 0x18a3, 0x18c3, 0x18c3, 0x18c3, 0x18a3, 0x18a2, 0x1082, 0x1105, 0x1126, 0x1126, 0x1127, 0x1127, 0x1126, 0x1126, 0x1126,
0x1126, 0x1126, 0x1126, 0x1126, 0x1127, 0x1127, 0x1147, 0x1147, 0x1147, 0x1147, 0x1147, 0x1147, 0x1147, 0x1147, 0x08e4, 0x0041,
0x18a3, 0x1082, 0x0862, 0x0883, 0x0883, 0x0021, 0x0862, 0x08e5, 0x08e5, 0x00c5, 0x08e5, 0x1147, 0x1147, 0x1147, 0x1147, 0x1147,
0x1147, 0x1147, 0x1947, 0x1105, 0x1126, 0x1126, 0x10e5, 0x08c4, 
/* -127- */
0x0083, 0x0083, 0x0062, 0x0021, 0x0000, 0x0021, 0x0000, 0x0000, 0x0000, 0x0000, 0x0020, 0x0020, 0x0020, 0x0021, 0x0000, 0x0000,
0x0041, 0x0862, 0x0882, 0x0842, 0x0021, 0x0000, 0x0021, 0x0000, 0x0000, 0x0000, 0x0001, 0x0001, 0x0000, 0x0000, 0x0000, 0x0000,
0x0000, 0x0041, 0x0042, 0x0021, 0x0021, 0x0000, 0x0021, 0x0021, 0x0000, 0x0000, 0x0000, 0x0000, 0x0000, 0x0000, 0x0021, 0x0000,
0x0000, 0x0021, 0x0883, 0x0062, 0x0041, 0x0062, 0x0062, 0x0042, 0x0021, 0x0000, 0x0000, 0x0000, 0x0000, 0x0021, 0x0021, 0x0021,
0x0000, 0x0000, 0x0000, 0x0000, 0x0000, 0x0000, 0x0000, 0x0000, 0x0000, 0x0000, 0x0000, 0x0000, 0x0000, 0x0000, 0x0000, 0x0042,
0x08a3, 0x08c4, 0x0042, 0x08e5, 0x0906, 0x0926, 0x0926, 0x0906, 0x0906, 0x0926, 0x0905, 0x08e5, 0x08e5, 0x00c4, 0x08e5, 0x0905,
0x08e5, 0x0083, 0x08a3, 0x0021, 0x0042, 0x0082, 0x0000, 0x0000, 0x0062, 0x08e5, 0x08e5, 0x08e5, 0x08e5, 0x08c5, 0x08e5, 0x08c4,
0x08c4, 0x08c4, 0x08c4, 0x08c4, 0x08c4, 0x08c4, 0x08e4, 0x08c4, 0x08c4, 0x08c4, 0x08c4, 0x08c4, 0x08e5, 0x10e5, 0x08e5, 0x1105,
0x1105, 0x1105, 0x10e4, 0x08c4, 0x08c4, 0x08c4, 0x10e5, 0x10e5, 0x08e5, 0x08e4, 0x08e4, 0x1126, 0x1126, 0x1126, 0x1126, 0x1106,
0x1106, 0x1106, 0x1106, 0x1126, 0x1106, 0x1106, 0x1106, 0x1126, 0x1126, 0x1106, 0x1106, 0x1106, 0x1126, 0x0906, 0x0906, 0x1106,
0x08e6, 0x0906, 0x0906, 0x0906, 0x08e6, 0x0906, 0x0906, 0x0906, 0x0906, 0x0906, 0x08e5, 0x10e5, 0x08a4, 0x10e4, 0x08e4, 0x08e5,
0x08e5, 0x10e5, 0x08e5, 0x08e5, 0x10a3, 0x10a3, 0x10a3, 0x1062, 0x18a2, 0x18a2, 0x18a2, 0x10a2, 0x10a2, 0x18a2, 0x10a2, 0x1062,
0x1082, 0x10a3, 0x10e4, 0x10c4, 0x10e4, 0x10e5, 0x10e5, 0x10e5, 0x1126, 0x1126, 0x1126, 0x1126, 0x1105, 0x08c4, 0x10e5, 0x10e4,
0x10e5, 0x10e5, 0x1126, 0x1126, 0x08e4, 0x08c4, 0x08e4, 0x10e4, 0x10c4, 0x0882, 0x1082, 0x10a3, 0x18c3, 0x18a3, 0x18a3, 0x10a3,
0x10a3, 0x18a3, 0x18a3, 0x18c3, 0x18c3, 0x18c3, 0x10a3, 0x10a3, 0x1105, 0x1126, 0x1126, 0x1126, 0x1146, 0x1126, 0x1126, 0x1126,
0x1126, 0x1126, 0x1127, 0x1127, 0x1127, 0x1147, 0x1147, 0x1147, 0x1147, 0x1147, 0x1147, 0x1147, 0x1147, 0x1147, 0x08c4, 0x0021,
0x18a3, 0x18a3, 0x0862, 0x08a3, 0x0883, 0x0021, 0x0862, 0x08e5, 0x08e5, 0x08e5, 0x08e5, 0x1126, 0x1147, 0x1147, 0x1127, 0x1127,
0x1147, 0x1126, 0x1146, 0x1106, 0x1126, 0x1127, 0x1126, 0x1105, 
/* -128- */
0x0083, 0x0083, 0x0042, 0x0021, 0x0041, 0x0041, 0x0041, 0x0020, 0x0000, 0x0000, 0x0000, 0x0000, 0x0000, 0x0041, 0x0041, 0x0041,
0x0000, 0x0041, 0x0862, 0x18e4, 0x10c3, 0x0041, 0x0021, 0x0000, 0x0001, 0x0021, 0x0001, 0x0042, 0x0042, 0x0042, 0x0042, 0x0042,
0x0001, 0x0021, 0x0862, 0x0021, 0x0021, 0x0000, 0x0041, 0x0041, 0x0000, 0x0000, 0x0000, 0x0000, 0x0000, 0x0021, 0x0021, 0x0000,
0x0000, 0x0021, 0x08a3, 0x0862, 0x0021, 0x0062, 0x00a3, 0x08a4, 0x0062, 0x0021, 0x0000, 0x0000, 0x0021, 0x0041, 0x0021, 0x0000,
0x0000, 0x0000, 0x0021, 0x0000, 0x0000, 0x0000, 0x0000, 0x0000, 0x0000, 0x0000, 0x0000, 0x0000, 0x0000, 0x0000, 0x0000, 0x0862,
0x08a3, 0x08a3, 0x0042, 0x08e5, 0x0906, 0x0906, 0x0906, 0x0905, 0x0905, 0x0926, 0x0905, 0x08e5, 0x08e5, 0x08e5, 0x08e5, 0x0905,
0x08e5, 0x0883, 0x0883, 0x0021, 0x0042, 0x0882, 0x0000, 0x0000, 0x0062, 0x08c4, 0x08e5, 0x08e5, 0x08c5, 0x08c5, 0x08c5, 0x08c4,
0x08c4, 0x08c4, 0x08c4, 0x08c4, 0x08c4, 0x08c4, 0x08c4, 0x08c4, 0x08c4, 0x08c4, 0x08c4, 0x08a4, 0x08c4, 0x08e5, 0x1105, 0x1105,
0x1105, 0x1105, 0x10e4, 0x08c4, 0x08c4, 0x08a3, 0x08c4, 0x1105, 0x1106, 0x0905, 0x08c4, 0x1106, 0x1126, 0x1126, 0x1126, 0x1106,
0x1126, 0x1106, 0x1106, 0x1126, 0x1126, 0x1106, 0x1106, 0x1106, 0x1126, 0x1106, 0x1106, 0x1106, 0x0926, 0x0906, 0x0906, 0x1106,
0x0906, 0x0906, 0x0906, 0x0906, 0x08e6, 0x0906, 0x0905, 0x0906, 0x0906, 0x0905, 0x08e5, 0x08e5, 0x08a3, 0x10e4, 0x08e4, 0x10e5,
0x10e5, 0x08c4, 0x08c4, 0x08c5, 0x10a3, 0x1083, 0x10a3, 0x0862, 0x10a3, 0x10a3, 0x18a3, 0x18a3, 0x18a3, 0x10a3, 0x1082, 0x0842,
0x0862, 0x1082, 0x0882, 0x0862, 0x08a3, 0x10a3, 0x0883, 0x10c4, 0x1126, 0x1126, 0x1126, 0x1126, 0x1126, 0x10e5, 0x10e5, 0x1105,
0x10e5, 0x1126, 0x1147, 0x1146, 0x1105, 0x10e5, 0x1105, 0x10e5, 0x08c4, 0x08a3, 0x10a3, 0x18c3, 0x18a3, 0x10a3, 0x18c3, 0x10a3,
0x10a3, 0x18a3, 0x18a3, 0x18a3, 0x18a3, 0x18a3, 0x18a3, 0x10c4, 0x1126, 0x1126, 0x1126, 0x1126, 0x1126, 0x1126, 0x1126, 0x1126,
0x1126, 0x1126, 0x1127, 0x1127, 0x1127, 0x1127, 0x1147, 0x1147, 0x1147, 0x1147, 0x1147, 0x1147, 0x1147, 0x1147, 0x10e4, 0x0841,
0x18c3, 0x18c4, 0x10c4, 0x08a3, 0x0883, 0x0041, 0x0862, 0x08e5, 0x08e5, 0x08e5, 0x08e5, 0x1105, 0x1126, 0x1126, 0x1126, 0x1127,
0x1147, 0x1106, 0x1147, 0x1147, 0x1127, 0x1126, 0x1126, 0x08e4, 
/* -129- */
0x0083, 0x0063, 0x0041, 0x0021, 0x0062, 0x0062, 0x0062, 0x0062, 0x0021, 0x0041, 0x0041, 0x0000, 0x0000, 0x0000, 0x0021, 0x0862,
0x0862, 0x0841, 0x0021, 0x0841, 0x10a3, 0x10c4, 0x0862, 0x0021, 0x0021, 0x0021, 0x0021, 0x0042, 0x0021, 0x0021, 0x0041, 0x0042,
0x0021, 0x0041, 0x0062, 0x0021, 0x0001, 0x0000, 0x0042, 0x0041, 0x0000, 0x0000, 0x0000, 0x0000, 0x0000, 0x0021, 0x0021, 0x0000,
0x0000, 0x0041, 0x08a3, 0x0062, 0x0041, 0x0083, 0x08c4, 0x08c4, 0x0083, 0x0021, 0x0000, 0x0021, 0x0041, 0x0021, 0x0021, 0x0001,
0x0000, 0x0001, 0x0021, 0x0000, 0x0000, 0x0000, 0x0000, 0x0000, 0x0000, 0x0000, 0x0000, 0x0000, 0x0000, 0x0000, 0x0000, 0x0862,
0x08a3, 0x0883, 0x0041, 0x0905, 0x0926, 0x0906, 0x0905, 0x0905, 0x0906, 0x0906, 0x0905, 0x0905, 0x08e5, 0x08c5, 0x0905, 0x0905,
0x0905, 0x0083, 0x0062, 0x0021, 0x0041, 0x0041, 0x0000, 0x0000, 0x0062, 0x08c4, 0x08e5, 0x08e5, 0x08c5, 0x08c4, 0x08c4, 0x08c4,
0x08c4, 0x08a4, 0x08c4, 0x08c4, 0x08c4, 0x08c5, 0x08c4, 0x08c4, 0x08c4, 0x08c4, 0x08c4, 0x08c4, 0x08c4, 0x08e5, 0x1105, 0x1105,
0x1105, 0x10e5, 0x10e4, 0x08c3, 0x08c4, 0x08e4, 0x08c4, 0x1105, 0x1106, 0x1106, 0x08e5, 0x1106, 0x1126, 0x1126, 0x1106, 0x1126,
0x1126, 0x1106, 0x1106, 0x1106, 0x1126, 0x1106, 0x1106, 0x1126, 0x1106, 0x1126, 0x1106, 0x1106, 0x0926, 0x0906, 0x0906, 0x0906,
0x0906, 0x0906, 0x0906, 0x0906, 0x0906, 0x0906, 0x0906, 0x0906, 0x0905, 0x08e5, 0x0905, 0x10e5, 0x08a4, 0x1105, 0x08e4, 0x10e5,
0x08c4, 0x08a3, 0x08c4, 0x08a3, 0x1082, 0x1082, 0x1082, 0x0861, 0x0841, 0x0862, 0x1082, 0x0862, 0x0841, 0x0841, 0x1042, 0x1082,
0x10a2, 0x18a3, 0x10a2, 0x10a3, 0x10e4, 0x10c3, 0x10e5, 0x1126, 0x1126, 0x1126, 0x1126, 0x1126, 0x1126, 0x1946, 0x1926, 0x1105,
0x1105, 0x1126, 0x1147, 0x1147, 0x1126, 0x1126, 0x1126, 0x1105, 0x08c4, 0x0883, 0x18c3, 0x18c3, 0x10a3, 0x10a3, 0x18a3, 0x18a3,
0x10a3, 0x18a3, 0x10a3, 0x10a3, 0x1062, 0x1082, 0x10a3, 0x18e4, 0x1926, 0x1126, 0x1126, 0x1126, 0x1126, 0x1126, 0x1126, 0x1126,
0x1126, 0x1126, 0x1127, 0x1127, 0x1127, 0x1127, 0x1147, 0x1147, 0x1147, 0x1147, 0x1147, 0x1147, 0x1147, 0x1147, 0x10e5, 0x0041,
0x1905, 0x1926, 0x1105, 0x0883, 0x0883, 0x0041, 0x0862, 0x08e5, 0x08e5, 0x08e5, 0x08a3, 0x10a3, 0x10a3, 0x10a3, 0x1105, 0x1147,
0x1147, 0x1147, 0x1147, 0x1147, 0x1126, 0x10c4, 0x1106, 0x1106, 
/* -130- */
0x0083, 0x0062, 0x0021, 0x0020, 0x0062, 0x0083, 0x0083, 0x0062, 0x0041, 0x0062, 0x0061, 0x0020, 0x0062, 0x0862, 0x0041, 0x0021,
0x0020, 0x0041, 0x0883, 0x0862, 0x0041, 0x0021, 0x0882, 0x10a3, 0x0862, 0x0021, 0x0021, 0x0021, 0x0001, 0x0000, 0x0041, 0x0042,
0x0042, 0x0062, 0x0863, 0x0042, 0x0021, 0x0000, 0x0021, 0x0042, 0x0000, 0x0000, 0x0000, 0x0000, 0x0000, 0x0021, 0x0021, 0x0000,
0x0000, 0x0041, 0x08a3, 0x0062, 0x0041, 0x0083, 0x08c5, 0x08e5, 0x08c4, 0x0042, 0x0041, 0x0041, 0x0062, 0x0062, 0x0021, 0x0041,
0x0021, 0x0041, 0x0042, 0x0000, 0x0000, 0x0000, 0x0000, 0x0000, 0x0000, 0x0020, 0x0000, 0x0000, 0x0000, 0x0000, 0x0000, 0x0862,
0x08c4, 0x08a3, 0x0021, 0x08e5, 0x0906, 0x0906, 0x0905, 0x0905, 0x0905, 0x0906, 0x0905, 0x0905, 0x08e5, 0x08e5, 0x0905, 0x0905,
0x08e4, 0x0062, 0x0042, 0x0000, 0x0021, 0x0041, 0x0000, 0x0000, 0x0062, 0x08c4, 0x08c5, 0x08c4, 0x08c4, 0x08c4, 0x08c4, 0x08a3,
0x0883, 0x08a3, 0x08c4, 0x08c4, 0x08c4, 0x08c4, 0x08c4, 0x08c4, 0x08c4, 0x08c4, 0x08c4, 0x08c4, 0x08e5, 0x1105, 0x1105, 0x1105,
0x08c4, 0x10e5, 0x10c4, 0x08a3, 0x08c4, 0x1105, 0x10e5, 0x1105, 0x1106, 0x1106, 0x1105, 0x1106, 0x1106, 0x1126, 0x1106, 0x1106,
0x1126, 0x1106, 0x1106, 0x1106, 0x1106, 0x1106, 0x1106, 0x1126, 0x1126, 0x1106, 0x1106, 0x1106, 0x0906, 0x0906, 0x0906, 0x0906,
0x0906, 0x0906, 0x0906, 0x0906, 0x0906, 0x08e5, 0x0905, 0x08e5, 0x08e5, 0x0906, 0x08e5, 0x10e5, 0x08c4, 0x10e5, 0x10e4, 0x10e4,
0x0883, 0x0882, 0x08a3, 0x0862, 0x0862, 0x0862, 0x1082, 0x1082, 0x1082, 0x1082, 0x10a3, 0x0882, 0x0882, 0x1082, 0x1082, 0x1882,
0x18a2, 0x18a2, 0x18a2, 0x10a3, 0x18e4, 0x10c4, 0x1126, 0x1126, 0x1126, 0x1126, 0x1126, 0x1126, 0x1126, 0x1926, 0x1926, 0x1105,
0x1126, 0x1126, 0x1126, 0x1146, 0x1126, 0x1126, 0x1126, 0x1105, 0x08a3, 0x0882, 0x1082, 0x10a3, 0x1082, 0x1082, 0x1082, 0x1082,
0x0862, 0x0882, 0x0882, 0x0862, 0x0862, 0x0883, 0x10c4, 0x1105, 0x1146, 0x1126, 0x1126, 0x1126, 0x1126, 0x1126, 0x1126, 0x1127,
0x1127, 0x1126, 0x1127, 0x1126, 0x1127, 0x1127, 0x1127, 0x1127, 0x1147, 0x1147, 0x1147, 0x1147, 0x1147, 0x1147, 0x08c4, 0x0021,
0x10e4, 0x1926, 0x10e5, 0x0883, 0x0883, 0x0021, 0x0862, 0x08e5, 0x08e5, 0x08e5, 0x10e5, 0x10a3, 0x1882, 0x1083, 0x10e4, 0x1126,
0x1127, 0x1127, 0x1147, 0x1147, 0x1105, 0x10a3, 0x10e4, 0x1105, 
/* -131- */
0x0082, 0x0062, 0x0020, 0x0000, 0x0041, 0x0083, 0x0083, 0x0883, 0x0041, 0x0062, 0x0041, 0x0021, 0x0882, 0x08c4, 0x08c4, 0x0862,
0x0000, 0x0862, 0x0842, 0x0862, 0x0882, 0x0862, 0x0882, 0x0862, 0x10c4, 0x1905, 0x0041, 0x0021, 0x0021, 0x0021, 0x0041, 0x0062,
0x0042, 0x0063, 0x0883, 0x0042, 0x0042, 0x0000, 0x0041, 0x0042, 0x0021, 0x0021, 0x0041, 0x0041, 0x0041, 0x0062, 0x0062, 0x0021,
0x0000, 0x0042, 0x08c4, 0x0882, 0x0021, 0x0083, 0x08c5, 0x08e5, 0x08e5, 0x08a3, 0x0883, 0x0083, 0x0083, 0x0083, 0x0062, 0x0062,
0x0041, 0x0042, 0x0042, 0x0001, 0x0000, 0x0000, 0x0021, 0x0000, 0x0000, 0x0021, 0x0000, 0x0000, 0x0000, 0x0000, 0x0000, 0x0862,
0x08c4, 0x08c4, 0x0042, 0x08e5, 0x0905, 0x0906, 0x0905, 0x0905, 0x0906, 0x0906, 0x0905, 0x0905, 0x08e5, 0x08e5, 0x0905, 0x08e5,
0x08a3, 0x0062, 0x0082, 0x0020, 0x0021, 0x0041, 0x0000, 0x0000, 0x0082, 0x08c4, 0x08c4, 0x08c4, 0x08c4, 0x08a3, 0x0883, 0x0882,
0x0883, 0x08a3, 0x08c4, 0x08c5, 0x08e5, 0x08e5, 0x08c4, 0x08c4, 0x08c4, 0x08c4, 0x08c4, 0x08c4, 0x08e5, 0x10e5, 0x10e5, 0x1105,
0x08c4, 0x10e5, 0x08c4, 0x08a3, 0x08e5, 0x1105, 0x1105, 0x1105, 0x1105, 0x1106, 0x1106, 0x1106, 0x1106, 0x1126, 0x1126, 0x1126,
0x1106, 0x1106, 0x1106, 0x1106, 0x1106, 0x1126, 0x1106, 0x1106, 0x1126, 0x1106, 0x1106, 0x1106, 0x0906, 0x0906, 0x0906, 0x0906,
0x0906, 0x0906, 0x1106, 0x0906, 0x0905, 0x08e5, 0x08e5, 0x08e5, 0x08e5, 0x08e5, 0x0905, 0x0905, 0x08a3, 0x10e4, 0x08c4, 0x10c4,
0x0862, 0x0862, 0x08a3, 0x0862, 0x0862, 0x0862, 0x18a3, 0x18a3, 0x18a3, 0x10a3, 0x10a3, 0x1082, 0x10a3, 0x18a3, 0x18a2, 0x18a2,
0x18a2, 0x18a2, 0x18a2, 0x10a3, 0x18e4, 0x10e4, 0x1106, 0x1126, 0x1126, 0x1126, 0x1126, 0x1126, 0x1126, 0x1926, 0x1926, 0x1126,
0x1126, 0x1126, 0x1105, 0x1126, 0x1146, 0x1126, 0x1126, 0x10e5, 0x0083, 0x0862, 0x0883, 0x10a3, 0x10a3, 0x10a3, 0x08a3, 0x0883,
0x0883, 0x08a3, 0x10e4, 0x10e4, 0x10c4, 0x1105, 0x1126, 0x1126, 0x1126, 0x1126, 0x1127, 0x1126, 0x1126, 0x1126, 0x1126, 0x1126,
0x1126, 0x1126, 0x1127, 0x1127, 0x1126, 0x1127, 0x1126, 0x1147, 0x1127, 0x1147, 0x1147, 0x1147, 0x1147, 0x1147, 0x08c4, 0x0041,
0x18e4, 0x1926, 0x10e5, 0x0083, 0x0883, 0x0021, 0x0862, 0x08e5, 0x08e5, 0x08c4, 0x08a3, 0x1083, 0x1082, 0x10a3, 0x10e5, 0x1126,
0x1147, 0x1127, 0x1126, 0x1105, 0x10c4, 0x10a3, 0x10a3, 0x10c4, 
/* -132- */
0x0082, 0x0062, 0x0020, 0x0000, 0x0062, 0x0883, 0x0083, 0x0883, 0x0041, 0x0062, 0x0041, 0x0062, 0x08a3, 0x08e5, 0x1125, 0x0883,
0x0020, 0x08a3, 0x08a3, 0x0862, 0x0041, 0x0041, 0x0883, 0x1905, 0x10a4, 0x10c4, 0x18e5, 0x1926, 0x0021, 0x0021, 0x0062, 0x0062,
0x0083, 0x0062, 0x0883, 0x0042, 0x0042, 0x0001, 0x0062, 0x0042, 0x0041, 0x0062, 0x0883, 0x0083, 0x08a3, 0x00a4, 0x00a3, 0x0062,
0x0041, 0x0041, 0x08c4, 0x0883, 0x0042, 0x08a4, 0x08e5, 0x08e5, 0x08e5, 0x08c4, 0x08a3, 0x08a4, 0x08c4, 0x08a4, 0x0883, 0x08a3,
0x0062, 0x0042, 0x0041, 0x0000, 0x0021, 0x0021, 0x0041, 0x0000, 0x0000, 0x0021, 0x0000, 0x0000, 0x0000, 0x0000, 0x0000, 0x0862,
0x08c4, 0x08e4, 0x0042, 0x08e5, 0x08e5, 0x0905, 0x0905, 0x0905, 0x0905, 0x0905, 0x0905, 0x0905, 0x0905, 0x0905, 0x0905, 0x08e5,
0x08a3, 0x0062, 0x0062, 0x0000, 0x0021, 0x0041, 0x0000, 0x0000, 0x0062, 0x08a4, 0x08c5, 0x08c4, 0x08a3, 0x0882, 0x0862, 0x0862,
0x0883, 0x08a4, 0x08c4, 0x08e5, 0x08c4, 0x08c4, 0x08c4, 0x08e4, 0x08c4, 0x08c4, 0x08c4, 0x08c4, 0x08c4, 0x10e5, 0x10e5, 0x1105,
0x08e4, 0x10e5, 0x08c4, 0x08a3, 0x10e5, 0x1106, 0x0905, 0x1105, 0x08e5, 0x1105, 0x1105, 0x1106, 0x1126, 0x1106, 0x1106, 0x1106,
0x1126, 0x1106, 0x1126, 0x1106, 0x1106, 0x1106, 0x1106, 0x1126, 0x1126, 0x1126, 0x1106, 0x1106, 0x1126, 0x0906, 0x0906, 0x0906,
0x0906, 0x0906, 0x0906, 0x0906, 0x0905, 0x08e4, 0x08e5, 0x08e5, 0x08e5, 0x08e5, 0x0905, 0x08e5, 0x08a3, 0x10a3, 0x0882, 0x0883,
0x0882, 0x0883, 0x08a3, 0x0883, 0x0883, 0x1082, 0x1883, 0x18a3, 0x18a3, 0x18a3, 0x10a3, 0x1082, 0x10a3, 0x18a3, 0x18a3, 0x18a3,
0x18a3, 0x18a3, 0x1882, 0x1082, 0x18e4, 0x10c4, 0x10e5, 0x08c4, 0x08c4, 0x08e5, 0x1126, 0x10e5, 0x08a3, 0x08c4, 0x1106, 0x1126,
0x1126, 0x1105, 0x1105, 0x10e5, 0x1126, 0x1105, 0x08c4, 0x1105, 0x08e4, 0x08c4, 0x10c4, 0x10c4, 0x10e4, 0x10e4, 0x1105, 0x1105,
0x1105, 0x1106, 0x1126, 0x1126, 0x1126, 0x1126, 0x1126, 0x1126, 0x1126, 0x1126, 0x1126, 0x1126, 0x1126, 0x1127, 0x1126, 0x1127,
0x1126, 0x1126, 0x1126, 0x1126, 0x1127, 0x1147, 0x1127, 0x1127, 0x1127, 0x1147, 0x1147, 0x1147, 0x1147, 0x1147, 0x08c4, 0x0041,
0x1905, 0x1926, 0x08c4, 0x0083, 0x0883, 0x0021, 0x0862, 0x08e5, 0x08e5, 0x08c4, 0x0883, 0x10e5, 0x1105, 0x1106, 0x10e5, 0x1126,
0x1147, 0x1126, 0x1126, 0x10c4, 0x10a3, 0x10a3, 0x1082, 0x1082, 
/* -133- */
0x0062, 0x0062, 0x0021, 0x0000, 0x0862, 0x08a3, 0x08a3, 0x0883, 0x0062, 0x0062, 0x0041, 0x0882, 0x08a3, 0x1126, 0x1126, 0x0883,
0x0021, 0x08c4, 0x0905, 0x08e5, 0x1105, 0x08a3, 0x0883, 0x0883, 0x1925, 0x10e4, 0x0862, 0x0883, 0x2167, 0x0883, 0x0062, 0x0083,
0x0083, 0x0062, 0x0063, 0x0042, 0x0041, 0x0021, 0x0062, 0x0062, 0x0062, 0x0082, 0x08a3, 0x08c4, 0x08e5, 0x08e5, 0x08c4, 0x0063,
0x0062, 0x0041, 0x08a4, 0x08c4, 0x08c4, 0x08e5, 0x08e5, 0x08e6, 0x08e5, 0x08c4, 0x08a3, 0x08c4, 0x08e5, 0x08c4, 0x08a3, 0x08a4,
0x0083, 0x0062, 0x0021, 0x0000, 0x0021, 0x0041, 0x0041, 0x0021, 0x0000, 0x0041, 0x0000, 0x0000, 0x0000, 0x0000, 0x0000, 0x0862,
0x08a3, 0x10c4, 0x0042, 0x10e5, 0x0905, 0x0905, 0x0905, 0x0905, 0x0905, 0x0905, 0x0905, 0x0905, 0x0905, 0x0905, 0x0905, 0x08e5,
0x08a3, 0x0062, 0x0041, 0x0000, 0x0021, 0x0041, 0x0000, 0x0000, 0x0062, 0x08c4, 0x08c5, 0x08c4, 0x08a3, 0x0883, 0x0862, 0x0862,
0x0883, 0x08c4, 0x08c4, 0x08e5, 0x08c4, 0x08c4, 0x08e5, 0x08e4, 0x08c4, 0x08c4, 0x08e4, 0x08c4, 0x08c4, 0x08e5, 0x10e5, 0x10e5,
0x08c4, 0x10e5, 0x08c4, 0x08c4, 0x10e5, 0x08e5, 0x1105, 0x1105, 0x1105, 0x1105, 0x1106, 0x1106, 0x1106, 0x1106, 0x1106, 0x1106,
0x1126, 0x1126, 0x1126, 0x1106, 0x1106, 0x1106, 0x1106, 0x1106, 0x1126, 0x1106, 0x1106, 0x1106, 0x1106, 0x0906, 0x0906, 0x0906,
0x0906, 0x0906, 0x0906, 0x0905, 0x0905, 0x08e4, 0x08e4, 0x08e5, 0x08e5, 0x08e5, 0x08e5, 0x08e5, 0x08a3, 0x10a3, 0x0862, 0x0882,
0x0883, 0x08a3, 0x08a3, 0x08a3, 0x10a3, 0x1082, 0x1883, 0x18a3, 0x18a3, 0x10a3, 0x10a3, 0x10a3, 0x10a3, 0x1082, 0x0862, 0x1062,
0x1062, 0x0862, 0x0861, 0x0862, 0x10a3, 0x10e4, 0x1105, 0x10e4, 0x10e5, 0x1126, 0x1146, 0x1126, 0x1105, 0x1126, 0x1126, 0x1126,
0x1126, 0x1126, 0x1126, 0x1105, 0x1926, 0x1126, 0x1126, 0x1126, 0x1105, 0x10e4, 0x10e4, 0x10e4, 0x10e4, 0x10e4, 0x1105, 0x1126,
0x1126, 0x1126, 0x1126, 0x1126, 0x1126, 0x1126, 0x1126, 0x1126, 0x1126, 0x1146, 0x1126, 0x1127, 0x1146, 0x1127, 0x1146, 0x1126,
0x1127, 0x1126, 0x1126, 0x1146, 0x1127, 0x1147, 0x1147, 0x1147, 0x1127, 0x1127, 0x1147, 0x1147, 0x1147, 0x1147, 0x10e4, 0x0041,
0x1946, 0x1106, 0x10e5, 0x0883, 0x0883, 0x0021, 0x0862, 0x08e6, 0x08e5, 0x08c5, 0x00c4, 0x1126, 0x1147, 0x1147, 0x1105, 0x1126,
0x1147, 0x1127, 0x1126, 0x10c4, 0x1083, 0x1083, 0x10a3, 0x1082, 
/* -134- */
0x0042, 0x0042, 0x0020, 0x0020, 0x0062, 0x08a3, 0x08a3, 0x0083, 0x0082, 0x0082, 0x0062, 0x0082, 0x08a3, 0x1126, 0x1126, 0x0863,
0x0021, 0x08c4, 0x1126, 0x1167, 0x1988, 0x1126, 0x1126, 0x1105, 0x0883, 0x0862, 0x1905, 0x2167, 0x0883, 0x0883, 0x0883, 0x0083,
0x0062, 0x0062, 0x0042, 0x0042, 0x0041, 0x0021, 0x0082, 0x0062, 0x0083, 0x0083, 0x08a3, 0x00c4, 0x08e5, 0x08e5, 0x08c4, 0x0063,
0x0062, 0x0021, 0x0083, 0x08a4, 0x08e5, 0x08e5, 0x08e5, 0x08e5, 0x08e5, 0x08c4, 0x08a4, 0x08c4, 0x0905, 0x08c4, 0x08a3, 0x08c4,
0x08c4, 0x0062, 0x0041, 0x0000, 0x0021, 0x0041, 0x0041, 0x0021, 0x0000, 0x0041, 0x0000, 0x0000, 0x0000, 0x0000, 0x0000, 0x0862,
0x08c4, 0x08a4, 0x0042, 0x08e5, 0x0905, 0x0905, 0x0905, 0x0905, 0x0905, 0x0905, 0x0905, 0x0905, 0x0905, 0x0905, 0x08e5, 0x08e5,
0x08a3, 0x0042, 0x0041, 0x0000, 0x0041, 0x0062, 0x0000, 0x0000, 0x0883, 0x08c4, 0x08c4, 0x08a4, 0x08a3, 0x0882, 0x0862, 0x0862,
0x08a3, 0x08a3, 0x08c4, 0x08e5, 0x08c4, 0x08c4, 0x08c4, 0x08e5, 0x08c5, 0x08c4, 0x08c4, 0x08c4, 0x08c4, 0x08c4, 0x1105, 0x08c4,
0x08c4, 0x1105, 0x10e5, 0x08c4, 0x10e5, 0x08c4, 0x08e5, 0x1105, 0x1105, 0x1105, 0x1106, 0x1126, 0x1126, 0x1126, 0x1106, 0x1106,
0x1126, 0x1106, 0x1106, 0x1106, 0x1106, 0x1106, 0x1126, 0x1106, 0x1106, 0x1106, 0x1106, 0x1126, 0x1126, 0x1126, 0x0906, 0x0906,
0x0906, 0x0906, 0x0906, 0x0905, 0x08e5, 0x08e4, 0x08e4, 0x08e5, 0x08e5, 0x08e5, 0x08e5, 0x08e5, 0x08a4, 0x08a3, 0x0862, 0x08a3,
0x0883, 0x08a3, 0x0883, 0x08a3, 0x0883, 0x0862, 0x0862, 0x10a3, 0x0882, 0x0882, 0x10c3, 0x10c3, 0x0882, 0x0862, 0x0862, 0x0862,
0x1062, 0x1082, 0x1082, 0x1882, 0x18a2, 0x18c3, 0x10a3, 0x1125, 0x1146, 0x1146, 0x1126, 0x1126, 0x1147, 0x1126, 0x1126, 0x1126,
0x1126, 0x1126, 0x1926, 0x1126, 0x1926, 0x1146, 0x1146, 0x1126, 0x1126, 0x10e5, 0x1105, 0x1105, 0x10e5, 0x10e4, 0x1105, 0x1146,
0x1126, 0x1126, 0x1126, 0x1106, 0x10e5, 0x1126, 0x1126, 0x1126, 0x1126, 0x1126, 0x1126, 0x1126, 0x1126, 0x1146, 0x1126, 0x1126,
0x1126, 0x1126, 0x1126, 0x1147, 0x1147, 0x1147, 0x1147, 0x1147, 0x1127, 0x1127, 0x1147, 0x1147, 0x1147, 0x1147, 0x08c4, 0x0041,
0x1946, 0x1946, 0x1105, 0x08a4, 0x0883, 0x0021, 0x0862, 0x08e5, 0x08e5, 0x08c5, 0x08c5, 0x0906, 0x1126, 0x1126, 0x1106, 0x1126,
0x1126, 0x1147, 0x1126, 0x1126, 0x10c4, 0x10a3, 0x10a3, 0x10a3, 
/* -135- */
0x0000, 0x0020, 0x0021, 0x0041, 0x0041, 0x0883, 0x08a3, 0x0883, 0x0082, 0x0062, 0x0062, 0x0882, 0x08a3, 0x0905, 0x0906, 0x0062,
0x0841, 0x08e5, 0x1147, 0x19a9, 0x19a9, 0x1126, 0x1967, 0x19a8, 0x1167, 0x08e4, 0x08c4, 0x08a4, 0x18e5, 0x1905, 0x0063, 0x00a3,
0x0083, 0x0042, 0x0883, 0x0042, 0x0041, 0x0000, 0x0062, 0x0083, 0x00a3, 0x08a4, 0x08c4, 0x08c4, 0x08c5, 0x08e5, 0x08c4, 0x0062,
0x0062, 0x0062, 0x08a4, 0x08c4, 0x08c4, 0x08c5, 0x08c5, 0x08a3, 0x08a3, 0x08c4, 0x08c4, 0x08c5, 0x08e5, 0x08e5, 0x08e5, 0x08e5,
0x08c4, 0x0083, 0x0062, 0x0021, 0x0021, 0x0021, 0x0021, 0x0000, 0x0000, 0x0062, 0x0021, 0x0000, 0x0000, 0x0000, 0x0000, 0x0862,
0x0906, 0x0906, 0x08c4, 0x0905, 0x0906, 0x0906, 0x0905, 0x08e5, 0x0905, 0x0905, 0x0905, 0x0905, 0x0905, 0x0905, 0x0905, 0x08e5,
0x0883, 0x0062, 0x0062, 0x0041, 0x0041, 0x0062, 0x0000, 0x0000, 0x0082, 0x08c4, 0x08c4, 0x08a3, 0x0883, 0x0862, 0x0862, 0x0882,
0x0883, 0x08a3, 0x08c4, 0x08c4, 0x08c4, 0x08c4, 0x08e5, 0x08e5, 0x08e5, 0x08e4, 0x08a4, 0x08c4, 0x08c4, 0x08e4, 0x08e5, 0x08e4,
0x08c4, 0x1105, 0x1106, 0x08e5, 0x1105, 0x08e5, 0x10e5, 0x1106, 0x1106, 0x1106, 0x1106, 0x1126, 0x1126, 0x1126, 0x1106, 0x1106,
0x1106, 0x1126, 0x1106, 0x1106, 0x1106, 0x1106, 0x1106, 0x1106, 0x1106, 0x1106, 0x1126, 0x1126, 0x1126, 0x1106, 0x0906, 0x0906,
0x0906, 0x0906, 0x0906, 0x0905, 0x08e5, 0x08e4, 0x08e5, 0x08e5, 0x08e5, 0x08e5, 0x08e5, 0x08e5, 0x08a3, 0x08c4, 0x08a3, 0x08a3,
0x0862, 0x0882, 0x0082, 0x0862, 0x0862, 0x1082, 0x1082, 0x10a3, 0x1082, 0x0862, 0x18c3, 0x10c3, 0x18c3, 0x18a3, 0x10a3, 0x1082,
0x18a2, 0x18a2, 0x18a2, 0x18a2, 0x18a2, 0x18c3, 0x0883, 0x1126, 0x1126, 0x1126, 0x1126, 0x1126, 0x1126, 0x1146, 0x1926, 0x1106,
0x1126, 0x1926, 0x1126, 0x1926, 0x1946, 0x1147, 0x1146, 0x1146, 0x1126, 0x1106, 0x1126, 0x1126, 0x1105, 0x10c4, 0x1105, 0x1126,
0x1106, 0x1126, 0x1126, 0x1105, 0x08e5, 0x1126, 0x1126, 0x1126, 0x1126, 0x1126, 0x1146, 0x1126, 0x1126, 0x1126, 0x1126, 0x1126,
0x1126, 0x1147, 0x1147, 0x1147, 0x1147, 0x1147, 0x1147, 0x1127, 0x1147, 0x1127, 0x1127, 0x1147, 0x1147, 0x1146, 0x08c4, 0x0041,
0x2146, 0x1947, 0x1105, 0x08c4, 0x0883, 0x0021, 0x0041, 0x0063, 0x0083, 0x0083, 0x00a4, 0x08c4, 0x08c5, 0x08c5, 0x08e5, 0x08c4,
0x08c4, 0x1126, 0x1127, 0x1127, 0x1106, 0x1106, 0x1126, 0x10e5, 
/* -136- */
0x0000, 0x0000, 0x0000, 0x0021, 0x0021, 0x0041, 0x0862, 0x08a3, 0x0883, 0x0062, 0x0021, 0x0862, 0x0883, 0x08e4, 0x08c4, 0x0062,
0x0862, 0x1105, 0x1968, 0x19a9, 0x19c9, 0x1988, 0x1988, 0x19c9, 0x19c9, 0x1987, 0x21c9, 0x21c9, 0x08a4, 0x1926, 0x0042, 0x0062,
0x0062, 0x0042, 0x0883, 0x0042, 0x0041, 0x0000, 0x0021, 0x0021, 0x0041, 0x0042, 0x0042, 0x0042, 0x0042, 0x0062, 0x0062, 0x0062,
0x0083, 0x00a3, 0x08e5, 0x08e5, 0x08e5, 0x08e5, 0x08a4, 0x0020, 0x0021, 0x0042, 0x0042, 0x0042, 0x0883, 0x08e5, 0x08e5, 0x08e5,
0x08e5, 0x08c4, 0x00a3, 0x0883, 0x0021, 0x0041, 0x0062, 0x0021, 0x0000, 0x0021, 0x0000, 0x0000, 0x0000, 0x0000, 0x0000, 0x0883,
0x1147, 0x0926, 0x00c4, 0x0905, 0x0906, 0x0906, 0x08e5, 0x08e5, 0x0905, 0x0905, 0x0905, 0x08e5, 0x0905, 0x0905, 0x1105, 0x08e5,
0x08a3, 0x0062, 0x0062, 0x0041, 0x0041, 0x0062, 0x0000, 0x0000, 0x0062, 0x08a3, 0x08a3, 0x0883, 0x0862, 0x0883, 0x0882, 0x0862,
0x0862, 0x08a3, 0x08c4, 0x08c4, 0x08c4, 0x08e5, 0x08e5, 0x10e5, 0x08c4, 0x08c4, 0x08c4, 0x08e4, 0x08e5, 0x08e5, 0x08e4, 0x08e4,
0x08e5, 0x1105, 0x1105, 0x08e5, 0x08e5, 0x08e5, 0x0905, 0x1106, 0x1106, 0x1106, 0x1126, 0x1126, 0x1126, 0x1126, 0x1106, 0x1106,
0x1126, 0x1126, 0x1106, 0x1106, 0x1106, 0x1106, 0x1106, 0x1106, 0x1106, 0x1106, 0x1106, 0x1126, 0x1126, 0x1106, 0x0906, 0x0906,
0x0906, 0x0906, 0x0906, 0x0905, 0x0905, 0x08e5, 0x08e5, 0x08e4, 0x08e4, 0x08e4, 0x1105, 0x0905, 0x08c4, 0x10e4, 0x08e4, 0x08c4,
0x0883, 0x08c4, 0x08a3, 0x0882, 0x10a3, 0x18c3, 0x18c3, 0x18a3, 0x18a3, 0x0862, 0x10a3, 0x18a3, 0x10a3, 0x18c3, 0x18c3, 0x10a3,
0x18a3, 0x18a3, 0x10a3, 0x10a2, 0x18a2, 0x18c3, 0x1083, 0x1126, 0x1126, 0x1126, 0x1126, 0x1126, 0x1146, 0x1146, 0x1926, 0x1105,
0x1105, 0x1126, 0x1126, 0x1926, 0x1946, 0x1146, 0x1146, 0x1146, 0x1126, 0x1105, 0x08e5, 0x1105, 0x1105, 0x10e4, 0x1105, 0x1106,
0x10e5, 0x1126, 0x1105, 0x1105, 0x10e5, 0x1126, 0x1126, 0x1126, 0x1126, 0x1126, 0x1126, 0x1126, 0x1126, 0x1106, 0x1105, 0x1126,
0x1146, 0x1147, 0x1147, 0x1147, 0x1147, 0x1147, 0x1127, 0x1126, 0x1126, 0x1127, 0x1126, 0x1127, 0x1147, 0x1146, 0x08c4, 0x0041,
0x2167, 0x1967, 0x1105, 0x08c4, 0x0883, 0x0021, 0x0041, 0x08a4, 0x00a4, 0x00a4, 0x08e5, 0x1126, 0x1147, 0x1126, 0x1106, 0x10e5,
0x1106, 0x1126, 0x1127, 0x1147, 0x1126, 0x1126, 0x1126, 0x0883, 
/* -137- */
0x0000, 0x0000, 0x0000, 0x0000, 0x0000, 0x0000, 0x0000, 0x0021, 0x0041, 0x0862, 0x0041, 0x0021, 0x0061, 0x08a3, 0x08a3, 0x0042,
0x0841, 0x1105, 0x1987, 0x19a8, 0x19c9, 0x19c9, 0x19c8, 0x19ea, 0x19ea, 0x19e9, 0x222b, 0x21ea, 0x08a4, 0x1926, 0x0042, 0x0062,
0x0042, 0x0042, 0x0883, 0x0042, 0x0021, 0x0000, 0x0000, 0x0000, 0x0000, 0x0000, 0x0000, 0x0000, 0x0000, 0x0000, 0x0021, 0x0062,
0x0083, 0x00a4, 0x08e5, 0x08e5, 0x08e5, 0x08c5, 0x08a4, 0x0042, 0x0021, 0x0041, 0x0041, 0x0041, 0x0883, 0x08e5, 0x08e5, 0x08e5,
0x08e5, 0x08e5, 0x08c4, 0x0883, 0x0021, 0x0062, 0x0083, 0x0041, 0x0000, 0x0000, 0x0000, 0x0000, 0x0000, 0x0000, 0x0000, 0x0883,
0x1168, 0x0906, 0x00c4, 0x0905, 0x0906, 0x0905, 0x08e5, 0x0905, 0x1126, 0x0926, 0x0926, 0x0905, 0x0905, 0x1106, 0x1105, 0x1105,
0x08a4, 0x0062, 0x0062, 0x0041, 0x0041, 0x0062, 0x0000, 0x0000, 0x0041, 0x0883, 0x0862, 0x0882, 0x0862, 0x0883, 0x08a3, 0x0862,
0x0862, 0x0883, 0x08c4, 0x08c4, 0x08c4, 0x08e5, 0x08e5, 0x08e5, 0x08c4, 0x08a4, 0x08c4, 0x08e4, 0x08e5, 0x08e4, 0x08e4, 0x08e5,
0x08e5, 0x08e5, 0x08e5, 0x08e5, 0x08e5, 0x08e5, 0x0905, 0x1106, 0x1106, 0x1126, 0x1126, 0x1126, 0x1126, 0x1126, 0x1106, 0x1126,
0x1126, 0x1106, 0x1106, 0x1106, 0x1106, 0x1106, 0x1106, 0x1106, 0x1106, 0x1106, 0x1106, 0x1106, 0x1106, 0x1106, 0x0906, 0x0906,
0x0906, 0x0906, 0x0906, 0x0905, 0x0905, 0x08e4, 0x08e5, 0x08c4, 0x08c4, 0x08e4, 0x1105, 0x1105, 0x10e4, 0x10e4, 0x08e4, 0x08c4,
0x08a3, 0x08c4, 0x08c4, 0x1083, 0x18a3, 0x18a3, 0x18c3, 0x18c3, 0x18c3, 0x0862, 0x10a3, 0x18a3, 0x18c3, 0x18c4, 0x18e4, 0x10a3,
0x18a3, 0x18a3, 0x18a2, 0x18a2, 0x18a2, 0x18c3, 0x10c3, 0x1905, 0x1105, 0x1125, 0x1926, 0x1926, 0x1146, 0x1146, 0x1105, 0x08a4,
0x08c4, 0x1105, 0x1946, 0x1126, 0x1106, 0x1146, 0x1146, 0x1146, 0x1146, 0x1125, 0x1105, 0x1105, 0x1105, 0x10e5, 0x1105, 0x1126,
0x1126, 0x1126, 0x1126, 0x1126, 0x1126, 0x1126, 0x1126, 0x1126, 0x1126, 0x1126, 0x1126, 0x1126, 0x1126, 0x1105, 0x1126, 0x1126,
0x1126, 0x1127, 0x1147, 0x1147, 0x1127, 0x1126, 0x1126, 0x1126, 0x1126, 0x1127, 0x1127, 0x1127, 0x1147, 0x1146, 0x08c4, 0x0041,
0x2167, 0x1926, 0x10e4, 0x08a4, 0x0883, 0x0021, 0x0042, 0x08e5, 0x08e5, 0x00c5, 0x0926, 0x1147, 0x1147, 0x1147, 0x1126, 0x1126,
0x1127, 0x1147, 0x1147, 0x1147, 0x1127, 0x08c5, 0x1126, 0x08c4, 
/* -138- */
0x0000, 0x0000, 0x0000, 0x0000, 0x0000, 0x0000, 0x0000, 0x0000, 0x0000, 0x0000, 0x0000, 0x0000, 0x0020, 0x0041, 0x0882, 0x0841,
0x0882, 0x08e5, 0x1187, 0x19c9, 0x19c9, 0x19e9, 0x19ea, 0x222b, 0x19ea, 0x19ea, 0x222b, 0x21ea, 0x0884, 0x1926, 0x0062, 0x0083,
0x0083, 0x0063, 0x0883, 0x0062, 0x0041, 0x0000, 0x0000, 0x0000, 0x0000, 0x0000, 0x0000, 0x0000, 0x0000, 0x0000, 0x0021, 0x0062,
0x0083, 0x00a4, 0x00c4, 0x08e5, 0x08e5, 0x08e5, 0x08c4, 0x0083, 0x0062, 0x0082, 0x0082, 0x0083, 0x0905, 0x0906, 0x0905, 0x08c5,
0x08e5, 0x08e5, 0x00a3, 0x0062, 0x0021, 0x0062, 0x0083, 0x0041, 0x0000, 0x0000, 0x0000, 0x0000, 0x0000, 0x0000, 0x0000, 0x0883,
0x1168, 0x0905, 0x00c4, 0x0905, 0x0905, 0x0905, 0x08e5, 0x0905, 0x0906, 0x0906, 0x0906, 0x0906, 0x0905, 0x1126, 0x1105, 0x08c4,
0x08a4, 0x0083, 0x0083, 0x0041, 0x0021, 0x0062, 0x0000, 0x0000, 0x0041, 0x08a3, 0x0882, 0x0882, 0x0862, 0x0883, 0x08a3, 0x0862,
0x0862, 0x0883, 0x08c4, 0x08c4, 0x08c4, 0x08e5, 0x08e5, 0x08e5, 0x08c4, 0x08c4, 0x08c4, 0x08c4, 0x08e5, 0x08e5, 0x08e4, 0x08e4,
0x08e5, 0x1105, 0x1105, 0x08e5, 0x08e5, 0x08e5, 0x1106, 0x1106, 0x0905, 0x1106, 0x1126, 0x1126, 0x1126, 0x1126, 0x1106, 0x1126,
0x1126, 0x1126, 0x1126, 0x1106, 0x1106, 0x1106, 0x1106, 0x1106, 0x1106, 0x1106, 0x1106, 0x1106, 0x0906, 0x0906, 0x0906, 0x0906,
0x0906, 0x0906, 0x0906, 0x0905, 0x0905, 0x08e4, 0x08e5, 0x10c4, 0x10c4, 0x08e4, 0x1105, 0x08e5, 0x08c4, 0x08a3, 0x08c4, 0x08a3,
0x0082, 0x08c4, 0x1105, 0x10a3, 0x10a3, 0x10a2, 0x18a3, 0x18a3, 0x1082, 0x0862, 0x10a3, 0x10a3, 0x10a3, 0x10a3, 0x10a3, 0x0882,
0x1082, 0x10a3, 0x1082, 0x1082, 0x10a3, 0x1083, 0x0883, 0x08a3, 0x0883, 0x0883, 0x08a4, 0x08e5, 0x1126, 0x1126, 0x1105, 0x10e5,
0x1105, 0x1926, 0x1947, 0x1926, 0x1946, 0x1146, 0x1126, 0x1126, 0x1126, 0x1126, 0x1105, 0x1126, 0x1105, 0x1105, 0x1105, 0x1105,
0x1146, 0x1146, 0x1126, 0x1126, 0x1126, 0x1126, 0x1126, 0x1126, 0x1126, 0x1126, 0x1126, 0x1126, 0x1105, 0x1105, 0x1126, 0x1126,
0x1126, 0x1126, 0x1105, 0x08e5, 0x08c4, 0x08a4, 0x08a4, 0x08c4, 0x1105, 0x1126, 0x1146, 0x1147, 0x1147, 0x1147, 0x10c4, 0x0041,
0x1926, 0x10e5, 0x10e4, 0x08a3, 0x08a3, 0x0021, 0x0042, 0x08e5, 0x08e5, 0x00e5, 0x0926, 0x1147, 0x1127, 0x1147, 0x1127, 0x1126,
0x1127, 0x1147, 0x1147, 0x1147, 0x1126, 0x00a4, 0x1106, 0x08e5, 
/* -139- */
0x0000, 0x0000, 0x0000, 0x0000, 0x0000, 0x0000, 0x0000, 0x0000, 0x0000, 0x0000, 0x0000, 0x0000, 0x0000, 0x0000, 0x0000, 0x0000,
0x0021, 0x1126, 0x19a8, 0x19c9, 0x19c9, 0x19c9, 0x220b, 0x222b, 0x220b, 0x220b, 0x222b, 0x19a9, 0x08a5, 0x1947, 0x0063, 0x00a4,
0x00a4, 0x0083, 0x0083, 0x0863, 0x0041, 0x0000, 0x0000, 0x0000, 0x0000, 0x0000, 0x0000, 0x0000, 0x0000, 0x0000, 0x0021, 0x0062,
0x0083, 0x0083, 0x0083, 0x08a4, 0x08c5, 0x08e5, 0x00a4, 0x0083, 0x0083, 0x0083, 0x0083, 0x00a4, 0x08e6, 0x0906, 0x0905, 0x08c4,
0x08e5, 0x00c4, 0x00a3, 0x0083, 0x0021, 0x0062, 0x0062, 0x0041, 0x0021, 0x0000, 0x0000, 0x0000, 0x0000, 0x0000, 0x0000, 0x08a3,
0x1188, 0x0905, 0x00e5, 0x0905, 0x0906, 0x0905, 0x08e5, 0x0905, 0x0906, 0x0906, 0x1126, 0x0906, 0x0926, 0x0905, 0x0905, 0x08c4,
0x08c4, 0x0883, 0x0083, 0x0041, 0x0021, 0x0062, 0x0020, 0x0000, 0x0041, 0x08a3, 0x0883, 0x0882, 0x0862, 0x0862, 0x0862, 0x0062,
0x0862, 0x0883, 0x08c4, 0x08c4, 0x08c4, 0x08c4, 0x08e5, 0x08e5, 0x08e4, 0x08c4, 0x08c4, 0x08e5, 0x08c4, 0x08c4, 0x08c4, 0x08e5,
0x1106, 0x1106, 0x1106, 0x1105, 0x08e5, 0x08e5, 0x08e5, 0x1106, 0x1106, 0x1126, 0x1126, 0x1126, 0x1126, 0x1126, 0x1106, 0x1126,
0x1126, 0x1106, 0x1106, 0x1106, 0x1106, 0x1106, 0x1106, 0x1106, 0x1106, 0x1106, 0x1106, 0x1106, 0x0906, 0x0906, 0x0906, 0x0906,
0x0906, 0x1106, 0x0906, 0x0905, 0x0905, 0x08e4, 0x08e5, 0x10e4, 0x10e4, 0x08e5, 0x1105, 0x08e4, 0x08c4, 0x08c4, 0x08c4, 0x10e4,
0x08a3, 0x08c4, 0x08c4, 0x0862, 0x0842, 0x0841, 0x0842, 0x0842, 0x0862, 0x0841, 0x0862, 0x0862, 0x0883, 0x10c3, 0x10c3, 0x10e4,
0x10c4, 0x10e4, 0x1905, 0x1905, 0x18e4, 0x18c3, 0x18c3, 0x18c4, 0x18e4, 0x18e4, 0x1904, 0x1105, 0x1126, 0x1126, 0x1126, 0x1126,
0x1126, 0x1926, 0x1926, 0x08c4, 0x1947, 0x1146, 0x1126, 0x1126, 0x1126, 0x1126, 0x1126, 0x1126, 0x1126, 0x1126, 0x1126, 0x1146,
0x1146, 0x1146, 0x1126, 0x1126, 0x1126, 0x1126, 0x1126, 0x1126, 0x1126, 0x1126, 0x1126, 0x1126, 0x1105, 0x1105, 0x1126, 0x1126,
0x1126, 0x1126, 0x08e5, 0x00a4, 0x08a3, 0x00a3, 0x00a3, 0x08a3, 0x08a4, 0x08c4, 0x08c4, 0x1947, 0x1146, 0x1126, 0x08c4, 0x0862,
0x1105, 0x10c4, 0x08c4, 0x08a4, 0x0883, 0x0021, 0x0862, 0x08e5, 0x08e6, 0x00e5, 0x1126, 0x1127, 0x1127, 0x1147, 0x1147, 0x1147,
0x1127, 0x1147, 0x1147, 0x1147, 0x1126, 0x00a4, 0x1106, 0x08c4, 
/* -140- */
0x0021, 0x0041, 0x0862, 0x0021, 0x0021, 0x0021, 0x0000, 0x0020, 0x0020, 0x0000, 0x0000, 0x0000, 0x0000, 0x0020, 0x0021, 0x0862,
0x0021, 0x1126, 0x1947, 0x1988, 0x19c9, 0x19ea, 0x220b, 0x222b, 0x222b, 0x222b, 0x222b, 0x1989, 0x10c5, 0x2147, 0x0063, 0x0083,
0x0063, 0x0063, 0x0883, 0x0863, 0x0062, 0x0021, 0x0021, 0x0020, 0x0041, 0x0062, 0x0883, 0x00a3, 0x08e5, 0x0906, 0x08e5, 0x0083,
0x0021, 0x0021, 0x0042, 0x0042, 0x0083, 0x0884, 0x0883, 0x0083, 0x0083, 0x0083, 0x0083, 0x0062, 0x08e5, 0x0906, 0x0905, 0x08e5,
0x00c4, 0x0083, 0x0083, 0x0083, 0x00a4, 0x0083, 0x0083, 0x0041, 0x0021, 0x0001, 0x0000, 0x0000, 0x0000, 0x0000, 0x0000, 0x08a3,
0x1188, 0x0947, 0x00e5, 0x0906, 0x0905, 0x0905, 0x08c4, 0x08e5, 0x0905, 0x0906, 0x1106, 0x0926, 0x0926, 0x0926, 0x1105, 0x08e5,
0x08c4, 0x0083, 0x0083, 0x0042, 0x0021, 0x0042, 0x0021, 0x0000, 0x0041, 0x0883, 0x0882, 0x0883, 0x0862, 0x0882, 0x0862, 0x0862,
0x0862, 0x0882, 0x08a3, 0x08a4, 0x08a4, 0x08c4, 0x08e5, 0x0905, 0x0905, 0x08c4, 0x08c4, 0x08e5, 0x08c4, 0x08c4, 0x08c4, 0x08e5,
0x1105, 0x1106, 0x1105, 0x08e5, 0x08c4, 0x10e5, 0x08c4, 0x1106, 0x1126, 0x1126, 0x1126, 0x1126, 0x1126, 0x1126, 0x1126, 0x1126,
0x1126, 0x1126, 0x1126, 0x1106, 0x1106, 0x1106, 0x1106, 0x1106, 0x1106, 0x1106, 0x1106, 0x1106, 0x1106, 0x1106, 0x0906, 0x1106,
0x0906, 0x0906, 0x0906, 0x0905, 0x0905, 0x08e5, 0x0905, 0x08e4, 0x10e4, 0x08e5, 0x1105, 0x08e4, 0x08c4, 0x0083, 0x08a3, 0x08a3,
0x0883, 0x08c4, 0x10e5, 0x10e5, 0x10e4, 0x10a3, 0x10a3, 0x0862, 0x1082, 0x10a3, 0x10c3, 0x18e4, 0x18e4, 0x10a3, 0x10a2, 0x18a2,
0x18a3, 0x18a3, 0x18e4, 0x0882, 0x18a2, 0x18a2, 0x18a2, 0x18a3, 0x18c3, 0x18c3, 0x18c4, 0x10e4, 0x1125, 0x1126, 0x1126, 0x1105,
0x1126, 0x1105, 0x1105, 0x1105, 0x1946, 0x1126, 0x1126, 0x1126, 0x1126, 0x1126, 0x1126, 0x1126, 0x1126, 0x1126, 0x1146, 0x1146,
0x1146, 0x1126, 0x1126, 0x1126, 0x1146, 0x1146, 0x1146, 0x1126, 0x1126, 0x1126, 0x1126, 0x1105, 0x1105, 0x1126, 0x1126, 0x1106,
0x1126, 0x1126, 0x08e4, 0x00a3, 0x08a4, 0x00a3, 0x00a3, 0x00a3, 0x08a4, 0x08a4, 0x08a4, 0x08e4, 0x1105, 0x1126, 0x08a4, 0x0862,
0x1926, 0x10e5, 0x08c4, 0x08a4, 0x08a3, 0x0021, 0x0862, 0x10e5, 0x08e5, 0x00c5, 0x0906, 0x1147, 0x1147, 0x1147, 0x1147, 0x1147,
0x1127, 0x1147, 0x1147, 0x1147, 0x1126, 0x08a4, 0x1106, 0x08a4, 
/* -141- */
0x0063, 0x0082, 0x0041, 0x0021, 0x0000, 0x0000, 0x0020, 0x0020, 0x0000, 0x0000, 0x0000, 0x0000, 0x0041, 0x0863, 0x08c4, 0x0862,
0x0021, 0x1125, 0x10e4, 0x08a3, 0x1947, 0x1a0a, 0x1a2b, 0x222b, 0x1a0a, 0x222b, 0x222c, 0x1989, 0x08a5, 0x1946, 0x0042, 0x0062,
0x0062, 0x0042, 0x0062, 0x0062, 0x0042, 0x0062, 0x0083, 0x00a3, 0x0083, 0x00a3, 0x08c4, 0x08c4, 0x0926, 0x1147, 0x0906, 0x0062,
0x0041, 0x0042, 0x0083, 0x0083, 0x0063, 0x0042, 0x0021, 0x0021, 0x0042, 0x0062, 0x0042, 0x0021, 0x08c4, 0x0906, 0x0906, 0x08e5,
0x0083, 0x0062, 0x0042, 0x0083, 0x0083, 0x0083, 0x0083, 0x0062, 0x0021, 0x0021, 0x0000, 0x0000, 0x0000, 0x0000, 0x0000, 0x0883,
0x1189, 0x0968, 0x0105, 0x0906, 0x0905, 0x0905, 0x08e5, 0x08e5, 0x0906, 0x0906, 0x0906, 0x0926, 0x0947, 0x0947, 0x0926, 0x08c4,
0x08a3, 0x0062, 0x0083, 0x0041, 0x0041, 0x0062, 0x0021, 0x0020, 0x0041, 0x0883, 0x0882, 0x08a3, 0x0883, 0x0883, 0x0882, 0x0862,
0x0862, 0x0883, 0x08a3, 0x08a3, 0x08a4, 0x08c4, 0x08e5, 0x0905, 0x08e5, 0x08c4, 0x08c4, 0x08e4, 0x08c4, 0x08c4, 0x08c4, 0x08c4,
0x08c4, 0x10e5, 0x1106, 0x08e5, 0x08c4, 0x08e5, 0x1106, 0x1106, 0x1106, 0x1106, 0x1106, 0x1126, 0x1126, 0x1126, 0x1126, 0x1126,
0x1126, 0x1126, 0x1126, 0x1106, 0x1106, 0x1106, 0x1106, 0x1106, 0x1126, 0x1106, 0x1106, 0x1106, 0x1106, 0x1106, 0x1106, 0x1106,
0x0906, 0x0906, 0x0905, 0x0905, 0x1105, 0x0905, 0x1105, 0x10e5, 0x10e4, 0x10e5, 0x08e5, 0x08c4, 0x08e4, 0x08c3, 0x08c4, 0x08c4,
0x08a3, 0x0062, 0x10e5, 0x10e5, 0x10c4, 0x10a3, 0x10a3, 0x1082, 0x10a3, 0x18c3, 0x18c3, 0x18c3, 0x10a3, 0x1082, 0x10a3, 0x10a3,
0x18a3, 0x18a3, 0x18e4, 0x0862, 0x18a2, 0x18a2, 0x18c3, 0x18c3, 0x18c3, 0x18c3, 0x18e4, 0x10e4, 0x1105, 0x1126, 0x1126, 0x1126,
0x1126, 0x1125, 0x1105, 0x10e5, 0x1126, 0x1126, 0x1126, 0x1126, 0x1126, 0x1126, 0x1146, 0x1126, 0x08c4, 0x10e5, 0x1146, 0x1126,
0x1126, 0x1126, 0x1126, 0x1126, 0x1126, 0x1146, 0x1126, 0x1126, 0x1126, 0x1105, 0x1126, 0x1105, 0x1126, 0x1126, 0x1126, 0x1126,
0x1126, 0x08c5, 0x08a4, 0x08a4, 0x08a3, 0x00a3, 0x08a3, 0x00a3, 0x08a4, 0x08a4, 0x00a4, 0x00a3, 0x1105, 0x1126, 0x08c4, 0x0862,
0x1926, 0x1106, 0x1105, 0x08a4, 0x0883, 0x0021, 0x0862, 0x10e5, 0x08e5, 0x00c5, 0x0906, 0x1147, 0x1147, 0x1147, 0x1147, 0x1147,
0x1147, 0x1127, 0x1126, 0x1127, 0x1126, 0x08a4, 0x1126, 0x0883, 
/* -142- */
0x0083, 0x0062, 0x0041, 0x0041, 0x0020, 0x0000, 0x0000, 0x0000, 0x0000, 0x0000, 0x0021, 0x0020, 0x0041, 0x08a4, 0x10e5, 0x0883,
0x0001, 0x1126, 0x1105, 0x0041, 0x1906, 0x19eb, 0x1a2b, 0x222c, 0x1189, 0x1989, 0x220b, 0x10e6, 0x08a4, 0x1926, 0x0021, 0x0042,
0x0021, 0x0001, 0x0042, 0x0042, 0x0041, 0x0062, 0x00a3, 0x00c4, 0x00a4, 0x08c5, 0x08e5, 0x08c5, 0x0926, 0x0947, 0x0906, 0x0083,
0x0062, 0x0082, 0x00a4, 0x08a4, 0x0083, 0x0062, 0x0041, 0x0042, 0x0063, 0x00a3, 0x0083, 0x0021, 0x08c4, 0x0906, 0x0906, 0x08e5,
0x0062, 0x0041, 0x0042, 0x0042, 0x0042, 0x0083, 0x00a4, 0x00a3, 0x0042, 0x0021, 0x0000, 0x0000, 0x0000, 0x0000, 0x0000, 0x08a3,
0x11a9, 0x1189, 0x0106, 0x08e5, 0x0926, 0x0906, 0x08e6, 0x0906, 0x0927, 0x0927, 0x0927, 0x0947, 0x0948, 0x0968, 0x0947, 0x08e5,
0x08a3, 0x0062, 0x0062, 0x0042, 0x0042, 0x0042, 0x0021, 0x0000, 0x0041, 0x08a3, 0x0883, 0x08a3, 0x0883, 0x0883, 0x0883, 0x0862,
0x0862, 0x0883, 0x08a3, 0x08c4, 0x08c4, 0x08c4, 0x08c4, 0x08e5, 0x08e5, 0x08c5, 0x08c4, 0x08c4, 0x08a4, 0x08a4, 0x08c4, 0x08c4,
0x08c4, 0x08e4, 0x1106, 0x1105, 0x08c4, 0x08c4, 0x1126, 0x1106, 0x1106, 0x1105, 0x1106, 0x1126, 0x1126, 0x1126, 0x1126, 0x1126,
0x1126, 0x1126, 0x1126, 0x1106, 0x1106, 0x1106, 0x1106, 0x1106, 0x1106, 0x1106, 0x1106, 0x1106, 0x1106, 0x1106, 0x1106, 0x1106,
0x0905, 0x0905, 0x0905, 0x0905, 0x0905, 0x0905, 0x1105, 0x10e5, 0x10e5, 0x10e5, 0x10e5, 0x08e5, 0x08e4, 0x08c3, 0x08c3, 0x08a3,
0x0883, 0x0062, 0x1105, 0x10e5, 0x10a3, 0x10a3, 0x1083, 0x10c3, 0x10c3, 0x10a3, 0x18c3, 0x18c3, 0x10a3, 0x1082, 0x18a3, 0x10a2,
0x18a3, 0x18a3, 0x18e4, 0x0882, 0x18a3, 0x18c3, 0x18c3, 0x18a2, 0x18c3, 0x18c3, 0x18e4, 0x10e4, 0x1105, 0x1126, 0x1926, 0x1126,
0x1126, 0x1126, 0x1105, 0x1105, 0x1926, 0x1946, 0x1926, 0x1126, 0x1106, 0x1126, 0x1126, 0x1106, 0x08c4, 0x1126, 0x1946, 0x1926,
0x1926, 0x1126, 0x1126, 0x1126, 0x1126, 0x1126, 0x1126, 0x1126, 0x1126, 0x1126, 0x1126, 0x1126, 0x1126, 0x1126, 0x1126, 0x1126,
0x1126, 0x1106, 0x08e5, 0x08e5, 0x08a4, 0x00a4, 0x08a4, 0x08a4, 0x08c5, 0x08c5, 0x08c4, 0x08e5, 0x1126, 0x1126, 0x08c4, 0x0862,
0x1926, 0x1126, 0x1105, 0x08a4, 0x08a3, 0x0021, 0x0862, 0x10e5, 0x08e5, 0x08c5, 0x08c5, 0x08c5, 0x08c5, 0x08e5, 0x08e5, 0x08c5,
0x08c4, 0x08c4, 0x08c4, 0x1106, 0x08e5, 0x08a4, 0x1126, 0x0083, 
/* -143- */
0x0062, 0x0062, 0x0041, 0x0041, 0x0021, 0x0020, 0x0020, 0x0000, 0x0000, 0x0000, 0x0021, 0x0862, 0x0842, 0x08a4, 0x0905, 0x0883,
0x0000, 0x1946, 0x1105, 0x0062, 0x1926, 0x1a0b, 0x1a2b, 0x222c, 0x1148, 0x1127, 0x21ea, 0x10c4, 0x08a4, 0x1926, 0x0021, 0x0021,
0x0000, 0x0021, 0x0042, 0x0062, 0x0062, 0x0062, 0x00a4, 0x08c4, 0x08c4, 0x0906, 0x0906, 0x0906, 0x0927, 0x0906, 0x08e5, 0x0063,
0x0062, 0x0082, 0x00a3, 0x08a4, 0x0083, 0x0042, 0x0021, 0x0062, 0x08a3, 0x00a4, 0x00a4, 0x0042, 0x08a4, 0x08e6, 0x08e5, 0x00a3,
0x0062, 0x0042, 0x0062, 0x0042, 0x0063, 0x00a4, 0x00c4, 0x00a4, 0x0042, 0x0000, 0x0021, 0x0021, 0x0021, 0x0000, 0x0000, 0x08a3,
0x11a9, 0x0988, 0x0106, 0x00e6, 0x0947, 0x0126, 0x0906, 0x0926, 0x0927, 0x0947, 0x0947, 0x0927, 0x0947, 0x0948, 0x0947, 0x08c5,
0x08a3, 0x0062, 0x0062, 0x0021, 0x0021, 0x0062, 0x0021, 0x0000, 0x0862, 0x08a3, 0x0862, 0x0862, 0x0862, 0x0882, 0x0882, 0x0882,
0x0862, 0x08a3, 0x08a3, 0x08a3, 0x08a3, 0x08c3, 0x08a3, 0x08e5, 0x08c4, 0x08e5, 0x08e5, 0x08a4, 0x08a3, 0x08a3, 0x08c4, 0x08e5,
0x08e5, 0x08c4, 0x1106, 0x1126, 0x1105, 0x0905, 0x1126, 0x1106, 0x0905, 0x08e5, 0x1106, 0x1126, 0x1126, 0x1126, 0x1126, 0x1126,
0x1126, 0x1126, 0x1126, 0x1106, 0x1106, 0x1106, 0x1126, 0x1126, 0x1106, 0x1106, 0x1106, 0x1106, 0x1106, 0x1126, 0x0905, 0x0906,
0x0905, 0x0905, 0x08e5, 0x0905, 0x0905, 0x0905, 0x1106, 0x1105, 0x10e5, 0x10e5, 0x10e5, 0x1105, 0x08c4, 0x08a3, 0x08c4, 0x08a3,
0x0883, 0x0082, 0x1105, 0x1105, 0x10a3, 0x0882, 0x10c3, 0x10c3, 0x18c4, 0x1083, 0x1082, 0x10a3, 0x1082, 0x0862, 0x0842, 0x0862,
0x0842, 0x0862, 0x1083, 0x0862, 0x1082, 0x18c3, 0x18c3, 0x1082, 0x0862, 0x1082, 0x0882, 0x0882, 0x0883, 0x0883, 0x1926, 0x08c4,
0x08a4, 0x08a4, 0x08a4, 0x08a3, 0x08c4, 0x08a4, 0x08a4, 0x08a3, 0x0883, 0x08a4, 0x08a4, 0x08a4, 0x08a4, 0x08a4, 0x10e5, 0x1926,
0x1126, 0x1126, 0x1105, 0x1126, 0x1105, 0x1105, 0x1105, 0x1126, 0x1126, 0x1126, 0x1126, 0x1126, 0x1126, 0x1126, 0x1126, 0x1126,
0x1126, 0x1126, 0x1126, 0x1126, 0x1105, 0x1105, 0x08e5, 0x1106, 0x1126, 0x1126, 0x1126, 0x1126, 0x1126, 0x1126, 0x10c4, 0x0862,
0x1926, 0x1106, 0x10e5, 0x08a4, 0x08a3, 0x0041, 0x0862, 0x10e5, 0x08c5, 0x0083, 0x0083, 0x00a3, 0x08c4, 0x1106, 0x10e5, 0x0083,
0x10c4, 0x10e4, 0x10e5, 0x1106, 0x1105, 0x1106, 0x1147, 0x1106, 
/* -144- */
0x0062, 0x0041, 0x0041, 0x0041, 0x0041, 0x0841, 0x0020, 0x0000, 0x0000, 0x0000, 0x0041, 0x0862, 0x0842, 0x08a4, 0x1105, 0x08a3,
0x0001, 0x1946, 0x1105, 0x0062, 0x1947, 0x1a0b, 0x1a2b, 0x222b, 0x1127, 0x1127, 0x222c, 0x1106, 0x08a4, 0x1946, 0x0021, 0x0042,
0x0021, 0x0042, 0x0041, 0x0062, 0x0042, 0x0062, 0x00a3, 0x08c4, 0x08e5, 0x0907, 0x0927, 0x0906, 0x0926, 0x0906, 0x08e5, 0x08a3,
0x0083, 0x0083, 0x0083, 0x0083, 0x0063, 0x0042, 0x0062, 0x0083, 0x08c4, 0x00a4, 0x00a4, 0x0062, 0x00a4, 0x08e5, 0x0062, 0x0021,
0x0042, 0x0063, 0x0042, 0x0062, 0x0083, 0x00a4, 0x00c4, 0x00c4, 0x0042, 0x0000, 0x0000, 0x0000, 0x0000, 0x0000, 0x0000, 0x08a3,
0x11a9, 0x0948, 0x00e6, 0x0927, 0x0968, 0x0126, 0x0926, 0x0927, 0x0947, 0x0947, 0x0947, 0x0927, 0x0947, 0x0947, 0x0947, 0x08c4,
0x08a3, 0x0062, 0x0062, 0x0000, 0x0021, 0x0062, 0x0021, 0x0000, 0x0862, 0x0883, 0x0862, 0x0862, 0x0862, 0x0882, 0x0883, 0x0882,
0x0862, 0x08a3, 0x08c4, 0x08c4, 0x08c4, 0x08a3, 0x08a3, 0x08c4, 0x08a4, 0x08e5, 0x08e5, 0x08a3, 0x08a3, 0x08a4, 0x08c4, 0x08c4,
0x08e5, 0x08c4, 0x1106, 0x1126, 0x1106, 0x08c4, 0x0906, 0x0905, 0x08e5, 0x10e5, 0x1106, 0x1126, 0x1126, 0x1126, 0x1126, 0x1126,
0x1126, 0x1126, 0x1126, 0x1106, 0x1126, 0x1126, 0x1126, 0x1126, 0x1126, 0x1106, 0x1106, 0x1106, 0x1106, 0x0905, 0x0905, 0x1106,
0x0905, 0x0905, 0x08e5, 0x08e5, 0x0905, 0x1106, 0x0905, 0x1105, 0x08e5, 0x10e4, 0x1105, 0x1105, 0x08c4, 0x08c3, 0x08a3, 0x08a3,
0x0883, 0x0082, 0x0083, 0x0083, 0x0883, 0x0882, 0x1082, 0x0882, 0x0862, 0x0862, 0x0862, 0x0862, 0x0841, 0x1082, 0x10c3, 0x10c4,
0x08a3, 0x10a4, 0x10c4, 0x10c4, 0x10c4, 0x18e4, 0x1904, 0x10c4, 0x10e4, 0x10e5, 0x18e5, 0x18e4, 0x10e4, 0x10e4, 0x1925, 0x1105,
0x10e5, 0x1105, 0x1126, 0x1126, 0x1105, 0x10e5, 0x10e5, 0x10c4, 0x1105, 0x1126, 0x1126, 0x1105, 0x1105, 0x1926, 0x1926, 0x1947,
0x1947, 0x1126, 0x1126, 0x1126, 0x1926, 0x1106, 0x1105, 0x1126, 0x1126, 0x1126, 0x1126, 0x1126, 0x1126, 0x1126, 0x1126, 0x1126,
0x1126, 0x1126, 0x1126, 0x1126, 0x1126, 0x1126, 0x1126, 0x1126, 0x1126, 0x1126, 0x1126, 0x1126, 0x1126, 0x1126, 0x10c4, 0x0862,
0x1926, 0x1926, 0x1105, 0x08a4, 0x08a3, 0x0021, 0x0862, 0x0906, 0x08e5, 0x08c5, 0x1106, 0x1127, 0x1147, 0x1147, 0x1126, 0x1105,
0x18e4, 0x10c4, 0x1905, 0x1905, 0x18e5, 0x1905, 0x1906, 0x1905, 
/* -145- */
0x0062, 0x0041, 0x0041, 0x0041, 0x0041, 0x0841, 0x0021, 0x0000, 0x0000, 0x0000, 0x0862, 0x0862, 0x0842, 0x08c4, 0x0905, 0x0883,
0x0001, 0x1967, 0x1105, 0x0062, 0x1926, 0x1a0b, 0x1a2b, 0x1a2c, 0x1148, 0x1128, 0x224d, 0x1927, 0x0884, 0x1926, 0x0021, 0x0042,
0x0021, 0x0062, 0x0062, 0x0063, 0x0042, 0x0042, 0x00a3, 0x00c5, 0x08e5, 0x0907, 0x00c5, 0x0084, 0x0083, 0x0063, 0x0063, 0x0083,
0x08c4, 0x08e5, 0x08e5, 0x08c5, 0x0083, 0x0021, 0x0062, 0x00a4, 0x08c4, 0x00a4, 0x00a4, 0x0062, 0x0062, 0x0062, 0x0041, 0x0021,
0x0062, 0x0083, 0x0063, 0x0083, 0x0083, 0x0083, 0x0084, 0x0062, 0x0021, 0x0000, 0x0000, 0x0000, 0x0000, 0x0000, 0x0021, 0x08a3,
0x1189, 0x0948, 0x00e6, 0x0948, 0x0948, 0x0106, 0x0106, 0x0926, 0x0927, 0x0947, 0x0927, 0x0906, 0x0927, 0x0947, 0x0927, 0x08c4,
0x08a3, 0x0062, 0x0042, 0x0000, 0x0021, 0x0062, 0x0000, 0x0000, 0x0862, 0x0883, 0x0862, 0x0862, 0x0862, 0x0862, 0x0882, 0x0882,
0x0862, 0x0883, 0x08a4, 0x08c4, 0x08c4, 0x08a4, 0x08a3, 0x08a4, 0x08a3, 0x08e4, 0x08e5, 0x08a3, 0x08a4, 0x08c4, 0x08c4, 0x08c4,
0x08c4, 0x08c4, 0x1106, 0x1126, 0x08e5, 0x08c4, 0x1106, 0x08e5, 0x08c4, 0x08c4, 0x1106, 0x1126, 0x1126, 0x1126, 0x1126, 0x1126,
0x1126, 0x1126, 0x1106, 0x1106, 0x1126, 0x1106, 0x1126, 0x1126, 0x1126, 0x1106, 0x1106, 0x1106, 0x1106, 0x0925, 0x0905, 0x0905,
0x0905, 0x0905, 0x08e5, 0x0905, 0x0905, 0x0905, 0x0905, 0x0905, 0x10e5, 0x08e5, 0x1105, 0x08e5, 0x08e4, 0x08c4, 0x08a3, 0x08a3,
0x08a3, 0x08c4, 0x10e5, 0x10e5, 0x10e5, 0x10c4, 0x18c4, 0x18c3, 0x18a3, 0x10a3, 0x0862, 0x1082, 0x10a2, 0x10a2, 0x18c3, 0x18e4,
0x10a3, 0x10a3, 0x18a3, 0x18c3, 0x18c3, 0x18c3, 0x18c3, 0x0883, 0x1905, 0x18e5, 0x18a3, 0x18c3, 0x18c3, 0x18c3, 0x18e4, 0x0883,
0x1126, 0x1126, 0x1146, 0x1146, 0x1126, 0x1126, 0x1126, 0x1926, 0x1946, 0x1946, 0x1146, 0x1126, 0x1926, 0x1947, 0x1147, 0x1147,
0x1947, 0x1126, 0x1126, 0x1126, 0x1926, 0x1106, 0x1105, 0x1126, 0x1126, 0x1126, 0x1126, 0x1126, 0x1126, 0x1126, 0x1126, 0x1126,
0x1126, 0x1126, 0x1126, 0x1126, 0x1126, 0x1126, 0x1126, 0x1126, 0x1126, 0x1126, 0x1126, 0x1146, 0x1126, 0x1146, 0x10c4, 0x0862,
0x1926, 0x1946, 0x10e5, 0x08a4, 0x08a3, 0x0021, 0x0862, 0x08e6, 0x08e6, 0x00c5, 0x0906, 0x1147, 0x1147, 0x1126, 0x08a3, 0x10a3,
0x18a3, 0x1082, 0x18a3, 0x1883, 0x18c4, 0x18e5, 0x1905, 0x18e5, 
/* -146- */
0x0062, 0x0041, 0x0041, 0x0841, 0x0841, 0x0841, 0x0021, 0x0000, 0x0000, 0x0000, 0x0862, 0x0862, 0x0862, 0x08a4, 0x08e5, 0x0883,
0x0000, 0x1967, 0x1105, 0x0062, 0x10e5, 0x220b, 0x1a4c, 0x226d, 0x1169, 0x1128, 0x224c, 0x1947, 0x0883, 0x1905, 0x0021, 0x0041,
0x0062, 0x0062, 0x0042, 0x0063, 0x0042, 0x0042, 0x0083, 0x00a4, 0x00c5, 0x00e6, 0x00e6, 0x00c5, 0x00c5, 0x0083, 0x0042, 0x0063,
0x00a3, 0x00c4, 0x00c4, 0x0083, 0x0021, 0x0021, 0x0062, 0x08a4, 0x08a4, 0x00a4, 0x0083, 0x0042, 0x0041, 0x0062, 0x0062, 0x0042,
0x0062, 0x00a4, 0x00a4, 0x00a4, 0x00a4, 0x0083, 0x0042, 0x0021, 0x0000, 0x0021, 0x0021, 0x0000, 0x0000, 0x0000, 0x0000, 0x08a3,
0x1189, 0x0948, 0x00e6, 0x0948, 0x0947, 0x00e5, 0x0906, 0x0927, 0x0947, 0x0927, 0x0927, 0x00e5, 0x08e6, 0x0927, 0x0927, 0x08e5,
0x08a3, 0x0062, 0x0082, 0x0021, 0x0021, 0x0041, 0x0000, 0x0000, 0x0862, 0x08a3, 0x0862, 0x0862, 0x0862, 0x0862, 0x0862, 0x0862,
0x0862, 0x0862, 0x08a3, 0x08c4, 0x08c4, 0x08c4, 0x0883, 0x08a3, 0x0883, 0x08c4, 0x08e5, 0x08a3, 0x08a4, 0x08c5, 0x08c4, 0x08c4,
0x08a3, 0x08c4, 0x10e5, 0x1106, 0x08e5, 0x08e5, 0x1126, 0x08c4, 0x08c4, 0x08c4, 0x1106, 0x1126, 0x1126, 0x1126, 0x1126, 0x1126,
0x1126, 0x1126, 0x1126, 0x1106, 0x1106, 0x1106, 0x1126, 0x1126, 0x1126, 0x1106, 0x1106, 0x1106, 0x0906, 0x0905, 0x0905, 0x0905,
0x08e5, 0x0905, 0x0905, 0x0905, 0x0905, 0x0905, 0x0905, 0x08e5, 0x0905, 0x1105, 0x1106, 0x08c4, 0x08e4, 0x08c3, 0x08a3, 0x08a3,
0x08a3, 0x0083, 0x1105, 0x1106, 0x10e5, 0x10c4, 0x10a3, 0x18a3, 0x10a3, 0x10c3, 0x10a3, 0x10a3, 0x10a2, 0x18a2, 0x18a3, 0x10c4,
0x10a3, 0x10a3, 0x18a3, 0x18c3, 0x18c3, 0x18c3, 0x18c3, 0x10c3, 0x1925, 0x18e4, 0x18c3, 0x18c3, 0x18c3, 0x18c3, 0x18c3, 0x0883,
0x1126, 0x1126, 0x1126, 0x1126, 0x1126, 0x1126, 0x1126, 0x10e5, 0x1926, 0x1926, 0x1946, 0x1126, 0x1146, 0x1146, 0x1146, 0x1946,
0x1947, 0x10e5, 0x1106, 0x1127, 0x1126, 0x1126, 0x1126, 0x1126, 0x1126, 0x1126, 0x1126, 0x1126, 0x1126, 0x1126, 0x1126, 0x1126,
0x1126, 0x1126, 0x1126, 0x1126, 0x1126, 0x1127, 0x1126, 0x1126, 0x1126, 0x1126, 0x1126, 0x1126, 0x1126, 0x1126, 0x10c4, 0x0862,
0x1926, 0x1946, 0x1105, 0x08a4, 0x08a3, 0x0021, 0x0862, 0x08e5, 0x08e6, 0x00e5, 0x0926, 0x1147, 0x1147, 0x1126, 0x08a3, 0x1082,
0x1082, 0x1082, 0x1082, 0x1083, 0x18c3, 0x18c4, 0x18e5, 0x10e5, 
/* -147- */
0x0862, 0x0041, 0x0041, 0x0041, 0x0841, 0x0861, 0x0841, 0x0000, 0x0000, 0x0021, 0x0862, 0x0862, 0x0883, 0x08c4, 0x08e5, 0x0883,
0x0000, 0x1967, 0x1105, 0x0062, 0x1106, 0x222b, 0x224c, 0x228d, 0x1189, 0x1169, 0x224c, 0x1947, 0x0863, 0x1105, 0x0000, 0x0000,
0x0021, 0x0062, 0x0042, 0x0083, 0x0042, 0x0042, 0x0063, 0x0063, 0x00a4, 0x0906, 0x0127, 0x0128, 0x0107, 0x00c5, 0x0062, 0x0063,
0x0083, 0x00a3, 0x0083, 0x0062, 0x0001, 0x0021, 0x0041, 0x0041, 0x0083, 0x00c5, 0x00a4, 0x0042, 0x0042, 0x0083, 0x0083, 0x0062,
0x0062, 0x0083, 0x00a4, 0x00a4, 0x00a4, 0x0083, 0x0041, 0x0021, 0x0021, 0x0021, 0x0041, 0x0021, 0x0020, 0x0000, 0x0000, 0x08a3,
0x1189, 0x0968, 0x00e6, 0x0947, 0x0947, 0x0906, 0x0106, 0x0947, 0x0947, 0x00e6, 0x0906, 0x08e5, 0x08e5, 0x0927, 0x0927, 0x08c4,
0x08a3, 0x0062, 0x0062, 0x0020, 0x0021, 0x0041, 0x0000, 0x0000, 0x0862, 0x08a4, 0x08a3, 0x08a3, 0x0883, 0x0883, 0x0883, 0x0862,
0x0862, 0x0862, 0x08a3, 0x08c4, 0x08c4, 0x08c4, 0x0883, 0x0883, 0x0883, 0x08c4, 0x08c4, 0x08a3, 0x08c4, 0x08c4, 0x08a3, 0x08c4,
0x08a4, 0x10c4, 0x10c5, 0x1105, 0x0905, 0x08e5, 0x1126, 0x08c4, 0x08c4, 0x08e4, 0x1105, 0x1126, 0x1126, 0x1126, 0x1126, 0x1126,
0x1126, 0x1126, 0x1126, 0x1106, 0x1106, 0x1106, 0x1106, 0x1126, 0x1106, 0x1106, 0x1106, 0x1106, 0x1106, 0x0905, 0x0905, 0x0905,
0x0905, 0x0905, 0x0905, 0x0905, 0x0905, 0x0905, 0x0905, 0x0905, 0x0905, 0x1105, 0x1105, 0x08c4, 0x08e4, 0x08a3, 0x08a3, 0x08a3,
0x08a3, 0x08a3, 0x1105, 0x1106, 0x10c4, 0x18c3, 0x10a3, 0x10a3, 0x10a3, 0x10a3, 0x10a3, 0x18c3, 0x18a3, 0x18a3, 0x18a3, 0x10a3,
0x1082, 0x18a3, 0x18a3, 0x18a3, 0x18a3, 0x18a3, 0x18a3, 0x10a3, 0x1905, 0x18e4, 0x18c3, 0x18c3, 0x18c3, 0x18c3, 0x18e4, 0x10e5,
0x1126, 0x1126, 0x1126, 0x1126, 0x1126, 0x1126, 0x1126, 0x10e4, 0x1126, 0x1126, 0x1126, 0x1146, 0x1946, 0x1146, 0x1146, 0x1946,
0x1947, 0x1126, 0x1126, 0x1926, 0x1126, 0x1126, 0x1126, 0x1126, 0x1126, 0x1126, 0x1126, 0x1126, 0x1126, 0x1126, 0x1126, 0x1126,
0x1146, 0x1146, 0x1146, 0x1146, 0x1146, 0x1126, 0x1126, 0x1126, 0x1126, 0x1126, 0x1126, 0x1147, 0x1126, 0x1126, 0x08c4, 0x0842,
0x1926, 0x1926, 0x1105, 0x08a4, 0x08a3, 0x0021, 0x0842, 0x08e5, 0x08e5, 0x00e5, 0x0926, 0x1147, 0x1147, 0x1127, 0x08a3, 0x1082,
0x18a3, 0x1082, 0x1082, 0x1083, 0x1082, 0x10a3, 0x18e4, 0x10e5, 
/* -148- */
0x0862, 0x0862, 0x0041, 0x0041, 0x0841, 0x0841, 0x0841, 0x0000, 0x0000, 0x0021, 0x0883, 0x0883, 0x0883, 0x08c4, 0x08e5, 0x0883,
0x0000, 0x1967, 0x1106, 0x0863, 0x1127, 0x222c, 0x224c, 0x228d, 0x1189, 0x11a9, 0x224c, 0x1126, 0x0863, 0x1105, 0x0000, 0x0020,
0x0021, 0x0083, 0x0063, 0x0062, 0x0083, 0x0062, 0x0083, 0x0083, 0x0083, 0x00e6, 0x0127, 0x0107, 0x0107, 0x00e6, 0x0083, 0x0083,
0x00a4, 0x0083, 0x0062, 0x0041, 0x0000, 0x0021, 0x0062, 0x0021, 0x0063, 0x00e5, 0x00c4, 0x0042, 0x0041, 0x0083, 0x0083, 0x0083,
0x0062, 0x0083, 0x0083, 0x00a4, 0x0083, 0x0062, 0x0041, 0x0021, 0x0021, 0x0021, 0x0021, 0x0000, 0x0000, 0x0000, 0x0021, 0x08a3,
0x1189, 0x0948, 0x00e5, 0x0927, 0x0947, 0x0906, 0x0927, 0x0948, 0x0927, 0x00c4, 0x08e5, 0x0906, 0x0906, 0x0947, 0x0926, 0x08a4,
0x08a3, 0x0062, 0x0062, 0x0000, 0x0021, 0x0062, 0x0021, 0x0000, 0x0862, 0x08c4, 0x08a3, 0x08a3, 0x0883, 0x0862, 0x0882, 0x0862,
0x0862, 0x0862, 0x0883, 0x08c4, 0x08c4, 0x08c4, 0x08a3, 0x10a3, 0x0883, 0x08c4, 0x08a4, 0x08a3, 0x08a4, 0x08c4, 0x08a3, 0x08c4,
0x08a4, 0x08a3, 0x08a3, 0x10e5, 0x1126, 0x08e5, 0x0906, 0x08c4, 0x08c4, 0x08c4, 0x10e4, 0x1106, 0x1126, 0x1126, 0x1126, 0x1126,
0x1126, 0x1126, 0x1106, 0x1106, 0x1106, 0x1106, 0x1106, 0x1106, 0x1106, 0x1106, 0x1105, 0x1106, 0x0906, 0x0905, 0x08e5, 0x0905,
0x0905, 0x0905, 0x08e5, 0x0905, 0x0905, 0x08e5, 0x0905, 0x0906, 0x0905, 0x1106, 0x08e5, 0x08a3, 0x08e4, 0x08a3, 0x08a3, 0x08a3,
0x08c3, 0x08a3, 0x10e5, 0x10c4, 0x1083, 0x1083, 0x1082, 0x1082, 0x1082, 0x1082, 0x1083, 0x10a3, 0x10a3, 0x1083, 0x1082, 0x1082,
0x0862, 0x1082, 0x10a3, 0x10a3, 0x10a2, 0x1082, 0x1082, 0x0862, 0x10a3, 0x10c3, 0x10a3, 0x1082, 0x1082, 0x10a3, 0x18e4, 0x1905,
0x1926, 0x1126, 0x1126, 0x1125, 0x1105, 0x1125, 0x1126, 0x1126, 0x1926, 0x1126, 0x1126, 0x1946, 0x1946, 0x1126, 0x1926, 0x1946,
0x1146, 0x1946, 0x1946, 0x1126, 0x1126, 0x1126, 0x1126, 0x1126, 0x1146, 0x1126, 0x1126, 0x1106, 0x1126, 0x1126, 0x1126, 0x1926,
0x1946, 0x1126, 0x1126, 0x1146, 0x1146, 0x1126, 0x1126, 0x1126, 0x1126, 0x1146, 0x1146, 0x1146, 0x1126, 0x1126, 0x08c4, 0x0041,
0x1926, 0x1946, 0x1126, 0x08a4, 0x08a3, 0x0021, 0x0041, 0x08c5, 0x08c5, 0x00c5, 0x1126, 0x1147, 0x1147, 0x1126, 0x08a3, 0x1082,
0x18a3, 0x18a2, 0x18a3, 0x10e4, 0x10c4, 0x10e5, 0x1106, 0x1126, 
/* -149- */
0x0882, 0x0862, 0x0041, 0x0041, 0x0841, 0x0841, 0x0841, 0x0000, 0x0000, 0x0821, 0x0862, 0x0883, 0x0862, 0x08a4, 0x08e5, 0x0862,
0x0000, 0x1988, 0x1126, 0x0863, 0x1127, 0x222c, 0x1a4c, 0x226d, 0x1168, 0x19a9, 0x224c, 0x1947, 0x0863, 0x1105, 0x0000, 0x0000,
0x0001, 0x0083, 0x0063, 0x0062, 0x0083, 0x0083, 0x00a3, 0x00c5, 0x00a4, 0x00e5, 0x00e6, 0x00c5, 0x00c5, 0x00a4, 0x0083, 0x00a4,
0x00a4, 0x0083, 0x0062, 0x0020, 0x0000, 0x0021, 0x00a3, 0x0041, 0x0041, 0x0083, 0x00a4, 0x0042, 0x0021, 0x0063, 0x0083, 0x0083,
0x0042, 0x0021, 0x0041, 0x0883, 0x0083, 0x0042, 0x0021, 0x0000, 0x0000, 0x0021, 0x0000, 0x0000, 0x0000, 0x0000, 0x0000, 0x0883,
0x1189, 0x0947, 0x00e5, 0x0947, 0x0947, 0x0906, 0x0106, 0x0947, 0x0906, 0x00c4, 0x08c4, 0x08e5, 0x0927, 0x0926, 0x0906, 0x08a4,
0x08a3, 0x0062, 0x0062, 0x0000, 0x0021, 0x0062, 0x0021, 0x0000, 0x0862, 0x08a3, 0x08a3, 0x0883, 0x0882, 0x0882, 0x0882, 0x0883,
0x0882, 0x0883, 0x0883, 0x08c4, 0x08e5, 0x08e5, 0x08a3, 0x10a3, 0x10a3, 0x08a3, 0x0883, 0x0883, 0x08a3, 0x08c5, 0x08c5, 0x08c4,
0x08a4, 0x10a3, 0x08a3, 0x10c4, 0x1106, 0x08e5, 0x1126, 0x08e5, 0x08c4, 0x08c4, 0x1105, 0x1106, 0x1126, 0x1126, 0x1106, 0x1106,
0x1126, 0x1126, 0x1106, 0x1106, 0x1106, 0x1106, 0x1106, 0x1106, 0x1106, 0x1105, 0x1105, 0x1106, 0x1126, 0x1105, 0x08e5, 0x0905,
0x08e5, 0x08e5, 0x08e5, 0x0905, 0x08e5, 0x0905, 0x0905, 0x0906, 0x0905, 0x1106, 0x08c4, 0x0883, 0x08e4, 0x08a3, 0x08a3, 0x08a3,
0x08c4, 0x08a3, 0x08c4, 0x08a3, 0x0862, 0x0862, 0x0862, 0x1082, 0x0882, 0x0862, 0x0882, 0x0882, 0x0882, 0x0882, 0x1082, 0x0862,
0x0862, 0x1082, 0x1082, 0x10c3, 0x10c3, 0x08a3, 0x0882, 0x0862, 0x0882, 0x10a3, 0x10a3, 0x0883, 0x08a3, 0x10a3, 0x18c4, 0x10a3,
0x10c4, 0x10e5, 0x10e5, 0x1105, 0x08a3, 0x08c4, 0x08c4, 0x1126, 0x1126, 0x1126, 0x1125, 0x08c4, 0x08a4, 0x08a4, 0x10e5, 0x1126,
0x1146, 0x1126, 0x1105, 0x1126, 0x1126, 0x1126, 0x1126, 0x1126, 0x1126, 0x1126, 0x1126, 0x10e5, 0x1105, 0x10e5, 0x08e4, 0x08e5,
0x08e5, 0x1126, 0x1126, 0x1126, 0x1126, 0x1126, 0x1126, 0x1126, 0x1146, 0x1126, 0x1146, 0x1146, 0x1126, 0x1126, 0x08a3, 0x0021,
0x1926, 0x1947, 0x1106, 0x08c4, 0x08a4, 0x0021, 0x0841, 0x08e5, 0x08e5, 0x00c5, 0x0926, 0x1147, 0x1147, 0x1126, 0x10a3, 0x18a3,
0x18a3, 0x18a3, 0x10c4, 0x1126, 0x1105, 0x1106, 0x1127, 0x1147, 
/* -150- */
0x0883, 0x0862, 0x0041, 0x0041, 0x0862, 0x0862, 0x0841, 0x0000, 0x0000, 0x0841, 0x0842, 0x0882, 0x0862, 0x08a4, 0x08e5, 0x0862,
0x0001, 0x1988, 0x1127, 0x0863, 0x1127, 0x1a2c, 0x1a4c, 0x1a4d, 0x1168, 0x19ca, 0x226d, 0x1968, 0x0863, 0x1905, 0x0000, 0x0000,
0x0000, 0x0041, 0x0062, 0x0041, 0x0062, 0x00a3, 0x00c4, 0x00e5, 0x00c5, 0x00c5, 0x00a4, 0x0083, 0x0083, 0x0062, 0x0042, 0x0083,
0x0083, 0x0063, 0x0041, 0x0000, 0x0000, 0x0021, 0x0041, 0x0000, 0x0000, 0x0041, 0x0042, 0x0021, 0x0021, 0x0042, 0x0063, 0x0062,
0x0041, 0x0841, 0x0841, 0x0841, 0x0021, 0x0000, 0x0000, 0x0000, 0x0000, 0x0000, 0x0000, 0x0000, 0x0000, 0x0000, 0x0000, 0x0083,
0x0948, 0x0927, 0x0106, 0x0947, 0x0947, 0x00e5, 0x0106, 0x0947, 0x0906, 0x08e5, 0x08e5, 0x0906, 0x0926, 0x0906, 0x08c5, 0x08a3,
0x0883, 0x0062, 0x0062, 0x0000, 0x0021, 0x0062, 0x0021, 0x0000, 0x0862, 0x0883, 0x0883, 0x0882, 0x0862, 0x0862, 0x0862, 0x0862,
0x0862, 0x0862, 0x0883, 0x08c4, 0x08c5, 0x08c4, 0x08c4, 0x08a3, 0x08a3, 0x08a3, 0x08c4, 0x08a3, 0x08a4, 0x00e5, 0x08e5, 0x08c5,
0x08c4, 0x08a3, 0x10a3, 0x10c4, 0x0905, 0x08e5, 0x1126, 0x08e5, 0x08c4, 0x08c4, 0x1105, 0x1106, 0x1106, 0x1106, 0x1106, 0x1126,
0x1126, 0x1106, 0x1106, 0x1106, 0x1106, 0x1106, 0x1105, 0x1105, 0x1106, 0x1126, 0x1126, 0x1106, 0x1106, 0x1105, 0x0905, 0x0905,
0x08e5, 0x08e5, 0x08e5, 0x08e5, 0x08e5, 0x08e5, 0x08e5, 0x0906, 0x0906, 0x0905, 0x08e4, 0x08c4, 0x10e4, 0x08a4, 0x08a3, 0x08a4,
0x08a3, 0x0883, 0x1105, 0x10e4, 0x10a3, 0x1083, 0x1082, 0x10a3, 0x18c3, 0x18a3, 0x10a3, 0x10a3, 0x1082, 0x18a3, 0x18a3, 0x18a3,
0x18a3, 0x18a3, 0x10a2, 0x10c3, 0x18e4, 0x10c3, 0x10a3, 0x10a3, 0x10c3, 0x10c4, 0x1905, 0x18e4, 0x18e4, 0x18c4, 0x10c4, 0x10e4,
0x1904, 0x1905, 0x1925, 0x10e4, 0x1105, 0x1126, 0x1126, 0x1146, 0x1126, 0x1126, 0x1126, 0x1105, 0x08c4, 0x1105, 0x1126, 0x1146,
0x1126, 0x1126, 0x1106, 0x1126, 0x1146, 0x1146, 0x1126, 0x1126, 0x1126, 0x1126, 0x1126, 0x1126, 0x1105, 0x10e5, 0x10e4, 0x08c4,
0x1105, 0x1126, 0x1126, 0x1105, 0x1105, 0x1126, 0x1126, 0x1126, 0x1106, 0x1126, 0x1127, 0x1147, 0x1126, 0x1105, 0x0862, 0x0021,
0x2146, 0x1926, 0x08c4, 0x08c4, 0x08a3, 0x0021, 0x0021, 0x0083, 0x08c4, 0x00a4, 0x08c4, 0x08c4, 0x1105, 0x08a4, 0x1082, 0x1882,
0x18a3, 0x1082, 0x10a4, 0x1126, 0x1105, 0x08e5, 0x1126, 0x1127, 
/* -151- */
0x0083, 0x0882, 0x0062, 0x0041, 0x0862, 0x0862, 0x0841, 0x0000, 0x0000, 0x0041, 0x0862, 0x0862, 0x0042, 0x08a3, 0x10c4, 0x0021,
0x0001, 0x2188, 0x1126, 0x08a4, 0x1148, 0x1a2c, 0x1a4c, 0x1a4c, 0x09a9, 0x1a2c, 0x1a8e, 0x21eb, 0x0863, 0x1105, 0x0000, 0x0000,
0x0000, 0x0041, 0x0062, 0x0041, 0x0041, 0x0062, 0x0083, 0x00a4, 0x00c5, 0x00c5, 0x00a4, 0x0083, 0x0041, 0x0000, 0x0021, 0x0063,
0x0063, 0x0062, 0x0042, 0x0000, 0x0000, 0x0020, 0x0000, 0x0000, 0x0020, 0x0041, 0x0021, 0x0021, 0x0021, 0x0021, 0x0063, 0x0042,
0x0041, 0x0021, 0x0021, 0x0021, 0x0021, 0x0841, 0x0021, 0x0000, 0x0000, 0x0000, 0x0000, 0x0000, 0x0000, 0x0000, 0x0000, 0x0083,
0x0968, 0x0947, 0x00c5, 0x0927, 0x0927, 0x0905, 0x0926, 0x0947, 0x0926, 0x08e5, 0x08e5, 0x0926, 0x0906, 0x08e5, 0x08a4, 0x08c4,
0x08a3, 0x0062, 0x0062, 0x0001, 0x0021, 0x0062, 0x0021, 0x0000, 0x0862, 0x0883, 0x0883, 0x0883, 0x0882, 0x0882, 0x0862, 0x0862,
0x0862, 0x0862, 0x0883, 0x08c4, 0x08c4, 0x00a4, 0x08c4, 0x08a3, 0x0883, 0x08a3, 0x08e5, 0x08c5, 0x08e5, 0x08e5, 0x08c5, 0x08c5,
0x08c4, 0x10a3, 0x10a3, 0x10c4, 0x08e5, 0x08e5, 0x1146, 0x08c4, 0x08c4, 0x08c4, 0x1105, 0x1106, 0x1105, 0x1106, 0x1106, 0x1126,
0x1126, 0x1106, 0x1106, 0x1105, 0x1105, 0x1106, 0x1105, 0x1105, 0x1126, 0x1126, 0x1126, 0x1126, 0x1106, 0x1105, 0x08e5, 0x0905,
0x0905, 0x08e5, 0x08e5, 0x08e5, 0x08e5, 0x08e5, 0x0905, 0x1106, 0x0905, 0x1105, 0x10e4, 0x10e4, 0x10e5, 0x08c4, 0x08c4, 0x08a4,
0x08a3, 0x08a3, 0x10e4, 0x10c4, 0x1083, 0x1083, 0x1062, 0x10a3, 0x18c3, 0x18a3, 0x18a3, 0x10a3, 0x1082, 0x18a3, 0x18a3, 0x18a3,
0x18a3, 0x18a3, 0x18a3, 0x0862, 0x10a3, 0x10a3, 0x10a2, 0x18a3, 0x18c3, 0x18c3, 0x18e4, 0x18a3, 0x18c3, 0x18a3, 0x18a3, 0x18a3,
0x18a3, 0x18a3, 0x18e4, 0x08a3, 0x1947, 0x1126, 0x1126, 0x1126, 0x1126, 0x1146, 0x1146, 0x1946, 0x10e5, 0x1105, 0x1146, 0x1126,
0x1126, 0x1126, 0x1126, 0x1126, 0x1146, 0x1146, 0x1126, 0x1126, 0x1126, 0x1126, 0x1146, 0x1126, 0x1126, 0x1126, 0x1126, 0x1126,
0x1126, 0x1126, 0x1126, 0x1126, 0x1126, 0x1126, 0x1126, 0x1126, 0x1127, 0x1127, 0x1126, 0x1127, 0x1127, 0x1126, 0x08c4, 0x0862,
0x2146, 0x1105, 0x08c4, 0x08a4, 0x0883, 0x0021, 0x0041, 0x08a4, 0x00c4, 0x00c4, 0x00a4, 0x0883, 0x08a4, 0x0883, 0x0883, 0x10a3,
0x0883, 0x0883, 0x0883, 0x1106, 0x08e5, 0x08c4, 0x08c4, 0x08a4, 
/* -152- */
0x0063, 0x08a3, 0x0062, 0x0041, 0x0862, 0x0862, 0x0041, 0x0000, 0x0000, 0x0041, 0x0862, 0x0862, 0x0041, 0x08a4, 0x10e5, 0x0021,
0x0021, 0x2188, 0x1126, 0x08a4, 0x1127, 0x1a0b, 0x1a4c, 0x1a4c, 0x0989, 0x1a2c, 0x228e, 0x21ca, 0x0863, 0x10e4, 0x0000, 0x0000,
0x0000, 0x0041, 0x0042, 0x0041, 0x0021, 0x0041, 0x0042, 0x0042, 0x0062, 0x0063, 0x0062, 0x0062, 0x0000, 0x0000, 0x0001, 0x0021,
0x0042, 0x0042, 0x0042, 0x0021, 0x0021, 0x0021, 0x0020, 0x0000, 0x0020, 0x0020, 0x0020, 0x0021, 0x0021, 0x0021, 0x0042, 0x0021,
0x0021, 0x0021, 0x0841, 0x0021, 0x0000, 0x0000, 0x0021, 0x0841, 0x0041, 0x0021, 0x0021, 0x0000, 0x0000, 0x0000, 0x0000, 0x0083,
0x0968, 0x0947, 0x00a4, 0x0906, 0x0905, 0x00e5, 0x0926, 0x0947, 0x0906, 0x08e5, 0x08e5, 0x0926, 0x0905, 0x08a3, 0x0883, 0x08c4,
0x08a3, 0x0062, 0x0062, 0x0021, 0x0021, 0x0083, 0x0041, 0x0000, 0x0862, 0x0883, 0x0862, 0x0882, 0x0882, 0x0882, 0x0882, 0x0882,
0x0882, 0x0883, 0x08a3, 0x08a4, 0x08a3, 0x08a4, 0x08a3, 0x0883, 0x0883, 0x08a3, 0x08e5, 0x00c5, 0x00e5, 0x08e5, 0x08c5, 0x08c4,
0x08a4, 0x08a3, 0x10a3, 0x10c4, 0x08e5, 0x08e5, 0x1126, 0x08c4, 0x08c4, 0x08c4, 0x10e5, 0x1106, 0x1106, 0x1106, 0x1126, 0x1126,
0x1126, 0x1126, 0x1126, 0x1106, 0x1105, 0x1105, 0x1105, 0x1106, 0x1106, 0x1106, 0x1106, 0x1106, 0x1106, 0x08e5, 0x08e5, 0x0905,
0x0905, 0x08e5, 0x08e5, 0x08e5, 0x08e5, 0x08e5, 0x1106, 0x1106, 0x0905, 0x1105, 0x10e4, 0x10c4, 0x1105, 0x08a4, 0x08a3, 0x08a3,
0x0883, 0x0882, 0x10c3, 0x1083, 0x1083, 0x10a3, 0x1082, 0x18a3, 0x18a3, 0x18a3, 0x18a3, 0x18a3, 0x1082, 0x10a3, 0x18a3, 0x18a3,
0x18c3, 0x18c3, 0x18c3, 0x0861, 0x1082, 0x10a3, 0x10a3, 0x18c3, 0x18c3, 0x10c3, 0x18c4, 0x18a3, 0x18c3, 0x18c3, 0x18c3, 0x18a3,
0x18a3, 0x18a3, 0x18e4, 0x08a3, 0x1947, 0x1946, 0x1126, 0x1126, 0x1126, 0x1146, 0x1146, 0x1946, 0x08e5, 0x1105, 0x1126, 0x1126,
0x1126, 0x1126, 0x1126, 0x1126, 0x1146, 0x1146, 0x1126, 0x1126, 0x1926, 0x1126, 0x1126, 0x1126, 0x1126, 0x1146, 0x1126, 0x1126,
0x1126, 0x1126, 0x1126, 0x1126, 0x1126, 0x1126, 0x1126, 0x1126, 0x1126, 0x1126, 0x1126, 0x1126, 0x1126, 0x1146, 0x08c4, 0x0862,
0x2146, 0x10e5, 0x08a3, 0x08a3, 0x0883, 0x0021, 0x0862, 0x1106, 0x0905, 0x08e5, 0x08e5, 0x10e5, 0x1105, 0x1106, 0x1126, 0x1105,
0x1126, 0x1105, 0x1106, 0x1126, 0x1126, 0x1105, 0x1105, 0x10e4, 
/* -153- */
0x0042, 0x08a4, 0x0083, 0x0041, 0x0862, 0x0862, 0x0841, 0x0000, 0x0000, 0x0041, 0x0862, 0x0042, 0x0041, 0x08a4, 0x10e5, 0x0883,
0x0021, 0x1946, 0x10e5, 0x0883, 0x1106, 0x19eb, 0x1a4c, 0x1a4c, 0x09a9, 0x11ea, 0x1a4c, 0x21a9, 0x0842, 0x10c4, 0x0000, 0x0000,
0x0000, 0x0041, 0x0021, 0x0021, 0x0001, 0x0021, 0x0021, 0x0021, 0x0000, 0x0000, 0x0001, 0x0021, 0x0000, 0x0000, 0x0000, 0x0021,
0x0042, 0x0062, 0x0062, 0x0062, 0x0062, 0x0042, 0x0042, 0x0042, 0x0041, 0x0021, 0x0041, 0x0042, 0x0042, 0x0042, 0x0041, 0x0021,
0x0041, 0x0021, 0x0021, 0x0021, 0x0021, 0x0020, 0x0020, 0x0020, 0x0021, 0x0021, 0x0021, 0x0841, 0x0841, 0x0000, 0x0000, 0x0083,
0x0947, 0x0927, 0x0083, 0x08c4, 0x00c4, 0x08e5, 0x0926, 0x0927, 0x08e5, 0x08c4, 0x08e5, 0x0926, 0x0905, 0x08c4, 0x08a3, 0x08c4,
0x08a3, 0x0042, 0x0042, 0x0000, 0x0021, 0x0083, 0x0041, 0x0021, 0x0882, 0x0883, 0x0862, 0x0862, 0x0882, 0x0862, 0x0862, 0x0862,
0x0862, 0x0883, 0x08a4, 0x08a3, 0x0883, 0x08a4, 0x08a3, 0x0883, 0x08a4, 0x08a4, 0x00c5, 0x00e5, 0x00c5, 0x08c5, 0x08c4, 0x08a4,
0x08a3, 0x08a3, 0x10a3, 0x10c4, 0x08e5, 0x08c4, 0x0905, 0x08c4, 0x08c4, 0x08a4, 0x10e5, 0x1105, 0x1106, 0x1106, 0x1126, 0x1126,
0x1126, 0x1126, 0x1126, 0x1106, 0x1106, 0x1106, 0x1106, 0x1106, 0x1106, 0x1106, 0x1106, 0x1106, 0x1106, 0x08e5, 0x08e5, 0x1105,
0x1106, 0x1126, 0x0906, 0x0905, 0x08e5, 0x0906, 0x1106, 0x08e5, 0x0905, 0x10e5, 0x10e4, 0x10e4, 0x10e5, 0x08c4, 0x08a3, 0x0883,
0x0882, 0x0882, 0x0882, 0x0862, 0x0862, 0x1082, 0x0862, 0x1083, 0x1083, 0x10a3, 0x10a3, 0x18a3, 0x1062, 0x10a3, 0x18a3, 0x18a3,
0x18a3, 0x18a3, 0x18a3, 0x1062, 0x1082, 0x18a2, 0x10a2, 0x18a3, 0x18a3, 0x18c3, 0x18e4, 0x18a2, 0x18c3, 0x18c3, 0x18c3, 0x18c3,
0x18a3, 0x18c3, 0x18e4, 0x0883, 0x1946, 0x1126, 0x1126, 0x1946, 0x1146, 0x1126, 0x1126, 0x1926, 0x1105, 0x1126, 0x1126, 0x1126,
0x1126, 0x1126, 0x1126, 0x1126, 0x1126, 0x1126, 0x1126, 0x1126, 0x1126, 0x1126, 0x1126, 0x1126, 0x1126, 0x1126, 0x1126, 0x1126,
0x1126, 0x1126, 0x1126, 0x1126, 0x1126, 0x1126, 0x1126, 0x1126, 0x1126, 0x1126, 0x1126, 0x1126, 0x1126, 0x1126, 0x08c4, 0x0862,
0x1946, 0x1105, 0x08a3, 0x08a3, 0x0883, 0x0021, 0x0862, 0x0906, 0x08e5, 0x00c4, 0x08c4, 0x1105, 0x1105, 0x1106, 0x1126, 0x1126,
0x1126, 0x1126, 0x1106, 0x1126, 0x1126, 0x08e5, 0x1905, 0x10c3, 
/* -154- */
0x0042, 0x08a4, 0x0083, 0x0041, 0x0041, 0x0862, 0x0841, 0x0000, 0x0000, 0x0041, 0x0883, 0x0041, 0x0041, 0x0883, 0x08e5, 0x08a3,
0x0000, 0x10e5, 0x10e5, 0x08a4, 0x1126, 0x11a9, 0x1a4c, 0x224c, 0x1188, 0x1167, 0x19ea, 0x19a8, 0x0041, 0x10c4, 0x0042, 0x0062,
0x0863, 0x0883, 0x0863, 0x0042, 0x0062, 0x0062, 0x0062, 0x0062, 0x0062, 0x0062, 0x0042, 0x0062, 0x0083, 0x0083, 0x0063, 0x0062,
0x0062, 0x0042, 0x0042, 0x0042, 0x0062, 0x0062, 0x0062, 0x0042, 0x0042, 0x0062, 0x0042, 0x0062, 0x0062, 0x0042, 0x0042, 0x0021,
0x0021, 0x0021, 0x0021, 0x0021, 0x0021, 0x0021, 0x0021, 0x0021, 0x0021, 0x0020, 0x0020, 0x0021, 0x0021, 0x0862, 0x0841, 0x0862,
0x08c5, 0x08c4, 0x0062, 0x08c4, 0x08c4, 0x08e5, 0x08e5, 0x0926, 0x08e4, 0x08c4, 0x08e5, 0x0906, 0x0906, 0x08c5, 0x08e5, 0x08c4,
0x08a3, 0x0042, 0x0041, 0x0001, 0x0000, 0x0862, 0x0021, 0x0021, 0x0883, 0x0883, 0x0882, 0x0882, 0x0883, 0x0883, 0x0882, 0x0862,
0x0882, 0x0882, 0x08a3, 0x0883, 0x0882, 0x08a4, 0x0883, 0x08a3, 0x00a4, 0x00a3, 0x00c5, 0x00e5, 0x00c5, 0x00a4, 0x00a4, 0x08a3,
0x08a4, 0x08a3, 0x10a3, 0x08e4, 0x1105, 0x08c4, 0x0905, 0x08c4, 0x08c4, 0x08c4, 0x10e5, 0x1105, 0x1106, 0x1126, 0x1126, 0x1126,
0x1126, 0x1126, 0x1126, 0x1126, 0x1106, 0x1106, 0x1126, 0x1126, 0x1106, 0x1106, 0x1106, 0x1106, 0x10e6, 0x08e5, 0x08e5, 0x0905,
0x1105, 0x1106, 0x1126, 0x1126, 0x1126, 0x1106, 0x1106, 0x0905, 0x0905, 0x1105, 0x10e4, 0x10e4, 0x10e5, 0x08c4, 0x08a3, 0x08a3,
0x10a3, 0x10a3, 0x10c3, 0x1083, 0x10a3, 0x1082, 0x1082, 0x10a3, 0x1082, 0x1082, 0x1082, 0x1082, 0x1082, 0x1082, 0x0862, 0x1082,
0x0862, 0x0862, 0x0882, 0x0862, 0x0862, 0x0862, 0x0862, 0x0862, 0x0862, 0x1083, 0x18e4, 0x1062, 0x1062, 0x1062, 0x1062, 0x1082,
0x1083, 0x1083, 0x18e4, 0x0883, 0x10e4, 0x1926, 0x1926, 0x1946, 0x1946, 0x1926, 0x1126, 0x1105, 0x10e5, 0x1126, 0x1126, 0x1126,
0x1126, 0x1946, 0x1146, 0x1126, 0x1126, 0x1126, 0x1126, 0x1126, 0x1146, 0x1146, 0x1126, 0x1126, 0x1126, 0x1126, 0x1105, 0x1105,
0x1105, 0x1105, 0x1126, 0x1126, 0x1126, 0x1126, 0x1126, 0x1126, 0x1126, 0x1126, 0x1126, 0x1126, 0x1126, 0x1126, 0x08c4, 0x0862,
0x1926, 0x1126, 0x1105, 0x08a3, 0x0883, 0x0041, 0x0862, 0x08e5, 0x08e5, 0x00c4, 0x08e5, 0x1126, 0x1126, 0x1126, 0x1127, 0x1147,
0x1147, 0x1126, 0x1126, 0x1105, 0x10e5, 0x10a3, 0x18e4, 0x10a3, 
/* -155- */
0x0883, 0x08a4, 0x0862, 0x0021, 0x0021, 0x0041, 0x0841, 0x0000, 0x0000, 0x0021, 0x08a4, 0x0062, 0x0041, 0x0063, 0x08c4, 0x08a3,
0x0000, 0x10c4, 0x1106, 0x1968, 0x21c9, 0x1168, 0x224c, 0x224c, 0x1188, 0x0905, 0x1988, 0x1988, 0x0842, 0x10e4, 0x00a3, 0x00e5,
0x0905, 0x0905, 0x0926, 0x08c5, 0x08e5, 0x08a4, 0x1105, 0x0906, 0x0926, 0x0906, 0x0906, 0x0906, 0x1127, 0x1147, 0x0927, 0x0927,
0x0927, 0x0927, 0x0927, 0x1127, 0x1147, 0x1148, 0x1148, 0x1148, 0x1148, 0x1168, 0x1189, 0x1168, 0x1168, 0x1168, 0x1189, 0x1127,
0x0842, 0x0000, 0x0021, 0x0021, 0x0021, 0x0021, 0x0041, 0x0021, 0x0021, 0x0021, 0x0021, 0x0020, 0x0000, 0x0021, 0x0841, 0x0862,
0x0841, 0x0041, 0x0042, 0x0883, 0x08a4, 0x08e5, 0x08e5, 0x0906, 0x08c4, 0x08c4, 0x08e5, 0x08e5, 0x08e5, 0x08e5, 0x0905, 0x0905,
0x08c4, 0x0042, 0x0063, 0x0021, 0x0000, 0x0062, 0x0021, 0x0021, 0x08a3, 0x0883, 0x0862, 0x0862, 0x0882, 0x0883, 0x0883, 0x0883,
0x0883, 0x08a3, 0x08a3, 0x0882, 0x0883, 0x08c4, 0x08a3, 0x08a3, 0x00a4, 0x0083, 0x00a4, 0x00c5, 0x00c5, 0x00c4, 0x00a4, 0x00a4,
0x08a4, 0x08a4, 0x08c4, 0x10e5, 0x08e5, 0x08c4, 0x08e5, 0x08a4, 0x08c4, 0x08a4, 0x10e5, 0x1126, 0x1126, 0x1126, 0x1126, 0x1126,
0x1126, 0x1126, 0x1126, 0x1126, 0x1106, 0x1106, 0x1106, 0x1126, 0x1126, 0x1106, 0x1106, 0x1106, 0x1106, 0x08e5, 0x08e5, 0x1106,
0x08e5, 0x08e5, 0x08e5, 0x08e5, 0x1106, 0x1126, 0x1126, 0x1126, 0x1126, 0x0905, 0x1105, 0x10e4, 0x08e4, 0x08c4, 0x08c4, 0x08c4,
0x10a3, 0x10a3, 0x10a3, 0x10a3, 0x1082, 0x1062, 0x10a2, 0x10a3, 0x10a2, 0x10a2, 0x1082, 0x10a3, 0x18c4, 0x18c3, 0x18c4, 0x18c3,
0x10a3, 0x10c4, 0x10c4, 0x18e5, 0x1905, 0x10e4, 0x10c4, 0x10c4, 0x18c4, 0x18e4, 0x1905, 0x18e4, 0x18e4, 0x10c4, 0x10c4, 0x10e4,
0x10e5, 0x1105, 0x1105, 0x08a3, 0x0883, 0x08a4, 0x08a4, 0x10c4, 0x10e5, 0x10c4, 0x10e4, 0x08c4, 0x08c4, 0x10e5, 0x10e4, 0x1105,
0x1105, 0x1105, 0x1105, 0x10e5, 0x1105, 0x1126, 0x1126, 0x1126, 0x1126, 0x1126, 0x1126, 0x1126, 0x1126, 0x1105, 0x10e5, 0x08c4,
0x08c4, 0x08e5, 0x1126, 0x1126, 0x1126, 0x1126, 0x1126, 0x1126, 0x1126, 0x1106, 0x1126, 0x1126, 0x1126, 0x1126, 0x08a4, 0x0842,
0x1926, 0x1946, 0x1126, 0x08a3, 0x0883, 0x0841, 0x0042, 0x08e5, 0x08e5, 0x08c5, 0x08e5, 0x1126, 0x1147, 0x1147, 0x1127, 0x1147,
0x1147, 0x1147, 0x1126, 0x1106, 0x08a4, 0x1083, 0x18e3, 0x10a2, 
/* -156- */
0x0062, 0x0021, 0x0021, 0x0020, 0x0021, 0x0842, 0x0841, 0x0000, 0x0000, 0x0021, 0x08a4, 0x0883, 0x0062, 0x0883, 0x08c4, 0x0883,
0x0000, 0x10c4, 0x1105, 0x1989, 0x19ea, 0x1167, 0x1a2b, 0x1a2c, 0x1188, 0x0905, 0x1126, 0x1987, 0x0863, 0x1904, 0x08c3, 0x0905,
0x0905, 0x00c4, 0x0905, 0x1147, 0x08c5, 0x1127, 0x1968, 0x1968, 0x1968, 0x1989, 0x1989, 0x1989, 0x1988, 0x1989, 0x19a9, 0x19a9,
0x19a9, 0x19a9, 0x1989, 0x19a9, 0x19a9, 0x19aa, 0x19aa, 0x19ca, 0x19ca, 0x19ca, 0x19ca, 0x19ca, 0x19aa, 0x19aa, 0x19ca, 0x1968,
0x0862, 0x0000, 0x0021, 0x0041, 0x0021, 0x0021, 0x0041, 0x0021, 0x0041, 0x0021, 0x0021, 0x0021, 0x0021, 0x0021, 0x0020, 0x0841,
0x0841, 0x0842, 0x0861, 0x0021, 0x0041, 0x0062, 0x08a3, 0x0905, 0x08e5, 0x08e5, 0x0905, 0x08e5, 0x08c4, 0x08c4, 0x0906, 0x0906,
0x08c4, 0x0042, 0x0062, 0x0021, 0x0001, 0x0062, 0x0021, 0x0021, 0x0883, 0x0883, 0x0862, 0x0862, 0x0882, 0x0882, 0x0862, 0x0882,
0x0882, 0x08a3, 0x08a3, 0x0882, 0x08a3, 0x00c4, 0x00c4, 0x00a4, 0x00a4, 0x00a4, 0x00a3, 0x00c5, 0x00c5, 0x00c4, 0x00c5, 0x00a4,
0x00a4, 0x08a3, 0x08c4, 0x1105, 0x08c4, 0x08e5, 0x08e5, 0x08a4, 0x08a4, 0x08c4, 0x10e5, 0x1126, 0x1126, 0x1126, 0x1126, 0x1126,
0x1126, 0x1126, 0x1106, 0x1106, 0x1106, 0x1106, 0x1106, 0x1106, 0x1106, 0x1105, 0x1106, 0x1106, 0x1105, 0x1105, 0x08e5, 0x1106,
0x1106, 0x0905, 0x08e5, 0x08c5, 0x08c4, 0x08c5, 0x08c4, 0x08e5, 0x08e5, 0x08c4, 0x10e5, 0x10e5, 0x1105, 0x08c4, 0x08c4, 0x08c4,
0x10a3, 0x10a3, 0x1083, 0x10a3, 0x1082, 0x1082, 0x10a3, 0x10a3, 0x18a3, 0x10a2, 0x10a2, 0x10a3, 0x18a3, 0x18c3, 0x18c3, 0x18e4,
0x10a3, 0x10a3, 0x18a3, 0x18a2, 0x18a3, 0x10c3, 0x1083, 0x18a3, 0x10a2, 0x18c3, 0x18a2, 0x1882, 0x18a2, 0x10c3, 0x10c3, 0x10c3,
0x10c4, 0x18c4, 0x18e4, 0x18e4, 0x1905, 0x1905, 0x10e4, 0x08a4, 0x1105, 0x1105, 0x1105, 0x08c4, 0x08a4, 0x10e5, 0x1105, 0x10e5,
0x1105, 0x10e5, 0x10e5, 0x1105, 0x1105, 0x1926, 0x1105, 0x08c4, 0x1106, 0x1126, 0x1126, 0x1126, 0x1106, 0x1105, 0x10e5, 0x1105,
0x1105, 0x1106, 0x1126, 0x1126, 0x1126, 0x10e5, 0x1105, 0x1105, 0x08e5, 0x08e5, 0x08e5, 0x08e5, 0x10e5, 0x08e5, 0x0063, 0x0041,
0x1926, 0x1926, 0x1926, 0x0883, 0x0841, 0x0021, 0x0041, 0x08c5, 0x08e5, 0x08c5, 0x0905, 0x1147, 0x1147, 0x1147, 0x1147, 0x1147,
0x1147, 0x1147, 0x1126, 0x0905, 0x08a3, 0x10a3, 0x18e4, 0x10a3, 
/* -157- */
0x0862, 0x0841, 0x0841, 0x0862, 0x0041, 0x0862, 0x0040, 0x0000, 0x0000, 0x0021, 0x08c4, 0x08a4, 0x0062, 0x0883, 0x08c4, 0x0882,
0x0000, 0x1926, 0x1106, 0x1988, 0x1988, 0x1126, 0x19a8, 0x19c9, 0x1167, 0x08c4, 0x08c4, 0x1105, 0x0062, 0x0883, 0x08c4, 0x08e5,
0x08e5, 0x10e5, 0x08c4, 0x08a4, 0x08e5, 0x1127, 0x1107, 0x0906, 0x0907, 0x0927, 0x1127, 0x0927, 0x0906, 0x0906, 0x0906, 0x0907,
0x0907, 0x0927, 0x1127, 0x0907, 0x0907, 0x0907, 0x0907, 0x0927, 0x1127, 0x1127, 0x1127, 0x1127, 0x0927, 0x1127, 0x1106, 0x08a4,
0x0041, 0x0041, 0x0041, 0x0041, 0x0021, 0x0021, 0x0041, 0x0021, 0x0041, 0x0021, 0x0041, 0x0041, 0x0021, 0x0041, 0x0021, 0x0000,
0x0021, 0x0021, 0x0021, 0x0841, 0x0841, 0x0041, 0x0021, 0x0041, 0x08a3, 0x08c4, 0x08e5, 0x08e5, 0x08e5, 0x08c4, 0x08e5, 0x0906,
0x08c4, 0x0042, 0x0042, 0x0020, 0x0001, 0x0062, 0x0021, 0x0000, 0x0883, 0x0882, 0x0862, 0x0862, 0x0883, 0x0883, 0x0883, 0x0882,
0x0883, 0x08a3, 0x08a3, 0x0882, 0x08a3, 0x00c4, 0x00a4, 0x00a4, 0x00a4, 0x0083, 0x00a4, 0x00c5, 0x00c5, 0x00c5, 0x00c5, 0x00a4,
0x00a4, 0x08a3, 0x08c4, 0x1105, 0x08c4, 0x08e5, 0x08e5, 0x08a4, 0x08a4, 0x08c4, 0x08c4, 0x1126, 0x1126, 0x1126, 0x1126, 0x1126,
0x1126, 0x1106, 0x1106, 0x1106, 0x1126, 0x1106, 0x1126, 0x1106, 0x1106, 0x1105, 0x1105, 0x1105, 0x1106, 0x1105, 0x08e5, 0x1106,
0x1126, 0x0905, 0x0905, 0x0906, 0x1126, 0x1126, 0x1126, 0x08e5, 0x08e5, 0x08e5, 0x1105, 0x1126, 0x10e5, 0x08c4, 0x08c4, 0x08c4,
0x1083, 0x1082, 0x1082, 0x1082, 0x0862, 0x1082, 0x18a3, 0x18a3, 0x10a2, 0x18a2, 0x1082, 0x10a3, 0x10a3, 0x10a3, 0x18c3, 0x18c4,
0x10c4, 0x18c3, 0x18a3, 0x18a3, 0x18a3, 0x18c4, 0x1083, 0x18a2, 0x18a2, 0x1082, 0x10a2, 0x18a3, 0x18c3, 0x18a3, 0x10a2, 0x1062,
0x18a3, 0x18a3, 0x18c3, 0x18c3, 0x18c3, 0x18c3, 0x18c3, 0x18c4, 0x10c4, 0x1105, 0x1946, 0x1946, 0x1926, 0x1126, 0x1126, 0x1126,
0x1126, 0x1126, 0x1126, 0x1105, 0x1947, 0x1947, 0x1926, 0x1126, 0x1126, 0x1126, 0x1126, 0x1126, 0x1106, 0x1106, 0x1105, 0x1105,
0x1106, 0x1126, 0x1105, 0x1105, 0x1126, 0x1126, 0x1106, 0x1126, 0x1105, 0x1105, 0x1105, 0x1126, 0x1105, 0x1105, 0x0883, 0x0841,
0x1926, 0x1926, 0x1105, 0x0883, 0x0041, 0x0020, 0x0041, 0x08c4, 0x08c5, 0x08c4, 0x08e5, 0x1126, 0x1126, 0x1147, 0x1126, 0x1126,
0x1127, 0x1127, 0x1126, 0x08e5, 0x0883, 0x10a3, 0x18e4, 0x10a3, 
/* -158- */
0x08a3, 0x0862, 0x0862, 0x0862, 0x0000, 0x0841, 0x0841, 0x0000, 0x0000, 0x0021, 0x08a4, 0x08c4, 0x0862, 0x0883, 0x08c4, 0x0862,
0x0000, 0x1926, 0x1105, 0x1146, 0x1146, 0x08a3, 0x1125, 0x1126, 0x1105, 0x08a3, 0x08a3, 0x08c4, 0x1146, 0x1967, 0x1147, 0x1106,
0x10c4, 0x08c4, 0x1126, 0x1968, 0x1989, 0x19a9, 0x1989, 0x1989, 0x1989, 0x19a9, 0x19a9, 0x19a9, 0x19a9, 0x19a9, 0x19a9, 0x19a9,
0x19a9, 0x19a9, 0x19aa, 0x19a9, 0x19a9, 0x19a9, 0x19a9, 0x19aa, 0x19aa, 0x19a9, 0x19a9, 0x19a9, 0x19a9, 0x1188, 0x08c5, 0x0883,
0x0021, 0x0841, 0x0041, 0x0041, 0x0021, 0x0021, 0x0021, 0x0021, 0x0021, 0x0021, 0x0041, 0x0042, 0x0021, 0x0841, 0x0021, 0x0000,
0x0021, 0x0000, 0x0000, 0x0020, 0x0021, 0x0021, 0x0041, 0x0841, 0x0841, 0x0041, 0x0862, 0x0883, 0x08a3, 0x08c4, 0x08e5, 0x0906,
0x08c4, 0x0062, 0x0021, 0x0000, 0x0021, 0x0062, 0x0000, 0x0000, 0x0862, 0x0882, 0x0862, 0x0862, 0x0883, 0x0883, 0x0883, 0x0882,
0x0862, 0x08a3, 0x08a3, 0x0883, 0x0883, 0x00a4, 0x08a4, 0x00a4, 0x00a4, 0x0083, 0x00a4, 0x00c5, 0x00c5, 0x00c5, 0x00c5, 0x00c5,
0x00c4, 0x08a4, 0x08c4, 0x08e5, 0x08c4, 0x08c4, 0x08c4, 0x08a4, 0x08a4, 0x08a4, 0x08c4, 0x1106, 0x1126, 0x1126, 0x1105, 0x1106,
0x1106, 0x1126, 0x1126, 0x1105, 0x1105, 0x1105, 0x1125, 0x1105, 0x1105, 0x1105, 0x1105, 0x1105, 0x1105, 0x1105, 0x0905, 0x1126,
0x1126, 0x0906, 0x1126, 0x1126, 0x1126, 0x1126, 0x1126, 0x1126, 0x1147, 0x1126, 0x1126, 0x1126, 0x08e5, 0x08c4, 0x08c4, 0x10c3,
0x10a3, 0x0882, 0x0862, 0x0883, 0x0883, 0x0883, 0x1082, 0x1082, 0x1082, 0x1082, 0x1082, 0x1082, 0x1082, 0x1082, 0x1082, 0x10a3,
0x1082, 0x10a2, 0x18a3, 0x18a3, 0x18a3, 0x10c3, 0x1082, 0x1082, 0x1082, 0x10a2, 0x10a3, 0x10a3, 0x18a3, 0x18c3, 0x10a2, 0x1082,
0x18a3, 0x18a3, 0x18c3, 0x18c3, 0x18c3, 0x18c3, 0x18a3, 0x18c3, 0x10a3, 0x1906, 0x1126, 0x1126, 0x1126, 0x1126, 0x1126, 0x1146,
0x1126, 0x1126, 0x1126, 0x1126, 0x1126, 0x1126, 0x1126, 0x1126, 0x1126, 0x1126, 0x1126, 0x1126, 0x1126, 0x1126, 0x1126, 0x1126,
0x1126, 0x1126, 0x1126, 0x1126, 0x1126, 0x1126, 0x1126, 0x1126, 0x1126, 0x1126, 0x1126, 0x1126, 0x1126, 0x1126, 0x08c4, 0x0041,
0x2146, 0x1947, 0x1926, 0x08a3, 0x0882, 0x0020, 0x0041, 0x08a4, 0x00a4, 0x0083, 0x00a4, 0x08e5, 0x08e5, 0x08c4, 0x08a4, 0x08a4,
0x08c4, 0x10e5, 0x10e5, 0x0883, 0x0883, 0x10a3, 0x18e4, 0x10a3, 
/* -159- */
0x08a4, 0x0862, 0x0862, 0x0041, 0x0000, 0x0861, 0x0841, 0x0000, 0x0000, 0x0021, 0x08a4, 0x08c4, 0x0041, 0x0883, 0x08c4, 0x0041,
0x0000, 0x1105, 0x08c4, 0x1125, 0x1105, 0x0041, 0x0882, 0x1105, 0x1125, 0x1126, 0x1146, 0x1967, 0x1988, 0x1167, 0x08c4, 0x08a3,
0x10e5, 0x1968, 0x19a9, 0x19a9, 0x19a9, 0x19a9, 0x19a9, 0x1989, 0x19a9, 0x19a9, 0x19a9, 0x19a9, 0x19a9, 0x19a9, 0x19aa, 0x19a9,
0x19a9, 0x19a9, 0x19a9, 0x19a9, 0x19a9, 0x1989, 0x1988, 0x1968, 0x1968, 0x1968, 0x1968, 0x1168, 0x1147, 0x1126, 0x0883, 0x0041,
0x0020, 0x0021, 0x0021, 0x0021, 0x0021, 0x0020, 0x0021, 0x0020, 0x0041, 0x0020, 0x0041, 0x0021, 0x0021, 0x0841, 0x0041, 0x0000,
0x0021, 0x0020, 0x0000, 0x0020, 0x0020, 0x0020, 0x0021, 0x0041, 0x0862, 0x0841, 0x0842, 0x0862, 0x0862, 0x0042, 0x0083, 0x08a3,
0x08c4, 0x0041, 0x0021, 0x0000, 0x0041, 0x0041, 0x0000, 0x0000, 0x0862, 0x0882, 0x0862, 0x0862, 0x0882, 0x0883, 0x0882, 0x0862,
0x0862, 0x08a3, 0x00a3, 0x0883, 0x0083, 0x00a4, 0x08a3, 0x00a4, 0x00a4, 0x0083, 0x00a4, 0x00c5, 0x00c5, 0x00c5, 0x00c5, 0x00a5,
0x00c5, 0x00a4, 0x08c4, 0x08e5, 0x08c4, 0x08c4, 0x08c4, 0x08c4, 0x08c4, 0x08a4, 0x08a4, 0x1106, 0x1106, 0x1126, 0x1126, 0x1106,
0x1106, 0x1126, 0x1126, 0x1106, 0x1105, 0x1105, 0x1105, 0x1105, 0x1105, 0x1105, 0x1105, 0x1105, 0x1105, 0x0905, 0x0905, 0x1126,
0x1126, 0x1126, 0x0926, 0x0926, 0x1126, 0x1126, 0x1126, 0x1126, 0x1126, 0x1126, 0x1126, 0x1126, 0x08c4, 0x08c4, 0x10c4, 0x10a3,
0x1083, 0x1082, 0x0882, 0x10e4, 0x10e5, 0x08c4, 0x08a3, 0x1083, 0x0882, 0x0882, 0x0882, 0x08a3, 0x08a3, 0x0882, 0x0862, 0x0862,
0x0862, 0x0862, 0x1082, 0x1082, 0x1062, 0x1082, 0x0862, 0x0862, 0x1082, 0x1082, 0x10a2, 0x18a2, 0x18a2, 0x10a2, 0x1082, 0x1082,
0x18c3, 0x18a3, 0x18a3, 0x18a2, 0x18a2, 0x18a2, 0x18a3, 0x18c3, 0x18c4, 0x1905, 0x1126, 0x1126, 0x1126, 0x1126, 0x1126, 0x1126,
0x1146, 0x1146, 0x1126, 0x1126, 0x1106, 0x1126, 0x1126, 0x1126, 0x1126, 0x1126, 0x1126, 0x1126, 0x1126, 0x1126, 0x1126, 0x1126,
0x1126, 0x1146, 0x1146, 0x1126, 0x1146, 0x1126, 0x1126, 0x1126, 0x1126, 0x1126, 0x1126, 0x1126, 0x1126, 0x1126, 0x08c4, 0x0842,
0x2146, 0x1946, 0x1105, 0x08a4, 0x0883, 0x0021, 0x0841, 0x08c4, 0x08c4, 0x00a4, 0x00c4, 0x1126, 0x1126, 0x08e5, 0x10e5, 0x10e4,
0x10e4, 0x08c4, 0x10c4, 0x10c4, 0x08a3, 0x10a3, 0x18a3, 0x18a3, 
/* -160- */
0x08a4, 0x0882, 0x0883, 0x0021, 0x0000, 0x0841, 0x0841, 0x0000, 0x0000, 0x0021, 0x08a4, 0x08c4, 0x0041, 0x0883, 0x08c4, 0x0041,
0x0000, 0x10e4, 0x08a3, 0x08a3, 0x0883, 0x0882, 0x08a3, 0x1105, 0x0905, 0x1105, 0x1126, 0x1147, 0x1967, 0x08a3, 0x0883, 0x08c5,
0x1127, 0x1148, 0x1148, 0x1127, 0x1147, 0x1148, 0x1148, 0x1147, 0x1147, 0x1147, 0x1147, 0x1147, 0x1148, 0x1148, 0x1147, 0x1147,
0x1147, 0x1127, 0x1147, 0x1147, 0x1127, 0x1127, 0x1127, 0x1126, 0x1106, 0x1106, 0x1106, 0x1106, 0x1106, 0x08e5, 0x0862, 0x0041,
0x0021, 0x0000, 0x0021, 0x0020, 0x0021, 0x0021, 0x0021, 0x0000, 0x0041, 0x0000, 0x0021, 0x0021, 0x0021, 0x0041, 0x0842, 0x0021,
0x0041, 0x0020, 0x0000, 0x0020, 0x0021, 0x0021, 0x0020, 0x0000, 0x0020, 0x0020, 0x0041, 0x0842, 0x0862, 0x0882, 0x1082, 0x0882,
0x0041, 0x0020, 0x0021, 0x0000, 0x0042, 0x0021, 0x0000, 0x0000, 0x0862, 0x0882, 0x0862, 0x0862, 0x0862, 0x0862, 0x0862, 0x0862,
0x0862, 0x08a3, 0x00a4, 0x0883, 0x0084, 0x0084, 0x00a3, 0x00a4, 0x00a4, 0x0083, 0x00a4, 0x00c5, 0x00c5, 0x00c5, 0x00c5, 0x00a4,
0x00c4, 0x00a4, 0x08c4, 0x10e5, 0x08c4, 0x08a4, 0x08a4, 0x08c4, 0x08a4, 0x08a4, 0x08a4, 0x1105, 0x1106, 0x1106, 0x1126, 0x1126,
0x1126, 0x1106, 0x1106, 0x1106, 0x0905, 0x1105, 0x1105, 0x1105, 0x1105, 0x1105, 0x1106, 0x1105, 0x1105, 0x08e5, 0x08e5, 0x1106,
0x1126, 0x1126, 0x1126, 0x1126, 0x1126, 0x1126, 0x0926, 0x1126, 0x1127, 0x1126, 0x1126, 0x1126, 0x10e5, 0x08a3, 0x10c3, 0x10a3,
0x1082, 0x1082, 0x10a3, 0x08e4, 0x10e5, 0x08e5, 0x10e5, 0x10a3, 0x1082, 0x1082, 0x1082, 0x10a3, 0x10c3, 0x10a3, 0x1082, 0x1082,
0x0862, 0x10a3, 0x10a3, 0x10c3, 0x10c3, 0x1083, 0x10a3, 0x10a3, 0x10a3, 0x10a3, 0x0862, 0x0862, 0x0862, 0x0862, 0x0882, 0x1082,
0x18a3, 0x18a3, 0x18a3, 0x10a2, 0x10a2, 0x18a2, 0x18a3, 0x18c3, 0x18e4, 0x10e5, 0x1126, 0x1126, 0x1126, 0x1946, 0x1146, 0x1946,
0x1946, 0x1126, 0x1926, 0x1105, 0x10e5, 0x1126, 0x1126, 0x1126, 0x1126, 0x1126, 0x1126, 0x1126, 0x1126, 0x1126, 0x1146, 0x1126,
0x1126, 0x1126, 0x1126, 0x1126, 0x1126, 0x1126, 0x1126, 0x1126, 0x1126, 0x1126, 0x1126, 0x1126, 0x1126, 0x1126, 0x10c4, 0x0842,
0x2146, 0x1946, 0x1105, 0x08a4, 0x0883, 0x0021, 0x0841, 0x08a3, 0x08c4, 0x08c4, 0x08c4, 0x1105, 0x1106, 0x1126, 0x10c4, 0x10c3,
0x18c3, 0x18a3, 0x18c3, 0x1925, 0x1925, 0x1905, 0x10c4, 0x0862, 
/* -161- */
0x0883, 0x0862, 0x0883, 0x0021, 0x0000, 0x0841, 0x0020, 0x0000, 0x0000, 0x0000, 0x0882, 0x08a3, 0x0041, 0x0882, 0x08c3, 0x0041,
0x0000, 0x0862, 0x0041, 0x0882, 0x08c4, 0x08c4, 0x08e5, 0x1126, 0x1126, 0x1126, 0x1947, 0x1105, 0x0042, 0x0863, 0x10e5, 0x1106,
0x1127, 0x1968, 0x1968, 0x1948, 0x1968, 0x1147, 0x1968, 0x1947, 0x1147, 0x1968, 0x1947, 0x1147, 0x1147, 0x1147, 0x1127, 0x1106,
0x1106, 0x1106, 0x1106, 0x1106, 0x1106, 0x1106, 0x1126, 0x1126, 0x1126, 0x1106, 0x1126, 0x1126, 0x10e5, 0x08e5, 0x08a3, 0x0041,
0x0021, 0x0000, 0x0000, 0x0020, 0x0021, 0x0021, 0x0041, 0x0000, 0x0041, 0x0000, 0x0021, 0x0021, 0x0021, 0x0041, 0x0842, 0x0041,
0x0021, 0x0000, 0x0000, 0x0000, 0x0021, 0x0021, 0x0020, 0x0000, 0x0020, 0x0000, 0x0000, 0x0021, 0x0862, 0x0883, 0x0883, 0x0841,
0x0841, 0x0020, 0x0000, 0x0000, 0x0021, 0x0041, 0x0000, 0x0000, 0x0862, 0x0883, 0x0862, 0x0862, 0x0862, 0x0862, 0x0862, 0x0862,
0x0862, 0x08a3, 0x00c4, 0x00a4, 0x0083, 0x00a4, 0x00a4, 0x00a4, 0x00a4, 0x0083, 0x00c4, 0x00c5, 0x00c5, 0x00c5, 0x00c5, 0x00a4,
0x00c4, 0x00a4, 0x08c4, 0x08c4, 0x08c4, 0x08a4, 0x08c4, 0x08c4, 0x08a4, 0x08c4, 0x08a3, 0x1105, 0x1105, 0x1105, 0x1126, 0x1126,
0x1126, 0x1126, 0x1106, 0x1105, 0x1105, 0x1105, 0x1105, 0x08e5, 0x1105, 0x1105, 0x1126, 0x1126, 0x0905, 0x08e4, 0x08e4, 0x1106,
0x0926, 0x1126, 0x1126, 0x1126, 0x1126, 0x0906, 0x0906, 0x1126, 0x1126, 0x1126, 0x1106, 0x0905, 0x1105, 0x08a3, 0x10c4, 0x10a3,
0x1082, 0x1082, 0x0882, 0x10e5, 0x10e5, 0x08e5, 0x08e5, 0x10a4, 0x1083, 0x1082, 0x1082, 0x1082, 0x1082, 0x1082, 0x1082, 0x1082,
0x1082, 0x0882, 0x10c3, 0x0882, 0x10a2, 0x10a2, 0x10a3, 0x10c3, 0x10c4, 0x10e4, 0x10e5, 0x10e4, 0x10e4, 0x10c4, 0x10e4, 0x0862,
0x0862, 0x0842, 0x0842, 0x0842, 0x0041, 0x0842, 0x0862, 0x10a3, 0x10e5, 0x10e5, 0x10e4, 0x10e4, 0x1105, 0x08e4, 0x1105, 0x1946,
0x1126, 0x1105, 0x1105, 0x1105, 0x10e4, 0x1105, 0x1126, 0x1126, 0x1126, 0x1126, 0x1126, 0x1126, 0x1126, 0x1126, 0x1126, 0x1126,
0x1126, 0x1126, 0x1126, 0x1126, 0x1146, 0x1126, 0x1126, 0x1126, 0x1126, 0x1126, 0x1126, 0x1106, 0x1126, 0x1126, 0x10c4, 0x0842,
0x2146, 0x1946, 0x08a4, 0x08a4, 0x0883, 0x0021, 0x0862, 0x10c4, 0x08c4, 0x08c4, 0x0882, 0x1082, 0x0883, 0x1126, 0x10a3, 0x10a3,
0x18a3, 0x18a3, 0x18a3, 0x18a3, 0x18a3, 0x18a3, 0x18a3, 0x1082, 
/* -162- */
0x0841, 0x0862, 0x0862, 0x0021, 0x0000, 0x0861, 0x0020, 0x0000, 0x0000, 0x0000, 0x0862, 0x0882, 0x0041, 0x0861, 0x0861, 0x0020,
0x0000, 0x0020, 0x0041, 0x08c3, 0x08e4, 0x08e5, 0x08e5, 0x08e5, 0x08c4, 0x08a3, 0x0883, 0x0021, 0x0883, 0x08c5, 0x08e5, 0x08e5,
0x08e5, 0x10e5, 0x08e5, 0x08e5, 0x08e5, 0x08e5, 0x08e5, 0x08c5, 0x08c5, 0x08e5, 0x1105, 0x10e6, 0x0906, 0x1106, 0x1106, 0x1106,
0x1106, 0x1106, 0x1106, 0x1106, 0x1106, 0x1106, 0x1106, 0x08e5, 0x08c4, 0x08c4, 0x08e4, 0x08c4, 0x08a4, 0x08a3, 0x0083, 0x0021,
0x0020, 0x0021, 0x0000, 0x0020, 0x0021, 0x0021, 0x0021, 0x0000, 0x0041, 0x0000, 0x0021, 0x0041, 0x0021, 0x0021, 0x0041, 0x0020,
0x0021, 0x0020, 0x0020, 0x0020, 0x0021, 0x0021, 0x0020, 0x0000, 0x0000, 0x0000, 0x0000, 0x0000, 0x0021, 0x0862, 0x0862, 0x0862,
0x0883, 0x1082, 0x1061, 0x0820, 0x0000, 0x0020, 0x0000, 0x0000, 0x0862, 0x0883, 0x0883, 0x0862, 0x0862, 0x0862, 0x0862, 0x0862,
0x0841, 0x0083, 0x00a4, 0x00a4, 0x0083, 0x0083, 0x00a4, 0x00a4, 0x00a4, 0x0083, 0x00c4, 0x00c5, 0x00a5, 0x00c5, 0x00c5, 0x00c4,
0x00a4, 0x00c4, 0x00c4, 0x00a4, 0x00c4, 0x00a4, 0x08c4, 0x08a4, 0x08a4, 0x08c4, 0x08a4, 0x1105, 0x08c4, 0x10e5, 0x1105, 0x1106,
0x1126, 0x1106, 0x1105, 0x10e5, 0x1105, 0x1105, 0x1105, 0x1105, 0x08e5, 0x1105, 0x1126, 0x1127, 0x1126, 0x1105, 0x08c4, 0x1106,
0x1126, 0x1126, 0x1126, 0x1126, 0x1126, 0x1126, 0x1126, 0x1126, 0x1126, 0x0927, 0x1126, 0x1126, 0x10e5, 0x08a3, 0x10c4, 0x10a3,
0x0862, 0x1082, 0x1082, 0x0883, 0x10e4, 0x10e5, 0x08e5, 0x08a3, 0x1082, 0x1062, 0x1062, 0x1082, 0x1882, 0x1082, 0x1082, 0x1082,
0x1082, 0x1082, 0x10c3, 0x1082, 0x1082, 0x18a2, 0x18a2, 0x18a2, 0x18a3, 0x10a3, 0x1905, 0x10c4, 0x10a3, 0x10a3, 0x10c4, 0x1905,
0x1905, 0x1905, 0x1105, 0x1105, 0x1105, 0x1105, 0x1905, 0x1905, 0x1105, 0x10c4, 0x08a3, 0x08a3, 0x10e5, 0x1926, 0x1126, 0x1126,
0x1126, 0x1126, 0x1126, 0x1125, 0x10e4, 0x08c4, 0x1106, 0x1126, 0x1126, 0x1126, 0x1126, 0x1126, 0x1126, 0x1126, 0x1126, 0x1126,
0x1126, 0x1126, 0x1126, 0x1126, 0x1126, 0x1126, 0x1126, 0x1126, 0x1126, 0x1126, 0x1126, 0x1106, 0x1106, 0x1126, 0x10c4, 0x0042,
0x2146, 0x1105, 0x08c4, 0x08a3, 0x0883, 0x0021, 0x0862, 0x0905, 0x08e5, 0x08a3, 0x0882, 0x1082, 0x1083, 0x1106, 0x10a3, 0x10a3,
0x18a3, 0x18a3, 0x18a3, 0x18a3, 0x18a3, 0x18a2, 0x18a2, 0x1082, 
/* -163- */
0x0821, 0x0841, 0x0862, 0x0020, 0x0000, 0x0862, 0x0020, 0x0000, 0x0000, 0x0000, 0x0041, 0x0021, 0x0020, 0x0041, 0x0861, 0x0040,
0x0041, 0x0041, 0x0041, 0x0062, 0x08a3, 0x08c4, 0x08e5, 0x08a4, 0x0882, 0x0061, 0x0883, 0x08c4, 0x08c4, 0x08c5, 0x08e5, 0x08c5,
0x08c5, 0x08c4, 0x08e5, 0x08e5, 0x08e5, 0x08e5, 0x08c4, 0x08c5, 0x08e5, 0x08e5, 0x08e5, 0x08e5, 0x10e5, 0x10e5, 0x10e5, 0x10e5,
0x1106, 0x10e6, 0x1106, 0x10e6, 0x10e6, 0x10e5, 0x10e5, 0x08e5, 0x08e5, 0x08e5, 0x08e5, 0x08e5, 0x08c4, 0x08c4, 0x08a3, 0x0062,
0x0021, 0x0021, 0x0020, 0x0000, 0x0020, 0x0020, 0x0020, 0x0021, 0x0021, 0x0000, 0x0021, 0x0021, 0x0021, 0x0021, 0x0021, 0x0020,
0x0021, 0x0021, 0x0020, 0x0041, 0x0021, 0x0841, 0x0021, 0x0020, 0x0020, 0x0020, 0x0000, 0x0020, 0x0020, 0x0020, 0x0000, 0x0041,
0x0062, 0x0862, 0x0841, 0x0862, 0x10a3, 0x1082, 0x0821, 0x0020, 0x0841, 0x0842, 0x0062, 0x0862, 0x0862, 0x0862, 0x0862, 0x0841,
0x0041, 0x0083, 0x00a4, 0x0083, 0x0083, 0x0062, 0x0083, 0x00a4, 0x00a4, 0x0084, 0x00c5, 0x00a5, 0x00a5, 0x00c5, 0x00c5, 0x00a4,
0x00c4, 0x00e5, 0x00c5, 0x00c5, 0x00a4, 0x00a4, 0x00a4, 0x00a4, 0x00a4, 0x00a4, 0x00a4, 0x10e5, 0x08c5, 0x08e5, 0x1105, 0x1106,
0x1106, 0x1106, 0x0905, 0x08e5, 0x1105, 0x1105, 0x1105, 0x1105, 0x0905, 0x1105, 0x1126, 0x1126, 0x1126, 0x0905, 0x08c4, 0x1106,
0x1126, 0x1126, 0x1126, 0x1126, 0x1126, 0x1126, 0x1126, 0x1126, 0x1126, 0x0926, 0x1126, 0x1126, 0x08e5, 0x08c3, 0x08a3, 0x10c3,
0x0882, 0x0882, 0x0882, 0x0862, 0x0862, 0x08a3, 0x08a3, 0x0883, 0x0862, 0x0862, 0x1082, 0x1082, 0x1082, 0x1082, 0x1082, 0x1082,
0x1082, 0x1082, 0x10a3, 0x1061, 0x1082, 0x10a2, 0x10a2, 0x10a2, 0x18a2, 0x10a3, 0x1905, 0x10c4, 0x18a2, 0x18a2, 0x10a2, 0x10a3,
0x10a2, 0x18c3, 0x10e4, 0x10e4, 0x18e4, 0x18c3, 0x10a3, 0x10a3, 0x18c3, 0x10c4, 0x10e4, 0x1105, 0x1126, 0x1947, 0x1105, 0x1126,
0x1926, 0x1926, 0x1105, 0x1105, 0x1105, 0x10e5, 0x1106, 0x1126, 0x1126, 0x1126, 0x1106, 0x1106, 0x1126, 0x1126, 0x1126, 0x1126,
0x1126, 0x1126, 0x1126, 0x1126, 0x1126, 0x1126, 0x1146, 0x1146, 0x1126, 0x1126, 0x1126, 0x1106, 0x1126, 0x1126, 0x08c4, 0x0041,
0x10c4, 0x08c4, 0x10c4, 0x08a4, 0x0883, 0x0021, 0x0862, 0x0905, 0x08e5, 0x08a3, 0x0883, 0x1082, 0x1083, 0x1105, 0x10a3, 0x18a2,
0x18a2, 0x1882, 0x18a2, 0x18a2, 0x18a2, 0x18a2, 0x1082, 0x1082, 
/* -164- */
0x0821, 0x0821, 0x0841, 0x0000, 0x0000, 0x0841, 0x0020, 0x0000, 0x0000, 0x0020, 0x0041, 0x0000, 0x0000, 0x0000, 0x0040, 0x0041,
0x0061, 0x0062, 0x0062, 0x0062, 0x0082, 0x0883, 0x0883, 0x0041, 0x0041, 0x0883, 0x08c4, 0x08c4, 0x08a4, 0x08a4, 0x08a4, 0x08a4,
0x08a4, 0x08e5, 0x08e5, 0x08e5, 0x08e5, 0x08e5, 0x08e5, 0x08e5, 0x08e5, 0x08c4, 0x08c4, 0x08c4, 0x08c4, 0x08c4, 0x08c4, 0x08c4,
0x08c4, 0x08c4, 0x08c4, 0x08c4, 0x08c4, 0x08c4, 0x08c4, 0x08c4, 0x08c4, 0x08c4, 0x08c4, 0x08a4, 0x08a3, 0x0883, 0x0862, 0x0042,
0x0041, 0x0021, 0x0021, 0x0021, 0x0020, 0x0020, 0x0020, 0x0021, 0x0021, 0x0000, 0x0021, 0x0041, 0x0020, 0x0021, 0x0021, 0x0020,
0x0041, 0x0021, 0x0021, 0x0041, 0x0021, 0x0862, 0x0021, 0x0021, 0x0020, 0x0020, 0x0000, 0x0021, 0x0021, 0x0021, 0x0000, 0x0021,
0x0021, 0x0041, 0x0062, 0x0862, 0x0842, 0x1062, 0x1082, 0x1082, 0x18a2, 0x1082, 0x0841, 0x0861, 0x0841, 0x0862, 0x0862, 0x0841,
0x0841, 0x0083, 0x08a4, 0x0083, 0x0062, 0x0062, 0x0083, 0x00a4, 0x00a5, 0x00a4, 0x00c5, 0x00a5, 0x00c5, 0x00c5, 0x00c5, 0x00a4,
0x00c4, 0x00e5, 0x00c5, 0x00c5, 0x00a4, 0x00a4, 0x08c4, 0x00a4, 0x00a4, 0x00a4, 0x00a4, 0x10e5, 0x10e5, 0x10e5, 0x1105, 0x1106,
0x1106, 0x1105, 0x0905, 0x08e5, 0x0905, 0x08e5, 0x1105, 0x0905, 0x0905, 0x08e5, 0x1126, 0x1126, 0x1126, 0x08e4, 0x08e5, 0x1126,
0x1126, 0x1126, 0x1126, 0x1126, 0x1126, 0x1126, 0x1106, 0x1126, 0x1126, 0x1126, 0x1126, 0x1126, 0x08e5, 0x08c4, 0x08a3, 0x10c4,
0x10a3, 0x10c4, 0x10a3, 0x10a3, 0x08a3, 0x10c3, 0x0883, 0x1082, 0x0862, 0x0862, 0x0882, 0x0862, 0x1062, 0x1082, 0x0862, 0x1082,
0x1082, 0x1082, 0x10a3, 0x0841, 0x1082, 0x18a2, 0x10a2, 0x10a2, 0x18a2, 0x18a3, 0x18c4, 0x10c3, 0x18a2, 0x18a2, 0x18a2, 0x10a2,
0x10a2, 0x18c3, 0x10e4, 0x1105, 0x18e4, 0x18a3, 0x18a3, 0x18a3, 0x18a3, 0x18c4, 0x18e4, 0x10e4, 0x1126, 0x1946, 0x1126, 0x1125,
0x1126, 0x1926, 0x1105, 0x10e4, 0x1926, 0x1926, 0x1126, 0x1126, 0x1126, 0x1126, 0x1106, 0x1106, 0x1126, 0x1126, 0x1126, 0x1126,
0x1126, 0x1126, 0x1126, 0x1126, 0x1126, 0x1126, 0x1146, 0x1146, 0x1126, 0x1126, 0x1126, 0x1126, 0x1126, 0x1126, 0x10c4, 0x0021,
0x10e4, 0x08c4, 0x08c4, 0x08a4, 0x0883, 0x0021, 0x0842, 0x10c4, 0x08a4, 0x08a3, 0x08a4, 0x10a3, 0x10a3, 0x1926, 0x10a3, 0x18c3,
0x18a3, 0x18a2, 0x18a2, 0x18a2, 0x18a2, 0x18a2, 0x1882, 0x18a2, 
/* -165- */
0x0821, 0x0821, 0x0021, 0x0000, 0x0000, 0x0041, 0x0020, 0x0000, 0x0000, 0x0000, 0x0041, 0x0000, 0x0000, 0x0000, 0x0000, 0x0020,
0x0041, 0x0041, 0x0062, 0x0062, 0x0041, 0x0021, 0x0000, 0x0000, 0x0021, 0x0883, 0x08a3, 0x08a3, 0x08a3, 0x08a3, 0x08a3, 0x08a3,
0x08a3, 0x08c4, 0x08c5, 0x08e5, 0x08e5, 0x10e5, 0x10e5, 0x10e5, 0x10e5, 0x08c4, 0x08a4, 0x08a4, 0x08c4, 0x08a4, 0x08c4, 0x08c4,
0x08c4, 0x08c4, 0x08c4, 0x08c4, 0x08c4, 0x08c4, 0x08c4, 0x08a4, 0x08c4, 0x08a4, 0x08a3, 0x08a3, 0x0883, 0x0883, 0x0862, 0x0862,
0x0042, 0x0021, 0x0021, 0x0041, 0x0020, 0x0000, 0x0020, 0x0020, 0x0021, 0x0000, 0x0041, 0x0041, 0x0021, 0x0021, 0x0020, 0x0000,
0x0041, 0x0021, 0x0021, 0x0021, 0x0021, 0x0882, 0x0041, 0x0041, 0x0020, 0x0021, 0x0021, 0x0041, 0x0021, 0x0041, 0x0000, 0x0041,
0x0020, 0x0020, 0x0021, 0x0042, 0x0041, 0x0862, 0x0882, 0x10a3, 0x18c4, 0x18e4, 0x1083, 0x1062, 0x0841, 0x0821, 0x0041, 0x0021,
0x0841, 0x0883, 0x00a4, 0x0083, 0x0062, 0x0883, 0x0084, 0x00a4, 0x00a4, 0x00a4, 0x00c5, 0x00a5, 0x00a4, 0x00c5, 0x00c5, 0x00a4,
0x00c4, 0x00e5, 0x00c5, 0x00c5, 0x00a4, 0x00c4, 0x08e5, 0x00e5, 0x00c5, 0x08c5, 0x08e5, 0x0905, 0x08e5, 0x1105, 0x1105, 0x1106,
0x1106, 0x1105, 0x0905, 0x08e5, 0x0905, 0x08e5, 0x08e5, 0x08e5, 0x08e5, 0x08e5, 0x1126, 0x1126, 0x1106, 0x0905, 0x08e5, 0x1126,
0x1126, 0x0926, 0x1126, 0x1126, 0x1126, 0x1126, 0x1106, 0x1126, 0x1126, 0x1126, 0x1126, 0x1126, 0x08e5, 0x08e5, 0x08a3, 0x10c4,
0x10a4, 0x10c4, 0x10c4, 0x10c4, 0x10a3, 0x10a3, 0x10a3, 0x10a3, 0x1082, 0x1082, 0x1062, 0x1082, 0x1082, 0x1082, 0x1082, 0x1082,
0x1082, 0x1083, 0x0882, 0x0862, 0x1082, 0x10a2, 0x1082, 0x10a2, 0x18a3, 0x18a3, 0x18c4, 0x18c3, 0x18a2, 0x18c3, 0x18a3, 0x18a3,
0x18a3, 0x18e4, 0x1125, 0x1126, 0x1105, 0x10a3, 0x18a2, 0x10a2, 0x10a3, 0x18e4, 0x18c3, 0x18e4, 0x1126, 0x1126, 0x1126, 0x1126,
0x1126, 0x1126, 0x1126, 0x1126, 0x1126, 0x1106, 0x1126, 0x1126, 0x1126, 0x1126, 0x1126, 0x1126, 0x1126, 0x1126, 0x1126, 0x1126,
0x1126, 0x1126, 0x1126, 0x1126, 0x1126, 0x1126, 0x1126, 0x1126, 0x1147, 0x1127, 0x1147, 0x1147, 0x1126, 0x1126, 0x10c4, 0x0041,
0x10e4, 0x08c4, 0x08c4, 0x08c4, 0x0883, 0x0021, 0x0021, 0x0882, 0x0862, 0x0862, 0x0883, 0x10c3, 0x10a3, 0x1926, 0x18c3, 0x10c3,
0x18c4, 0x18c3, 0x1082, 0x18a3, 0x18a3, 0x18a3, 0x18a3, 0x10a3, 
/* -166- */
0x0821, 0x0820, 0x0020, 0x0000, 0x0000, 0x0021, 0x0021, 0x0000, 0x0000, 0x0000, 0x0020, 0x0021, 0x0021, 0x0021, 0x0041, 0x0061,
0x0062, 0x0882, 0x0862, 0x0020, 0x0000, 0x0000, 0x0021, 0x0021, 0x0021, 0x0021, 0x0862, 0x0082, 0x0082, 0x0883, 0x08a4, 0x08c4,
0x08c4, 0x08c4, 0x08e5, 0x10e5, 0x08e5, 0x08e5, 0x10e5, 0x10e5, 0x10e5, 0x08e5, 0x08c5, 0x08c5, 0x08c5, 0x08c5, 0x10e5, 0x10e5,
0x08c4, 0x08c5, 0x08a4, 0x08a4, 0x08a4, 0x08a4, 0x08c4, 0x08c4, 0x08c4, 0x08a4, 0x08a4, 0x08a4, 0x08a4, 0x08a3, 0x0883, 0x0862,
0x0062, 0x0062, 0x0021, 0x0041, 0x0021, 0x0000, 0x0020, 0x0000, 0x0041, 0x0000, 0x0021, 0x0041, 0x0021, 0x0021, 0x0000, 0x0021,
0x0041, 0x0021, 0x0021, 0x0020, 0x0021, 0x0882, 0x0041, 0x0021, 0x0000, 0x0021, 0x0021, 0x0041, 0x0021, 0x0041, 0x0000, 0x0041,
0x0020, 0x0020, 0x0041, 0x0000, 0x0000, 0x0021, 0x0862, 0x0883, 0x0883, 0x0862, 0x1062, 0x18c4, 0x2966, 0x2946, 0x0861, 0x0841,
0x0841, 0x0862, 0x0883, 0x0083, 0x0083, 0x0083, 0x00a4, 0x00a4, 0x00a4, 0x00a4, 0x00a4, 0x00a4, 0x00a4, 0x00c5, 0x00c5, 0x00c5,
0x00c5, 0x00c5, 0x00c5, 0x00c5, 0x00a4, 0x08c5, 0x0906, 0x0906, 0x08e5, 0x08e5, 0x08e5, 0x0906, 0x08e5, 0x1105, 0x1105, 0x1106,
0x1106, 0x1105, 0x08e5, 0x08e5, 0x08e5, 0x08e5, 0x08e5, 0x08e5, 0x08e5, 0x08e5, 0x1126, 0x1126, 0x1126, 0x1126, 0x08e5, 0x1126,
0x1126, 0x0926, 0x1126, 0x1126, 0x1126, 0x1126, 0x1106, 0x1126, 0x1126, 0x0926, 0x1126, 0x1126, 0x1126, 0x1105, 0x08a3, 0x10c4,
0x10c4, 0x1105, 0x10c4, 0x10c4, 0x10a3, 0x10a3, 0x10a3, 0x10a3, 0x1082, 0x1082, 0x1082, 0x1082, 0x1082, 0x1082, 0x1082, 0x1082,
0x10a2, 0x10a3, 0x10a3, 0x10c3, 0x10a3, 0x10c3, 0x10c3, 0x10c3, 0x10c4, 0x18e4, 0x18e4, 0x18e4, 0x10c4, 0x10c3, 0x18c3, 0x18a3,
0x10a3, 0x10e4, 0x1126, 0x10e4, 0x18e4, 0x10a3, 0x1082, 0x10a2, 0x18a3, 0x18c3, 0x18c3, 0x1905, 0x1126, 0x1126, 0x1126, 0x1126,
0x1126, 0x1126, 0x1126, 0x1126, 0x1126, 0x1106, 0x1126, 0x1126, 0x1126, 0x1126, 0x1126, 0x1126, 0x1126, 0x1126, 0x1126, 0x1126,
0x1126, 0x1126, 0x1126, 0x1106, 0x1106, 0x1106, 0x1126, 0x1126, 0x1126, 0x1146, 0x1146, 0x1147, 0x1126, 0x1126, 0x08c4, 0x0041,
0x10c4, 0x08c4, 0x08c4, 0x08c4, 0x08a3, 0x0021, 0x0021, 0x08a3, 0x0863, 0x0862, 0x08a3, 0x10e4, 0x10e5, 0x1905, 0x10a3, 0x10a3,
0x10c4, 0x10e5, 0x10c4, 0x18a3, 0x18c3, 0x10e4, 0x1905, 0x1905, 
/* -167- */
0x0820, 0x0020, 0x0000, 0x0000, 0x0000, 0x0021, 0x0062, 0x0062, 0x0062, 0x0062, 0x0061, 0x0062, 0x0062, 0x0062, 0x0082, 0x0062,
0x0882, 0x0862, 0x0000, 0x0000, 0x0000, 0x0021, 0x0042, 0x0042, 0x0042, 0x0062, 0x0863, 0x08a3, 0x08a3, 0x08a4, 0x08a4, 0x08a4,
0x08a4, 0x08a4, 0x08a4, 0x08a4, 0x08a4, 0x08a4, 0x08c4, 0x08a4, 0x08a3, 0x08a3, 0x08a4, 0x08a4, 0x08a4, 0x08a4, 0x08a4, 0x08c4,
0x08c4, 0x08c4, 0x08c4, 0x08c4, 0x08c4, 0x08a4, 0x08a3, 0x08a4, 0x08a3, 0x0863, 0x0062, 0x0042, 0x0042, 0x0041, 0x0021, 0x0041,
0x0042, 0x0020, 0x0000, 0x0020, 0x0021, 0x0000, 0x0000, 0x0000, 0x0041, 0x0000, 0x0021, 0x0042, 0x0041, 0x0021, 0x0021, 0x0021,
0x0041, 0x0021, 0x0021, 0x0000, 0x0041, 0x0862, 0x0021, 0x0021, 0x0020, 0x0841, 0x0020, 0x0021, 0x0021, 0x0021, 0x0000, 0x0841,
0x0000, 0x0000, 0x0020, 0x0000, 0x0000, 0x0000, 0x0020, 0x0862, 0x0883, 0x0862, 0x0862, 0x0862, 0x18c4, 0x1882, 0x20c2, 0x20c3,
0x18a2, 0x1041, 0x0821, 0x0021, 0x0062, 0x0883, 0x00a4, 0x0084, 0x00a4, 0x00a4, 0x0083, 0x00a4, 0x00c4, 0x00c5, 0x00c5, 0x00c5,
0x00c5, 0x00c5, 0x00c5, 0x00a4, 0x00a4, 0x0906, 0x0906, 0x08e6, 0x00c5, 0x08e5, 0x0906, 0x08c5, 0x08e5, 0x1106, 0x1105, 0x1105,
0x1105, 0x1105, 0x0905, 0x1105, 0x08e5, 0x08e5, 0x08e5, 0x08e5, 0x1105, 0x1106, 0x1126, 0x0906, 0x08e5, 0x1105, 0x08c4, 0x1106,
0x1106, 0x1126, 0x1126, 0x1126, 0x1126, 0x1106, 0x1106, 0x0906, 0x1126, 0x1126, 0x1126, 0x1126, 0x1126, 0x1105, 0x08c4, 0x10e4,
0x1105, 0x1105, 0x08e4, 0x10e4, 0x10c3, 0x10a3, 0x10a3, 0x10a2, 0x1082, 0x1082, 0x1082, 0x1082, 0x1082, 0x1082, 0x1082, 0x10a2,
0x18a2, 0x1082, 0x10a2, 0x10a2, 0x10a2, 0x1082, 0x1082, 0x1082, 0x10a2, 0x10a3, 0x1082, 0x10c3, 0x18e5, 0x1905, 0x18e5, 0x10a3,
0x1925, 0x1126, 0x1126, 0x10c4, 0x10c4, 0x10e4, 0x10a3, 0x1082, 0x18a3, 0x18c3, 0x10c4, 0x1926, 0x1105, 0x1106, 0x1126, 0x1126,
0x1126, 0x1126, 0x1105, 0x1126, 0x1106, 0x1106, 0x1106, 0x1106, 0x1106, 0x1126, 0x1126, 0x1126, 0x1126, 0x1126, 0x1126, 0x1126,
0x1126, 0x1126, 0x1126, 0x1105, 0x1105, 0x1106, 0x1126, 0x1126, 0x1146, 0x1126, 0x1126, 0x1147, 0x1126, 0x1126, 0x08c4, 0x0041,
0x10e4, 0x08a4, 0x08c4, 0x08c4, 0x08a3, 0x0021, 0x0041, 0x08c5, 0x08e5, 0x08c5, 0x1106, 0x1126, 0x1147, 0x1146, 0x1926, 0x1905,
0x1105, 0x1126, 0x1105, 0x10a3, 0x10a3, 0x1105, 0x10c4, 0x08a4, 
/* -168- */
0x0820, 0x0020, 0x0000, 0x0000, 0x0000, 0x0000, 0x0021, 0x0041, 0x0062, 0x0062, 0x0882, 0x0882, 0x0882, 0x08a3, 0x08a3, 0x08a3,
0x0862, 0x0000, 0x0000, 0x0020, 0x0041, 0x0042, 0x0042, 0x0062, 0x0042, 0x0042, 0x0063, 0x0883, 0x0083, 0x0883, 0x08a3, 0x08a3,
0x08a3, 0x08a3, 0x08a3, 0x08a3, 0x08a4, 0x08a4, 0x08a3, 0x08a4, 0x08a4, 0x08a4, 0x08a4, 0x08a4, 0x08a4, 0x08a4, 0x08c4, 0x08a4,
0x08a4, 0x08a4, 0x08a4, 0x08a4, 0x08a4, 0x08a4, 0x08a4, 0x08c4, 0x08a4, 0x0883, 0x0063, 0x0083, 0x0083, 0x0063, 0x0062, 0x0062,
0x0062, 0x0042, 0x0041, 0x0020, 0x0020, 0x0021, 0x0000, 0x0000, 0x0041, 0x0000, 0x0021, 0x0042, 0x0041, 0x0041, 0x0000, 0x0021,
0x0041, 0x0021, 0x0021, 0x0000, 0x0020, 0x0021, 0x0021, 0x0041, 0x0020, 0x0000, 0x0020, 0x0021, 0x0020, 0x0000, 0x0000, 0x0041,
0x0020, 0x0000, 0x0000, 0x0000, 0x0000, 0x0020, 0x0021, 0x0000, 0x0020, 0x0021, 0x0841, 0x0883, 0x0862, 0x0821, 0x0821, 0x1061,
0x20a2, 0x2904, 0x18c3, 0x0841, 0x0841, 0x0021, 0x0062, 0x0062, 0x0084, 0x00a4, 0x00a4, 0x00a4, 0x00a4, 0x00c5, 0x00c5, 0x00a4,
0x00c4, 0x00c5, 0x00c4, 0x00a4, 0x00a4, 0x08e6, 0x0906, 0x08e6, 0x00e5, 0x08e5, 0x08e5, 0x08c4, 0x08c5, 0x1105, 0x1106, 0x1105,
0x1105, 0x1105, 0x1105, 0x1105, 0x08e5, 0x08e5, 0x0905, 0x1106, 0x0906, 0x0926, 0x1126, 0x0926, 0x08e5, 0x0905, 0x08c4, 0x08e5,
0x1106, 0x1126, 0x1106, 0x1126, 0x1126, 0x1106, 0x1106, 0x0906, 0x1126, 0x0926, 0x0926, 0x1126, 0x1126, 0x1105, 0x08c4, 0x10e5,
0x1105, 0x1105, 0x10e4, 0x10c4, 0x0882, 0x1062, 0x1082, 0x1062, 0x1062, 0x1082, 0x1082, 0x1082, 0x1082, 0x1082, 0x1082, 0x10a2,
0x10a2, 0x10a3, 0x1082, 0x1082, 0x10a3, 0x1082, 0x1082, 0x1082, 0x10a2, 0x10a2, 0x10a2, 0x10a3, 0x10a3, 0x10c3, 0x18e4, 0x10e5,
0x1126, 0x1126, 0x1106, 0x1105, 0x1105, 0x1105, 0x10e5, 0x10e4, 0x18e4, 0x18e4, 0x1105, 0x1926, 0x1106, 0x1126, 0x1126, 0x1126,
0x1126, 0x1126, 0x1126, 0x1126, 0x1126, 0x1126, 0x1126, 0x1105, 0x1105, 0x1106, 0x1126, 0x1126, 0x1126, 0x1126, 0x1126, 0x1126,
0x1126, 0x1126, 0x1126, 0x1105, 0x1105, 0x1126, 0x1126, 0x1126, 0x1126, 0x1147, 0x1147, 0x1147, 0x1126, 0x1126, 0x10c4, 0x0041,
0x18e4, 0x08a3, 0x08a3, 0x08a4, 0x08a3, 0x0021, 0x0842, 0x08c4, 0x08c5, 0x08c4, 0x10e5, 0x10a4, 0x10e4, 0x10c4, 0x10a3, 0x10a3,
0x10c4, 0x1105, 0x1105, 0x10e5, 0x1106, 0x1126, 0x1105, 0x1105, 
/* -169- */
0x0020, 0x0020, 0x0000, 0x0000, 0x0000, 0x0021, 0x0021, 0x0021, 0x0021, 0x0041, 0x0062, 0x0062, 0x0083, 0x0883, 0x0062, 0x0041,
0x0000, 0x0000, 0x0021, 0x0062, 0x0062, 0x0062, 0x0062, 0x0062, 0x0062, 0x0063, 0x0062, 0x0082, 0x0082, 0x0062, 0x0062, 0x0062,
0x0062, 0x0062, 0x0083, 0x0083, 0x0883, 0x08a3, 0x08a3, 0x08a4, 0x08a4, 0x08a4, 0x08a4, 0x08a4, 0x08a4, 0x08a4, 0x08a4, 0x08a4,
0x08a4, 0x08a4, 0x08a4, 0x08a4, 0x08a4, 0x08a4, 0x08a4, 0x08a4, 0x08a4, 0x0062, 0x0062, 0x0042, 0x0042, 0x0042, 0x0042, 0x0042,
0x0042, 0x0042, 0x0021, 0x0020, 0x0020, 0x0041, 0x0021, 0x0000, 0x0021, 0x0000, 0x0021, 0x0041, 0x0021, 0x0021, 0x0020, 0x0020,
0x0021, 0x0020, 0x0020, 0x0000, 0x0021, 0x0021, 0x0021, 0x0021, 0x0020, 0x0841, 0x0020, 0x0021, 0x0021, 0x0021, 0x0000, 0x0841,
0x0020, 0x0021, 0x0021, 0x0000, 0x0841, 0x0000, 0x0021, 0x0000, 0x0021, 0x0000, 0x0020, 0x0841, 0x0842, 0x0841, 0x0841, 0x0820,
0x0841, 0x18e4, 0x20e4, 0x2904, 0x2925, 0x18c3, 0x10a2, 0x0862, 0x0062, 0x0062, 0x0083, 0x00a4, 0x00a4, 0x00c5, 0x00a4, 0x00a4,
0x00a4, 0x00a4, 0x00a4, 0x00a4, 0x00a4, 0x08e6, 0x0906, 0x08e6, 0x00e5, 0x08e5, 0x08e5, 0x08c5, 0x08e5, 0x08e5, 0x1106, 0x1105,
0x1105, 0x1105, 0x1105, 0x08e5, 0x08e5, 0x1105, 0x1106, 0x1106, 0x0926, 0x1126, 0x1126, 0x1126, 0x1126, 0x0905, 0x08e4, 0x0905,
0x1126, 0x1126, 0x1106, 0x1126, 0x0906, 0x0906, 0x1106, 0x1126, 0x1126, 0x0906, 0x0906, 0x0926, 0x1106, 0x08e5, 0x08c4, 0x10e5,
0x1105, 0x1105, 0x10e4, 0x10c3, 0x1083, 0x1082, 0x1082, 0x1082, 0x1082, 0x1082, 0x1082, 0x10a2, 0x1082, 0x0862, 0x1062, 0x1082,
0x1082, 0x1082, 0x1082, 0x10a3, 0x10a3, 0x1082, 0x1082, 0x1082, 0x10a2, 0x10a2, 0x10a2, 0x10a2, 0x18a2, 0x10a3, 0x10c4, 0x1105,
0x1126, 0x1126, 0x1126, 0x1106, 0x1126, 0x10e4, 0x10e4, 0x18e4, 0x18e4, 0x1926, 0x1126, 0x1126, 0x1106, 0x1105, 0x1126, 0x1126,
0x1126, 0x1105, 0x1126, 0x1126, 0x1126, 0x1126, 0x1106, 0x1106, 0x1105, 0x1106, 0x1126, 0x1126, 0x1126, 0x1126, 0x1126, 0x1126,
0x1126, 0x1126, 0x1126, 0x1126, 0x1126, 0x1126, 0x1126, 0x1126, 0x1126, 0x1126, 0x1127, 0x1127, 0x1126, 0x1126, 0x10c4, 0x0041,
0x10e4, 0x0862, 0x0862, 0x08a4, 0x0883, 0x0021, 0x0842, 0x08e5, 0x08c4, 0x0883, 0x10e4, 0x10c4, 0x10c4, 0x1082, 0x1082, 0x1082,
0x10a3, 0x1083, 0x1083, 0x10a3, 0x1105, 0x1126, 0x10c4, 0x10e4, 
/* -170- */
0x0020, 0x0020, 0x0020, 0x0020, 0x0020, 0x0021, 0x0021, 0x0041, 0x0042, 0x0062, 0x0083, 0x0883, 0x0883, 0x0041, 0x0020, 0x0000,
0x0000, 0x0021, 0x0041, 0x0062, 0x0062, 0x0062, 0x0062, 0x0062, 0x0062, 0x0062, 0x0062, 0x0062, 0x0062, 0x0062, 0x0063, 0x0883,
0x0883, 0x08a3, 0x08a3, 0x08a3, 0x08a3, 0x08a3, 0x08a3, 0x0883, 0x08a4, 0x08a4, 0x08a4, 0x08a3, 0x08a4, 0x08a3, 0x08a3, 0x08a3,
0x0883, 0x0883, 0x0883, 0x0883, 0x0883, 0x0883, 0x08a3, 0x10a4, 0x08a4, 0x0062, 0x0062, 0x0062, 0x0062, 0x0062, 0x0062, 0x0042,
0x0042, 0x0062, 0x0042, 0x0021, 0x0000, 0x0041, 0x0062, 0x0041, 0x0000, 0x0000, 0x0021, 0x0041, 0x0021, 0x0041, 0x0021, 0x0020,
0x0021, 0x0000, 0x0020, 0x0020, 0x0041, 0x0021, 0x0021, 0x0021, 0x0020, 0x0841, 0x0020, 0x0021, 0x0041, 0x0042, 0x0021, 0x0042,
0x0021, 0x0021, 0x0021, 0x0000, 0x0841, 0x0021, 0x0821, 0x0020, 0x0041, 0x0000, 0x0041, 0x0001, 0x0000, 0x0000, 0x0821, 0x1041,
0x0883, 0x0883, 0x0862, 0x1082, 0x20e4, 0x2945, 0x2924, 0x2104, 0x2105, 0x1905, 0x18e4, 0x0041, 0x0083, 0x00a4, 0x00a4, 0x00a4,
0x00a4, 0x00a4, 0x0083, 0x00a4, 0x00a4, 0x00e5, 0x0906, 0x00e5, 0x00c5, 0x00e5, 0x08e5, 0x08c5, 0x08e5, 0x08e5, 0x1106, 0x1105,
0x1105, 0x10e5, 0x08e5, 0x08e4, 0x1105, 0x1106, 0x1106, 0x1106, 0x0926, 0x1126, 0x1126, 0x0905, 0x1106, 0x0906, 0x08e5, 0x0906,
0x1126, 0x1106, 0x1106, 0x1106, 0x0905, 0x0905, 0x1106, 0x1106, 0x1126, 0x0906, 0x0906, 0x0906, 0x1106, 0x08e5, 0x08c4, 0x1105,
0x1105, 0x1105, 0x10e5, 0x10e4, 0x10c3, 0x10a3, 0x1082, 0x1082, 0x1082, 0x1082, 0x10a2, 0x18a2, 0x10a2, 0x0841, 0x1082, 0x10c3,
0x10c4, 0x10a3, 0x10a3, 0x10a3, 0x0882, 0x0862, 0x1082, 0x1082, 0x10a2, 0x10a2, 0x10a2, 0x10a3, 0x10a2, 0x10a3, 0x10e4, 0x10e5,
0x1126, 0x1126, 0x1126, 0x1106, 0x1126, 0x10c3, 0x18a3, 0x10a3, 0x10e4, 0x1126, 0x1105, 0x10e5, 0x1105, 0x10e5, 0x1126, 0x1126,
0x1126, 0x1105, 0x1105, 0x1126, 0x1126, 0x1126, 0x1126, 0x1126, 0x1126, 0x1126, 0x1126, 0x1126, 0x1126, 0x1126, 0x1126, 0x1126,
0x1126, 0x1126, 0x1126, 0x1126, 0x1126, 0x1126, 0x1126, 0x1126, 0x1126, 0x1126, 0x1126, 0x1126, 0x1126, 0x1126, 0x10c4, 0x0021,
0x10c4, 0x0862, 0x0862, 0x08a4, 0x0883, 0x0021, 0x0842, 0x08c5, 0x08c4, 0x0883, 0x10a3, 0x10c4, 0x10e4, 0x10a3, 0x1082, 0x10a2,
0x1083, 0x1082, 0x1082, 0x1082, 0x10e4, 0x1126, 0x10a3, 0x18a3, 
/* -171- */
0x0000, 0x0000, 0x0000, 0x0000, 0x0000, 0x0000, 0x0001, 0x0021, 0x0042, 0x0883, 0x0883, 0x0062, 0x0021, 0x0000, 0x0000, 0x0021,
0x0041, 0x0021, 0x0021, 0x0021, 0x0021, 0x0021, 0x0042, 0x0062, 0x0062, 0x0062, 0x0021, 0x0021, 0x0041, 0x0062, 0x0062, 0x0062,
0x0083, 0x0083, 0x08a3, 0x08a3, 0x0883, 0x0883, 0x0883, 0x0863, 0x0883, 0x08a3, 0x08c4, 0x08a3, 0x08a3, 0x08a3, 0x0883, 0x0883,
0x0883, 0x0883, 0x0883, 0x0883, 0x0062, 0x0863, 0x0863, 0x0863, 0x0863, 0x0062, 0x0082, 0x0083, 0x0062, 0x0062, 0x0063, 0x0063,
0x0062, 0x0062, 0x0062, 0x0042, 0x0000, 0x0020, 0x0041, 0x0021, 0x0000, 0x0000, 0x0020, 0x0041, 0x0021, 0x0021, 0x0021, 0x0021,
0x0041, 0x0000, 0x0020, 0x0021, 0x0062, 0x0021, 0x0021, 0x0021, 0x0000, 0x0841, 0x0000, 0x0041, 0x0041, 0x0042, 0x0021, 0x0042,
0x0021, 0x0041, 0x0041, 0x0000, 0x0862, 0x0021, 0x0841, 0x0021, 0x0862, 0x0000, 0x0862, 0x0021, 0x0020, 0x0000, 0x0000, 0x0021,
0x0862, 0x0882, 0x0862, 0x0862, 0x10a3, 0x1082, 0x20c3, 0x3166, 0x29a8, 0x2987, 0x2104, 0x1882, 0x1882, 0x0841, 0x0062, 0x0083,
0x0083, 0x00a4, 0x0083, 0x00a4, 0x00a4, 0x00c5, 0x08e5, 0x00e5, 0x00e5, 0x00e5, 0x08e5, 0x00c5, 0x08e5, 0x08e5, 0x1106, 0x1106,
0x08e5, 0x1105, 0x08e5, 0x08e5, 0x1105, 0x1126, 0x1126, 0x0906, 0x0926, 0x1126, 0x1126, 0x0905, 0x0906, 0x0905, 0x08e5, 0x1126,
0x0906, 0x1126, 0x1106, 0x1106, 0x0906, 0x1106, 0x1126, 0x1126, 0x1106, 0x0906, 0x0906, 0x0906, 0x1106, 0x08e5, 0x08c4, 0x1105,
0x1105, 0x1105, 0x1105, 0x10e5, 0x10c4, 0x10a3, 0x1082, 0x0862, 0x1082, 0x1082, 0x10a2, 0x18a2, 0x1882, 0x0841, 0x10a3, 0x10c4,
0x10c3, 0x10c3, 0x18e4, 0x10a3, 0x10c4, 0x10c3, 0x10a3, 0x10a3, 0x10a3, 0x1082, 0x10c3, 0x10c4, 0x10a3, 0x10c4, 0x10c4, 0x10e5,
0x1126, 0x1126, 0x1105, 0x08e5, 0x1126, 0x10e4, 0x10c3, 0x10e5, 0x1126, 0x1126, 0x1105, 0x10e4, 0x10e4, 0x10e4, 0x1126, 0x1126,
0x1126, 0x1105, 0x1105, 0x1126, 0x1126, 0x1106, 0x1106, 0x1126, 0x1126, 0x1126, 0x1126, 0x1106, 0x1126, 0x1126, 0x1126, 0x1126,
0x1126, 0x1126, 0x1126, 0x1126, 0x1106, 0x1126, 0x1106, 0x1126, 0x1126, 0x1126, 0x1126, 0x1126, 0x1126, 0x1126, 0x08c4, 0x0021,
0x10c4, 0x10a3, 0x10a4, 0x08a4, 0x0883, 0x0021, 0x0842, 0x10c5, 0x08c5, 0x0883, 0x1082, 0x10a3, 0x1905, 0x10c4, 0x10a3, 0x10a3,
0x18a3, 0x1082, 0x1082, 0x1082, 0x10e4, 0x1126, 0x10a3, 0x1082, 
/* -172- */
0x0042, 0x0041, 0x0041, 0x0042, 0x0042, 0x0042, 0x0062, 0x0883, 0x08a3, 0x0883, 0x0021, 0x0000, 0x0000, 0x0041, 0x0042, 0x0062,
0x0042, 0x0042, 0x0062, 0x0042, 0x0042, 0x0001, 0x0001, 0x0021, 0x0021, 0x0062, 0x0062, 0x0062, 0x0063, 0x0883, 0x0883, 0x0883,
0x0883, 0x0883, 0x0883, 0x08a3, 0x08a3, 0x0883, 0x0062, 0x0862, 0x0862, 0x0082, 0x0083, 0x08a3, 0x08a3, 0x08c4, 0x08a3, 0x08a3,
0x08a3, 0x08a3, 0x08a4, 0x08a4, 0x08a4, 0x08a4, 0x08a4, 0x08a4, 0x0883, 0x0042, 0x0042, 0x0062, 0x0042, 0x0042, 0x0062, 0x0062,
0x0062, 0x0062, 0x0062, 0x0042, 0x0021, 0x0000, 0x0021, 0x0062, 0x0041, 0x0021, 0x0020, 0x0021, 0x0020, 0x0021, 0x0021, 0x0021,
0x0041, 0x0021, 0x0000, 0x0000, 0x0862, 0x0041, 0x0821, 0x0021, 0x0000, 0x0841, 0x0020, 0x0041, 0x0041, 0x0863, 0x0021, 0x0842,
0x0021, 0x0041, 0x0041, 0x0000, 0x0862, 0x0841, 0x0841, 0x0041, 0x0883, 0x0000, 0x0883, 0x0041, 0x0021, 0x0000, 0x0021, 0x0841,
0x0000, 0x0000, 0x0841, 0x0862, 0x1083, 0x1083, 0x1083, 0x0883, 0x10c4, 0x2104, 0x20e3, 0x3986, 0x3145, 0x28e4, 0x18a3, 0x0021,
0x0020, 0x0062, 0x00a3, 0x00c4, 0x0084, 0x00c5, 0x08e5, 0x08e6, 0x00e5, 0x00e5, 0x0906, 0x08e5, 0x08e5, 0x1106, 0x1106, 0x1106,
0x08e5, 0x1126, 0x1106, 0x0905, 0x0905, 0x1126, 0x0926, 0x0906, 0x0906, 0x0926, 0x0926, 0x0905, 0x0905, 0x1105, 0x08c4, 0x0905,
0x08e5, 0x1126, 0x0906, 0x1106, 0x1106, 0x1106, 0x1106, 0x0906, 0x0906, 0x0926, 0x0906, 0x0905, 0x0906, 0x08e5, 0x08c4, 0x1105,
0x08a4, 0x10e4, 0x08a3, 0x08a4, 0x10c4, 0x10a3, 0x10a3, 0x0862, 0x1082, 0x1083, 0x10a2, 0x18a2, 0x1882, 0x1062, 0x18a3, 0x18c3,
0x10a3, 0x18c4, 0x1083, 0x0862, 0x10a3, 0x10a3, 0x10a3, 0x10c4, 0x10c4, 0x10e5, 0x1125, 0x1105, 0x10e4, 0x10e5, 0x10e4, 0x10e5,
0x1126, 0x1126, 0x1105, 0x1126, 0x1126, 0x1125, 0x1105, 0x1126, 0x1127, 0x1126, 0x1126, 0x10e5, 0x10e5, 0x10e5, 0x1126, 0x1126,
0x1126, 0x1105, 0x1105, 0x1126, 0x1126, 0x1126, 0x1106, 0x1126, 0x1126, 0x1126, 0x1126, 0x1126, 0x1126, 0x1126, 0x1126, 0x1126,
0x1126, 0x1126, 0x1126, 0x1126, 0x1126, 0x1106, 0x1106, 0x1126, 0x1126, 0x1126, 0x1126, 0x1126, 0x1126, 0x1126, 0x08c4, 0x0021,
0x10e4, 0x10e4, 0x10e4, 0x0883, 0x0883, 0x0021, 0x0862, 0x08e5, 0x08e5, 0x08a4, 0x1083, 0x1083, 0x1905, 0x10a3, 0x10a3, 0x10a2,
0x1882, 0x1082, 0x1082, 0x1082, 0x10e5, 0x1126, 0x10a3, 0x1082, 
/* -173- */
0x0042, 0x0042, 0x0042, 0x0042, 0x0063, 0x08a4, 0x08c4, 0x08a4, 0x0863, 0x0021, 0x0000, 0x0000, 0x0000, 0x0000, 0x0000, 0x0021,
0x0021, 0x0021, 0x0021, 0x0021, 0x0001, 0x0862, 0x0883, 0x0883, 0x08a3, 0x08a3, 0x08a3, 0x0883, 0x0883, 0x08a3, 0x08a3, 0x08a3,
0x08a4, 0x08a4, 0x08a4, 0x08a4, 0x08a3, 0x0883, 0x0883, 0x0883, 0x0882, 0x0883, 0x08a3, 0x08a4, 0x08c4, 0x08c4, 0x08c4, 0x08a4,
0x08c4, 0x08a4, 0x08c4, 0x08c4, 0x08c4, 0x08c4, 0x10c4, 0x10c4, 0x08a3, 0x0062, 0x0062, 0x0883, 0x0883, 0x0883, 0x0883, 0x0883,
0x0883, 0x0883, 0x0883, 0x0062, 0x0041, 0x0000, 0x0000, 0x0041, 0x0062, 0x0021, 0x0000, 0x0020, 0x0000, 0x0021, 0x0021, 0x0021,
0x0041, 0x0021, 0x0021, 0x0000, 0x0842, 0x0842, 0x0021, 0x0021, 0x0020, 0x0841, 0x0021, 0x0041, 0x0041, 0x0883, 0x0021, 0x0842,
0x0021, 0x0041, 0x0021, 0x0000, 0x1083, 0x0841, 0x0862, 0x0041, 0x0882, 0x0000, 0x08a3, 0x0042, 0x0020, 0x0000, 0x0021, 0x0842,
0x0000, 0x0020, 0x0000, 0x0021, 0x0862, 0x0862, 0x0883, 0x0883, 0x08a3, 0x10a3, 0x10a3, 0x29a7, 0x31c8, 0x31c7, 0x3186, 0x2145,
0x2146, 0x0862, 0x0841, 0x0862, 0x0083, 0x08a4, 0x08e5, 0x0906, 0x00e6, 0x0906, 0x0906, 0x08e5, 0x08e5, 0x1106, 0x1106, 0x1126,
0x0906, 0x1126, 0x0906, 0x08e5, 0x08e5, 0x0906, 0x08e5, 0x0905, 0x0906, 0x0926, 0x1126, 0x08e5, 0x08e5, 0x08c4, 0x08e4, 0x08e5,
0x0926, 0x1126, 0x0906, 0x1106, 0x1106, 0x1106, 0x1126, 0x0906, 0x0906, 0x0906, 0x0906, 0x0905, 0x08e5, 0x08e5, 0x08c4, 0x10e5,
0x08a3, 0x08a4, 0x08c4, 0x10c4, 0x10a3, 0x1083, 0x10a3, 0x0882, 0x0883, 0x10a3, 0x10a3, 0x10a3, 0x1083, 0x1082, 0x18c3, 0x10a3,
0x10a3, 0x10a3, 0x1082, 0x0861, 0x1082, 0x10a2, 0x10a2, 0x10c4, 0x10c4, 0x1105, 0x1126, 0x1105, 0x1105, 0x1105, 0x10e4, 0x10e4,
0x10e4, 0x08c4, 0x08a3, 0x08a4, 0x1126, 0x1126, 0x1126, 0x1126, 0x1127, 0x1127, 0x1126, 0x1105, 0x1126, 0x1126, 0x1126, 0x1126,
0x1126, 0x1105, 0x1105, 0x1126, 0x1126, 0x1126, 0x1105, 0x1126, 0x1126, 0x1126, 0x1126, 0x1126, 0x1126, 0x1126, 0x1126, 0x1126,
0x1126, 0x1126, 0x1126, 0x1126, 0x1126, 0x1105, 0x1106, 0x1126, 0x1126, 0x1126, 0x1106, 0x1126, 0x1126, 0x1126, 0x08c4, 0x0021,
0x1905, 0x1105, 0x10c4, 0x0883, 0x0883, 0x0021, 0x0862, 0x08e5, 0x08e5, 0x08c4, 0x08a3, 0x10e5, 0x1126, 0x10a3, 0x18a3, 0x18a2,
0x1882, 0x1082, 0x1082, 0x1083, 0x10c4, 0x1105, 0x10a3, 0x1082, 
/* -174- */
0x0042, 0x0042, 0x0042, 0x0063, 0x08a4, 0x08c4, 0x08a4, 0x0862, 0x0000, 0x0000, 0x0000, 0x0000, 0x0000, 0x0021, 0x0021, 0x0041,
0x0041, 0x0021, 0x0020, 0x0000, 0x0041, 0x0042, 0x0062, 0x0062, 0x0883, 0x0083, 0x0883, 0x0083, 0x0083, 0x0883, 0x08a3, 0x08a4,
0x08c4, 0x08a4, 0x08a4, 0x08a4, 0x08a4, 0x08c4, 0x08c4, 0x08c4, 0x08a4, 0x08a4, 0x08a4, 0x08a4, 0x08c4, 0x08c4, 0x08c4, 0x08c4,
0x08a4, 0x08a3, 0x08a3, 0x08a3, 0x08a3, 0x08a4, 0x08a4, 0x08c4, 0x08a4, 0x0062, 0x0042, 0x0062, 0x0062, 0x0021, 0x0021, 0x0021,
0x0041, 0x0041, 0x0041, 0x0041, 0x0021, 0x0000, 0x0000, 0x0000, 0x0862, 0x0862, 0x0020, 0x0000, 0x0020, 0x0021, 0x0021, 0x0021,
0x0041, 0x0041, 0x0041, 0x0021, 0x0021, 0x0862, 0x0021, 0x0021, 0x0021, 0x0841, 0x0020, 0x0041, 0x0041, 0x0862, 0x0021, 0x0862,
0x0021, 0x0041, 0x0021, 0x0000, 0x1082, 0x0841, 0x0861, 0x0041, 0x0882, 0x0000, 0x08a3, 0x0042, 0x0821, 0x0020, 0x0021, 0x0841,
0x0000, 0x0041, 0x0021, 0x0841, 0x0020, 0x0000, 0x0041, 0x0883, 0x08a4, 0x08a3, 0x08a3, 0x08c4, 0x10c4, 0x18c3, 0x18a3, 0x2104,
0x39c8, 0x2966, 0x2945, 0x18a3, 0x0841, 0x0841, 0x0883, 0x08c4, 0x08e5, 0x00e5, 0x08e6, 0x08e5, 0x08e5, 0x0906, 0x0906, 0x0906,
0x0906, 0x0906, 0x0906, 0x08e5, 0x08c4, 0x08e5, 0x08c4, 0x08c4, 0x0906, 0x1126, 0x1126, 0x0906, 0x08e5, 0x08e5, 0x08e5, 0x0906,
0x1126, 0x1126, 0x0906, 0x1126, 0x1126, 0x1126, 0x1106, 0x0906, 0x0906, 0x0906, 0x0906, 0x0906, 0x08e5, 0x08e5, 0x08c4, 0x10e5,
0x10e4, 0x10c4, 0x1105, 0x10e4, 0x0883, 0x10a3, 0x10e4, 0x1105, 0x1105, 0x08a3, 0x0862, 0x0882, 0x1083, 0x1082, 0x18c3, 0x10a3,
0x10a3, 0x10a3, 0x1062, 0x0841, 0x1082, 0x1082, 0x10a2, 0x10c4, 0x10e4, 0x1105, 0x1126, 0x1126, 0x1106, 0x1126, 0x10e4, 0x10e4,
0x10e5, 0x1106, 0x1106, 0x1105, 0x1126, 0x1146, 0x1126, 0x1126, 0x1126, 0x1126, 0x1126, 0x1106, 0x1126, 0x1126, 0x1126, 0x1126,
0x1126, 0x1105, 0x10e5, 0x1105, 0x1126, 0x1106, 0x1106, 0x1126, 0x1126, 0x1126, 0x1126, 0x1126, 0x1126, 0x1126, 0x1126, 0x1126,
0x1126, 0x1126, 0x1126, 0x1126, 0x1126, 0x1105, 0x1126, 0x1106, 0x1105, 0x1106, 0x1106, 0x1126, 0x1126, 0x1126, 0x08c4, 0x0021,
0x1105, 0x1105, 0x10c4, 0x0883, 0x0883, 0x0021, 0x0041, 0x08a3, 0x0083, 0x08c4, 0x08e5, 0x1105, 0x1126, 0x10e4, 0x10a3, 0x1082,
0x1082, 0x1082, 0x10a3, 0x10e5, 0x1106, 0x1106, 0x10a3, 0x1082, 
/* -175- */
0x0021, 0x0042, 0x0062, 0x0083, 0x0883, 0x0042, 0x0021, 0x0000, 0x0000, 0x0021, 0x0041, 0x0021, 0x0000, 0x0000, 0x0000, 0x0000,
0x0020, 0x0021, 0x0041, 0x0041, 0x0021, 0x0041, 0x0062, 0x0862, 0x0862, 0x0883, 0x0883, 0x0883, 0x0883, 0x0883, 0x0883, 0x08a3,
0x08a3, 0x08a4, 0x08a4, 0x08a4, 0x08c4, 0x08c4, 0x08c4, 0x08a3, 0x08a3, 0x0883, 0x08a3, 0x08a4, 0x08a4, 0x08a4, 0x08a3, 0x08a3,
0x08a3, 0x08a3, 0x08a3, 0x08a3, 0x08a4, 0x08c4, 0x08c4, 0x08c4, 0x08a3, 0x0062, 0x0062, 0x0062, 0x0063, 0x0062, 0x0062, 0x0062,
0x0062, 0x0062, 0x0062, 0x0062, 0x0041, 0x0021, 0x0000, 0x0000, 0x0021, 0x0042, 0x0021, 0x0000, 0x0000, 0x0021, 0x0000, 0x0020,
0x0021, 0x0021, 0x0042, 0x0862, 0x0042, 0x0063, 0x0021, 0x0021, 0x0021, 0x0841, 0x0020, 0x0841, 0x0041, 0x0862, 0x0021, 0x0862,
0x0021, 0x0021, 0x0041, 0x0000, 0x1082, 0x0020, 0x0841, 0x0041, 0x0882, 0x0000, 0x0883, 0x0041, 0x0021, 0x0020, 0x0021, 0x1082,
0x0000, 0x0042, 0x0021, 0x0841, 0x0000, 0x0000, 0x0020, 0x0021, 0x0862, 0x0883, 0x08c4, 0x08c4, 0x08a3, 0x0883, 0x10c3, 0x2104,
0x2104, 0x3165, 0x3145, 0x28e3, 0x20a2, 0x1882, 0x0841, 0x0862, 0x0883, 0x08a4, 0x00a4, 0x08c5, 0x08e5, 0x08e5, 0x08e5, 0x08e5,
0x0906, 0x0905, 0x0905, 0x08c4, 0x08c4, 0x08e5, 0x08c4, 0x08e4, 0x0906, 0x1126, 0x1126, 0x0926, 0x1106, 0x08e5, 0x08e4, 0x0906,
0x1126, 0x1126, 0x1106, 0x1106, 0x0906, 0x0906, 0x0906, 0x0906, 0x0906, 0x0906, 0x0906, 0x0905, 0x08e5, 0x08c4, 0x08c4, 0x10e5,
0x10e5, 0x08c4, 0x1105, 0x10e5, 0x08a3, 0x10c4, 0x10e5, 0x1105, 0x1105, 0x10c4, 0x1082, 0x10a3, 0x10a3, 0x10c3, 0x10c3, 0x10c4,
0x10c3, 0x0883, 0x0862, 0x0841, 0x0861, 0x1082, 0x1082, 0x10c4, 0x10c4, 0x10c4, 0x1106, 0x1126, 0x1126, 0x1126, 0x10e5, 0x10e5,
0x1105, 0x1126, 0x1126, 0x1106, 0x1126, 0x1126, 0x1126, 0x1126, 0x1146, 0x1146, 0x1126, 0x1126, 0x1126, 0x1126, 0x1126, 0x1126,
0x1126, 0x1125, 0x10e5, 0x1105, 0x1106, 0x1126, 0x1126, 0x1126, 0x1126, 0x1126, 0x1126, 0x1126, 0x1126, 0x1126, 0x1126, 0x1126,
0x1126, 0x1126, 0x1126, 0x1126, 0x1126, 0x1105, 0x1106, 0x1105, 0x1126, 0x1106, 0x1106, 0x1126, 0x1126, 0x1126, 0x08a4, 0x0021,
0x1905, 0x1105, 0x10e5, 0x08a3, 0x08a3, 0x0021, 0x0041, 0x0883, 0x0083, 0x0883, 0x08c4, 0x10e5, 0x1126, 0x1126, 0x10c4, 0x10a2,
0x1082, 0x1082, 0x10a2, 0x10e5, 0x1126, 0x1126, 0x10c4, 0x10e5, 
/* -176- */
0x08a3, 0x08a4, 0x08a3, 0x0062, 0x0021, 0x0000, 0x0000, 0x0000, 0x0000, 0x0020, 0x0021, 0x0000, 0x0020, 0x0000, 0x0000, 0x0000,
0x0000, 0x0000, 0x0041, 0x0042, 0x0062, 0x0062, 0x0062, 0x0062, 0x0062, 0x0062, 0x0062, 0x0083, 0x0883, 0x0883, 0x0083, 0x0083,
0x0083, 0x0883, 0x0883, 0x0883, 0x0883, 0x0883, 0x0883, 0x0083, 0x0063, 0x0083, 0x0883, 0x08a3, 0x08a3, 0x08a3, 0x08a3, 0x08a3,
0x08a3, 0x08a3, 0x08a3, 0x08a3, 0x08a3, 0x08a4, 0x08a3, 0x08a3, 0x0883, 0x0042, 0x0042, 0x0042, 0x0062, 0x0062, 0x0042, 0x0042,
0x0042, 0x0062, 0x0042, 0x0021, 0x0021, 0x0021, 0x0000, 0x0000, 0x0000, 0x0021, 0x0021, 0x0020, 0x0000, 0x0020, 0x0000, 0x0020,
0x0021, 0x0021, 0x0062, 0x0062, 0x0042, 0x0883, 0x0042, 0x0021, 0x0021, 0x0021, 0x0020, 0x0841, 0x0041, 0x0042, 0x0000, 0x0862,
0x0020, 0x0021, 0x0041, 0x0000, 0x1082, 0x0021, 0x0862, 0x0861, 0x10a3, 0x0000, 0x0862, 0x0021, 0x0862, 0x0862, 0x0041, 0x10a3,
0x0020, 0x0062, 0x0021, 0x0841, 0x0820, 0x0000, 0x0841, 0x0021, 0x0000, 0x0021, 0x0862, 0x0862, 0x08a3, 0x08a3, 0x08a3, 0x10a3,
0x18c3, 0x20c3, 0x20a2, 0x28c3, 0x28a2, 0x28e3, 0x2945, 0x2945, 0x2125, 0x0862, 0x0021, 0x0862, 0x08c4, 0x08e5, 0x08e5, 0x08e5,
0x0905, 0x0905, 0x08e5, 0x08c4, 0x08c4, 0x08e5, 0x08e5, 0x08e5, 0x0906, 0x1126, 0x1126, 0x0906, 0x1106, 0x08c4, 0x08c4, 0x0905,
0x0906, 0x1126, 0x1106, 0x0906, 0x0906, 0x0906, 0x0906, 0x0906, 0x0906, 0x0906, 0x1106, 0x08e5, 0x08c4, 0x08c4, 0x08c4, 0x10e5,
0x10e4, 0x08e4, 0x1105, 0x1105, 0x10e4, 0x08e4, 0x10e5, 0x1105, 0x10e5, 0x10e4, 0x10c4, 0x10a3, 0x10a3, 0x18a3, 0x18c3, 0x10e4,
0x10a3, 0x10a3, 0x1083, 0x0882, 0x0862, 0x0862, 0x0861, 0x0882, 0x0883, 0x10c4, 0x1105, 0x1126, 0x1126, 0x1126, 0x1105, 0x1106,
0x1106, 0x1126, 0x1126, 0x1126, 0x1126, 0x1126, 0x1126, 0x1147, 0x1147, 0x1126, 0x1146, 0x1126, 0x1126, 0x1126, 0x1146, 0x1146,
0x1147, 0x1126, 0x1105, 0x1105, 0x1126, 0x1126, 0x1126, 0x1126, 0x1126, 0x1126, 0x1126, 0x1126, 0x1126, 0x1126, 0x1106, 0x1126,
0x1126, 0x1126, 0x1126, 0x1106, 0x1126, 0x1126, 0x1126, 0x1126, 0x1126, 0x1106, 0x1126, 0x1126, 0x1126, 0x1126, 0x08a4, 0x0021,
0x1905, 0x1906, 0x10e5, 0x08a4, 0x08a3, 0x0041, 0x0841, 0x08a4, 0x08a4, 0x08c4, 0x08e5, 0x1105, 0x1106, 0x1126, 0x10e5, 0x1083,
0x1082, 0x1082, 0x10a3, 0x1105, 0x1127, 0x1126, 0x1126, 0x1126, 
/* -177- */
0x08c4, 0x08a3, 0x0041, 0x0000, 0x0000, 0x0000, 0x0000, 0x0000, 0x0000, 0x0000, 0x0000, 0x0000, 0x0000, 0x0000, 0x0000, 0x0000,
0x0000, 0x0000, 0x0021, 0x0041, 0x0062, 0x0062, 0x0062, 0x0062, 0x0062, 0x0062, 0x0062, 0x0082, 0x0082, 0x0062, 0x0062, 0x0062,
0x0062, 0x0082, 0x0062, 0x0063, 0x0062, 0x0062, 0x0062, 0x0062, 0x0062, 0x0062, 0x0883, 0x08a3, 0x08a4, 0x08a3, 0x08a3, 0x08a3,
0x08a3, 0x08a3, 0x08a3, 0x0883, 0x0883, 0x0883, 0x0883, 0x0883, 0x0863, 0x0062, 0x0062, 0x0062, 0x0062, 0x0062, 0x0062, 0x0063,
0x0063, 0x0062, 0x0062, 0x0062, 0x0062, 0x0041, 0x0021, 0x0021, 0x0000, 0x0021, 0x0042, 0x0062, 0x0021, 0x0000, 0x0000, 0x0021,
0x0021, 0x0021, 0x0041, 0x0042, 0x0042, 0x0083, 0x0062, 0x0021, 0x0000, 0x0000, 0x0020, 0x0841, 0x0841, 0x0041, 0x0000, 0x0041,
0x0020, 0x0021, 0x0862, 0x0000, 0x1083, 0x0841, 0x1062, 0x0862, 0x10c4, 0x0000, 0x0841, 0x0021, 0x1082, 0x0882, 0x0042, 0x18c3,
0x0000, 0x0062, 0x0021, 0x1061, 0x0820, 0x0020, 0x0842, 0x0001, 0x0000, 0x0021, 0x0020, 0x0000, 0x0842, 0x0883, 0x08a3, 0x10a3,
0x10a3, 0x0841, 0x0820, 0x1041, 0x20c3, 0x3186, 0x39c7, 0x3186, 0x31a6, 0x3186, 0x2966, 0x18c3, 0x0841, 0x0842, 0x0883, 0x08c4,
0x08e5, 0x08e5, 0x08e4, 0x08c4, 0x08e4, 0x08e5, 0x08e5, 0x08e5, 0x1106, 0x1126, 0x1126, 0x1126, 0x0906, 0x08e5, 0x08c4, 0x08e5,
0x08e5, 0x1106, 0x0906, 0x0906, 0x0906, 0x0906, 0x0906, 0x0906, 0x0906, 0x0906, 0x0905, 0x08c4, 0x08c4, 0x08c4, 0x08c4, 0x10e5,
0x08c4, 0x08e4, 0x1105, 0x1105, 0x10e5, 0x08e4, 0x10e5, 0x10e5, 0x10e5, 0x10e5, 0x10e5, 0x10c3, 0x10a2, 0x1082, 0x10a3, 0x10c4,
0x1082, 0x1082, 0x1083, 0x10c3, 0x10c4, 0x1083, 0x1082, 0x10e4, 0x10e5, 0x08c4, 0x0862, 0x08c4, 0x10e5, 0x1105, 0x1106, 0x1106,
0x1106, 0x1126, 0x1127, 0x1126, 0x1126, 0x1126, 0x1126, 0x1147, 0x1127, 0x1127, 0x1126, 0x1146, 0x1146, 0x1146, 0x1127, 0x1126,
0x1126, 0x1126, 0x1105, 0x1105, 0x1126, 0x1126, 0x1126, 0x1106, 0x1126, 0x1126, 0x1126, 0x1126, 0x1126, 0x1106, 0x1106, 0x1106,
0x1126, 0x1126, 0x1126, 0x1126, 0x1126, 0x1126, 0x1126, 0x1126, 0x1126, 0x1106, 0x1126, 0x1126, 0x1126, 0x1106, 0x08a4, 0x0021,
0x1905, 0x1106, 0x10e5, 0x08a4, 0x08a3, 0x0041, 0x0041, 0x08a4, 0x08c4, 0x08c4, 0x08e4, 0x1105, 0x1126, 0x1126, 0x10e5, 0x1082,
0x1083, 0x10a3, 0x1105, 0x1126, 0x1127, 0x1127, 0x1127, 0x1126, 
/* -178- */
0x0883, 0x0021, 0x0000, 0x0000, 0x0000, 0x0000, 0x0000, 0x0000, 0x0000, 0x0000, 0x0000, 0x0000, 0x0000, 0x0000, 0x0000, 0x0000,
0x0000, 0x0000, 0x0041, 0x0041, 0x0041, 0x0021, 0x0021, 0x0021, 0x0062, 0x0062, 0x0062, 0x0062, 0x0062, 0x0083, 0x0062, 0x0042,
0x0062, 0x0062, 0x0062, 0x0062, 0x0062, 0x0062, 0x0062, 0x0062, 0x0062, 0x0062, 0x0062, 0x0863, 0x0863, 0x0883, 0x0083, 0x0062,
0x0062, 0x0862, 0x0862, 0x0062, 0x0062, 0x0062, 0x0883, 0x0863, 0x0062, 0x0882, 0x0883, 0x0083, 0x0083, 0x0083, 0x0883, 0x0083,
0x0083, 0x0062, 0x0062, 0x0862, 0x0062, 0x0062, 0x0021, 0x0020, 0x0000, 0x0020, 0x0062, 0x0083, 0x0062, 0x0000, 0x0000, 0x0021,
0x0041, 0x0020, 0x0021, 0x0062, 0x0041, 0x0063, 0x0042, 0x0021, 0x0020, 0x0000, 0x0020, 0x0862, 0x0021, 0x0841, 0x0000, 0x0021,
0x0020, 0x0021, 0x0862, 0x0000, 0x18c3, 0x0862, 0x1082, 0x0882, 0x1905, 0x0000, 0x0841, 0x0021, 0x1082, 0x0883, 0x0042, 0x10a3,
0x0020, 0x0042, 0x0021, 0x1061, 0x1881, 0x1061, 0x0841, 0x0021, 0x0000, 0x0041, 0x0021, 0x0000, 0x0000, 0x0021, 0x0882, 0x1062,
0x0861, 0x0841, 0x0842, 0x0862, 0x0862, 0x18c3, 0x20c3, 0x20c3, 0x3165, 0x3166, 0x31c7, 0x31c7, 0x2965, 0x1041, 0x0021, 0x0041,
0x0883, 0x08c4, 0x08c4, 0x08c4, 0x08c4, 0x08e5, 0x0905, 0x08c4, 0x0905, 0x0905, 0x0906, 0x1126, 0x1126, 0x08e5, 0x08c4, 0x08c4,
0x08e5, 0x0906, 0x0906, 0x0906, 0x0906, 0x0906, 0x0906, 0x0906, 0x0906, 0x0906, 0x1105, 0x08c4, 0x08a4, 0x08a4, 0x08c4, 0x1105,
0x08c4, 0x10e5, 0x10e5, 0x1105, 0x1105, 0x10e4, 0x08a3, 0x0862, 0x0862, 0x08e4, 0x1105, 0x10c3, 0x1082, 0x1082, 0x1083, 0x10e4,
0x10a3, 0x1082, 0x1062, 0x10a2, 0x18c3, 0x18e4, 0x10e4, 0x1105, 0x1105, 0x10e5, 0x08a3, 0x0883, 0x0883, 0x0883, 0x08c4, 0x1126,
0x1126, 0x1126, 0x1147, 0x1146, 0x1127, 0x1126, 0x1147, 0x1147, 0x1127, 0x1147, 0x1126, 0x1126, 0x1127, 0x1147, 0x1127, 0x1126,
0x1126, 0x1126, 0x1106, 0x1126, 0x1105, 0x1126, 0x1126, 0x1106, 0x1126, 0x1126, 0x1126, 0x1126, 0x1126, 0x1106, 0x1126, 0x1106,
0x1126, 0x1126, 0x1126, 0x1126, 0x1126, 0x1126, 0x1126, 0x1126, 0x1126, 0x1126, 0x1126, 0x1106, 0x1126, 0x1106, 0x08a4, 0x0021,
0x1925, 0x1926, 0x1105, 0x08a4, 0x08a3, 0x0041, 0x0041, 0x08c4, 0x08c5, 0x08c4, 0x08c4, 0x10e5, 0x1126, 0x1126, 0x1105, 0x10a3,
0x10a3, 0x1926, 0x1126, 0x1126, 0x1126, 0x1127, 0x1127, 0x1127, 
/* -179- */
0x0000, 0x0000, 0x0000, 0x0000, 0x0000, 0x0021, 0x0021, 0x0041, 0x0021, 0x0000, 0x0000, 0x0021, 0x0041, 0x0021, 0x0041, 0x0041,
0x0041, 0x0041, 0x0041, 0x0042, 0x0041, 0x0021, 0x0021, 0x0062, 0x0082, 0x0083, 0x0082, 0x0062, 0x0062, 0x0062, 0x0062, 0x0062,
0x0062, 0x0062, 0x0883, 0x0883, 0x0883, 0x0883, 0x0883, 0x0883, 0x0883, 0x0083, 0x0883, 0x0883, 0x0883, 0x0883, 0x0083, 0x0062,
0x0862, 0x0862, 0x0862, 0x0862, 0x0062, 0x0062, 0x0883, 0x0062, 0x0862, 0x0062, 0x0062, 0x0062, 0x0062, 0x0862, 0x0021, 0x0021,
0x0021, 0x0041, 0x0021, 0x0001, 0x0000, 0x0000, 0x0000, 0x0000, 0x0000, 0x0000, 0x0042, 0x0083, 0x0062, 0x0020, 0x0000, 0x0021,
0x0021, 0x0000, 0x0021, 0x0862, 0x0042, 0x0083, 0x0041, 0x0021, 0x0021, 0x0862, 0x0020, 0x0021, 0x0021, 0x0841, 0x0000, 0x0821,
0x0021, 0x0041, 0x0862, 0x0000, 0x10a3, 0x10a3, 0x10a3, 0x0862, 0x1904, 0x0000, 0x18c3, 0x0821, 0x1082, 0x0862, 0x0841, 0x1082,
0x0020, 0x0042, 0x0021, 0x1082, 0x2904, 0x18a2, 0x0841, 0x0821, 0x0841, 0x0041, 0x0021, 0x0021, 0x0041, 0x0062, 0x0021, 0x0000,
0x0020, 0x0841, 0x0883, 0x0883, 0x1083, 0x1083, 0x0862, 0x10c3, 0x18a2, 0x20e3, 0x31a6, 0x39a7, 0x3185, 0x3165, 0x2986, 0x18c3,
0x0861, 0x0841, 0x0862, 0x08c4, 0x08c4, 0x08e5, 0x0905, 0x08e5, 0x08e5, 0x0906, 0x0906, 0x1126, 0x1106, 0x08e5, 0x08c4, 0x08a4,
0x08e5, 0x0906, 0x0906, 0x0906, 0x0906, 0x0906, 0x0906, 0x0906, 0x0906, 0x0906, 0x0905, 0x08c4, 0x08c4, 0x08a3, 0x08c4, 0x10e5,
0x1105, 0x10e5, 0x10e5, 0x10e4, 0x10e5, 0x08e4, 0x08c4, 0x10c4, 0x10e5, 0x1105, 0x10e5, 0x10a3, 0x1082, 0x1082, 0x10c4, 0x1105,
0x10c3, 0x1082, 0x1082, 0x1082, 0x18a2, 0x18c4, 0x10c4, 0x10e4, 0x10c4, 0x1105, 0x1126, 0x1105, 0x10e5, 0x10e5, 0x1105, 0x1105,
0x1126, 0x1126, 0x1126, 0x1126, 0x1127, 0x1127, 0x1127, 0x1147, 0x1127, 0x1127, 0x1127, 0x1147, 0x1127, 0x1127, 0x1127, 0x1126,
0x1126, 0x1126, 0x1106, 0x1126, 0x10e5, 0x1105, 0x1106, 0x1126, 0x1126, 0x1126, 0x1126, 0x1126, 0x1126, 0x1126, 0x1106, 0x1105,
0x1126, 0x1126, 0x1126, 0x1126, 0x1126, 0x1126, 0x1126, 0x1126, 0x1126, 0x1126, 0x1126, 0x1126, 0x1126, 0x1106, 0x08a4, 0x0021,
0x1905, 0x1905, 0x10e5, 0x0883, 0x08a3, 0x0041, 0x0841, 0x08e4, 0x08e5, 0x08c5, 0x08c4, 0x1105, 0x1126, 0x1126, 0x1126, 0x1106,
0x1105, 0x1126, 0x1126, 0x1126, 0x1126, 0x1127, 0x1127, 0x1127, 
/* -180- */
0x0000, 0x0000, 0x0000, 0x0021, 0x0042, 0x0042, 0x0042, 0x0021, 0x0021, 0x0021, 0x0041, 0x0042, 0x0042, 0x0042, 0x0042, 0x0042,
0x0042, 0x0062, 0x0062, 0x0083, 0x0083, 0x0083, 0x0083, 0x0083, 0x0083, 0x0083, 0x0083, 0x0083, 0x0062, 0x0062, 0x0062, 0x0062,
0x0062, 0x0062, 0x0883, 0x0883, 0x0883, 0x0883, 0x0883, 0x0883, 0x0883, 0x0083, 0x0883, 0x0883, 0x08a3, 0x08a3, 0x08a3, 0x0883,
0x0883, 0x0883, 0x0883, 0x0883, 0x0863, 0x0062, 0x0062, 0x0063, 0x0042, 0x0041, 0x0042, 0x0021, 0x0021, 0x0021, 0x0021, 0x0042,
0x0062, 0x0062, 0x0062, 0x0021, 0x0000, 0x0000, 0x0000, 0x0000, 0x0000, 0x0000, 0x0021, 0x0062, 0x00a3, 0x00a3, 0x0041, 0x0000,
0x0020, 0x0000, 0x0021, 0x0842, 0x0062, 0x0883, 0x0041, 0x0020, 0x0020, 0x0021, 0x0020, 0x0021, 0x0020, 0x0021, 0x0000, 0x0020,
0x0041, 0x0841, 0x0862, 0x0000, 0x1082, 0x10a3, 0x10a3, 0x0841, 0x10c4, 0x0000, 0x1082, 0x0841, 0x0882, 0x0862, 0x0841, 0x1882,
0x0021, 0x0041, 0x0020, 0x10a2, 0x2924, 0x18c3, 0x0021, 0x0841, 0x0841, 0x0862, 0x0041, 0x1061, 0x0842, 0x0042, 0x0021, 0x0021,
0x0000, 0x0021, 0x0041, 0x0883, 0x1083, 0x1083, 0x08a3, 0x08a4, 0x1083, 0x1082, 0x18a2, 0x2103, 0x2944, 0x2985, 0x2965, 0x2945,
0x3186, 0x3186, 0x10a2, 0x10a2, 0x0862, 0x08a3, 0x08c4, 0x08e5, 0x08e5, 0x0905, 0x0906, 0x0906, 0x0905, 0x08c4, 0x08c4, 0x08a4,
0x08e5, 0x08e5, 0x0906, 0x0906, 0x0906, 0x0906, 0x0906, 0x0906, 0x0906, 0x0906, 0x0905, 0x08c4, 0x08a3, 0x08a3, 0x08a3, 0x10e4,
0x10e5, 0x10e5, 0x10e4, 0x10e4, 0x10e4, 0x10e5, 0x10e5, 0x10e5, 0x10e5, 0x08e5, 0x10e5, 0x10e5, 0x10c4, 0x10c4, 0x10e5, 0x1105,
0x10c3, 0x1082, 0x1082, 0x1082, 0x18a2, 0x18c4, 0x18c3, 0x10a3, 0x10e4, 0x1106, 0x1126, 0x1106, 0x1106, 0x1105, 0x1106, 0x1106,
0x1106, 0x1126, 0x1126, 0x1126, 0x1127, 0x1147, 0x1147, 0x1127, 0x1127, 0x1127, 0x1127, 0x1127, 0x1127, 0x1147, 0x1147, 0x1127,
0x1126, 0x1126, 0x1106, 0x1126, 0x1105, 0x1105, 0x1106, 0x1126, 0x1126, 0x1126, 0x1126, 0x1126, 0x1126, 0x1126, 0x1106, 0x1106,
0x1126, 0x1126, 0x1126, 0x1126, 0x1126, 0x1126, 0x1126, 0x1126, 0x1126, 0x1126, 0x1126, 0x1126, 0x1105, 0x1106, 0x08a4, 0x0021,
0x10e4, 0x10e5, 0x10e4, 0x08a3, 0x0883, 0x0041, 0x0841, 0x08e5, 0x08c4, 0x08c4, 0x08c4, 0x1105, 0x1126, 0x1126, 0x1127, 0x1147,
0x1126, 0x1126, 0x1127, 0x1127, 0x1147, 0x1127, 0x1127, 0x1127, 
/* -181- */
0x0000, 0x0000, 0x0000, 0x0021, 0x0042, 0x0041, 0x0021, 0x0000, 0x0000, 0x0020, 0x0021, 0x0062, 0x0062, 0x0062, 0x0042, 0x0042,
0x0042, 0x0042, 0x0042, 0x0083, 0x0083, 0x0083, 0x0083, 0x0883, 0x0883, 0x0083, 0x0083, 0x0883, 0x0083, 0x0083, 0x0883, 0x0883,
0x0883, 0x0883, 0x0883, 0x0883, 0x0883, 0x08a3, 0x0883, 0x0883, 0x0883, 0x0883, 0x0883, 0x08a3, 0x08a3, 0x08a3, 0x08a3, 0x0883,
0x0883, 0x0883, 0x0883, 0x0883, 0x0883, 0x0883, 0x0042, 0x0042, 0x0062, 0x0042, 0x0042, 0x0042, 0x0042, 0x0062, 0x0042, 0x0042,
0x0021, 0x0021, 0x0041, 0x0001, 0x0000, 0x0000, 0x0000, 0x0000, 0x0000, 0x0000, 0x0000, 0x0041, 0x0083, 0x0083, 0x0062, 0x0021,
0x0000, 0x0000, 0x0021, 0x0841, 0x0041, 0x0862, 0x0020, 0x0000, 0x0020, 0x0021, 0x0020, 0x0041, 0x0020, 0x0020, 0x0000, 0x0020,
0x0841, 0x0842, 0x0862, 0x0000, 0x1082, 0x0883, 0x10a3, 0x0861, 0x18c3, 0x0000, 0x18a2, 0x0841, 0x0862, 0x0862, 0x0841, 0x18a2,
0x0021, 0x0042, 0x0020, 0x18a2, 0x2924, 0x18e4, 0x0020, 0x1062, 0x1062, 0x0862, 0x0841, 0x18c3, 0x0841, 0x0041, 0x0021, 0x0041,
0x0000, 0x0042, 0x0021, 0x0021, 0x0841, 0x0841, 0x0882, 0x08a3, 0x08a3, 0x10a3, 0x10a3, 0x10a3, 0x10c3, 0x18e4, 0x18e4, 0x28e3,
0x3144, 0x3165, 0x2964, 0x2123, 0x2104, 0x1904, 0x18e4, 0x0883, 0x0883, 0x08c4, 0x08e5, 0x08c4, 0x08c4, 0x08a4, 0x08c4, 0x08c4,
0x08c4, 0x08e5, 0x1106, 0x0906, 0x0906, 0x0906, 0x0906, 0x0906, 0x0906, 0x08e5, 0x08c4, 0x08c4, 0x08c4, 0x08a3, 0x08a3, 0x08a3,
0x08c4, 0x10e5, 0x08c4, 0x08c4, 0x10c4, 0x10e5, 0x10e5, 0x10e5, 0x10e4, 0x08c4, 0x08e4, 0x08e5, 0x10e5, 0x1105, 0x10e5, 0x10e5,
0x10e4, 0x10c4, 0x10a3, 0x10c3, 0x10c4, 0x18e4, 0x10c3, 0x10a3, 0x10e4, 0x1105, 0x1105, 0x1105, 0x1106, 0x1106, 0x1126, 0x1106,
0x1106, 0x1126, 0x1126, 0x1127, 0x1147, 0x1147, 0x1147, 0x1127, 0x1147, 0x1127, 0x1127, 0x1147, 0x1147, 0x1147, 0x1147, 0x1127,
0x1127, 0x1126, 0x1126, 0x1126, 0x1106, 0x1105, 0x1106, 0x1106, 0x1106, 0x1126, 0x1126, 0x1126, 0x1126, 0x1126, 0x1106, 0x1106,
0x1126, 0x1126, 0x1126, 0x1126, 0x1126, 0x1126, 0x1126, 0x1126, 0x1126, 0x1126, 0x1126, 0x1126, 0x1126, 0x1105, 0x08a3, 0x0021,
0x10a3, 0x0883, 0x08a3, 0x0883, 0x0883, 0x0021, 0x0841, 0x10e5, 0x08c4, 0x08c4, 0x08c4, 0x10e5, 0x1105, 0x1126, 0x1126, 0x1127,
0x1147, 0x1126, 0x1126, 0x1127, 0x1127, 0x1127, 0x1147, 0x1147, 
/* -182- */
0x0000, 0x0021, 0x0000, 0x0000, 0x0021, 0x0001, 0x0000, 0x0000, 0x0000, 0x0001, 0x0021, 0x0021, 0x0021, 0x0021, 0x0042, 0x0062,
0x0083, 0x0062, 0x0063, 0x0083, 0x0083, 0x0083, 0x0883, 0x0083, 0x0083, 0x0083, 0x0083, 0x0083, 0x0083, 0x0083, 0x0083, 0x0883,
0x0883, 0x08a3, 0x0883, 0x0883, 0x08a3, 0x08a3, 0x08a3, 0x0883, 0x0883, 0x0883, 0x08a3, 0x08a3, 0x08a3, 0x08a3, 0x08a3, 0x0883,
0x0883, 0x0883, 0x0883, 0x0883, 0x0883, 0x0883, 0x0862, 0x0062, 0x0883, 0x0883, 0x0063, 0x0062, 0x0062, 0x0083, 0x0083, 0x0062,
0x0062, 0x0042, 0x0042, 0x0062, 0x0041, 0x0041, 0x0021, 0x0021, 0x0000, 0x0000, 0x0000, 0x0021, 0x0041, 0x0021, 0x0042, 0x0041,
0x0020, 0x0000, 0x0020, 0x0041, 0x0021, 0x0041, 0x0020, 0x0000, 0x0020, 0x0021, 0x0021, 0x0041, 0x0021, 0x0021, 0x0000, 0x0821,
0x0841, 0x0041, 0x0882, 0x0000, 0x10a3, 0x0883, 0x0882, 0x0861, 0x18e4, 0x0021, 0x1082, 0x0021, 0x0862, 0x0862, 0x0861, 0x18c3,
0x0021, 0x0041, 0x0020, 0x1082, 0x2924, 0x1904, 0x0020, 0x1061, 0x1062, 0x0862, 0x0841, 0x2945, 0x0882, 0x0021, 0x0021, 0x0841,
0x0021, 0x0062, 0x0042, 0x0042, 0x0021, 0x0000, 0x0020, 0x0862, 0x10a4, 0x08c4, 0x08a3, 0x10a4, 0x08a3, 0x10c3, 0x10c4, 0x18c3,
0x18a2, 0x20e3, 0x2923, 0x3165, 0x31a7, 0x31c8, 0x2966, 0x2125, 0x1905, 0x10a3, 0x0042, 0x0042, 0x08c4, 0x08c4, 0x08c4, 0x08c4,
0x08c4, 0x1105, 0x08e5, 0x0906, 0x0906, 0x0906, 0x0906, 0x0906, 0x0906, 0x08e5, 0x08c4, 0x08c4, 0x08c4, 0x08a3, 0x08c4, 0x08a3,
0x08c4, 0x10e4, 0x08c4, 0x08c4, 0x10e4, 0x10e5, 0x10e5, 0x10e5, 0x10e5, 0x10e5, 0x10e5, 0x08e5, 0x08e5, 0x1105, 0x08e5, 0x10e5,
0x1105, 0x1105, 0x10e4, 0x1105, 0x1105, 0x10e5, 0x10e4, 0x10e4, 0x10c4, 0x10c4, 0x1105, 0x1105, 0x1106, 0x1126, 0x1126, 0x1126,
0x1126, 0x1126, 0x1126, 0x1127, 0x1147, 0x1147, 0x1147, 0x1147, 0x1147, 0x1127, 0x1147, 0x1147, 0x1147, 0x1147, 0x1127, 0x1127,
0x1127, 0x1126, 0x1126, 0x1126, 0x1106, 0x1105, 0x1106, 0x1106, 0x1126, 0x1126, 0x1126, 0x1126, 0x1126, 0x1126, 0x1106, 0x1105,
0x1126, 0x1126, 0x1126, 0x1126, 0x1126, 0x1126, 0x1126, 0x1126, 0x1126, 0x1126, 0x1126, 0x1127, 0x1126, 0x1106, 0x08a3, 0x0021,
0x0883, 0x0883, 0x0883, 0x0883, 0x0862, 0x0021, 0x0861, 0x08e4, 0x08c4, 0x08a3, 0x08a4, 0x10e4, 0x10e5, 0x1105, 0x1126, 0x1126,
0x1126, 0x1126, 0x1126, 0x1106, 0x1126, 0x1147, 0x1147, 0x1147, 
/* -183- */
0x0021, 0x0042, 0x0062, 0x0062, 0x0042, 0x0022, 0x0022, 0x0021, 0x0021, 0x0062, 0x0062, 0x0062, 0x0062, 0x0063, 0x0083, 0x0083,
0x0083, 0x0083, 0x0083, 0x0083, 0x0083, 0x0083, 0x0083, 0x0083, 0x0083, 0x0083, 0x0083, 0x0083, 0x0083, 0x0083, 0x0883, 0x0083,
0x08a3, 0x0083, 0x0883, 0x0882, 0x0883, 0x0883, 0x08a3, 0x0083, 0x0883, 0x0883, 0x08a3, 0x08a3, 0x08a3, 0x08a3, 0x08a3, 0x0883,
0x08a3, 0x08a3, 0x08a3, 0x0883, 0x0883, 0x0883, 0x0883, 0x0083, 0x0083, 0x0883, 0x0083, 0x0883, 0x0083, 0x0083, 0x0083, 0x0083,
0x0062, 0x0042, 0x0062, 0x0082, 0x0062, 0x0041, 0x0020, 0x0020, 0x0000, 0x0000, 0x0000, 0x0000, 0x0020, 0x0021, 0x0000, 0x0021,
0x0000, 0x0000, 0x0021, 0x0041, 0x0021, 0x0041, 0x0020, 0x0000, 0x0021, 0x0021, 0x0021, 0x0841, 0x0021, 0x0041, 0x0021, 0x0841,
0x0841, 0x0841, 0x0862, 0x0000, 0x18e4, 0x0862, 0x0862, 0x0841, 0x18e4, 0x0021, 0x1904, 0x0862, 0x0841, 0x1062, 0x1082, 0x2124,
0x0021, 0x0041, 0x0020, 0x18c3, 0x2945, 0x2104, 0x0021, 0x1062, 0x1062, 0x0862, 0x0041, 0x18c3, 0x1082, 0x0041, 0x0041, 0x0841,
0x0021, 0x0063, 0x0062, 0x0042, 0x0001, 0x0021, 0x0000, 0x0021, 0x0842, 0x0882, 0x10a3, 0x10a3, 0x08a3, 0x10c4, 0x08e4, 0x10c3,
0x0882, 0x10a2, 0x18c3, 0x3186, 0x31a7, 0x31a7, 0x39c7, 0x39e7, 0x31a7, 0x1904, 0x10c3, 0x1082, 0x0021, 0x0042, 0x08a4, 0x08c4,
0x08e4, 0x1105, 0x08e5, 0x0905, 0x0906, 0x0906, 0x0906, 0x0906, 0x0905, 0x08c4, 0x08c4, 0x08c4, 0x08c4, 0x08a3, 0x08c4, 0x08a3,
0x08c4, 0x10e5, 0x10e4, 0x08c4, 0x10e5, 0x10e5, 0x08e5, 0x08e5, 0x1105, 0x10e5, 0x10e5, 0x08e5, 0x08e5, 0x1105, 0x10e5, 0x10e5,
0x10e5, 0x10e5, 0x10a3, 0x18c4, 0x1905, 0x10c4, 0x10c3, 0x10c4, 0x1105, 0x1105, 0x1105, 0x1105, 0x1106, 0x1106, 0x1126, 0x1126,
0x1127, 0x1127, 0x1127, 0x1147, 0x1147, 0x1147, 0x1147, 0x1147, 0x1147, 0x1147, 0x1147, 0x1147, 0x1147, 0x1147, 0x1126, 0x1127,
0x1127, 0x1126, 0x1126, 0x1126, 0x1106, 0x1106, 0x1106, 0x1126, 0x1126, 0x1126, 0x1126, 0x1126, 0x1126, 0x1126, 0x1126, 0x1105,
0x1126, 0x1126, 0x1126, 0x1126, 0x1126, 0x1126, 0x1126, 0x1126, 0x1126, 0x1126, 0x1127, 0x1127, 0x1126, 0x1105, 0x08a3, 0x0021,
0x10a4, 0x0883, 0x0862, 0x0883, 0x0862, 0x0021, 0x0862, 0x08c4, 0x08c4, 0x0883, 0x0883, 0x10c4, 0x10e4, 0x10e5, 0x1105, 0x10e5,
0x1106, 0x1126, 0x1105, 0x1106, 0x1126, 0x1106, 0x08e5, 0x08c5, 
/* -184- */
0x0021, 0x0042, 0x0042, 0x0062, 0x0062, 0x0062, 0x0083, 0x0062, 0x0062, 0x0062, 0x0063, 0x0063, 0x0063, 0x0062, 0x0083, 0x0083,
0x0083, 0x0083, 0x0083, 0x0083, 0x0083, 0x0083, 0x0083, 0x0083, 0x0083, 0x0083, 0x0083, 0x0083, 0x0083, 0x0083, 0x0883, 0x0083,
0x0083, 0x0083, 0x08a3, 0x08a3, 0x08a3, 0x08a3, 0x0883, 0x0083, 0x0083, 0x0883, 0x0083, 0x08a3, 0x08a3, 0x0883, 0x08a3, 0x08a3,
0x08a3, 0x0883, 0x08a3, 0x0883, 0x0883, 0x0883, 0x0883, 0x0883, 0x0083, 0x0883, 0x0883, 0x0083, 0x0083, 0x0083, 0x0063, 0x0083,
0x0083, 0x0083, 0x0083, 0x0083, 0x0082, 0x0062, 0x0062, 0x0062, 0x0021, 0x0000, 0x0000, 0x0000, 0x0020, 0x0000, 0x0000, 0x0000,
0x0020, 0x0000, 0x0000, 0x0021, 0x0021, 0x0021, 0x0020, 0x0000, 0x0041, 0x0041, 0x0021, 0x0041, 0x0021, 0x0041, 0x0021, 0x0842,
0x0021, 0x0021, 0x0842, 0x0020, 0x2166, 0x0862, 0x0841, 0x0841, 0x18c3, 0x0000, 0x1905, 0x0862, 0x1062, 0x1082, 0x1083, 0x2165,
0x0021, 0x0041, 0x0021, 0x1904, 0x2966, 0x2125, 0x0841, 0x18a3, 0x1062, 0x0841, 0x0020, 0x1082, 0x0841, 0x0021, 0x0841, 0x2966,
0x1082, 0x0042, 0x0062, 0x0042, 0x0000, 0x0062, 0x0021, 0x0041, 0x0021, 0x0000, 0x0021, 0x0862, 0x10c3, 0x08c4, 0x08c4, 0x08c4,
0x0882, 0x08a3, 0x08a3, 0x10c3, 0x2104, 0x2924, 0x3964, 0x3144, 0x2125, 0x2987, 0x2986, 0x2986, 0x2125, 0x18e4, 0x0862, 0x0862,
0x0882, 0x08c4, 0x08e5, 0x08e5, 0x0905, 0x0906, 0x08e5, 0x0905, 0x08e5, 0x08e4, 0x08c4, 0x08c4, 0x08c4, 0x08a3, 0x08c4, 0x08c4,
0x08e4, 0x10e5, 0x08e5, 0x10e5, 0x10e5, 0x10e5, 0x10e5, 0x08e4, 0x1105, 0x1105, 0x1105, 0x08e5, 0x08e5, 0x10e5, 0x1105, 0x10e5,
0x10e4, 0x10e5, 0x10a3, 0x10a3, 0x1905, 0x10e4, 0x10c4, 0x10c4, 0x10e4, 0x10e4, 0x1105, 0x1106, 0x1126, 0x1106, 0x1126, 0x1126,
0x1146, 0x1146, 0x1147, 0x1147, 0x1147, 0x1147, 0x1147, 0x1147, 0x1147, 0x1147, 0x1147, 0x1147, 0x1147, 0x1147, 0x1127, 0x1126,
0x1127, 0x1127, 0x1126, 0x1126, 0x1105, 0x1106, 0x1106, 0x1126, 0x1126, 0x1126, 0x1126, 0x1106, 0x1126, 0x1126, 0x1106, 0x1105,
0x1126, 0x1126, 0x1126, 0x1146, 0x1147, 0x1127, 0x1126, 0x1126, 0x1126, 0x1126, 0x1146, 0x1126, 0x1126, 0x1105, 0x08a3, 0x0021,
0x10a3, 0x1082, 0x0821, 0x0020, 0x0841, 0x0021, 0x0862, 0x08e5, 0x08c4, 0x0883, 0x08a4, 0x10e5, 0x10e5, 0x10e4, 0x10e4, 0x10e5,
0x1126, 0x1126, 0x1126, 0x1126, 0x1127, 0x1106, 0x08e4, 0x08e4, 
/* -185- */
0x0041, 0x0042, 0x0042, 0x0062, 0x0062, 0x0062, 0x0062, 0x0083, 0x0083, 0x0083, 0x0062, 0x0063, 0x0063, 0x0083, 0x0083, 0x0083,
0x0083, 0x0083, 0x0083, 0x0083, 0x0083, 0x0083, 0x0083, 0x0083, 0x0083, 0x0083, 0x0083, 0x0083, 0x0083, 0x0083, 0x0083, 0x0083,
0x0883, 0x0883, 0x0883, 0x08a3, 0x0883, 0x0883, 0x0883, 0x0883, 0x0883, 0x0883, 0x08a3, 0x08a3, 0x08a3, 0x08a3, 0x08a3, 0x08a3,
0x08a3, 0x08a3, 0x08a3, 0x08a3, 0x0883, 0x0883, 0x0883, 0x0883, 0x0883, 0x0083, 0x0083, 0x0883, 0x0883, 0x0083, 0x0083, 0x0083,
0x0083, 0x0083, 0x0083, 0x0083, 0x0083, 0x0083, 0x0062, 0x0062, 0x0042, 0x0042, 0x0021, 0x0020, 0x0000, 0x0000, 0x0000, 0x0021,
0x0062, 0x0041, 0x0000, 0x0020, 0x0021, 0x0020, 0x0020, 0x0000, 0x0041, 0x0021, 0x0021, 0x0041, 0x0021, 0x0041, 0x0021, 0x0862,
0x0021, 0x0021, 0x0841, 0x0821, 0x18e4, 0x0862, 0x0841, 0x0820, 0x1082, 0x0000, 0x10c4, 0x0862, 0x1083, 0x0882, 0x0882, 0x2966,
0x0020, 0x0041, 0x0021, 0x1905, 0x2966, 0x2145, 0x0841, 0x18a3, 0x1062, 0x0000, 0x0020, 0x18a2, 0x0841, 0x0021, 0x0841, 0x2987,
0x10a4, 0x0042, 0x0042, 0x0862, 0x0841, 0x0062, 0x0042, 0x0041, 0x0021, 0x0841, 0x0021, 0x0041, 0x0862, 0x0882, 0x08a3, 0x08c4,
0x08a3, 0x08c4, 0x08c4, 0x10c3, 0x10c3, 0x10a3, 0x10a3, 0x2945, 0x2986, 0x29a7, 0x31c7, 0x31c7, 0x31c8, 0x31c7, 0x2966, 0x2104,
0x1082, 0x0841, 0x0862, 0x08a4, 0x08e5, 0x08e5, 0x08e5, 0x08e5, 0x08c4, 0x08e4, 0x08c4, 0x08c4, 0x08a3, 0x08a3, 0x08c4, 0x08c4,
0x08e4, 0x08e5, 0x08e5, 0x08e5, 0x10e5, 0x10e5, 0x08e4, 0x08e4, 0x10e5, 0x10e5, 0x08e5, 0x08e5, 0x08e5, 0x10e5, 0x1105, 0x10e5,
0x1105, 0x10e5, 0x10a3, 0x10c3, 0x18e4, 0x10e4, 0x10e4, 0x10e4, 0x10e4, 0x1105, 0x1106, 0x1106, 0x1126, 0x1106, 0x1126, 0x1126,
0x1126, 0x1126, 0x1126, 0x1127, 0x1147, 0x1147, 0x1147, 0x1147, 0x1147, 0x1147, 0x1147, 0x1147, 0x1147, 0x1147, 0x1147, 0x1147,
0x1127, 0x1127, 0x1127, 0x1126, 0x1106, 0x1106, 0x1106, 0x1126, 0x1126, 0x1126, 0x1126, 0x1126, 0x1126, 0x1126, 0x1106, 0x1105,
0x1126, 0x1126, 0x1126, 0x1126, 0x1126, 0x1126, 0x1126, 0x1126, 0x1126, 0x1126, 0x1126, 0x1127, 0x1126, 0x1105, 0x08a3, 0x0021,
0x10c4, 0x10a3, 0x0841, 0x0000, 0x0000, 0x0000, 0x0841, 0x08c4, 0x08c4, 0x08a4, 0x08c4, 0x1126, 0x1126, 0x10e5, 0x10e4, 0x1105,
0x1126, 0x1127, 0x1127, 0x1127, 0x1147, 0x1147, 0x1126, 0x1147, 
/* -186- */
0x0041, 0x0042, 0x0042, 0x0042, 0x0062, 0x0062, 0x0062, 0x0062, 0x0062, 0x0063, 0x0063, 0x0083, 0x0083, 0x0083, 0x0083, 0x0083,
0x0083, 0x0083, 0x0083, 0x0083, 0x0083, 0x0083, 0x0083, 0x0063, 0x0083, 0x0083, 0x0083, 0x0083, 0x0083, 0x0083, 0x0083, 0x0083,
0x0083, 0x0083, 0x0083, 0x00a3, 0x0883, 0x08a3, 0x0883, 0x0883, 0x0883, 0x0883, 0x08a3, 0x08a3, 0x08a3, 0x0883, 0x0883, 0x08a3,
0x08a3, 0x08a3, 0x0883, 0x08a3, 0x08a3, 0x0883, 0x0883, 0x0883, 0x0883, 0x0883, 0x0083, 0x0083, 0x0062, 0x0062, 0x0062, 0x0062,
0x0062, 0x0083, 0x0083, 0x0083, 0x0083, 0x0083, 0x0063, 0x0062, 0x0063, 0x0062, 0x0042, 0x0021, 0x0000, 0x0000, 0x0000, 0x0021,
0x0083, 0x0062, 0x0041, 0x0000, 0x0000, 0x0000, 0x0000, 0x0000, 0x0021, 0x0041, 0x0021, 0x0042, 0x0021, 0x0041, 0x0000, 0x0862,
0x0021, 0x0041, 0x0841, 0x0821, 0x1082, 0x0841, 0x0841, 0x0820, 0x1082, 0x0000, 0x1905, 0x0883, 0x10a3, 0x0883, 0x0862, 0x2104,
0x0000, 0x0042, 0x0021, 0x1904, 0x2966, 0x2104, 0x0821, 0x18a3, 0x1062, 0x0020, 0x0021, 0x2125, 0x10a2, 0x0020, 0x0841, 0x2166,
0x10c4, 0x0042, 0x0041, 0x10c3, 0x10a3, 0x0083, 0x0041, 0x0842, 0x0041, 0x0841, 0x0841, 0x08a3, 0x0021, 0x0020, 0x0041, 0x0883,
0x08c4, 0x08c4, 0x08c4, 0x0883, 0x08a3, 0x08c4, 0x0883, 0x0862, 0x10c3, 0x2124, 0x2924, 0x2924, 0x2966, 0x2965, 0x2904, 0x2904,
0x2904, 0x20c3, 0x20e3, 0x1082, 0x1082, 0x0882, 0x08a3, 0x08a4, 0x08c4, 0x08c4, 0x08a4, 0x08a4, 0x08a3, 0x08a3, 0x08c3, 0x08c4,
0x08e4, 0x08e5, 0x08e5, 0x08e5, 0x10e5, 0x10e5, 0x08e4, 0x08e4, 0x08e5, 0x08e5, 0x08e5, 0x08e4, 0x08e4, 0x10e5, 0x10e5, 0x10e5,
0x10e5, 0x10e5, 0x1105, 0x10c4, 0x10e5, 0x1105, 0x10e5, 0x10e5, 0x1105, 0x1106, 0x1106, 0x1106, 0x1126, 0x1126, 0x1126, 0x1126,
0x1126, 0x1126, 0x1127, 0x1127, 0x1147, 0x1147, 0x1147, 0x1147, 0x1147, 0x1147, 0x1147, 0x1147, 0x1147, 0x1147, 0x1147, 0x1127,
0x1127, 0x1147, 0x1126, 0x1126, 0x1126, 0x1106, 0x1106, 0x1126, 0x1126, 0x1126, 0x1126, 0x1126, 0x1126, 0x1126, 0x1105, 0x1105,
0x1126, 0x1146, 0x1126, 0x1126, 0x1126, 0x1126, 0x1126, 0x1126, 0x1146, 0x1126, 0x1126, 0x1126, 0x1126, 0x1105, 0x08a3, 0x0021,
0x10c4, 0x10a4, 0x1082, 0x0020, 0x0821, 0x0000, 0x0041, 0x08c4, 0x08c5, 0x08c4, 0x08c5, 0x1126, 0x1126, 0x1106, 0x1105, 0x1126,
0x1126, 0x1127, 0x1127, 0x1126, 0x1126, 0x1126, 0x1126, 0x1147, 
/* -187- */
0x0062, 0x0062, 0x0062, 0x0062, 0x0062, 0x0062, 0x0062, 0x0062, 0x0062, 0x0083, 0x0083, 0x0083, 0x0083, 0x0083, 0x0083, 0x0083,
0x0083, 0x0083, 0x0083, 0x0083, 0x0083, 0x0062, 0x0062, 0x0062, 0x0062, 0x0083, 0x0083, 0x0083, 0x0083, 0x0083, 0x0083, 0x0083,
0x0083, 0x0083, 0x0083, 0x08a3, 0x08a3, 0x08a3, 0x08a3, 0x08a3, 0x08a3, 0x08a3, 0x0883, 0x0883, 0x0883, 0x0883, 0x0883, 0x08a3,
0x08a3, 0x08a3, 0x08a3, 0x08a3, 0x08a3, 0x08a3, 0x0883, 0x0883, 0x0883, 0x0083, 0x0083, 0x0062, 0x0062, 0x0021, 0x0021, 0x0021,
0x0041, 0x0062, 0x0083, 0x0083, 0x0083, 0x0062, 0x0062, 0x0062, 0x0062, 0x0062, 0x0041, 0x0000, 0x0000, 0x0000, 0x0000, 0x0042,
0x0083, 0x0062, 0x0021, 0x0000, 0x0000, 0x0000, 0x0000, 0x0000, 0x0020, 0x0041, 0x0021, 0x0042, 0x0021, 0x0041, 0x0000, 0x0842,
0x0021, 0x0021, 0x0862, 0x0000, 0x1041, 0x1041, 0x0820, 0x0841, 0x1082, 0x0000, 0x1905, 0x0883, 0x0883, 0x0882, 0x0862, 0x2125,
0x0020, 0x0042, 0x0021, 0x18e4, 0x2945, 0x18e4, 0x0821, 0x18a3, 0x1082, 0x0041, 0x0041, 0x2986, 0x10a3, 0x0021, 0x0041, 0x2146,
0x10c4, 0x0062, 0x0042, 0x18e4, 0x10c3, 0x0083, 0x0021, 0x0862, 0x0862, 0x0862, 0x0041, 0x08a3, 0x0021, 0x0021, 0x0020, 0x0021,
0x0883, 0x08c4, 0x08c4, 0x08a3, 0x08a4, 0x0883, 0x0021, 0x0883, 0x08a3, 0x0861, 0x1061, 0x1061, 0x1882, 0x20a2, 0x28c2, 0x2903,
0x2903, 0x2924, 0x3186, 0x2945, 0x20c3, 0x18a2, 0x0862, 0x0041, 0x0062, 0x0883, 0x08a3, 0x08a3, 0x08a3, 0x08a3, 0x08c4, 0x08e4,
0x08e5, 0x08e5, 0x08e5, 0x08e5, 0x08e5, 0x10e5, 0x08e5, 0x08e4, 0x08e5, 0x08e5, 0x08e5, 0x08e5, 0x08e5, 0x1105, 0x1105, 0x10e5,
0x1105, 0x10e5, 0x1105, 0x10e4, 0x1105, 0x1105, 0x1105, 0x1105, 0x1106, 0x1106, 0x1106, 0x1106, 0x1126, 0x1126, 0x1126, 0x1126,
0x1126, 0x1126, 0x1127, 0x1127, 0x1147, 0x1147, 0x1147, 0x1147, 0x1127, 0x1147, 0x1127, 0x1147, 0x1147, 0x1127, 0x1127, 0x1127,
0x1147, 0x1147, 0x1127, 0x1126, 0x1126, 0x1126, 0x1126, 0x1126, 0x1126, 0x1126, 0x1126, 0x1126, 0x1106, 0x1126, 0x1106, 0x1106,
0x1126, 0x1126, 0x1146, 0x1126, 0x1106, 0x1106, 0x1126, 0x1126, 0x1147, 0x1106, 0x1126, 0x1126, 0x1126, 0x1105, 0x08a3, 0x0021,
0x10a4, 0x10a4, 0x1082, 0x0820, 0x0821, 0x0000, 0x0841, 0x08c4, 0x08c4, 0x08c4, 0x08e5, 0x1126, 0x1126, 0x1126, 0x1126, 0x1126,
0x1127, 0x1126, 0x1126, 0x1126, 0x1126, 0x1126, 0x1126, 0x1126, 
/* -188- */
0x0042, 0x0042, 0x0042, 0x0042, 0x0042, 0x0041, 0x0062, 0x0062, 0x0062, 0x0062, 0x0083, 0x0083, 0x0083, 0x0083, 0x0083, 0x0083,
0x0083, 0x0083, 0x0083, 0x0083, 0x0083, 0x0083, 0x0063, 0x0063, 0x0063, 0x0083, 0x0083, 0x0083, 0x0083, 0x0083, 0x0083, 0x0083,
0x0083, 0x0083, 0x0083, 0x08a3, 0x08a3, 0x08a3, 0x08a3, 0x08a3, 0x08a3, 0x0883, 0x08a3, 0x08a3, 0x10c4, 0x10c4, 0x10c4, 0x08a4,
0x08a4, 0x08a3, 0x08a3, 0x08a3, 0x08a3, 0x08a3, 0x0883, 0x0883, 0x00a3, 0x0083, 0x0083, 0x0062, 0x0062, 0x0042, 0x0021, 0x0041,
0x0062, 0x0062, 0x0062, 0x0083, 0x0062, 0x0062, 0x0062, 0x0062, 0x0042, 0x0021, 0x0021, 0x0041, 0x0020, 0x0000, 0x0000, 0x0042,
0x0041, 0x0021, 0x0020, 0x0000, 0x0000, 0x0000, 0x0000, 0x0000, 0x0020, 0x0841, 0x0021, 0x0842, 0x0021, 0x0841, 0x0000, 0x0862,
0x0841, 0x0041, 0x0862, 0x0000, 0x1882, 0x0020, 0x0840, 0x0841, 0x1082, 0x0000, 0x10c3, 0x0862, 0x0883, 0x0883, 0x0883, 0x2966,
0x0020, 0x0041, 0x0021, 0x18e4, 0x2945, 0x18c3, 0x0841, 0x18a2, 0x1082, 0x0041, 0x0041, 0x2966, 0x10a3, 0x0021, 0x0041, 0x2146,
0x10c4, 0x0021, 0x0041, 0x18a3, 0x10a3, 0x0062, 0x0021, 0x0862, 0x1925, 0x10e4, 0x0041, 0x08a3, 0x0021, 0x0041, 0x0021, 0x0041,
0x0883, 0x0862, 0x0862, 0x08a3, 0x08a4, 0x0883, 0x0882, 0x08a3, 0x08c4, 0x0841, 0x0841, 0x0820, 0x0841, 0x1041, 0x20e3, 0x3145,
0x3165, 0x3185, 0x31a6, 0x2986, 0x2945, 0x2945, 0x2944, 0x2103, 0x18e3, 0x0861, 0x0021, 0x0042, 0x0883, 0x08a3, 0x08e4, 0x08e5,
0x08e5, 0x08e5, 0x08e5, 0x08e5, 0x08e5, 0x10e5, 0x08e5, 0x08e4, 0x08e5, 0x08e4, 0x08e5, 0x10e5, 0x08e5, 0x10e5, 0x1105, 0x10e5,
0x1105, 0x1105, 0x1105, 0x1105, 0x1105, 0x1106, 0x1106, 0x1106, 0x1106, 0x1106, 0x1106, 0x1106, 0x1106, 0x1106, 0x1106, 0x1106,
0x1126, 0x1126, 0x1126, 0x1127, 0x1126, 0x1126, 0x1127, 0x1127, 0x1127, 0x1127, 0x1127, 0x1127, 0x1147, 0x1127, 0x1127, 0x1127,
0x1147, 0x1147, 0x1127, 0x1126, 0x1126, 0x1126, 0x1106, 0x1106, 0x1126, 0x1106, 0x1106, 0x1106, 0x1106, 0x1126, 0x1126, 0x1126,
0x1126, 0x1126, 0x1126, 0x1126, 0x10e5, 0x10e5, 0x1126, 0x1126, 0x1126, 0x1105, 0x1105, 0x1106, 0x1926, 0x10e5, 0x08a3, 0x0021,
0x10c4, 0x10c4, 0x10a3, 0x0821, 0x0821, 0x0020, 0x0841, 0x08a4, 0x08a4, 0x08c4, 0x08e5, 0x1126, 0x1147, 0x1126, 0x1126, 0x1126,
0x1127, 0x1126, 0x10c4, 0x10e5, 0x1126, 0x1105, 0x10e4, 0x10c4, 
/* -189- */
0x0021, 0x0001, 0x0021, 0x0021, 0x0001, 0x0000, 0x0001, 0x0021, 0x0041, 0x0062, 0x0062, 0x0063, 0x0063, 0x0063, 0x0063, 0x0083,
0x0083, 0x0083, 0x0083, 0x0083, 0x0083, 0x0083, 0x0083, 0x0062, 0x0083, 0x0083, 0x0083, 0x0083, 0x0083, 0x0083, 0x0083, 0x0083,
0x0083, 0x0083, 0x0083, 0x0083, 0x0083, 0x08a4, 0x08a4, 0x08c4, 0x08a4, 0x08a3, 0x08a3, 0x0883, 0x0883, 0x0883, 0x0883, 0x08a3,
0x08a3, 0x08a3, 0x08a3, 0x08a3, 0x08a3, 0x08a3, 0x0883, 0x0883, 0x0083, 0x0083, 0x0083, 0x0062, 0x0062, 0x0062, 0x0062, 0x0063,
0x0083, 0x0083, 0x0062, 0x0062, 0x0021, 0x0001, 0x0001, 0x0021, 0x0062, 0x0062, 0x0062, 0x0041, 0x0021, 0x0000, 0x0000, 0x0021,
0x0021, 0x0000, 0x0001, 0x0000, 0x0000, 0x0000, 0x0000, 0x0000, 0x0020, 0x0020, 0x0021, 0x0841, 0x0020, 0x0021, 0x0000, 0x0862,
0x0020, 0x0021, 0x0841, 0x0000, 0x18a2, 0x0000, 0x0820, 0x0841, 0x10a2, 0x0000, 0x10c3, 0x0021, 0x0883, 0x0883, 0x0862, 0x18c3,
0x0000, 0x0021, 0x0021, 0x1082, 0x2945, 0x1882, 0x0821, 0x1881, 0x1061, 0x0021, 0x0020, 0x1904, 0x10a3, 0x0021, 0x0041, 0x2146,
0x10c4, 0x0001, 0x0021, 0x1062, 0x1082, 0x0862, 0x0021, 0x0841, 0x1105, 0x10e4, 0x0041, 0x0883, 0x0041, 0x0841, 0x0021, 0x0041,
0x08c4, 0x08a4, 0x0862, 0x0041, 0x0042, 0x0882, 0x10e4, 0x08e5, 0x08c4, 0x0062, 0x0841, 0x0840, 0x1061, 0x0841, 0x0820, 0x1061,
0x18c2, 0x20c3, 0x28e3, 0x28e3, 0x20c2, 0x28c2, 0x28e3, 0x2903, 0x20e2, 0x18c3, 0x10a2, 0x0841, 0x0841, 0x0882, 0x08a3, 0x08c4,
0x08e5, 0x10e5, 0x08e5, 0x08e5, 0x10e5, 0x10e5, 0x08e5, 0x08e4, 0x08e5, 0x08e4, 0x08e5, 0x10e5, 0x08e5, 0x10e5, 0x10e5, 0x1105,
0x10e5, 0x1105, 0x1105, 0x1105, 0x1106, 0x1106, 0x1106, 0x1105, 0x1105, 0x1105, 0x10e5, 0x1106, 0x1106, 0x1106, 0x1105, 0x1105,
0x1126, 0x1126, 0x1126, 0x1126, 0x1126, 0x1127, 0x1127, 0x1127, 0x1127, 0x1147, 0x1147, 0x1147, 0x1147, 0x1127, 0x1127, 0x1127,
0x1147, 0x1147, 0x1147, 0x1126, 0x1127, 0x1126, 0x1106, 0x1105, 0x1126, 0x1126, 0x1106, 0x1126, 0x1126, 0x1126, 0x1146, 0x1146,
0x1126, 0x1126, 0x1126, 0x1126, 0x10e5, 0x1106, 0x1126, 0x1126, 0x1126, 0x1105, 0x10e5, 0x10e5, 0x1105, 0x10e5, 0x0883, 0x0021,
0x10c4, 0x10c4, 0x1083, 0x0820, 0x0820, 0x0020, 0x0861, 0x08c4, 0x0083, 0x08a3, 0x08e5, 0x1127, 0x1147, 0x1127, 0x1127, 0x1127,
0x1127, 0x1106, 0x10a3, 0x10c4, 0x1126, 0x1105, 0x10c3, 0x10a3, 
/* -190- */
0x0021, 0x0021, 0x0021, 0x0021, 0x0021, 0x0021, 0x0001, 0x0021, 0x0021, 0x0021, 0x0021, 0x0062, 0x0083, 0x0083, 0x0062, 0x0062,
0x0062, 0x0862, 0x0062, 0x0883, 0x0083, 0x0083, 0x0083, 0x0083, 0x0083, 0x0083, 0x0083, 0x0083, 0x0083, 0x0083, 0x0083, 0x0083,
0x0083, 0x0083, 0x0083, 0x0083, 0x0083, 0x0083, 0x08a3, 0x08a3, 0x0883, 0x0883, 0x0883, 0x0883, 0x0883, 0x0883, 0x0883, 0x08a3,
0x08a3, 0x08a3, 0x08a3, 0x08a3, 0x08a3, 0x0883, 0x0883, 0x0083, 0x0083, 0x0883, 0x0883, 0x0083, 0x0082, 0x08a3, 0x08a4, 0x08a3,
0x08a3, 0x08a3, 0x08a3, 0x08a3, 0x0883, 0x0883, 0x0083, 0x0883, 0x0083, 0x0083, 0x0083, 0x0042, 0x0020, 0x0000, 0x0000, 0x0000,
0x0000, 0x0042, 0x0063, 0x0063, 0x0062, 0x0021, 0x0000, 0x0000, 0x0021, 0x0020, 0x0020, 0x0821, 0x0020, 0x0021, 0x0021, 0x0862,
0x0021, 0x0021, 0x0862, 0x0020, 0x18a3, 0x0820, 0x1041, 0x0841, 0x0841, 0x0000, 0x18e4, 0x0041, 0x0862, 0x0841, 0x0841, 0x20c3,
0x0021, 0x0041, 0x0021, 0x1082, 0x2104, 0x1062, 0x0821, 0x1882, 0x1061, 0x0021, 0x0020, 0x1925, 0x10c3, 0x0000, 0x0021, 0x2986,
0x10c4, 0x0021, 0x0021, 0x1082, 0x1082, 0x0862, 0x0021, 0x0882, 0x1905, 0x10e4, 0x0041, 0x0882, 0x0021, 0x0842, 0x0021, 0x0041,
0x08c4, 0x00c4, 0x0062, 0x0000, 0x0000, 0x0000, 0x0042, 0x10c4, 0x08c4, 0x08a3, 0x1082, 0x1061, 0x10a2, 0x10a3, 0x0841, 0x0840,
0x1061, 0x0820, 0x1881, 0x20a2, 0x28e3, 0x3144, 0x39a6, 0x39a6, 0x3186, 0x3186, 0x3186, 0x3186, 0x18a2, 0x0841, 0x0841, 0x0883,
0x08c4, 0x10e5, 0x10e4, 0x10e4, 0x08c4, 0x08e5, 0x10e5, 0x10e5, 0x10e5, 0x08e5, 0x08e5, 0x10e5, 0x1105, 0x1106, 0x10e5, 0x10e5,
0x10e5, 0x1105, 0x10e5, 0x1106, 0x1105, 0x1105, 0x1105, 0x10e5, 0x10e5, 0x10e5, 0x10e5, 0x1106, 0x1106, 0x1106, 0x10e5, 0x10e4,
0x1105, 0x1126, 0x1126, 0x1126, 0x1127, 0x1126, 0x1126, 0x1126, 0x1127, 0x1127, 0x1147, 0x1147, 0x1147, 0x1147, 0x1147, 0x1127,
0x1147, 0x1127, 0x1127, 0x1147, 0x1127, 0x1147, 0x1126, 0x1126, 0x1126, 0x1126, 0x1106, 0x1126, 0x1126, 0x1146, 0x1126, 0x1146,
0x1146, 0x1126, 0x1126, 0x1106, 0x10e5, 0x10e5, 0x1126, 0x1126, 0x1126, 0x1126, 0x1105, 0x10e5, 0x10e5, 0x10e4, 0x0883, 0x0021,
0x10c4, 0x10e5, 0x10a3, 0x0821, 0x0021, 0x0020, 0x0841, 0x08c5, 0x08c4, 0x08a4, 0x08e5, 0x1127, 0x1127, 0x1127, 0x1127, 0x1127,
0x1126, 0x1126, 0x10c4, 0x08c4, 0x1105, 0x1105, 0x10c3, 0x10a3, 
/* -191- */
0x0021, 0x0001, 0x0001, 0x0021, 0x0041, 0x0042, 0x0883, 0x0883, 0x0883, 0x0883, 0x0883, 0x0883, 0x0062, 0x0042, 0x0021, 0x0021,
0x0021, 0x0021, 0x0021, 0x0042, 0x0083, 0x0083, 0x0083, 0x0083, 0x0083, 0x0083, 0x0083, 0x0083, 0x0083, 0x0083, 0x0083, 0x0083,
0x0083, 0x0083, 0x0083, 0x0083, 0x0083, 0x0083, 0x0083, 0x0083, 0x0083, 0x0083, 0x0883, 0x0883, 0x0883, 0x0083, 0x0883, 0x08a3,
0x08a3, 0x08a3, 0x08a3, 0x08a3, 0x08a3, 0x08a3, 0x0883, 0x0883, 0x0883, 0x0883, 0x0883, 0x0083, 0x0083, 0x08a4, 0x08a4, 0x08a4,
0x08a3, 0x08c4, 0x08a4, 0x08a4, 0x08a4, 0x00a3, 0x0083, 0x0062, 0x0062, 0x0062, 0x0062, 0x0062, 0x0042, 0x0041, 0x0021, 0x0000,
0x0000, 0x0063, 0x0063, 0x0083, 0x0083, 0x0062, 0x0020, 0x0000, 0x0020, 0x0020, 0x0020, 0x0841, 0x0021, 0x0041, 0x0021, 0x0862,
0x0021, 0x0021, 0x0862, 0x0021, 0x2105, 0x0841, 0x1041, 0x0821, 0x0841, 0x0841, 0x1082, 0x0821, 0x1061, 0x1041, 0x1061, 0x20e3,
0x0021, 0x0042, 0x0021, 0x10a3, 0x2125, 0x18c3, 0x0020, 0x1061, 0x0841, 0x0020, 0x0021, 0x2145, 0x10a3, 0x0041, 0x0041, 0x20e4,
0x10a3, 0x0021, 0x0021, 0x1061, 0x1061, 0x0862, 0x0021, 0x0882, 0x1905, 0x10e4, 0x0021, 0x08a3, 0x0041, 0x0842, 0x0841, 0x0041,
0x08a4, 0x00a4, 0x0062, 0x0000, 0x0000, 0x0020, 0x0062, 0x0862, 0x0883, 0x08a3, 0x10c3, 0x1082, 0x1062, 0x10a3, 0x0840, 0x0820,
0x0820, 0x1062, 0x1061, 0x0821, 0x1061, 0x2103, 0x2944, 0x2944, 0x3185, 0x31a5, 0x31a6, 0x31a6, 0x3185, 0x2985, 0x2124, 0x18c3,
0x1082, 0x10a3, 0x10a3, 0x08a3, 0x08a3, 0x08c4, 0x10e4, 0x10e5, 0x10e5, 0x08e5, 0x08c4, 0x10e5, 0x1105, 0x1105, 0x10e4, 0x10e5,
0x1105, 0x10e5, 0x1105, 0x1105, 0x10e5, 0x1105, 0x1105, 0x10e5, 0x10e5, 0x10e5, 0x1105, 0x1126, 0x1105, 0x1105, 0x10e4, 0x10e4,
0x1105, 0x1126, 0x1126, 0x1126, 0x1127, 0x1127, 0x1126, 0x1126, 0x1126, 0x1147, 0x1127, 0x1127, 0x1147, 0x1146, 0x1126, 0x1127,
0x1127, 0x1127, 0x1147, 0x1147, 0x1147, 0x1126, 0x1126, 0x1126, 0x1126, 0x1126, 0x1126, 0x1126, 0x1126, 0x1146, 0x1126, 0x1146,
0x1146, 0x1126, 0x1146, 0x1126, 0x10e5, 0x10e5, 0x1126, 0x1126, 0x1126, 0x1126, 0x1105, 0x1105, 0x10e4, 0x10e4, 0x0883, 0x0021,
0x10c4, 0x10e5, 0x10a3, 0x0821, 0x0841, 0x0021, 0x0021, 0x0883, 0x0883, 0x0883, 0x08c4, 0x1106, 0x1126, 0x1126, 0x1127, 0x1147,
0x1147, 0x1127, 0x1105, 0x08e5, 0x1105, 0x1126, 0x1126, 0x1105, 
/* -192- */
0x0000, 0x0000, 0x0000, 0x0001, 0x0021, 0x0041, 0x0042, 0x0862, 0x0062, 0x0042, 0x0883, 0x0062, 0x0021, 0x0021, 0x0041, 0x0042,
0x0042, 0x0042, 0x0042, 0x0042, 0x0062, 0x0062, 0x0062, 0x0062, 0x0062, 0x0062, 0x0083, 0x0083, 0x0083, 0x0083, 0x0083, 0x0083,
0x0083, 0x0083, 0x0083, 0x0083, 0x0083, 0x0083, 0x0083, 0x0083, 0x0083, 0x0083, 0x0083, 0x0083, 0x0062, 0x0083, 0x0083, 0x0883,
0x08a3, 0x08a3, 0x08a3, 0x08a3, 0x0883, 0x0883, 0x08a3, 0x0883, 0x0883, 0x0883, 0x0883, 0x0083, 0x0083, 0x00a3, 0x08a4, 0x08a4,
0x08a4, 0x08a4, 0x08a4, 0x08a3, 0x08a3, 0x0083, 0x0083, 0x0062, 0x0062, 0x0042, 0x0042, 0x0042, 0x0042, 0x0041, 0x0041, 0x0021,
0x0020, 0x0062, 0x0042, 0x0062, 0x0083, 0x0062, 0x0041, 0x0000, 0x0000, 0x0000, 0x0021, 0x0841, 0x0021, 0x0841, 0x0021, 0x0862,
0x0841, 0x0841, 0x0862, 0x0021, 0x1904, 0x0862, 0x1082, 0x0862, 0x0841, 0x0020, 0x0841, 0x0841, 0x1061, 0x0841, 0x1061, 0x18a2,
0x0020, 0x0042, 0x0021, 0x1082, 0x2125, 0x18c4, 0x0021, 0x18a3, 0x1061, 0x0000, 0x0000, 0x2125, 0x10c3, 0x0042, 0x0021, 0x18a3,
0x1082, 0x0021, 0x0021, 0x1041, 0x1061, 0x0862, 0x0021, 0x0883, 0x1105, 0x10e4, 0x0041, 0x08a3, 0x0041, 0x1062, 0x0862, 0x0041,
0x08a4, 0x08a4, 0x0062, 0x0000, 0x0000, 0x0041, 0x08a4, 0x08a3, 0x0883, 0x0041, 0x0862, 0x0861, 0x1061, 0x1082, 0x0841, 0x0820,
0x1061, 0x1082, 0x1062, 0x0820, 0x0020, 0x0820, 0x1061, 0x1082, 0x18a2, 0x2965, 0x31c6, 0x31c7, 0x31c7, 0x31a6, 0x31a6, 0x31c7,
0x2945, 0x2104, 0x2125, 0x0842, 0x0841, 0x0862, 0x10c4, 0x10e4, 0x10e5, 0x08e4, 0x08e4, 0x10e5, 0x1105, 0x10e5, 0x10e4, 0x10e5,
0x1105, 0x10e5, 0x10e5, 0x1105, 0x1105, 0x10e5, 0x10e5, 0x10e5, 0x10c4, 0x10e4, 0x10e4, 0x1105, 0x1105, 0x10e4, 0x10e4, 0x10e4,
0x10e5, 0x1105, 0x1126, 0x1106, 0x1126, 0x1127, 0x1126, 0x1126, 0x1126, 0x1127, 0x1127, 0x1127, 0x1147, 0x1147, 0x1127, 0x1127,
0x1126, 0x1126, 0x1126, 0x1126, 0x1126, 0x1126, 0x1126, 0x1126, 0x1126, 0x1126, 0x1126, 0x1126, 0x1126, 0x1146, 0x1126, 0x1126,
0x1126, 0x1126, 0x1146, 0x1106, 0x10e5, 0x10e5, 0x10e5, 0x1126, 0x1126, 0x1105, 0x1105, 0x1105, 0x10e5, 0x10e5, 0x08a3, 0x0041,
0x18e5, 0x10e5, 0x10a3, 0x0820, 0x0020, 0x0020, 0x0020, 0x0862, 0x0041, 0x0041, 0x0842, 0x0862, 0x1106, 0x1147, 0x1127, 0x1127,
0x1127, 0x1127, 0x1106, 0x1105, 0x1126, 0x1126, 0x1105, 0x1106, 
/* -193- */
0x0000, 0x0000, 0x0000, 0x0000, 0x0000, 0x0000, 0x0001, 0x0021, 0x0000, 0x0000, 0x0883, 0x0062, 0x0042, 0x0021, 0x0042, 0x0062,
0x0063, 0x0063, 0x0062, 0x0062, 0x0062, 0x0042, 0x0042, 0x0042, 0x0042, 0x0062, 0x0083, 0x0083, 0x0083, 0x0083, 0x0083, 0x0083,
0x0083, 0x0083, 0x0083, 0x0083, 0x0083, 0x0083, 0x0083, 0x0083, 0x0083, 0x0063, 0x0083, 0x0083, 0x0063, 0x0083, 0x0083, 0x0083,
0x00a3, 0x00a3, 0x08a3, 0x08a3, 0x08a3, 0x08a3, 0x0883, 0x0883, 0x0883, 0x0883, 0x0883, 0x0083, 0x0083, 0x0083, 0x0083, 0x0083,
0x0083, 0x0083, 0x0083, 0x0083, 0x0062, 0x0063, 0x0062, 0x0062, 0x0042, 0x0042, 0x0042, 0x0042, 0x0042, 0x0042, 0x0042, 0x0021,
0x0020, 0x0042, 0x0042, 0x0062, 0x0083, 0x0083, 0x0062, 0x0021, 0x0000, 0x0000, 0x0021, 0x0841, 0x0021, 0x0821, 0x0000, 0x0841,
0x0041, 0x0041, 0x0862, 0x0021, 0x2125, 0x0882, 0x18e4, 0x0882, 0x1082, 0x0000, 0x0862, 0x0841, 0x1061, 0x0820, 0x1041, 0x1882,
0x0000, 0x0041, 0x0021, 0x1082, 0x2145, 0x18e4, 0x0841, 0x2126, 0x10c4, 0x0021, 0x0021, 0x1904, 0x1082, 0x0041, 0x0021, 0x18c3,
0x1083, 0x0041, 0x0021, 0x1061, 0x1061, 0x0841, 0x0020, 0x0882, 0x1126, 0x10e5, 0x0041, 0x08a3, 0x0041, 0x0841, 0x0862, 0x0041,
0x08c4, 0x08a4, 0x0862, 0x0021, 0x0021, 0x0041, 0x08c4, 0x08c4, 0x08a3, 0x0041, 0x0000, 0x0000, 0x0820, 0x0841, 0x0820, 0x0820,
0x0841, 0x10a3, 0x1082, 0x0841, 0x0841, 0x0821, 0x0000, 0x0841, 0x0861, 0x0861, 0x2104, 0x2986, 0x31a6, 0x3186, 0x2103, 0x2965,
0x29a7, 0x29c7, 0x31a7, 0x2945, 0x2103, 0x1061, 0x0041, 0x0041, 0x08a3, 0x10e4, 0x10c4, 0x08c4, 0x10e5, 0x08c4, 0x08e4, 0x10e5,
0x10e5, 0x10e5, 0x10e5, 0x1106, 0x1106, 0x10c4, 0x10c4, 0x10e4, 0x08a3, 0x10a3, 0x10c4, 0x1105, 0x10e5, 0x10e4, 0x10e5, 0x08e4,
0x1105, 0x1105, 0x1126, 0x08e5, 0x1126, 0x1127, 0x1127, 0x1127, 0x1127, 0x1127, 0x1127, 0x1127, 0x1147, 0x1146, 0x1126, 0x1127,
0x1126, 0x1126, 0x1126, 0x1126, 0x1126, 0x1126, 0x1127, 0x1127, 0x1126, 0x1126, 0x1126, 0x1126, 0x1127, 0x1146, 0x1126, 0x1126,
0x1126, 0x1126, 0x1126, 0x1126, 0x10e5, 0x10e4, 0x10e5, 0x1105, 0x1105, 0x10e5, 0x10e5, 0x1105, 0x1105, 0x1105, 0x08a3, 0x0042,
0x1905, 0x10e5, 0x10a3, 0x0841, 0x0020, 0x0000, 0x0000, 0x0841, 0x0021, 0x0020, 0x0841, 0x0000, 0x10e4, 0x1146, 0x1127, 0x1126,
0x1127, 0x1127, 0x1127, 0x1105, 0x1126, 0x1106, 0x1105, 0x10e5, 
/* -194- */
0x0000, 0x0000, 0x0000, 0x0000, 0x0000, 0x0000, 0x0001, 0x0000, 0x0000, 0x0001, 0x0883, 0x0083, 0x0884, 0x00a4, 0x0883, 0x0083,
0x0083, 0x0083, 0x0083, 0x0083, 0x0042, 0x0021, 0x0021, 0x0021, 0x0042, 0x0062, 0x0083, 0x0083, 0x0083, 0x0083, 0x0083, 0x0083,
0x08a4, 0x08c4, 0x08c4, 0x08c4, 0x08c4, 0x08c4, 0x08c4, 0x08c4, 0x08c4, 0x08c4, 0x08c4, 0x08c4, 0x08c4, 0x08c4, 0x08c4, 0x10c4,
0x08a4, 0x08a4, 0x0883, 0x0083, 0x0883, 0x0883, 0x0883, 0x0883, 0x0883, 0x0883, 0x0083, 0x0083, 0x0083, 0x0083, 0x0062, 0x0062,
0x0062, 0x0062, 0x0062, 0x0062, 0x0062, 0x0082, 0x0082, 0x0083, 0x0083, 0x0083, 0x0083, 0x00a3, 0x08a3, 0x0083, 0x0062, 0x0041,
0x0000, 0x0021, 0x0020, 0x0041, 0x0062, 0x0062, 0x0041, 0x0020, 0x0000, 0x0020, 0x0020, 0x0841, 0x0020, 0x0020, 0x0000, 0x0841,
0x0021, 0x0041, 0x0883, 0x0021, 0x1946, 0x10c4, 0x18e4, 0x1082, 0x10a3, 0x0000, 0x10c4, 0x0862, 0x0821, 0x0821, 0x1041, 0x18a2,
0x0000, 0x0042, 0x0021, 0x18c3, 0x2145, 0x10c3, 0x0041, 0x1946, 0x10e4, 0x0021, 0x0041, 0x1904, 0x1082, 0x0020, 0x0021, 0x20c3,
0x10a3, 0x0041, 0x0021, 0x1061, 0x1061, 0x0842, 0x0021, 0x0882, 0x1926, 0x10e5, 0x0041, 0x0883, 0x0041, 0x1061, 0x1062, 0x0041,
0x08a4, 0x08c4, 0x0862, 0x0821, 0x0821, 0x0041, 0x08c4, 0x08c4, 0x08a3, 0x0041, 0x0000, 0x0000, 0x0862, 0x0000, 0x0020, 0x0821,
0x0841, 0x10a3, 0x1082, 0x0861, 0x1082, 0x0841, 0x0020, 0x0862, 0x0883, 0x0862, 0x0841, 0x0841, 0x20e3, 0x18a2, 0x20a2, 0x2904,
0x31a6, 0x31a7, 0x29a7, 0x31a7, 0x31a7, 0x2966, 0x2145, 0x2125, 0x0021, 0x0841, 0x0882, 0x08a3, 0x10c4, 0x10c4, 0x08a3, 0x10e5,
0x10e5, 0x10e5, 0x10e5, 0x1106, 0x1105, 0x10e4, 0x10c4, 0x10e4, 0x08a3, 0x0883, 0x10c4, 0x1105, 0x10e5, 0x10e4, 0x10e5, 0x10e4,
0x10e5, 0x1105, 0x1126, 0x1105, 0x1146, 0x1127, 0x1126, 0x1127, 0x1127, 0x1127, 0x1126, 0x1126, 0x1147, 0x1126, 0x1126, 0x1126,
0x1126, 0x1105, 0x1126, 0x1126, 0x1126, 0x1126, 0x1126, 0x1126, 0x1126, 0x1126, 0x1147, 0x1126, 0x1127, 0x1146, 0x1126, 0x1126,
0x1126, 0x1126, 0x1105, 0x1105, 0x10e5, 0x10e5, 0x10e4, 0x10e5, 0x1105, 0x10e5, 0x10e5, 0x10e5, 0x1105, 0x1105, 0x08a3, 0x0042,
0x1905, 0x10e5, 0x10c4, 0x0861, 0x0020, 0x0000, 0x0000, 0x0020, 0x0020, 0x0000, 0x0820, 0x0000, 0x10e4, 0x1126, 0x1127, 0x1147,
0x1147, 0x1147, 0x1147, 0x08e5, 0x1106, 0x1126, 0x1105, 0x1105, 
/* -195- */
0x10c4, 0x10c4, 0x10a4, 0x10c4, 0x10c4, 0x10c4, 0x08a4, 0x08a4, 0x08c4, 0x08a4, 0x08c4, 0x08a4, 0x08c4, 0x08c4, 0x08c4, 0x08a4,
0x0883, 0x0883, 0x0083, 0x0062, 0x0020, 0x0000, 0x0000, 0x0000, 0x0041, 0x0063, 0x0083, 0x0083, 0x0083, 0x0083, 0x0083, 0x0083,
0x0083, 0x0884, 0x10e5, 0x10e5, 0x10e5, 0x10e5, 0x10c4, 0x10e5, 0x10c5, 0x10e5, 0x08c4, 0x10e4, 0x10e5, 0x10c4, 0x08a4, 0x0883,
0x08a3, 0x08a3, 0x0083, 0x08a3, 0x08a3, 0x0883, 0x0883, 0x0883, 0x0883, 0x0883, 0x0883, 0x0883, 0x0083, 0x0083, 0x0062, 0x0062,
0x0062, 0x0062, 0x0062, 0x0062, 0x0062, 0x0883, 0x08a3, 0x00a3, 0x08a3, 0x0083, 0x0083, 0x0083, 0x0062, 0x0062, 0x0062, 0x0042,
0x0021, 0x0000, 0x0000, 0x0000, 0x0021, 0x0021, 0x0000, 0x0000, 0x0000, 0x0000, 0x0020, 0x0821, 0x0020, 0x0841, 0x0000, 0x0841,
0x0041, 0x0042, 0x0883, 0x0021, 0x1946, 0x10e5, 0x1905, 0x0862, 0x08a3, 0x0000, 0x08c4, 0x0883, 0x0021, 0x0841, 0x1061, 0x1861,
0x0000, 0x0041, 0x0021, 0x10c4, 0x2146, 0x10c3, 0x0862, 0x1946, 0x10e5, 0x0021, 0x0041, 0x0841, 0x0841, 0x0020, 0x0000, 0x18a2,
0x10a3, 0x0041, 0x0041, 0x1882, 0x10a3, 0x0862, 0x0021, 0x0883, 0x1926, 0x10e4, 0x0041, 0x0882, 0x0041, 0x1061, 0x10a2, 0x0842,
0x08a4, 0x08a4, 0x0862, 0x0841, 0x0821, 0x0041, 0x08c4, 0x08c4, 0x08a3, 0x0041, 0x0000, 0x0000, 0x10a4, 0x0042, 0x0000, 0x0000,
0x0000, 0x0821, 0x1061, 0x0841, 0x1082, 0x1082, 0x0020, 0x0882, 0x10a3, 0x10a3, 0x0861, 0x0840, 0x0820, 0x0000, 0x1081, 0x20a2,
0x28e3, 0x2904, 0x2986, 0x31a7, 0x31c7, 0x31a7, 0x29a7, 0x2987, 0x2987, 0x2986, 0x0861, 0x0000, 0x0862, 0x10a3, 0x08a3, 0x1105,
0x10e5, 0x08c4, 0x10e5, 0x1105, 0x10e5, 0x08c4, 0x10c3, 0x10c4, 0x10e4, 0x08a3, 0x08a3, 0x1126, 0x1105, 0x10e4, 0x10e4, 0x10e4,
0x10e5, 0x1106, 0x1126, 0x1126, 0x1126, 0x1126, 0x1126, 0x1127, 0x1147, 0x1127, 0x1127, 0x1126, 0x1126, 0x1126, 0x1126, 0x1126,
0x1105, 0x10e5, 0x1126, 0x1126, 0x1126, 0x1146, 0x1147, 0x1127, 0x1127, 0x1127, 0x1127, 0x1146, 0x1147, 0x1126, 0x1126, 0x1146,
0x1126, 0x1105, 0x1105, 0x1106, 0x10e5, 0x08e4, 0x10e4, 0x10e5, 0x10e5, 0x10e5, 0x08e4, 0x10e5, 0x10e5, 0x10e5, 0x08a3, 0x0062,
0x1905, 0x10e5, 0x0883, 0x0882, 0x0841, 0x0000, 0x0000, 0x0000, 0x0000, 0x0000, 0x0840, 0x0000, 0x10e4, 0x1147, 0x1127, 0x1147,
0x1147, 0x1147, 0x08e5, 0x08e5, 0x1126, 0x1147, 0x1126, 0x0905, 
/* -196- */
0x08e5, 0x08c4, 0x08c4, 0x08c4, 0x08c4, 0x08c4, 0x08c4, 0x08c4, 0x08c4, 0x08c4, 0x08c4, 0x08c4, 0x08c4, 0x08a4, 0x0062, 0x0021,
0x0042, 0x0863, 0x0883, 0x0062, 0x0042, 0x0042, 0x0042, 0x0083, 0x0083, 0x00a4, 0x08c5, 0x08c5, 0x08c4, 0x08c4, 0x08c4, 0x08c5,
0x08c4, 0x10c5, 0x08c4, 0x08c4, 0x10e5, 0x10c5, 0x10c4, 0x10c4, 0x10c4, 0x08a4, 0x0083, 0x0083, 0x0083, 0x0083, 0x0083, 0x0083,
0x0883, 0x0883, 0x0883, 0x0883, 0x0883, 0x0883, 0x0883, 0x0883, 0x0883, 0x0883, 0x0883, 0x0883, 0x0883, 0x0883, 0x0062, 0x0083,
0x0062, 0x0062, 0x0062, 0x0062, 0x0062, 0x0083, 0x0063, 0x0062, 0x0062, 0x0062, 0x0062, 0x0062, 0x0062, 0x0062, 0x0062, 0x0042,
0x0041, 0x0000, 0x0000, 0x0000, 0x0041, 0x0020, 0x0000, 0x0000, 0x0000, 0x0000, 0x0000, 0x0820, 0x0020, 0x0841, 0x0000, 0x0862,
0x0041, 0x0041, 0x0883, 0x0021, 0x1946, 0x10e5, 0x18e4, 0x0862, 0x0883, 0x0000, 0x08e4, 0x0883, 0x0842, 0x0041, 0x0841, 0x18a2,
0x0841, 0x0041, 0x0020, 0x10c4, 0x2167, 0x18e4, 0x0882, 0x2167, 0x1905, 0x0021, 0x0021, 0x1020, 0x0841, 0x0021, 0x0020, 0x18a3,
0x10a3, 0x0042, 0x0841, 0x18a2, 0x10a3, 0x0842, 0x0021, 0x0882, 0x1905, 0x10c4, 0x0041, 0x0882, 0x0041, 0x1061, 0x10a3, 0x0842,
0x08a4, 0x08a4, 0x0862, 0x0841, 0x0841, 0x0041, 0x08c4, 0x08c4, 0x08a3, 0x0041, 0x0000, 0x0000, 0x08a4, 0x0862, 0x0000, 0x0000,
0x0000, 0x0000, 0x0000, 0x0841, 0x10a3, 0x1083, 0x0841, 0x0862, 0x08a3, 0x08a3, 0x10a3, 0x0841, 0x0841, 0x0861, 0x0841, 0x0020,
0x1061, 0x20c3, 0x20e3, 0x2945, 0x2104, 0x2987, 0x29a7, 0x29a7, 0x2987, 0x29a7, 0x2986, 0x1904, 0x0862, 0x0841, 0x0862, 0x10c4,
0x08a3, 0x08c4, 0x10e4, 0x10e5, 0x08c4, 0x08c4, 0x08c4, 0x10c4, 0x10e5, 0x1105, 0x10e5, 0x1105, 0x10e5, 0x10e4, 0x10e4, 0x10e4,
0x10e5, 0x1105, 0x1105, 0x1126, 0x1126, 0x1126, 0x1126, 0x1126, 0x1127, 0x1127, 0x1127, 0x1126, 0x1126, 0x1105, 0x1105, 0x1126,
0x1105, 0x1105, 0x1126, 0x1126, 0x1126, 0x1147, 0x1147, 0x1147, 0x1126, 0x1127, 0x1127, 0x1126, 0x1126, 0x1126, 0x1126, 0x1126,
0x1126, 0x1105, 0x1105, 0x10e5, 0x10e5, 0x08e4, 0x10e4, 0x08e5, 0x10e5, 0x10e5, 0x10e4, 0x10e5, 0x10e5, 0x10e5, 0x08a3, 0x0042,
0x1905, 0x10c4, 0x0883, 0x0882, 0x0841, 0x0020, 0x0000, 0x0000, 0x0020, 0x0000, 0x0820, 0x0000, 0x10e4, 0x1147, 0x1147, 0x1147,
0x1147, 0x1147, 0x1126, 0x1126, 0x1147, 0x1147, 0x1126, 0x1126, 
/* -197- */
0x0883, 0x0883, 0x0883, 0x0883, 0x0883, 0x0883, 0x0883, 0x0863, 0x0863, 0x0863, 0x0863, 0x0863, 0x0863, 0x0062, 0x0041, 0x0041,
0x0842, 0x0862, 0x0862, 0x0862, 0x0883, 0x0883, 0x0062, 0x0883, 0x08a4, 0x08a4, 0x08c4, 0x08c4, 0x08c4, 0x08a4, 0x08a4, 0x08a4,
0x08a4, 0x08c5, 0x08c4, 0x08a4, 0x08c4, 0x08c4, 0x10c4, 0x08a3, 0x0883, 0x0083, 0x0082, 0x0082, 0x0062, 0x0083, 0x0083, 0x0083,
0x0083, 0x0883, 0x0883, 0x0883, 0x08a3, 0x08a3, 0x08a3, 0x08a3, 0x08a3, 0x0883, 0x0883, 0x0083, 0x0083, 0x0083, 0x0083, 0x0083,
0x0083, 0x0083, 0x0083, 0x0062, 0x0062, 0x0062, 0x0062, 0x0062, 0x0062, 0x0062, 0x0062, 0x0062, 0x0062, 0x0062, 0x0062, 0x0041,
0x0021, 0x0020, 0x0000, 0x0000, 0x0062, 0x0021, 0x0020, 0x0020, 0x0000, 0x0000, 0x0000, 0x0020, 0x0000, 0x0021, 0x0000, 0x0862,
0x0021, 0x0021, 0x0862, 0x0021, 0x1946, 0x10e4, 0x10c3, 0x0862, 0x0883, 0x0000, 0x10e4, 0x0883, 0x0042, 0x0862, 0x0841, 0x0841,
0x1061, 0x1882, 0x0821, 0x18c4, 0x2167, 0x18e4, 0x0862, 0x2187, 0x1905, 0x0021, 0x0021, 0x1061, 0x1061, 0x0021, 0x0020, 0x18a3,
0x10a3, 0x0042, 0x0841, 0x18c3, 0x10c3, 0x0041, 0x0021, 0x0882, 0x1105, 0x10c4, 0x0041, 0x0883, 0x0041, 0x1061, 0x1082, 0x0842,
0x08a4, 0x08a4, 0x0862, 0x0841, 0x0841, 0x0041, 0x08c4, 0x08c4, 0x08a3, 0x0041, 0x0000, 0x0000, 0x08a4, 0x0862, 0x0000, 0x0000,
0x0000, 0x0000, 0x0000, 0x0020, 0x0841, 0x0841, 0x0820, 0x0820, 0x0882, 0x08a3, 0x08a3, 0x1083, 0x1062, 0x0020, 0x0020, 0x0821,
0x0841, 0x0841, 0x0020, 0x1082, 0x18e4, 0x2945, 0x3166, 0x3186, 0x2965, 0x2945, 0x2965, 0x2966, 0x2946, 0x2966, 0x2146, 0x10a3,
0x0862, 0x0862, 0x0882, 0x0883, 0x10c4, 0x10c4, 0x10c4, 0x10c4, 0x10e4, 0x1105, 0x10e4, 0x10e5, 0x10e5, 0x08e4, 0x10e4, 0x10e4,
0x10e5, 0x1105, 0x1105, 0x1105, 0x1126, 0x1126, 0x1106, 0x1126, 0x1127, 0x1126, 0x1127, 0x1126, 0x1126, 0x1105, 0x1105, 0x1126,
0x10e5, 0x1105, 0x1126, 0x1126, 0x1126, 0x1146, 0x1147, 0x1147, 0x1147, 0x1127, 0x1147, 0x1126, 0x1106, 0x1126, 0x1126, 0x1126,
0x10e5, 0x10e5, 0x10e5, 0x10e5, 0x10e5, 0x10e5, 0x10e5, 0x10e5, 0x10e5, 0x10e5, 0x10e5, 0x10e5, 0x10e5, 0x10e5, 0x08a3, 0x0042,
0x10e4, 0x10e5, 0x08a3, 0x0862, 0x0862, 0x0021, 0x0021, 0x0062, 0x0041, 0x0021, 0x0020, 0x0020, 0x10e4, 0x1126, 0x1127, 0x1127,
0x1147, 0x1147, 0x1147, 0x1147, 0x1147, 0x1147, 0x1146, 0x1105, 
/* -198- */
0x0021, 0x0021, 0x0021, 0x0021, 0x0021, 0x0021, 0x0021, 0x0001, 0x0021, 0x0862, 0x0883, 0x0883, 0x08a3, 0x08a3, 0x10a3, 0x08a3,
0x08a3, 0x10a3, 0x08a3, 0x0883, 0x08a3, 0x10c4, 0x08a3, 0x08a3, 0x08a4, 0x08a4, 0x08c4, 0x08a4, 0x08a3, 0x0083, 0x0083, 0x0083,
0x0083, 0x0083, 0x08a3, 0x08a3, 0x0883, 0x0883, 0x0862, 0x0062, 0x0083, 0x0063, 0x0063, 0x0063, 0x0883, 0x08a3, 0x08a4, 0x08c4,
0x08c4, 0x08a3, 0x08c4, 0x10c4, 0x08c4, 0x08c4, 0x08c4, 0x10c4, 0x10c4, 0x08a3, 0x0083, 0x0083, 0x0083, 0x0083, 0x0083, 0x0083,
0x0083, 0x0083, 0x0083, 0x0083, 0x0083, 0x0062, 0x0062, 0x0062, 0x0062, 0x0062, 0x0062, 0x0062, 0x0062, 0x0062, 0x0042, 0x0021,
0x0021, 0x0020, 0x0000, 0x0000, 0x0062, 0x0021, 0x0021, 0x0041, 0x0021, 0x0020, 0x0000, 0x0000, 0x0000, 0x0820, 0x0000, 0x0861,
0x0020, 0x0020, 0x0862, 0x0021, 0x1946, 0x18e4, 0x10a3, 0x0862, 0x0883, 0x0000, 0x10e5, 0x0883, 0x0042, 0x0062, 0x0021, 0x1062,
0x0821, 0x1082, 0x0821, 0x10a2, 0x2945, 0x10a3, 0x0862, 0x2167, 0x1905, 0x0041, 0x0020, 0x18c2, 0x1082, 0x0021, 0x0020, 0x20e4,
0x10a3, 0x0041, 0x0841, 0x18e4, 0x10c3, 0x0041, 0x0021, 0x0882, 0x1105, 0x10c4, 0x0041, 0x0883, 0x0021, 0x0821, 0x0841, 0x0041,
0x08a4, 0x08a4, 0x0862, 0x0841, 0x1041, 0x0841, 0x08c4, 0x08c4, 0x08a3, 0x0841, 0x0020, 0x0000, 0x08a3, 0x0862, 0x0000, 0x0000,
0x0000, 0x0000, 0x0000, 0x0000, 0x0020, 0x0021, 0x0000, 0x0000, 0x0841, 0x0883, 0x08a3, 0x0862, 0x0841, 0x0820, 0x0841, 0x0862,
0x08a3, 0x0883, 0x0862, 0x0861, 0x0841, 0x1081, 0x20c2, 0x28e3, 0x20c3, 0x1882, 0x20a2, 0x28e3, 0x28e4, 0x2966, 0x29a7, 0x2166,
0x2104, 0x18e3, 0x18c3, 0x10a2, 0x0861, 0x0883, 0x10a3, 0x10c4, 0x10e5, 0x10e5, 0x08c4, 0x10e4, 0x08e4, 0x08e4, 0x10e4, 0x08e4,
0x10e5, 0x1105, 0x10e5, 0x1105, 0x1106, 0x1126, 0x1126, 0x1126, 0x1127, 0x1126, 0x1126, 0x1126, 0x1126, 0x1105, 0x1105, 0x1126,
0x1105, 0x1105, 0x1106, 0x1126, 0x1126, 0x1126, 0x1147, 0x1147, 0x1147, 0x1127, 0x1126, 0x1126, 0x1126, 0x1126, 0x1126, 0x1126,
0x10e5, 0x10e5, 0x10e5, 0x10e5, 0x10e5, 0x10e5, 0x10e5, 0x10e5, 0x10e5, 0x10e5, 0x10e5, 0x10e5, 0x10e5, 0x10e5, 0x08a3, 0x0842,
0x10e4, 0x1105, 0x10a4, 0x0862, 0x0842, 0x0021, 0x0021, 0x0083, 0x0062, 0x0062, 0x0062, 0x0062, 0x10e5, 0x1106, 0x1126, 0x1126,
0x1147, 0x1146, 0x1146, 0x1147, 0x1147, 0x1147, 0x1147, 0x1126, 
/* -199- */
0x0021, 0x0021, 0x0021, 0x0021, 0x0021, 0x0001, 0x0001, 0x0041, 0x0883, 0x10c4, 0x10c4, 0x10a3, 0x0883, 0x0883, 0x0883, 0x0883,
0x0862, 0x0883, 0x0862, 0x0862, 0x0883, 0x0883, 0x0862, 0x0862, 0x0883, 0x08a3, 0x10c4, 0x10e5, 0x08a3, 0x0063, 0x0063, 0x0062,
0x0063, 0x0083, 0x0083, 0x0042, 0x0042, 0x0062, 0x0062, 0x0062, 0x08a4, 0x10c4, 0x10c4, 0x10c4, 0x10c4, 0x10c4, 0x10e4, 0x10e5,
0x10e4, 0x10e4, 0x10c4, 0x08a3, 0x0883, 0x0883, 0x0083, 0x0883, 0x0883, 0x0083, 0x0083, 0x0083, 0x0083, 0x0083, 0x0883, 0x0883,
0x0883, 0x0883, 0x0083, 0x0083, 0x0083, 0x0083, 0x0063, 0x0083, 0x0063, 0x0062, 0x0062, 0x0062, 0x0062, 0x0042, 0x0021, 0x0000,
0x0000, 0x0000, 0x0000, 0x0000, 0x0021, 0x0021, 0x0021, 0x0042, 0x0021, 0x0020, 0x0020, 0x0020, 0x0000, 0x0020, 0x0020, 0x0861,
0x0041, 0x0020, 0x0862, 0x0021, 0x1926, 0x10e4, 0x10a3, 0x0862, 0x08a3, 0x0001, 0x10e4, 0x0883, 0x0862, 0x0862, 0x0000, 0x1061,
0x0841, 0x0882, 0x0020, 0x1062, 0x20c3, 0x1082, 0x0862, 0x2166, 0x18e4, 0x0021, 0x0000, 0x1061, 0x1061, 0x0021, 0x0021, 0x2104,
0x10a3, 0x0021, 0x0041, 0x18e4, 0x10c3, 0x0041, 0x0021, 0x0882, 0x1925, 0x10c4, 0x0021, 0x0062, 0x0021, 0x1062, 0x10a2, 0x0842,
0x08a4, 0x08a4, 0x0862, 0x0862, 0x1062, 0x0841, 0x08c4, 0x08c4, 0x08a3, 0x0841, 0x0821, 0x0000, 0x08a3, 0x0862, 0x0000, 0x0000,
0x0000, 0x0000, 0x0000, 0x0000, 0x0041, 0x0883, 0x08a3, 0x0021, 0x0020, 0x0842, 0x0883, 0x0861, 0x0841, 0x0862, 0x0862, 0x0883,
0x08a3, 0x08a3, 0x0883, 0x08a3, 0x0862, 0x0841, 0x0841, 0x1061, 0x1861, 0x1061, 0x1882, 0x20a2, 0x28e3, 0x2924, 0x2986, 0x2966,
0x2166, 0x2986, 0x2987, 0x2924, 0x18a2, 0x1082, 0x0841, 0x0041, 0x10a3, 0x10c4, 0x10c4, 0x08c4, 0x10e5, 0x08e4, 0x08e4, 0x10e4,
0x10e4, 0x10e4, 0x10e4, 0x1105, 0x1106, 0x1126, 0x1126, 0x1106, 0x1127, 0x1126, 0x1126, 0x1126, 0x1106, 0x1105, 0x1105, 0x1126,
0x1105, 0x10e5, 0x1105, 0x1106, 0x1106, 0x1127, 0x1127, 0x1147, 0x1147, 0x1127, 0x1126, 0x1126, 0x1126, 0x1126, 0x1126, 0x1106,
0x1105, 0x10e5, 0x10e5, 0x10e5, 0x10e5, 0x10e5, 0x10e5, 0x10e5, 0x10e5, 0x10e5, 0x10e5, 0x1105, 0x1105, 0x10e5, 0x08a3, 0x0862,
0x1905, 0x1105, 0x10c4, 0x0841, 0x0021, 0x0020, 0x0021, 0x0082, 0x0062, 0x0063, 0x0062, 0x08a3, 0x10e5, 0x10e5, 0x1105, 0x1105,
0x1126, 0x1126, 0x1126, 0x1146, 0x1147, 0x1147, 0x1147, 0x1126, 
/* -200- */
0x0000, 0x0000, 0x0021, 0x0021, 0x0041, 0x0000, 0x0021, 0x0042, 0x0862, 0x0883, 0x0042, 0x0042, 0x0863, 0x08a3, 0x0883, 0x0021,
0x0021, 0x0021, 0x0020, 0x0021, 0x0021, 0x0021, 0x0021, 0x0062, 0x08a4, 0x08a3, 0x08a4, 0x08c4, 0x0883, 0x08a4, 0x10c4, 0x10c4,
0x08c4, 0x10c4, 0x10c4, 0x10c4, 0x08a4, 0x08a3, 0x08a3, 0x08c4, 0x10c4, 0x10e4, 0x10e5, 0x10e5, 0x10e4, 0x10e4, 0x10e4, 0x10e5,
0x10e4, 0x10e4, 0x10c4, 0x0883, 0x0062, 0x0083, 0x0083, 0x0083, 0x0083, 0x0083, 0x0083, 0x0083, 0x0083, 0x0083, 0x0883, 0x0883,
0x0883, 0x0883, 0x0062, 0x0042, 0x0062, 0x0062, 0x0062, 0x0062, 0x0062, 0x0042, 0x0041, 0x0001, 0x0042, 0x0062, 0x0042, 0x0000,
0x0000, 0x0020, 0x0000, 0x0000, 0x0000, 0x0000, 0x0021, 0x0862, 0x0841, 0x0840, 0x0020, 0x0020, 0x0000, 0x0000, 0x0841, 0x0020,
0x0841, 0x0041, 0x0861, 0x0020, 0x1925, 0x10a3, 0x10a2, 0x0862, 0x08a3, 0x0000, 0x10c4, 0x0042, 0x08a3, 0x0883, 0x0021, 0x18a2,
0x0021, 0x0042, 0x0021, 0x1062, 0x18a2, 0x0841, 0x0862, 0x2146, 0x1904, 0x0021, 0x0000, 0x1881, 0x1061, 0x0821, 0x0021, 0x18c3,
0x0882, 0x0021, 0x0041, 0x18e4, 0x18c2, 0x0841, 0x0021, 0x0882, 0x1905, 0x10c4, 0x0041, 0x0062, 0x0021, 0x1082, 0x18e3, 0x0862,
0x08a4, 0x08a4, 0x0883, 0x1082, 0x1062, 0x0841, 0x08c4, 0x08a4, 0x0883, 0x0841, 0x0841, 0x0000, 0x0883, 0x0062, 0x0000, 0x0000,
0x0000, 0x0000, 0x0000, 0x0000, 0x0862, 0x08c4, 0x08e4, 0x08c4, 0x0041, 0x0000, 0x0841, 0x0841, 0x1062, 0x1062, 0x0841, 0x0882,
0x08a3, 0x08a4, 0x08a3, 0x10a3, 0x08a3, 0x0862, 0x0882, 0x0841, 0x0820, 0x0820, 0x1040, 0x1881, 0x20a2, 0x20a2, 0x20e4, 0x20e3,
0x2124, 0x2965, 0x3186, 0x3124, 0x2924, 0x2924, 0x18c3, 0x0821, 0x0021, 0x0021, 0x0883, 0x10e5, 0x10e5, 0x10e4, 0x10e4, 0x10e4,
0x10e4, 0x10e4, 0x10e4, 0x1105, 0x1106, 0x1106, 0x1126, 0x1106, 0x1126, 0x1127, 0x1126, 0x1126, 0x1126, 0x1105, 0x1105, 0x1105,
0x1105, 0x10e5, 0x10e5, 0x1105, 0x1106, 0x1127, 0x1147, 0x1147, 0x1127, 0x1127, 0x1126, 0x1127, 0x1127, 0x1126, 0x1126, 0x1105,
0x1105, 0x10e5, 0x10e5, 0x10e5, 0x10e5, 0x10e5, 0x10e5, 0x10e5, 0x10e5, 0x10e5, 0x10e5, 0x10e5, 0x10e5, 0x10e5, 0x08a3, 0x0041,
0x18e4, 0x10c4, 0x10a3, 0x0841, 0x0820, 0x0000, 0x0021, 0x0062, 0x0063, 0x0062, 0x0063, 0x08c4, 0x10e5, 0x10e5, 0x10e5, 0x10e5,
0x1105, 0x1106, 0x1106, 0x1126, 0x1126, 0x1147, 0x1147, 0x1126, 
/* -201- */
0x0862, 0x0021, 0x0021, 0x0001, 0x0001, 0x0001, 0x0001, 0x0021, 0x0041, 0x0041, 0x0862, 0x10a3, 0x10c4, 0x10c4, 0x10a3, 0x10a3,
0x10a3, 0x10a3, 0x10c4, 0x10c4, 0x10c4, 0x10c4, 0x10c4, 0x10c4, 0x10e4, 0x10e5, 0x10e5, 0x10e5, 0x10e5, 0x10e4, 0x10e4, 0x10e4,
0x10c4, 0x10e4, 0x10e4, 0x10c4, 0x0883, 0x0862, 0x0062, 0x0062, 0x0883, 0x0883, 0x08a3, 0x08a3, 0x10c4, 0x10e4, 0x10e4, 0x10e4,
0x10e5, 0x10e4, 0x10e4, 0x10c4, 0x10c4, 0x10c4, 0x08c4, 0x0883, 0x0083, 0x0083, 0x0083, 0x0083, 0x0083, 0x0083, 0x0883, 0x0083,
0x0083, 0x0062, 0x0041, 0x0000, 0x0001, 0x0021, 0x0021, 0x0021, 0x0000, 0x0000, 0x0041, 0x0041, 0x0041, 0x0041, 0x0021, 0x0021,
0x0042, 0x0862, 0x0862, 0x0862, 0x0000, 0x0000, 0x0021, 0x0062, 0x0021, 0x0021, 0x0041, 0x0041, 0x0021, 0x0000, 0x0000, 0x0000,
0x0821, 0x0000, 0x0841, 0x0020, 0x1904, 0x1082, 0x10a2, 0x0862, 0x1083, 0x0000, 0x10c4, 0x0062, 0x08a3, 0x0862, 0x0021, 0x1061,
0x0021, 0x0042, 0x0020, 0x0841, 0x0820, 0x0820, 0x1061, 0x1082, 0x1061, 0x0020, 0x0000, 0x18c3, 0x1082, 0x0041, 0x0020, 0x20e3,
0x10a2, 0x0021, 0x0041, 0x18c2, 0x18c2, 0x0841, 0x0021, 0x0862, 0x1105, 0x10c4, 0x0041, 0x0882, 0x0821, 0x18a2, 0x1904, 0x0861,
0x08a4, 0x08a4, 0x0883, 0x1082, 0x1062, 0x0841, 0x08c4, 0x08c4, 0x0883, 0x0841, 0x0841, 0x0000, 0x0883, 0x0862, 0x0000, 0x0000,
0x0000, 0x0000, 0x0000, 0x0000, 0x0862, 0x08c4, 0x08e4, 0x08e5, 0x10e4, 0x0862, 0x0000, 0x0020, 0x0841, 0x0841, 0x0841, 0x0883,
0x08a3, 0x08a3, 0x08a3, 0x08a3, 0x08a3, 0x08a3, 0x0861, 0x0000, 0x0841, 0x0841, 0x0820, 0x0820, 0x1061, 0x20c3, 0x2946, 0x2925,
0x28e3, 0x28e3, 0x2904, 0x28e3, 0x20c3, 0x2924, 0x2965, 0x2986, 0x2166, 0x2166, 0x0841, 0x0862, 0x08a3, 0x10c4, 0x10c4, 0x10c4,
0x10e4, 0x10e5, 0x10e5, 0x1106, 0x1106, 0x1106, 0x1126, 0x1126, 0x1126, 0x1126, 0x1126, 0x1126, 0x1105, 0x10e5, 0x1105, 0x1105,
0x10e5, 0x08e4, 0x10e5, 0x1105, 0x1947, 0x1147, 0x1147, 0x1147, 0x1147, 0x1126, 0x1126, 0x1147, 0x1126, 0x1106, 0x1106, 0x1105,
0x10e5, 0x10e5, 0x10e5, 0x10e5, 0x1105, 0x10e5, 0x10e5, 0x10e5, 0x1105, 0x10e5, 0x10e5, 0x10e5, 0x10e5, 0x10c4, 0x0862, 0x0021,
0x10a3, 0x1083, 0x1083, 0x0841, 0x0820, 0x0000, 0x0021, 0x0062, 0x0062, 0x0062, 0x0063, 0x08c4, 0x10e5, 0x10e5, 0x10e5, 0x10e5,
0x10e5, 0x1105, 0x1126, 0x1105, 0x1105, 0x1126, 0x1126, 0x1146, 
/* -202- */
0x10c4, 0x0062, 0x0042, 0x0042, 0x0042, 0x0042, 0x0022, 0x0041, 0x0041, 0x0041, 0x0883, 0x08a3, 0x0862, 0x0883, 0x0862, 0x0862,
0x0862, 0x0883, 0x08a3, 0x10a4, 0x10c4, 0x10c4, 0x10c4, 0x10c4, 0x10e4, 0x10e4, 0x10e4, 0x10e4, 0x10e4, 0x10c4, 0x10e4, 0x10e4,
0x10e4, 0x10c4, 0x10c4, 0x10e4, 0x10e4, 0x10e4, 0x10c4, 0x08a3, 0x08a3, 0x08a3, 0x08a3, 0x10c4, 0x10c4, 0x10e4, 0x10c4, 0x10c4,
0x10c4, 0x10e4, 0x10e4, 0x10c4, 0x10c4, 0x08c4, 0x08a4, 0x08c4, 0x08c4, 0x0883, 0x0883, 0x0083, 0x0083, 0x0083, 0x0083, 0x0062,
0x0062, 0x0042, 0x0041, 0x0041, 0x0021, 0x0041, 0x0041, 0x0041, 0x0041, 0x0062, 0x0062, 0x0062, 0x0062, 0x0082, 0x0062, 0x0062,
0x0062, 0x0062, 0x0862, 0x0021, 0x0000, 0x0000, 0x0041, 0x0042, 0x0021, 0x0041, 0x0062, 0x0042, 0x0042, 0x0021, 0x0000, 0x0020,
0x0020, 0x0000, 0x0841, 0x0000, 0x18c3, 0x0862, 0x1082, 0x0861, 0x1082, 0x0001, 0x08c4, 0x0863, 0x1083, 0x0842, 0x0020, 0x1061,
0x0021, 0x0042, 0x0021, 0x1082, 0x0820, 0x0820, 0x0841, 0x1882, 0x1082, 0x0020, 0x0020, 0x2924, 0x1061, 0x0020, 0x0000, 0x20e3,
0x1082, 0x0041, 0x0041, 0x18a2, 0x18e3, 0x0862, 0x0021, 0x0862, 0x1105, 0x10c4, 0x0041, 0x0882, 0x0821, 0x18a2, 0x2103, 0x0861,
0x08a4, 0x08a4, 0x0882, 0x1082, 0x1062, 0x0841, 0x08c4, 0x08c4, 0x0883, 0x0862, 0x0841, 0x0000, 0x0883, 0x0862, 0x0000, 0x0000,
0x0820, 0x0800, 0x0000, 0x0820, 0x0862, 0x08c4, 0x08c4, 0x08e5, 0x08e4, 0x0883, 0x0000, 0x0000, 0x0000, 0x0020, 0x0841, 0x0882,
0x0883, 0x10a3, 0x0882, 0x10a3, 0x08a3, 0x0882, 0x0841, 0x0820, 0x1062, 0x1082, 0x0841, 0x0820, 0x0000, 0x0000, 0x0841, 0x20e4,
0x28c2, 0x2904, 0x3145, 0x28e3, 0x2903, 0x2986, 0x29a7, 0x29a7, 0x2987, 0x2187, 0x2187, 0x2166, 0x1082, 0x0862, 0x0862, 0x0882,
0x10c4, 0x10e4, 0x1105, 0x1106, 0x1106, 0x1126, 0x1126, 0x1126, 0x1126, 0x1126, 0x1126, 0x1126, 0x1105, 0x10e5, 0x1105, 0x1105,
0x10e5, 0x10e5, 0x10e5, 0x10e5, 0x1147, 0x1147, 0x1146, 0x1147, 0x1126, 0x1126, 0x1127, 0x1147, 0x1105, 0x1105, 0x1105, 0x10e5,
0x1105, 0x1105, 0x10e5, 0x10e5, 0x10e5, 0x10e5, 0x10e5, 0x1105, 0x1105, 0x1105, 0x10e5, 0x10e5, 0x08a3, 0x0862, 0x0841, 0x0020,
0x0861, 0x1061, 0x0861, 0x0820, 0x0020, 0x0000, 0x0020, 0x0021, 0x0042, 0x0062, 0x08a3, 0x10e5, 0x10e5, 0x10e5, 0x10e5, 0x1105,
0x10e5, 0x10e5, 0x1105, 0x10e5, 0x1105, 0x1126, 0x1105, 0x1126, 
/* -203- */
0x10c4, 0x10c4, 0x10c4, 0x10c4, 0x10c4, 0x10e4, 0x10c4, 0x10c4, 0x10c4, 0x10c4, 0x08c4, 0x0883, 0x0862, 0x08a3, 0x10c4, 0x10c4,
0x10c4, 0x10a3, 0x10c4, 0x10e4, 0x10e4, 0x10e4, 0x10e4, 0x10c4, 0x10e4, 0x10e4, 0x10e4, 0x10e4, 0x10c4, 0x10c4, 0x10e4, 0x10e4,
0x10e4, 0x10c4, 0x10c4, 0x10c4, 0x10c4, 0x10c4, 0x10e4, 0x10e4, 0x10e4, 0x10e4, 0x10e4, 0x10e4, 0x10e5, 0x10e4, 0x10c4, 0x08a3,
0x08a3, 0x08a3, 0x08a3, 0x0883, 0x08a3, 0x08c4, 0x10c4, 0x10c4, 0x10e4, 0x10e4, 0x08a3, 0x0083, 0x0083, 0x0063, 0x0062, 0x0062,
0x0041, 0x0000, 0x0000, 0x0000, 0x0021, 0x0021, 0x0041, 0x0041, 0x0042, 0x0062, 0x0062, 0x0062, 0x0062, 0x0062, 0x0041, 0x0041,
0x0021, 0x0021, 0x0020, 0x0000, 0x0000, 0x0000, 0x0021, 0x0041, 0x0000, 0x0020, 0x0021, 0x0021, 0x0021, 0x0021, 0x0020, 0x0000,
0x0020, 0x0000, 0x0841, 0x0020, 0x1082, 0x0820, 0x1061, 0x0861, 0x10a3, 0x0001, 0x08c4, 0x0863, 0x1083, 0x0841, 0x0841, 0x18c3,
0x0021, 0x0042, 0x0021, 0x1082, 0x0820, 0x0000, 0x0000, 0x1061, 0x10a2, 0x0021, 0x0021, 0x20e3, 0x1061, 0x0021, 0x0000, 0x18c3,
0x1082, 0x0042, 0x0021, 0x1082, 0x10c3, 0x0062, 0x0042, 0x0883, 0x1105, 0x10c4, 0x0041, 0x0882, 0x0021, 0x1882, 0x20e3, 0x0862,
0x08a4, 0x08a3, 0x0862, 0x1082, 0x1062, 0x0841, 0x08c4, 0x08c4, 0x0883, 0x0883, 0x0883, 0x0000, 0x08a3, 0x0882, 0x0000, 0x0020,
0x1061, 0x0820, 0x0820, 0x0841, 0x0862, 0x08c4, 0x08c4, 0x08c4, 0x08c4, 0x0862, 0x0000, 0x0000, 0x0000, 0x0021, 0x0841, 0x0841,
0x0021, 0x0841, 0x0862, 0x0862, 0x0882, 0x0862, 0x1062, 0x0820, 0x1041, 0x10a3, 0x1062, 0x0841, 0x0821, 0x0820, 0x0020, 0x1041,
0x1041, 0x18a2, 0x18a2, 0x20c2, 0x2904, 0x2966, 0x2987, 0x2187, 0x2187, 0x2187, 0x29a8, 0x29a7, 0x2146, 0x2145, 0x18e3, 0x18a3,
0x0861, 0x0882, 0x10c4, 0x08c4, 0x10e5, 0x1106, 0x1126, 0x1126, 0x1126, 0x1126, 0x1126, 0x1106, 0x1105, 0x10e5, 0x1105, 0x1105,
0x10e5, 0x10e5, 0x10e5, 0x10e5, 0x1947, 0x1147, 0x1146, 0x1146, 0x1126, 0x1126, 0x1127, 0x1126, 0x1105, 0x1105, 0x1105, 0x1105,
0x1105, 0x10e5, 0x1105, 0x10e5, 0x1105, 0x1105, 0x10e5, 0x10e5, 0x10e5, 0x10e5, 0x10e5, 0x10e5, 0x0041, 0x10a3, 0x18c3, 0x10a3,
0x1082, 0x1082, 0x0841, 0x0820, 0x0020, 0x0020, 0x0020, 0x0000, 0x0000, 0x0041, 0x08a4, 0x10e5, 0x1105, 0x1105, 0x10e5, 0x10e5,
0x10e5, 0x10e5, 0x10e5, 0x10e5, 0x1126, 0x1147, 0x1105, 0x1126, 
/* -204- */
0x10c4, 0x10c4, 0x10c4, 0x10c4, 0x10e4, 0x10e4, 0x10e4, 0x10e4, 0x10e4, 0x10e4, 0x10c4, 0x10c4, 0x10c4, 0x10e4, 0x10e4, 0x10e4,
0x10e4, 0x10e4, 0x10e4, 0x10e4, 0x10e4, 0x10e4, 0x10e4, 0x10e4, 0x10e4, 0x10c4, 0x10e4, 0x10e4, 0x10e4, 0x10e4, 0x10c4, 0x10c4,
0x10c4, 0x10c4, 0x10c4, 0x10c4, 0x10c4, 0x10c4, 0x10e4, 0x10e4, 0x10e4, 0x10e4, 0x10e4, 0x10e4, 0x10e4, 0x10e4, 0x10e4, 0x10c4,
0x10c4, 0x10c4, 0x10c4, 0x10e4, 0x10e4, 0x10e5, 0x10e4, 0x10e4, 0x10e4, 0x10e4, 0x0883, 0x0083, 0x0083, 0x0063, 0x0883, 0x0883,
0x0062, 0x0062, 0x0021, 0x0021, 0x0021, 0x0021, 0x0041, 0x0042, 0x0041, 0x0021, 0x0021, 0x0021, 0x0021, 0x0020, 0x0000, 0x0000,
0x0000, 0x0000, 0x0000, 0x0000, 0x0000, 0x0020, 0x0841, 0x0020, 0x0000, 0x0000, 0x0021, 0x0021, 0x0021, 0x0041, 0x0021, 0x0000,
0x0000, 0x0021, 0x0861, 0x0020, 0x0862, 0x0841, 0x1061, 0x0882, 0x10c4, 0x0021, 0x10c4, 0x0062, 0x1062, 0x0841, 0x0862, 0x2105,
0x0021, 0x0042, 0x0021, 0x1082, 0x0820, 0x0000, 0x0820, 0x18a2, 0x18a2, 0x0021, 0x0021, 0x2104, 0x1062, 0x0021, 0x0021, 0x2105,
0x0883, 0x0042, 0x0041, 0x18c3, 0x1904, 0x0062, 0x0062, 0x0883, 0x1105, 0x10c3, 0x0041, 0x0882, 0x0821, 0x1861, 0x18a2, 0x0861,
0x08a4, 0x08a3, 0x0862, 0x10a3, 0x18c4, 0x0841, 0x08a4, 0x08a4, 0x0883, 0x0883, 0x08a3, 0x0000, 0x0883, 0x0882, 0x0000, 0x0820,
0x1082, 0x1061, 0x1061, 0x0841, 0x0862, 0x08c4, 0x08c4, 0x08c4, 0x08c4, 0x0862, 0x0000, 0x0000, 0x0001, 0x0042, 0x08c4, 0x08a4,
0x0862, 0x0021, 0x0020, 0x0000, 0x0841, 0x1062, 0x1082, 0x0821, 0x1041, 0x1082, 0x1062, 0x0841, 0x0820, 0x0840, 0x0841, 0x1062,
0x0841, 0x0820, 0x0820, 0x0820, 0x1061, 0x2904, 0x2966, 0x2145, 0x2966, 0x2987, 0x29a7, 0x2966, 0x2966, 0x2986, 0x2986, 0x2924,
0x20a2, 0x18a2, 0x18c3, 0x0841, 0x0882, 0x10c4, 0x10e5, 0x1105, 0x1106, 0x1106, 0x1106, 0x1105, 0x1105, 0x1105, 0x10e5, 0x1105,
0x1105, 0x1105, 0x10e5, 0x1105, 0x1126, 0x1147, 0x1147, 0x1147, 0x1126, 0x1126, 0x1147, 0x1106, 0x1105, 0x1105, 0x1105, 0x1105,
0x10e5, 0x10e5, 0x10e5, 0x10e5, 0x10e5, 0x10e5, 0x10e5, 0x10e5, 0x10e5, 0x10e5, 0x10e5, 0x10e4, 0x0020, 0x0861, 0x1082, 0x10a3,
0x18c3, 0x18c3, 0x10a3, 0x0861, 0x0821, 0x0821, 0x0041, 0x0841, 0x0021, 0x0041, 0x0083, 0x10e5, 0x1105, 0x1105, 0x10e5, 0x10e5,
0x10e5, 0x10e5, 0x1105, 0x10e5, 0x1106, 0x1146, 0x1105, 0x1126, 
/* -205- */
0x10c4, 0x10c4, 0x10c4, 0x10c4, 0x10c4, 0x10e4, 0x10e4, 0x10e4, 0x10e4, 0x10e5, 0x10e5, 0x10e4, 0x10e4, 0x10e5, 0x1105, 0x10e5,
0x10e5, 0x10e4, 0x10e4, 0x10c4, 0x10e4, 0x10e4, 0x10e4, 0x10c4, 0x10e4, 0x10e4, 0x10c4, 0x10c4, 0x10e4, 0x10e4, 0x10c4, 0x10c4,
0x10c4, 0x10c4, 0x10c4, 0x10e4, 0x10e4, 0x10e4, 0x10e5, 0x10e5, 0x10e4, 0x10e4, 0x10e4, 0x10e4, 0x10e4, 0x10e4, 0x10e4, 0x10e4,
0x10e4, 0x10e5, 0x10e4, 0x10e5, 0x10e5, 0x10e5, 0x10e4, 0x10e4, 0x10e4, 0x10e4, 0x0883, 0x0063, 0x0083, 0x0083, 0x0083, 0x0063,
0x0883, 0x0883, 0x0063, 0x0062, 0x0062, 0x0062, 0x0062, 0x0042, 0x0021, 0x0000, 0x0000, 0x0000, 0x0000, 0x0000, 0x0000, 0x0000,
0x0000, 0x0000, 0x0000, 0x0000, 0x0000, 0x0020, 0x0040, 0x0000, 0x0000, 0x0000, 0x0000, 0x0000, 0x0042, 0x0062, 0x0042, 0x0020,
0x0000, 0x0020, 0x0821, 0x0020, 0x10a2, 0x0841, 0x1061, 0x0882, 0x10c4, 0x0000, 0x10c4, 0x0842, 0x1041, 0x1041, 0x0862, 0x2105,
0x0021, 0x0041, 0x0020, 0x1082, 0x0820, 0x0000, 0x10a3, 0x2104, 0x18c3, 0x0021, 0x0020, 0x18e3, 0x0861, 0x0021, 0x0021, 0x2125,
0x0883, 0x0042, 0x0041, 0x18e4, 0x1905, 0x0062, 0x0062, 0x0882, 0x10e5, 0x10c4, 0x0041, 0x0883, 0x0021, 0x1861, 0x1081, 0x0841,
0x08a3, 0x08a4, 0x0862, 0x10c4, 0x1905, 0x0862, 0x08a4, 0x08a4, 0x0883, 0x0883, 0x08a3, 0x0000, 0x0883, 0x0862, 0x0000, 0x0841,
0x1081, 0x1081, 0x1081, 0x0840, 0x0862, 0x08a4, 0x08c4, 0x08c4, 0x08c4, 0x0882, 0x0000, 0x0000, 0x0021, 0x0042, 0x08e4, 0x08e5,
0x08e5, 0x0883, 0x0882, 0x0000, 0x0820, 0x1061, 0x1082, 0x1082, 0x1061, 0x1062, 0x1082, 0x1082, 0x0841, 0x0841, 0x0882, 0x1082,
0x1061, 0x0841, 0x0820, 0x0820, 0x0820, 0x0841, 0x1082, 0x20e3, 0x3166, 0x2104, 0x2965, 0x2904, 0x2904, 0x2945, 0x3165, 0x2903,
0x28e3, 0x2924, 0x2904, 0x20e3, 0x18a3, 0x0020, 0x0021, 0x10a4, 0x1126, 0x1106, 0x1106, 0x1105, 0x1105, 0x1105, 0x1105, 0x1105,
0x1105, 0x1105, 0x1105, 0x1105, 0x1105, 0x1126, 0x1126, 0x1126, 0x1126, 0x1126, 0x1126, 0x1105, 0x1105, 0x1126, 0x1105, 0x1105,
0x1105, 0x1105, 0x10e5, 0x10e5, 0x08e4, 0x08e4, 0x10e5, 0x10e5, 0x10e5, 0x10e5, 0x10e5, 0x10e4, 0x0000, 0x0862, 0x0882, 0x0862,
0x0841, 0x0862, 0x1082, 0x0862, 0x0041, 0x0042, 0x0062, 0x0042, 0x0041, 0x0042, 0x0062, 0x0883, 0x10e5, 0x1105, 0x10e5, 0x10e5,
0x1106, 0x1126, 0x1105, 0x1105, 0x1106, 0x1126, 0x1105, 0x1105, 
/* -206- */
0x10c4, 0x10c4, 0x10c4, 0x10c4, 0x10c4, 0x10c4, 0x10e4, 0x10e4, 0x10e4, 0x10e4, 0x10e4, 0x10e4, 0x10e4, 0x10e4, 0x10e4, 0x10e4,
0x10e4, 0x10c4, 0x10e4, 0x10e4, 0x10c4, 0x10c4, 0x10e4, 0x10c4, 0x10e4, 0x10c4, 0x10c4, 0x10c4, 0x10c4, 0x10e4, 0x10e4, 0x10e4,
0x10e4, 0x10e4, 0x10e4, 0x10e4, 0x10e4, 0x10e5, 0x10e4, 0x10e5, 0x10e5, 0x10e4, 0x10e4, 0x10e4, 0x10e4, 0x10e4, 0x10e4, 0x10e4,
0x10e4, 0x10e4, 0x10e4, 0x10e4, 0x10e5, 0x10e4, 0x10e4, 0x10e4, 0x10e4, 0x10e4, 0x0883, 0x0083, 0x0083, 0x0083, 0x0063, 0x0083,
0x08a3, 0x10e4, 0x10e4, 0x10c4, 0x0883, 0x0883, 0x10a4, 0x08a3, 0x0062, 0x0021, 0x0000, 0x0000, 0x0000, 0x0000, 0x0000, 0x0000,
0x0000, 0x0000, 0x0000, 0x0000, 0x0000, 0x0000, 0x0841, 0x0841, 0x0020, 0x0841, 0x0000, 0x0021, 0x0062, 0x0063, 0x0062, 0x0062,
0x0041, 0x0000, 0x0020, 0x0000, 0x0840, 0x0841, 0x1081, 0x1082, 0x10c4, 0x0000, 0x10c4, 0x0842, 0x1061, 0x1041, 0x1062, 0x2104,
0x0020, 0x0021, 0x0000, 0x1082, 0x0820, 0x0020, 0x10a3, 0x1925, 0x18c3, 0x0021, 0x0020, 0x20e3, 0x0861, 0x0021, 0x0021, 0x2146,
0x08a3, 0x0062, 0x0041, 0x18e4, 0x1905, 0x0062, 0x0042, 0x0882, 0x1905, 0x10c4, 0x0062, 0x0883, 0x0841, 0x1882, 0x1881, 0x0041,
0x08a3, 0x08a4, 0x0862, 0x10c4, 0x1905, 0x0862, 0x08a4, 0x08a4, 0x0862, 0x0883, 0x08a3, 0x0020, 0x08a3, 0x0862, 0x0000, 0x1061,
0x1081, 0x1081, 0x1081, 0x0020, 0x0861, 0x08a3, 0x08a4, 0x08a4, 0x10c4, 0x0882, 0x0841, 0x0000, 0x0021, 0x0041, 0x08c4, 0x08e5,
0x08e5, 0x08e4, 0x08c4, 0x0862, 0x0021, 0x0020, 0x1062, 0x1061, 0x0820, 0x1082, 0x1082, 0x0882, 0x1082, 0x1082, 0x1082, 0x1061,
0x1061, 0x1082, 0x0840, 0x1041, 0x0841, 0x0841, 0x0020, 0x0020, 0x0841, 0x18a2, 0x1882, 0x1882, 0x2082, 0x28e3, 0x2904, 0x2924,
0x20c3, 0x1882, 0x20a2, 0x2924, 0x2945, 0x1904, 0x18c3, 0x0861, 0x0041, 0x0062, 0x10e4, 0x1105, 0x1106, 0x1105, 0x10e5, 0x10e5,
0x1106, 0x1105, 0x10e5, 0x1105, 0x1105, 0x1105, 0x1126, 0x1126, 0x1126, 0x1126, 0x1126, 0x10e5, 0x1105, 0x1126, 0x1105, 0x1105,
0x1105, 0x10e5, 0x10e5, 0x10e5, 0x10e5, 0x10e5, 0x10e5, 0x1106, 0x10e5, 0x08e5, 0x10e5, 0x10e4, 0x0001, 0x0862, 0x10a3, 0x0883,
0x0863, 0x0862, 0x0042, 0x0041, 0x0042, 0x0042, 0x0042, 0x0042, 0x0021, 0x0041, 0x0062, 0x0042, 0x08a3, 0x10e5, 0x1105, 0x1126,
0x1126, 0x1126, 0x1105, 0x1105, 0x1105, 0x10e5, 0x10e5, 0x10e5, 
/* -207- */
0x10c4, 0x10c4, 0x10c4, 0x10c4, 0x10c4, 0x10c4, 0x10c4, 0x10c4, 0x10c4, 0x10e4, 0x10c4, 0x10e4, 0x10e4, 0x10c4, 0x10c4, 0x10e4,
0x10e4, 0x10e4, 0x10e4, 0x10e4, 0x10e4, 0x10e4, 0x10c4, 0x10e4, 0x10c4, 0x10e4, 0x10e4, 0x10c4, 0x10e4, 0x10e4, 0x10e4, 0x10e4,
0x10e4, 0x10e4, 0x10e4, 0x10e4, 0x10e4, 0x10e4, 0x10e4, 0x10e5, 0x10e5, 0x10e4, 0x10e4, 0x10e4, 0x10e4, 0x10e4, 0x10e4, 0x10e5,
0x10e4, 0x10e5, 0x10e5, 0x10e4, 0x10e4, 0x10e4, 0x10e4, 0x10e4, 0x10c4, 0x10c4, 0x0883, 0x0063, 0x0063, 0x0063, 0x0063, 0x0063,
0x08a3, 0x08a4, 0x10c4, 0x08a4, 0x10c4, 0x10c4, 0x10c4, 0x10c4, 0x08a4, 0x0883, 0x08a3, 0x08a3, 0x0042, 0x0041, 0x0041, 0x0041,
0x0021, 0x0021, 0x0021, 0x0021, 0x0000, 0x0020, 0x0841, 0x0881, 0x0861, 0x0000, 0x0000, 0x0041, 0x0062, 0x0062, 0x0062, 0x0042,
0x0042, 0x0021, 0x0000, 0x0020, 0x0841, 0x0841, 0x1082, 0x1082, 0x10c3, 0x0000, 0x10c4, 0x0862, 0x1061, 0x1061, 0x0861, 0x18e4,
0x0021, 0x0021, 0x0000, 0x18a3, 0x1882, 0x1082, 0x10c3, 0x2126, 0x18c3, 0x0020, 0x0020, 0x2125, 0x1082, 0x0021, 0x0021, 0x2125,
0x08a3, 0x0062, 0x0041, 0x10c3, 0x10e4, 0x0062, 0x0042, 0x0882, 0x18e5, 0x10c3, 0x0041, 0x0862, 0x0821, 0x20a2, 0x18e3, 0x0041,
0x08a3, 0x08a3, 0x0862, 0x10c4, 0x1904, 0x0841, 0x08a4, 0x08a4, 0x0862, 0x0883, 0x08a3, 0x0001, 0x08a3, 0x0862, 0x0000, 0x0820,
0x0820, 0x1041, 0x1041, 0x0820, 0x0862, 0x08a4, 0x08c4, 0x08a4, 0x10c4, 0x0862, 0x0820, 0x0000, 0x0020, 0x0041, 0x08c3, 0x08e4,
0x08e4, 0x08e5, 0x08e5, 0x08e4, 0x0862, 0x0000, 0x0000, 0x0820, 0x0841, 0x0841, 0x0841, 0x1082, 0x1083, 0x10a3, 0x1061, 0x1061,
0x1061, 0x1082, 0x0861, 0x1082, 0x0862, 0x0862, 0x0862, 0x0021, 0x0020, 0x0020, 0x0820, 0x1882, 0x20a2, 0x2082, 0x20a2, 0x2925,
0x18a3, 0x1862, 0x1862, 0x1882, 0x18a3, 0x1082, 0x1082, 0x1062, 0x1062, 0x0000, 0x0020, 0x0841, 0x1083, 0x10e4, 0x10c4, 0x10e5,
0x1105, 0x10e5, 0x1105, 0x10e5, 0x10e5, 0x10e5, 0x1105, 0x1106, 0x1126, 0x1126, 0x1126, 0x10e5, 0x1105, 0x1126, 0x1126, 0x1106,
0x1105, 0x10e5, 0x10e5, 0x10e5, 0x10e5, 0x10e5, 0x1126, 0x1106, 0x10e5, 0x08e5, 0x10e5, 0x10e5, 0x0020, 0x1082, 0x10a3, 0x10a3,
0x0883, 0x0863, 0x0862, 0x0062, 0x0042, 0x0062, 0x0063, 0x0042, 0x0021, 0x0042, 0x0062, 0x0042, 0x0062, 0x10e5, 0x1106, 0x1127,
0x1127, 0x1126, 0x08e5, 0x10e5, 0x10e5, 0x10e5, 0x10e5, 0x10e5, 
/* -208- */
0x10c4, 0x10c4, 0x10c4, 0x10c4, 0x10c4, 0x10c4, 0x10e4, 0x10c4, 0x10c4, 0x10e4, 0x10e5, 0x10e4, 0x10e4, 0x10e4, 0x10e4, 0x10e4,
0x10e4, 0x10e4, 0x10e4, 0x10e4, 0x10e4, 0x10e4, 0x10e4, 0x10e4, 0x10e4, 0x10e4, 0x10e4, 0x10e4, 0x10e4, 0x10e4, 0x10e4, 0x10e4,
0x10e4, 0x10e4, 0x10c4, 0x10c4, 0x10c4, 0x10e4, 0x10e4, 0x10e5, 0x10e4, 0x10e4, 0x10e4, 0x10e4, 0x10e4, 0x10e4, 0x10e5, 0x10e4,
0x10e4, 0x10c4, 0x10c4, 0x10e4, 0x10e4, 0x10e4, 0x10e4, 0x10e4, 0x10c4, 0x10c4, 0x0883, 0x0063, 0x0063, 0x0062, 0x0062, 0x0063,
0x0883, 0x08a3, 0x0883, 0x0883, 0x0883, 0x0883, 0x0883, 0x0883, 0x0883, 0x0883, 0x08a3, 0x10c4, 0x08c4, 0x08c4, 0x10c4, 0x08a3,
0x0883, 0x0883, 0x0862, 0x1083, 0x0020, 0x1081, 0x1081, 0x1081, 0x0861, 0x0000, 0x0000, 0x0040, 0x10a1, 0x0881, 0x0882, 0x0862,
0x0062, 0x0021, 0x0000, 0x0020, 0x0820, 0x0820, 0x0841, 0x1062, 0x18c3, 0x0000, 0x10c4, 0x0862, 0x0841, 0x1061, 0x0861, 0x18e4,
0x0021, 0x0021, 0x0021, 0x10c4, 0x1904, 0x18e4, 0x10c3, 0x2126, 0x18c3, 0x0021, 0x0041, 0x2145, 0x10a3, 0x0042, 0x0021, 0x2904,
0x1082, 0x0062, 0x0041, 0x10a3, 0x10e4, 0x0042, 0x0041, 0x0883, 0x1905, 0x08a3, 0x0021, 0x0041, 0x0821, 0x20e3, 0x2124, 0x0841,
0x0883, 0x0083, 0x0862, 0x18e4, 0x2125, 0x0041, 0x08a3, 0x08a3, 0x0862, 0x0883, 0x10a3, 0x0001, 0x1083, 0x0862, 0x0020, 0x1081,
0x1081, 0x0820, 0x1040, 0x1041, 0x0862, 0x08a4, 0x08c4, 0x08c4, 0x10c4, 0x0862, 0x0020, 0x0000, 0x0020, 0x0041, 0x08c3, 0x08c4,
0x08e4, 0x08e5, 0x08e5, 0x08e5, 0x0862, 0x0000, 0x0000, 0x0020, 0x0862, 0x0020, 0x0821, 0x0841, 0x0862, 0x1082, 0x0820, 0x1061,
0x1061, 0x1062, 0x1082, 0x1082, 0x0882, 0x0863, 0x0883, 0x0862, 0x0862, 0x0021, 0x0000, 0x0000, 0x1041, 0x1041, 0x1061, 0x18a3,
0x1062, 0x1062, 0x1062, 0x1882, 0x1862, 0x1062, 0x1862, 0x1862, 0x1862, 0x1042, 0x1062, 0x1062, 0x0841, 0x0821, 0x0041, 0x08a3,
0x10c4, 0x10e5, 0x10e5, 0x10e5, 0x08e4, 0x08e4, 0x1105, 0x1105, 0x1106, 0x1106, 0x1126, 0x1105, 0x10e5, 0x1105, 0x1105, 0x1126,
0x1126, 0x1105, 0x10e5, 0x08e5, 0x10e5, 0x10e5, 0x1126, 0x1126, 0x1106, 0x10e5, 0x10e5, 0x10e5, 0x0020, 0x1082, 0x10a3, 0x1083,
0x0862, 0x0862, 0x0862, 0x0083, 0x0062, 0x0042, 0x0042, 0x0042, 0x0021, 0x0041, 0x0062, 0x0062, 0x0062, 0x10e5, 0x1106, 0x1127,
0x1127, 0x1126, 0x1105, 0x1105, 0x10e5, 0x10e5, 0x10e5, 0x1105, 
/* -209- */
0x10c4, 0x10c4, 0x10c4, 0x10c4, 0x10c4, 0x10c4, 0x10e4, 0x10c4, 0x10c4, 0x10c4, 0x10e4, 0x10e4, 0x10e4, 0x10e4, 0x10e4, 0x10e4,
0x10e4, 0x10e4, 0x10e4, 0x10e4, 0x10e4, 0x10e4, 0x10e4, 0x10e4, 0x10e4, 0x10e4, 0x10e4, 0x10e4, 0x10e4, 0x10e4, 0x10e4, 0x10e4,
0x10e4, 0x10e4, 0x10e4, 0x10e4, 0x10c4, 0x10e4, 0x10e4, 0x10e4, 0x10e4, 0x10c4, 0x10c4, 0x10e4, 0x10e4, 0x10e4, 0x10e4, 0x10e4,
0x10e4, 0x10c4, 0x10e4, 0x10e4, 0x10e4, 0x10e4, 0x10e4, 0x10e4, 0x10c4, 0x10c4, 0x0883, 0x0062, 0x0062, 0x0042, 0x0062, 0x0083,
0x08a3, 0x08a4, 0x08c4, 0x10c4, 0x10c4, 0x08a4, 0x08a4, 0x08a4, 0x08a3, 0x08a3, 0x0083, 0x0083, 0x0883, 0x08a3, 0x0883, 0x08a3,
0x08a3, 0x08a3, 0x0883, 0x0882, 0x0041, 0x0841, 0x0040, 0x0040, 0x0020, 0x0000, 0x0000, 0x0841, 0x0881, 0x0882, 0x10a3, 0x10c3,
0x0882, 0x0020, 0x0000, 0x0000, 0x0000, 0x0820, 0x0821, 0x1061, 0x18a2, 0x0000, 0x10c4, 0x0862, 0x0841, 0x1082, 0x0862, 0x18e4,
0x0021, 0x0021, 0x0021, 0x10c4, 0x18e5, 0x18e4, 0x10c4, 0x2146, 0x18e4, 0x0021, 0x0041, 0x2166, 0x10a3, 0x0862, 0x0021, 0x2925,
0x1083, 0x0062, 0x0041, 0x10a3, 0x1904, 0x0062, 0x0041, 0x0882, 0x1905, 0x10c3, 0x0041, 0x0062, 0x0041, 0x1905, 0x1925, 0x0041,
0x0882, 0x0883, 0x0042, 0x1904, 0x2125, 0x0021, 0x08a3, 0x08a3, 0x0882, 0x08a3, 0x10a3, 0x0000, 0x0883, 0x0862, 0x0841, 0x10a2,
0x1081, 0x1040, 0x1881, 0x1061, 0x0862, 0x08a4, 0x08c4, 0x08c4, 0x08c4, 0x0862, 0x0020, 0x0000, 0x0020, 0x0041, 0x08a3, 0x08c4,
0x08e5, 0x0905, 0x0905, 0x08e5, 0x0862, 0x0000, 0x0000, 0x0021, 0x10c4, 0x0882, 0x0841, 0x0820, 0x0841, 0x0841, 0x0820, 0x1061,
0x1061, 0x1061, 0x1082, 0x0862, 0x0882, 0x0883, 0x0883, 0x0882, 0x0862, 0x0021, 0x0000, 0x0000, 0x0820, 0x0800, 0x0841, 0x0841,
0x0841, 0x1062, 0x1062, 0x1041, 0x1062, 0x1062, 0x1063, 0x1862, 0x1062, 0x1062, 0x1862, 0x1882, 0x1862, 0x1062, 0x1061, 0x1041,
0x0861, 0x0882, 0x0883, 0x10c4, 0x08c4, 0x10e4, 0x10e5, 0x10e5, 0x10e5, 0x1126, 0x1126, 0x1126, 0x1106, 0x10e5, 0x1105, 0x1105,
0x1106, 0x1126, 0x1105, 0x08e5, 0x10e5, 0x08e5, 0x1106, 0x1126, 0x1106, 0x10e5, 0x08e5, 0x10e5, 0x0000, 0x0862, 0x10a3, 0x0862,
0x0862, 0x0862, 0x0883, 0x0863, 0x0062, 0x0042, 0x0042, 0x0042, 0x0021, 0x0041, 0x0042, 0x0883, 0x0042, 0x08e5, 0x1105, 0x1126,
0x1127, 0x1127, 0x1105, 0x10e5, 0x10e5, 0x1105, 0x1106, 0x1105, 
/* -210- */
0x10c4, 0x10c4, 0x10c4, 0x10c4, 0x10c4, 0x10c4, 0x10c4, 0x10c4, 0x10c4, 0x10c4, 0x10c4, 0x10e4, 0x10e4, 0x18e4, 0x10e4, 0x10e4,
0x10e4, 0x10e4, 0x10e4, 0x10e4, 0x10e4, 0x10e4, 0x10e4, 0x10e4, 0x10c4, 0x10e4, 0x10e4, 0x10c4, 0x10c4, 0x10e4, 0x10e4, 0x10e4,
0x10e4, 0x10e4, 0x10e4, 0x10c4, 0x10c4, 0x10c4, 0x10c4, 0x10e4, 0x10e4, 0x10e4, 0x10e4, 0x10e4, 0x10e4, 0x10c4, 0x10e4, 0x10c4,
0x10c4, 0x10c4, 0x10c4, 0x10c4, 0x10c4, 0x10c4, 0x10e4, 0x10e4, 0x10c4, 0x10e4, 0x10c4, 0x0062, 0x0062, 0x0062, 0x0062, 0x0062,
0x0083, 0x0083, 0x0083, 0x0083, 0x0063, 0x0063, 0x0063, 0x0083, 0x10c4, 0x10c4, 0x10c4, 0x08c4, 0x08c4, 0x10c4, 0x08a3, 0x0062,
0x0062, 0x0062, 0x0041, 0x0020, 0x0021, 0x0000, 0x0000, 0x0000, 0x0841, 0x1081, 0x0841, 0x0840, 0x0041, 0x0883, 0x10c4, 0x10a3,
0x0841, 0x0000, 0x0000, 0x0000, 0x0000, 0x0820, 0x0820, 0x0841, 0x1082, 0x0000, 0x10c4, 0x0862, 0x0861, 0x1082, 0x0862, 0x18e4,
0x0021, 0x0021, 0x0020, 0x18c4, 0x18e4, 0x18e4, 0x10c4, 0x2146, 0x18e4, 0x0021, 0x0041, 0x2966, 0x10a3, 0x0862, 0x0041, 0x2146,
0x10a3, 0x0042, 0x0041, 0x18a2, 0x1904, 0x0062, 0x0041, 0x0882, 0x1905, 0x10c3, 0x0042, 0x0062, 0x0041, 0x18c3, 0x1904, 0x0041,
0x0882, 0x0083, 0x0041, 0x10a3, 0x1925, 0x0041, 0x08a3, 0x08a3, 0x0882, 0x0883, 0x10a2, 0x0000, 0x0883, 0x0862, 0x0841, 0x10a2,
0x1061, 0x1040, 0x18c3, 0x10a2, 0x0862, 0x08a4, 0x08c4, 0x08c4, 0x08c4, 0x0862, 0x0020, 0x0020, 0x0021, 0x0041, 0x08a3, 0x08e5,
0x08e5, 0x08e5, 0x0905, 0x10e5, 0x0862, 0x0000, 0x0000, 0x0021, 0x10e4, 0x08c4, 0x08c4, 0x0883, 0x0041, 0x0000, 0x0820, 0x1061,
0x1061, 0x1082, 0x1082, 0x1082, 0x0862, 0x0883, 0x0883, 0x0882, 0x0862, 0x0841, 0x0841, 0x0000, 0x0800, 0x0820, 0x0820, 0x0000,
0x0000, 0x0020, 0x0841, 0x1062, 0x1882, 0x1882, 0x1862, 0x1862, 0x1862, 0x1862, 0x20a2, 0x28c3, 0x2104, 0x2946, 0x3166, 0x20c4,
0x20e4, 0x18c3, 0x0841, 0x0841, 0x0041, 0x10c4, 0x10e5, 0x10e4, 0x10e5, 0x1105, 0x1106, 0x1126, 0x1106, 0x1106, 0x10e5, 0x08e5,
0x08e5, 0x10e5, 0x10e5, 0x08e5, 0x08e5, 0x08e5, 0x10e5, 0x08e5, 0x08e5, 0x08e5, 0x08e5, 0x10e5, 0x0000, 0x0862, 0x1083, 0x0862,
0x0883, 0x0883, 0x0883, 0x0883, 0x0042, 0x0042, 0x0041, 0x0041, 0x0021, 0x0041, 0x0042, 0x0062, 0x0063, 0x0905, 0x08e5, 0x08e5,
0x0906, 0x1127, 0x1106, 0x10e5, 0x10e5, 0x1105, 0x1126, 0x1126, 
/* -211- */
0x10c4, 0x10e4, 0x10e4, 0x10e4, 0x10e4, 0x10e4, 0x10e4, 0x10c4, 0x10e4, 0x10e4, 0x10e4, 0x10e5, 0x10e5, 0x10e4, 0x10e4, 0x10e4,
0x10e4, 0x10e4, 0x10e4, 0x10e4, 0x10e4, 0x10e4, 0x10e4, 0x10e4, 0x10c4, 0x10c4, 0x10c4, 0x10c4, 0x10c4, 0x10e4, 0x10e4, 0x10e4,
0x10e4, 0x10e4, 0x10c4, 0x10c4, 0x10c4, 0x10c4, 0x10c4, 0x10e4, 0x10e4, 0x10e4, 0x10e4, 0x10e4, 0x10e4, 0x10c4, 0x10c4, 0x10c4,
0x10c4, 0x10c4, 0x10c4, 0x10e4, 0x10c4, 0x10c4, 0x10e4, 0x10e4, 0x10e4, 0x10e4, 0x10c4, 0x0083, 0x0062, 0x0062, 0x0063, 0x0083,
0x0883, 0x08c4, 0x10c4, 0x10c4, 0x08a3, 0x0863, 0x0863, 0x0062, 0x0042, 0x0062, 0x0062, 0x0063, 0x0083, 0x10e4, 0x10c4, 0x08c4,
0x08a4, 0x08a3, 0x0883, 0x0883, 0x0883, 0x0862, 0x0861, 0x0861, 0x10a2, 0x10c2, 0x0861, 0x0040, 0x0041, 0x0841, 0x0882, 0x08a3,
0x0862, 0x0000, 0x0000, 0x0000, 0x0000, 0x0020, 0x0820, 0x0820, 0x1061, 0x0000, 0x1082, 0x0821, 0x0841, 0x1082, 0x0862, 0x18e4,
0x0000, 0x0021, 0x0020, 0x18c3, 0x18c4, 0x18e4, 0x10a3, 0x2125, 0x10a3, 0x0021, 0x0021, 0x2986, 0x10a3, 0x0041, 0x0021, 0x2166,
0x10a3, 0x0841, 0x0021, 0x18a2, 0x1925, 0x0062, 0x0041, 0x0862, 0x10c4, 0x10a3, 0x0041, 0x0062, 0x0021, 0x18a2, 0x18e3, 0x0041,
0x0883, 0x0062, 0x0041, 0x10a3, 0x18e4, 0x0041, 0x08a3, 0x0883, 0x0882, 0x10a3, 0x1082, 0x0000, 0x0883, 0x0862, 0x0841, 0x18a2,
0x1081, 0x1061, 0x18e4, 0x10a3, 0x0842, 0x08a3, 0x08c4, 0x08c4, 0x08c4, 0x0882, 0x0861, 0x0841, 0x0000, 0x0041, 0x08a3, 0x08e5,
0x08e5, 0x08e5, 0x08e5, 0x08e5, 0x0862, 0x0000, 0x0000, 0x0021, 0x10e4, 0x08e4, 0x10e4, 0x08e4, 0x10c4, 0x0862, 0x0821, 0x0000,
0x0820, 0x1041, 0x1062, 0x1082, 0x1082, 0x0883, 0x0883, 0x0883, 0x0883, 0x10a3, 0x08a3, 0x0820, 0x0820, 0x1061, 0x0821, 0x0821,
0x0821, 0x0841, 0x0000, 0x0000, 0x1882, 0x2082, 0x2082, 0x2082, 0x28e3, 0x3104, 0x3124, 0x2945, 0x31a7, 0x31c8, 0x31c8, 0x31a8,
0x29a7, 0x2966, 0x2125, 0x2146, 0x1082, 0x0042, 0x0841, 0x0882, 0x10c4, 0x10e5, 0x1105, 0x1105, 0x1105, 0x1105, 0x08e5, 0x10e5,
0x10e5, 0x10e5, 0x10e5, 0x10e5, 0x08e5, 0x08e5, 0x08e5, 0x08e4, 0x08e4, 0x08e4, 0x10e5, 0x10e5, 0x0000, 0x0862, 0x1083, 0x0883,
0x10a4, 0x08a3, 0x0883, 0x0883, 0x0062, 0x0042, 0x0041, 0x0021, 0x0021, 0x0041, 0x0042, 0x0062, 0x0063, 0x0906, 0x0906, 0x1126,
0x1127, 0x1127, 0x1126, 0x1105, 0x0905, 0x1105, 0x1127, 0x1147, 
/* -212- */
0x10c4, 0x10e4, 0x10e4, 0x10e4, 0x10e4, 0x10e4, 0x10e4, 0x10e4, 0x10e4, 0x10e4, 0x10e4, 0x10e5, 0x10e5, 0x10e5, 0x10e4, 0x10e4,
0x10e4, 0x10e4, 0x10e4, 0x10e4, 0x10e4, 0x10e4, 0x10e4, 0x10e4, 0x10c4, 0x10c4, 0x10c4, 0x10c4, 0x10e4, 0x10e4, 0x10e4, 0x10e4,
0x10e4, 0x10e4, 0x10e4, 0x10c4, 0x10c4, 0x10c4, 0x10c4, 0x10e4, 0x10e4, 0x10e4, 0x10e4, 0x10e4, 0x10e4, 0x10c4, 0x10c4, 0x10c4,
0x10c4, 0x10e4, 0x10e4, 0x10c4, 0x10e4, 0x10c4, 0x10e5, 0x10c4, 0x10e4, 0x10e4, 0x10c4, 0x0883, 0x0063, 0x0083, 0x0083, 0x0083,
0x0083, 0x08a3, 0x08a4, 0x0883, 0x0883, 0x10c4, 0x10c4, 0x10c4, 0x10a4, 0x08a4, 0x08a3, 0x0083, 0x0063, 0x0062, 0x0042, 0x0062,
0x0042, 0x0042, 0x0883, 0x08a4, 0x0883, 0x0862, 0x0020, 0x0861, 0x10c2, 0x10a2, 0x0861, 0x0020, 0x0840, 0x0861, 0x1082, 0x0841,
0x0021, 0x0000, 0x0000, 0x0000, 0x0000, 0x0000, 0x0841, 0x0820, 0x1061, 0x0000, 0x1882, 0x0821, 0x1041, 0x1062, 0x0862, 0x18e4,
0x0000, 0x0021, 0x0020, 0x18c3, 0x18a2, 0x18a2, 0x0821, 0x18c3, 0x1082, 0x0841, 0x0041, 0x2166, 0x10a3, 0x0041, 0x0020, 0x2146,
0x1904, 0x18e3, 0x1082, 0x18e3, 0x1904, 0x0041, 0x0041, 0x0882, 0x18e4, 0x10a3, 0x0041, 0x0041, 0x0021, 0x18a3, 0x18e4, 0x0841,
0x0882, 0x0862, 0x0041, 0x10a3, 0x18e4, 0x0041, 0x0883, 0x08a3, 0x0862, 0x1083, 0x0861, 0x0020, 0x08a3, 0x0862, 0x0862, 0x18a3,
0x1082, 0x10c3, 0x10c4, 0x1082, 0x0841, 0x08a3, 0x08c4, 0x08c4, 0x08c4, 0x0882, 0x0821, 0x0820, 0x0000, 0x0021, 0x08a3, 0x08e5,
0x08e5, 0x08e5, 0x08e5, 0x08e5, 0x0862, 0x0000, 0x0000, 0x0021, 0x10e4, 0x10e5, 0x08e4, 0x08c4, 0x10e4, 0x10e4, 0x08a3, 0x0021,
0x0000, 0x0000, 0x0841, 0x1041, 0x0841, 0x1083, 0x0883, 0x1083, 0x0883, 0x10c4, 0x10a3, 0x0841, 0x0820, 0x1041, 0x0841, 0x0841,
0x0861, 0x10a3, 0x0882, 0x0820, 0x0841, 0x1061, 0x18c3, 0x28e3, 0x3104, 0x3986, 0x39c8, 0x31a7, 0x31a8, 0x31c8, 0x31e9, 0x31c8,
0x29a8, 0x29c8, 0x29c9, 0x31e9, 0x2987, 0x2967, 0x1082, 0x0021, 0x0020, 0x10c4, 0x10e5, 0x1105, 0x1105, 0x10e5, 0x08e5, 0x1105,
0x08e5, 0x10e5, 0x10e5, 0x10e5, 0x08e5, 0x08e5, 0x08e5, 0x10e5, 0x10e5, 0x10e5, 0x08e5, 0x10e5, 0x0000, 0x0862, 0x0862, 0x0882,
0x10a4, 0x10a4, 0x0883, 0x0883, 0x0042, 0x0042, 0x0021, 0x0021, 0x0000, 0x0041, 0x0042, 0x0062, 0x0083, 0x0926, 0x1127, 0x1127,
0x1127, 0x0906, 0x1106, 0x1105, 0x1105, 0x1106, 0x1127, 0x1127, 
/* -213- */
0x10e4, 0x10e4, 0x10e4, 0x10e4, 0x10e4, 0x10c4, 0x10e4, 0x10e4, 0x10e4, 0x10e4, 0x10e4, 0x10e4, 0x10e4, 0x10e4, 0x10e4, 0x18e5,
0x18e5, 0x10e4, 0x10e4, 0x10e4, 0x10c4, 0x10e4, 0x10e4, 0x10e4, 0x10e4, 0x10e4, 0x10c4, 0x10e4, 0x10e4, 0x10e4, 0x10e4, 0x10e4,
0x10e4, 0x10c4, 0x10c4, 0x10c4, 0x10c4, 0x10c4, 0x10c4, 0x10e4, 0x10c4, 0x10c4, 0x10e4, 0x10c4, 0x10c4, 0x10c4, 0x10c4, 0x10c4,
0x10e4, 0x10c4, 0x10e4, 0x10e4, 0x10e4, 0x10c4, 0x10e4, 0x10c4, 0x10e4, 0x10e4, 0x10c4, 0x0863, 0x0063, 0x0083, 0x0083, 0x0083,
0x0063, 0x0883, 0x0883, 0x0883, 0x0883, 0x0063, 0x0063, 0x0883, 0x08a3, 0x08a3, 0x08a4, 0x10c4, 0x10c4, 0x08a3, 0x0883, 0x0883,
0x0883, 0x0883, 0x0062, 0x0062, 0x0842, 0x10a2, 0x1082, 0x1081, 0x10a2, 0x0841, 0x0020, 0x0000, 0x0000, 0x0000, 0x0020, 0x0021,
0x0862, 0x1082, 0x0882, 0x0861, 0x0841, 0x0020, 0x0000, 0x0841, 0x1061, 0x0000, 0x10c3, 0x0841, 0x1061, 0x1082, 0x0882, 0x18e4,
0x0000, 0x0021, 0x0020, 0x18a2, 0x1061, 0x1882, 0x0820, 0x18a2, 0x1882, 0x0841, 0x0041, 0x2145, 0x10a3, 0x0021, 0x0020, 0x2146,
0x10a3, 0x2104, 0x2103, 0x18c3, 0x18e3, 0x0021, 0x0041, 0x10a3, 0x1905, 0x10a3, 0x0021, 0x0041, 0x0041, 0x10c4, 0x1905, 0x0041,
0x0862, 0x0041, 0x0041, 0x10a3, 0x2104, 0x0041, 0x0062, 0x08a3, 0x0862, 0x0862, 0x0841, 0x0021, 0x08a3, 0x0862, 0x0862, 0x18a2,
0x1061, 0x1082, 0x10c4, 0x10a3, 0x0862, 0x08a3, 0x08c4, 0x08c4, 0x08c4, 0x0862, 0x0000, 0x0800, 0x0820, 0x0041, 0x08a3, 0x08c4,
0x08e4, 0x08e4, 0x0905, 0x08e5, 0x0862, 0x0000, 0x0000, 0x0021, 0x10e4, 0x08e4, 0x08e4, 0x08e4, 0x08e5, 0x10e5, 0x10c4, 0x0042,
0x0000, 0x0000, 0x0000, 0x0000, 0x0821, 0x0862, 0x0862, 0x0883, 0x0883, 0x10c4, 0x10c4, 0x1062, 0x0820, 0x0841, 0x0020, 0x10a3,
0x08a3, 0x10c4, 0x10c3, 0x1061, 0x1082, 0x08a3, 0x08a4, 0x1083, 0x18c3, 0x18c3, 0x20e4, 0x28e3, 0x2966, 0x31c8, 0x31a7, 0x2987,
0x3187, 0x31a8, 0x31e9, 0x31e9, 0x31e9, 0x29c9, 0x29c8, 0x29c8, 0x18e4, 0x1083, 0x1083, 0x0882, 0x08a3, 0x08c4, 0x08c4, 0x10e5,
0x10e4, 0x10e5, 0x10e5, 0x10e5, 0x08e5, 0x08e5, 0x08e5, 0x10e5, 0x10e5, 0x10e5, 0x10e5, 0x10e5, 0x0000, 0x0862, 0x0882, 0x0883,
0x08a4, 0x08a3, 0x0883, 0x0883, 0x0862, 0x0042, 0x0021, 0x0021, 0x0000, 0x0041, 0x0042, 0x0062, 0x0083, 0x0926, 0x1127, 0x1127,
0x1127, 0x08e5, 0x1105, 0x1106, 0x1126, 0x1126, 0x1147, 0x1127, 
/* -214- */
0x10e4, 0x10e4, 0x10e4, 0x10e4, 0x10c4, 0x10e4, 0x10e4, 0x10c4, 0x10e4, 0x10e4, 0x10e4, 0x10e4, 0x10e4, 0x10e4, 0x10e4, 0x10e4,
0x18e5, 0x10e4, 0x10e4, 0x10e4, 0x10e4, 0x10e4, 0x10e4, 0x10e4, 0x10e4, 0x10e4, 0x10c4, 0x10e4, 0x10e4, 0x10e4, 0x10c4, 0x10c4,
0x10c4, 0x10c4, 0x10c4, 0x10c4, 0x10c4, 0x10c4, 0x10c4, 0x10c4, 0x10c4, 0x10c4, 0x10c4, 0x10c4, 0x10c4, 0x10c4, 0x10c4, 0x10c4,
0x10c4, 0x10c4, 0x10c4, 0x10c4, 0x10c4, 0x10c4, 0x10e4, 0x10c4, 0x10e4, 0x10e4, 0x10c4, 0x0862, 0x0062, 0x0083, 0x0083, 0x0083,
0x0083, 0x08a4, 0x10c4, 0x10c4, 0x10c4, 0x10c4, 0x08a4, 0x10c4, 0x0883, 0x0883, 0x0883, 0x0883, 0x0883, 0x0883, 0x0883, 0x08a3,
0x08a4, 0x08a3, 0x08a3, 0x0882, 0x1081, 0x10a2, 0x10a2, 0x10a2, 0x10a2, 0x0841, 0x0841, 0x0861, 0x0020, 0x0020, 0x0000, 0x0000,
0x0842, 0x10c3, 0x18e4, 0x1904, 0x10c3, 0x0841, 0x0000, 0x0000, 0x0821, 0x0000, 0x10a3, 0x0021, 0x1061, 0x1882, 0x0882, 0x18e4,
0x0000, 0x0021, 0x0000, 0x18a2, 0x1061, 0x1882, 0x0841, 0x18a2, 0x1062, 0x0021, 0x0021, 0x2104, 0x10a3, 0x0021, 0x0021, 0x2146,
0x10a3, 0x1082, 0x2104, 0x2124, 0x18a3, 0x0020, 0x0020, 0x10a2, 0x1904, 0x10a3, 0x0041, 0x0041, 0x0041, 0x10c4, 0x1925, 0x0041,
0x0862, 0x0041, 0x0041, 0x1082, 0x18c3, 0x0841, 0x0062, 0x0883, 0x0842, 0x0862, 0x0862, 0x0021, 0x08a3, 0x0862, 0x0862, 0x1082,
0x0841, 0x1082, 0x10e4, 0x10a3, 0x0862, 0x08a3, 0x08c4, 0x08c4, 0x08c4, 0x0862, 0x0820, 0x0820, 0x0820, 0x0841, 0x08a4, 0x08c4,
0x08e4, 0x08c4, 0x08e5, 0x08e5, 0x0862, 0x0000, 0x0000, 0x0021, 0x10e4, 0x08e4, 0x08e4, 0x08e4, 0x10e4, 0x10e5, 0x08c4, 0x0841,
0x0000, 0x0000, 0x0000, 0x0000, 0x0021, 0x0021, 0x0841, 0x0862, 0x0883, 0x10c4, 0x10c4, 0x1082, 0x0821, 0x0820, 0x0020, 0x10e5,
0x10e5, 0x1105, 0x10e4, 0x0861, 0x0841, 0x10c4, 0x10e5, 0x10c4, 0x1083, 0x0841, 0x0841, 0x1062, 0x20e4, 0x2904, 0x20c3, 0x28c3,
0x28e3, 0x3187, 0x31e9, 0x31c9, 0x31e9, 0x29c9, 0x29a8, 0x29c8, 0x29c9, 0x29c8, 0x2987, 0x10a3, 0x1062, 0x0862, 0x0862, 0x0883,
0x08a3, 0x1105, 0x10e5, 0x10e5, 0x08e5, 0x08e5, 0x08e5, 0x08e5, 0x10e5, 0x10e5, 0x10e5, 0x10e4, 0x0000, 0x0862, 0x0883, 0x0883,
0x08a3, 0x0883, 0x0863, 0x0883, 0x0862, 0x0042, 0x0021, 0x0021, 0x0000, 0x0021, 0x0042, 0x0042, 0x0083, 0x0906, 0x1127, 0x1127,
0x1126, 0x08e5, 0x1105, 0x1106, 0x1126, 0x1127, 0x1127, 0x1127, 
/* -215- */
0x10e4, 0x10e4, 0x10e4, 0x10e4, 0x10e4, 0x10e4, 0x10e4, 0x10e4, 0x10e4, 0x10e4, 0x10e4, 0x10e4, 0x10e4, 0x10e4, 0x10e4, 0x10e4,
0x10e4, 0x10e4, 0x10e4, 0x10e4, 0x10e4, 0x10e4, 0x10e4, 0x10c4, 0x10c4, 0x10c4, 0x10c4, 0x10c4, 0x10e4, 0x10e4, 0x10c4, 0x10c4,
0x10c4, 0x10c4, 0x10c4, 0x10c4, 0x10c4, 0x10c4, 0x10c4, 0x10c4, 0x10c4, 0x10c4, 0x10c4, 0x10c4, 0x10c4, 0x10c4, 0x10c4, 0x10c4,
0x10c4, 0x10c4, 0x10c4, 0x10c4, 0x10c4, 0x10e4, 0x10e4, 0x10c4, 0x10c4, 0x10c4, 0x10c4, 0x0062, 0x0062, 0x0062, 0x0062, 0x0082,
0x0083, 0x0063, 0x0883, 0x0863, 0x0883, 0x0883, 0x0883, 0x0883, 0x10c4, 0x10c4, 0x10c4, 0x08a4, 0x08a4, 0x08a4, 0x0883, 0x0883,
0x0883, 0x0883, 0x0883, 0x0882, 0x10a2, 0x10c2, 0x10c2, 0x10c2, 0x10a2, 0x0861, 0x10a2, 0x10a1, 0x0861, 0x0861, 0x0040, 0x0000,
0x0041, 0x10a3, 0x18e4, 0x18e4, 0x10a3, 0x0862, 0x0041, 0x0000, 0x0821, 0x1061, 0x1082, 0x0020, 0x1061, 0x1061, 0x0862, 0x18e4,
0x0000, 0x0021, 0x0000, 0x1882, 0x1861, 0x18a2, 0x0861, 0x1882, 0x1061, 0x0020, 0x0020, 0x20e3, 0x10a2, 0x0021, 0x0021, 0x2166,
0x0883, 0x0021, 0x0861, 0x18c3, 0x18e3, 0x1082, 0x0020, 0x1082, 0x18e4, 0x10a3, 0x0041, 0x0041, 0x0041, 0x10c3, 0x1905, 0x0041,
0x0041, 0x0041, 0x0041, 0x1041, 0x18a3, 0x0841, 0x0862, 0x0062, 0x0841, 0x10a3, 0x10c3, 0x0021, 0x08a3, 0x0862, 0x0882, 0x10c3,
0x10a3, 0x10c4, 0x10e4, 0x10a3, 0x0862, 0x08a3, 0x08c4, 0x08c4, 0x10c4, 0x0862, 0x0841, 0x1041, 0x0820, 0x0841, 0x08a3, 0x08c4,
0x08e5, 0x08c4, 0x10e5, 0x08c4, 0x0062, 0x0020, 0x0000, 0x0021, 0x10e4, 0x08e5, 0x10e5, 0x10e4, 0x10e4, 0x08e4, 0x08c4, 0x0041,
0x0000, 0x0000, 0x0000, 0x0000, 0x08a3, 0x0862, 0x0020, 0x0021, 0x0862, 0x08a3, 0x10c4, 0x1083, 0x0821, 0x0820, 0x0021, 0x1105,
0x1106, 0x1106, 0x1105, 0x1082, 0x0861, 0x10e4, 0x1105, 0x1105, 0x10c4, 0x08a3, 0x08c4, 0x08a3, 0x0861, 0x1061, 0x1861, 0x20a2,
0x28e3, 0x3166, 0x2945, 0x2104, 0x31a7, 0x31c8, 0x29a8, 0x31c9, 0x29c9, 0x29a8, 0x2987, 0x2945, 0x20e3, 0x20c3, 0x0841, 0x0820,
0x0021, 0x0882, 0x08a3, 0x10e4, 0x10e5, 0x08e4, 0x08e4, 0x08e4, 0x10e5, 0x10e5, 0x10e5, 0x10e5, 0x0021, 0x0862, 0x1083, 0x0882,
0x0883, 0x0883, 0x0862, 0x0863, 0x0842, 0x0021, 0x0021, 0x0021, 0x0020, 0x0021, 0x0042, 0x0021, 0x0062, 0x0906, 0x0906, 0x0927,
0x1126, 0x08e5, 0x08e5, 0x1105, 0x1106, 0x1126, 0x1127, 0x1127, 
/* -216- */
0x10e4, 0x10e4, 0x10e4, 0x10e4, 0x10c4, 0x10e4, 0x10c4, 0x10e4, 0x10c4, 0x10e4, 0x10e4, 0x10e4, 0x10e4, 0x10e4, 0x18e4, 0x10e4,
0x10e4, 0x10e4, 0x10e4, 0x10e4, 0x10e4, 0x10e4, 0x10e4, 0x10e4, 0x10e4, 0x1905, 0x10e5, 0x1905, 0x1905, 0x1905, 0x1105, 0x10e5,
0x18e5, 0x1905, 0x10e5, 0x10e5, 0x10e5, 0x1105, 0x1905, 0x1905, 0x1905, 0x10e5, 0x10e5, 0x1905, 0x10e5, 0x1905, 0x10e5, 0x10e5,
0x18e5, 0x1905, 0x1905, 0x10e5, 0x1105, 0x10e5, 0x1905, 0x10c4, 0x18e4, 0x10e4, 0x10c4, 0x0862, 0x0062, 0x0083, 0x0083, 0x0083,
0x0083, 0x0063, 0x10c4, 0x0883, 0x0883, 0x0863, 0x0863, 0x0063, 0x0062, 0x0062, 0x0062, 0x0062, 0x0883, 0x08c4, 0x10e4, 0x10c4,
0x08c4, 0x08a3, 0x10a2, 0x10c2, 0x10a2, 0x10a2, 0x10c2, 0x10c2, 0x10a2, 0x10a2, 0x10c2, 0x10c2, 0x0881, 0x0841, 0x0000, 0x0000,
0x0041, 0x0882, 0x18c3, 0x18c3, 0x18c4, 0x18c3, 0x1082, 0x0861, 0x0820, 0x1061, 0x1061, 0x0020, 0x1061, 0x1041, 0x0882, 0x18e4,
0x0000, 0x0021, 0x0021, 0x18a2, 0x1882, 0x18a2, 0x0841, 0x1061, 0x0820, 0x0000, 0x0000, 0x20c3, 0x1082, 0x0021, 0x0021, 0x2925,
0x1082, 0x0021, 0x0021, 0x0041, 0x08a3, 0x10e4, 0x10a2, 0x0861, 0x18c3, 0x1082, 0x0062, 0x0062, 0x0041, 0x10a3, 0x1904, 0x0041,
0x0041, 0x0041, 0x0041, 0x1082, 0x18c3, 0x0841, 0x0862, 0x0062, 0x0862, 0x10a3, 0x1905, 0x0021, 0x08a3, 0x0041, 0x0841, 0x1061,
0x1061, 0x10c3, 0x10c3, 0x0862, 0x0862, 0x08a3, 0x08c4, 0x10e4, 0x10c4, 0x0882, 0x0820, 0x0820, 0x0841, 0x0841, 0x08a4, 0x08c4,
0x10e5, 0x08e5, 0x10e5, 0x08c4, 0x0061, 0x0820, 0x0000, 0x0021, 0x10c4, 0x08e4, 0x10e5, 0x10e5, 0x08e4, 0x08e4, 0x08c4, 0x0041,
0x0000, 0x0000, 0x0000, 0x0000, 0x10e5, 0x08e5, 0x10c4, 0x0041, 0x0021, 0x0021, 0x0882, 0x1082, 0x0841, 0x0820, 0x0041, 0x1106,
0x1106, 0x1126, 0x1105, 0x0882, 0x0882, 0x10e5, 0x1106, 0x0906, 0x1105, 0x08e4, 0x08e5, 0x08e5, 0x10a2, 0x1061, 0x0820, 0x0841,
0x20e3, 0x28e3, 0x28c2, 0x20a2, 0x2945, 0x2125, 0x31c8, 0x31c8, 0x31a7, 0x2924, 0x2903, 0x20c2, 0x20a2, 0x28c2, 0x2081, 0x20a2,
0x1881, 0x0820, 0x0021, 0x0862, 0x08a4, 0x10c4, 0x10e5, 0x10e5, 0x10e5, 0x08e5, 0x10e5, 0x10e5, 0x0001, 0x0862, 0x10a3, 0x1083,
0x0863, 0x0883, 0x0862, 0x0862, 0x0042, 0x0020, 0x0021, 0x0041, 0x0021, 0x0021, 0x0041, 0x0021, 0x0062, 0x08e5, 0x0906, 0x1127,
0x1126, 0x08e5, 0x08e5, 0x10e5, 0x1106, 0x1126, 0x1127, 0x1127, 
/* -217- */
0x10e4, 0x10e4, 0x10c4, 0x10c4, 0x10c4, 0x10c4, 0x10c4, 0x10c4, 0x10c4, 0x10e4, 0x10e4, 0x10e4, 0x10e4, 0x18e5, 0x10e5, 0x10e5,
0x10e4, 0x10e4, 0x10e4, 0x10e4, 0x18e5, 0x10c4, 0x10e4, 0x10e4, 0x10e4, 0x10e4, 0x1905, 0x1905, 0x1905, 0x1905, 0x1905, 0x1905,
0x10e5, 0x18e5, 0x10e5, 0x10e5, 0x1905, 0x10e5, 0x1905, 0x1105, 0x10e5, 0x10e5, 0x10e5, 0x1105, 0x1905, 0x10e5, 0x10e5, 0x10e5,
0x1905, 0x10e4, 0x10e4, 0x1905, 0x10e5, 0x10e4, 0x10e4, 0x10e4, 0x18e4, 0x10e4, 0x18e4, 0x10a3, 0x0062, 0x0062, 0x0083, 0x0062,
0x0063, 0x0082, 0x08c4, 0x10e4, 0x18e5, 0x10e5, 0x10e5, 0x08c4, 0x08a3, 0x08a3, 0x0883, 0x0063, 0x0062, 0x0063, 0x0063, 0x0062,
0x0882, 0x10c3, 0x0882, 0x0861, 0x10c2, 0x10c2, 0x10c2, 0x10c2, 0x10c2, 0x10c2, 0x10c2, 0x0861, 0x08a2, 0x0861, 0x0000, 0x0000,
0x0041, 0x0041, 0x10a3, 0x18e4, 0x2104, 0x18e3, 0x18a2, 0x1882, 0x0841, 0x0000, 0x1061, 0x0841, 0x1061, 0x0841, 0x0882, 0x18e4,
0x0000, 0x0021, 0x0021, 0x18e4, 0x18e4, 0x10a3, 0x0020, 0x1061, 0x1040, 0x0000, 0x0000, 0x20e3, 0x1082, 0x0021, 0x0020, 0x18a2,
0x0862, 0x0862, 0x0041, 0x0883, 0x08a3, 0x1105, 0x10a3, 0x0862, 0x1082, 0x0841, 0x0862, 0x0042, 0x0041, 0x10c3, 0x1904, 0x0041,
0x0041, 0x0041, 0x0041, 0x1082, 0x18e4, 0x0021, 0x0062, 0x0062, 0x0041, 0x0862, 0x18e4, 0x0041, 0x0883, 0x0841, 0x0820, 0x1041,
0x0840, 0x1082, 0x1081, 0x0820, 0x0841, 0x0882, 0x0883, 0x08a3, 0x10c4, 0x0862, 0x0820, 0x0820, 0x0841, 0x0841, 0x10c4, 0x08c4,
0x08c4, 0x08e4, 0x1105, 0x08c4, 0x0861, 0x0820, 0x0820, 0x0041, 0x10e4, 0x10e5, 0x10e5, 0x08e5, 0x08e5, 0x08e5, 0x08c4, 0x0041,
0x0000, 0x0000, 0x0000, 0x0000, 0x10e4, 0x08e5, 0x0905, 0x08e5, 0x10e4, 0x0862, 0x0000, 0x0000, 0x0820, 0x0820, 0x10c4, 0x1106,
0x1106, 0x1106, 0x1105, 0x08a3, 0x0882, 0x10e4, 0x1105, 0x0905, 0x1105, 0x1105, 0x10e5, 0x1105, 0x10c3, 0x0841, 0x0800, 0x0800,
0x0820, 0x0820, 0x1061, 0x18a1, 0x3145, 0x2904, 0x3145, 0x3145, 0x2903, 0x20a2, 0x2082, 0x20a2, 0x28a2, 0x28e3, 0x2904, 0x3165,
0x2104, 0x2124, 0x2124, 0x1082, 0x0020, 0x0021, 0x10c4, 0x10c4, 0x10e5, 0x10e5, 0x08e5, 0x10e5, 0x0000, 0x0862, 0x1083, 0x1083,
0x0883, 0x0863, 0x0862, 0x0862, 0x0042, 0x0020, 0x0041, 0x0021, 0x0021, 0x0021, 0x0042, 0x0042, 0x0062, 0x08c5, 0x08e5, 0x1126,
0x1106, 0x1106, 0x1105, 0x1105, 0x0906, 0x1126, 0x1126, 0x1126, 
/* -218- */
0x10c4, 0x10e4, 0x10e4, 0x10e5, 0x10e5, 0x10e5, 0x10c4, 0x10e4, 0x10e4, 0x10e4, 0x10e4, 0x10e5, 0x10e5, 0x10e5, 0x10e5, 0x1905,
0x10e5, 0x10e4, 0x10c4, 0x10c4, 0x10c4, 0x10c4, 0x10c4, 0x10c4, 0x10c4, 0x10c3, 0x10e4, 0x10e5, 0x10e5, 0x18e5, 0x18e5, 0x1905,
0x1905, 0x1905, 0x10e5, 0x10e5, 0x10e5, 0x10e5, 0x1105, 0x10e5, 0x18e5, 0x1905, 0x1105, 0x10e5, 0x1905, 0x10e5, 0x10e5, 0x10e5,
0x10e4, 0x10e4, 0x10e4, 0x10c4, 0x10c4, 0x10e4, 0x10e4, 0x10e4, 0x10e4, 0x1905, 0x18e5, 0x08a3, 0x0082, 0x0083, 0x0883, 0x0063,
0x0062, 0x0062, 0x0883, 0x0883, 0x0883, 0x08a4, 0x10c4, 0x10c4, 0x10c4, 0x10c4, 0x10c4, 0x10c4, 0x10c4, 0x10c4, 0x10c4, 0x0842,
0x0841, 0x0862, 0x0882, 0x0862, 0x0862, 0x0882, 0x0882, 0x0882, 0x0882, 0x0861, 0x10a2, 0x0841, 0x0862, 0x0020, 0x0000, 0x0000,
0x0021, 0x0041, 0x0042, 0x18e4, 0x2104, 0x18a2, 0x18a2, 0x1061, 0x0840, 0x0000, 0x0820, 0x0841, 0x1061, 0x0841, 0x0841, 0x18a3,
0x0000, 0x0021, 0x0021, 0x18c4, 0x18e5, 0x10a3, 0x0841, 0x1882, 0x1061, 0x0020, 0x0020, 0x2104, 0x1082, 0x0021, 0x0020, 0x18a2,
0x1082, 0x0062, 0x0041, 0x10e4, 0x1905, 0x0862, 0x10a3, 0x0882, 0x18c3, 0x1082, 0x0862, 0x0862, 0x0021, 0x10a3, 0x1905, 0x0041,
0x0041, 0x0041, 0x0021, 0x10c3, 0x1904, 0x0041, 0x0062, 0x0042, 0x0041, 0x0882, 0x1905, 0x0041, 0x0883, 0x0842, 0x0821, 0x10a2,
0x10a2, 0x1081, 0x1881, 0x1061, 0x0841, 0x0883, 0x08a3, 0x0883, 0x08a3, 0x0862, 0x0841, 0x1041, 0x0821, 0x0842, 0x10c4, 0x10c4,
0x08c4, 0x08c4, 0x08c4, 0x08c4, 0x0861, 0x0841, 0x0020, 0x0021, 0x10e4, 0x10e5, 0x08e5, 0x10e5, 0x08e5, 0x08e5, 0x08e5, 0x0862,
0x0000, 0x0000, 0x0000, 0x0000, 0x10e4, 0x08e5, 0x0905, 0x08e5, 0x1105, 0x1105, 0x0883, 0x0041, 0x0000, 0x0000, 0x0882, 0x08c4,
0x1106, 0x1106, 0x1105, 0x08a3, 0x10a3, 0x10c4, 0x1105, 0x0905, 0x1105, 0x1105, 0x1105, 0x1106, 0x10c3, 0x0841, 0x0800, 0x0800,
0x0800, 0x0000, 0x0020, 0x1061, 0x1882, 0x1882, 0x28c2, 0x28a2, 0x2082, 0x1861, 0x2082, 0x28c3, 0x2924, 0x3186, 0x31e8, 0x29c7,
0x2986, 0x2986, 0x2966, 0x2145, 0x2125, 0x1904, 0x0021, 0x0041, 0x0883, 0x08a3, 0x10e5, 0x10e4, 0x0000, 0x0862, 0x1083, 0x10a3,
0x0862, 0x0883, 0x0862, 0x0862, 0x0862, 0x0021, 0x0021, 0x0041, 0x0021, 0x0021, 0x0042, 0x0042, 0x0063, 0x08e5, 0x08e6, 0x08e5,
0x08e5, 0x1105, 0x1106, 0x1106, 0x1106, 0x1126, 0x1127, 0x1126, 
/* -219- */
0x10c4, 0x10e4, 0x10e5, 0x1905, 0x1905, 0x1905, 0x10e5, 0x10e4, 0x10e5, 0x10e4, 0x1905, 0x1105, 0x1105, 0x1105, 0x10e5, 0x1905,
0x10e5, 0x10e5, 0x10e4, 0x10e4, 0x10e4, 0x10e4, 0x10e4, 0x10c4, 0x10c4, 0x10c4, 0x10c4, 0x10c4, 0x10c4, 0x10c4, 0x10c4, 0x10c4,
0x10e4, 0x10e4, 0x10c4, 0x10e4, 0x10e4, 0x10e5, 0x10e5, 0x10e5, 0x18e5, 0x1905, 0x1905, 0x10e5, 0x1905, 0x10e5, 0x10e5, 0x10e5,
0x10e4, 0x10e4, 0x10e5, 0x10e4, 0x10c4, 0x10c4, 0x10e4, 0x10e4, 0x10e5, 0x1905, 0x1905, 0x10c4, 0x0883, 0x0083, 0x0083, 0x0063,
0x0063, 0x0063, 0x0883, 0x08a3, 0x0883, 0x0883, 0x0863, 0x0863, 0x0863, 0x0883, 0x0883, 0x0883, 0x08a3, 0x08a4, 0x08a4, 0x10a4,
0x10c4, 0x10c3, 0x10c3, 0x10c3, 0x0882, 0x0882, 0x0862, 0x0062, 0x0883, 0x0883, 0x0863, 0x0862, 0x0862, 0x0841, 0x0000, 0x0000,
0x0021, 0x0041, 0x0062, 0x0062, 0x0882, 0x18e3, 0x18c2, 0x0861, 0x0020, 0x0020, 0x0020, 0x0000, 0x0820, 0x0841, 0x0841, 0x1062,
0x0000, 0x0021, 0x0021, 0x18e4, 0x1905, 0x18c4, 0x0841, 0x18c3, 0x1082, 0x0021, 0x0020, 0x18c3, 0x0841, 0x0021, 0x0020, 0x18a2,
0x0861, 0x0042, 0x0041, 0x10e4, 0x1925, 0x0062, 0x0041, 0x10a2, 0x2104, 0x20e3, 0x1061, 0x0041, 0x0021, 0x10a2, 0x1904, 0x0041,
0x0041, 0x0041, 0x0021, 0x1083, 0x18e4, 0x0021, 0x0862, 0x0042, 0x0041, 0x0883, 0x1905, 0x0041, 0x0083, 0x0041, 0x0041, 0x10c3,
0x10e4, 0x1082, 0x18a2, 0x1082, 0x0841, 0x0862, 0x08a3, 0x08c4, 0x0883, 0x0862, 0x0820, 0x1041, 0x1061, 0x0842, 0x10c4, 0x10c4,
0x08c4, 0x08c4, 0x08c4, 0x08c4, 0x0862, 0x0841, 0x0020, 0x0041, 0x10c4, 0x08e4, 0x08e5, 0x08e5, 0x08e5, 0x08e5, 0x08c4, 0x0862,
0x0000, 0x0000, 0x0000, 0x0000, 0x10e4, 0x08e5, 0x0905, 0x0905, 0x1105, 0x1105, 0x1105, 0x08c4, 0x0021, 0x0000, 0x0000, 0x0841,
0x10c4, 0x1105, 0x1105, 0x10a3, 0x10a3, 0x10c4, 0x1105, 0x1105, 0x0905, 0x1105, 0x1106, 0x1106, 0x10c3, 0x1061, 0x1040, 0x0820,
0x1041, 0x0800, 0x0820, 0x1061, 0x0820, 0x0820, 0x1041, 0x1861, 0x1861, 0x2082, 0x2081, 0x20a2, 0x2924, 0x2924, 0x2945, 0x2945,
0x2966, 0x2986, 0x29a7, 0x29a7, 0x29a7, 0x2986, 0x2125, 0x18e4, 0x0862, 0x0861, 0x0882, 0x0862, 0x0000, 0x1062, 0x10a3, 0x10a3,
0x10a3, 0x0863, 0x0062, 0x0062, 0x0042, 0x0000, 0x0021, 0x0021, 0x0021, 0x0021, 0x0042, 0x0042, 0x0062, 0x08e5, 0x0906, 0x0906,
0x08e5, 0x08c4, 0x10e5, 0x1105, 0x1106, 0x1106, 0x1126, 0x1126, 
/* -220- */
0x10c4, 0x10c4, 0x10c4, 0x10e4, 0x10e4, 0x10e4, 0x10e4, 0x10e4, 0x10e4, 0x10e4, 0x10e4, 0x10e4, 0x10e4, 0x10e4, 0x10e4, 0x10e5,
0x10e5, 0x10e5, 0x10e4, 0x10e5, 0x1905, 0x1105, 0x10e4, 0x10c3, 0x10c4, 0x10c4, 0x10c4, 0x10c4, 0x10c4, 0x10c4, 0x10c4, 0x10c4,
0x10c4, 0x10c4, 0x10c4, 0x10c4, 0x10c4, 0x10c4, 0x10e5, 0x18e5, 0x1905, 0x1905, 0x1905, 0x1105, 0x1105, 0x1105, 0x10e5, 0x10e5,
0x10e5, 0x18e5, 0x10e5, 0x10e5, 0x10e5, 0x10e5, 0x10e5, 0x1905, 0x1905, 0x1905, 0x1905, 0x10e5, 0x08a3, 0x0082, 0x0083, 0x0063,
0x0063, 0x0062, 0x08a3, 0x10e5, 0x10e5, 0x10c4, 0x10c4, 0x10a4, 0x10a4, 0x10a4, 0x0883, 0x0883, 0x0883, 0x0063, 0x0063, 0x0063,
0x0883, 0x08a3, 0x0883, 0x0883, 0x08a3, 0x08c4, 0x08a3, 0x10c3, 0x08c3, 0x08a3, 0x0883, 0x0862, 0x0861, 0x0841, 0x0000, 0x0000,
0x0021, 0x0041, 0x0062, 0x0042, 0x0041, 0x1061, 0x1040, 0x0840, 0x0861, 0x1082, 0x0861, 0x0000, 0x0820, 0x1061, 0x0841, 0x0841,
0x0000, 0x0021, 0x0021, 0x18e5, 0x1905, 0x18c3, 0x0841, 0x18a3, 0x1062, 0x0000, 0x0000, 0x18a2, 0x0841, 0x0021, 0x0020, 0x1882,
0x0862, 0x0042, 0x0021, 0x10e4, 0x1905, 0x0062, 0x0042, 0x0020, 0x1061, 0x20a2, 0x20a2, 0x0841, 0x0841, 0x10a2, 0x2104, 0x0841,
0x0041, 0x0041, 0x0021, 0x1083, 0x18c4, 0x0021, 0x0842, 0x0862, 0x0041, 0x0882, 0x1905, 0x0041, 0x0882, 0x0041, 0x0841, 0x10a3,
0x10e4, 0x10c4, 0x10c3, 0x1082, 0x0841, 0x0862, 0x08a3, 0x08c4, 0x08c4, 0x0862, 0x0820, 0x1041, 0x1061, 0x0841, 0x10a4, 0x10c4,
0x08c4, 0x08c4, 0x08c4, 0x08c4, 0x0862, 0x0841, 0x0020, 0x0041, 0x10c4, 0x08c4, 0x08e4, 0x08e5, 0x10e5, 0x08e5, 0x08e4, 0x0042,
0x0000, 0x0000, 0x0000, 0x0000, 0x10c4, 0x08e5, 0x08e5, 0x1105, 0x1105, 0x1105, 0x1105, 0x1105, 0x0041, 0x0000, 0x0000, 0x0000,
0x0021, 0x0862, 0x10c4, 0x10a3, 0x10c4, 0x1105, 0x1105, 0x1105, 0x0906, 0x1106, 0x1105, 0x10e5, 0x10c3, 0x18a2, 0x18a2, 0x18a2,
0x18a2, 0x1041, 0x1061, 0x1082, 0x1041, 0x0820, 0x0000, 0x0000, 0x0000, 0x1020, 0x1861, 0x1861, 0x1841, 0x1841, 0x20a2, 0x2945,
0x29a7, 0x29a7, 0x29a7, 0x2987, 0x2987, 0x2987, 0x2987, 0x2166, 0x2945, 0x20e3, 0x1882, 0x0820, 0x0020, 0x0841, 0x0862, 0x1082,
0x1083, 0x0883, 0x0062, 0x0062, 0x0042, 0x0021, 0x0021, 0x0021, 0x0021, 0x0021, 0x0042, 0x0042, 0x0062, 0x00c4, 0x0906, 0x0906,
0x0906, 0x08e5, 0x08e4, 0x08c4, 0x10e5, 0x1106, 0x08e5, 0x0905, 
/* -221- */
0x10c4, 0x10e4, 0x10c4, 0x10c4, 0x10c4, 0x10c4, 0x10c4, 0x10c4, 0x10e4, 0x10c4, 0x10c4, 0x10c4, 0x10c4, 0x10c4, 0x10c4, 0x10c4,
0x10c4, 0x10c4, 0x10c4, 0x10c4, 0x10c4, 0x10c4, 0x10c4, 0x1905, 0x18e4, 0x10e4, 0x10e4, 0x10c4, 0x10c4, 0x10c4, 0x10c4, 0x10c4,
0x10c4, 0x10c4, 0x10c3, 0x10c4, 0x10c4, 0x10c4, 0x10e5, 0x1905, 0x1105, 0x1105, 0x1105, 0x10e5, 0x10e5, 0x10e5, 0x10e5, 0x1105,
0x10e5, 0x1105, 0x1905, 0x10e5, 0x10e5, 0x1105, 0x1905, 0x1105, 0x10e5, 0x1905, 0x1905, 0x10e5, 0x08a3, 0x0062, 0x0063, 0x0063,
0x0063, 0x0063, 0x0083, 0x0883, 0x08c4, 0x08a4, 0x10c4, 0x10c4, 0x10e4, 0x10c4, 0x10c4, 0x10c4, 0x10c4, 0x10a4, 0x10a4, 0x08a4,
0x0883, 0x0883, 0x0883, 0x0883, 0x0063, 0x0063, 0x0062, 0x0062, 0x0883, 0x0883, 0x0883, 0x0883, 0x0882, 0x0882, 0x0020, 0x0840,
0x0020, 0x0041, 0x0062, 0x0042, 0x0041, 0x0841, 0x1061, 0x1081, 0x1082, 0x18a2, 0x10a2, 0x0861, 0x0000, 0x0820, 0x0820, 0x18a2,
0x0020, 0x0021, 0x0021, 0x18e4, 0x2104, 0x1082, 0x0020, 0x18a2, 0x1041, 0x0000, 0x0000, 0x18a2, 0x1061, 0x0021, 0x0020, 0x18a2,
0x0862, 0x0041, 0x0021, 0x10c3, 0x1105, 0x0062, 0x0042, 0x0021, 0x0821, 0x1041, 0x1882, 0x18a2, 0x0861, 0x1082, 0x18e3, 0x0021,
0x0041, 0x0041, 0x0021, 0x1082, 0x18c4, 0x0021, 0x0842, 0x0042, 0x0841, 0x0882, 0x1925, 0x0041, 0x0882, 0x0042, 0x0882, 0x10c4,
0x1105, 0x1105, 0x10e4, 0x0882, 0x0841, 0x0862, 0x0862, 0x08a3, 0x08c4, 0x0862, 0x0820, 0x1041, 0x1041, 0x0841, 0x10a4, 0x10a3,
0x08c4, 0x08c4, 0x08c4, 0x08c4, 0x0861, 0x0840, 0x0020, 0x0021, 0x10c4, 0x08c4, 0x08e4, 0x10e5, 0x10e5, 0x08e5, 0x08e4, 0x0041,
0x0020, 0x0000, 0x0000, 0x0000, 0x10c4, 0x0905, 0x0906, 0x0905, 0x0905, 0x1105, 0x1105, 0x1105, 0x0041, 0x0000, 0x0000, 0x0000,
0x0000, 0x0000, 0x0021, 0x0041, 0x0862, 0x10e4, 0x1105, 0x1105, 0x1106, 0x1106, 0x10e5, 0x10c4, 0x18e4, 0x18c3, 0x18e3, 0x18e3,
0x10c4, 0x1082, 0x1082, 0x18e4, 0x10a2, 0x1061, 0x0821, 0x0000, 0x0000, 0x0820, 0x0820, 0x0820, 0x0820, 0x1861, 0x2904, 0x3187,
0x2986, 0x2986, 0x2945, 0x2924, 0x20e3, 0x18c3, 0x2104, 0x2104, 0x2904, 0x3144, 0x2924, 0x20c3, 0x1881, 0x1041, 0x0841, 0x0020,
0x0021, 0x0882, 0x0062, 0x0062, 0x0062, 0x0021, 0x0021, 0x0021, 0x0021, 0x0021, 0x0042, 0x0041, 0x0062, 0x00a4, 0x08e6, 0x0906,
0x08e5, 0x08e5, 0x08e4, 0x08c4, 0x10e5, 0x1106, 0x1105, 0x1106, 
/* -222- */
0x10c4, 0x10e4, 0x10c4, 0x10c4, 0x10c4, 0x10c4, 0x10c4, 0x10c4, 0x10c4, 0x10c4, 0x10c4, 0x10c4, 0x10c4, 0x10c4, 0x10c4, 0x10c4,
0x10e4, 0x10c4, 0x10c4, 0x10c4, 0x10e4, 0x10c4, 0x10e4, 0x1926, 0x10e4, 0x10c4, 0x10c4, 0x10c4, 0x10c4, 0x10c4, 0x10c4, 0x10c4,
0x10c4, 0x10c4, 0x10c4, 0x10c4, 0x10c4, 0x10e4, 0x10c4, 0x10e5, 0x10e5, 0x1105, 0x1105, 0x10e5, 0x1105, 0x10e5, 0x10e5, 0x10e5,
0x1105, 0x1105, 0x1905, 0x1905, 0x1905, 0x10e5, 0x10e5, 0x1105, 0x10e5, 0x1905, 0x1905, 0x1105, 0x08c4, 0x0062, 0x0062, 0x0063,
0x0063, 0x0063, 0x0063, 0x0883, 0x0083, 0x0083, 0x0083, 0x0063, 0x0063, 0x0063, 0x0063, 0x08c4, 0x10c4, 0x10c4, 0x10c4, 0x10e5,
0x10c4, 0x10c4, 0x10c4, 0x08a4, 0x08a4, 0x10c4, 0x08a4, 0x0063, 0x0063, 0x0063, 0x0042, 0x0042, 0x0042, 0x0842, 0x0861, 0x1081,
0x0040, 0x0041, 0x0062, 0x0042, 0x0042, 0x0841, 0x18c3, 0x2104, 0x1904, 0x1904, 0x18c3, 0x10a2, 0x0821, 0x0821, 0x1082, 0x1061,
0x0020, 0x0020, 0x0000, 0x18c4, 0x18e4, 0x1082, 0x0841, 0x18e4, 0x10a3, 0x0020, 0x0000, 0x18a2, 0x1062, 0x0020, 0x0020, 0x18a2,
0x0882, 0x0041, 0x0021, 0x10a3, 0x1105, 0x0042, 0x0041, 0x0021, 0x0021, 0x0841, 0x1061, 0x20c2, 0x1082, 0x1082, 0x10a2, 0x0021,
0x0041, 0x0041, 0x0021, 0x0882, 0x18c4, 0x0021, 0x0041, 0x0041, 0x0041, 0x0882, 0x1925, 0x0041, 0x0882, 0x0021, 0x0883, 0x1105,
0x1105, 0x1105, 0x10e5, 0x10a3, 0x0862, 0x0883, 0x0862, 0x08a3, 0x0883, 0x0041, 0x0841, 0x0841, 0x0820, 0x0861, 0x10a4, 0x10a4,
0x08c4, 0x08c4, 0x08c4, 0x08c4, 0x0841, 0x0820, 0x0020, 0x0021, 0x10c4, 0x08c4, 0x08c4, 0x10c4, 0x10e5, 0x08e5, 0x08e4, 0x0041,
0x0841, 0x0020, 0x0000, 0x0000, 0x10e4, 0x0905, 0x1106, 0x0905, 0x1105, 0x1105, 0x1105, 0x10e5, 0x0041, 0x0000, 0x0000, 0x0000,
0x0000, 0x0862, 0x10c4, 0x10a3, 0x0000, 0x0021, 0x0862, 0x10e4, 0x1105, 0x10e5, 0x10e4, 0x10e4, 0x18e4, 0x18c3, 0x10c3, 0x10c3,
0x10e4, 0x10c3, 0x10c3, 0x10e4, 0x18e4, 0x10a3, 0x0862, 0x0000, 0x0820, 0x1020, 0x1061, 0x0820, 0x0000, 0x0000, 0x18c4, 0x1882,
0x3166, 0x3166, 0x2924, 0x1882, 0x0841, 0x0841, 0x1041, 0x0821, 0x0821, 0x0841, 0x0841, 0x20a2, 0x2082, 0x1882, 0x1861, 0x1041,
0x0841, 0x0000, 0x0020, 0x0042, 0x0862, 0x0021, 0x0021, 0x0022, 0x0021, 0x0021, 0x0042, 0x0042, 0x0042, 0x0083, 0x08e5, 0x0906,
0x0906, 0x1105, 0x08c4, 0x08c4, 0x08e5, 0x10e5, 0x1106, 0x1106, 
/* -223- */
0x1926, 0x1905, 0x10c4, 0x10c4, 0x10c4, 0x10c4, 0x10c4, 0x10c4, 0x10c4, 0x10c4, 0x10e4, 0x10c4, 0x10c4, 0x10c4, 0x10c4, 0x10c4,
0x10c4, 0x10e4, 0x10c4, 0x10e4, 0x10c4, 0x10c4, 0x10e4, 0x1925, 0x1905, 0x18e4, 0x10c4, 0x10c4, 0x10c3, 0x10c3, 0x10c4, 0x10e4,
0x10c4, 0x10c4, 0x10c4, 0x10c4, 0x10c4, 0x10c4, 0x10c4, 0x10c4, 0x10e4, 0x18e5, 0x1905, 0x10e4, 0x10e4, 0x1905, 0x10e5, 0x18e5,
0x10e4, 0x18e5, 0x1905, 0x1905, 0x18e5, 0x1905, 0x10e5, 0x10e5, 0x10e5, 0x1905, 0x1105, 0x10e4, 0x08a3, 0x0062, 0x0062, 0x0062,
0x0062, 0x0083, 0x0083, 0x10e5, 0x10e4, 0x10c4, 0x10c4, 0x10c4, 0x0883, 0x08a3, 0x0883, 0x0063, 0x0063, 0x0062, 0x0063, 0x0883,
0x0883, 0x0883, 0x08a4, 0x10c4, 0x10e4, 0x10e5, 0x10e5, 0x10c4, 0x10e5, 0x10c4, 0x10a3, 0x10a3, 0x0883, 0x0862, 0x1082, 0x1081,
0x0020, 0x0021, 0x0041, 0x0021, 0x0021, 0x0062, 0x10c3, 0x1904, 0x18e4, 0x18e3, 0x10a2, 0x18e4, 0x0862, 0x0000, 0x1061, 0x1882,
0x0820, 0x0020, 0x0000, 0x18e4, 0x18e4, 0x10a2, 0x0041, 0x18e5, 0x10c4, 0x0021, 0x0020, 0x1082, 0x0862, 0x0000, 0x0820, 0x18a2,
0x0861, 0x0021, 0x0021, 0x10a2, 0x10e4, 0x0041, 0x0021, 0x0021, 0x0021, 0x0021, 0x0021, 0x1061, 0x1061, 0x18c2, 0x1081, 0x0000,
0x0862, 0x0041, 0x0021, 0x0862, 0x18c3, 0x0020, 0x0862, 0x0041, 0x0041, 0x0882, 0x1925, 0x0041, 0x08a3, 0x0042, 0x0883, 0x10e5,
0x10e5, 0x1105, 0x0905, 0x08a4, 0x0862, 0x08a3, 0x08a3, 0x0883, 0x0042, 0x0841, 0x0861, 0x0841, 0x0820, 0x0842, 0x10a3, 0x10a3,
0x10c4, 0x08c4, 0x08e4, 0x10c4, 0x0861, 0x0820, 0x0000, 0x0841, 0x10c4, 0x10c4, 0x10c4, 0x10c4, 0x10e5, 0x08e5, 0x08e4, 0x0862,
0x0021, 0x0000, 0x0000, 0x0000, 0x10c4, 0x1105, 0x1105, 0x08e5, 0x0905, 0x1105, 0x1105, 0x1105, 0x0041, 0x0000, 0x0000, 0x0000,
0x0000, 0x0862, 0x10e5, 0x1105, 0x10c4, 0x0862, 0x0000, 0x0041, 0x08a3, 0x1105, 0x1105, 0x10c4, 0x18e4, 0x18a2, 0x18a2, 0x18c3,
0x10e4, 0x10c4, 0x10e4, 0x1105, 0x18e4, 0x10e4, 0x10a3, 0x0020, 0x1041, 0x1020, 0x1061, 0x0820, 0x0000, 0x0000, 0x0000, 0x0000,
0x1082, 0x20e4, 0x20c3, 0x1061, 0x0821, 0x0820, 0x0841, 0x0821, 0x0020, 0x0020, 0x0000, 0x1041, 0x1882, 0x1882, 0x1882, 0x1882,
0x1882, 0x1061, 0x0841, 0x0000, 0x0020, 0x0000, 0x0021, 0x0041, 0x0021, 0x0021, 0x0042, 0x0042, 0x0062, 0x0083, 0x08e5, 0x0906,
0x08e5, 0x1105, 0x08e4, 0x08c4, 0x08e4, 0x08e5, 0x08c5, 0x08e5, 
/* -224- */
0x1946, 0x1925, 0x1905, 0x10e4, 0x10c4, 0x10c4, 0x10c4, 0x10c4, 0x10c4, 0x10c4, 0x10c4, 0x10c4, 0x10c4, 0x10c4, 0x10c4, 0x1905,
0x1925, 0x1905, 0x1905, 0x1905, 0x1905, 0x10e4, 0x10e4, 0x10e4, 0x10c4, 0x10c4, 0x10e4, 0x10c4, 0x10e4, 0x10e4, 0x10c4, 0x10e4,
0x10e4, 0x10c4, 0x10c4, 0x10c4, 0x10e4, 0x10c4, 0x18e4, 0x10e4, 0x18e5, 0x1905, 0x1905, 0x10e5, 0x10e5, 0x10e5, 0x10e5, 0x10e4,
0x10e4, 0x10e5, 0x18e5, 0x1905, 0x1905, 0x1905, 0x10e5, 0x10e5, 0x1905, 0x1905, 0x1905, 0x1105, 0x10c4, 0x0063, 0x0062, 0x0063,
0x0063, 0x0063, 0x0063, 0x10c4, 0x10e5, 0x10e5, 0x10e4, 0x10e4, 0x10c4, 0x10c4, 0x10c4, 0x10c4, 0x10c4, 0x08a4, 0x0883, 0x08a4,
0x0883, 0x0083, 0x0083, 0x0083, 0x0083, 0x0883, 0x0063, 0x0883, 0x08c4, 0x10a3, 0x08a3, 0x10a2, 0x10a2, 0x10a2, 0x18c2, 0x18c2,
0x1082, 0x0021, 0x0021, 0x0000, 0x0021, 0x0042, 0x10a3, 0x1905, 0x2125, 0x1925, 0x1905, 0x1925, 0x10e4, 0x0841, 0x0000, 0x1041,
0x1061, 0x0000, 0x0000, 0x18c4, 0x18c3, 0x1082, 0x0841, 0x18e5, 0x10c4, 0x0021, 0x0000, 0x18a3, 0x0862, 0x0000, 0x0820, 0x18c3,
0x0861, 0x0021, 0x0021, 0x10a2, 0x10e4, 0x0041, 0x0021, 0x0841, 0x0882, 0x0862, 0x0021, 0x0000, 0x18a3, 0x2103, 0x2104, 0x18c3,
0x0861, 0x0041, 0x0021, 0x1062, 0x18a3, 0x0020, 0x0862, 0x0041, 0x0041, 0x0882, 0x1905, 0x0041, 0x08a3, 0x08a3, 0x0883, 0x10e5,
0x10e5, 0x1105, 0x08e5, 0x08c4, 0x0862, 0x08a3, 0x08a3, 0x08c4, 0x0883, 0x0021, 0x0861, 0x1061, 0x1041, 0x0841, 0x10a3, 0x08a3,
0x0883, 0x10c4, 0x10c4, 0x10c4, 0x0861, 0x0820, 0x0000, 0x0841, 0x10c4, 0x10c4, 0x10c4, 0x08e4, 0x10e5, 0x10e5, 0x10e4, 0x0862,
0x0020, 0x0000, 0x0000, 0x0000, 0x08c4, 0x08e5, 0x08e5, 0x08e5, 0x10e5, 0x1105, 0x1106, 0x1105, 0x0041, 0x0000, 0x0000, 0x0000,
0x0000, 0x0862, 0x10e5, 0x1105, 0x1105, 0x08e4, 0x08a3, 0x0041, 0x0841, 0x0883, 0x10c4, 0x10e5, 0x10c4, 0x1061, 0x1041, 0x1061,
0x10a3, 0x10a3, 0x10c4, 0x1905, 0x18e4, 0x1905, 0x10a3, 0x0820, 0x1041, 0x0820, 0x1061, 0x1041, 0x0000, 0x0000, 0x0000, 0x0000,
0x0000, 0x0820, 0x1041, 0x1041, 0x0820, 0x1041, 0x1861, 0x1061, 0x0841, 0x0820, 0x0820, 0x0841, 0x1882, 0x1882, 0x1882, 0x1882,
0x2082, 0x1882, 0x20a2, 0x1861, 0x0820, 0x0820, 0x0000, 0x0000, 0x0000, 0x0021, 0x0042, 0x0042, 0x0062, 0x0084, 0x08e5, 0x08e5,
0x10e5, 0x08c5, 0x08e4, 0x08e4, 0x08c4, 0x08c4, 0x08c4, 0x08e5, 
/* -225- */
0x1926, 0x1905, 0x10e4, 0x10e4, 0x10e4, 0x10e4, 0x10e4, 0x1905, 0x18e5, 0x10e4, 0x10e4, 0x10e4, 0x10e4, 0x10e4, 0x10e5, 0x1905,
0x1905, 0x1905, 0x1905, 0x1925, 0x1926, 0x1905, 0x1905, 0x1905, 0x1905, 0x1905, 0x1905, 0x1905, 0x1905, 0x1905, 0x1905, 0x1905,
0x1105, 0x10e4, 0x10e4, 0x1925, 0x1905, 0x10e5, 0x1105, 0x1905, 0x1905, 0x1926, 0x1905, 0x1905, 0x1905, 0x1105, 0x10e5, 0x10e4,
0x10e5, 0x10e4, 0x1905, 0x1905, 0x1905, 0x10e5, 0x1905, 0x10e5, 0x1905, 0x1105, 0x1905, 0x10e5, 0x10e5, 0x0063, 0x0863, 0x0063,
0x0863, 0x0063, 0x0062, 0x0883, 0x08a3, 0x08a3, 0x08a4, 0x08a4, 0x08a4, 0x10c4, 0x10c4, 0x10c4, 0x10e5, 0x10e4, 0x10e5, 0x10e5,
0x10e5, 0x10c4, 0x10e5, 0x10e5, 0x08a4, 0x0883, 0x08a3, 0x08a3, 0x0083, 0x0062, 0x0062, 0x0042, 0x0882, 0x10a2, 0x18c2, 0x10c2,
0x0882, 0x0041, 0x0021, 0x0000, 0x0021, 0x0042, 0x0883, 0x10e5, 0x2166, 0x2167, 0x1946, 0x1946, 0x1925, 0x10c3, 0x0021, 0x0020,
0x1041, 0x0841, 0x0020, 0x18e4, 0x18c3, 0x1882, 0x0841, 0x18c3, 0x10a3, 0x0021, 0x0000, 0x1882, 0x0841, 0x0000, 0x0020, 0x1882,
0x0861, 0x0041, 0x0021, 0x10c3, 0x10c4, 0x0041, 0x0021, 0x0841, 0x18e4, 0x0882, 0x0041, 0x0021, 0x0020, 0x10a2, 0x2945, 0x2945,
0x18c3, 0x0021, 0x0020, 0x1062, 0x18a3, 0x0021, 0x0842, 0x0041, 0x0041, 0x1082, 0x1905, 0x0041, 0x0082, 0x0882, 0x0883, 0x10e5,
0x10e5, 0x1105, 0x10e5, 0x10c4, 0x0842, 0x0883, 0x08a3, 0x08a3, 0x08a3, 0x0041, 0x0861, 0x10a2, 0x1081, 0x0841, 0x10a4, 0x10a3,
0x0862, 0x08a3, 0x08a3, 0x08a4, 0x0841, 0x0820, 0x0020, 0x0841, 0x10c4, 0x10a4, 0x10c4, 0x08c4, 0x08c4, 0x10e5, 0x10c4, 0x0861,
0x0000, 0x0000, 0x0000, 0x0000, 0x08c4, 0x08e5, 0x08e5, 0x08e4, 0x08e5, 0x1106, 0x1106, 0x10e5, 0x0041, 0x0000, 0x0000, 0x0000,
0x0000, 0x0862, 0x10e5, 0x1105, 0x10e5, 0x1105, 0x1105, 0x10e4, 0x10e4, 0x0041, 0x0041, 0x0862, 0x1082, 0x0841, 0x0820, 0x0820,
0x1061, 0x0820, 0x1041, 0x18c3, 0x10c3, 0x1105, 0x10a3, 0x1041, 0x1041, 0x0841, 0x1081, 0x1061, 0x0000, 0x0000, 0x0000, 0x0000,
0x0000, 0x0000, 0x0000, 0x0820, 0x0820, 0x1862, 0x2082, 0x20a2, 0x28a2, 0x20a2, 0x20a2, 0x20a2, 0x1882, 0x2082, 0x2082, 0x2082,
0x2082, 0x1882, 0x1882, 0x2082, 0x2082, 0x20a2, 0x1061, 0x1041, 0x1041, 0x0821, 0x0021, 0x0021, 0x0042, 0x0083, 0x08c4, 0x08c4,
0x08e5, 0x08c4, 0x08c4, 0x08c4, 0x08c4, 0x08c4, 0x08c4, 0x08e5, 
/* -226- */
0x1905, 0x1905, 0x1905, 0x1905, 0x1905, 0x1905, 0x1905, 0x1905, 0x1925, 0x1925, 0x1905, 0x10e4, 0x10c4, 0x10c4, 0x10c4, 0x10c4,
0x10c4, 0x10e4, 0x10e4, 0x10e5, 0x1905, 0x1905, 0x10e4, 0x10e4, 0x10e4, 0x10c4, 0x10e4, 0x10e4, 0x10e4, 0x10e5, 0x10e5, 0x10e4,
0x1105, 0x10e4, 0x10e5, 0x1905, 0x1906, 0x1905, 0x10e5, 0x1105, 0x1105, 0x1926, 0x1926, 0x1926, 0x1905, 0x1926, 0x1905, 0x1105,
0x10e5, 0x1905, 0x1905, 0x1905, 0x1925, 0x1905, 0x1905, 0x1905, 0x1905, 0x1905, 0x1105, 0x10e5, 0x10e5, 0x0063, 0x0063, 0x0063,
0x0863, 0x0063, 0x0063, 0x0863, 0x0883, 0x0883, 0x0883, 0x0883, 0x0883, 0x0883, 0x0883, 0x0883, 0x08a3, 0x08a3, 0x08a3, 0x08a4,
0x10c4, 0x10e5, 0x10e5, 0x10e5, 0x10c4, 0x10e5, 0x10e5, 0x10e5, 0x10e4, 0x10c3, 0x08a3, 0x0882, 0x10a2, 0x10c3, 0x10c3, 0x10c3,
0x10a3, 0x0842, 0x0041, 0x0001, 0x0000, 0x0042, 0x0062, 0x0883, 0x1925, 0x1925, 0x1925, 0x1946, 0x2146, 0x1925, 0x10c3, 0x0020,
0x0820, 0x1082, 0x0841, 0x18a3, 0x18a2, 0x1061, 0x0020, 0x18a2, 0x1062, 0x0000, 0x0020, 0x1882, 0x0841, 0x0000, 0x0020, 0x1882,
0x0861, 0x0021, 0x0021, 0x10a3, 0x10c4, 0x0041, 0x0021, 0x0861, 0x18c3, 0x0882, 0x0062, 0x0041, 0x0020, 0x0820, 0x10a2, 0x2104,
0x2103, 0x1082, 0x0020, 0x1082, 0x18c3, 0x0021, 0x0041, 0x0041, 0x0041, 0x0882, 0x1905, 0x0041, 0x0082, 0x0882, 0x0883, 0x10e5,
0x1105, 0x1105, 0x10e5, 0x10a4, 0x0842, 0x0883, 0x0883, 0x08a3, 0x0862, 0x0841, 0x0862, 0x10a3, 0x10c3, 0x0841, 0x08a3, 0x08a3,
0x0862, 0x10a3, 0x10a4, 0x08a3, 0x0841, 0x0840, 0x0820, 0x0021, 0x10c4, 0x10c4, 0x10c4, 0x08c4, 0x08c4, 0x08c4, 0x08c4, 0x0841,
0x0000, 0x0000, 0x0821, 0x0000, 0x08c4, 0x08e5, 0x08c4, 0x08e4, 0x08e5, 0x1105, 0x1106, 0x10e5, 0x0041, 0x0000, 0x0000, 0x0000,
0x0000, 0x0862, 0x08c4, 0x1105, 0x1105, 0x1105, 0x1105, 0x1105, 0x1126, 0x08e4, 0x08c4, 0x0862, 0x0020, 0x0820, 0x0820, 0x0820,
0x1041, 0x1020, 0x1041, 0x1082, 0x1062, 0x10c4, 0x1082, 0x1041, 0x1041, 0x1040, 0x1881, 0x1041, 0x0000, 0x0000, 0x0000, 0x0000,
0x0000, 0x0000, 0x0000, 0x0820, 0x0820, 0x1041, 0x1041, 0x1882, 0x20c3, 0x20c3, 0x20a2, 0x2082, 0x20a2, 0x20a2, 0x28a2, 0x20a2,
0x20a2, 0x2082, 0x2082, 0x2082, 0x2082, 0x28c2, 0x20a2, 0x28c2, 0x28e3, 0x1061, 0x0820, 0x0841, 0x0000, 0x0021, 0x0883, 0x08c4,
0x08c4, 0x08c4, 0x08c4, 0x08c4, 0x08c4, 0x08c4, 0x08c4, 0x1105, 
/* -227- */
0x10e4, 0x10e4, 0x10e4, 0x10e4, 0x10c4, 0x10c4, 0x10e4, 0x1905, 0x1946, 0x1946, 0x1905, 0x10c4, 0x10c4, 0x10c4, 0x10c4, 0x10c4,
0x10e4, 0x10c4, 0x10c4, 0x10c4, 0x10c4, 0x10c4, 0x10c4, 0x10c4, 0x10c4, 0x10e4, 0x10c4, 0x10c4, 0x10c4, 0x10e4, 0x10e5, 0x1905,
0x1905, 0x10e5, 0x1105, 0x1905, 0x1906, 0x1926, 0x1905, 0x1905, 0x1905, 0x1905, 0x1105, 0x1905, 0x1926, 0x1905, 0x1105, 0x1925,
0x1905, 0x1105, 0x1925, 0x1925, 0x1926, 0x1926, 0x1926, 0x1905, 0x1926, 0x1905, 0x1905, 0x1905, 0x1905, 0x0063, 0x0063, 0x0063,
0x0863, 0x0863, 0x0063, 0x0883, 0x10c4, 0x18e5, 0x18e5, 0x18e5, 0x10c5, 0x10c4, 0x10a4, 0x0883, 0x08a3, 0x08a3, 0x0883, 0x0883,
0x0083, 0x0083, 0x08a3, 0x08a3, 0x08a3, 0x10c4, 0x10e4, 0x10e4, 0x10e4, 0x10c4, 0x10c4, 0x10e4, 0x10e4, 0x10e4, 0x10c3, 0x10a2,
0x0882, 0x0882, 0x0042, 0x0021, 0x0000, 0x0041, 0x0062, 0x0062, 0x0862, 0x1904, 0x1925, 0x2166, 0x2166, 0x1926, 0x1925, 0x1082,
0x0000, 0x0861, 0x0841, 0x1062, 0x1882, 0x1061, 0x0000, 0x1041, 0x1041, 0x0000, 0x0021, 0x1882, 0x0841, 0x0000, 0x0020, 0x18e3,
0x0861, 0x0020, 0x0020, 0x10a2, 0x10a3, 0x0041, 0x0021, 0x0841, 0x10a2, 0x0862, 0x0041, 0x0041, 0x0020, 0x0840, 0x0841, 0x0861,
0x20e3, 0x20e3, 0x1082, 0x10a2, 0x18e4, 0x0021, 0x0841, 0x0041, 0x0041, 0x0882, 0x1904, 0x0041, 0x0882, 0x0882, 0x0882, 0x10e5,
0x10e5, 0x10e5, 0x10e5, 0x1083, 0x0021, 0x0862, 0x0883, 0x0883, 0x0862, 0x0841, 0x0882, 0x10c4, 0x10c3, 0x0021, 0x0862, 0x0883,
0x0862, 0x10a4, 0x10c4, 0x10c4, 0x0862, 0x0820, 0x0020, 0x0021, 0x10c4, 0x10c4, 0x10c4, 0x10c4, 0x08c4, 0x08c4, 0x08c4, 0x0841,
0x0000, 0x0841, 0x0821, 0x0000, 0x08a4, 0x08c4, 0x08c4, 0x08e4, 0x08e5, 0x1105, 0x1105, 0x10e4, 0x0041, 0x0000, 0x0000, 0x0000,
0x0000, 0x0041, 0x08c4, 0x0905, 0x1105, 0x1105, 0x1105, 0x1105, 0x1106, 0x1106, 0x1105, 0x10e5, 0x0882, 0x0000, 0x0000, 0x0000,
0x1040, 0x1040, 0x1041, 0x1041, 0x1861, 0x1061, 0x1061, 0x0840, 0x1041, 0x1041, 0x1882, 0x1041, 0x0000, 0x0000, 0x0820, 0x0800,
0x0820, 0x0800, 0x0800, 0x1041, 0x0820, 0x0841, 0x0841, 0x0841, 0x1062, 0x1062, 0x1862, 0x20a2, 0x28c2, 0x28e2, 0x28e2, 0x28e2,
0x28a2, 0x20a2, 0x20c3, 0x20c3, 0x20a2, 0x20a2, 0x28c3, 0x2904, 0x20c3, 0x2082, 0x20e4, 0x2125, 0x0841, 0x0841, 0x0841, 0x0862,
0x08a3, 0x08a3, 0x08a4, 0x08c4, 0x08a4, 0x08c4, 0x08c4, 0x1105, 
/* -228- */
0x10c4, 0x10c4, 0x10e4, 0x10c4, 0x10c4, 0x10c4, 0x10c4, 0x1905, 0x1946, 0x1946, 0x1926, 0x1905, 0x10e4, 0x10e4, 0x10c4, 0x10c4,
0x10c4, 0x10e4, 0x10c4, 0x10e4, 0x10c4, 0x10c4, 0x10c4, 0x10e4, 0x10e5, 0x1905, 0x10e4, 0x10e5, 0x18e5, 0x10e5, 0x1905, 0x1905,
0x1926, 0x10e5, 0x10e5, 0x1105, 0x1105, 0x1926, 0x1926, 0x10e5, 0x1105, 0x1905, 0x1926, 0x1926, 0x1926, 0x1926, 0x1926, 0x1105,
0x1925, 0x1926, 0x1925, 0x1926, 0x1925, 0x1926, 0x1926, 0x1926, 0x1925, 0x1926, 0x1925, 0x1925, 0x10e5, 0x0063, 0x0063, 0x0063,
0x0863, 0x0863, 0x0863, 0x0883, 0x1905, 0x1926, 0x1905, 0x18e5, 0x18e5, 0x18e5, 0x18e5, 0x10e5, 0x1905, 0x1905, 0x1905, 0x10e4,
0x10e4, 0x10e4, 0x08c4, 0x08c4, 0x0883, 0x0062, 0x0063, 0x0062, 0x0062, 0x0042, 0x0062, 0x0883, 0x10e4, 0x1105, 0x10e4, 0x10c3,
0x0062, 0x0062, 0x0042, 0x0001, 0x0000, 0x0021, 0x0042, 0x0042, 0x0041, 0x10a3, 0x0862, 0x1082, 0x1905, 0x2105, 0x1082, 0x0862,
0x0000, 0x0841, 0x0020, 0x1081, 0x1041, 0x1041, 0x0000, 0x1041, 0x0820, 0x0020, 0x0021, 0x18a3, 0x0841, 0x0000, 0x0020, 0x20e3,
0x0861, 0x0000, 0x0000, 0x1082, 0x0882, 0x0041, 0x0021, 0x0841, 0x10a2, 0x0862, 0x0862, 0x0041, 0x0821, 0x0841, 0x0862, 0x0020,
0x0820, 0x20c3, 0x20e3, 0x18a3, 0x18c3, 0x0021, 0x0841, 0x0041, 0x0041, 0x0882, 0x1904, 0x0021, 0x0082, 0x0862, 0x0862, 0x10e4,
0x10e4, 0x10c4, 0x10c3, 0x1061, 0x0020, 0x0862, 0x0862, 0x0862, 0x0862, 0x0841, 0x0862, 0x10c3, 0x10c4, 0x0041, 0x0862, 0x0862,
0x0862, 0x10a3, 0x08c4, 0x10c4, 0x0882, 0x0862, 0x0020, 0x0021, 0x10c4, 0x10c4, 0x10c4, 0x10e4, 0x08c4, 0x08c4, 0x10c4, 0x0841,
0x0821, 0x1041, 0x0820, 0x0000, 0x08a4, 0x08c4, 0x08c4, 0x08e4, 0x08e5, 0x1105, 0x10e5, 0x10e5, 0x0041, 0x0000, 0x0000, 0x0000,
0x0000, 0x0041, 0x08c4, 0x08e5, 0x1105, 0x1105, 0x1105, 0x1106, 0x1106, 0x1126, 0x1126, 0x1106, 0x08a3, 0x0000, 0x0000, 0x0000,
0x0000, 0x0820, 0x1020, 0x1020, 0x1861, 0x1020, 0x0820, 0x0820, 0x1020, 0x0841, 0x18a2, 0x1041, 0x0000, 0x0000, 0x1040, 0x1040,
0x0820, 0x1020, 0x1040, 0x1882, 0x1041, 0x0841, 0x0841, 0x0841, 0x0841, 0x0020, 0x0820, 0x1882, 0x20a2, 0x28c2, 0x28c2, 0x28c2,
0x1861, 0x1882, 0x2987, 0x2966, 0x2104, 0x20e3, 0x2966, 0x2987, 0x2966, 0x2966, 0x2987, 0x2987, 0x2987, 0x2966, 0x2104, 0x0841,
0x0020, 0x0000, 0x0041, 0x10c4, 0x08c4, 0x08c4, 0x08c4, 0x1105, 
/* -229- */
0x10c4, 0x10c4, 0x10c4, 0x10c4, 0x10e4, 0x10c3, 0x10e4, 0x1905, 0x1926, 0x1926, 0x1926, 0x10e4, 0x10e4, 0x10e4, 0x10e4, 0x10e4,
0x10e4, 0x10e5, 0x10e5, 0x10e4, 0x1925, 0x10e5, 0x10e4, 0x1905, 0x18e5, 0x10e5, 0x1905, 0x1105, 0x10e5, 0x1905, 0x1926, 0x1105,
0x1905, 0x1905, 0x1905, 0x1905, 0x1926, 0x1105, 0x1926, 0x1105, 0x1105, 0x1906, 0x1105, 0x1926, 0x1106, 0x1105, 0x1926, 0x1926,
0x1926, 0x1105, 0x1926, 0x1905, 0x1905, 0x1926, 0x1926, 0x1926, 0x1926, 0x1926, 0x1926, 0x1926, 0x1105, 0x0063, 0x0863, 0x0863,
0x0863, 0x0883, 0x0063, 0x0063, 0x0883, 0x0883, 0x0883, 0x0883, 0x0883, 0x10e4, 0x1905, 0x1905, 0x1905, 0x1905, 0x1905, 0x10e5,
0x18e5, 0x1905, 0x1905, 0x1905, 0x10e5, 0x10c4, 0x08a4, 0x08a3, 0x0883, 0x0863, 0x0863, 0x0863, 0x0062, 0x0063, 0x0062, 0x0042,
0x0042, 0x0042, 0x0862, 0x0021, 0x0000, 0x0000, 0x0021, 0x0042, 0x0042, 0x0862, 0x0020, 0x1082, 0x18a2, 0x1061, 0x1861, 0x1061,
0x1041, 0x0020, 0x0000, 0x1061, 0x1040, 0x1040, 0x0000, 0x1041, 0x1040, 0x0821, 0x0020, 0x18a3, 0x0841, 0x0000, 0x0020, 0x1062,
0x1061, 0x0000, 0x0000, 0x1061, 0x0841, 0x0041, 0x0021, 0x0841, 0x18c3, 0x1082, 0x0062, 0x0041, 0x0841, 0x0862, 0x0882, 0x0000,
0x0000, 0x0861, 0x10a2, 0x18e4, 0x10c3, 0x0841, 0x0041, 0x0042, 0x0041, 0x0882, 0x1905, 0x0041, 0x08c3, 0x0883, 0x0862, 0x10c4,
0x10c4, 0x10c3, 0x10a2, 0x0841, 0x0000, 0x0841, 0x0862, 0x0862, 0x0841, 0x0020, 0x0861, 0x10a3, 0x10c3, 0x0041, 0x10a3, 0x08a3,
0x0883, 0x08a3, 0x08c4, 0x08a3, 0x0883, 0x0882, 0x0020, 0x0841, 0x10c4, 0x10c4, 0x10c4, 0x10c4, 0x08c4, 0x08c4, 0x10c4, 0x0862,
0x0862, 0x0841, 0x0820, 0x0000, 0x10a4, 0x08c4, 0x08e4, 0x08e4, 0x08e5, 0x1105, 0x10e5, 0x10e5, 0x0041, 0x0000, 0x0000, 0x0000,
0x0000, 0x0841, 0x08c4, 0x08c4, 0x08e4, 0x08e5, 0x1105, 0x1106, 0x1106, 0x1126, 0x1126, 0x1106, 0x08a3, 0x0020, 0x0000, 0x0000,
0x0000, 0x0000, 0x0000, 0x0820, 0x1020, 0x1020, 0x0800, 0x0800, 0x0820, 0x0841, 0x18c2, 0x1061, 0x0800, 0x0000, 0x1040, 0x1860,
0x1040, 0x1860, 0x1861, 0x18a2, 0x18a2, 0x0841, 0x0841, 0x0021, 0x0020, 0x0020, 0x0020, 0x0821, 0x1041, 0x1882, 0x20c3, 0x2925,
0x2987, 0x2988, 0x29c8, 0x29c8, 0x29a8, 0x29a7, 0x29a7, 0x29a7, 0x2987, 0x29a7, 0x29a7, 0x29a7, 0x29a7, 0x2966, 0x20c3, 0x20c2,
0x20a2, 0x1041, 0x0841, 0x0021, 0x0841, 0x08a3, 0x08c4, 0x08e5, 
/* -230- */
0x10c4, 0x10c4, 0x10c4, 0x10e4, 0x10c4, 0x10e4, 0x10e4, 0x10c4, 0x10c4, 0x10e4, 0x1905, 0x1905, 0x1926, 0x1926, 0x1926, 0x1926,
0x1926, 0x1926, 0x1926, 0x1926, 0x1905, 0x1905, 0x1925, 0x1905, 0x1905, 0x18e5, 0x1905, 0x1905, 0x1905, 0x1905, 0x1905, 0x1926,
0x1926, 0x1925, 0x1926, 0x1926, 0x1926, 0x1926, 0x1926, 0x1106, 0x1105, 0x1106, 0x1926, 0x1926, 0x1926, 0x1105, 0x1926, 0x1926,
0x1926, 0x1926, 0x1906, 0x1926, 0x1926, 0x1926, 0x1926, 0x1926, 0x1926, 0x1926, 0x1926, 0x1946, 0x1926, 0x0883, 0x0883, 0x0883,
0x0883, 0x0063, 0x0063, 0x0063, 0x0883, 0x08a3, 0x08a3, 0x0883, 0x08a3, 0x08a4, 0x08a3, 0x08a3, 0x0883, 0x08a3, 0x08c4, 0x08a3,
0x10c4, 0x10e4, 0x10e5, 0x10e5, 0x10e4, 0x10e5, 0x18e5, 0x1905, 0x18e5, 0x18e5, 0x18e5, 0x18e5, 0x10a4, 0x0883, 0x0883, 0x10a4,
0x0884, 0x0883, 0x10a3, 0x0842, 0x0000, 0x0000, 0x0021, 0x0042, 0x0042, 0x0041, 0x0000, 0x1041, 0x1061, 0x1861, 0x1861, 0x1041,
0x1861, 0x0841, 0x0000, 0x1061, 0x1882, 0x1082, 0x0820, 0x1841, 0x1041, 0x0820, 0x0000, 0x1882, 0x0820, 0x0000, 0x0820, 0x1082,
0x0861, 0x0000, 0x0000, 0x1061, 0x0841, 0x0041, 0x0021, 0x0841, 0x18c2, 0x0862, 0x0862, 0x0041, 0x0041, 0x0862, 0x0883, 0x0021,
0x0021, 0x0020, 0x0821, 0x18c3, 0x2145, 0x1925, 0x0882, 0x0841, 0x0041, 0x0882, 0x1925, 0x0041, 0x08c4, 0x0883, 0x0862, 0x10c4,
0x10c4, 0x10c3, 0x10a2, 0x0841, 0x0000, 0x0841, 0x0862, 0x0862, 0x0841, 0x0020, 0x1061, 0x18c3, 0x18c3, 0x0041, 0x10a3, 0x08a3,
0x0883, 0x0883, 0x08c4, 0x08c3, 0x0862, 0x0841, 0x0020, 0x0841, 0x10c4, 0x10a3, 0x10a3, 0x10c3, 0x10c4, 0x10c4, 0x10c4, 0x0862,
0x0862, 0x0841, 0x0020, 0x0000, 0x08a4, 0x08e4, 0x08e5, 0x08e5, 0x08e5, 0x08e5, 0x10e5, 0x10e5, 0x0041, 0x0020, 0x0020, 0x0020,
0x0020, 0x0861, 0x08c4, 0x08c4, 0x08c4, 0x10e5, 0x10e5, 0x1106, 0x1126, 0x1126, 0x1126, 0x1106, 0x08a4, 0x0000, 0x0000, 0x0000,
0x0000, 0x0000, 0x0000, 0x0021, 0x0821, 0x0800, 0x0800, 0x0820, 0x0820, 0x1041, 0x18c2, 0x1061, 0x0820, 0x0800, 0x1040, 0x1881,
0x1860, 0x2060, 0x18a1, 0x18e3, 0x18a2, 0x1041, 0x0841, 0x0020, 0x0000, 0x0820, 0x1041, 0x0841, 0x0842, 0x0821, 0x0841, 0x1062,
0x2146, 0x21a8, 0x29a8, 0x29a8, 0x29a7, 0x29a7, 0x29a7, 0x2987, 0x2987, 0x29a7, 0x29a7, 0x29a7, 0x29a7, 0x29a8, 0x2986, 0x20e3,
0x20a2, 0x2082, 0x2082, 0x1061, 0x0841, 0x0821, 0x0841, 0x0041, 
/* -231- */
0x10c4, 0x10c4, 0x10c4, 0x10c4, 0x10c4, 0x10c4, 0x10c4, 0x10c4, 0x10c4, 0x18e4, 0x10e4, 0x10e4, 0x10e5, 0x10e5, 0x10e5, 0x1905,
0x18e5, 0x1905, 0x10e4, 0x10e4, 0x10e4, 0x10e4, 0x1905, 0x1905, 0x1905, 0x1905, 0x1905, 0x1905, 0x1905, 0x1105, 0x1926, 0x1926,
0x1926, 0x1926, 0x1926, 0x1926, 0x1946, 0x1926, 0x1926, 0x1126, 0x1106, 0x1106, 0x1926, 0x1926, 0x1926, 0x1926, 0x1926, 0x1926,
0x1926, 0x1926, 0x1926, 0x1926, 0x1926, 0x1946, 0x1926, 0x1926, 0x1926, 0x1926, 0x1926, 0x1946, 0x1946, 0x08a4, 0x0083, 0x0083,
0x0083, 0x0083, 0x0083, 0x0063, 0x10c4, 0x1905, 0x1905, 0x1105, 0x1905, 0x10e4, 0x08c4, 0x08a4, 0x08a3, 0x0083, 0x0083, 0x0883,
0x0883, 0x0883, 0x08a3, 0x0883, 0x0883, 0x08a3, 0x10c4, 0x10a4, 0x10c4, 0x10c4, 0x18e5, 0x1905, 0x18e5, 0x10e5, 0x18e5, 0x1905,
0x1905, 0x10c4, 0x10a3, 0x10a3, 0x0842, 0x0000, 0x0000, 0x0021, 0x0042, 0x0042, 0x0021, 0x0841, 0x1082, 0x1041, 0x1041, 0x0841,
0x1041, 0x0020, 0x0000, 0x1882, 0x1881, 0x0861, 0x0841, 0x1041, 0x1041, 0x0000, 0x0000, 0x1882, 0x0821, 0x0000, 0x0821, 0x18a3,
0x0861, 0x0000, 0x0000, 0x0841, 0x0841, 0x0041, 0x0021, 0x0861, 0x18a2, 0x0861, 0x0862, 0x0041, 0x0041, 0x0883, 0x10c4, 0x0021,
0x0041, 0x0041, 0x0021, 0x0862, 0x1904, 0x2166, 0x2145, 0x10a3, 0x0041, 0x0882, 0x1925, 0x0041, 0x08c4, 0x0883, 0x0862, 0x10c4,
0x10c3, 0x10a2, 0x1081, 0x0840, 0x0000, 0x0841, 0x0862, 0x0862, 0x0841, 0x0020, 0x1082, 0x18c3, 0x18c3, 0x0021, 0x1083, 0x0883,
0x0862, 0x0862, 0x08c4, 0x08a3, 0x0841, 0x0841, 0x0821, 0x0842, 0x10c4, 0x08a3, 0x08a3, 0x08c4, 0x10c4, 0x10c4, 0x08a3, 0x0861,
0x0862, 0x0020, 0x0000, 0x0000, 0x08a4, 0x08e4, 0x10e4, 0x10e4, 0x08e5, 0x08e5, 0x1105, 0x1105, 0x0041, 0x0841, 0x0020, 0x0000,
0x0000, 0x0061, 0x08c4, 0x10e5, 0x10e5, 0x10e5, 0x10e5, 0x10e5, 0x1105, 0x1106, 0x1105, 0x1106, 0x08a3, 0x0000, 0x0000, 0x0000,
0x0000, 0x0000, 0x0000, 0x10a3, 0x0882, 0x0000, 0x0000, 0x0000, 0x0800, 0x1040, 0x1881, 0x1861, 0x1040, 0x0800, 0x1860, 0x20a1,
0x20a1, 0x2061, 0x18c3, 0x1905, 0x18a2, 0x1061, 0x0840, 0x0840, 0x0000, 0x1061, 0x1882, 0x1041, 0x0821, 0x0021, 0x0842, 0x0861,
0x0842, 0x10c4, 0x1905, 0x2104, 0x2104, 0x2945, 0x2966, 0x2986, 0x2986, 0x29a7, 0x29a7, 0x29a7, 0x29a7, 0x29a7, 0x2966, 0x20c3,
0x2082, 0x20a2, 0x28c3, 0x28e4, 0x20e4, 0x18c3, 0x20e4, 0x0820, 
/* -232- */
0x10c4, 0x10c4, 0x10c4, 0x10e4, 0x10e4, 0x10c4, 0x18e4, 0x10e4, 0x10e4, 0x1905, 0x10e4, 0x10e4, 0x1905, 0x18e5, 0x1905, 0x18e5,
0x1905, 0x18e5, 0x10e4, 0x10e4, 0x10c4, 0x10e4, 0x1105, 0x1905, 0x1905, 0x1905, 0x1905, 0x1926, 0x1926, 0x1906, 0x1926, 0x1926,
0x1926, 0x1926, 0x1926, 0x1926, 0x1926, 0x1926, 0x1926, 0x1926, 0x1126, 0x1926, 0x1926, 0x1926, 0x1926, 0x1926, 0x1926, 0x1926,
0x1926, 0x1946, 0x1946, 0x1946, 0x1926, 0x1926, 0x1926, 0x1926, 0x1926, 0x1946, 0x1926, 0x2147, 0x1947, 0x08c4, 0x0083, 0x0083,
0x0083, 0x0883, 0x0083, 0x0883, 0x10c4, 0x1925, 0x1926, 0x1926, 0x1926, 0x1905, 0x1905, 0x10c4, 0x1905, 0x10c4, 0x10e4, 0x10e5,
0x10e5, 0x10e5, 0x10e5, 0x10e5, 0x10e4, 0x08a3, 0x08a3, 0x08a3, 0x0883, 0x0883, 0x0883, 0x08a3, 0x08a3, 0x0883, 0x10a4, 0x18e5,
0x10e4, 0x10e4, 0x10e4, 0x10c4, 0x0041, 0x0000, 0x0020, 0x0841, 0x0041, 0x0041, 0x0042, 0x0841, 0x1082, 0x0841, 0x0000, 0x0000,
0x0000, 0x0000, 0x0000, 0x1881, 0x1041, 0x0841, 0x1882, 0x1041, 0x0841, 0x0000, 0x0000, 0x1882, 0x0841, 0x0000, 0x0000, 0x1082,
0x0841, 0x0000, 0x0000, 0x0861, 0x0821, 0x0021, 0x0020, 0x0841, 0x1882, 0x0841, 0x0841, 0x0842, 0x0841, 0x0883, 0x10c4, 0x0021,
0x0041, 0x0041, 0x0021, 0x0862, 0x0882, 0x1904, 0x2145, 0x2166, 0x18e4, 0x1082, 0x1904, 0x0041, 0x08c4, 0x0883, 0x0882, 0x10e5,
0x10c3, 0x10a2, 0x1081, 0x0820, 0x0000, 0x0841, 0x0862, 0x0862, 0x0842, 0x0021, 0x0882, 0x18c3, 0x18c3, 0x0021, 0x0882, 0x0882,
0x0862, 0x0862, 0x08a4, 0x08a3, 0x0841, 0x1061, 0x0841, 0x0841, 0x10c4, 0x0883, 0x08c4, 0x10c4, 0x08a3, 0x08a4, 0x08a3, 0x0841,
0x0862, 0x0040, 0x0820, 0x0000, 0x08c4, 0x08e4, 0x10e4, 0x08c4, 0x08e4, 0x10e5, 0x1105, 0x1105, 0x0041, 0x0820, 0x0820, 0x0000,
0x0000, 0x0862, 0x10c4, 0x10e5, 0x10e5, 0x10e5, 0x10e5, 0x10e5, 0x10e5, 0x10e5, 0x10e5, 0x1105, 0x08a3, 0x0000, 0x0000, 0x0000,
0x0000, 0x0000, 0x0020, 0x10c4, 0x10e4, 0x08a3, 0x0862, 0x0000, 0x0000, 0x0820, 0x1061, 0x1861, 0x1040, 0x0820, 0x1860, 0x20a1,
0x18c2, 0x20a2, 0x1904, 0x1925, 0x18c2, 0x1061, 0x0820, 0x1061, 0x1040, 0x18a2, 0x20c2, 0x1881, 0x0800, 0x0000, 0x0000, 0x0020,
0x0000, 0x0020, 0x0021, 0x0820, 0x1041, 0x1882, 0x28e3, 0x3144, 0x2924, 0x2987, 0x29a7, 0x29a7, 0x29a7, 0x29a7, 0x2987, 0x2125,
0x2945, 0x2945, 0x2966, 0x2966, 0x2987, 0x2987, 0x2986, 0x20e4, 
/* -233- */
0x1946, 0x1926, 0x1925, 0x1905, 0x1925, 0x1905, 0x1905, 0x1905, 0x1926, 0x1905, 0x1905, 0x1905, 0x1906, 0x1905, 0x1905, 0x1926,
0x1905, 0x1905, 0x1905, 0x1105, 0x10e5, 0x10e5, 0x1906, 0x1906, 0x1906, 0x1105, 0x1106, 0x1926, 0x1926, 0x1926, 0x1926, 0x1906,
0x1926, 0x1926, 0x1926, 0x1926, 0x1926, 0x1947, 0x1926, 0x1926, 0x1946, 0x1926, 0x1926, 0x1926, 0x1926, 0x1926, 0x1926, 0x1926,
0x1926, 0x1926, 0x1946, 0x1946, 0x1926, 0x1926, 0x1926, 0x1926, 0x1946, 0x1946, 0x1946, 0x1946, 0x1946, 0x08c4, 0x0884, 0x0884,
0x0883, 0x08a4, 0x0883, 0x0883, 0x08c4, 0x1105, 0x1905, 0x1905, 0x10e5, 0x1925, 0x1925, 0x1905, 0x1905, 0x18e5, 0x1905, 0x1905,
0x10e5, 0x1905, 0x1906, 0x1906, 0x1905, 0x1905, 0x18e5, 0x1905, 0x08a3, 0x08a3, 0x08c4, 0x08a3, 0x08a3, 0x0883, 0x0063, 0x0062,
0x0062, 0x0063, 0x0863, 0x0842, 0x0000, 0x0000, 0x0020, 0x0020, 0x0021, 0x0021, 0x0041, 0x0021, 0x0021, 0x0000, 0x0000, 0x0000,
0x0000, 0x0000, 0x0000, 0x1861, 0x1041, 0x0820, 0x1882, 0x1861, 0x0840, 0x0000, 0x0020, 0x1882, 0x0841, 0x0000, 0x0000, 0x1062,
0x0841, 0x0000, 0x0000, 0x1061, 0x0821, 0x0000, 0x0000, 0x0820, 0x1881, 0x0841, 0x0841, 0x0041, 0x0842, 0x0883, 0x10c4, 0x0021,
0x0041, 0x0041, 0x0041, 0x0883, 0x0882, 0x0821, 0x18c3, 0x2166, 0x2986, 0x10c3, 0x0882, 0x0021, 0x08c4, 0x0883, 0x0883, 0x10e4,
0x10c4, 0x10c3, 0x1082, 0x0820, 0x0000, 0x0841, 0x0841, 0x0842, 0x0842, 0x0841, 0x1082, 0x18e4, 0x18c3, 0x0020, 0x0862, 0x0862,
0x0861, 0x0862, 0x08a3, 0x08c4, 0x0862, 0x1082, 0x0841, 0x0841, 0x10a4, 0x08a3, 0x10c4, 0x08a3, 0x0883, 0x10a3, 0x08a3, 0x0841,
0x0861, 0x0020, 0x0020, 0x0000, 0x08a3, 0x08c4, 0x08c4, 0x08c4, 0x10e4, 0x08e5, 0x10e5, 0x10e4, 0x0041, 0x0800, 0x0820, 0x0000,
0x0000, 0x0862, 0x10c4, 0x10e5, 0x10e5, 0x10e5, 0x10e5, 0x10e5, 0x10e5, 0x10e5, 0x10e5, 0x10e5, 0x0883, 0x0000, 0x0000, 0x0000,
0x0000, 0x0000, 0x0000, 0x10c4, 0x08e4, 0x08e5, 0x10e4, 0x08a3, 0x0882, 0x0000, 0x0820, 0x1041, 0x1061, 0x1020, 0x1860, 0x20a1,
0x18e3, 0x18e4, 0x1904, 0x1924, 0x18c2, 0x1861, 0x1020, 0x1061, 0x1881, 0x20e2, 0x20e3, 0x1881, 0x0820, 0x0000, 0x0000, 0x0000,
0x0000, 0x0820, 0x0000, 0x0000, 0x1040, 0x20a2, 0x2903, 0x3145, 0x31a7, 0x29a8, 0x29a8, 0x29a8, 0x29a8, 0x21a8, 0x2187, 0x2187,
0x29a7, 0x29a7, 0x2987, 0x2987, 0x2987, 0x2966, 0x2986, 0x2966, 
/* -234- */
0x1905, 0x1946, 0x1905, 0x1926, 0x1905, 0x1926, 0x1105, 0x1905, 0x1926, 0x1905, 0x1905, 0x1905, 0x1905, 0x1105, 0x1906, 0x1906,
0x1906, 0x1926, 0x1926, 0x1926, 0x1105, 0x1926, 0x1106, 0x1926, 0x1926, 0x1926, 0x1126, 0x1947, 0x1926, 0x1926, 0x1926, 0x1926,
0x1105, 0x1926, 0x1926, 0x1926, 0x1946, 0x1926, 0x1926, 0x1947, 0x1946, 0x1946, 0x1926, 0x1926, 0x1926, 0x1926, 0x1926, 0x1926,
0x1926, 0x1946, 0x1926, 0x1946, 0x1926, 0x1926, 0x1946, 0x1926, 0x1926, 0x1946, 0x1926, 0x2147, 0x1946, 0x10c5, 0x0084, 0x0884,
0x08a4, 0x08a4, 0x08a4, 0x0883, 0x08a3, 0x0883, 0x0883, 0x0883, 0x0083, 0x0883, 0x0883, 0x0883, 0x10c4, 0x1905, 0x1905, 0x1905,
0x1905, 0x1905, 0x1906, 0x1926, 0x1906, 0x1905, 0x1905, 0x1905, 0x1905, 0x1905, 0x1905, 0x18e5, 0x18e5, 0x18e5, 0x10a4, 0x10a3,
0x10a4, 0x10a3, 0x10a3, 0x1082, 0x0000, 0x0000, 0x0841, 0x0040, 0x0021, 0x0042, 0x0041, 0x0021, 0x0021, 0x0020, 0x0000, 0x0000,
0x0000, 0x0000, 0x0000, 0x1061, 0x0840, 0x0000, 0x0820, 0x1882, 0x1881, 0x0820, 0x0820, 0x18a2, 0x0841, 0x0000, 0x0000, 0x1041,
0x0841, 0x0000, 0x0000, 0x1082, 0x0841, 0x0000, 0x0000, 0x0820, 0x1881, 0x0841, 0x0841, 0x0842, 0x0862, 0x0883, 0x10c4, 0x0021,
0x0041, 0x0041, 0x0841, 0x10a3, 0x10a3, 0x0000, 0x0021, 0x1905, 0x2146, 0x10a3, 0x0862, 0x0842, 0x10c4, 0x0883, 0x0882, 0x10c3,
0x10c3, 0x18c3, 0x1081, 0x0820, 0x0000, 0x0841, 0x0841, 0x0041, 0x0041, 0x0021, 0x0861, 0x18c3, 0x10a3, 0x0020, 0x0862, 0x0862,
0x0841, 0x0862, 0x0862, 0x08c4, 0x10c4, 0x10c3, 0x0841, 0x0841, 0x10a3, 0x08a4, 0x10c4, 0x08c4, 0x10a3, 0x10c3, 0x08a3, 0x0861,
0x0882, 0x0841, 0x0840, 0x0000, 0x08a3, 0x08c4, 0x08c4, 0x08c4, 0x08c4, 0x08c4, 0x08e4, 0x10c4, 0x0041, 0x0841, 0x1082, 0x0861,
0x0000, 0x0862, 0x08c4, 0x10e4, 0x10e4, 0x10e4, 0x10e5, 0x10e5, 0x10e5, 0x10e5, 0x10e5, 0x10e5, 0x0883, 0x0000, 0x0000, 0x0000,
0x0000, 0x0000, 0x0021, 0x10c4, 0x08c4, 0x08e5, 0x0905, 0x08e5, 0x10e4, 0x0041, 0x0000, 0x0000, 0x0820, 0x1040, 0x1040, 0x1881,
0x18c3, 0x1105, 0x1925, 0x1924, 0x2103, 0x1861, 0x1020, 0x1040, 0x1881, 0x20e3, 0x2103, 0x18c2, 0x0000, 0x0000, 0x0000, 0x0000,
0x0000, 0x1061, 0x0000, 0x0020, 0x1081, 0x20c2, 0x10a2, 0x18c3, 0x1904, 0x2187, 0x29a8, 0x2987, 0x2987, 0x2188, 0x2988, 0x2987,
0x29a7, 0x29a7, 0x2987, 0x2987, 0x2987, 0x3186, 0x2945, 0x2986, 
/* -235- */
0x1925, 0x1926, 0x1925, 0x1926, 0x1906, 0x1925, 0x1925, 0x1905, 0x1905, 0x1926, 0x1905, 0x1905, 0x1105, 0x1926, 0x1926, 0x1905,
0x1906, 0x1926, 0x1926, 0x1926, 0x1926, 0x1106, 0x1946, 0x1926, 0x1926, 0x1926, 0x1946, 0x1926, 0x1946, 0x1946, 0x1926, 0x1926,
0x1926, 0x1926, 0x1926, 0x1946, 0x1946, 0x1946, 0x1926, 0x1947, 0x1946, 0x1946, 0x1946, 0x1926, 0x1926, 0x1926, 0x1926, 0x1926,
0x1926, 0x1926, 0x1926, 0x1926, 0x1926, 0x1926, 0x1926, 0x1946, 0x1926, 0x1926, 0x1926, 0x1946, 0x1926, 0x08c4, 0x0083, 0x0883,
0x0884, 0x08a4, 0x08a4, 0x08a4, 0x0884, 0x0883, 0x0883, 0x0883, 0x08a3, 0x0083, 0x0883, 0x0883, 0x0883, 0x0883, 0x0083, 0x0883,
0x0883, 0x08a4, 0x0883, 0x08a3, 0x0883, 0x0883, 0x08a3, 0x10e4, 0x18e5, 0x1905, 0x18e5, 0x18e5, 0x18e4, 0x18e5, 0x1905, 0x1905,
0x10c4, 0x0862, 0x1081, 0x10a1, 0x1081, 0x0861, 0x1081, 0x0841, 0x0021, 0x0042, 0x0041, 0x0021, 0x0021, 0x0000, 0x0020, 0x0820,
0x0841, 0x0820, 0x0820, 0x0840, 0x0820, 0x0000, 0x0000, 0x1882, 0x20c2, 0x0841, 0x0020, 0x18a2, 0x0841, 0x0000, 0x0000, 0x1061,
0x0841, 0x0000, 0x0000, 0x1082, 0x0862, 0x0020, 0x0000, 0x0020, 0x1081, 0x0841, 0x0841, 0x0041, 0x0862, 0x1083, 0x10c4, 0x0021,
0x0041, 0x0041, 0x0041, 0x08a4, 0x10c4, 0x0020, 0x0841, 0x0841, 0x18e4, 0x18e4, 0x1062, 0x1083, 0x08c4, 0x0882, 0x0862, 0x10c3,
0x10c3, 0x10c3, 0x18a2, 0x1041, 0x0020, 0x0021, 0x0041, 0x0042, 0x0042, 0x0021, 0x0841, 0x10a2, 0x10a2, 0x0021, 0x0862, 0x0862,
0x0862, 0x0841, 0x0862, 0x10c3, 0x08a3, 0x10a3, 0x0821, 0x0841, 0x10a3, 0x08a4, 0x08a3, 0x0883, 0x08a3, 0x08c4, 0x08a3, 0x0862,
0x0882, 0x0841, 0x0841, 0x0000, 0x08a3, 0x08c4, 0x08c4, 0x08c4, 0x10e4, 0x10c4, 0x10e4, 0x08e4, 0x0041, 0x0862, 0x10a3, 0x1082,
0x0000, 0x0861, 0x08c4, 0x10e4, 0x10e4, 0x10e4, 0x10e5, 0x10e5, 0x10e5, 0x10e5, 0x10e5, 0x10e5, 0x0883, 0x0000, 0x0000, 0x0000,
0x0021, 0x0000, 0x0020, 0x10c4, 0x08e4, 0x10e5, 0x10e5, 0x10e5, 0x08e5, 0x08c4, 0x10c4, 0x0862, 0x0021, 0x0820, 0x0800, 0x1040,
0x10a2, 0x10c4, 0x1926, 0x1924, 0x2124, 0x18a2, 0x0820, 0x0820, 0x1081, 0x2103, 0x2103, 0x18c2, 0x0820, 0x0000, 0x0000, 0x0000,
0x0020, 0x1861, 0x0820, 0x0020, 0x10a3, 0x1904, 0x10c3, 0x18a3, 0x1062, 0x10e4, 0x10e4, 0x2125, 0x2987, 0x2987, 0x2187, 0x2124,
0x20e3, 0x2104, 0x2924, 0x2924, 0x2904, 0x20c3, 0x20c2, 0x28c2, 
/* -236- */
0x1946, 0x1926, 0x1926, 0x1926, 0x1926, 0x1926, 0x1105, 0x1905, 0x1925, 0x1926, 0x1905, 0x1905, 0x1926, 0x1926, 0x1926, 0x1926,
0x1926, 0x1926, 0x1946, 0x1926, 0x1926, 0x1126, 0x1946, 0x1926, 0x1926, 0x1946, 0x1926, 0x1926, 0x1926, 0x1926, 0x1926, 0x1926,
0x1926, 0x1926, 0x1926, 0x1946, 0x1946, 0x1946, 0x1946, 0x1946, 0x1946, 0x1946, 0x1926, 0x1946, 0x1926, 0x1926, 0x1926, 0x1946,
0x1926, 0x1926, 0x1926, 0x1926, 0x1926, 0x1946, 0x1926, 0x1926, 0x1926, 0x1946, 0x1946, 0x1946, 0x1946, 0x08c4, 0x0083, 0x0083,
0x0883, 0x08a4, 0x08a4, 0x08a4, 0x08a4, 0x10c4, 0x10e4, 0x10c4, 0x10c4, 0x10c4, 0x10e4, 0x10e5, 0x18e5, 0x10a4, 0x10c4, 0x10c4,
0x08c4, 0x08a3, 0x0883, 0x0883, 0x0883, 0x0883, 0x0883, 0x0883, 0x0883, 0x0883, 0x0883, 0x0863, 0x0883, 0x10a4, 0x10c4, 0x0883,
0x10a3, 0x0882, 0x0881, 0x10a1, 0x10a1, 0x10a1, 0x0861, 0x0020, 0x0000, 0x0021, 0x0020, 0x0021, 0x0021, 0x0020, 0x0861, 0x1061,
0x18a2, 0x18a2, 0x1881, 0x1041, 0x0841, 0x1061, 0x0820, 0x0841, 0x20c3, 0x18a2, 0x0000, 0x1882, 0x0841, 0x0000, 0x0000, 0x1082,
0x0861, 0x0000, 0x0000, 0x1082, 0x1082, 0x0020, 0x0000, 0x0020, 0x1082, 0x0841, 0x0841, 0x0842, 0x0862, 0x1083, 0x10c4, 0x0021,
0x0041, 0x0042, 0x0041, 0x10c4, 0x10c4, 0x0021, 0x0041, 0x0041, 0x0841, 0x1062, 0x1082, 0x0862, 0x08a4, 0x0882, 0x0862, 0x10c4,
0x10c4, 0x10c4, 0x10a3, 0x0841, 0x0020, 0x0041, 0x0041, 0x0042, 0x0862, 0x0021, 0x0861, 0x10a3, 0x10a2, 0x0021, 0x0862, 0x0862,
0x0862, 0x0842, 0x0862, 0x0882, 0x08a3, 0x10c3, 0x0841, 0x0841, 0x08a3, 0x08a3, 0x08a3, 0x08a3, 0x08c4, 0x08c4, 0x08a3, 0x0862,
0x0882, 0x0841, 0x0841, 0x0000, 0x10a3, 0x08c4, 0x08c4, 0x08c4, 0x10c4, 0x10c4, 0x10e4, 0x10c4, 0x0041, 0x0862, 0x10a3, 0x1082,
0x0841, 0x0862, 0x08c4, 0x10e4, 0x10e4, 0x10e5, 0x10e5, 0x10e5, 0x10e5, 0x10e5, 0x10e5, 0x10e5, 0x0883, 0x0000, 0x0000, 0x0821,
0x0000, 0x0000, 0x0000, 0x10c4, 0x10e4, 0x10e5, 0x10e5, 0x10e5, 0x08e5, 0x10e5, 0x08c4, 0x10e5, 0x08c4, 0x0041, 0x0000, 0x0020,
0x0820, 0x1082, 0x1905, 0x1905, 0x2124, 0x18c2, 0x0820, 0x0820, 0x1081, 0x20c2, 0x20a2, 0x1881, 0x1881, 0x0820, 0x0820, 0x0820,
0x0820, 0x20c2, 0x1061, 0x1041, 0x18a3, 0x18e4, 0x18e4, 0x18a2, 0x10a3, 0x10c4, 0x0841, 0x1061, 0x18e3, 0x2146, 0x2166, 0x20c3,
0x1881, 0x1861, 0x1881, 0x1061, 0x0840, 0x0840, 0x1041, 0x1861, 
/* -237- */
0x1946, 0x1946, 0x1926, 0x1926, 0x1926, 0x1925, 0x1926, 0x1926, 0x1926, 0x1926, 0x1926, 0x1926, 0x1926, 0x1926, 0x1926, 0x1946,
0x1947, 0x1926, 0x1946, 0x1926, 0x1926, 0x1926, 0x1946, 0x1926, 0x1946, 0x1926, 0x1946, 0x1926, 0x1926, 0x1926, 0x1926, 0x1926,
0x1926, 0x1926, 0x1926, 0x1926, 0x1946, 0x1946, 0x1946, 0x1926, 0x1926, 0x1946, 0x1946, 0x1946, 0x1926, 0x1926, 0x1946, 0x1946,
0x1926, 0x1926, 0x1946, 0x1926, 0x1926, 0x1946, 0x1946, 0x1946, 0x1946, 0x2146, 0x2146, 0x1946, 0x1946, 0x10e5, 0x0083, 0x0083,
0x0883, 0x0884, 0x08a4, 0x08a4, 0x08a4, 0x10e5, 0x1925, 0x1905, 0x1905, 0x1905, 0x1925, 0x1926, 0x1926, 0x1926, 0x1925, 0x1905,
0x1905, 0x10c4, 0x10e5, 0x10e4, 0x10e4, 0x10c4, 0x08a4, 0x08a3, 0x0883, 0x0883, 0x0883, 0x0883, 0x0883, 0x0863, 0x0062, 0x0083,
0x0883, 0x0862, 0x0862, 0x1082, 0x1082, 0x1082, 0x0862, 0x0841, 0x0000, 0x0000, 0x0000, 0x0021, 0x0020, 0x0021, 0x0020, 0x0841,
0x18c3, 0x2104, 0x20e3, 0x18a2, 0x1882, 0x1882, 0x1081, 0x0820, 0x0841, 0x1061, 0x0020, 0x1082, 0x0841, 0x0021, 0x0020, 0x18a2,
0x0841, 0x0000, 0x0000, 0x1061, 0x1082, 0x0020, 0x0000, 0x0020, 0x1061, 0x0841, 0x0020, 0x0041, 0x0862, 0x1083, 0x10c4, 0x0021,
0x0062, 0x0062, 0x0041, 0x10a4, 0x10c4, 0x0021, 0x0041, 0x0042, 0x0041, 0x0021, 0x0020, 0x0021, 0x10a3, 0x0862, 0x0841, 0x10a3,
0x10c4, 0x10c4, 0x10a2, 0x0820, 0x0021, 0x0041, 0x0041, 0x0042, 0x0842, 0x0021, 0x0862, 0x10a3, 0x10a3, 0x0021, 0x0862, 0x0862,
0x0882, 0x0862, 0x0841, 0x0862, 0x0883, 0x10a3, 0x0841, 0x0841, 0x0882, 0x0882, 0x0883, 0x08a3, 0x08c4, 0x08c4, 0x08c4, 0x0862,
0x0862, 0x0841, 0x0841, 0x0000, 0x08a3, 0x08c4, 0x08e4, 0x08e4, 0x08e4, 0x08c4, 0x08c4, 0x10c4, 0x0041, 0x0882, 0x10a3, 0x1082,
0x0841, 0x0862, 0x08c4, 0x10e4, 0x10e4, 0x10e5, 0x10e5, 0x10e5, 0x10e5, 0x10e5, 0x10e5, 0x10e5, 0x0883, 0x0000, 0x0820, 0x0821,
0x0000, 0x0000, 0x0000, 0x10c4, 0x10e5, 0x10e5, 0x10e5, 0x10e5, 0x10e5, 0x10e5, 0x08c4, 0x08e5, 0x08e4, 0x08c4, 0x0883, 0x0882,
0x0000, 0x0020, 0x0862, 0x18a2, 0x20e2, 0x20c2, 0x1040, 0x1020, 0x1881, 0x20a2, 0x1061, 0x1061, 0x1041, 0x1861, 0x1861, 0x1040,
0x1040, 0x20e3, 0x18a2, 0x1861, 0x1061, 0x10c3, 0x10e5, 0x10c4, 0x10e4, 0x10e5, 0x0841, 0x0820, 0x1082, 0x0861, 0x1082, 0x20a2,
0x20c3, 0x2925, 0x2945, 0x2104, 0x18a2, 0x2081, 0x20a2, 0x28c2, 
/* -238- */
0x1946, 0x1946, 0x1926, 0x1906, 0x1926, 0x1926, 0x1926, 0x1946, 0x1926, 0x1947, 0x1106, 0x1946, 0x1926, 0x1926, 0x1105, 0x1946,
0x1946, 0x1947, 0x1946, 0x1946, 0x1926, 0x1926, 0x1946, 0x1926, 0x1946, 0x1946, 0x1926, 0x1926, 0x1926, 0x1926, 0x1926, 0x1926,
0x1926, 0x1946, 0x1926, 0x1946, 0x1926, 0x1926, 0x1926, 0x1926, 0x1946, 0x1946, 0x1946, 0x1946, 0x2146, 0x2146, 0x1946, 0x1946,
0x1926, 0x1926, 0x1946, 0x1926, 0x1946, 0x2146, 0x2146, 0x2146, 0x1946, 0x2146, 0x2167, 0x1946, 0x1946, 0x1105, 0x0083, 0x0083,
0x0883, 0x0884, 0x08a4, 0x08a4, 0x08a4, 0x08c4, 0x08c4, 0x08c4, 0x08c4, 0x08c4, 0x1105, 0x1926, 0x1946, 0x2146, 0x2126, 0x1926,
0x2126, 0x1926, 0x1905, 0x1905, 0x1905, 0x18e5, 0x18e5, 0x18e5, 0x18e5, 0x18e5, 0x18e5, 0x1905, 0x18e5, 0x10c4, 0x0883, 0x0882,
0x0863, 0x0863, 0x0042, 0x0042, 0x0062, 0x0042, 0x0042, 0x0042, 0x0021, 0x0000, 0x0000, 0x0021, 0x0000, 0x0021, 0x0001, 0x0841,
0x18e4, 0x2146, 0x2146, 0x2104, 0x2103, 0x20c3, 0x18a2, 0x1061, 0x0000, 0x0020, 0x0820, 0x0840, 0x0820, 0x0841, 0x0020, 0x10a2,
0x0841, 0x0000, 0x0000, 0x0841, 0x1082, 0x0021, 0x0000, 0x0020, 0x1061, 0x0840, 0x0000, 0x0021, 0x0841, 0x1083, 0x10c4, 0x0021,
0x0062, 0x0062, 0x0041, 0x0883, 0x10c4, 0x0021, 0x0041, 0x0042, 0x0041, 0x0821, 0x0020, 0x0000, 0x10a3, 0x0883, 0x0821, 0x1082,
0x10a3, 0x0841, 0x0840, 0x0820, 0x0020, 0x0041, 0x0042, 0x0042, 0x0862, 0x0021, 0x0862, 0x10c4, 0x0882, 0x0021, 0x0841, 0x0862,
0x0882, 0x0882, 0x0841, 0x0841, 0x0862, 0x10a3, 0x0841, 0x0021, 0x0882, 0x0862, 0x0882, 0x08a3, 0x08a3, 0x08c4, 0x08c4, 0x0862,
0x0882, 0x0862, 0x0841, 0x0000, 0x08a3, 0x08c4, 0x08e4, 0x08e4, 0x08e4, 0x08c4, 0x08c4, 0x10c4, 0x0041, 0x0882, 0x10a3, 0x10a2,
0x0041, 0x0861, 0x08c4, 0x10e4, 0x10e5, 0x10e5, 0x10e5, 0x10e5, 0x10e5, 0x10e5, 0x10e5, 0x10e5, 0x0862, 0x0000, 0x0821, 0x0821,
0x0021, 0x0000, 0x0000, 0x08a4, 0x10e5, 0x10e5, 0x10e5, 0x10e5, 0x10e5, 0x08e4, 0x08e4, 0x08c4, 0x10e5, 0x10e5, 0x10e4, 0x10c4,
0x0000, 0x0000, 0x0000, 0x0020, 0x0841, 0x18a1, 0x1861, 0x1041, 0x20a2, 0x1881, 0x1041, 0x1041, 0x1041, 0x1061, 0x1881, 0x1840,
0x18a1, 0x2103, 0x18c3, 0x1061, 0x1061, 0x18c3, 0x10e5, 0x1105, 0x1105, 0x1105, 0x0841, 0x1062, 0x10c3, 0x0820, 0x1061, 0x1062,
0x18c3, 0x2104, 0x2946, 0x2987, 0x2904, 0x28c2, 0x3123, 0x3123, 
/* -239- */
0x1947, 0x1946, 0x1926, 0x1926, 0x1946, 0x1926, 0x1106, 0x1926, 0x1946, 0x1926, 0x1946, 0x1926, 0x1946, 0x1926, 0x1926, 0x1926,
0x1947, 0x1946, 0x1946, 0x1946, 0x1926, 0x1126, 0x1947, 0x1126, 0x1926, 0x1947, 0x1926, 0x1926, 0x1926, 0x1946, 0x1926, 0x1946,
0x1946, 0x1926, 0x1946, 0x1926, 0x1926, 0x1946, 0x1926, 0x2146, 0x1946, 0x2147, 0x1926, 0x1926, 0x2146, 0x1946, 0x1946, 0x1946,
0x1946, 0x1926, 0x1946, 0x1946, 0x2166, 0x2166, 0x1946, 0x1946, 0x2166, 0x2167, 0x1946, 0x1946, 0x1946, 0x10e5, 0x0083, 0x0883,
0x08a4, 0x08a4, 0x08a4, 0x08a4, 0x08a4, 0x08a4, 0x08a3, 0x08a3, 0x08a4, 0x08a3, 0x0883, 0x08a4, 0x08a4, 0x08c4, 0x08a4, 0x08a3,
0x10c4, 0x1905, 0x18e5, 0x10e5, 0x10e4, 0x10c4, 0x18e5, 0x1905, 0x1905, 0x1905, 0x1905, 0x1905, 0x1905, 0x1905, 0x18e5, 0x1905,
0x2126, 0x1926, 0x1905, 0x18e4, 0x0021, 0x0042, 0x0042, 0x0042, 0x0042, 0x0021, 0x0000, 0x0021, 0x0000, 0x0021, 0x0021, 0x0021,
0x1082, 0x2145, 0x2166, 0x2146, 0x2145, 0x2104, 0x18c3, 0x1082, 0x0820, 0x0000, 0x0861, 0x1082, 0x1061, 0x0820, 0x0020, 0x10a2,
0x0841, 0x0000, 0x0000, 0x0862, 0x1083, 0x0021, 0x0000, 0x0020, 0x1061, 0x0841, 0x0000, 0x0000, 0x0820, 0x10a3, 0x10c4, 0x0021,
0x0042, 0x0862, 0x0021, 0x0883, 0x10e4, 0x0021, 0x0042, 0x0042, 0x0021, 0x0841, 0x10a3, 0x0020, 0x10a4, 0x0863, 0x0821, 0x0841,
0x0841, 0x0820, 0x0820, 0x0820, 0x0020, 0x0042, 0x0862, 0x0842, 0x0862, 0x0021, 0x0862, 0x10c3, 0x1082, 0x0021, 0x0841, 0x0862,
0x0862, 0x0862, 0x0862, 0x0841, 0x0020, 0x0862, 0x0841, 0x0021, 0x0882, 0x0862, 0x0883, 0x08a3, 0x08a4, 0x08c4, 0x08c4, 0x0862,
0x08a3, 0x08a4, 0x0842, 0x0000, 0x08a3, 0x08c4, 0x08c4, 0x08e4, 0x08e4, 0x10e4, 0x10e4, 0x10c4, 0x0041, 0x1082, 0x1082, 0x1061,
0x0841, 0x0862, 0x08c4, 0x10e5, 0x10e5, 0x10e5, 0x10e5, 0x10e5, 0x10e5, 0x08c4, 0x10c4, 0x10e5, 0x0862, 0x0000, 0x0821, 0x0821,
0x0821, 0x0000, 0x0020, 0x10c4, 0x10e5, 0x10e5, 0x10e5, 0x08e5, 0x10e5, 0x08e4, 0x08c4, 0x08c4, 0x08e5, 0x10e5, 0x10e5, 0x10c4,
0x0000, 0x0000, 0x0000, 0x0000, 0x0000, 0x0800, 0x1041, 0x1061, 0x18a2, 0x1041, 0x1041, 0x1041, 0x1041, 0x1041, 0x1861, 0x1881,
0x20c2, 0x1904, 0x18e4, 0x18a2, 0x18c3, 0x18e4, 0x10e5, 0x1105, 0x1105, 0x1105, 0x0841, 0x10a3, 0x10e4, 0x1061, 0x10a3, 0x10e4,
0x10e4, 0x10a3, 0x18e4, 0x2145, 0x20e3, 0x2903, 0x3144, 0x31a5, 
/* -240- */
0x1946, 0x1946, 0x1946, 0x1947, 0x1126, 0x1926, 0x1946, 0x1946, 0x1926, 0x1946, 0x1946, 0x1926, 0x1946, 0x1926, 0x1926, 0x1926,
0x2167, 0x1946, 0x1946, 0x1926, 0x1946, 0x1946, 0x1946, 0x1926, 0x1926, 0x1926, 0x1946, 0x1946, 0x1946, 0x1946, 0x1926, 0x1946,
0x1926, 0x1926, 0x1926, 0x1926, 0x1947, 0x1946, 0x1926, 0x2147, 0x2146, 0x1946, 0x1946, 0x2146, 0x1946, 0x1926, 0x2146, 0x1946,
0x1926, 0x2166, 0x2167, 0x2167, 0x1946, 0x1946, 0x2146, 0x1926, 0x2147, 0x1946, 0x2167, 0x2167, 0x1946, 0x10e5, 0x0083, 0x08a4,
0x08a4, 0x08a4, 0x08a4, 0x08a4, 0x08a4, 0x10c4, 0x10e4, 0x1905, 0x1926, 0x1905, 0x1905, 0x10c4, 0x0883, 0x0883, 0x0883, 0x0883,
0x0883, 0x0883, 0x0883, 0x0883, 0x0883, 0x0083, 0x08a4, 0x10c4, 0x10c4, 0x08a4, 0x10c4, 0x10c4, 0x10c4, 0x18e5, 0x1905, 0x1925,
0x1925, 0x2126, 0x1905, 0x10e4, 0x0883, 0x0042, 0x0042, 0x0042, 0x0042, 0x0021, 0x0041, 0x0021, 0x0000, 0x0021, 0x0021, 0x0062,
0x0862, 0x2125, 0x2146, 0x2146, 0x2146, 0x2126, 0x18e4, 0x1082, 0x0862, 0x0000, 0x0020, 0x18a2, 0x20c3, 0x1061, 0x0020, 0x18a2,
0x0841, 0x0000, 0x0000, 0x0862, 0x1083, 0x0021, 0x0000, 0x0020, 0x1061, 0x0841, 0x0000, 0x0000, 0x0020, 0x10a3, 0x10c3, 0x0021,
0x0041, 0x0042, 0x0021, 0x10a3, 0x10c4, 0x0021, 0x0842, 0x0042, 0x0041, 0x0842, 0x10a3, 0x0021, 0x10c4, 0x0883, 0x0020, 0x0820,
0x0020, 0x0000, 0x0000, 0x0020, 0x0021, 0x0041, 0x0041, 0x0862, 0x0042, 0x0021, 0x0882, 0x10c4, 0x10a3, 0x0021, 0x0842, 0x0841,
0x0862, 0x0862, 0x0862, 0x0861, 0x0020, 0x0861, 0x0021, 0x0021, 0x0862, 0x0862, 0x0882, 0x08a3, 0x08a3, 0x08c4, 0x08a3, 0x0841,
0x08a3, 0x10e4, 0x0862, 0x0000, 0x08a3, 0x08c4, 0x08c3, 0x08c4, 0x10e4, 0x10e5, 0x10e4, 0x10c4, 0x0021, 0x1061, 0x18a2, 0x1081,
0x0841, 0x0862, 0x08c4, 0x10e5, 0x08e5, 0x10e5, 0x10e5, 0x10e5, 0x10e5, 0x08c4, 0x10c4, 0x10e5, 0x0862, 0x0000, 0x0841, 0x0021,
0x0000, 0x0020, 0x0020, 0x08c4, 0x10e5, 0x10e5, 0x10e5, 0x08e5, 0x08e5, 0x08c4, 0x08c4, 0x08c4, 0x10e5, 0x10e5, 0x10e5, 0x10c4,
0x0000, 0x0000, 0x0021, 0x0000, 0x0000, 0x0000, 0x0000, 0x0820, 0x1041, 0x0841, 0x0821, 0x0821, 0x1041, 0x1041, 0x1041, 0x1041,
0x1881, 0x2124, 0x1905, 0x18e4, 0x1905, 0x10a3, 0x18e4, 0x1105, 0x1105, 0x1105, 0x0841, 0x10e4, 0x10e5, 0x1061, 0x0882, 0x10c4,
0x10e5, 0x10e5, 0x10c4, 0x0862, 0x1040, 0x20a2, 0x2903, 0x3164, 
/* -241- */
0x2167, 0x1926, 0x1946, 0x1926, 0x1946, 0x1926, 0x1926, 0x1926, 0x1946, 0x1926, 0x1947, 0x1926, 0x1946, 0x1946, 0x1946, 0x1926,
0x1947, 0x1946, 0x1926, 0x1926, 0x1946, 0x1926, 0x1926, 0x1926, 0x1946, 0x1926, 0x1926, 0x1947, 0x1946, 0x1946, 0x1946, 0x1926,
0x1926, 0x1926, 0x1926, 0x1946, 0x2167, 0x1946, 0x1946, 0x1946, 0x2146, 0x2146, 0x2167, 0x1946, 0x1925, 0x1926, 0x2146, 0x1946,
0x1946, 0x1926, 0x1926, 0x1946, 0x1946, 0x2166, 0x2166, 0x2167, 0x2167, 0x2146, 0x2166, 0x2166, 0x2167, 0x10e5, 0x0083, 0x0884,
0x08a4, 0x08a4, 0x08a4, 0x08a4, 0x08a4, 0x10c4, 0x1926, 0x2126, 0x2146, 0x2146, 0x2146, 0x2146, 0x2146, 0x2126, 0x2126, 0x2126,
0x18e5, 0x10c4, 0x10e5, 0x10e5, 0x10e5, 0x10c4, 0x10c4, 0x08a3, 0x08a3, 0x0883, 0x0883, 0x0883, 0x08a3, 0x08a4, 0x10a4, 0x0883,
0x0062, 0x0862, 0x0062, 0x0062, 0x0063, 0x0042, 0x0042, 0x0042, 0x0042, 0x0042, 0x0042, 0x0020, 0x0000, 0x0021, 0x0042, 0x0062,
0x0062, 0x10c3, 0x1905, 0x1905, 0x18e4, 0x18c4, 0x18e4, 0x18e4, 0x18e4, 0x0862, 0x0020, 0x0841, 0x18c3, 0x18c3, 0x0841, 0x18c2,
0x0841, 0x0000, 0x0000, 0x0861, 0x1082, 0x0020, 0x0000, 0x0020, 0x1061, 0x0841, 0x0000, 0x0000, 0x0021, 0x10a3, 0x10c3, 0x0020,
0x0041, 0x0042, 0x0041, 0x10a4, 0x10c4, 0x0021, 0x0842, 0x0041, 0x0041, 0x0862, 0x10c4, 0x0021, 0x08c4, 0x0883, 0x0000, 0x0000,
0x0000, 0x0000, 0x0000, 0x0000, 0x0020, 0x0042, 0x0062, 0x0862, 0x0062, 0x0021, 0x0882, 0x10c4, 0x10a3, 0x0021, 0x0862, 0x0841,
0x0862, 0x0862, 0x0041, 0x0861, 0x0020, 0x0841, 0x0020, 0x0020, 0x0862, 0x0862, 0x0882, 0x08a3, 0x08c4, 0x08c4, 0x08a3, 0x0041,
0x0883, 0x10c4, 0x0862, 0x0000, 0x08c4, 0x08c4, 0x08c3, 0x08c4, 0x10e4, 0x10e5, 0x08e4, 0x10c4, 0x0041, 0x1061, 0x10a2, 0x1081,
0x0840, 0x0861, 0x10c4, 0x10e5, 0x10e5, 0x10e5, 0x10e5, 0x10e5, 0x10e5, 0x08e4, 0x10e4, 0x10e4, 0x0862, 0x0000, 0x1041, 0x0000,
0x0000, 0x0820, 0x0820, 0x0883, 0x10c4, 0x10e5, 0x10e5, 0x10e5, 0x10e5, 0x10c4, 0x10c4, 0x10c4, 0x10e5, 0x10e5, 0x10e4, 0x10c4,
0x0000, 0x0000, 0x0021, 0x0021, 0x0021, 0x0021, 0x0000, 0x0000, 0x0000, 0x0000, 0x0821, 0x0821, 0x1041, 0x1041, 0x1021, 0x0820,
0x1861, 0x18e3, 0x1905, 0x1905, 0x1905, 0x10c3, 0x10e4, 0x1105, 0x1105, 0x1105, 0x10a3, 0x1105, 0x10e5, 0x0861, 0x0862, 0x10c4,
0x10e5, 0x10e4, 0x10c4, 0x0841, 0x0820, 0x0820, 0x1041, 0x1061, 
/* -242- */
0x1926, 0x1947, 0x1926, 0x1946, 0x1926, 0x1946, 0x1946, 0x1946, 0x1946, 0x1926, 0x1926, 0x1946, 0x1946, 0x1946, 0x1926, 0x1946,
0x1946, 0x1946, 0x1926, 0x1946, 0x1946, 0x1946, 0x1946, 0x1926, 0x1926, 0x1926, 0x1946, 0x1926, 0x1946, 0x1926, 0x1946, 0x1926,
0x1946, 0x1946, 0x1946, 0x1946, 0x2146, 0x2146, 0x1946, 0x1946, 0x2166, 0x1946, 0x2167, 0x2146, 0x1946, 0x1926, 0x1946, 0x2167,
0x1946, 0x1946, 0x1946, 0x2147, 0x2167, 0x1946, 0x2166, 0x2166, 0x2146, 0x2166, 0x1946, 0x2167, 0x2167, 0x1105, 0x08a3, 0x00a4,
0x08a4, 0x08a4, 0x08a4, 0x08a4, 0x08a4, 0x10c4, 0x1905, 0x1926, 0x1926, 0x2126, 0x2126, 0x2126, 0x2126, 0x2126, 0x2146, 0x2146,
0x2146, 0x2146, 0x2146, 0x2146, 0x2146, 0x2126, 0x1905, 0x1905, 0x1905, 0x1905, 0x18e5, 0x10e4, 0x18e5, 0x10c4, 0x08a3, 0x0883,
0x0862, 0x0862, 0x0863, 0x0883, 0x0883, 0x0883, 0x0062, 0x0042, 0x0042, 0x0022, 0x0021, 0x0861, 0x0020, 0x0841, 0x0861, 0x0042,
0x0062, 0x0862, 0x1082, 0x1062, 0x18c2, 0x2103, 0x2103, 0x2104, 0x2104, 0x20e3, 0x0861, 0x0020, 0x0861, 0x18a2, 0x0841, 0x18c2,
0x0841, 0x0000, 0x0000, 0x0841, 0x0862, 0x0000, 0x0000, 0x0020, 0x1061, 0x0841, 0x0000, 0x0000, 0x0020, 0x1082, 0x10a2, 0x0020,
0x0041, 0x0062, 0x0041, 0x10a3, 0x18c4, 0x0021, 0x0842, 0x0041, 0x0041, 0x0862, 0x10e4, 0x0021, 0x08c4, 0x0883, 0x0000, 0x0000,
0x0000, 0x0020, 0x0020, 0x0020, 0x0000, 0x0021, 0x0042, 0x0042, 0x0041, 0x0021, 0x0883, 0x10c4, 0x10a3, 0x0021, 0x0862, 0x0862,
0x0862, 0x0862, 0x0041, 0x0841, 0x0020, 0x0840, 0x0020, 0x0020, 0x0862, 0x0862, 0x0862, 0x08a3, 0x08a4, 0x08c4, 0x08c4, 0x0841,
0x0883, 0x10c4, 0x0041, 0x0000, 0x08a3, 0x08c4, 0x08c4, 0x08c4, 0x08c4, 0x08c4, 0x08c4, 0x08c4, 0x0041, 0x1061, 0x1882, 0x1081,
0x0840, 0x0861, 0x10c4, 0x10e5, 0x10e5, 0x08e5, 0x08e4, 0x10c4, 0x08c4, 0x10e4, 0x08e4, 0x10e4, 0x0862, 0x0020, 0x1061, 0x0841,
0x0820, 0x0820, 0x0820, 0x1083, 0x08a3, 0x08a3, 0x10e4, 0x10e5, 0x10e4, 0x08c4, 0x10c4, 0x10c4, 0x10e4, 0x10e5, 0x10e4, 0x10a3,
0x0000, 0x0000, 0x0021, 0x0021, 0x0021, 0x0021, 0x0021, 0x0021, 0x0000, 0x0000, 0x0000, 0x0000, 0x0841, 0x0821, 0x0821, 0x1041,
0x0820, 0x18e3, 0x1905, 0x1905, 0x10c4, 0x10e4, 0x1105, 0x1105, 0x1105, 0x1105, 0x1105, 0x1105, 0x1105, 0x0861, 0x1083, 0x10e5,
0x1105, 0x10e5, 0x10e4, 0x0021, 0x0000, 0x0000, 0x0840, 0x1061, 
/* -243- */
0x1926, 0x1947, 0x1926, 0x1946, 0x1946, 0x1946, 0x2167, 0x1947, 0x1946, 0x1946, 0x1926, 0x2167, 0x1946, 0x1946, 0x1926, 0x1946,
0x1926, 0x1926, 0x1926, 0x1946, 0x1926, 0x1946, 0x1946, 0x1926, 0x1926, 0x1946, 0x1947, 0x1926, 0x1926, 0x1946, 0x1946, 0x1946,
0x2147, 0x2167, 0x1946, 0x1946, 0x2167, 0x1946, 0x2167, 0x1926, 0x1946, 0x1946, 0x1946, 0x2146, 0x1946, 0x2146, 0x1946, 0x1946,
0x2167, 0x2167, 0x1946, 0x2146, 0x2166, 0x2166, 0x1946, 0x2166, 0x2146, 0x2146, 0x1946, 0x2167, 0x1966, 0x1926, 0x08a4, 0x08a4,
0x08a4, 0x08a4, 0x08a4, 0x08a4, 0x08a4, 0x08a4, 0x08a4, 0x08c4, 0x08c4, 0x10e5, 0x1905, 0x1905, 0x1905, 0x1905, 0x1905, 0x1905,
0x2146, 0x2146, 0x2146, 0x2126, 0x2146, 0x2146, 0x1925, 0x2126, 0x2146, 0x2146, 0x2126, 0x2125, 0x1925, 0x1925, 0x1905, 0x1905,
0x1905, 0x18e4, 0x18e4, 0x1905, 0x1925, 0x1905, 0x08a3, 0x0042, 0x0042, 0x0041, 0x0861, 0x10a2, 0x0861, 0x0020, 0x0041, 0x0041,
0x0062, 0x0062, 0x0862, 0x1061, 0x2102, 0x2103, 0x2123, 0x2103, 0x2103, 0x2103, 0x18e3, 0x0020, 0x0020, 0x1062, 0x0821, 0x1082,
0x0841, 0x0020, 0x0000, 0x0841, 0x0862, 0x0000, 0x0000, 0x0000, 0x1061, 0x0841, 0x0000, 0x0000, 0x0020, 0x1061, 0x1061, 0x0020,
0x0041, 0x0862, 0x0041, 0x10a3, 0x18c4, 0x0021, 0x0042, 0x0042, 0x0041, 0x0882, 0x1104, 0x0021, 0x08a4, 0x0883, 0x0000, 0x0000,
0x0000, 0x0020, 0x0820, 0x1061, 0x1082, 0x1061, 0x0021, 0x0841, 0x0042, 0x0021, 0x0862, 0x10c4, 0x10a3, 0x0020, 0x0841, 0x0862,
0x0862, 0x0862, 0x0862, 0x0841, 0x0020, 0x0820, 0x0000, 0x0020, 0x0862, 0x0862, 0x0882, 0x0862, 0x0883, 0x0883, 0x08a3, 0x0841,
0x0883, 0x08c4, 0x0862, 0x0000, 0x08a3, 0x08c4, 0x08c4, 0x08c4, 0x08c4, 0x08c4, 0x08c4, 0x08a3, 0x0021, 0x1041, 0x1881, 0x1882,
0x0841, 0x0861, 0x10c4, 0x10e5, 0x08e5, 0x08e4, 0x08c4, 0x08c4, 0x08a3, 0x10c4, 0x08e4, 0x10e4, 0x0862, 0x0020, 0x1061, 0x1061,
0x1041, 0x0820, 0x0820, 0x10a3, 0x10a3, 0x0883, 0x10a4, 0x10c4, 0x10c4, 0x08c4, 0x10c4, 0x10c4, 0x10e4, 0x10e4, 0x08c4, 0x10a4,
0x0000, 0x0000, 0x0021, 0x0021, 0x0021, 0x0041, 0x0021, 0x0021, 0x0021, 0x0000, 0x0000, 0x0000, 0x0000, 0x0000, 0x0841, 0x1062,
0x0821, 0x18e4, 0x1905, 0x1905, 0x10e4, 0x1905, 0x1105, 0x1105, 0x1105, 0x1105, 0x1105, 0x1105, 0x1105, 0x0862, 0x10a3, 0x10e5,
0x1105, 0x10e5, 0x10c4, 0x0041, 0x0000, 0x0000, 0x0000, 0x1061, 
/* -244- */
0x1946, 0x2147, 0x2147, 0x1926, 0x1946, 0x1947, 0x1946, 0x1946, 0x1926, 0x1946, 0x1946, 0x1946, 0x1946, 0x1926, 0x1926, 0x1926,
0x1926, 0x1926, 0x1926, 0x1946, 0x1946, 0x1946, 0x1946, 0x1946, 0x1946, 0x1926, 0x1946, 0x1926, 0x1946, 0x1926, 0x1926, 0x1926,
0x1946, 0x1946, 0x2146, 0x2146, 0x2167, 0x1946, 0x2167, 0x2166, 0x2166, 0x2166, 0x2166, 0x2146, 0x2166, 0x1946, 0x1946, 0x2167,
0x2167, 0x2167, 0x2167, 0x2167, 0x2166, 0x2167, 0x1946, 0x1926, 0x2146, 0x2166, 0x2167, 0x2167, 0x1946, 0x1926, 0x00a4, 0x08a4,
0x08a4, 0x08a4, 0x08a4, 0x08a4, 0x08a4, 0x08a4, 0x08a4, 0x08a3, 0x08a3, 0x08a3, 0x08a3, 0x08a3, 0x08a4, 0x08a4, 0x08a4, 0x08a4,
0x10e5, 0x1905, 0x10e5, 0x10e5, 0x10e5, 0x1105, 0x10e4, 0x1905, 0x2125, 0x2126, 0x2126, 0x2126, 0x2126, 0x2126, 0x2126, 0x2146,
0x2126, 0x2125, 0x2125, 0x1925, 0x10c3, 0x0882, 0x0882, 0x0862, 0x0041, 0x0041, 0x0861, 0x18e2, 0x1081, 0x0020, 0x0020, 0x0021,
0x0062, 0x0062, 0x0862, 0x0882, 0x2144, 0x2944, 0x2123, 0x2124, 0x2124, 0x2124, 0x2124, 0x18c2, 0x0020, 0x0841, 0x1041, 0x1041,
0x0841, 0x1082, 0x0841, 0x0821, 0x0841, 0x0000, 0x0000, 0x0020, 0x1061, 0x0841, 0x0000, 0x0000, 0x0020, 0x1062, 0x0861, 0x0020,
0x0041, 0x0841, 0x0021, 0x10a3, 0x18c3, 0x0020, 0x0841, 0x0041, 0x0041, 0x0862, 0x10e4, 0x0041, 0x08a4, 0x0883, 0x0000, 0x0000,
0x0000, 0x0020, 0x1062, 0x20a2, 0x20a2, 0x20a2, 0x1061, 0x0020, 0x0841, 0x0021, 0x1082, 0x10a3, 0x0861, 0x0020, 0x0041, 0x0041,
0x0862, 0x0862, 0x0862, 0x0861, 0x0820, 0x0840, 0x0020, 0x0020, 0x0862, 0x0862, 0x0882, 0x0862, 0x0862, 0x0862, 0x0862, 0x0841,
0x0883, 0x08c4, 0x0862, 0x0000, 0x0883, 0x08a3, 0x08c4, 0x08c4, 0x08c4, 0x08c3, 0x08a4, 0x08a3, 0x0021, 0x0841, 0x10a2, 0x10a2,
0x1081, 0x0862, 0x10c4, 0x08c4, 0x08e5, 0x08e5, 0x08e4, 0x08a4, 0x08a3, 0x10c4, 0x10e4, 0x10e4, 0x0862, 0x0020, 0x1061, 0x1061,
0x1041, 0x1041, 0x0820, 0x1083, 0x10a3, 0x10a3, 0x10a3, 0x10a3, 0x10a3, 0x10a3, 0x10c4, 0x10c4, 0x10c4, 0x10c4, 0x10e4, 0x10a4,
0x0000, 0x0020, 0x0021, 0x0020, 0x0020, 0x0021, 0x0021, 0x0021, 0x0021, 0x0021, 0x0000, 0x0000, 0x0000, 0x0000, 0x0000, 0x0020,
0x0020, 0x10a3, 0x1905, 0x18e5, 0x18e4, 0x1905, 0x1105, 0x1105, 0x1105, 0x1105, 0x1105, 0x1105, 0x1905, 0x10a3, 0x10c4, 0x1105,
0x1105, 0x10e5, 0x10e5, 0x0862, 0x0000, 0x0000, 0x0000, 0x1061, 
/* -245- */
0x1926, 0x1926, 0x1946, 0x1926, 0x1947, 0x2167, 0x1946, 0x1926, 0x1946, 0x1947, 0x1926, 0x1926, 0x1926, 0x1946, 0x1946, 0x1926,
0x1946, 0x1926, 0x1926, 0x1946, 0x1926, 0x1926, 0x1946, 0x1946, 0x1946, 0x1926, 0x2146, 0x1946, 0x1946, 0x1946, 0x1946, 0x1946,
0x1946, 0x2146, 0x1946, 0x1946, 0x2167, 0x1946, 0x2167, 0x2167, 0x2166, 0x2166, 0x2166, 0x2146, 0x2167, 0x2146, 0x2167, 0x2167,
0x2166, 0x2167, 0x2166, 0x2166, 0x2166, 0x2166, 0x2146, 0x2166, 0x2166, 0x2166, 0x2146, 0x2167, 0x2167, 0x1946, 0x08a4, 0x08a4,
0x08a4, 0x08a4, 0x08a4, 0x08a4, 0x08a4, 0x08c4, 0x1946, 0x2146, 0x2146, 0x1905, 0x08a4, 0x08a4, 0x08a4, 0x08c4, 0x08a4, 0x08c4,
0x08a4, 0x08a4, 0x08a3, 0x0883, 0x0883, 0x08a3, 0x0883, 0x0083, 0x08a4, 0x10e4, 0x10c4, 0x10c4, 0x10c4, 0x0883, 0x2146, 0x2146,
0x2146, 0x2146, 0x2146, 0x2125, 0x10e4, 0x0862, 0x0041, 0x0021, 0x0861, 0x0881, 0x0861, 0x18c2, 0x1081, 0x0000, 0x0000, 0x0000,
0x0062, 0x0062, 0x0062, 0x10a3, 0x31a7, 0x2965, 0x2144, 0x2144, 0x2144, 0x2124, 0x2123, 0x2123, 0x1081, 0x0820, 0x1061, 0x20e3,
0x20e3, 0x1061, 0x0841, 0x0820, 0x0841, 0x0020, 0x0000, 0x0000, 0x1061, 0x0841, 0x0000, 0x0000, 0x0021, 0x0842, 0x0841, 0x0020,
0x0041, 0x0841, 0x0021, 0x10a3, 0x18e4, 0x0841, 0x0862, 0x0041, 0x0041, 0x0862, 0x10e4, 0x0041, 0x08c4, 0x0883, 0x0000, 0x0000,
0x0000, 0x0000, 0x0820, 0x1882, 0x20a2, 0x20a2, 0x20a2, 0x1061, 0x0021, 0x0021, 0x1082, 0x1082, 0x0841, 0x0020, 0x0041, 0x0862,
0x0862, 0x0882, 0x0862, 0x0862, 0x0820, 0x0841, 0x0820, 0x0000, 0x0862, 0x0862, 0x0882, 0x0862, 0x0862, 0x0862, 0x0862, 0x0021,
0x0883, 0x08a4, 0x0862, 0x0000, 0x0883, 0x08a3, 0x08c4, 0x08c4, 0x08c3, 0x08c3, 0x08c4, 0x08a3, 0x0021, 0x0861, 0x18c3, 0x10a3,
0x0862, 0x0862, 0x08c4, 0x08c4, 0x08e5, 0x08e5, 0x08e4, 0x08a3, 0x0883, 0x10a3, 0x10c4, 0x10e4, 0x0862, 0x0020, 0x0841, 0x1041,
0x1041, 0x1041, 0x0020, 0x0883, 0x1083, 0x10a3, 0x10a3, 0x10a3, 0x10a3, 0x0883, 0x10a3, 0x10a3, 0x10a4, 0x10c4, 0x10c4, 0x10c4,
0x0000, 0x0000, 0x0020, 0x0000, 0x0020, 0x0021, 0x0021, 0x0021, 0x0021, 0x0000, 0x0000, 0x0000, 0x0000, 0x0000, 0x0000, 0x0000,
0x0000, 0x0000, 0x0882, 0x10a3, 0x18c4, 0x18e5, 0x10e5, 0x18e5, 0x1105, 0x1105, 0x1105, 0x1105, 0x1905, 0x10a3, 0x1105, 0x1105,
0x1105, 0x1105, 0x10e5, 0x0862, 0x0000, 0x0000, 0x0820, 0x1861, 
/* -246- */
0x1926, 0x1946, 0x1926, 0x1926, 0x1947, 0x2167, 0x1926, 0x1946, 0x1946, 0x1926, 0x1926, 0x1946, 0x1946, 0x1926, 0x1946, 0x1926,
0x2146, 0x1946, 0x1926, 0x1946, 0x1926, 0x1926, 0x1926, 0x1946, 0x1946, 0x2167, 0x2167, 0x1926, 0x1946, 0x2146, 0x1946, 0x1946,
0x1946, 0x1926, 0x1946, 0x2146, 0x2166, 0x2167, 0x2166, 0x2166, 0x2166, 0x2166, 0x2166, 0x1946, 0x2166, 0x2167, 0x2146, 0x2166,
0x2166, 0x2166, 0x2167, 0x2166, 0x2166, 0x2166, 0x2166, 0x2166, 0x1946, 0x2166, 0x2166, 0x2167, 0x2166, 0x1926, 0x08a4, 0x08a4,
0x0884, 0x08a4, 0x0084, 0x08a4, 0x08a4, 0x08c4, 0x1926, 0x2146, 0x2146, 0x2146, 0x2146, 0x2146, 0x2146, 0x2146, 0x2146, 0x2146,
0x1925, 0x1105, 0x1905, 0x10e5, 0x10e4, 0x18e5, 0x10e4, 0x08a4, 0x0883, 0x0083, 0x0883, 0x0883, 0x0883, 0x0063, 0x0883, 0x0062,
0x0062, 0x0863, 0x0883, 0x0862, 0x0042, 0x0021, 0x0042, 0x0882, 0x18e2, 0x18e2, 0x18c2, 0x10a1, 0x0840, 0x0000, 0x0000, 0x0000,
0x0041, 0x0041, 0x0041, 0x0041, 0x10a2, 0x2944, 0x2144, 0x2144, 0x2144, 0x2144, 0x2144, 0x2144, 0x2123, 0x0861, 0x0820, 0x18a2,
0x20e3, 0x20c3, 0x0841, 0x1061, 0x1061, 0x0000, 0x0000, 0x0000, 0x1061, 0x0841, 0x0000, 0x0000, 0x0001, 0x0841, 0x0841, 0x0000,
0x0020, 0x0841, 0x0021, 0x0861, 0x10a2, 0x0821, 0x0862, 0x0041, 0x0041, 0x0862, 0x10e4, 0x0021, 0x08c4, 0x08a3, 0x0000, 0x0000,
0x0000, 0x0000, 0x0000, 0x0840, 0x1882, 0x20a2, 0x20a2, 0x20a2, 0x1882, 0x0020, 0x1082, 0x0841, 0x0821, 0x0021, 0x0862, 0x0862,
0x0862, 0x0862, 0x0862, 0x0862, 0x0820, 0x1061, 0x0841, 0x0020, 0x0862, 0x0862, 0x0862, 0x0862, 0x0882, 0x0862, 0x0862, 0x0021,
0x0883, 0x08a4, 0x0862, 0x0000, 0x08a3, 0x08a3, 0x08a3, 0x08a3, 0x08c4, 0x08a3, 0x08c4, 0x08a3, 0x0021, 0x0861, 0x18c3, 0x10e4,
0x10a3, 0x0862, 0x08c4, 0x08c4, 0x08c5, 0x08c5, 0x08c4, 0x08a3, 0x0883, 0x1083, 0x08a3, 0x10a3, 0x0862, 0x0000, 0x1041, 0x1041,
0x1062, 0x0820, 0x0000, 0x0882, 0x1083, 0x10a3, 0x1083, 0x10a3, 0x10a3, 0x0883, 0x08a3, 0x0883, 0x08a3, 0x08a3, 0x08a4, 0x10c4,
0x0000, 0x0841, 0x0841, 0x0821, 0x0021, 0x0021, 0x0021, 0x0021, 0x0821, 0x0000, 0x0000, 0x0000, 0x0000, 0x0000, 0x0000, 0x0000,
0x0882, 0x0042, 0x0021, 0x0841, 0x18c4, 0x18e5, 0x18e5, 0x18e4, 0x10c4, 0x10e4, 0x10e5, 0x1105, 0x10e4, 0x10c4, 0x10e5, 0x10a3,
0x0841, 0x10c4, 0x1105, 0x10e4, 0x0882, 0x1041, 0x1061, 0x1861, 
/* -247- */
0x1926, 0x1946, 0x1926, 0x1926, 0x2147, 0x1946, 0x1946, 0x1946, 0x2167, 0x1926, 0x2147, 0x1926, 0x1926, 0x1926, 0x1946, 0x1946,
0x1946, 0x2146, 0x1946, 0x1946, 0x1926, 0x2146, 0x1926, 0x1946, 0x1946, 0x2167, 0x2146, 0x1946, 0x2146, 0x2167, 0x2166, 0x2166,
0x1946, 0x1946, 0x2146, 0x2146, 0x2146, 0x2166, 0x2166, 0x2166, 0x2146, 0x2146, 0x1946, 0x2146, 0x2166, 0x2166, 0x2167, 0x2167,
0x2167, 0x2166, 0x2166, 0x2166, 0x2166, 0x2146, 0x2146, 0x2167, 0x2166, 0x2166, 0x2167, 0x2166, 0x2166, 0x1926, 0x08a4, 0x08a4,
0x08a4, 0x08a4, 0x08a4, 0x08a4, 0x08a4, 0x08a4, 0x08c4, 0x1925, 0x2146, 0x2126, 0x2146, 0x2146, 0x2126, 0x2126, 0x2146, 0x2146,
0x2146, 0x2146, 0x2146, 0x2146, 0x2125, 0x2126, 0x2126, 0x2146, 0x2126, 0x10c4, 0x10e4, 0x10e4, 0x1905, 0x10e4, 0x0883, 0x0862,
0x0861, 0x0861, 0x0862, 0x0862, 0x0041, 0x0021, 0x0041, 0x10a2, 0x18e2, 0x18e2, 0x18c2, 0x10a1, 0x1081, 0x1081, 0x0841, 0x0000,
0x0000, 0x0021, 0x0062, 0x0062, 0x0882, 0x1903, 0x2123, 0x2144, 0x2144, 0x2944, 0x2944, 0x2944, 0x2144, 0x18e3, 0x0840, 0x0000,
0x1082, 0x20c2, 0x1082, 0x1082, 0x1061, 0x0841, 0x0000, 0x0820, 0x1882, 0x0841, 0x0000, 0x0000, 0x0000, 0x0841, 0x0841, 0x0000,
0x0000, 0x0841, 0x0020, 0x1041, 0x1081, 0x0820, 0x0862, 0x0041, 0x0041, 0x0861, 0x10e4, 0x0021, 0x08e4, 0x0883, 0x0000, 0x0000,
0x0000, 0x0000, 0x0820, 0x0820, 0x0840, 0x1882, 0x20a2, 0x20a2, 0x20a2, 0x1061, 0x0861, 0x0841, 0x0821, 0x0021, 0x0862, 0x0862,
0x0862, 0x0862, 0x0862, 0x0862, 0x0021, 0x1082, 0x0841, 0x0020, 0x0862, 0x0862, 0x0862, 0x0862, 0x0862, 0x0882, 0x0862, 0x0021,
0x1083, 0x1083, 0x0862, 0x0000, 0x0883, 0x08a3, 0x08a4, 0x08a4, 0x08c4, 0x08c4, 0x08a4, 0x08a3, 0x0021, 0x1061, 0x18a2, 0x18c3,
0x0882, 0x0862, 0x08c4, 0x08c4, 0x10c5, 0x10c5, 0x10c4, 0x08a3, 0x0882, 0x10a3, 0x10a3, 0x10a3, 0x0841, 0x0020, 0x1041, 0x1062,
0x10a3, 0x1041, 0x0820, 0x1083, 0x1083, 0x10a3, 0x10a3, 0x1083, 0x10a3, 0x1083, 0x10a3, 0x08a3, 0x08a3, 0x10c4, 0x10e4, 0x10a3,
0x0000, 0x0840, 0x1861, 0x1082, 0x0821, 0x0842, 0x0042, 0x0022, 0x0021, 0x0820, 0x0000, 0x0000, 0x0000, 0x0000, 0x0000, 0x0000,
0x10c4, 0x08a4, 0x0062, 0x0021, 0x0021, 0x0842, 0x10a3, 0x10a3, 0x10c4, 0x10e4, 0x10a3, 0x1105, 0x1105, 0x10e4, 0x10c4, 0x1062,
0x0841, 0x18c4, 0x10e4, 0x18e4, 0x10a2, 0x1882, 0x18a2, 0x1082, 
/* -248- */
0x2146, 0x2146, 0x2146, 0x1946, 0x2167, 0x2146, 0x2167, 0x2147, 0x2167, 0x2146, 0x2167, 0x1926, 0x1926, 0x1926, 0x1926, 0x2146,
0x1926, 0x2146, 0x1946, 0x1946, 0x1926, 0x1946, 0x1926, 0x1946, 0x1926, 0x2147, 0x2146, 0x1926, 0x2146, 0x2166, 0x2167, 0x2166,
0x2146, 0x2167, 0x2166, 0x2146, 0x2146, 0x2166, 0x2166, 0x2167, 0x2146, 0x2146, 0x2166, 0x2166, 0x1926, 0x2146, 0x2166, 0x2166,
0x2167, 0x2167, 0x2167, 0x2166, 0x2166, 0x2167, 0x2146, 0x2167, 0x2166, 0x2166, 0x2167, 0x2167, 0x2167, 0x1946, 0x08a4, 0x08a4,
0x08a4, 0x08a4, 0x08a4, 0x08a4, 0x08a4, 0x08a4, 0x08a4, 0x10e4, 0x1905, 0x1905, 0x1905, 0x2126, 0x2126, 0x2126, 0x2146, 0x2146,
0x2126, 0x2126, 0x2146, 0x2126, 0x2126, 0x2126, 0x2146, 0x2146, 0x2126, 0x2126, 0x2145, 0x2145, 0x2125, 0x1905, 0x18e4, 0x18e3,
0x18e3, 0x18e3, 0x1904, 0x18e3, 0x10a2, 0x1082, 0x0861, 0x0841, 0x1081, 0x10a2, 0x0861, 0x10a2, 0x18e2, 0x18e2, 0x0881, 0x0000,
0x0000, 0x0021, 0x0062, 0x0082, 0x0082, 0x0882, 0x1903, 0x2944, 0x2944, 0x2944, 0x2944, 0x2144, 0x2124, 0x1904, 0x1082, 0x0000,
0x0820, 0x18a2, 0x18a2, 0x18a2, 0x1081, 0x1081, 0x0861, 0x0841, 0x18a2, 0x0841, 0x0001, 0x0000, 0x0000, 0x1062, 0x0862, 0x0021,
0x0021, 0x0041, 0x0020, 0x0841, 0x18a2, 0x0021, 0x0862, 0x0062, 0x0841, 0x0862, 0x10e4, 0x0021, 0x08e4, 0x0883, 0x0000, 0x0000,
0x0000, 0x0000, 0x0820, 0x0841, 0x0020, 0x0841, 0x18a2, 0x20c2, 0x20a2, 0x1041, 0x0020, 0x0020, 0x0841, 0x0021, 0x0862, 0x0862,
0x0862, 0x0862, 0x0862, 0x0862, 0x0021, 0x1082, 0x0841, 0x0021, 0x0841, 0x0862, 0x0862, 0x0862, 0x0862, 0x0862, 0x0862, 0x0021,
0x0882, 0x10a3, 0x0841, 0x0000, 0x08a3, 0x08a3, 0x08a3, 0x08a3, 0x08c4, 0x08c4, 0x08a4, 0x08a3, 0x0021, 0x1061, 0x18a2, 0x10a2,
0x0862, 0x0861, 0x08a4, 0x08c4, 0x08e4, 0x08c5, 0x08c4, 0x08a3, 0x0882, 0x10a3, 0x10a3, 0x10a4, 0x0842, 0x0820, 0x1082, 0x10c4,
0x10e4, 0x1062, 0x0821, 0x1083, 0x10a3, 0x10a3, 0x10a3, 0x10a3, 0x10a3, 0x10a3, 0x10a3, 0x10a3, 0x10a4, 0x10e4, 0x10e4, 0x10a3,
0x0000, 0x1061, 0x1881, 0x1881, 0x1062, 0x0862, 0x0862, 0x0842, 0x0821, 0x0820, 0x0000, 0x0000, 0x0000, 0x0000, 0x0000, 0x0000,
0x10c4, 0x08c4, 0x08a4, 0x0883, 0x0042, 0x0021, 0x0020, 0x0841, 0x10c4, 0x10c4, 0x10a3, 0x18e5, 0x10e5, 0x10c4, 0x1083, 0x1062,
0x0841, 0x18a2, 0x18a3, 0x18e4, 0x18a3, 0x18c3, 0x18e4, 0x18c4, 
/* -249- */
0x1905, 0x1905, 0x1905, 0x1905, 0x1905, 0x2146, 0x2146, 0x2167, 0x2167, 0x2146, 0x1946, 0x2147, 0x1926, 0x1946, 0x1946, 0x1946,
0x1926, 0x2146, 0x1946, 0x1946, 0x2166, 0x2146, 0x1946, 0x1946, 0x1946, 0x1946, 0x2146, 0x1946, 0x1946, 0x1946, 0x2146, 0x2146,
0x2166, 0x2146, 0x2146, 0x2146, 0x2146, 0x2166, 0x2146, 0x2146, 0x2146, 0x2146, 0x2146, 0x2166, 0x2146, 0x2166, 0x2166, 0x2167,
0x2166, 0x2167, 0x2167, 0x2167, 0x2167, 0x2146, 0x2166, 0x2166, 0x2166, 0x2167, 0x2167, 0x2167, 0x2167, 0x1926, 0x08a4, 0x08a4,
0x08a4, 0x08a4, 0x08a4, 0x08a4, 0x08a4, 0x08a4, 0x0883, 0x10c4, 0x08a4, 0x08a3, 0x08a3, 0x08a3, 0x08a4, 0x10c4, 0x10c4, 0x10c4,
0x10e5, 0x1905, 0x1905, 0x18e5, 0x18e5, 0x18e5, 0x2146, 0x1925, 0x2126, 0x2125, 0x2125, 0x2145, 0x2124, 0x1904, 0x1903, 0x2103,
0x2103, 0x2103, 0x18e3, 0x1903, 0x18e3, 0x10a2, 0x1081, 0x1081, 0x18e2, 0x18e2, 0x18c2, 0x18c2, 0x18e2, 0x10c2, 0x0881, 0x0020,
0x0000, 0x0021, 0x0042, 0x0082, 0x0883, 0x0082, 0x10c3, 0x2144, 0x2944, 0x2944, 0x2144, 0x2124, 0x18e3, 0x18e3, 0x10c3, 0x0861,
0x0020, 0x1061, 0x18a2, 0x18a2, 0x1082, 0x0841, 0x20e3, 0x10a2, 0x18a2, 0x0841, 0x0001, 0x0000, 0x0000, 0x0882, 0x0882, 0x0020,
0x0021, 0x0021, 0x0000, 0x0841, 0x10a2, 0x0021, 0x0062, 0x0862, 0x0841, 0x0862, 0x10c4, 0x0021, 0x10e4, 0x0862, 0x0000, 0x0000,
0x0000, 0x0820, 0x1041, 0x0841, 0x0020, 0x0841, 0x0841, 0x1882, 0x1061, 0x0821, 0x0821, 0x0841, 0x0021, 0x0020, 0x0842, 0x0862,
0x0862, 0x0862, 0x0862, 0x0862, 0x0020, 0x0862, 0x0841, 0x0020, 0x0841, 0x0862, 0x0862, 0x0842, 0x0862, 0x0862, 0x0842, 0x0021,
0x0882, 0x10a3, 0x0841, 0x0000, 0x0882, 0x08a3, 0x08a3, 0x08a3, 0x08c4, 0x08a4, 0x08a4, 0x08a3, 0x0021, 0x1082, 0x18c3, 0x10a2,
0x0820, 0x0841, 0x08a3, 0x08a4, 0x08c4, 0x08c4, 0x08c4, 0x08a3, 0x0883, 0x10a3, 0x10a3, 0x10a4, 0x0862, 0x0841, 0x18c3, 0x1105,
0x10e5, 0x10a3, 0x0841, 0x0883, 0x10a4, 0x0883, 0x0883, 0x1083, 0x10a3, 0x10a3, 0x10a3, 0x10a3, 0x10a3, 0x10c4, 0x10e5, 0x10a4,
0x0000, 0x1081, 0x20a2, 0x1881, 0x1061, 0x1062, 0x0841, 0x0841, 0x0821, 0x0800, 0x0000, 0x0800, 0x0000, 0x0020, 0x0000, 0x0000,
0x10c4, 0x08c4, 0x08a4, 0x0883, 0x0062, 0x0021, 0x0041, 0x0020, 0x0021, 0x0841, 0x1082, 0x18e4, 0x10a3, 0x10a3, 0x10a3, 0x1082,
0x0820, 0x1041, 0x1082, 0x18e4, 0x18c3, 0x10a3, 0x18e4, 0x18e4, 
/* -250- */
0x18e4, 0x18e4, 0x18e4, 0x18e4, 0x1905, 0x2146, 0x2167, 0x2166, 0x2146, 0x2146, 0x2146, 0x2146, 0x1925, 0x2146, 0x2146, 0x2146,
0x1925, 0x1946, 0x1926, 0x2166, 0x2146, 0x1946, 0x2167, 0x2166, 0x1946, 0x1946, 0x2167, 0x2167, 0x2167, 0x2146, 0x2146, 0x2146,
0x2166, 0x2146, 0x2146, 0x2146, 0x2146, 0x2166, 0x2146, 0x2146, 0x2146, 0x2146, 0x2146, 0x2146, 0x2146, 0x2166, 0x2167, 0x2167,
0x2166, 0x2166, 0x2146, 0x2166, 0x2167, 0x2166, 0x1946, 0x2166, 0x2166, 0x2146, 0x2146, 0x2166, 0x2146, 0x1946, 0x08a4, 0x08a4,
0x08a4, 0x08a4, 0x08a4, 0x08a4, 0x08a4, 0x08a4, 0x0084, 0x08a3, 0x08a4, 0x08a3, 0x08a3, 0x08a4, 0x08a4, 0x0883, 0x0083, 0x0083,
0x0883, 0x08a3, 0x08a3, 0x0883, 0x0883, 0x08a4, 0x1905, 0x1925, 0x1925, 0x1925, 0x1925, 0x1925, 0x1905, 0x1904, 0x2124, 0x18e3,
0x18e3, 0x18e3, 0x10c2, 0x1082, 0x10a2, 0x18e3, 0x2123, 0x2143, 0x2123, 0x2123, 0x2123, 0x2123, 0x1903, 0x0861, 0x0020, 0x0020,
0x0000, 0x0000, 0x0062, 0x0082, 0x0062, 0x0062, 0x0883, 0x18e4, 0x2144, 0x2124, 0x2144, 0x2124, 0x18e3, 0x18c3, 0x18c3, 0x18c3,
0x0861, 0x0861, 0x10a2, 0x1061, 0x0841, 0x0820, 0x2103, 0x10a2, 0x1882, 0x0841, 0x0000, 0x0000, 0x0000, 0x0882, 0x0883, 0x0020,
0x0020, 0x0021, 0x0000, 0x0861, 0x1082, 0x0020, 0x0862, 0x0041, 0x0841, 0x0861, 0x1082, 0x0020, 0x10c4, 0x0882, 0x0000, 0x0000,
0x0000, 0x0820, 0x1061, 0x0840, 0x0021, 0x0842, 0x0841, 0x0020, 0x0821, 0x0821, 0x0821, 0x0841, 0x0821, 0x0020, 0x0021, 0x0862,
0x0862, 0x0862, 0x0862, 0x0862, 0x0020, 0x0861, 0x0821, 0x0020, 0x0862, 0x0842, 0x0841, 0x0041, 0x0842, 0x0862, 0x0862, 0x0021,
0x0882, 0x1082, 0x0841, 0x0000, 0x0862, 0x0862, 0x0062, 0x0883, 0x08a4, 0x08c4, 0x08c4, 0x08a3, 0x0021, 0x10c3, 0x10e4, 0x10c3,
0x0841, 0x0841, 0x08a3, 0x08a4, 0x08c4, 0x08c4, 0x08c4, 0x08a3, 0x0882, 0x0883, 0x10a3, 0x10a3, 0x0862, 0x0820, 0x18c4, 0x10c4,
0x10e5, 0x10e4, 0x0041, 0x0883, 0x08a4, 0x10a3, 0x0883, 0x0882, 0x1083, 0x10a3, 0x1083, 0x1083, 0x10a3, 0x10c4, 0x10e5, 0x10a4,
0x0000, 0x1881, 0x20a2, 0x1860, 0x1020, 0x0821, 0x0821, 0x0821, 0x0841, 0x0820, 0x0800, 0x0000, 0x0800, 0x0820, 0x0000, 0x0000,
0x08a3, 0x08a4, 0x08a4, 0x0083, 0x0063, 0x0021, 0x0041, 0x0041, 0x0021, 0x0000, 0x0020, 0x0862, 0x1062, 0x1083, 0x1083, 0x1082,
0x1041, 0x0820, 0x1061, 0x18c4, 0x1082, 0x1041, 0x18c3, 0x18e4, 
/* -251- */
0x1904, 0x18e4, 0x18e4, 0x18e4, 0x1905, 0x1905, 0x1905, 0x1905, 0x1905, 0x18e5, 0x18e5, 0x1905, 0x1905, 0x1905, 0x1905, 0x1905,
0x1905, 0x1905, 0x2146, 0x2166, 0x2166, 0x2167, 0x2167, 0x2146, 0x2166, 0x2166, 0x2166, 0x2166, 0x2166, 0x2146, 0x2146, 0x2166,
0x2167, 0x2146, 0x2166, 0x2146, 0x2166, 0x2166, 0x2166, 0x2166, 0x2166, 0x2146, 0x2167, 0x2146, 0x2166, 0x2166, 0x2167, 0x2167,
0x2166, 0x2166, 0x2146, 0x2166, 0x2167, 0x2166, 0x2167, 0x2167, 0x2166, 0x2166, 0x2166, 0x2166, 0x2166, 0x1926, 0x08a4, 0x08a4,
0x08a4, 0x08a4, 0x08a4, 0x08a4, 0x08a4, 0x08a4, 0x08a4, 0x10e5, 0x2126, 0x2146, 0x2146, 0x1925, 0x1925, 0x1905, 0x1925, 0x10e4,
0x0883, 0x08a3, 0x0883, 0x0863, 0x0863, 0x0883, 0x0883, 0x0883, 0x0883, 0x0883, 0x0883, 0x0883, 0x0883, 0x0883, 0x10e4, 0x10e4,
0x10a3, 0x0861, 0x1082, 0x0041, 0x0020, 0x0841, 0x0861, 0x10a2, 0x2123, 0x2123, 0x2123, 0x2123, 0x2123, 0x18c2, 0x0840, 0x0020,
0x0041, 0x0000, 0x0020, 0x0021, 0x0062, 0x0062, 0x0062, 0x10a3, 0x2124, 0x2124, 0x18e3, 0x18c3, 0x1903, 0x2124, 0x2124, 0x1904,
0x18e3, 0x0020, 0x0841, 0x1061, 0x0841, 0x0000, 0x0841, 0x18a2, 0x1881, 0x0840, 0x0000, 0x0021, 0x0000, 0x0862, 0x0883, 0x0020,
0x0020, 0x0021, 0x0000, 0x0820, 0x1061, 0x0020, 0x0062, 0x0042, 0x0841, 0x0862, 0x0882, 0x0020, 0x10c4, 0x0882, 0x0000, 0x0000,
0x0000, 0x0820, 0x1061, 0x0841, 0x0021, 0x0862, 0x0862, 0x0862, 0x0000, 0x0021, 0x0821, 0x0821, 0x0821, 0x20c3, 0x0820, 0x0841,
0x0842, 0x0862, 0x0862, 0x0862, 0x0020, 0x0820, 0x0000, 0x0020, 0x0841, 0x0841, 0x0842, 0x0041, 0x0862, 0x0862, 0x0862, 0x0021,
0x0861, 0x1062, 0x0841, 0x0000, 0x0862, 0x0883, 0x0882, 0x0882, 0x08a3, 0x08c4, 0x08c4, 0x08c3, 0x0041, 0x10c3, 0x10e5, 0x10e4,
0x0861, 0x0862, 0x08c4, 0x08a4, 0x08c4, 0x08c4, 0x08a3, 0x08a3, 0x0883, 0x0883, 0x08a3, 0x10a3, 0x0862, 0x0840, 0x18e4, 0x10e5,
0x1105, 0x10e5, 0x0041, 0x0883, 0x08a3, 0x08a3, 0x0883, 0x0862, 0x0882, 0x0883, 0x1083, 0x10a3, 0x10a3, 0x10c4, 0x10e5, 0x10a4,
0x0000, 0x18a2, 0x20a1, 0x1881, 0x20a2, 0x1021, 0x0862, 0x0841, 0x0842, 0x0820, 0x0800, 0x0841, 0x0840, 0x0820, 0x0820, 0x0020,
0x08a3, 0x08a4, 0x08a4, 0x0083, 0x0063, 0x0021, 0x0041, 0x0042, 0x0021, 0x0021, 0x0021, 0x0000, 0x0020, 0x1082, 0x1082, 0x1082,
0x1061, 0x0820, 0x1082, 0x18c3, 0x1061, 0x0820, 0x1882, 0x18e4, 
/* -252- */
0x2125, 0x1925, 0x1925, 0x2125, 0x2125, 0x1925, 0x2125, 0x1905, 0x1905, 0x18e5, 0x1905, 0x1905, 0x1905, 0x2125, 0x1925, 0x1905,
0x2146, 0x2146, 0x2126, 0x2146, 0x2146, 0x2126, 0x2126, 0x2126, 0x2146, 0x2146, 0x2146, 0x2146, 0x2146, 0x2146, 0x2146, 0x2166,
0x2146, 0x2167, 0x2146, 0x2166, 0x2166, 0x2146, 0x2146, 0x2166, 0x2166, 0x2166, 0x2146, 0x2146, 0x2146, 0x2166, 0x2167, 0x2167,
0x2146, 0x2167, 0x2166, 0x2167, 0x2166, 0x2166, 0x2167, 0x2166, 0x2166, 0x2166, 0x2166, 0x2167, 0x2167, 0x2146, 0x08a4, 0x08a4,
0x08a4, 0x08a4, 0x08a4, 0x08a4, 0x08a4, 0x08a4, 0x08a4, 0x1905, 0x1926, 0x2146, 0x2166, 0x2166, 0x2146, 0x2146, 0x2146, 0x2146,
0x2146, 0x2146, 0x2146, 0x2126, 0x2146, 0x1925, 0x08a3, 0x0883, 0x08a3, 0x08a3, 0x08a3, 0x08a3, 0x08a3, 0x08a3, 0x08a3, 0x0882,
0x0882, 0x0062, 0x0062, 0x0062, 0x0042, 0x0041, 0x0862, 0x10c2, 0x18e3, 0x18c2, 0x2103, 0x2123, 0x2123, 0x10c2, 0x0020, 0x0000,
0x0000, 0x0000, 0x0000, 0x0041, 0x0062, 0x0062, 0x0062, 0x0862, 0x10c3, 0x18e3, 0x2124, 0x1904, 0x2124, 0x2144, 0x2144, 0x2124,
0x2144, 0x10a2, 0x0020, 0x1061, 0x18c3, 0x18c2, 0x0841, 0x1061, 0x1881, 0x1041, 0x0021, 0x0020, 0x0000, 0x0862, 0x0882, 0x0020,
0x0020, 0x0021, 0x0020, 0x1041, 0x1082, 0x0020, 0x0041, 0x0041, 0x0041, 0x0862, 0x0862, 0x0020, 0x10c3, 0x0882, 0x0000, 0x0000,
0x0000, 0x1061, 0x1061, 0x1041, 0x0041, 0x0842, 0x0862, 0x0862, 0x0861, 0x0020, 0x0021, 0x0841, 0x20a3, 0x20c2, 0x18a2, 0x0841,
0x0841, 0x0862, 0x0862, 0x0862, 0x0021, 0x0820, 0x0000, 0x0020, 0x0862, 0x0062, 0x0842, 0x0041, 0x0842, 0x0862, 0x0862, 0x0041,
0x0861, 0x0861, 0x0841, 0x0000, 0x0862, 0x08a3, 0x08a3, 0x0883, 0x0883, 0x08a3, 0x08c4, 0x08c3, 0x0041, 0x10e4, 0x1105, 0x1105,
0x10a2, 0x0862, 0x08c4, 0x08c4, 0x08c4, 0x08c4, 0x08c4, 0x08a3, 0x0883, 0x0883, 0x08a3, 0x10c4, 0x0862, 0x0841, 0x1905, 0x1126,
0x1126, 0x1105, 0x0041, 0x0883, 0x08a4, 0x08c4, 0x10a3, 0x0882, 0x0862, 0x0882, 0x0883, 0x10a3, 0x10c4, 0x10e5, 0x10e5, 0x10a3,
0x0000, 0x18c2, 0x20c2, 0x20c2, 0x20c2, 0x1041, 0x0841, 0x0863, 0x0862, 0x0840, 0x0840, 0x0841, 0x0841, 0x0820, 0x0820, 0x0000,
0x08a3, 0x08a4, 0x08a4, 0x0883, 0x0863, 0x0021, 0x0041, 0x0042, 0x0021, 0x0021, 0x0041, 0x0020, 0x0000, 0x0020, 0x0020, 0x0841,
0x1061, 0x1082, 0x18e3, 0x18a3, 0x1081, 0x1061, 0x18a2, 0x20e3, 
/* -253- */
0x1925, 0x2125, 0x1925, 0x2125, 0x2146, 0x2146, 0x2146, 0x2146, 0x2146, 0x2146, 0x2146, 0x1905, 0x1905, 0x1925, 0x2125, 0x1925,
0x1925, 0x2125, 0x1905, 0x2126, 0x2126, 0x2146, 0x2146, 0x2146, 0x2146, 0x2146, 0x2146, 0x2146, 0x2146, 0x2146, 0x2146, 0x2146,
0x2146, 0x2146, 0x2166, 0x2166, 0x2166, 0x2146, 0x2166, 0x2166, 0x2166, 0x2146, 0x2166, 0x2166, 0x2166, 0x2166, 0x2166, 0x2146,
0x2126, 0x2126, 0x2146, 0x2126, 0x2126, 0x2146, 0x2146, 0x2146, 0x2126, 0x2146, 0x2146, 0x2146, 0x2146, 0x1925, 0x0883, 0x08a4,
0x08a4, 0x08a4, 0x08a4, 0x08a4, 0x08a4, 0x08a4, 0x08a4, 0x08a4, 0x08a4, 0x10c4, 0x1925, 0x1925, 0x1925, 0x2126, 0x2126, 0x2146,
0x2146, 0x2146, 0x2146, 0x2146, 0x2146, 0x2146, 0x2146, 0x2146, 0x2146, 0x2146, 0x2146, 0x2146, 0x2146, 0x2166, 0x2146, 0x2145,
0x18e4, 0x0883, 0x0883, 0x0882, 0x0041, 0x0021, 0x0861, 0x1081, 0x0841, 0x0000, 0x0861, 0x10a2, 0x1082, 0x0020, 0x0000, 0x0020,
0x0041, 0x0881, 0x0021, 0x0021, 0x0062, 0x0062, 0x0062, 0x0062, 0x0882, 0x2124, 0x1904, 0x1904, 0x18e4, 0x1904, 0x1904, 0x2144,
0x2144, 0x2103, 0x0861, 0x0000, 0x10a2, 0x20e3, 0x2924, 0x1081, 0x18a2, 0x1061, 0x10a2, 0x0020, 0x0000, 0x0862, 0x0883, 0x0020,
0x0000, 0x0021, 0x0020, 0x1061, 0x1061, 0x0000, 0x0041, 0x0041, 0x0041, 0x0841, 0x0861, 0x0020, 0x10e4, 0x0883, 0x0000, 0x0000,
0x0820, 0x1061, 0x1061, 0x1041, 0x0841, 0x0862, 0x0862, 0x0862, 0x0862, 0x0041, 0x0000, 0x0000, 0x1882, 0x20a2, 0x20a2, 0x1882,
0x0841, 0x0821, 0x0841, 0x0862, 0x0020, 0x0820, 0x0000, 0x0020, 0x0862, 0x0862, 0x0842, 0x0841, 0x0841, 0x0842, 0x0041, 0x0020,
0x0861, 0x0841, 0x0820, 0x0000, 0x0862, 0x0883, 0x10a3, 0x10a4, 0x0883, 0x0882, 0x0883, 0x08a3, 0x0021, 0x10c3, 0x1105, 0x1125,
0x1082, 0x0862, 0x08c4, 0x08c4, 0x08a4, 0x08c4, 0x08c4, 0x08a3, 0x08a4, 0x08a3, 0x08a3, 0x10c4, 0x0862, 0x0862, 0x1126, 0x1147,
0x1147, 0x1105, 0x0042, 0x0883, 0x08a3, 0x08c4, 0x10a3, 0x0862, 0x0862, 0x0862, 0x0862, 0x1083, 0x0883, 0x10a3, 0x10c4, 0x1083,
0x0020, 0x1904, 0x20e3, 0x20e3, 0x20e3, 0x1061, 0x0841, 0x0883, 0x0883, 0x0841, 0x0841, 0x0841, 0x0862, 0x0841, 0x0821, 0x0000,
0x08a3, 0x08a4, 0x08a4, 0x0883, 0x0863, 0x0021, 0x0041, 0x0041, 0x0021, 0x0021, 0x0041, 0x0041, 0x0042, 0x0883, 0x0041, 0x0000,
0x0820, 0x1082, 0x18a3, 0x18c3, 0x18a2, 0x1061, 0x18a2, 0x20c2, 
/* -254- */
0x18e4, 0x18e4, 0x18e4, 0x1904, 0x1905, 0x2125, 0x2126, 0x2126, 0x2146, 0x2146, 0x2166, 0x2125, 0x1905, 0x1905, 0x1904, 0x18e4,
0x18e5, 0x1905, 0x1905, 0x1905, 0x2146, 0x2166, 0x2167, 0x2166, 0x2166, 0x2166, 0x2167, 0x2167, 0x2166, 0x2146, 0x2166, 0x2166,
0x2146, 0x2167, 0x2166, 0x2166, 0x2166, 0x2166, 0x2146, 0x2166, 0x2146, 0x2146, 0x2146, 0x2146, 0x2146, 0x2125, 0x2146, 0x2125,
0x1905, 0x1925, 0x2146, 0x2146, 0x2146, 0x2146, 0x2146, 0x2146, 0x2146, 0x2146, 0x2146, 0x2166, 0x2146, 0x2146, 0x1105, 0x08c4,
0x08a4, 0x08a4, 0x08a4, 0x08a4, 0x08a4, 0x0883, 0x0883, 0x08a4, 0x10e5, 0x2146, 0x2166, 0x2146, 0x2146, 0x2146, 0x2126, 0x2126,
0x2126, 0x2126, 0x2146, 0x2166, 0x2166, 0x2166, 0x2146, 0x2146, 0x2146, 0x2146, 0x2146, 0x2146, 0x2166, 0x2166, 0x2146, 0x1905,
0x2125, 0x1904, 0x1905, 0x1904, 0x18e3, 0x18c3, 0x18e3, 0x18e3, 0x10a2, 0x0841, 0x0841, 0x0861, 0x0841, 0x0861, 0x10a2, 0x10a2,
0x0861, 0x0862, 0x0042, 0x0021, 0x0042, 0x0062, 0x0062, 0x0041, 0x0862, 0x1904, 0x2145, 0x2145, 0x2124, 0x2124, 0x18e3, 0x2124,
0x2144, 0x2103, 0x18e3, 0x0840, 0x0000, 0x0861, 0x2965, 0x18c3, 0x18a2, 0x1061, 0x18e3, 0x18c3, 0x0841, 0x0862, 0x0883, 0x0020,
0x0000, 0x0021, 0x0020, 0x1061, 0x1061, 0x0000, 0x0000, 0x0021, 0x0041, 0x0841, 0x0861, 0x0020, 0x10c3, 0x0883, 0x0000, 0x0820,
0x1041, 0x1061, 0x1061, 0x1041, 0x0841, 0x0862, 0x0862, 0x0862, 0x0862, 0x0021, 0x0000, 0x0000, 0x0841, 0x20a2, 0x20a2, 0x20a2,
0x20a2, 0x1061, 0x0821, 0x0861, 0x0021, 0x0821, 0x0000, 0x0000, 0x0862, 0x0862, 0x0842, 0x0841, 0x0862, 0x0041, 0x0041, 0x0020,
0x0861, 0x0841, 0x0820, 0x0000, 0x0841, 0x0862, 0x0883, 0x0883, 0x10a3, 0x0883, 0x0882, 0x0862, 0x0021, 0x10a3, 0x1925, 0x1126,
0x10c4, 0x0841, 0x08a3, 0x08a3, 0x08a4, 0x08c4, 0x08a4, 0x08a3, 0x08a3, 0x08a3, 0x0883, 0x0883, 0x0842, 0x0841, 0x10e4, 0x1147,
0x1127, 0x10e5, 0x0042, 0x0883, 0x08a3, 0x10c4, 0x0883, 0x0882, 0x0862, 0x0862, 0x0882, 0x10a3, 0x0883, 0x0882, 0x0883, 0x1082,
0x0020, 0x1925, 0x1925, 0x2104, 0x2124, 0x10a2, 0x0841, 0x0883, 0x0883, 0x0882, 0x0862, 0x0842, 0x0842, 0x0841, 0x0821, 0x0000,
0x0883, 0x08a4, 0x08a4, 0x0883, 0x0863, 0x0021, 0x0041, 0x0041, 0x0020, 0x0021, 0x0041, 0x0041, 0x0042, 0x08a3, 0x0883, 0x0862,
0x0000, 0x0000, 0x0841, 0x1082, 0x1082, 0x1061, 0x1881, 0x18a2, 
/* -255- */
0x1904, 0x1904, 0x18e4, 0x18e4, 0x18e4, 0x1905, 0x1905, 0x1905, 0x1905, 0x1905, 0x2146, 0x2125, 0x1905, 0x1905, 0x1905, 0x1905,
0x2125, 0x1905, 0x2125, 0x1925, 0x2125, 0x2126, 0x2146, 0x2146, 0x2166, 0x2146, 0x2166, 0x2167, 0x2166, 0x2167, 0x2167, 0x2166,
0x2166, 0x2146, 0x2166, 0x2166, 0x2166, 0x2146, 0x2166, 0x2166, 0x1925, 0x1925, 0x1905, 0x1905, 0x1905, 0x1905, 0x1905, 0x1905,
0x1925, 0x2146, 0x2167, 0x2167, 0x2167, 0x2166, 0x2166, 0x2166, 0x2166, 0x2167, 0x2167, 0x2187, 0x2187, 0x2167, 0x2166, 0x10e5,
0x08a4, 0x08a4, 0x08a4, 0x08a4, 0x08a4, 0x08a4, 0x0083, 0x0884, 0x08a4, 0x10c4, 0x10c4, 0x08a3, 0x08a4, 0x08a4, 0x08a4, 0x18e5,
0x10e5, 0x10c4, 0x1905, 0x1925, 0x1926, 0x1905, 0x2126, 0x2126, 0x2146, 0x2146, 0x2146, 0x2166, 0x2146, 0x2146, 0x2126, 0x2125,
0x2125, 0x2125, 0x2145, 0x2145, 0x2124, 0x2124, 0x2124, 0x2124, 0x2124, 0x2103, 0x20e3, 0x18e3, 0x18c2, 0x1902, 0x10c2, 0x0041,
0x0041, 0x0042, 0x0042, 0x0042, 0x0021, 0x0862, 0x0062, 0x0042, 0x0062, 0x0883, 0x1904, 0x2144, 0x2144, 0x2124, 0x1904, 0x2124,
0x2124, 0x2123, 0x2124, 0x10a2, 0x0020, 0x0040, 0x2965, 0x18e3, 0x1882, 0x1061, 0x18a2, 0x2104, 0x1082, 0x0862, 0x1083, 0x0020,
0x0000, 0x0021, 0x0020, 0x1041, 0x1061, 0x0000, 0x0000, 0x0000, 0x0041, 0x0841, 0x0861, 0x0020, 0x1082, 0x0841, 0x0000, 0x0820,
0x1061, 0x1061, 0x1061, 0x1041, 0x0041, 0x0862, 0x0862, 0x0862, 0x0862, 0x0021, 0x0000, 0x0841, 0x0820, 0x0841, 0x20a2, 0x20a2,
0x20c2, 0x20c2, 0x1882, 0x0020, 0x0000, 0x0821, 0x0020, 0x0000, 0x0862, 0x0862, 0x0862, 0x0062, 0x0061, 0x0862, 0x0041, 0x0020,
0x0841, 0x0841, 0x0820, 0x0000, 0x0841, 0x0882, 0x0882, 0x0882, 0x0883, 0x0882, 0x0882, 0x0882, 0x0021, 0x10c4, 0x1126, 0x1146,
0x10e4, 0x0042, 0x0883, 0x0883, 0x08c4, 0x08a4, 0x08a4, 0x0883, 0x0883, 0x08a3, 0x0883, 0x0883, 0x0042, 0x0862, 0x1105, 0x1147,
0x1147, 0x1105, 0x0042, 0x0883, 0x0883, 0x08a3, 0x0883, 0x0862, 0x0862, 0x0862, 0x0883, 0x10a3, 0x0883, 0x0883, 0x1083, 0x1062,
0x0000, 0x1105, 0x1967, 0x1946, 0x1904, 0x18c3, 0x0840, 0x1082, 0x10a3, 0x0883, 0x0883, 0x0862, 0x0841, 0x0841, 0x0841, 0x0000,
0x0883, 0x0883, 0x0883, 0x0083, 0x0863, 0x0021, 0x0041, 0x0041, 0x0021, 0x0021, 0x0021, 0x0041, 0x0042, 0x08a3, 0x08a3, 0x08a3,
0x0020, 0x0000, 0x0000, 0x0000, 0x0820, 0x1061, 0x1882, 0x18c2, 
/* -256- */
0x1904, 0x1904, 0x18e4, 0x18e4, 0x1904, 0x18e4, 0x1904, 0x18e4, 0x18e5, 0x18e4, 0x1905, 0x1905, 0x1905, 0x2146, 0x2146, 0x2146,
0x2146, 0x2146, 0x2166, 0x2146, 0x2146, 0x1905, 0x1905, 0x1905, 0x1905, 0x2146, 0x2167, 0x2167, 0x2167, 0x2167, 0x2167, 0x2166,
0x2146, 0x2146, 0x2146, 0x2146, 0x2146, 0x2146, 0x2146, 0x2146, 0x2166, 0x2166, 0x2166, 0x2166, 0x2166, 0x2166, 0x2167, 0x2167,
0x2167, 0x2166, 0x2166, 0x2167, 0x2167, 0x2167, 0x2166, 0x2166, 0x2166, 0x2166, 0x2167, 0x2167, 0x2167, 0x2167, 0x2167, 0x10e5,
0x08a4, 0x08a4, 0x08a4, 0x08a4, 0x08a4, 0x08a4, 0x08a4, 0x08a4, 0x08a3, 0x0883, 0x08a4, 0x0883, 0x0063, 0x0883, 0x0883, 0x0083,
0x0083, 0x0083, 0x0083, 0x0083, 0x08a3, 0x0883, 0x10a4, 0x10c4, 0x10e4, 0x10e5, 0x10e5, 0x10e4, 0x10e4, 0x10c4, 0x10a3, 0x2124,
0x2124, 0x2125, 0x2125, 0x2124, 0x2124, 0x2124, 0x2144, 0x2144, 0x2144, 0x2123, 0x2103, 0x2103, 0x2123, 0x2123, 0x0841, 0x0020,
0x0041, 0x0021, 0x0042, 0x0042, 0x0042, 0x0041, 0x0062, 0x0042, 0x0042, 0x0062, 0x0882, 0x2124, 0x2964, 0x2144, 0x2124, 0x2144,
0x2144, 0x2144, 0x2124, 0x2104, 0x0861, 0x0020, 0x10a2, 0x18a2, 0x1061, 0x0820, 0x1082, 0x2104, 0x1082, 0x0862, 0x1082, 0x0020,
0x0020, 0x0000, 0x0020, 0x1041, 0x1082, 0x0000, 0x0000, 0x0000, 0x0020, 0x0841, 0x0861, 0x0000, 0x1061, 0x0820, 0x0000, 0x0820,
0x1020, 0x1040, 0x1061, 0x0841, 0x0041, 0x0862, 0x0862, 0x0862, 0x0862, 0x0041, 0x0000, 0x1061, 0x1062, 0x0000, 0x0841, 0x20a2,
0x20c2, 0x20c2, 0x2904, 0x10a2, 0x0000, 0x0841, 0x0021, 0x0021, 0x0862, 0x0063, 0x0062, 0x0062, 0x0062, 0x0862, 0x0062, 0x0021,
0x0861, 0x1082, 0x0841, 0x0000, 0x0862, 0x0862, 0x0862, 0x0862, 0x0862, 0x0883, 0x0883, 0x0862, 0x0021, 0x10c4, 0x1105, 0x1946,
0x10e4, 0x0041, 0x0883, 0x0062, 0x08c4, 0x08a4, 0x08a4, 0x0883, 0x08a3, 0x08c4, 0x08a4, 0x08a3, 0x0041, 0x0862, 0x1126, 0x1147,
0x1147, 0x10e5, 0x0042, 0x0882, 0x0883, 0x0883, 0x0883, 0x0862, 0x0862, 0x0862, 0x0882, 0x0883, 0x0883, 0x10a3, 0x10a3, 0x0841,
0x0000, 0x1946, 0x1967, 0x1967, 0x18e4, 0x1081, 0x0800, 0x0821, 0x0842, 0x0883, 0x0862, 0x0841, 0x0841, 0x0841, 0x0841, 0x0000,
0x0883, 0x0883, 0x0883, 0x0083, 0x0062, 0x0021, 0x0041, 0x0021, 0x0021, 0x0021, 0x0041, 0x0041, 0x0042, 0x08a3, 0x08a3, 0x0883,
0x0021, 0x0000, 0x0000, 0x0000, 0x0000, 0x0000, 0x1082, 0x18c3, 
/* -257- */
0x1904, 0x18e4, 0x18e4, 0x18e4, 0x18e4, 0x18e4, 0x18e4, 0x1904, 0x18e4, 0x18e4, 0x18e4, 0x18e4, 0x18e4, 0x1905, 0x18e5, 0x18e5,
0x18e5, 0x18e5, 0x1905, 0x2146, 0x2166, 0x2146, 0x2146, 0x2146, 0x2166, 0x2166, 0x2167, 0x2167, 0x2166, 0x2146, 0x2166, 0x2167,
0x2146, 0x2166, 0x2166, 0x1925, 0x1905, 0x18e4, 0x18e4, 0x1905, 0x2146, 0x2146, 0x2166, 0x2166, 0x2166, 0x2166, 0x2167, 0x2187,
0x2167, 0x2167, 0x2187, 0x2167, 0x2167, 0x2167, 0x2166, 0x2166, 0x2166, 0x2166, 0x2167, 0x2167, 0x2987, 0x2987, 0x2167, 0x10e5,
0x08a4, 0x08a4, 0x08a4, 0x08a4, 0x08a4, 0x08a4, 0x0084, 0x08a4, 0x1925, 0x1946, 0x2146, 0x1926, 0x2146, 0x1925, 0x08c4, 0x08a3,
0x0883, 0x08a3, 0x08a3, 0x08a3, 0x08a3, 0x0883, 0x0883, 0x0883, 0x0883, 0x0083, 0x0083, 0x0083, 0x0083, 0x0062, 0x0862, 0x18e3,
0x18c2, 0x0861, 0x0861, 0x0841, 0x0861, 0x10a2, 0x2124, 0x2124, 0x2144, 0x2944, 0x2123, 0x2123, 0x2143, 0x2944, 0x0861, 0x18c2,
0x10a2, 0x0861, 0x0041, 0x0042, 0x0042, 0x0042, 0x0042, 0x0041, 0x0041, 0x0042, 0x0041, 0x2124, 0x2964, 0x2944, 0x2144, 0x2944,
0x2144, 0x2124, 0x2124, 0x2104, 0x2104, 0x0020, 0x0020, 0x0820, 0x0000, 0x0000, 0x0020, 0x10c2, 0x1082, 0x1061, 0x1082, 0x0000,
0x0001, 0x0021, 0x0020, 0x1041, 0x1061, 0x0000, 0x0000, 0x0000, 0x0000, 0x0841, 0x0841, 0x0020, 0x1062, 0x0821, 0x0000, 0x1041,
0x0820, 0x1040, 0x1061, 0x1041, 0x0841, 0x0862, 0x0862, 0x0862, 0x0862, 0x0041, 0x0000, 0x1061, 0x1082, 0x0021, 0x0841, 0x0841,
0x1882, 0x20e3, 0x2904, 0x18c3, 0x0020, 0x0021, 0x0021, 0x0021, 0x0882, 0x0883, 0x0883, 0x0862, 0x0062, 0x0062, 0x0062, 0x0021,
0x0861, 0x1082, 0x0861, 0x0000, 0x0841, 0x0862, 0x0862, 0x0862, 0x0862, 0x0862, 0x0862, 0x0862, 0x0021, 0x10a2, 0x10e4, 0x1946,
0x10e4, 0x0041, 0x0062, 0x0062, 0x08a3, 0x0883, 0x08a3, 0x0883, 0x08a3, 0x08c4, 0x08c4, 0x0083, 0x0041, 0x0862, 0x1106, 0x0947,
0x1126, 0x10c4, 0x0041, 0x0862, 0x0882, 0x0862, 0x0883, 0x0862, 0x0862, 0x0862, 0x0862, 0x0862, 0x0883, 0x0883, 0x0882, 0x0841,
0x0000, 0x1946, 0x1967, 0x1947, 0x18e4, 0x1061, 0x0000, 0x0820, 0x0841, 0x1062, 0x0841, 0x0840, 0x0841, 0x0841, 0x0821, 0x0020,
0x0883, 0x0883, 0x0883, 0x0062, 0x0062, 0x0021, 0x0021, 0x0041, 0x0021, 0x0021, 0x0042, 0x0041, 0x0042, 0x08a3, 0x08a3, 0x08a3,
0x0041, 0x0000, 0x0000, 0x0000, 0x0000, 0x0000, 0x0000, 0x0020, 
/* -258- */
0x1905, 0x1904, 0x1904, 0x18e4, 0x1904, 0x1904, 0x18e4, 0x18e4, 0x18e4, 0x18e4, 0x18e4, 0x18e4, 0x18e4, 0x2105, 0x2126, 0x2126,
0x2146, 0x2146, 0x2146, 0x2146, 0x2146, 0x2146, 0x2146, 0x2146, 0x2146, 0x2146, 0x2146, 0x1925, 0x2125, 0x1925, 0x1925, 0x1925,
0x2146, 0x2166, 0x2166, 0x2166, 0x2146, 0x2125, 0x2125, 0x2125, 0x2125, 0x2146, 0x2166, 0x2166, 0x2166, 0x2166, 0x2167, 0x2167,
0x2167, 0x2167, 0x2167, 0x2167, 0x2167, 0x2167, 0x2166, 0x2166, 0x2166, 0x2167, 0x2167, 0x2167, 0x2987, 0x2987, 0x2166, 0x10c4,
0x08a4, 0x08a4, 0x0884, 0x08a4, 0x08a4, 0x08a4, 0x08a4, 0x08a4, 0x10e5, 0x1905, 0x1925, 0x2146, 0x2166, 0x2166, 0x2166, 0x2166,
0x2166, 0x2166, 0x2166, 0x2166, 0x2146, 0x1925, 0x10e5, 0x10e4, 0x10e4, 0x10e4, 0x10c4, 0x0083, 0x0883, 0x0062, 0x0882, 0x0862,
0x10a3, 0x10a3, 0x08a3, 0x10a3, 0x0862, 0x0862, 0x0041, 0x0020, 0x0020, 0x1081, 0x10a2, 0x18e2, 0x2103, 0x2103, 0x1081, 0x18e2,
0x18c2, 0x18c2, 0x0861, 0x0041, 0x0042, 0x0042, 0x0041, 0x0041, 0x0041, 0x0062, 0x0062, 0x10c3, 0x2144, 0x2944, 0x2144, 0x2144,
0x2124, 0x2124, 0x2124, 0x2144, 0x2144, 0x10a2, 0x0020, 0x0841, 0x1882, 0x1882, 0x1061, 0x0841, 0x0841, 0x1041, 0x1061, 0x0000,
0x0021, 0x0021, 0x0021, 0x1061, 0x1061, 0x0000, 0x0000, 0x0000, 0x0000, 0x0821, 0x0841, 0x0020, 0x1062, 0x0841, 0x0000, 0x1041,
0x1041, 0x1061, 0x1061, 0x0841, 0x0021, 0x0862, 0x0062, 0x0862, 0x0862, 0x0041, 0x0000, 0x0861, 0x1082, 0x0021, 0x0862, 0x0841,
0x0841, 0x18a2, 0x20c3, 0x0841, 0x0021, 0x0021, 0x0021, 0x0021, 0x0862, 0x0882, 0x0883, 0x0862, 0x0062, 0x0062, 0x0062, 0x0020,
0x0861, 0x1082, 0x0841, 0x0000, 0x0841, 0x0862, 0x0862, 0x0862, 0x0862, 0x0862, 0x0862, 0x0862, 0x0020, 0x0000, 0x10c3, 0x1926,
0x10c4, 0x0041, 0x0862, 0x0862, 0x0863, 0x0883, 0x0883, 0x0883, 0x08a4, 0x08a4, 0x08a3, 0x08c4, 0x0062, 0x0841, 0x10c4, 0x1126,
0x10e5, 0x0882, 0x0021, 0x0882, 0x0862, 0x0882, 0x0883, 0x0862, 0x0042, 0x0861, 0x0862, 0x0862, 0x0862, 0x0883, 0x0862, 0x0861,
0x0020, 0x1946, 0x1925, 0x1926, 0x1105, 0x1925, 0x1081, 0x1881, 0x1061, 0x1062, 0x0862, 0x0841, 0x0841, 0x0841, 0x0821, 0x0000,
0x0883, 0x0883, 0x0883, 0x0063, 0x0062, 0x0021, 0x0021, 0x0041, 0x0021, 0x0021, 0x0041, 0x0041, 0x0042, 0x08a3, 0x08a3, 0x08a3,
0x0020, 0x0000, 0x0000, 0x0000, 0x0000, 0x0000, 0x0000, 0x0000, 
/* -259- */
0x1905, 0x1904, 0x1904, 0x1904, 0x1904, 0x1905, 0x1905, 0x2125, 0x2125, 0x2125, 0x2125, 0x2125, 0x2126, 0x2146, 0x2166, 0x2166,
0x2166, 0x2146, 0x2146, 0x2125, 0x1905, 0x1905, 0x1925, 0x1925, 0x2126, 0x2146, 0x2126, 0x1925, 0x1946, 0x1946, 0x1946, 0x1925,
0x1905, 0x1925, 0x2146, 0x2166, 0x2166, 0x2166, 0x2146, 0x2146, 0x2146, 0x2146, 0x2146, 0x2166, 0x2166, 0x2166, 0x2166, 0x2167,
0x2167, 0x2167, 0x2167, 0x2167, 0x2167, 0x2167, 0x2167, 0x2167, 0x2167, 0x2167, 0x2167, 0x2967, 0x2967, 0x2987, 0x2166, 0x10e4,
0x08a4, 0x08a4, 0x0883, 0x08a4, 0x08a4, 0x08a4, 0x08a4, 0x08a4, 0x08a3, 0x08a3, 0x1905, 0x2166, 0x2166, 0x2166, 0x2166, 0x2166,
0x2166, 0x2166, 0x2166, 0x2166, 0x2166, 0x2166, 0x2166, 0x2166, 0x2166, 0x2166, 0x2146, 0x1905, 0x1905, 0x1905, 0x1904, 0x1904,
0x2166, 0x2166, 0x2165, 0x2166, 0x1904, 0x1904, 0x10e4, 0x10a3, 0x10a2, 0x0861, 0x0020, 0x0841, 0x0840, 0x0020, 0x0840, 0x0861,
0x0861, 0x0881, 0x0841, 0x0021, 0x0021, 0x0021, 0x0041, 0x0021, 0x0041, 0x0062, 0x0082, 0x0882, 0x18e3, 0x2144, 0x2144, 0x2144,
0x2944, 0x2944, 0x2144, 0x2944, 0x2144, 0x2944, 0x1082, 0x0020, 0x18a2, 0x2104, 0x2104, 0x18a2, 0x0841, 0x1040, 0x0841, 0x0820,
0x0861, 0x0020, 0x0020, 0x1062, 0x1082, 0x0000, 0x0000, 0x0000, 0x0000, 0x0841, 0x0841, 0x0000, 0x1082, 0x0020, 0x0000, 0x1041,
0x1061, 0x1061, 0x1061, 0x0841, 0x0021, 0x0862, 0x0862, 0x0862, 0x0862, 0x0041, 0x0820, 0x1061, 0x1082, 0x0021, 0x0862, 0x0862,
0x0841, 0x0841, 0x1062, 0x0020, 0x0021, 0x0021, 0x0020, 0x0841, 0x0841, 0x0862, 0x0862, 0x0862, 0x0062, 0x0882, 0x0062, 0x0021,
0x0862, 0x10a3, 0x0862, 0x0000, 0x0841, 0x0862, 0x0862, 0x0862, 0x0862, 0x0862, 0x0862, 0x0862, 0x0020, 0x0020, 0x1082, 0x18e4,
0x10a3, 0x0041, 0x0862, 0x0862, 0x0862, 0x0862, 0x0862, 0x0883, 0x08a4, 0x08c4, 0x0083, 0x08a3, 0x0062, 0x0841, 0x18a3, 0x10a3,
0x1082, 0x0820, 0x0000, 0x0862, 0x0862, 0x0883, 0x0883, 0x0862, 0x0862, 0x0862, 0x0041, 0x0841, 0x0862, 0x0883, 0x0862, 0x1062,
0x0020, 0x1947, 0x1904, 0x1925, 0x1988, 0x1947, 0x1925, 0x18a2, 0x0840, 0x0862, 0x0883, 0x0882, 0x0862, 0x0841, 0x0821, 0x0000,
0x0883, 0x0883, 0x0883, 0x0083, 0x0062, 0x0021, 0x0021, 0x0041, 0x0021, 0x0021, 0x0041, 0x0041, 0x0042, 0x08a3, 0x08a3, 0x08a3,
0x0020, 0x0000, 0x0000, 0x0000, 0x0000, 0x0000, 0x0000, 0x0000, 
/* -260- */
0x2146, 0x2146, 0x2146, 0x2146, 0x2146, 0x2146, 0x2146, 0x2146, 0x2146, 0x2146, 0x2146, 0x2146, 0x2146, 0x2146, 0x2146, 0x2146,
0x2146, 0x2146, 0x2146, 0x2146, 0x2146, 0x2146, 0x2146, 0x2146, 0x2166, 0x2166, 0x2166, 0x2166, 0x2166, 0x2166, 0x2167, 0x2166,
0x2146, 0x2146, 0x2146, 0x2166, 0x2166, 0x2166, 0x2166, 0x2166, 0x2166, 0x2146, 0x2166, 0x2166, 0x2166, 0x2166, 0x2166, 0x2166,
0x2167, 0x2167, 0x2167, 0x2167, 0x2167, 0x2167, 0x2167, 0x2167, 0x2167, 0x2167, 0x2167, 0x2967, 0x2987, 0x2987, 0x2166, 0x10e4,
0x08a4, 0x08a4, 0x08a3, 0x08a4, 0x08a4, 0x08a4, 0x08a4, 0x08a4, 0x08a4, 0x08a4, 0x1925, 0x2166, 0x2166, 0x2166, 0x2146, 0x2166,
0x2166, 0x2166, 0x2166, 0x2966, 0x2166, 0x2166, 0x2166, 0x2166, 0x2166, 0x2166, 0x2966, 0x2146, 0x2146, 0x2166, 0x2146, 0x2165,
0x2166, 0x2166, 0x2166, 0x2145, 0x2166, 0x2145, 0x2145, 0x2125, 0x1904, 0x1903, 0x2103, 0x2103, 0x1903, 0x10c2, 0x1081, 0x1082,
0x18e3, 0x18e3, 0x1082, 0x1082, 0x10a2, 0x0862, 0x0041, 0x0000, 0x0021, 0x0062, 0x0082, 0x0062, 0x0882, 0x18e3, 0x2123, 0x2144,
0x2964, 0x2144, 0x2944, 0x18c2, 0x1081, 0x18c3, 0x18c2, 0x0841, 0x0821, 0x18c3, 0x2945, 0x2945, 0x10a2, 0x0820, 0x0840, 0x0861,
0x2124, 0x0861, 0x0020, 0x1041, 0x1062, 0x0000, 0x0000, 0x0000, 0x0000, 0x0841, 0x0861, 0x0000, 0x10c4, 0x0861, 0x0000, 0x1041,
0x1061, 0x1061, 0x1061, 0x0841, 0x0041, 0x0862, 0x0862, 0x0862, 0x0862, 0x0041, 0x0820, 0x1061, 0x1082, 0x0020, 0x0862, 0x0862,
0x0862, 0x0841, 0x0821, 0x0021, 0x0021, 0x0021, 0x0820, 0x1061, 0x1061, 0x0821, 0x0862, 0x0862, 0x0862, 0x0862, 0x0062, 0x0021,
0x0882, 0x10c3, 0x0862, 0x0000, 0x0841, 0x0841, 0x0862, 0x0862, 0x0862, 0x0862, 0x0842, 0x0841, 0x0020, 0x1061, 0x18a2, 0x18a2,
0x1041, 0x0841, 0x0862, 0x0862, 0x0862, 0x0862, 0x0862, 0x0883, 0x08a3, 0x08a4, 0x08a4, 0x0883, 0x0041, 0x0820, 0x1861, 0x1041,
0x1041, 0x1061, 0x0020, 0x0862, 0x0862, 0x0883, 0x0883, 0x0862, 0x0862, 0x0862, 0x0862, 0x0862, 0x0862, 0x0862, 0x0882, 0x1082,
0x0020, 0x1947, 0x1105, 0x1946, 0x1168, 0x1147, 0x1146, 0x10a2, 0x1041, 0x0862, 0x0883, 0x0883, 0x0862, 0x0841, 0x0020, 0x0000,
0x0883, 0x0883, 0x0883, 0x0063, 0x0062, 0x0021, 0x0021, 0x0021, 0x0021, 0x0021, 0x0042, 0x0041, 0x0042, 0x08a3, 0x08a3, 0x08a3,
0x0021, 0x0000, 0x0000, 0x0000, 0x0000, 0x0000, 0x0000, 0x0000, 
/* -261- */
0x2166, 0x2166, 0x2167, 0x2166, 0x2166, 0x2166, 0x2146, 0x2146, 0x2146, 0x2146, 0x2146, 0x2146, 0x2146, 0x2146, 0x2146, 0x2146,
0x2166, 0x2166, 0x2166, 0x2166, 0x2166, 0x2166, 0x2146, 0x2166, 0x2166, 0x2166, 0x2166, 0x1905, 0x1905, 0x1905, 0x2146, 0x2166,
0x2167, 0x2167, 0x2166, 0x2166, 0x2166, 0x2166, 0x2166, 0x2166, 0x2166, 0x2166, 0x2166, 0x2166, 0x2166, 0x2166, 0x2166, 0x2167,
0x2167, 0x2167, 0x2167, 0x2167, 0x2167, 0x2167, 0x2167, 0x2167, 0x2967, 0x2967, 0x2967, 0x2987, 0x2187, 0x2987, 0x2166, 0x1905,
0x08a4, 0x08a4, 0x08a3, 0x08a4, 0x08a4, 0x08a4, 0x08a4, 0x08a4, 0x0084, 0x08a4, 0x1905, 0x2166, 0x2166, 0x2166, 0x2166, 0x2166,
0x2166, 0x2166, 0x2166, 0x2966, 0x2966, 0x2166, 0x2166, 0x2166, 0x2166, 0x2966, 0x2166, 0x2966, 0x2166, 0x2166, 0x2166, 0x2166,
0x2166, 0x2966, 0x2166, 0x2166, 0x2145, 0x2145, 0x2145, 0x2145, 0x2124, 0x2124, 0x1903, 0x2964, 0x2123, 0x18e3, 0x2103, 0x2124,
0x2144, 0x1903, 0x18c2, 0x2103, 0x1903, 0x18e3, 0x0041, 0x0021, 0x0000, 0x0062, 0x0062, 0x0062, 0x0062, 0x0861, 0x1903, 0x2964,
0x2964, 0x2964, 0x2964, 0x18e3, 0x0841, 0x0840, 0x0840, 0x0861, 0x0020, 0x0020, 0x2104, 0x2125, 0x18c3, 0x0820, 0x1041, 0x0861,
0x2945, 0x2124, 0x0861, 0x1041, 0x1061, 0x0000, 0x0000, 0x0000, 0x0000, 0x0841, 0x0861, 0x0000, 0x10c4, 0x0862, 0x0000, 0x0820,
0x0820, 0x1061, 0x1061, 0x0841, 0x0021, 0x0862, 0x0862, 0x0862, 0x0862, 0x0841, 0x0820, 0x1061, 0x1082, 0x0020, 0x0862, 0x0862,
0x0862, 0x0862, 0x0862, 0x0020, 0x0021, 0x0021, 0x1062, 0x1082, 0x1882, 0x1061, 0x0841, 0x0862, 0x0862, 0x0062, 0x0862, 0x0021,
0x0862, 0x10c3, 0x0862, 0x0000, 0x0021, 0x0841, 0x0862, 0x0862, 0x0862, 0x0842, 0x0842, 0x0841, 0x0000, 0x18c3, 0x18c3, 0x18c3,
0x0861, 0x0021, 0x0862, 0x0862, 0x0862, 0x0862, 0x0862, 0x0883, 0x0883, 0x08a3, 0x08c4, 0x0883, 0x0041, 0x0820, 0x1861, 0x1841,
0x1861, 0x18a2, 0x0020, 0x0862, 0x0862, 0x0883, 0x0883, 0x0862, 0x0862, 0x0862, 0x0862, 0x0862, 0x0862, 0x0882, 0x0862, 0x1082,
0x0020, 0x1947, 0x1167, 0x1147, 0x1147, 0x1147, 0x1147, 0x1105, 0x0883, 0x0883, 0x0883, 0x0883, 0x0862, 0x0841, 0x0020, 0x0000,
0x0883, 0x0083, 0x0883, 0x0062, 0x0062, 0x0021, 0x0021, 0x0041, 0x0021, 0x0021, 0x0041, 0x0041, 0x0062, 0x08a3, 0x08a3, 0x08a3,
0x0021, 0x0000, 0x0000, 0x0000, 0x0000, 0x0000, 0x0000, 0x0000, 
/* -262- */
0x1925, 0x2146, 0x2146, 0x2166, 0x2166, 0x2146, 0x2146, 0x2126, 0x2146, 0x2146, 0x2146, 0x2146, 0x2146, 0x2146, 0x2146, 0x2166,
0x2166, 0x2166, 0x2166, 0x2166, 0x2166, 0x2166, 0x2166, 0x2166, 0x2166, 0x2166, 0x2166, 0x2126, 0x2146, 0x2166, 0x2166, 0x2166,
0x2166, 0x2166, 0x2146, 0x2166, 0x2146, 0x2166, 0x2166, 0x2166, 0x2166, 0x2166, 0x2166, 0x2146, 0x2166, 0x2167, 0x2167, 0x2167,
0x2167, 0x2167, 0x2167, 0x2167, 0x2167, 0x2167, 0x2167, 0x2167, 0x2167, 0x2167, 0x2967, 0x2167, 0x2187, 0x2966, 0x2166, 0x2166,
0x10e5, 0x08a4, 0x08a4, 0x08a4, 0x0883, 0x08a4, 0x08a4, 0x08a4, 0x00a4, 0x0084, 0x08a3, 0x08a3, 0x08a3, 0x08a3, 0x08a4, 0x08a3,
0x08a3, 0x10e4, 0x2146, 0x2146, 0x2146, 0x2166, 0x2186, 0x2987, 0x2186, 0x2166, 0x2166, 0x2966, 0x2166, 0x2146, 0x2166, 0x2166,
0x2166, 0x2166, 0x2166, 0x2146, 0x2145, 0x2145, 0x2145, 0x10c3, 0x10a2, 0x18c2, 0x2124, 0x2945, 0x1903, 0x18e3, 0x2103, 0x2124,
0x2124, 0x18c3, 0x1082, 0x1082, 0x10a2, 0x0861, 0x0861, 0x0862, 0x0021, 0x0041, 0x0062, 0x0062, 0x0062, 0x0062, 0x0882, 0x2144,
0x2985, 0x2985, 0x2964, 0x2123, 0x10a2, 0x0840, 0x10a2, 0x18c2, 0x0841, 0x0000, 0x0841, 0x20e3, 0x18a2, 0x0820, 0x1041, 0x0861,
0x2145, 0x2144, 0x10a3, 0x0841, 0x1061, 0x0000, 0x0000, 0x0000, 0x0000, 0x0841, 0x0841, 0x0000, 0x10a3, 0x0021, 0x0020, 0x0820,
0x0820, 0x1061, 0x1061, 0x0840, 0x0021, 0x0041, 0x0862, 0x0862, 0x0862, 0x0841, 0x0820, 0x1061, 0x1062, 0x0020, 0x0862, 0x0862,
0x0862, 0x0863, 0x0862, 0x0841, 0x0000, 0x0821, 0x1082, 0x1882, 0x1881, 0x1882, 0x1061, 0x0841, 0x0862, 0x0062, 0x0862, 0x0021,
0x0862, 0x10a3, 0x0862, 0x0000, 0x0842, 0x0862, 0x0862, 0x0862, 0x0862, 0x0862, 0x0042, 0x0042, 0x0000, 0x18c3, 0x18c3, 0x0841,
0x1081, 0x0841, 0x0862, 0x0862, 0x0842, 0x0862, 0x0862, 0x0862, 0x0862, 0x0862, 0x0883, 0x0883, 0x0041, 0x0820, 0x1841, 0x1020,
0x1040, 0x1082, 0x0020, 0x0862, 0x0862, 0x0883, 0x0883, 0x0862, 0x0862, 0x0862, 0x0862, 0x0862, 0x0862, 0x0862, 0x0862, 0x0841,
0x0020, 0x1146, 0x1168, 0x1147, 0x1147, 0x1147, 0x1147, 0x1126, 0x08a3, 0x0883, 0x0883, 0x1083, 0x0862, 0x0841, 0x0020, 0x0000,
0x0882, 0x0083, 0x0883, 0x0062, 0x0062, 0x0021, 0x0021, 0x0021, 0x0021, 0x0021, 0x0041, 0x0041, 0x0062, 0x08a3, 0x08a3, 0x08a3,
0x0021, 0x0000, 0x0000, 0x0000, 0x0000, 0x0000, 0x0000, 0x0000, 
/* -263- */
0x2146, 0x2166, 0x2166, 0x1905, 0x2125, 0x1905, 0x2125, 0x1926, 0x2146, 0x2166, 0x2166, 0x2166, 0x2166, 0x2166, 0x2166, 0x2166,
0x2146, 0x2166, 0x2166, 0x2166, 0x2166, 0x2166, 0x2166, 0x2146, 0x2146, 0x2146, 0x2166, 0x2166, 0x2166, 0x2166, 0x2166, 0x2146,
0x2166, 0x2166, 0x2146, 0x2146, 0x2146, 0x2166, 0x2966, 0x2166, 0x2166, 0x2166, 0x2166, 0x2166, 0x2166, 0x2167, 0x2167, 0x2167,
0x2167, 0x2167, 0x2167, 0x2167, 0x2166, 0x2167, 0x2167, 0x2167, 0x2167, 0x2167, 0x2967, 0x2967, 0x2987, 0x2166, 0x2967, 0x2967,
0x1905, 0x08a4, 0x08a4, 0x08a4, 0x0883, 0x0883, 0x08a4, 0x08a4, 0x08a4, 0x0084, 0x0883, 0x0883, 0x0883, 0x0883, 0x08a3, 0x0883,
0x0883, 0x0883, 0x0883, 0x0883, 0x0083, 0x0083, 0x08a3, 0x08a3, 0x08a3, 0x08a3, 0x08a3, 0x0883, 0x10e4, 0x1946, 0x2146, 0x2146,
0x2146, 0x2146, 0x2146, 0x2145, 0x2145, 0x1925, 0x1924, 0x1904, 0x2104, 0x2945, 0x2944, 0x0882, 0x0882, 0x18e3, 0x18c3, 0x0041,
0x0841, 0x0841, 0x1082, 0x18c2, 0x2103, 0x2124, 0x2103, 0x10e3, 0x0862, 0x0021, 0x0062, 0x0062, 0x0062, 0x0062, 0x0882, 0x10a2,
0x2123, 0x2123, 0x2103, 0x2103, 0x20e3, 0x18e3, 0x18c2, 0x18a2, 0x18c2, 0x0841, 0x0000, 0x1061, 0x1082, 0x1041, 0x1061, 0x0861,
0x2144, 0x2124, 0x10a2, 0x0841, 0x1061, 0x0000, 0x0000, 0x0000, 0x0000, 0x0821, 0x0841, 0x0000, 0x10c4, 0x0841, 0x0861, 0x0861,
0x0820, 0x1061, 0x1061, 0x0840, 0x0021, 0x0041, 0x0842, 0x0862, 0x0862, 0x0841, 0x0840, 0x0861, 0x0862, 0x0020, 0x0862, 0x0862,
0x0862, 0x0862, 0x0862, 0x0862, 0x0020, 0x0000, 0x1061, 0x1882, 0x1882, 0x1882, 0x1882, 0x0841, 0x0841, 0x0862, 0x0862, 0x0021,
0x0862, 0x10a3, 0x0862, 0x0000, 0x0842, 0x0862, 0x0862, 0x0862, 0x0862, 0x0862, 0x0862, 0x0841, 0x0000, 0x18c3, 0x18e3, 0x18e3,
0x1061, 0x0820, 0x0862, 0x0862, 0x0862, 0x0841, 0x0862, 0x0862, 0x0862, 0x0862, 0x0862, 0x0883, 0x0041, 0x0820, 0x1882, 0x1861,
0x1041, 0x0820, 0x0000, 0x0882, 0x0883, 0x0883, 0x0862, 0x0862, 0x0842, 0x0041, 0x0842, 0x0862, 0x0862, 0x0862, 0x0862, 0x0841,
0x0020, 0x1126, 0x1148, 0x1147, 0x1168, 0x1148, 0x1148, 0x1126, 0x0883, 0x0883, 0x0883, 0x0883, 0x0841, 0x0841, 0x0820, 0x0000,
0x0882, 0x0083, 0x0883, 0x0062, 0x0062, 0x0021, 0x0021, 0x0021, 0x0021, 0x0021, 0x0041, 0x0041, 0x0062, 0x08a3, 0x08a3, 0x08a3,
0x0021, 0x0000, 0x0020, 0x0000, 0x0000, 0x0000, 0x0000, 0x0000, 
/* -264- */
0x1905, 0x2146, 0x2146, 0x1925, 0x1925, 0x2146, 0x2146, 0x2146, 0x2166, 0x2166, 0x2167, 0x2166, 0x2166, 0x2146, 0x2166, 0x2166,
0x2146, 0x2166, 0x2146, 0x2166, 0x2166, 0x2166, 0x2166, 0x2146, 0x2146, 0x2146, 0x2146, 0x2166, 0x2166, 0x2166, 0x2166, 0x2166,
0x2146, 0x2146, 0x2146, 0x2125, 0x2125, 0x2146, 0x2146, 0x2166, 0x2166, 0x2166, 0x2166, 0x2166, 0x2166, 0x2167, 0x2167, 0x2167,
0x2167, 0x2167, 0x2167, 0x2167, 0x2166, 0x2166, 0x2167, 0x2167, 0x2167, 0x2167, 0x2967, 0x2987, 0x2967, 0x2967, 0x2967, 0x2967,
0x10e5, 0x08a4, 0x08a4, 0x0884, 0x08a4, 0x0883, 0x0883, 0x08a4, 0x0884, 0x08a4, 0x10c4, 0x10e4, 0x10e4, 0x10e4, 0x10e4, 0x1105,
0x10e4, 0x10e4, 0x10e4, 0x1905, 0x10e4, 0x10c4, 0x08a3, 0x0883, 0x0883, 0x0883, 0x0083, 0x0062, 0x0062, 0x0063, 0x0883, 0x0083,
0x0883, 0x0083, 0x10c4, 0x10e4, 0x10e4, 0x10e4, 0x10c4, 0x0862, 0x0041, 0x10a2, 0x2945, 0x2145, 0x2145, 0x2165, 0x10c3, 0x10a3,
0x10a3, 0x0882, 0x1082, 0x18e3, 0x2104, 0x18e3, 0x18c3, 0x0882, 0x0062, 0x0041, 0x0021, 0x0042, 0x0062, 0x0883, 0x08a3, 0x10e3,
0x2985, 0x2944, 0x18e3, 0x18c2, 0x20e3, 0x2103, 0x1081, 0x20c2, 0x20e3, 0x1081, 0x0000, 0x0000, 0x0841, 0x1041, 0x1061, 0x1061,
0x18e3, 0x2124, 0x10a2, 0x0841, 0x1061, 0x0000, 0x0000, 0x0000, 0x0000, 0x0820, 0x0841, 0x0000, 0x10c4, 0x0021, 0x0862, 0x10a3,
0x0820, 0x1061, 0x1061, 0x0841, 0x0020, 0x0041, 0x0041, 0x0842, 0x0862, 0x0841, 0x0840, 0x0841, 0x0862, 0x0020, 0x0862, 0x0862,
0x0862, 0x0863, 0x0862, 0x0862, 0x0020, 0x0000, 0x0000, 0x1061, 0x1882, 0x1882, 0x1882, 0x1882, 0x1061, 0x0841, 0x0841, 0x0020,
0x0841, 0x0861, 0x0841, 0x0000, 0x0842, 0x0862, 0x0862, 0x0862, 0x0862, 0x0862, 0x0862, 0x0842, 0x0000, 0x18c3, 0x18e4, 0x18e3,
0x1062, 0x0820, 0x0841, 0x0862, 0x0862, 0x0841, 0x0841, 0x0862, 0x0862, 0x0862, 0x0862, 0x0862, 0x0021, 0x0820, 0x1861, 0x1882,
0x18c3, 0x1061, 0x0000, 0x0882, 0x0883, 0x0862, 0x0862, 0x0862, 0x0841, 0x0041, 0x0041, 0x0041, 0x0862, 0x0862, 0x0862, 0x0841,
0x0021, 0x1147, 0x1148, 0x1168, 0x1148, 0x1147, 0x1147, 0x1126, 0x08a3, 0x0883, 0x0883, 0x0882, 0x0841, 0x0840, 0x0820, 0x0000,
0x0882, 0x0883, 0x0883, 0x0062, 0x0062, 0x0021, 0x0021, 0x0021, 0x0021, 0x0021, 0x0041, 0x0041, 0x0062, 0x08a3, 0x08a3, 0x08a3,
0x0020, 0x0000, 0x1081, 0x0840, 0x0820, 0x0000, 0x0000, 0x0000, 
/* -265- */
0x2126, 0x2146, 0x2146, 0x2146, 0x2146, 0x2166, 0x2166, 0x2166, 0x2166, 0x2167, 0x2166, 0x2166, 0x2166, 0x2166, 0x2166, 0x2166,
0x2166, 0x2166, 0x2166, 0x2146, 0x2166, 0x2166, 0x2166, 0x2146, 0x2146, 0x2146, 0x2166, 0x2167, 0x2166, 0x2166, 0x2166, 0x2166,
0x2166, 0x2146, 0x2146, 0x2146, 0x2146, 0x2146, 0x2146, 0x2166, 0x2166, 0x2166, 0x2166, 0x2166, 0x2167, 0x2167, 0x2167, 0x2167,
0x2166, 0x2167, 0x2167, 0x2167, 0x2166, 0x2167, 0x2187, 0x2166, 0x2167, 0x2167, 0x2167, 0x2967, 0x2167, 0x2967, 0x2967, 0x2167,
0x10e5, 0x08a4, 0x08a4, 0x08a4, 0x0883, 0x0883, 0x0883, 0x08a4, 0x0884, 0x08a4, 0x1905, 0x2166, 0x2166, 0x2146, 0x2146, 0x2166,
0x2166, 0x2146, 0x2146, 0x2146, 0x2166, 0x2166, 0x1925, 0x1905, 0x1905, 0x1905, 0x1905, 0x1904, 0x10e4, 0x08a3, 0x08c4, 0x10c4,
0x10c4, 0x10c4, 0x08a3, 0x0063, 0x0063, 0x0083, 0x0063, 0x0062, 0x0062, 0x0862, 0x1082, 0x18e3, 0x2145, 0x2145, 0x2965, 0x2145,
0x2125, 0x2104, 0x2124, 0x10a2, 0x18e3, 0x18c2, 0x10a3, 0x0042, 0x0062, 0x0062, 0x0041, 0x0021, 0x0041, 0x0083, 0x0083, 0x0883,
0x1904, 0x2964, 0x2124, 0x20e3, 0x2924, 0x2924, 0x2103, 0x20e3, 0x20c2, 0x18c2, 0x0861, 0x0000, 0x0820, 0x1861, 0x1882, 0x18c3,
0x1081, 0x10a2, 0x10c2, 0x0840, 0x1061, 0x0000, 0x0000, 0x0000, 0x0000, 0x0820, 0x0841, 0x0000, 0x10e4, 0x0021, 0x0862, 0x10a3,
0x1041, 0x1041, 0x1081, 0x1061, 0x0021, 0x0041, 0x0041, 0x0042, 0x0062, 0x0862, 0x0861, 0x0841, 0x0861, 0x0020, 0x0862, 0x0862,
0x0862, 0x0882, 0x0862, 0x0862, 0x0021, 0x0000, 0x0000, 0x0000, 0x1061, 0x1882, 0x1882, 0x18a2, 0x1061, 0x0020, 0x0020, 0x0000,
0x0841, 0x0841, 0x0820, 0x0000, 0x0042, 0x0862, 0x0862, 0x0862, 0x0862, 0x0862, 0x0862, 0x0862, 0x0020, 0x18c4, 0x1904, 0x18e4,
0x1082, 0x0821, 0x0841, 0x0862, 0x0862, 0x0841, 0x0841, 0x0862, 0x0882, 0x0862, 0x0862, 0x0862, 0x0021, 0x0820, 0x1882, 0x18a2,
0x18e4, 0x10a2, 0x0020, 0x0883, 0x0862, 0x0062, 0x0862, 0x0862, 0x0841, 0x0041, 0x0041, 0x0041, 0x0842, 0x0842, 0x0842, 0x0841,
0x0021, 0x1147, 0x1168, 0x1168, 0x1168, 0x1147, 0x1147, 0x1126, 0x08a3, 0x08a3, 0x0883, 0x0882, 0x0840, 0x0820, 0x0820, 0x0000,
0x0883, 0x0883, 0x0883, 0x0062, 0x0062, 0x0021, 0x0021, 0x0021, 0x0021, 0x0021, 0x0041, 0x0041, 0x0062, 0x08a3, 0x08a3, 0x08a3,
0x0020, 0x0000, 0x1040, 0x1041, 0x1061, 0x0820, 0x0000, 0x0000, 
/* -266- */
0x2146, 0x2146, 0x2146, 0x2146, 0x2146, 0x2146, 0x2166, 0x2166, 0x2967, 0x2167, 0x2167, 0x2166, 0x2166, 0x2166, 0x2146, 0x2146,
0x2146, 0x2166, 0x2166, 0x2166, 0x2166, 0x2166, 0x2146, 0x2166, 0x2166, 0x2166, 0x2166, 0x2167, 0x2166, 0x2166, 0x2166, 0x2166,
0x2166, 0x2146, 0x2146, 0x2146, 0x2146, 0x2146, 0x2166, 0x2166, 0x2166, 0x2166, 0x2166, 0x2146, 0x2166, 0x2166, 0x2167, 0x2167,
0x2167, 0x2167, 0x2167, 0x2167, 0x2167, 0x2167, 0x2166, 0x2167, 0x2167, 0x2167, 0x2167, 0x2167, 0x2166, 0x2967, 0x2967, 0x2166,
0x10c4, 0x08a4, 0x08a4, 0x0884, 0x0883, 0x0883, 0x0883, 0x08a4, 0x0884, 0x08a3, 0x1905, 0x2166, 0x2146, 0x2146, 0x2146, 0x2146,
0x2166, 0x2166, 0x2966, 0x2166, 0x2166, 0x2166, 0x2166, 0x2146, 0x2146, 0x2166, 0x2166, 0x2166, 0x2146, 0x2146, 0x2166, 0x2166,
0x2166, 0x2146, 0x1925, 0x1104, 0x10e4, 0x10e4, 0x10e4, 0x10e4, 0x10e4, 0x10e4, 0x18e4, 0x1082, 0x0861, 0x0861, 0x0862, 0x0861,
0x0841, 0x0841, 0x0882, 0x1903, 0x2124, 0x2104, 0x0882, 0x0042, 0x0042, 0x0062, 0x0862, 0x0021, 0x0042, 0x0083, 0x0083, 0x0062,
0x08a2, 0x2945, 0x2123, 0x20e3, 0x2944, 0x2944, 0x2943, 0x2944, 0x2103, 0x20e3, 0x18c2, 0x0841, 0x0020, 0x1061, 0x20a2, 0x28e3,
0x18c2, 0x0841, 0x0840, 0x1041, 0x1081, 0x0020, 0x0000, 0x0000, 0x0020, 0x0841, 0x0841, 0x0021, 0x1105, 0x0841, 0x0841, 0x1082,
0x1061, 0x1061, 0x1082, 0x1062, 0x0021, 0x0041, 0x0041, 0x0042, 0x0042, 0x0882, 0x0882, 0x0861, 0x0861, 0x0020, 0x0862, 0x0862,
0x0862, 0x0882, 0x0882, 0x0862, 0x0020, 0x0000, 0x0000, 0x0000, 0x0841, 0x1041, 0x1882, 0x18a2, 0x1041, 0x0020, 0x0020, 0x0020,
0x0841, 0x0861, 0x0020, 0x0000, 0x0862, 0x0862, 0x0862, 0x0862, 0x0862, 0x0062, 0x0862, 0x0862, 0x0020, 0x18c3, 0x18e4, 0x18c3,
0x1061, 0x0020, 0x0841, 0x0862, 0x0862, 0x0841, 0x0841, 0x0862, 0x0862, 0x0862, 0x0862, 0x0862, 0x0021, 0x0841, 0x18e4, 0x18a2,
0x18e3, 0x1082, 0x0821, 0x0862, 0x0862, 0x0862, 0x0042, 0x0862, 0x0842, 0x0842, 0x0842, 0x0842, 0x0841, 0x0841, 0x0842, 0x0841,
0x0041, 0x1147, 0x1168, 0x1168, 0x1167, 0x1126, 0x1168, 0x1126, 0x0883, 0x0883, 0x0883, 0x0882, 0x0841, 0x0820, 0x0820, 0x0000,
0x0862, 0x0883, 0x0883, 0x0062, 0x0042, 0x0021, 0x0001, 0x0041, 0x0021, 0x0021, 0x0041, 0x0041, 0x0062, 0x08a3, 0x08a3, 0x08a3,
0x0020, 0x0000, 0x1061, 0x1040, 0x1061, 0x0840, 0x0000, 0x0000, 
/* -267- */
0x2146, 0x1925, 0x1905, 0x1925, 0x1905, 0x2125, 0x2125, 0x2125, 0x2125, 0x1905, 0x1905, 0x1905, 0x1904, 0x1904, 0x18e4, 0x18e4,
0x2146, 0x2146, 0x2146, 0x2146, 0x2146, 0x2146, 0x2146, 0x2146, 0x2166, 0x2146, 0x2146, 0x2166, 0x2166, 0x2166, 0x2166, 0x2166,
0x2146, 0x2146, 0x2146, 0x2146, 0x2146, 0x2146, 0x2166, 0x2166, 0x2166, 0x2167, 0x2166, 0x2146, 0x2166, 0x2166, 0x2167, 0x2166,
0x2167, 0x2167, 0x2167, 0x2167, 0x2167, 0x2167, 0x2167, 0x2167, 0x2167, 0x2167, 0x2987, 0x2146, 0x2166, 0x2967, 0x2967, 0x2167,
0x10e5, 0x08a4, 0x0883, 0x0083, 0x0883, 0x0884, 0x0883, 0x0883, 0x08a4, 0x0883, 0x08a3, 0x10e4, 0x2146, 0x2166, 0x2166, 0x2166,
0x2166, 0x2966, 0x2166, 0x2166, 0x2166, 0x2166, 0x2166, 0x2146, 0x2146, 0x2166, 0x2166, 0x2166, 0x2166, 0x2966, 0x2986, 0x2986,
0x2986, 0x2966, 0x2966, 0x2166, 0x2146, 0x2166, 0x2146, 0x2146, 0x2146, 0x2145, 0x2146, 0x2125, 0x10c3, 0x10e4, 0x0882, 0x0062,
0x0882, 0x0882, 0x1904, 0x2145, 0x2145, 0x2145, 0x2124, 0x10a3, 0x0862, 0x0062, 0x0083, 0x0042, 0x0021, 0x0062, 0x0062, 0x0062,
0x0062, 0x2144, 0x2103, 0x2944, 0x2965, 0x2144, 0x2944, 0x2944, 0x2123, 0x2123, 0x2103, 0x20e3, 0x0841, 0x0841, 0x1881, 0x20e3,
0x20e3, 0x18a2, 0x0820, 0x1061, 0x1082, 0x0841, 0x0841, 0x0000, 0x0000, 0x0841, 0x0841, 0x0020, 0x10e5, 0x0883, 0x0021, 0x0841,
0x0820, 0x0840, 0x1083, 0x1062, 0x0021, 0x0041, 0x0041, 0x0042, 0x0042, 0x0062, 0x0883, 0x0861, 0x0020, 0x0020, 0x0862, 0x0862,
0x0862, 0x0882, 0x0882, 0x0862, 0x0020, 0x0000, 0x0000, 0x0020, 0x0862, 0x0841, 0x1061, 0x1882, 0x1861, 0x0820, 0x0000, 0x0000,
0x0020, 0x0841, 0x0020, 0x0000, 0x0862, 0x0862, 0x0862, 0x0862, 0x0862, 0x0862, 0x0862, 0x0862, 0x0020, 0x18c3, 0x18c3, 0x0841,
0x1061, 0x0020, 0x0841, 0x0862, 0x0862, 0x0862, 0x0862, 0x0862, 0x0862, 0x0861, 0x0862, 0x0862, 0x0021, 0x0862, 0x1925, 0x18e3,
0x20c2, 0x1061, 0x0020, 0x0062, 0x0062, 0x0862, 0x0042, 0x0042, 0x0041, 0x0842, 0x0841, 0x0862, 0x0861, 0x0862, 0x0862, 0x0862,
0x0021, 0x1147, 0x1168, 0x1168, 0x1168, 0x1147, 0x1947, 0x1126, 0x08a4, 0x0883, 0x0883, 0x0883, 0x0882, 0x0861, 0x0840, 0x0000,
0x0862, 0x0862, 0x0883, 0x0042, 0x0042, 0x0021, 0x0000, 0x0041, 0x0021, 0x0021, 0x0041, 0x0041, 0x0062, 0x08a3, 0x08a3, 0x08a3,
0x0020, 0x0000, 0x1861, 0x1061, 0x1061, 0x1061, 0x1041, 0x0841, 
/* -268- */
0x2126, 0x1904, 0x18e4, 0x18e4, 0x18e4, 0x18e4, 0x18e4, 0x1904, 0x18e4, 0x18e4, 0x18e4, 0x18e4, 0x18e4, 0x18e4, 0x18e4, 0x18e4,
0x18e4, 0x18e4, 0x18e4, 0x18e5, 0x2126, 0x2166, 0x2146, 0x2146, 0x2166, 0x2146, 0x2146, 0x2166, 0x2166, 0x2166, 0x2166, 0x2166,
0x2166, 0x2146, 0x2146, 0x2146, 0x2146, 0x2146, 0x2146, 0x2166, 0x2166, 0x2166, 0x2166, 0x2146, 0x2166, 0x2166, 0x2167, 0x2167,
0x2987, 0x2167, 0x2967, 0x2167, 0x2167, 0x2167, 0x2167, 0x2987, 0x2167, 0x2967, 0x2967, 0x2166, 0x2167, 0x2967, 0x2167, 0x2187,
0x10e5, 0x08a4, 0x0883, 0x0883, 0x0883, 0x0883, 0x08a4, 0x08a4, 0x08a4, 0x08a4, 0x08a3, 0x10c4, 0x1925, 0x2166, 0x2166, 0x2166,
0x2166, 0x2166, 0x2166, 0x2166, 0x2166, 0x2966, 0x2166, 0x2166, 0x2146, 0x2166, 0x2166, 0x2966, 0x2966, 0x2966, 0x2986, 0x2986,
0x2966, 0x2966, 0x2966, 0x2966, 0x2966, 0x2166, 0x2166, 0x2166, 0x2166, 0x2966, 0x2166, 0x2145, 0x2145, 0x2145, 0x2165, 0x2145,
0x18e4, 0x18c3, 0x2125, 0x2145, 0x2145, 0x2145, 0x2124, 0x10a3, 0x0041, 0x0042, 0x0083, 0x0862, 0x0020, 0x0042, 0x0062, 0x0062,
0x0062, 0x10a3, 0x2965, 0x2985, 0x2985, 0x2986, 0x2986, 0x2964, 0x2103, 0x2103, 0x2103, 0x20e3, 0x20e3, 0x0841, 0x0841, 0x18a2,
0x20c2, 0x20c3, 0x1082, 0x1061, 0x1081, 0x1082, 0x2104, 0x0841, 0x0000, 0x0820, 0x0841, 0x0020, 0x10e4, 0x08a3, 0x0000, 0x0000,
0x0000, 0x0841, 0x1083, 0x1082, 0x0021, 0x0041, 0x0041, 0x0042, 0x0042, 0x0863, 0x08a3, 0x0841, 0x0820, 0x0020, 0x0862, 0x0862,
0x0062, 0x0882, 0x0882, 0x0862, 0x0020, 0x0000, 0x0000, 0x0000, 0x0862, 0x0862, 0x0841, 0x1061, 0x0821, 0x0000, 0x0020, 0x0000,
0x0000, 0x0020, 0x0020, 0x0000, 0x0862, 0x0862, 0x0862, 0x0862, 0x0862, 0x0862, 0x0862, 0x0842, 0x0020, 0x18c4, 0x2105, 0x1062,
0x10a3, 0x0041, 0x0842, 0x0842, 0x0862, 0x0862, 0x0862, 0x0862, 0x0862, 0x0862, 0x0862, 0x0862, 0x0021, 0x0862, 0x1926, 0x1925,
0x18c3, 0x0841, 0x0841, 0x0862, 0x0042, 0x0862, 0x0842, 0x0041, 0x0041, 0x0041, 0x0841, 0x0861, 0x10a2, 0x10c2, 0x10a2, 0x0841,
0x0021, 0x1147, 0x1168, 0x1168, 0x1168, 0x1967, 0x10a3, 0x10a3, 0x0883, 0x0883, 0x08a3, 0x08a3, 0x08a3, 0x0882, 0x0841, 0x0000,
0x0041, 0x0062, 0x0862, 0x0042, 0x0042, 0x0021, 0x0021, 0x0041, 0x0021, 0x0021, 0x0041, 0x0041, 0x0062, 0x08a3, 0x08a3, 0x08a3,
0x0020, 0x0000, 0x1881, 0x1061, 0x1061, 0x1061, 0x1061, 0x0820, 
/* -269- */
0x1905, 0x18e4, 0x18e4, 0x18e4, 0x18e4, 0x18e4, 0x18e4, 0x1904, 0x1905, 0x1905, 0x1905, 0x1905, 0x18e4, 0x18e4, 0x1905, 0x1905,
0x1905, 0x1905, 0x1905, 0x2125, 0x1905, 0x2125, 0x2146, 0x2166, 0x2166, 0x2146, 0x2166, 0x2146, 0x2146, 0x2166, 0x2166, 0x2166,
0x2146, 0x2146, 0x2166, 0x2166, 0x2166, 0x2166, 0x2166, 0x2166, 0x2166, 0x2166, 0x2166, 0x2166, 0x2167, 0x2167, 0x2167, 0x2125,
0x1905, 0x1905, 0x1904, 0x1904, 0x1904, 0x1905, 0x1905, 0x1905, 0x1905, 0x1925, 0x1925, 0x2146, 0x2166, 0x2967, 0x2167, 0x2167,
0x1905, 0x08a4, 0x0083, 0x0884, 0x0883, 0x0883, 0x0883, 0x08a4, 0x08a4, 0x0883, 0x0883, 0x08c4, 0x1905, 0x1926, 0x1926, 0x1905,
0x1905, 0x1905, 0x1905, 0x1925, 0x2146, 0x2146, 0x2145, 0x2145, 0x2145, 0x2145, 0x2146, 0x2146, 0x2166, 0x2966, 0x2986, 0x2986,
0x2966, 0x2166, 0x2166, 0x2166, 0x2966, 0x2966, 0x2966, 0x2166, 0x2166, 0x2146, 0x2166, 0x2145, 0x2145, 0x2145, 0x2165, 0x2145,
0x2945, 0x2965, 0x2965, 0x2145, 0x2145, 0x2145, 0x2145, 0x2145, 0x1904, 0x08a3, 0x0883, 0x0863, 0x0021, 0x0000, 0x0042, 0x0062,
0x0062, 0x0882, 0x1904, 0x2145, 0x2145, 0x2965, 0x2145, 0x2145, 0x2124, 0x18e3, 0x20c3, 0x20e3, 0x18c3, 0x0861, 0x0000, 0x0841,
0x1882, 0x20c3, 0x1882, 0x1041, 0x1061, 0x1082, 0x2145, 0x1904, 0x0841, 0x0820, 0x1041, 0x0000, 0x0862, 0x0882, 0x0000, 0x0000,
0x0020, 0x1082, 0x10a3, 0x0862, 0x0021, 0x0041, 0x0021, 0x0021, 0x0042, 0x0883, 0x08a3, 0x0841, 0x0820, 0x0020, 0x0862, 0x0862,
0x0862, 0x0862, 0x0862, 0x0862, 0x0841, 0x0820, 0x0000, 0x0020, 0x0862, 0x0862, 0x0862, 0x0021, 0x0021, 0x0821, 0x0000, 0x0000,
0x0000, 0x0000, 0x0000, 0x0000, 0x0842, 0x0862, 0x0862, 0x0862, 0x0862, 0x0862, 0x0862, 0x0862, 0x0020, 0x18e4, 0x2105, 0x1905,
0x10a3, 0x0021, 0x0842, 0x0841, 0x0862, 0x0862, 0x0862, 0x0862, 0x0862, 0x0862, 0x0862, 0x0862, 0x0021, 0x0841, 0x18e5, 0x1946,
0x1105, 0x10a2, 0x0841, 0x0883, 0x0062, 0x0062, 0x0061, 0x0041, 0x0041, 0x0041, 0x0841, 0x0861, 0x10c2, 0x10a2, 0x0862, 0x0841,
0x0020, 0x1147, 0x1168, 0x1168, 0x1168, 0x1967, 0x1082, 0x1082, 0x0883, 0x0883, 0x0883, 0x08a4, 0x08a3, 0x0883, 0x0841, 0x0000,
0x0841, 0x0042, 0x0042, 0x0042, 0x0042, 0x0021, 0x0021, 0x0041, 0x0021, 0x0021, 0x0041, 0x0041, 0x0062, 0x08a3, 0x08a3, 0x0883,
0x0020, 0x0000, 0x1881, 0x1881, 0x1061, 0x0841, 0x0841, 0x0841, 
/* -270- */
0x18e4, 0x18e4, 0x18e4, 0x18e4, 0x18e4, 0x18e4, 0x1905, 0x2146, 0x2146, 0x2166, 0x2166, 0x2146, 0x2146, 0x2146, 0x2166, 0x2146,
0x2146, 0x2146, 0x2146, 0x2146, 0x1905, 0x1905, 0x2105, 0x2146, 0x2146, 0x2146, 0x2146, 0x2146, 0x2166, 0x2166, 0x2166, 0x2166,
0x2166, 0x2166, 0x2166, 0x2166, 0x2166, 0x2166, 0x2166, 0x2166, 0x2167, 0x2166, 0x2966, 0x2166, 0x2166, 0x2166, 0x2166, 0x2166,
0x2146, 0x2146, 0x2146, 0x2146, 0x2146, 0x2146, 0x2146, 0x2146, 0x2146, 0x2166, 0x2146, 0x2146, 0x2125, 0x2125, 0x2146, 0x2125,
0x10e4, 0x08a4, 0x0883, 0x0883, 0x0883, 0x0883, 0x0883, 0x0884, 0x08a4, 0x0883, 0x0883, 0x0883, 0x0083, 0x0083, 0x0083, 0x0083,
0x0083, 0x0083, 0x0063, 0x0083, 0x08a3, 0x08a3, 0x08a3, 0x08a3, 0x08a3, 0x08a3, 0x08a3, 0x08a3, 0x08a3, 0x10e4, 0x1925, 0x1925,
0x1905, 0x1904, 0x1904, 0x1905, 0x1905, 0x1925, 0x2166, 0x2146, 0x2146, 0x2146, 0x2125, 0x1905, 0x1904, 0x1925, 0x2125, 0x1925,
0x2145, 0x2145, 0x2145, 0x2145, 0x2145, 0x2145, 0x2145, 0x2965, 0x2165, 0x2125, 0x08a3, 0x0883, 0x0041, 0x0000, 0x0021, 0x0062,
0x0062, 0x0062, 0x0062, 0x0882, 0x10a2, 0x1903, 0x0882, 0x10a2, 0x10a3, 0x1082, 0x0882, 0x1082, 0x0862, 0x0841, 0x0020, 0x0000,
0x0820, 0x1882, 0x1082, 0x1061, 0x1061, 0x1082, 0x2145, 0x2145, 0x10c3, 0x0841, 0x0841, 0x0000, 0x0841, 0x0821, 0x0820, 0x0820,
0x0820, 0x1082, 0x1082, 0x0020, 0x0020, 0x0021, 0x0041, 0x0041, 0x0042, 0x0883, 0x10e4, 0x0841, 0x0020, 0x0000, 0x0842, 0x0862,
0x0862, 0x0842, 0x0862, 0x0862, 0x0841, 0x0820, 0x0000, 0x0020, 0x0862, 0x0862, 0x0863, 0x0862, 0x0041, 0x0000, 0x0000, 0x0000,
0x0000, 0x0820, 0x0000, 0x0000, 0x0020, 0x0842, 0x0862, 0x0862, 0x0862, 0x0862, 0x0862, 0x0862, 0x0020, 0x10a3, 0x1905, 0x18e4,
0x0882, 0x0021, 0x0042, 0x0862, 0x0862, 0x0862, 0x0862, 0x0862, 0x0862, 0x0862, 0x0862, 0x0862, 0x0021, 0x0861, 0x1105, 0x1146,
0x1126, 0x08e4, 0x0041, 0x0862, 0x0042, 0x0041, 0x0041, 0x0041, 0x0841, 0x0041, 0x0041, 0x1081, 0x10a2, 0x0882, 0x0862, 0x0041,
0x0000, 0x1147, 0x1168, 0x1168, 0x1168, 0x1946, 0x1082, 0x1082, 0x0883, 0x0883, 0x0883, 0x08a3, 0x0883, 0x0882, 0x0820, 0x0000,
0x0841, 0x0042, 0x0042, 0x0042, 0x0021, 0x0000, 0x0021, 0x0041, 0x0021, 0x0021, 0x0041, 0x0041, 0x0062, 0x08a3, 0x08a3, 0x0883,
0x0020, 0x0000, 0x1082, 0x1082, 0x1082, 0x0841, 0x0841, 0x0841, 
/* -271- */
0x18e4, 0x18e4, 0x2125, 0x2146, 0x2146, 0x2146, 0x2146, 0x2146, 0x2166, 0x2166, 0x2146, 0x2146, 0x2146, 0x2146, 0x2146, 0x2166,
0x2146, 0x2146, 0x2146, 0x2166, 0x2146, 0x2146, 0x2146, 0x2146, 0x2166, 0x2146, 0x2166, 0x2166, 0x2166, 0x2166, 0x2166, 0x2166,
0x2166, 0x2166, 0x2166, 0x2146, 0x2166, 0x2166, 0x2166, 0x2167, 0x2167, 0x2167, 0x2166, 0x2166, 0x2166, 0x2166, 0x2167, 0x2187,
0x2167, 0x2167, 0x2166, 0x2167, 0x2167, 0x2167, 0x2167, 0x2167, 0x2167, 0x2167, 0x2166, 0x2146, 0x2146, 0x2146, 0x2146, 0x2146,
0x10e4, 0x0883, 0x08a3, 0x0083, 0x08a4, 0x0883, 0x0884, 0x08a4, 0x08a4, 0x0883, 0x0883, 0x0883, 0x0083, 0x0883, 0x0883, 0x0083,
0x0883, 0x0883, 0x0063, 0x0063, 0x0083, 0x0083, 0x0083, 0x0883, 0x0883, 0x0883, 0x0083, 0x0083, 0x0083, 0x0083, 0x0883, 0x0883,
0x0083, 0x0083, 0x0083, 0x0883, 0x0883, 0x0883, 0x08a4, 0x10a4, 0x10a3, 0x08a3, 0x08a3, 0x0883, 0x0883, 0x08a3, 0x08a3, 0x08a3,
0x10e4, 0x10e4, 0x10e4, 0x10e4, 0x10e4, 0x18e4, 0x1904, 0x1904, 0x2145, 0x2145, 0x10e4, 0x0083, 0x0062, 0x0020, 0x0000, 0x0041,
0x0082, 0x0062, 0x0082, 0x0882, 0x08a2, 0x18e3, 0x0841, 0x0862, 0x10a3, 0x10a3, 0x10a3, 0x18c3, 0x18a2, 0x1881, 0x1061, 0x0020,
0x0820, 0x1881, 0x1882, 0x1061, 0x1041, 0x0862, 0x2145, 0x2145, 0x18e4, 0x0861, 0x0861, 0x0000, 0x0841, 0x0841, 0x0820, 0x0820,
0x0841, 0x10a3, 0x1082, 0x0841, 0x0020, 0x0021, 0x0041, 0x0041, 0x0042, 0x0883, 0x10e5, 0x0041, 0x0020, 0x0000, 0x0842, 0x0862,
0x0862, 0x0862, 0x0842, 0x0862, 0x0021, 0x0000, 0x0000, 0x0020, 0x0862, 0x0862, 0x0883, 0x0883, 0x0882, 0x0841, 0x0000, 0x0000,
0x0800, 0x0800, 0x0800, 0x0000, 0x0000, 0x0020, 0x0842, 0x0862, 0x0862, 0x0862, 0x0862, 0x0862, 0x0020, 0x1061, 0x1904, 0x18c4,
0x0841, 0x0021, 0x0041, 0x0862, 0x0862, 0x0862, 0x0862, 0x0862, 0x0862, 0x0882, 0x0862, 0x0862, 0x0021, 0x0862, 0x1126, 0x1146,
0x1126, 0x08e5, 0x0041, 0x0041, 0x0041, 0x0041, 0x0041, 0x0041, 0x0041, 0x0842, 0x0841, 0x10a2, 0x0881, 0x0861, 0x0041, 0x0041,
0x0000, 0x1147, 0x1168, 0x1168, 0x1167, 0x10e5, 0x18e4, 0x18e4, 0x1082, 0x0862, 0x0883, 0x0883, 0x0883, 0x0862, 0x0820, 0x0000,
0x0841, 0x0842, 0x0842, 0x0841, 0x0021, 0x0000, 0x0021, 0x0041, 0x0021, 0x0021, 0x0041, 0x0041, 0x0062, 0x0883, 0x0883, 0x0883,
0x0020, 0x0000, 0x1061, 0x1061, 0x1061, 0x1062, 0x1082, 0x1082, 
/* -272- */
0x18e4, 0x1905, 0x2146, 0x2166, 0x2166, 0x2166, 0x2166, 0x2166, 0x2146, 0x2166, 0x2166, 0x2146, 0x2146, 0x2146, 0x2166, 0x2166,
0x2166, 0x2146, 0x2146, 0x2166, 0x2166, 0x2146, 0x2166, 0x2166, 0x2166, 0x2146, 0x2166, 0x2166, 0x2166, 0x2166, 0x2166, 0x2166,
0x2166, 0x2166, 0x2146, 0x2146, 0x2146, 0x2166, 0x2166, 0x2166, 0x2167, 0x2967, 0x2966, 0x2166, 0x2166, 0x2166, 0x2166, 0x2166,
0x2167, 0x2167, 0x2167, 0x2167, 0x2167, 0x2166, 0x2166, 0x2166, 0x2166, 0x2166, 0x2166, 0x2166, 0x2166, 0x2166, 0x2166, 0x2166,
0x10e4, 0x0883, 0x0883, 0x0883, 0x0883, 0x0884, 0x08a4, 0x08a4, 0x08a4, 0x0883, 0x0083, 0x0883, 0x10e5, 0x1925, 0x2146, 0x2146,
0x2146, 0x1925, 0x1925, 0x1925, 0x1945, 0x1925, 0x1925, 0x2145, 0x1925, 0x2126, 0x1905, 0x08a4, 0x08a3, 0x0063, 0x0063, 0x0083,
0x0083, 0x0063, 0x0063, 0x0063, 0x0063, 0x0063, 0x0083, 0x0083, 0x0083, 0x0083, 0x0063, 0x0062, 0x0083, 0x0063, 0x0083, 0x0063,
0x0883, 0x0883, 0x0883, 0x0083, 0x0883, 0x0883, 0x08a3, 0x0883, 0x0883, 0x0883, 0x0883, 0x0863, 0x0862, 0x0021, 0x0000, 0x0041,
0x0083, 0x0082, 0x0083, 0x0082, 0x0883, 0x0883, 0x0882, 0x10e4, 0x2146, 0x2166, 0x2966, 0x2124, 0x20e3, 0x18a2, 0x18a2, 0x1061,
0x0820, 0x1041, 0x1041, 0x0020, 0x0000, 0x0021, 0x18e3, 0x2965, 0x18e3, 0x0841, 0x0841, 0x0000, 0x0841, 0x0821, 0x0840, 0x1041,
0x1082, 0x10c3, 0x10a3, 0x0861, 0x0020, 0x0020, 0x0041, 0x0042, 0x0042, 0x0883, 0x10e5, 0x0841, 0x0020, 0x0000, 0x0862, 0x0862,
0x0062, 0x0862, 0x0842, 0x0862, 0x0841, 0x0000, 0x0000, 0x0020, 0x0862, 0x0862, 0x0883, 0x0883, 0x0883, 0x0883, 0x0862, 0x0020,
0x0820, 0x0820, 0x0800, 0x0800, 0x1061, 0x1041, 0x0820, 0x0841, 0x0862, 0x0862, 0x0862, 0x0862, 0x0020, 0x1061, 0x20e4, 0x18e4,
0x0841, 0x0021, 0x0842, 0x0862, 0x0862, 0x0862, 0x0862, 0x0862, 0x0862, 0x0862, 0x0862, 0x0862, 0x0841, 0x0883, 0x1146, 0x1146,
0x1126, 0x08e4, 0x0021, 0x0841, 0x0842, 0x0861, 0x0041, 0x0041, 0x0841, 0x0841, 0x0041, 0x1081, 0x0882, 0x0862, 0x0041, 0x0041,
0x0000, 0x1147, 0x1168, 0x1168, 0x1168, 0x1147, 0x1147, 0x1105, 0x0861, 0x0841, 0x0862, 0x0862, 0x0862, 0x1062, 0x0841, 0x0000,
0x0841, 0x0841, 0x0021, 0x0020, 0x0020, 0x0000, 0x0021, 0x0041, 0x0021, 0x0021, 0x0042, 0x0042, 0x0062, 0x0062, 0x0062, 0x0062,
0x0000, 0x0000, 0x0000, 0x0820, 0x0862, 0x10a3, 0x10a3, 0x10a3, 
/* -273- */
0x2125, 0x2125, 0x2166, 0x2166, 0x2146, 0x2166, 0x2146, 0x2146, 0x2146, 0x2166, 0x2146, 0x2146, 0x2146, 0x2166, 0x2166, 0x2166,
0x2166, 0x2146, 0x2166, 0x2166, 0x2166, 0x2166, 0x2166, 0x2146, 0x2146, 0x2166, 0x2166, 0x2166, 0x2166, 0x2166, 0x2146, 0x2146,
0x2146, 0x2146, 0x2146, 0x2146, 0x2146, 0x2166, 0x2166, 0x2166, 0x2166, 0x2167, 0x2966, 0x2125, 0x1905, 0x18e4, 0x18e4, 0x2146,
0x2167, 0x2167, 0x2166, 0x2167, 0x2167, 0x2167, 0x2167, 0x2167, 0x2166, 0x2166, 0x2166, 0x2166, 0x2146, 0x2146, 0x2146, 0x2166,
0x1946, 0x1905, 0x0883, 0x08a4, 0x08a4, 0x08a4, 0x08a4, 0x08a4, 0x08a4, 0x0083, 0x0083, 0x0883, 0x1905, 0x2166, 0x2966, 0x2966,
0x2166, 0x2146, 0x2145, 0x2166, 0x2166, 0x2166, 0x2166, 0x2166, 0x2166, 0x2145, 0x2166, 0x2146, 0x2145, 0x1925, 0x2125, 0x2145,
0x2146, 0x2146, 0x2146, 0x2146, 0x2125, 0x1905, 0x0883, 0x0883, 0x0883, 0x0883, 0x0883, 0x0883, 0x0883, 0x0883, 0x0883, 0x0883,
0x0062, 0x0883, 0x0883, 0x0083, 0x0083, 0x0083, 0x0083, 0x0883, 0x0062, 0x0062, 0x0863, 0x0021, 0x0020, 0x0021, 0x0021, 0x0000,
0x0062, 0x0083, 0x0083, 0x0083, 0x0883, 0x10e4, 0x2166, 0x2166, 0x2186, 0x2986, 0x2986, 0x2986, 0x2124, 0x20c3, 0x20c2, 0x20c2,
0x0840, 0x0020, 0x0841, 0x1082, 0x1082, 0x1061, 0x0020, 0x1904, 0x18e3, 0x0861, 0x0820, 0x0000, 0x0841, 0x0821, 0x0841, 0x1061,
0x10a3, 0x10a3, 0x1082, 0x0020, 0x0000, 0x0000, 0x0041, 0x0042, 0x0042, 0x0883, 0x10e5, 0x0041, 0x0020, 0x0000, 0x0862, 0x0862,
0x0862, 0x0862, 0x0862, 0x0862, 0x0862, 0x0020, 0x0000, 0x0000, 0x0862, 0x0862, 0x0883, 0x0883, 0x08a3, 0x0883, 0x0882, 0x0021,
0x0000, 0x0000, 0x0020, 0x0820, 0x1861, 0x1862, 0x1061, 0x0020, 0x0041, 0x0862, 0x0862, 0x0862, 0x0020, 0x1061, 0x20c2, 0x20c3,
0x0841, 0x0021, 0x0841, 0x0862, 0x0862, 0x0862, 0x0862, 0x0862, 0x0862, 0x0862, 0x0862, 0x0862, 0x0841, 0x0883, 0x1126, 0x1146,
0x1926, 0x10c4, 0x0021, 0x0041, 0x0041, 0x1082, 0x1082, 0x10a2, 0x10a2, 0x0861, 0x0841, 0x0881, 0x0882, 0x0042, 0x0041, 0x0041,
0x0020, 0x1147, 0x1168, 0x1168, 0x1168, 0x1168, 0x1147, 0x10e4, 0x0841, 0x0862, 0x0862, 0x0000, 0x0000, 0x0841, 0x0841, 0x0000,
0x0841, 0x0841, 0x0021, 0x0000, 0x0020, 0x0000, 0x0021, 0x0041, 0x0021, 0x0021, 0x0042, 0x0042, 0x0042, 0x0042, 0x0042, 0x0042,
0x0000, 0x0000, 0x0000, 0x0000, 0x0862, 0x10a3, 0x10a3, 0x10a3, 
/* -274- */
0x2146, 0x2166, 0x2166, 0x2166, 0x2146, 0x2146, 0x2146, 0x2146, 0x2146, 0x2146, 0x2146, 0x2146, 0x2146, 0x2146, 0x2166, 0x2166,
0x2166, 0x2166, 0x2166, 0x2166, 0x2166, 0x2166, 0x2146, 0x2146, 0x2166, 0x2166, 0x2166, 0x2166, 0x2166, 0x2146, 0x2146, 0x2146,
0x2146, 0x2146, 0x2146, 0x2166, 0x2166, 0x2166, 0x2166, 0x2166, 0x2146, 0x1905, 0x1905, 0x2146, 0x2166, 0x2166, 0x2166, 0x2166,
0x2166, 0x2167, 0x2166, 0x2167, 0x2167, 0x2167, 0x2167, 0x2167, 0x2167, 0x2167, 0x2167, 0x2167, 0x2166, 0x2166, 0x2167, 0x2166,
0x2166, 0x2146, 0x0883, 0x08a4, 0x0883, 0x08a4, 0x08a3, 0x08a4, 0x08a4, 0x0083, 0x0083, 0x0883, 0x1905, 0x2166, 0x2966, 0x2966,
0x2166, 0x2145, 0x2145, 0x2146, 0x2145, 0x2145, 0x2166, 0x2165, 0x2165, 0x2166, 0x2145, 0x2145, 0x2145, 0x2145, 0x2145, 0x2145,
0x2166, 0x2146, 0x2145, 0x2145, 0x2145, 0x2145, 0x2145, 0x2146, 0x2145, 0x2145, 0x2146, 0x2146, 0x2146, 0x2146, 0x2145, 0x10c4,
0x10c4, 0x10c4, 0x10c4, 0x10c4, 0x10c4, 0x10c4, 0x10e4, 0x10c4, 0x0882, 0x0882, 0x10c3, 0x0062, 0x0041, 0x0042, 0x0862, 0x0000,
0x0021, 0x0062, 0x0063, 0x0063, 0x0062, 0x0883, 0x2166, 0x2166, 0x2186, 0x2186, 0x2186, 0x2166, 0x2124, 0x20a2, 0x20c2, 0x20c2,
0x18a2, 0x0020, 0x0000, 0x1061, 0x18a2, 0x1882, 0x0841, 0x0841, 0x10a2, 0x0841, 0x0841, 0x0000, 0x0821, 0x0821, 0x0861, 0x1082,
0x10a3, 0x10a3, 0x0841, 0x0000, 0x0000, 0x0000, 0x0021, 0x0042, 0x0042, 0x0883, 0x08c4, 0x0841, 0x0000, 0x0000, 0x0862, 0x0862,
0x0862, 0x0862, 0x0882, 0x0862, 0x0862, 0x0821, 0x0000, 0x0000, 0x0862, 0x0862, 0x0883, 0x0883, 0x0883, 0x08a3, 0x0882, 0x0020,
0x0000, 0x0000, 0x0020, 0x0820, 0x1861, 0x1861, 0x1861, 0x1041, 0x0000, 0x0041, 0x0862, 0x0862, 0x0820, 0x1061, 0x20a2, 0x20a2,
0x1041, 0x0021, 0x0842, 0x0862, 0x0862, 0x0862, 0x0862, 0x0862, 0x0862, 0x0041, 0x0862, 0x0862, 0x0021, 0x0861, 0x1925, 0x1146,
0x1926, 0x10a2, 0x0020, 0x0041, 0x0041, 0x0882, 0x10a2, 0x18e2, 0x18e2, 0x18c2, 0x0861, 0x0861, 0x0882, 0x0862, 0x0061, 0x0041,
0x0020, 0x1147, 0x1167, 0x1168, 0x1168, 0x1167, 0x1147, 0x10e4, 0x1082, 0x1062, 0x0841, 0x0820, 0x0820, 0x1041, 0x0841, 0x0000,
0x0021, 0x0821, 0x0000, 0x0000, 0x0020, 0x0000, 0x0021, 0x0041, 0x0021, 0x0021, 0x0042, 0x0042, 0x0042, 0x0042, 0x0042, 0x0042,
0x0000, 0x0000, 0x0020, 0x0000, 0x0862, 0x10a3, 0x10a3, 0x10a3, 
/* -275- */
0x2146, 0x2146, 0x2146, 0x2146, 0x2146, 0x2146, 0x2146, 0x2146, 0x2146, 0x2146, 0x2146, 0x2146, 0x2125, 0x2125, 0x2146, 0x2146,
0x2166, 0x2166, 0x2166, 0x2166, 0x2166, 0x2146, 0x2146, 0x2146, 0x2166, 0x2166, 0x2166, 0x2166, 0x2146, 0x2146, 0x2146, 0x2146,
0x2146, 0x2146, 0x2166, 0x2166, 0x2166, 0x2166, 0x2166, 0x2166, 0x2146, 0x1925, 0x2125, 0x2166, 0x2167, 0x2167, 0x2167, 0x2166,
0x2166, 0x2167, 0x2167, 0x2167, 0x2167, 0x2167, 0x2167, 0x2167, 0x2167, 0x2167, 0x2166, 0x2167, 0x2166, 0x2166, 0x2166, 0x2166,
0x2166, 0x2146, 0x0883, 0x0883, 0x08a3, 0x08a4, 0x08a4, 0x08a4, 0x0883, 0x08a3, 0x0883, 0x0083, 0x1925, 0x2166, 0x2966, 0x2966,
0x2966, 0x2145, 0x2125, 0x2146, 0x2125, 0x2125, 0x2125, 0x1904, 0x18e4, 0x2145, 0x2145, 0x2145, 0x2145, 0x2145, 0x2145, 0x2145,
0x2146, 0x2145, 0x2145, 0x2145, 0x2125, 0x2125, 0x2125, 0x2145, 0x2145, 0x2145, 0x2145, 0x2145, 0x2145, 0x2145, 0x2145, 0x2145,
0x2125, 0x2145, 0x2145, 0x2145, 0x2145, 0x2145, 0x1925, 0x1925, 0x1924, 0x1904, 0x1924, 0x10e4, 0x08a3, 0x08a3, 0x0883, 0x0020,
0x0000, 0x0041, 0x0062, 0x0063, 0x0083, 0x0083, 0x10c3, 0x2145, 0x2966, 0x2186, 0x2166, 0x2166, 0x2145, 0x20e3, 0x20c2, 0x20a2,
0x18a2, 0x1081, 0x0020, 0x0841, 0x1081, 0x1881, 0x18a2, 0x1061, 0x0841, 0x0841, 0x1041, 0x0000, 0x0841, 0x0021, 0x0841, 0x1082,
0x10a3, 0x10a3, 0x0862, 0x0841, 0x0000, 0x0000, 0x0001, 0x0041, 0x0042, 0x0883, 0x10e5, 0x0842, 0x0020, 0x0000, 0x0862, 0x0862,
0x0862, 0x0862, 0x0862, 0x0862, 0x0862, 0x0821, 0x0000, 0x0020, 0x0862, 0x0862, 0x0882, 0x0882, 0x0883, 0x0883, 0x0862, 0x0021,
0x0021, 0x0020, 0x0000, 0x0820, 0x1041, 0x1861, 0x1861, 0x1861, 0x1861, 0x0820, 0x0021, 0x0841, 0x0020, 0x1041, 0x1882, 0x1881,
0x0840, 0x0020, 0x0842, 0x0862, 0x0861, 0x0862, 0x0861, 0x0862, 0x0862, 0x0041, 0x0841, 0x0841, 0x0020, 0x0841, 0x18e4, 0x1925,
0x18e4, 0x10a2, 0x0020, 0x0041, 0x0042, 0x0861, 0x0861, 0x10a2, 0x18e2, 0x18e2, 0x0861, 0x0881, 0x0882, 0x0862, 0x0061, 0x0041,
0x0000, 0x1147, 0x1167, 0x1168, 0x1168, 0x1167, 0x1925, 0x18c4, 0x1082, 0x1082, 0x1061, 0x1041, 0x1061, 0x1061, 0x0841, 0x0000,
0x0841, 0x0021, 0x0021, 0x0021, 0x0021, 0x0000, 0x0020, 0x0021, 0x0021, 0x0041, 0x0042, 0x0041, 0x0042, 0x0042, 0x0042, 0x0042,
0x0000, 0x0020, 0x1040, 0x0820, 0x1082, 0x10a3, 0x10a3, 0x1083, 
/* -276- */
0x2146, 0x2146, 0x2146, 0x2166, 0x2166, 0x2146, 0x2146, 0x2146, 0x2146, 0x2146, 0x2146, 0x2146, 0x2146, 0x2146, 0x2146, 0x2146,
0x2166, 0x2166, 0x2166, 0x2146, 0x2146, 0x2146, 0x2146, 0x2146, 0x2166, 0x2166, 0x2166, 0x2166, 0x2166, 0x2166, 0x2166, 0x2166,
0x2166, 0x2166, 0x2166, 0x2166, 0x2166, 0x2166, 0x2166, 0x2166, 0x2166, 0x2166, 0x2146, 0x2166, 0x2167, 0x2167, 0x2167, 0x2167,
0x2166, 0x2167, 0x2167, 0x2167, 0x2167, 0x2166, 0x2166, 0x2166, 0x2166, 0x2166, 0x2166, 0x2166, 0x2166, 0x2166, 0x2166, 0x2166,
0x2166, 0x2146, 0x0883, 0x0883, 0x08a3, 0x08a4, 0x08a4, 0x08a4, 0x0884, 0x0883, 0x0883, 0x0883, 0x1905, 0x2146, 0x2966, 0x2166,
0x2966, 0x2125, 0x1904, 0x18e4, 0x1904, 0x1904, 0x1904, 0x1904, 0x1904, 0x2145, 0x2145, 0x2145, 0x2145, 0x2145, 0x2145, 0x2145,
0x2145, 0x2145, 0x2145, 0x2145, 0x2125, 0x2125, 0x2125, 0x2125, 0x2125, 0x2145, 0x2145, 0x2145, 0x2145, 0x2145, 0x2145, 0x2145,
0x2145, 0x2145, 0x2145, 0x2145, 0x2145, 0x2145, 0x18e4, 0x18e4, 0x18e4, 0x2125, 0x2125, 0x2125, 0x18e4, 0x18e4, 0x0883, 0x0041,
0x0000, 0x0020, 0x0062, 0x0083, 0x0083, 0x0083, 0x0883, 0x1924, 0x2965, 0x2165, 0x2166, 0x2186, 0x2186, 0x2966, 0x2124, 0x20c2,
0x20e3, 0x20e3, 0x1081, 0x0020, 0x0820, 0x18a2, 0x2103, 0x2103, 0x1082, 0x0841, 0x1041, 0x0000, 0x0841, 0x0021, 0x0841, 0x1082,
0x10c3, 0x10c4, 0x10a3, 0x0883, 0x0021, 0x0001, 0x0001, 0x0021, 0x0041, 0x0883, 0x10e5, 0x0842, 0x0000, 0x0000, 0x0862, 0x0862,
0x0862, 0x0862, 0x0862, 0x0882, 0x0862, 0x0821, 0x0000, 0x0020, 0x0862, 0x0862, 0x0862, 0x0862, 0x0882, 0x0882, 0x0862, 0x0021,
0x0841, 0x0841, 0x0000, 0x0000, 0x0820, 0x1061, 0x1861, 0x2061, 0x2061, 0x1861, 0x0820, 0x0020, 0x0020, 0x0841, 0x1861, 0x1881,
0x0840, 0x0000, 0x0041, 0x0861, 0x0881, 0x10a2, 0x0882, 0x0861, 0x0041, 0x0041, 0x0041, 0x0041, 0x0020, 0x0820, 0x18a2, 0x20c3,
0x1861, 0x1082, 0x0821, 0x0041, 0x0062, 0x0041, 0x0062, 0x0861, 0x10a2, 0x18e2, 0x10c2, 0x10c2, 0x0882, 0x0861, 0x0861, 0x0841,
0x0000, 0x1147, 0x1168, 0x1168, 0x1168, 0x1167, 0x1904, 0x1082, 0x0841, 0x0861, 0x0821, 0x1061, 0x1061, 0x1061, 0x0840, 0x0000,
0x0842, 0x0842, 0x0041, 0x0041, 0x0021, 0x0000, 0x0021, 0x0041, 0x0021, 0x0041, 0x0041, 0x0042, 0x0042, 0x0042, 0x0042, 0x0042,
0x0000, 0x0000, 0x1861, 0x1041, 0x1082, 0x1083, 0x10a3, 0x0882, 
/* -277- */
0x2166, 0x2146, 0x2166, 0x2166, 0x2166, 0x2166, 0x2166, 0x2166, 0x2146, 0x2146, 0x2146, 0x2146, 0x2146, 0x2146, 0x2146, 0x2146,
0x2166, 0x2146, 0x2166, 0x2146, 0x2146, 0x2146, 0x2166, 0x2146, 0x2146, 0x2166, 0x2166, 0x2166, 0x2166, 0x2166, 0x2166, 0x2166,
0x2166, 0x2166, 0x2146, 0x2166, 0x2166, 0x2166, 0x2166, 0x2166, 0x2167, 0x2167, 0x2166, 0x2166, 0x2166, 0x2167, 0x2167, 0x2167,
0x2167, 0x2166, 0x2166, 0x2166, 0x2166, 0x2166, 0x2166, 0x2166, 0x2166, 0x2166, 0x2166, 0x2166, 0x2166, 0x2166, 0x2166, 0x2166,
0x2166, 0x2146, 0x0083, 0x0883, 0x08a3, 0x08a3, 0x0883, 0x0883, 0x0883, 0x0884, 0x0884, 0x0883, 0x08a4, 0x08c4, 0x2145, 0x2166,
0x2166, 0x2145, 0x2125, 0x2125, 0x2145, 0x2145, 0x2145, 0x2166, 0x2165, 0x2145, 0x2145, 0x2145, 0x2145, 0x2145, 0x2125, 0x2124,
0x2145, 0x2145, 0x2145, 0x2145, 0x2145, 0x2145, 0x2145, 0x2166, 0x2145, 0x2145, 0x2125, 0x1904, 0x2125, 0x2145, 0x2145, 0x2145,
0x2145, 0x2145, 0x2145, 0x2145, 0x2145, 0x2145, 0x2125, 0x1904, 0x0882, 0x0862, 0x0862, 0x0862, 0x0882, 0x0882, 0x0062, 0x0062,
0x0021, 0x0000, 0x0042, 0x0083, 0x0083, 0x0083, 0x0883, 0x10e4, 0x2165, 0x2165, 0x2966, 0x2986, 0x2186, 0x2986, 0x2945, 0x20c3,
0x20e3, 0x20c2, 0x18c2, 0x0840, 0x0000, 0x1061, 0x2103, 0x2904, 0x20e3, 0x1061, 0x1041, 0x0000, 0x0841, 0x0020, 0x0841, 0x1082,
0x10c3, 0x10c4, 0x10c4, 0x0883, 0x0021, 0x0001, 0x0021, 0x0021, 0x0021, 0x0862, 0x10e5, 0x0882, 0x0020, 0x0000, 0x0862, 0x0862,
0x0862, 0x0862, 0x0862, 0x0862, 0x0862, 0x0021, 0x0000, 0x0020, 0x0862, 0x0862, 0x0862, 0x0862, 0x0862, 0x0862, 0x0862, 0x0021,
0x0841, 0x1062, 0x0841, 0x0000, 0x0000, 0x0841, 0x1861, 0x1861, 0x2061, 0x1861, 0x1861, 0x0820, 0x0000, 0x0820, 0x1861, 0x1861,
0x0820, 0x0020, 0x0041, 0x0061, 0x0861, 0x0881, 0x10a2, 0x0861, 0x0041, 0x0041, 0x0041, 0x0041, 0x0020, 0x0820, 0x18a2, 0x20c2,
0x1020, 0x1020, 0x0020, 0x0041, 0x0042, 0x0041, 0x0862, 0x0061, 0x0861, 0x10c2, 0x18e2, 0x10a2, 0x0861, 0x0862, 0x0862, 0x0841,
0x0020, 0x1147, 0x1168, 0x1168, 0x1168, 0x1167, 0x18e4, 0x1041, 0x0000, 0x0820, 0x0861, 0x1061, 0x1081, 0x1041, 0x0820, 0x0000,
0x0842, 0x0042, 0x0042, 0x0042, 0x0021, 0x0000, 0x0021, 0x0021, 0x0021, 0x0041, 0x0041, 0x0042, 0x0042, 0x0042, 0x0042, 0x0042,
0x0000, 0x0000, 0x1881, 0x1861, 0x1061, 0x0021, 0x1083, 0x1083, 
/* -278- */
0x2146, 0x2146, 0x2166, 0x2146, 0x2966, 0x2967, 0x2166, 0x2166, 0x2166, 0x2146, 0x2146, 0x2146, 0x2146, 0x2146, 0x2146, 0x2146,
0x2166, 0x2146, 0x2166, 0x2146, 0x2146, 0x2146, 0x2167, 0x2166, 0x2166, 0x2166, 0x2166, 0x2166, 0x2166, 0x2166, 0x2167, 0x2166,
0x2166, 0x2167, 0x2166, 0x2166, 0x2166, 0x2166, 0x2166, 0x2166, 0x2167, 0x2167, 0x2167, 0x2167, 0x2167, 0x2167, 0x2167, 0x2167,
0x2166, 0x2166, 0x2167, 0x2166, 0x2166, 0x2166, 0x2166, 0x2166, 0x2166, 0x2166, 0x2166, 0x2166, 0x2166, 0x2166, 0x2146, 0x2166,
0x2166, 0x2146, 0x0883, 0x0883, 0x08a4, 0x08a4, 0x0884, 0x0884, 0x0884, 0x08a4, 0x0084, 0x0083, 0x0083, 0x0083, 0x2125, 0x2166,
0x2166, 0x2166, 0x2166, 0x2145, 0x2966, 0x2145, 0x2165, 0x2165, 0x2166, 0x2165, 0x2145, 0x1904, 0x18e4, 0x1904, 0x1904, 0x2125,
0x2145, 0x2145, 0x2145, 0x2145, 0x2145, 0x2145, 0x2166, 0x2166, 0x2166, 0x2165, 0x2145, 0x2145, 0x2145, 0x2145, 0x2145, 0x2145,
0x2145, 0x2145, 0x2145, 0x2145, 0x2145, 0x2145, 0x2145, 0x2125, 0x1904, 0x1904, 0x1904, 0x18e4, 0x10a2, 0x10c3, 0x0862, 0x0062,
0x0062, 0x0000, 0x0021, 0x0062, 0x0083, 0x0063, 0x0063, 0x0862, 0x1082, 0x18a2, 0x20e3, 0x2945, 0x2186, 0x2966, 0x2103, 0x20c2,
0x20c2, 0x20a2, 0x18a2, 0x1061, 0x0000, 0x0020, 0x18a2, 0x28c3, 0x2903, 0x18a2, 0x0820, 0x0000, 0x0841, 0x0020, 0x0020, 0x1061,
0x10c3, 0x10c4, 0x10c4, 0x0883, 0x0021, 0x0001, 0x0001, 0x0001, 0x0001, 0x0021, 0x08a3, 0x0882, 0x0820, 0x0000, 0x0862, 0x0862,
0x0862, 0x0862, 0x0862, 0x0862, 0x0862, 0x0021, 0x0000, 0x0020, 0x0862, 0x0862, 0x0862, 0x0862, 0x0862, 0x0862, 0x0862, 0x0020,
0x0862, 0x1082, 0x1062, 0x0000, 0x0000, 0x0000, 0x1061, 0x1861, 0x1861, 0x2081, 0x2081, 0x1861, 0x0820, 0x0820, 0x1861, 0x1861,
0x0821, 0x0020, 0x0041, 0x0042, 0x0042, 0x0862, 0x0881, 0x08a2, 0x0861, 0x0041, 0x0041, 0x0041, 0x0020, 0x0841, 0x20e3, 0x18a2,
0x0820, 0x1020, 0x0000, 0x0041, 0x0042, 0x0862, 0x0861, 0x0061, 0x0041, 0x18c2, 0x18e3, 0x0861, 0x0862, 0x0862, 0x0862, 0x0841,
0x0000, 0x1147, 0x1168, 0x1168, 0x1148, 0x1147, 0x1904, 0x1041, 0x0800, 0x0820, 0x1082, 0x1082, 0x1082, 0x0820, 0x0820, 0x0000,
0x0842, 0x0862, 0x0042, 0x0042, 0x0042, 0x0021, 0x0021, 0x0041, 0x0021, 0x0041, 0x0041, 0x0042, 0x0042, 0x0042, 0x0042, 0x0041,
0x0000, 0x0020, 0x20c2, 0x18a2, 0x1062, 0x0020, 0x0841, 0x10a3, 
/* -279- */
0x2146, 0x2146, 0x2166, 0x2967, 0x2967, 0x2967, 0x2966, 0x2166, 0x2146, 0x2146, 0x2146, 0x2146, 0x2146, 0x2146, 0x2146, 0x2146,
0x2146, 0x2146, 0x2166, 0x2166, 0x2146, 0x2146, 0x2167, 0x2167, 0x2166, 0x2166, 0x2146, 0x18e4, 0x18e4, 0x2146, 0x2167, 0x2167,
0x2167, 0x2167, 0x2166, 0x2166, 0x2166, 0x2146, 0x2166, 0x2166, 0x2167, 0x2167, 0x2167, 0x2167, 0x2167, 0x2167, 0x2167, 0x2167,
0x2167, 0x2167, 0x2166, 0x2166, 0x2166, 0x2166, 0x2166, 0x2166, 0x2166, 0x2166, 0x2167, 0x2166, 0x2167, 0x2167, 0x2166, 0x2166,
0x2166, 0x2146, 0x0883, 0x0884, 0x0884, 0x08a4, 0x0884, 0x0884, 0x0884, 0x0884, 0x0884, 0x0083, 0x0083, 0x0083, 0x1925, 0x2146,
0x2166, 0x2146, 0x2145, 0x2145, 0x2146, 0x2146, 0x2145, 0x2166, 0x2145, 0x2145, 0x2145, 0x2145, 0x2145, 0x2145, 0x2145, 0x2145,
0x2145, 0x2145, 0x2145, 0x2145, 0x2145, 0x2145, 0x2166, 0x2166, 0x2966, 0x2166, 0x2145, 0x2145, 0x2145, 0x2145, 0x2145, 0x2145,
0x2145, 0x2145, 0x2145, 0x2145, 0x2145, 0x2145, 0x2145, 0x2125, 0x2125, 0x2125, 0x2145, 0x2125, 0x1904, 0x1925, 0x1925, 0x0883,
0x0062, 0x0021, 0x0000, 0x0062, 0x0083, 0x0083, 0x0083, 0x0062, 0x1082, 0x20c2, 0x20e3, 0x20e3, 0x2123, 0x2923, 0x20c2, 0x20a2,
0x20a2, 0x18a2, 0x20a2, 0x1882, 0x0820, 0x0000, 0x1061, 0x20c2, 0x28e3, 0x1882, 0x0000, 0x0000, 0x0841, 0x0020, 0x0820, 0x0841,
0x10a3, 0x10c4, 0x10c4, 0x0883, 0x0021, 0x0001, 0x0001, 0x0001, 0x0001, 0x0001, 0x08a3, 0x10a3, 0x0841, 0x0000, 0x0862, 0x0862,
0x0862, 0x0862, 0x0862, 0x0862, 0x0862, 0x0021, 0x0000, 0x0020, 0x0862, 0x0862, 0x0862, 0x0862, 0x0862, 0x0862, 0x0862, 0x0020,
0x0882, 0x1082, 0x0841, 0x0000, 0x0041, 0x0020, 0x0820, 0x1861, 0x2081, 0x2082, 0x2081, 0x1881, 0x0820, 0x0820, 0x1861, 0x1861,
0x0841, 0x0020, 0x0041, 0x0862, 0x0862, 0x0042, 0x0861, 0x10a1, 0x0881, 0x0041, 0x0041, 0x0041, 0x0020, 0x0861, 0x20e3, 0x20e3,
0x0820, 0x1020, 0x0000, 0x0841, 0x0042, 0x0862, 0x0862, 0x0861, 0x0041, 0x18c2, 0x1903, 0x0861, 0x0882, 0x0861, 0x0862, 0x0841,
0x0000, 0x1147, 0x1147, 0x1148, 0x1147, 0x1147, 0x1925, 0x1081, 0x0800, 0x1041, 0x1082, 0x1083, 0x1082, 0x1041, 0x0820, 0x0000,
0x0842, 0x0042, 0x0042, 0x0042, 0x0042, 0x0021, 0x0041, 0x0021, 0x0021, 0x0041, 0x0041, 0x0042, 0x0042, 0x0042, 0x0042, 0x0041,
0x0000, 0x0020, 0x20e3, 0x18c3, 0x18a2, 0x1082, 0x0862, 0x10a3, 
};


extern const arm_2d_tile_t c_tilebg_darkRGB565;
ARM_SECTION("arm2d.tile.c_tilebg_darkRGB565")
const arm_2d_tile_t c_tilebg_darkRGB565 = {
    .tRegion = {
        .tSize = {
            .iWidth = 280,
            .iHeight = 280,
        },
    },
    .tInfo = {
        .bIsRoot = true,
        .bHasEnforcedColour = true,
        .tColourInfo = {
            .chScheme = ARM_2D_COLOUR_RGB565,
        },
    },
    .phwBuffer = (uint16_t*)c_bmpbg_darkRGB565,
};




#if defined(__clang__)
#   pragma clang diagnostic pop
#elif defined(__IS_COMPILER_ARM_COMPILER_5__)
#   pragma diag_warning=1296
#endif


